event_id,start,end,duration_min,n_windows,score_max,peak_sensor,peak_sensor_score,active_sensors
SE_00001,2020-03-01 05:30:00,2020-03-01 05:35:00,5.0,1,0.9999999999996501,DV_pressure,21.017799401649604,TP2|TP3|H1|DV_pressure|Reservoirs|Motor_current
SE_00002,2020-03-01 05:50:00,2020-03-01 05:55:00,5.0,1,0.9999999999996501,H1,1.0762852404643455,TP3|H1|Reservoirs
SE_00003,2020-03-01 06:15:00,2020-03-01 06:55:00,40.0,4,1.017369308600339,H1,1.0630182421227201,TP3|H1|Reservoirs|Oil_temperature
SE_00004,2020-03-01 07:10:00,2020-03-01 07:15:00,5.0,1,1.0185497470489053,H1,1.0613598673300164,TP3|H1|Reservoirs|Oil_temperature
SE_00005,2020-03-01 07:30:00,2020-03-01 07:35:00,5.0,1,1.0592557169185,DV_pressure,350.7999999999475,TP3|H1|DV_pressure|Reservoirs|Oil_temperature
SE_00006,2020-03-01 07:50:00,2020-03-01 07:55:00,5.0,1,1.0271025423752524,H1,1.0679933665008283,TP3|H1|Reservoirs|Oil_temperature
SE_00007,2020-03-01 08:10:00,2020-03-01 08:15:00,5.0,1,1.042664418212481,H1,1.069651741293532,TP3|H1|Reservoirs|Oil_temperature
SE_00008,2020-03-01 08:30:00,2020-03-01 08:35:00,5.0,1,1.0359190556492426,H1,1.0746268656716418,TP3|H1|Reservoirs|Oil_temperature
SE_00009,2020-03-01 08:50:00,2020-03-01 08:55:00,5.0,1,1.0225969645868478,H1,1.0580431177446106,TP3|H1|Reservoirs|Oil_temperature
SE_00010,2020-03-01 09:10:00,2020-03-01 09:15:00,5.0,1,1.0595278246205744,TP2,3.5019590166775942,TP2|TP3|H1|DV_pressure|Reservoirs|Oil_temperature
SE_00011,2020-03-01 09:30:00,2020-03-01 09:35:00,5.0,1,1.0300697188593289,H1,1.0713101160862357,TP3|H1|Reservoirs|Oil_temperature
SE_00012,2020-03-01 09:50:00,2020-03-01 09:55:00,5.0,1,1.0699831365935935,Oil_temperature,1.086003372681283,TP3|H1|Reservoirs|Oil_temperature
SE_00013,2020-03-01 10:10:00,2020-03-01 10:15:00,5.0,1,1.0607082630691422,TP2,3.4846225859019646,TP2|TP3|H1|DV_pressure|Reservoirs|Oil_temperature
SE_00014,2020-03-01 10:30:00,2020-03-01 10:35:00,5.0,1,1.0674536256323788,Oil_temperature,1.0809443507588545,TP3|H1|Reservoirs|Oil_temperature
SE_00015,2020-03-01 10:50:00,2020-03-01 10:55:00,5.0,1,1.050927487352447,H1,1.0746268656716418,TP3|H1|Reservoirs|Oil_temperature
SE_00016,2020-03-01 11:10:00,2020-03-01 11:15:00,5.0,1,1.061045531197304,Oil_temperature,1.0674536256323788,TP3|H1|Reservoirs|Oil_temperature
SE_00017,2020-03-01 11:30:00,2020-03-01 11:35:00,5.0,1,1.0831365935919073,DV_pressure,20.39829560907762,TP2|TP3|H1|DV_pressure|Reservoirs|Oil_temperature|Motor_current
SE_00018,2020-03-01 11:50:00,2020-03-01 11:55:00,5.0,1,1.0630691399662742,TP2,3.892028709129306,TP2|TP3|H1|DV_pressure|Reservoirs|Oil_temperature
SE_00019,2020-03-01 12:10:00,2020-03-01 12:15:00,5.0,1,1.075885328836426,TP2,4.498803786276417,TP2|TP3|H1|DV_pressure|Reservoirs|Oil_temperature
SE_00020,2020-03-01 12:30:00,2020-03-01 12:35:00,5.0,1,1.0910623946037115,Oil_temperature,1.1146711635750444,TP3|H1|Reservoirs|Oil_temperature
SE_00021,2020-03-01 12:50:00,2020-03-01 12:55:00,5.0,1,1.0910623946037115,Oil_temperature,1.1011804384485686,TP3|H1|Reservoirs|Oil_temperature
SE_00022,2020-03-01 13:10:00,2020-03-01 13:15:00,5.0,1,1.1011804384485686,Oil_temperature,1.107925801011806,TP3|H1|Reservoirs|Oil_temperature
SE_00023,2020-03-01 13:30:00,2020-03-01 14:50:00,80.0,8,1.1018549747048925,TP2,45.63815401685035,TP2|TP3|H1|DV_pressure|Reservoirs|Oil_temperature|Motor_current
SE_00024,2020-03-01 15:05:00,2020-03-01 15:10:00,5.0,1,1.0728499156829692,DV_pressure,25.65652292163985,TP2|TP3|H1|DV_pressure|Reservoirs|Oil_temperature|Motor_current
SE_00025,2020-03-01 15:25:00,2020-03-01 15:30:00,5.0,1,1.0726812816188882,Oil_temperature,1.086003372681283,TP3|H1|Reservoirs|Oil_temperature
SE_00026,2020-03-01 15:45:00,2020-03-01 15:50:00,5.0,1,1.0893760539629018,TP2,3.1118893242258827,TP2|TP3|H1|DV_pressure|Reservoirs|Oil_temperature
SE_00027,2020-03-01 16:05:00,2020-03-01 16:10:00,5.0,1,1.0676222596964597,H1,1.087893864013267,TP3|H1|Reservoirs|Oil_temperature
SE_00028,2020-03-01 16:25:00,2020-03-01 18:45:00,140.0,14,1.0809443507588545,DV_pressure,396.1999999999406,TP2|TP3|H1|DV_pressure|Reservoirs|Oil_temperature|Motor_current
SE_00029,2020-03-01 19:20:00,2020-03-01 19:25:00,5.0,1,1.0016863406408107,H1,1.0580431177446106,TP3|H1|Reservoirs|Oil_temperature
SE_00030,2020-03-01 19:40:00,2020-03-01 19:45:00,5.0,1,1.0069139966273202,H1,1.0679933665008283,TP3|H1|Reservoirs|Oil_temperature
SE_00031,2020-03-01 20:00:00,2020-03-01 20:05:00,5.0,1,0.9964419051454372,H1,1.0829187396351574,TP2|TP3|H1|Reservoirs
SE_00032,2020-03-01 20:20:00,2020-03-01 20:25:00,5.0,1,1.009106239460372,H1,1.0679933665008283,TP3|H1|Reservoirs|Oil_temperature
SE_00033,2020-03-01 21:00:00,2020-03-01 21:05:00,5.0,1,0.9999999999996501,H1,1.0663349917081262,TP3|H1|Reservoirs|Oil_temperature
SE_00034,2020-03-01 21:20:00,2020-03-01 21:25:00,5.0,1,0.9966273187183823,H1,1.0796019900497513,TP3|H1|Reservoirs
SE_00035,2020-03-01 21:40:00,2020-03-01 21:45:00,5.0,1,1.0116086235489214,DV_pressure,8.310416729624224,TP2|TP3|H1|DV_pressure|Reservoirs|Oil_temperature
SE_00036,2020-03-01 22:00:00,2020-03-01 22:05:00,5.0,1,1.0153456998313675,DV_pressure,27.43948505635923,TP2|TP3|H1|DV_pressure|Reservoirs|Oil_temperature|Motor_current
SE_00037,2020-03-01 22:20:00,2020-03-01 22:25:00,5.0,1,1.0068133195741356,H1,1.072968490878938,TP3|H1|Reservoirs|Oil_temperature
SE_00038,2020-03-01 22:40:00,2020-03-01 22:45:00,5.0,1,1.0053962900505915,H1,1.072968490878938,TP3|H1|Reservoirs|Oil_temperature
SE_00039,2020-03-01 23:20:00,2020-03-01 23:25:00,5.0,1,1.0023468939730813,TP2,3.8486876321902357,TP2|TP3|H1|DV_pressure|Reservoirs|Oil_temperature
SE_00040,2020-03-01 23:40:00,2020-03-02 00:05:00,25.0,3,1.0225969645868478,DV_pressure,15.019189507720847,TP2|TP3|H1|DV_pressure|Reservoirs|Oil_temperature
SE_00041,2020-03-02 00:40:00,2020-03-02 02:00:00,80.0,8,3.8995438269486016,DV_pressure,209.5999999999686,TP2|TP3|H1|DV_pressure|Reservoirs|Oil_temperature|Motor_current
SE_00042,2020-03-02 02:15:00,2020-03-02 02:20:00,5.0,1,1.020404721753796,DV_pressure,23.616693360732093,TP2|TP3|H1|DV_pressure|Reservoirs|Oil_temperature|Motor_current
SE_00043,2020-03-02 02:35:00,2020-03-02 02:40:00,5.0,1,1.0069000137032669,TP2,4.611490586318022,TP2|TP3|H1|DV_pressure|Reservoirs|Oil_temperature
SE_00044,2020-03-02 02:55:00,2020-03-02 03:00:00,5.0,1,1.021922428330524,TP2,45.91553690926045,TP2|TP3|H1|Reservoirs|Oil_temperature|Motor_current
SE_00045,2020-03-02 03:15:00,2020-03-02 03:40:00,25.0,3,1.0443507588532888,DV_pressure,18.146928167779425,TP2|TP3|H1|DV_pressure|Reservoirs|Oil_temperature
SE_00046,2020-03-02 04:35:00,2020-03-02 04:40:00,5.0,1,0.9950248756218903,H1,1.0713101160862357,TP3|H1|Reservoirs|Oil_temperature
SE_00047,2020-03-02 05:10:00,2020-03-02 05:15:00,5.0,1,1.0269814502529524,H1,1.0630182421227201,TP3|H1|Reservoirs|Oil_temperature
SE_00048,2020-03-02 06:25:00,2020-03-02 06:30:00,5.0,1,1.0003316749582256,DV_pressure,23.677132755129357,TP2|TP3|H1|DV_pressure|Reservoirs|Motor_current
SE_00049,2020-03-02 07:20:00,2020-03-02 09:10:00,110.0,12,1.1792580101180459,TP2,45.95887798619953,TP2|TP3|H1|DV_pressure|Reservoirs|Oil_temperature|Motor_current
SE_00050,2020-03-02 09:25:00,2020-03-02 10:40:00,75.0,10,1.1539629005059038,DV_pressure,43.39999999999359,TP2|TP3|H1|DV_pressure|Reservoirs|Oil_temperature|Motor_current
SE_00051,2020-03-02 10:55:00,2020-03-02 11:00:00,5.0,1,1.042158516020238,Oil_temperature,1.0623946037099503,TP3|H1|Reservoirs|Oil_temperature
SE_00052,2020-03-02 11:15:00,2020-03-02 11:20:00,5.0,1,1.0232715008431719,Oil_temperature,1.0944350758853303,TP3|H1|Reservoirs|Oil_temperature
SE_00053,2020-03-02 11:35:00,2020-03-02 12:45:00,70.0,10,1.1514021619091432,DV_pressure,9.504094768970244,TP2|TP3|H1|DV_pressure|Reservoirs|Oil_temperature
SE_00054,2020-03-02 13:00:00,2020-03-02 13:20:00,20.0,2,1.1305227655986518,DV_pressure,431.39999999993535,TP2|TP3|H1|DV_pressure|Reservoirs|Oil_temperature
SE_00055,2020-03-02 13:35:00,2020-03-02 14:50:00,75.0,10,1.1770657672849936,DV_pressure,375.79999999994374,TP2|TP3|H1|DV_pressure|Reservoirs|Oil_temperature|Motor_current
SE_00056,2020-03-02 15:05:00,2020-03-02 15:25:00,20.0,2,1.1335581787521105,Oil_temperature,1.1585160202360893,TP3|H1|Reservoirs|Oil_temperature
SE_00057,2020-03-02 15:40:00,2020-03-02 15:45:00,5.0,1,1.1770657672849936,Oil_temperature,1.2023608768971343,TP3|H1|Reservoirs|Oil_temperature
SE_00058,2020-03-02 16:20:00,2020-03-02 20:35:00,255.0,31,1.2028667790893772,TP2,45.95887798619953,TP2|TP3|H1|DV_pressure|Reservoirs|Oil_temperature|Motor_current
SE_00059,2020-03-03 02:55:00,2020-03-03 03:00:00,5.0,1,1.2487483530961792,TP3,1.603425559947298,TP3|H1|DV_pressure|Reservoirs
SE_00060,2020-03-03 03:15:00,2020-03-03 03:20:00,5.0,1,0.9999999999996501,DV_pressure,0.9999999999996501,
SE_00061,2020-03-03 04:00:00,2020-03-03 04:05:00,5.0,1,0.9999999999996501,H1,1.0646766169154225,TP3|H1|Reservoirs|Oil_temperature
SE_00062,2020-03-03 04:40:00,2020-03-03 04:45:00,5.0,1,1.0050590219224296,DV_pressure,18.056269076183522,TP2|TP3|H1|DV_pressure|Reservoirs|Oil_temperature|Motor_current
SE_00063,2020-03-03 05:00:00,2020-03-03 05:05:00,5.0,1,1.020236087689715,H1,1.0530679933665008,TP3|H1|Reservoirs|Oil_temperature
SE_00064,2020-03-03 05:20:00,2020-03-03 05:25:00,5.0,1,1.0165837479270312,DV_pressure,12.374966002840432,TP2|TP3|H1|DV_pressure|Reservoirs|Oil_temperature
SE_00065,2020-03-03 05:40:00,2020-03-03 07:05:00,85.0,9,1.1504215851602038,DV_pressure,19.839231210902906,TP2|TP3|H1|DV_pressure|Reservoirs|Oil_temperature|Motor_current
SE_00066,2020-03-03 07:20:00,2020-03-03 07:55:00,35.0,4,1.109612141652616,Oil_temperature,1.1686340640809465,TP3|H1|Reservoirs|Oil_temperature
SE_00067,2020-03-03 08:10:00,2020-03-03 09:05:00,55.0,6,1.1605083313036397,TP2,38.56489026039262,TP2|TP3|H1|DV_pressure|Reservoirs|Oil_temperature|Motor_current
SE_00068,2020-03-03 09:20:00,2020-03-03 09:55:00,35.0,3,1.1214165261382822,TP2,45.65549044762598,TP2|TP3|H1|DV_pressure|Reservoirs|Oil_temperature|Motor_current
SE_00069,2020-03-03 10:10:00,2020-03-03 10:15:00,5.0,1,1.0101180438448578,H1,1.072968490878938,TP3|H1|Reservoirs|Oil_temperature
SE_00070,2020-03-03 12:15:00,2020-03-03 14:35:00,140.0,15,1.1524451939291753,DV_pressure,14.475234958145453,TP2|TP3|H1|DV_pressure|Reservoirs|Oil_temperature
SE_00071,2020-03-03 14:55:00,2020-03-03 15:00:00,5.0,1,0.9966273187183823,Oil_temperature,1.086003372681283,TP3|H1|Reservoirs|Oil_temperature
SE_00072,2020-03-03 15:30:00,2020-03-03 16:40:00,70.0,8,1.2386172006745382,DV_pressure,49.9999999999925,TP2|TP3|H1|DV_pressure|Reservoirs|Oil_temperature
SE_00073,2020-03-03 17:05:00,2020-03-03 17:30:00,25.0,3,1.0829679595278259,DV_pressure,29.46420476866767,TP2|TP3|H1|DV_pressure|Reservoirs|Oil_temperature|Motor_current
SE_00074,2020-03-03 18:15:00,2020-03-03 19:00:00,45.0,5,1.125126475548063,TP2,1.6209562775215622,TP2|TP3|H1|DV_pressure|Reservoirs|Oil_temperature
SE_00075,2020-03-03 19:25:00,2020-03-03 19:30:00,5.0,1,1.0142620232172466,DV_pressure,29.313106282674504,TP2|TP3|H1|DV_pressure|Reservoirs|Motor_current
SE_00076,2020-03-03 19:55:00,2020-03-03 20:00:00,5.0,1,1.002155887230514,DV_pressure,9.15656825118595,TP2|TP3|H1|DV_pressure|Reservoirs
SE_00077,2020-03-03 20:45:00,2020-03-03 21:25:00,40.0,5,1.1021922428330542,TP2,45.802850109218845,TP2|TP3|H1|DV_pressure|Reservoirs|Oil_temperature|Motor_current
SE_00078,2020-03-03 21:40:00,2020-03-04 00:25:00,165.0,21,1.1554806070826324,TP2,45.97621441697516,TP2|TP3|H1|DV_pressure|Reservoirs|Oil_temperature|Motor_current
SE_00079,2020-03-04 00:40:00,2020-03-04 01:25:00,45.0,5,1.1740303541315367,TP2,4.134738739988154,TP2|TP3|H1|DV_pressure|Reservoirs|Oil_temperature
SE_00080,2020-03-04 01:40:00,2020-03-04 01:45:00,5.0,1,1.048735244519395,DV_pressure,339.1999999999491,TP3|H1|DV_pressure|Reservoirs|Oil_temperature
SE_00081,2020-03-04 02:50:00,2020-03-04 02:55:00,5.0,1,1.0084317032040482,H1,1.0762852404643455,TP3|H1|Reservoirs|Oil_temperature
SE_00082,2020-03-04 03:30:00,2020-03-04 03:35:00,5.0,1,1.0,DV_pressure,6.16481822852124,TP2|TP3|H1|DV_pressure|Reservoirs
SE_00083,2020-03-04 03:50:00,2020-03-04 04:20:00,30.0,4,1.0559865092748755,Oil_temperature,1.0792580101180456,TP3|H1|Reservoirs|Oil_temperature
SE_00084,2020-03-04 04:35:00,2020-03-04 04:40:00,5.0,1,1.0224283305227668,DV_pressure,8.884590976398265,TP2|TP3|H1|DV_pressure|Reservoirs|Oil_temperature
SE_00085,2020-03-04 05:00:00,2020-03-04 05:05:00,5.0,1,1.056220303765044,DV_pressure,27.847450968540773,TP2|TP3|H1|DV_pressure|Reservoirs|Oil_temperature|Motor_current
SE_00086,2020-03-04 05:25:00,2020-03-04 05:30:00,5.0,1,1.005970149253731,TP2,35.15828161298101,TP2|TP3|H1|DV_pressure|Reservoirs|Motor_current
SE_00087,2020-03-04 05:55:00,2020-03-04 06:00:00,5.0,1,1.0026533996683251,DV_pressure,22.151038046598366,TP2|TP3|H1|DV_pressure|Reservoirs|Motor_current
SE_00088,2020-03-04 06:20:00,2020-03-04 06:25:00,5.0,1,0.9971807628524044,DV_pressure,5.439545495754035,TP2|TP3|H1|DV_pressure|Reservoirs
SE_00089,2020-03-04 06:50:00,2020-03-04 06:55:00,5.0,1,1.0049751243781095,DV_pressure,7.509594753860424,TP2|TP3|H1|DV_pressure|Reservoirs
SE_00090,2020-03-04 07:10:00,2020-03-04 07:20:00,10.0,2,1.0225825344907602,H1,1.0779436152570476,TP3|H1|Reservoirs|Oil_temperature
SE_00091,2020-03-04 08:10:00,2020-03-04 08:30:00,20.0,2,1.0711635750421593,DV_pressure,11.105738720497817,TP2|TP3|H1|DV_pressure|Reservoirs|Oil_temperature
SE_00092,2020-03-04 08:45:00,2020-03-04 09:00:00,15.0,2,1.0623946037099503,Oil_temperature,1.1551433389544707,TP3|H1|Reservoirs|Oil_temperature
SE_00093,2020-03-04 09:15:00,2020-03-04 09:35:00,20.0,3,1.1433389544688037,DV_pressure,25.580973678643268,TP2|TP3|H1|DV_pressure|Reservoirs|Oil_temperature|Motor_current
SE_00094,2020-03-04 10:00:00,2020-03-04 10:05:00,5.0,1,1.0038142620232164,DV_pressure,8.265087183826271,TP2|TP3|H1|DV_pressure|Reservoirs
SE_00095,2020-03-04 10:25:00,2020-03-04 11:15:00,50.0,6,1.11753794266442,DV_pressure,29.660632800458796,TP2|TP3|H1|DV_pressure|Reservoirs|Oil_temperature|Motor_current
SE_00096,2020-03-04 11:40:00,2020-03-04 11:45:00,5.0,1,1.0252072968490882,H1,1.101160862354892,TP3|H1|Reservoirs
SE_00097,2020-03-04 12:10:00,2020-03-04 12:15:00,5.0,1,1.0019900497512437,H1,1.0746268656716418,TP3|H1|Reservoirs
SE_00098,2020-03-04 14:05:00,2020-03-04 14:25:00,20.0,2,1.0438448566610459,DV_pressure,10.909310688706702,TP2|TP3|H1|DV_pressure|Reservoirs|Oil_temperature
SE_00099,2020-03-04 14:40:00,2020-03-04 17:50:00,190.0,18,1.2902529510960967,TP2,37.50736798307909,TP2|TP3|H1|DV_pressure|Reservoirs|Oil_temperature|Motor_current
SE_00100,2020-03-04 18:05:00,2020-03-04 19:50:00,105.0,13,1.13524451939292,TP2,43.56645053916236,TP2|TP3|H1|DV_pressure|Reservoirs|Oil_temperature|Motor_current
SE_00101,2020-03-04 20:05:00,2020-03-04 20:40:00,35.0,4,1.1551433389544707,DV_pressure,16.303526638662788,TP2|TP3|H1|DV_pressure|Reservoirs|Oil_temperature
SE_00102,2020-03-04 20:55:00,2020-03-04 21:00:00,5.0,1,1.0876897133220929,Oil_temperature,1.2124789207419915,TP3|H1|Reservoirs|Oil_temperature
SE_00103,2020-03-04 21:15:00,2020-03-04 21:20:00,5.0,1,1.1472175379426657,Oil_temperature,1.2225969645868484,TP3|H1|Reservoirs|Oil_temperature
SE_00104,2020-03-04 21:35:00,2020-03-04 21:40:00,5.0,1,1.0203683661512575,DV_pressure,14.460125109546142,TP2|TP3|H1|DV_pressure|Reservoirs|Oil_temperature
SE_00105,2020-03-04 21:55:00,2020-03-04 22:00:00,5.0,1,1.0215588723051412,TP2,34.08342290489185,TP2|TP3|H1|DV_pressure|Reservoirs|Motor_current
SE_00106,2020-03-04 23:25:00,2020-03-04 23:30:00,5.0,1,1.0033726812816215,H1,1.0630182421227201,TP3|H1|Reservoirs|Oil_temperature
SE_00107,2020-03-05 00:00:00,2020-03-05 00:10:00,10.0,2,26.199999999996102,DV_pressure,26.79999999999604,TP2|TP3|H1|DV_pressure|Reservoirs|Oil_temperature|Motor_current
SE_00108,2020-03-05 00:25:00,2020-03-05 00:30:00,5.0,1,1.0303541315345712,H1,1.0796019900497513,TP3|H1|Reservoirs|Oil_temperature
SE_00109,2020-03-05 00:45:00,2020-03-05 00:50:00,5.0,1,1.010118043844858,TP2,32.59248985818752,TP2|TP3|H1|DV_pressure|Reservoirs|Oil_temperature|Motor_current
SE_00110,2020-03-05 01:05:00,2020-03-05 01:25:00,20.0,2,1.0286677908937623,DV_pressure,17.466984980810174,TP2|TP3|H1|DV_pressure|Reservoirs|Oil_temperature
SE_00111,2020-03-05 01:40:00,2020-03-05 01:45:00,5.0,1,1.0168634064080964,H1,1.0796019900497513,TP3|H1|Reservoirs|Oil_temperature
SE_00112,2020-03-05 02:00:00,2020-03-05 02:05:00,5.0,1,1.0050590219224296,H1,1.0713101160862357,TP3|H1|Reservoirs|Oil_temperature
SE_00113,2020-03-05 02:20:00,2020-03-05 02:45:00,25.0,3,1.0016863406408107,DV_pressure,15.124958447916073,TP2|TP3|H1|DV_pressure|Reservoirs|Oil_temperature
SE_00114,2020-03-05 04:10:00,2020-03-05 05:05:00,55.0,7,61.39999999999086,DV_pressure,199.39999999997008,TP3|H1|DV_pressure|Reservoirs|Oil_temperature
SE_00115,2020-03-05 06:15:00,2020-03-05 06:40:00,25.0,3,1.0556492411467138,TP2,1.8723345237682203,TP2|TP3|H1|DV_pressure|Reservoirs|Oil_temperature
SE_00116,2020-03-05 06:55:00,2020-03-05 07:00:00,5.0,1,1.0,Motor_current,1.3728287841191071,TP3|H1|Reservoirs|Motor_current
SE_00117,2020-03-05 07:15:00,2020-03-05 09:20:00,125.0,17,29.419999999995614,DV_pressure,373.1999999999441,TP2|TP3|H1|DV_pressure|Reservoirs|Oil_temperature
SE_00118,2020-03-05 09:35:00,2020-03-05 10:45:00,70.0,10,58.19999999999134,DV_pressure,84.19999999998743,TP2|TP3|H1|DV_pressure|Reservoirs|Oil_temperature|Motor_current
SE_00119,2020-03-05 11:00:00,2020-03-05 11:05:00,5.0,1,1.0708263069139974,Oil_temperature,1.0826306913996644,TP3|H1|Reservoirs|Oil_temperature
SE_00120,2020-03-05 11:40:00,2020-03-05 12:40:00,60.0,8,1.1870151770657698,DV_pressure,7.64558339125428,TP2|TP3|H1|DV_pressure|Reservoirs|Oil_temperature
SE_00121,2020-03-05 12:55:00,2020-03-05 13:05:00,10.0,2,1.1551433389544707,DV_pressure,154.99999999997684,TP3|H1|DV_pressure|Reservoirs|Oil_temperature
SE_00122,2020-03-05 13:20:00,2020-03-05 15:05:00,105.0,15,1.1942664418212499,DV_pressure,36.5205040645486,TP2|TP3|H1|DV_pressure|Reservoirs|Oil_temperature|Motor_current
SE_00123,2020-03-05 15:20:00,2020-03-05 17:45:00,145.0,19,1.1787521079258025,DV_pressure,33.785621468072264,TP2|TP3|H1|DV_pressure|Reservoirs|Oil_temperature|Motor_current
SE_00124,2020-03-05 18:00:00,2020-03-05 18:30:00,30.0,4,1.1777010473229519,DV_pressure,13.115348584206945,TP2|TP3|H1|DV_pressure|Reservoirs|Oil_temperature
SE_00125,2020-03-05 19:30:00,2020-03-05 19:35:00,5.0,1,1.0033167495854058,DV_pressure,7.9999999999989715,TP3|H1|DV_pressure|Reservoirs
SE_00126,2020-03-05 20:40:00,2020-03-05 20:45:00,5.0,1,0.9970361883967366,H1,1.0762852404643455,TP2|TP3|H1|Reservoirs
SE_00127,2020-03-05 21:25:00,2020-03-05 21:30:00,5.0,1,0.9983416252072963,TP2,2.4704413855275127,TP2|TP3|H1|DV_pressure|Reservoirs
SE_00128,2020-03-06 02:25:00,2020-03-06 02:30:00,5.0,1,1.0646766169154225,TP3,1.2437417654808953,TP3|H1|Reservoirs
SE_00129,2020-03-06 03:50:00,2020-03-06 03:55:00,5.0,1,1.0032040472175394,H1,1.0597014925373127,TP3|H1|Reservoirs|Oil_temperature
SE_00130,2020-03-06 04:45:00,2020-03-06 05:40:00,55.0,5,1.0581787521079278,DV_pressure,359.1999999999462,TP2|TP3|H1|DV_pressure|Reservoirs|Oil_temperature|Motor_current
SE_00131,2020-03-06 06:05:00,2020-03-06 07:55:00,110.0,13,1.1777010473229519,DV_pressure,13.90106071137141,TP2|TP3|H1|DV_pressure|Reservoirs|Oil_temperature
SE_00132,2020-03-06 08:10:00,2020-03-06 08:30:00,20.0,2,1.1074198988195634,TP2,3.2159079088796765,TP2|TP3|H1|DV_pressure|Reservoirs|Oil_temperature
SE_00133,2020-03-06 08:45:00,2020-03-06 11:00:00,135.0,17,25.03999999999637,DV_pressure,41.99999999999386,TP2|TP3|H1|DV_pressure|Reservoirs|Oil_temperature
SE_00134,2020-03-06 13:10:00,2020-03-06 13:15:00,5.0,1,1.0348258706467661,H1,1.0762852404643455,TP3|H1|Reservoirs|Oil_temperature
SE_00135,2020-03-06 13:30:00,2020-03-06 13:35:00,5.0,1,1.025969645868467,TP2,6.397142956208086,TP2|TP3|H1|DV_pressure|Reservoirs|Oil_temperature
SE_00136,2020-03-06 13:50:00,2020-03-06 14:30:00,40.0,4,1.0556492411467138,H1,1.0796019900497513,TP3|H1|Reservoirs|Oil_temperature
SE_00137,2020-03-06 14:45:00,2020-03-06 14:50:00,5.0,1,1.0809443507588545,Oil_temperature,1.1332209106239486,TP3|H1|Reservoirs|Oil_temperature
SE_00138,2020-03-06 15:05:00,2020-03-06 15:25:00,20.0,2,1.161888701517708,DV_pressure,26.81998126378724,TP2|TP3|H1|DV_pressure|Reservoirs|Oil_temperature|Motor_current
SE_00139,2020-03-06 15:40:00,2020-03-06 15:45:00,5.0,1,1.053962900505903,DV_pressure,10.652443262518313,TP2|TP3|H1|DV_pressure|Reservoirs|Oil_temperature
SE_00140,2020-03-06 16:00:00,2020-03-06 17:15:00,75.0,11,1.59999999999994,DV_pressure,539.7999999999192,TP2|TP3|H1|DV_pressure|Reservoirs|Oil_temperature|Motor_current
SE_00141,2020-03-06 17:30:00,2020-03-06 18:05:00,35.0,5,35.6199999999948,DV_pressure,36.599999999994466,TP3|H1|DV_pressure|Reservoirs|Oil_temperature
SE_00142,2020-03-06 18:20:00,2020-03-06 20:45:00,145.0,20,29.19999999999577,DV_pressure,325.3999999999514,TP2|TP3|H1|DV_pressure|Reservoirs|Oil_temperature|Motor_current
SE_00143,2020-03-06 21:00:00,2020-03-07 01:35:00,275.0,38,70.61999999998939,DV_pressure,72.5999999999892,TP2|TP3|H1|DV_pressure|Reservoirs|Oil_temperature|Motor_current
SE_00144,2020-03-07 02:05:00,2020-03-07 02:10:00,5.0,1,1.0708746878312212,Oil_temperature,1.1011804384485686,TP3|H1|Reservoirs|Oil_temperature
SE_00145,2020-03-07 18:05:00,2020-03-07 18:15:00,10.0,2,3.693675889328062,TP3,3.8616600790513815,TP3|H1|Reservoirs
SE_00146,2020-03-07 19:15:00,2020-03-07 20:10:00,55.0,5,17.419999999997415,DV_pressure,60.79999999999093,TP2|TP3|H1|DV_pressure|Reservoirs|Oil_temperature
SE_00147,2020-03-07 20:25:00,2020-03-07 20:40:00,15.0,2,1.0996627318718397,TP2,2.6438056932838254,TP2|TP3|H1|DV_pressure|Reservoirs|Oil_temperature
SE_00148,2020-03-07 22:20:00,2020-03-07 22:25:00,5.0,1,0.9970149253731341,DV_pressure,6.48212504910689,TP2|TP3|H1|DV_pressure|Reservoirs
SE_00149,2020-03-07 22:40:00,2020-03-07 22:45:00,5.0,1,1.015397286498158,H1,1.084577114427861,TP3|H1|Reservoirs|Oil_temperature
SE_00150,2020-03-07 23:00:00,2020-03-07 23:05:00,5.0,1,1.0274342173337931,DV_pressure,426.19999999993615,TP3|H1|DV_pressure|Reservoirs|Oil_temperature
SE_00151,2020-03-07 23:40:00,2020-03-07 23:50:00,10.0,2,20.999999999996913,DV_pressure,34.59999999999481,TP3|H1|DV_pressure|Reservoirs
SE_00152,2020-03-08 01:55:00,2020-03-08 02:00:00,5.0,1,1.0014925373134327,DV_pressure,15.57825390589558,TP2|TP3|H1|DV_pressure|Reservoirs
SE_00153,2020-03-08 02:40:00,2020-03-08 02:45:00,5.0,1,0.994029850746233,H1,1.0646766169154225,TP3|H1|Reservoirs
SE_00154,2020-03-08 08:15:00,2020-03-08 08:20:00,5.0,1,0.9975759447852524,TP2,37.9494469678577,TP2|TP3|H1|DV_pressure|Reservoirs|Motor_current
SE_00155,2020-03-08 09:00:00,2020-03-08 09:05:00,5.0,1,6.79999999999911,DV_pressure,11.1999999999985,TP3|H1|DV_pressure|Reservoirs
SE_00156,2020-03-08 11:40:00,2020-03-08 11:45:00,5.0,1,1.0016583747923882,TP2,33.44197496619348,TP2|TP3|H1|DV_pressure|Reservoirs|Motor_current
SE_00157,2020-03-08 14:10:00,2020-03-08 14:30:00,20.0,2,1.0482293423271507,TP2,4.698172740196178,TP2|TP3|H1|DV_pressure|Reservoirs|Oil_temperature
SE_00158,2020-03-08 14:45:00,2020-03-08 15:05:00,20.0,2,1.039291736930862,DV_pressure,24.38729563929725,TP2|TP3|H1|DV_pressure|Reservoirs|Oil_temperature|Motor_current
SE_00159,2020-03-08 15:20:00,2020-03-08 15:25:00,5.0,1,1.017875210792582,DV_pressure,11.135958417696447,TP2|TP3|H1|DV_pressure|Reservoirs|Oil_temperature
SE_00160,2020-03-08 15:40:00,2020-03-08 16:00:00,20.0,2,1.19999999999986,DV_pressure,24.99999999999624,TP3|H1|DV_pressure|Reservoirs|Oil_temperature
SE_00161,2020-03-08 16:20:00,2020-03-08 16:25:00,5.0,1,0.9956155143338963,Oil_temperature,1.0067453625632392,Oil_temperature
SE_00162,2020-03-08 16:55:00,2020-03-08 17:00:00,5.0,1,0.9955223880597013,H1,1.0646766169154225,TP3|H1|Reservoirs
SE_00163,2020-03-08 19:05:00,2020-03-08 19:10:00,5.0,1,4.219999999999506,DV_pressure,19.399999999997164,TP3|H1|DV_pressure|Reservoirs|Oil_temperature
SE_00164,2020-03-08 20:55:00,2020-03-08 21:05:00,10.0,2,21.399999999996822,TP2,39.29302035296916,TP2|TP3|H1|DV_pressure|Reservoirs|Oil_temperature|Motor_current
SE_00165,2020-03-08 21:20:00,2020-03-08 21:25:00,5.0,1,6.599999999999071,DV_pressure,20.599999999996854,TP3|H1|DV_pressure|Reservoirs
SE_00166,2020-03-08 22:55:00,2020-03-08 23:00:00,5.0,1,8.419999999998696,DV_pressure,429.9999999999356,TP2|TP3|H1|DV_pressure|Reservoirs
SE_00167,2020-03-09 02:30:00,2020-03-09 02:35:00,5.0,1,0.9999999999996501,H1,1.0431177446102815,TP3|H1|Reservoirs
SE_00168,2020-03-09 02:55:00,2020-03-09 03:00:00,5.0,1,0.9999999999996501,DV_pressure,22.876310779365564,TP2|TP3|H1|DV_pressure|Reservoirs|Motor_current
SE_00169,2020-03-09 03:45:00,2020-03-09 03:50:00,5.0,1,30.999999999995392,DV_pressure,33.99999999999488,TP2|TP3|H1|DV_pressure|Reservoirs|Motor_current
SE_00170,2020-03-09 04:10:00,2020-03-09 04:15:00,5.0,1,0.9999999999996501,DV_pressure,27.65102293674966,TP2|TP3|H1|DV_pressure|Reservoirs|Motor_current
SE_00171,2020-03-09 05:45:00,2020-03-09 05:50:00,5.0,1,0.9999999999996501,H1,1.0580431177446106,TP3|H1|Reservoirs
SE_00172,2020-03-09 06:15:00,2020-03-09 07:05:00,50.0,7,42.5999999999938,DV_pressure,42.99999999999351,TP2|TP3|H1|DV_pressure|Reservoirs|Oil_temperature|Motor_current
SE_00173,2020-03-09 07:25:00,2020-03-09 08:00:00,35.0,7,72.21999999998928,DV_pressure,120.59999999998188,TP2|TP3|H1|DV_pressure|Reservoirs|Oil_temperature|Motor_current
SE_00174,2020-03-09 08:15:00,2020-03-09 08:25:00,10.0,2,21.999999999996753,DV_pressure,24.39999999999631,TP3|H1|DV_pressure|Reservoirs|Oil_temperature
SE_00175,2020-03-09 08:45:00,2020-03-09 09:20:00,35.0,3,1.1234401349072536,DV_pressure,23.29938654014643,TP2|TP3|H1|DV_pressure|Reservoirs|Oil_temperature|Motor_current
SE_00176,2020-03-09 10:10:00,2020-03-09 10:15:00,5.0,1,1.0278246205733572,Oil_temperature,1.0809443507588545,TP3|H1|Reservoirs|Oil_temperature
SE_00177,2020-03-09 10:40:00,2020-03-09 10:55:00,15.0,3,93.3999999999861,DV_pressure,152.79999999997713,TP3|H1|DV_pressure|Reservoirs|Oil_temperature
SE_00178,2020-03-09 11:15:00,2020-03-09 12:05:00,50.0,5,11.999999999998291,DV_pressure,56.599999999991574,TP2|TP3|H1|DV_pressure|Reservoirs|Oil_temperature|Motor_current
SE_00179,2020-03-09 12:25:00,2020-03-09 12:30:00,5.0,1,0.9991708126036487,H1,1.0829187396351574,TP3|H1|Reservoirs
SE_00180,2020-03-09 13:15:00,2020-03-09 13:45:00,30.0,4,1.1473651667407165,TP2,3.78801012447552,TP2|TP3|H1|DV_pressure|Reservoirs|Oil_temperature
SE_00181,2020-03-09 14:00:00,2020-03-09 14:25:00,25.0,3,1.1416526138279943,DV_pressure,20.17164788008788,TP2|TP3|H1|DV_pressure|Reservoirs|Oil_temperature|Motor_current
SE_00182,2020-03-09 15:25:00,2020-03-09 15:50:00,25.0,3,1.098184735733629,DV_pressure,8.370856124021486,TP2|TP3|H1|DV_pressure|Reservoirs|Oil_temperature
SE_00183,2020-03-09 16:10:00,2020-03-09 16:15:00,5.0,1,1.0152570480928689,H1,1.0912106135986728,TP3|H1|Reservoirs
SE_00184,2020-03-09 17:05:00,2020-03-09 17:10:00,5.0,1,1.0137645107794355,DV_pressure,29.46420476866767,TP2|TP3|H1|DV_pressure|Reservoirs|Motor_current
SE_00185,2020-03-09 17:45:00,2020-03-09 18:20:00,35.0,4,1.0865121451583248,DV_pressure,131.3999999999803,TP2|TP3|H1|DV_pressure|Reservoirs|Oil_temperature|Motor_current
SE_00186,2020-03-09 20:25:00,2020-03-09 20:30:00,5.0,1,1.0,DV_pressure,19.098848629536377,TP2|TP3|H1|DV_pressure|Reservoirs|Oil_temperature|Motor_current
SE_00187,2020-03-10 01:20:00,2020-03-10 01:25:00,5.0,1,0.999999999999685,H1,1.0563847429519069,TP3|H1|Reservoirs
SE_00188,2020-03-10 03:00:00,2020-03-10 03:05:00,5.0,1,1.1826204085203016,TP2,46.218924447834006,TP2|TP3|H1|Reservoirs|Oil_temperature|Motor_current
SE_00189,2020-03-10 03:30:00,2020-03-10 03:45:00,15.0,3,1.0713322091062394,TP2,1.5342741236433979,TP2|TP3|H1|DV_pressure|Reservoirs|Oil_temperature
SE_00190,2020-03-10 04:10:00,2020-03-10 04:20:00,10.0,2,1.0440134907251264,H1,1.0646766169154225,TP3|H1|Reservoirs|Oil_temperature
SE_00191,2020-03-10 04:50:00,2020-03-10 05:00:00,10.0,2,1.030860033726813,DV_pressure,13.20600767580285,TP2|TP3|H1|DV_pressure|Reservoirs|Oil_temperature|Motor_current
SE_00192,2020-03-10 05:25:00,2020-03-10 05:35:00,10.0,2,1.0288364249578414,H1,1.0646766169154225,TP3|H1|Reservoirs|Oil_temperature
SE_00193,2020-03-10 06:00:00,2020-03-10 06:05:00,5.0,1,0.9999999999996501,H1,1.0480928689883913,TP3|H1|Reservoirs
SE_00194,2020-03-10 06:30:00,2020-03-10 06:35:00,5.0,1,0.9999999999996501,DV_pressure,1.19999999999987,TP3|H1|DV_pressure|Reservoirs
SE_00195,2020-03-10 07:05:00,2020-03-10 07:25:00,20.0,3,44.819999999993314,DV_pressure,197.99999999997038,TP2|TP3|DV_pressure|Reservoirs|Motor_current
SE_00196,2020-03-10 07:40:00,2020-03-10 08:20:00,40.0,6,79.21999999998826,DV_pressure,379.59999999994307,TP3|H1|DV_pressure|Reservoirs|Oil_temperature|Motor_current
SE_00197,2020-03-10 08:35:00,2020-03-10 08:55:00,20.0,2,1.0305227655986526,Oil_temperature,1.0961214165261401,TP3|H1|Reservoirs|Oil_temperature
SE_00198,2020-03-10 09:35:00,2020-03-10 09:40:00,5.0,1,1.01006711409396,H1,1.0779436152570476,TP3|H1|Reservoirs
SE_00199,2020-03-10 10:20:00,2020-03-10 10:25:00,5.0,1,1.0164529700490827,Oil_temperature,1.0792580101180456,TP3|H1|Reservoirs|Oil_temperature
SE_00200,2020-03-10 10:40:00,2020-03-10 10:45:00,5.0,1,0.998009950248756,DV_pressure,29.630413103260153,TP2|TP3|H1|DV_pressure|Reservoirs|Motor_current
SE_00201,2020-03-10 11:00:00,2020-03-10 12:00:00,60.0,7,1.0949409780775732,DV_pressure,8.355746275422176,TP2|TP3|H1|DV_pressure|Reservoirs|Oil_temperature
SE_00202,2020-03-10 12:15:00,2020-03-10 14:30:00,135.0,15,1.1554806070826327,TP2,41.7287888769454,TP2|TP3|H1|DV_pressure|Reservoirs|Oil_temperature|Motor_current
SE_00203,2020-03-10 14:45:00,2020-03-10 17:10:00,145.0,17,1.1150084317032063,DV_pressure,18.585113777159613,TP2|TP3|H1|DV_pressure|Reservoirs|Oil_temperature|Motor_current
SE_00204,2020-03-10 17:50:00,2020-03-10 18:10:00,20.0,2,1.0492411467116378,DV_pressure,9.3999999999987,TP3|H1|DV_pressure|Reservoirs|Oil_temperature
SE_00205,2020-03-10 18:25:00,2020-03-10 19:45:00,80.0,8,16.35999999999765,DV_pressure,27.199999999995935,TP2|TP3|H1|DV_pressure|Reservoirs|Oil_temperature
SE_00206,2020-03-10 20:45:00,2020-03-10 21:05:00,20.0,2,1.0629005059021932,Oil_temperature,1.0961214165261401,TP3|H1|Reservoirs|Oil_temperature
SE_00207,2020-03-10 21:35:00,2020-03-10 22:50:00,75.0,8,74.79999999998888,DV_pressure,139.99999999997905,TP2|TP3|H1|DV_pressure|Reservoirs|Oil_temperature
SE_00208,2020-03-10 23:10:00,2020-03-11 00:20:00,70.0,6,1.0623946037099503,DV_pressure,25.777401710434386,TP2|TP3|H1|DV_pressure|Reservoirs|Oil_temperature|Motor_current
SE_00209,2020-03-11 00:45:00,2020-03-11 00:50:00,5.0,1,1.057806895598296,Oil_temperature,1.1669477234401366,TP3|H1|Reservoirs|Oil_temperature
SE_00210,2020-03-11 01:05:00,2020-03-11 01:10:00,5.0,1,1.0024875621887397,DV_pressure,27.13728808437289,TP2|TP3|H1|DV_pressure|Reservoirs|Oil_temperature|Motor_current
SE_00211,2020-03-11 01:25:00,2020-03-11 01:30:00,5.0,1,0.9999999999996501,DV_pressure,13.281556918799431,TP2|TP3|H1|DV_pressure|Reservoirs
SE_00212,2020-03-11 01:50:00,2020-03-11 01:55:00,5.0,1,0.9999999999996501,H1,1.0563847429519069,TP3|H1|Reservoirs
SE_00213,2020-03-11 03:10:00,2020-03-11 03:15:00,5.0,1,1.007251264755482,DV_pressure,16.711492550844326,TP2|TP3|H1|DV_pressure|Reservoirs|Oil_temperature|Motor_current
SE_00214,2020-03-11 03:30:00,2020-03-11 03:50:00,20.0,2,1.0161888701517723,H1,1.0597014925373127,TP3|H1|Reservoirs|Oil_temperature
SE_00215,2020-03-11 04:05:00,2020-03-11 04:45:00,40.0,4,1.0355817875210807,DV_pressure,24.085098667310906,TP2|TP3|H1|DV_pressure|Reservoirs|Oil_temperature|Motor_current
SE_00216,2020-03-11 05:00:00,2020-03-11 07:10:00,130.0,19,92.63999999998627,DV_pressure,97.19999999998555,TP2|TP3|H1|DV_pressure|Reservoirs|Oil_temperature|Motor_current
SE_00217,2020-03-11 07:25:00,2020-03-11 10:10:00,165.0,19,61.39999999999086,DV_pressure,103.9999999999845,TP2|TP3|H1|DV_pressure|Reservoirs|Oil_temperature
SE_00218,2020-03-11 10:25:00,2020-03-11 10:50:00,25.0,3,18.659999999997186,DV_pressure,19.599999999997202,TP2|TP3|H1|DV_pressure|Reservoirs|Oil_temperature
SE_00219,2020-03-11 11:05:00,2020-03-11 11:10:00,5.0,1,32.839999999995015,DV_pressure,57.39999999999154,TP2|TP3|H1|DV_pressure|Reservoirs|Oil_temperature|Motor_current
SE_00220,2020-03-11 11:25:00,2020-03-11 11:50:00,25.0,3,1.140134907251266,Oil_temperature,1.1821247892074223,TP3|H1|Reservoirs|Oil_temperature
SE_00221,2020-03-11 18:05:00,2020-03-11 18:10:00,5.0,1,2.6350461133069816,TP3,3.130434782608695,TP3|Reservoirs
SE_00222,2020-03-11 19:20:00,2020-03-11 19:35:00,15.0,3,2.0038208168642946,TP3,2.338603425559947,TP3|H1|Reservoirs|Oil_temperature
SE_00223,2020-03-11 22:40:00,2020-03-11 22:55:00,15.0,3,4.464163372859023,DV_pressure,6.225257622918513,TP2|TP3|H1|DV_pressure|Reservoirs
SE_00224,2020-03-11 23:15:00,2020-03-11 23:20:00,5.0,1,0.9969798657718124,H1,1.0713101160862357,TP3|H1|Reservoirs
SE_00225,2020-03-12 00:15:00,2020-03-12 12:20:00,725.0,143,82.79999999998752,DV_pressure,111.79999999998327,TP2|TP3|H1|DV_pressure|Reservoirs|Oil_temperature|Motor_current
SE_00226,2020-03-12 12:35:00,2020-03-12 12:40:00,5.0,1,1.0829679595278263,Oil_temperature,1.1028667790893776,TP3|H1|Reservoirs|Oil_temperature
SE_00227,2020-03-12 13:00:00,2020-03-12 13:05:00,5.0,1,1.0151770657672865,Oil_temperature,1.021922428330524,Oil_temperature
SE_00228,2020-03-12 13:20:00,2020-03-12 13:25:00,5.0,1,1.0084317032040482,H1,1.0796019900497513,TP3|H1|Reservoirs|Oil_temperature
SE_00229,2020-03-12 13:45:00,2020-03-12 13:50:00,5.0,1,1.009106239460372,TP2,45.802850109218845,TP2|TP3|H1|Reservoirs|Oil_temperature|Motor_current
SE_00230,2020-03-12 15:30:00,2020-03-12 15:50:00,20.0,4,4.750724637681157,TP2,43.60979161610145,TP2|TP3|H1|DV_pressure|Reservoirs|Oil_temperature|Motor_current
SE_00231,2020-03-12 16:10:00,2020-03-12 16:15:00,5.0,1,1.0052276559865105,Oil_temperature,1.0134907251264766,Oil_temperature
SE_00232,2020-03-12 16:40:00,2020-03-12 16:55:00,15.0,3,4.358366271409747,TP3,4.51383399209486,TP3|H1|Reservoirs|Oil_temperature
SE_00233,2020-03-12 17:10:00,2020-03-12 17:15:00,5.0,1,1.0050590219224296,Oil_temperature,1.074198988195617,TP3|H1|Reservoirs|Oil_temperature
SE_00234,2020-03-12 17:35:00,2020-03-12 17:45:00,10.0,2,1.0354131534569997,DV_pressure,40.19999999999406,TP2|TP3|H1|DV_pressure|Reservoirs|Oil_temperature
SE_00235,2020-03-12 20:45:00,2020-03-12 20:50:00,5.0,1,1.19999999999986,DV_pressure,1.39999999999972,TP3|H1|DV_pressure|Reservoirs
SE_00236,2020-03-12 23:10:00,2020-03-12 23:15:00,5.0,1,1.0076285240464347,DV_pressure,341.9999999999489,TP2|TP3|H1|DV_pressure|Reservoirs
SE_00237,2020-03-13 00:10:00,2020-03-13 00:15:00,5.0,1,1.0180762852404637,DV_pressure,29.799999999995705,TP3|H1|DV_pressure|Reservoirs
SE_00238,2020-03-13 00:40:00,2020-03-13 00:45:00,5.0,1,22.219999999996777,DV_pressure,59.59999999999106,DV_pressure
SE_00239,2020-03-13 05:20:00,2020-03-13 05:25:00,5.0,1,4.039104477611516,DV_pressure,128.39999999998082,DV_pressure
SE_00240,2020-03-13 06:30:00,2020-03-13 06:35:00,5.0,1,0.9999999999996501,TP2,1.846329877604772,TP2|TP3|H1|DV_pressure|Reservoirs
SE_00241,2020-03-13 09:15:00,2020-03-13 09:20:00,5.0,1,7.919999999998858,DV_pressure,26.599999999996182,DV_pressure
SE_00242,2020-03-13 10:40:00,2020-03-13 10:45:00,5.0,1,7.9999999999989715,DV_pressure,222.79999999996676,TP3|H1|DV_pressure|Reservoirs|Motor_current
SE_00243,2020-03-13 15:45:00,2020-03-13 15:50:00,5.0,1,1.0489038785834746,DV_pressure,23.399999999996652,TP3|H1|DV_pressure|Reservoirs|Oil_temperature
SE_00244,2020-03-13 16:35:00,2020-03-13 16:40:00,5.0,1,1.001854974704892,H1,1.0265339966832505,TP3|H1|Reservoirs|Oil_temperature
SE_00245,2020-03-13 18:15:00,2020-03-13 18:20:00,5.0,1,1.0505902192242853,DV_pressure,10.99999999999828,TP3|H1|DV_pressure|Reservoirs|Oil_temperature
SE_00246,2020-03-13 18:40:00,2020-03-13 18:45:00,5.0,1,0.9939291736930882,H1,1.0149253731343275,TP3|H1|Reservoirs|Oil_temperature
SE_00247,2020-03-13 19:05:00,2020-03-13 19:10:00,5.0,1,1.0015177065767296,H1,1.038142620232172,TP3|H1|Reservoirs|Oil_temperature
SE_00248,2020-03-13 20:00:00,2020-03-13 20:05:00,5.0,1,1.0067453625632392,H1,1.038142620232172,TP3|H1|Reservoirs|Oil_temperature
SE_00249,2020-03-13 20:45:00,2020-03-13 20:50:00,5.0,1,4.419999999999366,TP2,11.20800249644587,TP2|TP3|H1|DV_pressure|Reservoirs|Motor_current
SE_00250,2020-03-13 21:05:00,2020-03-13 21:10:00,5.0,1,1.0288364249578432,Oil_temperature,1.032040472175381,TP3|H1|Reservoirs|Oil_temperature
SE_00251,2020-03-13 21:25:00,2020-03-13 21:30:00,5.0,1,0.9971332209106252,TP2,38.35685309108504,TP2|TP3|H1|DV_pressure|Reservoirs|Oil_temperature|Motor_current
SE_00252,2020-03-13 22:50:00,2020-03-13 22:55:00,5.0,1,1.0674536256323788,DV_pressure,9.99999999999863,TP3|H1|DV_pressure|Reservoirs|Oil_temperature
SE_00253,2020-03-13 23:55:00,2020-03-14 00:00:00,5.0,1,1.0907251264755493,Oil_temperature,1.107925801011806,Oil_temperature
SE_00254,2020-03-14 00:15:00,2020-03-14 00:25:00,10.0,2,2.99999999999965,TP2,36.92659755209543,TP2|TP3|H1|DV_pressure|Reservoirs|Oil_temperature|Motor_current
SE_00255,2020-03-14 00:40:00,2020-03-14 00:45:00,5.0,1,1.0139966273187195,Oil_temperature,1.021922428330524,Oil_temperature
SE_00256,2020-03-14 01:00:00,2020-03-14 01:05:00,5.0,1,0.9937633362138177,DV_pressure,386.1999999999423,TP3|H1|DV_pressure|Reservoirs
SE_00257,2020-03-14 06:30:00,2020-03-14 06:40:00,10.0,2,3.432147562582343,TP3,3.6745718050065865,TP3|H1|Reservoirs|Oil_temperature
SE_00258,2020-03-14 06:55:00,2020-03-14 07:00:00,5.0,1,0.9999999999996501,H1,1.0480928689883913,TP3|H1|Reservoirs
SE_00259,2020-03-14 07:20:00,2020-03-14 07:25:00,5.0,1,1.0046434494195684,DV_pressure,1.19999999999987,TP3|H1|DV_pressure|Reservoirs
SE_00260,2020-03-14 07:40:00,2020-03-14 07:50:00,10.0,2,13.999999999997941,DV_pressure,14.399999999998021,TP2|TP3|H1|DV_pressure|Reservoirs|Motor_current
SE_00261,2020-03-14 08:05:00,2020-03-14 08:10:00,5.0,1,0.9999999999996501,H1,1.0232172470978445,TP3|H1|Reservoirs
SE_00262,2020-03-14 08:25:00,2020-03-14 08:30:00,5.0,1,0.9999999999996501,DV_pressure,0.9999999999996501,
SE_00263,2020-03-14 08:50:00,2020-03-14 08:55:00,5.0,1,7.399999999999042,DV_pressure,37.199999999994404,TP3|H1|DV_pressure|Reservoirs|Oil_temperature
SE_00264,2020-03-14 09:15:00,2020-03-14 09:20:00,5.0,1,1.79999999999979,TP2,34.44748795118011,TP2|TP3|H1|DV_pressure|Reservoirs|Motor_current
SE_00265,2020-03-14 10:20:00,2020-03-14 10:25:00,5.0,1,1.0305227655986526,TP2,37.9494469678577,TP2|TP3|H1|DV_pressure|Reservoirs|Oil_temperature|Motor_current
SE_00266,2020-03-14 10:45:00,2020-03-14 10:50:00,5.0,1,1.0367395736326799,Oil_temperature,1.0674536256323788,TP3|H1|Reservoirs|Oil_temperature
SE_00267,2020-03-14 11:35:00,2020-03-14 11:40:00,5.0,1,1.0038785834738642,DV_pressure,226.5999999999662,TP3|H1|DV_pressure|Reservoirs|Oil_temperature
SE_00268,2020-03-14 12:25:00,2020-03-14 12:30:00,5.0,1,1.0067453625632392,Oil_temperature,1.0151770657672865,Oil_temperature
SE_00269,2020-03-14 12:50:00,2020-03-14 12:55:00,5.0,1,1.0881956155143357,TP2,14.12052286675199,TP2|TP3|DV_pressure|Reservoirs|Oil_temperature|Motor_current
SE_00270,2020-03-14 13:35:00,2020-03-14 13:40:00,5.0,1,1.0475548060708282,TP2,39.06764675288595,TP2|TP3|H1|DV_pressure|Reservoirs|Oil_temperature|Motor_current
SE_00271,2020-03-14 13:55:00,2020-03-14 14:00:00,5.0,1,1.4296587155499827,DV_pressure,8.79999999999876,TP2|TP3|H1|DV_pressure|Reservoirs|Oil_temperature
SE_00272,2020-03-14 14:40:00,2020-03-14 14:45:00,5.0,1,1.053962900505903,TP2,3.8746922783536766,TP2|TP3|H1|DV_pressure|Reservoirs|Oil_temperature
SE_00273,2020-03-14 15:00:00,2020-03-14 15:05:00,5.0,1,1.0286677908937623,Oil_temperature,1.0286677908937623,TP3|H1|Reservoirs|Oil_temperature
SE_00274,2020-03-14 15:25:00,2020-03-14 15:30:00,5.0,1,1.0935919055649255,TP2,6.258451510003033,TP2|TP3|H1|DV_pressure|Reservoirs|Oil_temperature
SE_00275,2020-03-14 15:50:00,2020-03-14 15:55:00,5.0,1,1.0827993254637454,Oil_temperature,1.0893760539629018,TP3|H1|Reservoirs|Oil_temperature
SE_00276,2020-03-14 16:35:00,2020-03-14 16:40:00,5.0,1,1.0893760539629018,Oil_temperature,1.1315345699831378,TP3|H1|Reservoirs|Oil_temperature
SE_00277,2020-03-14 16:55:00,2020-03-14 17:00:00,5.0,1,0.9932546374367646,Oil_temperature,1.0623946037099503,TP3|H1|Reservoirs|Oil_temperature
SE_00278,2020-03-14 17:20:00,2020-03-14 17:25:00,5.0,1,1.0718381112984838,Oil_temperature,1.1146711635750444,TP3|H1|Reservoirs|Oil_temperature
SE_00279,2020-03-14 17:50:00,2020-03-14 18:10:00,20.0,2,1.1028667790893776,Oil_temperature,1.1146711635750444,TP3|H1|Reservoirs|Oil_temperature
SE_00280,2020-03-14 18:25:00,2020-03-14 18:30:00,5.0,1,1.112310286677911,Oil_temperature,1.1551433389544707,TP3|H1|Reservoirs|Oil_temperature
SE_00281,2020-03-14 18:50:00,2020-03-14 18:55:00,5.0,1,1.011804384485668,Oil_temperature,1.021922428330524,TP3|H1|Reservoirs|Oil_temperature
SE_00282,2020-03-14 19:30:00,2020-03-14 19:40:00,10.0,2,1.0893760539629018,Oil_temperature,1.1365935919055674,TP3|H1|Reservoirs|Oil_temperature
SE_00283,2020-03-14 20:20:00,2020-03-14 20:25:00,5.0,1,1.0612141652613851,TP2,3.475954370514146,TP2|TP3|H1|DV_pressure|Reservoirs|Oil_temperature
SE_00284,2020-03-14 22:20:00,2020-03-14 22:25:00,5.0,1,1.006633499170812,TP2,37.403349398425306,TP2|TP3|H1|DV_pressure|Reservoirs|Oil_temperature|Motor_current
SE_00285,2020-03-14 22:50:00,2020-03-14 22:55:00,5.0,1,1.0069139966273202,Oil_temperature,1.0168634064080964,Oil_temperature
SE_00286,2020-03-15 00:45:00,2020-03-15 00:50:00,5.0,1,1.1259701492537004,DV_pressure,11.399999999998352,TP2|TP3|H1|DV_pressure|Reservoirs
SE_00287,2020-03-15 08:30:00,2020-03-15 08:35:00,5.0,1,1.0686213202760892,TP3,1.2542819499341231,TP3|H1|DV_pressure|Reservoirs
SE_00288,2020-03-15 08:55:00,2020-03-15 09:00:00,5.0,1,0.9999999999996501,H1,1.0431177446102815,TP3|H1|Reservoirs
SE_00289,2020-03-15 09:20:00,2020-03-15 09:25:00,5.0,1,1.0021558872301992,TP2,4.022051939946548,TP2|TP3|H1|DV_pressure|Reservoirs
SE_00290,2020-03-15 09:45:00,2020-03-15 09:50:00,5.0,1,16.479999999997663,DV_pressure,17.39999999999733,DV_pressure
SE_00291,2020-03-15 10:30:00,2020-03-15 10:35:00,5.0,1,30.799999999995354,DV_pressure,51.799999999992295,TP3|H1|DV_pressure|Reservoirs|Motor_current
SE_00292,2020-03-15 11:20:00,2020-03-15 11:30:00,10.0,2,55.89999999999159,DV_pressure,69.19999999998963,TP3|H1|DV_pressure|Reservoirs|Oil_temperature
SE_00293,2020-03-15 11:45:00,2020-03-15 11:50:00,5.0,1,2.99999999999965,DV_pressure,11.59999999999821,TP2|TP3|H1|DV_pressure|Reservoirs
SE_00294,2020-03-15 15:35:00,2020-03-15 15:40:00,5.0,1,1.0957382550334858,DV_pressure,4.59999999999923,DV_pressure
SE_00295,2020-03-15 23:30:00,2020-03-15 23:40:00,10.0,2,25.63999999999618,DV_pressure,26.9999999999959,TP3|H1|DV_pressure|Reservoirs|Oil_temperature
SE_00296,2020-03-16 04:35:00,2020-03-16 06:15:00,100.0,17,1.5814433285098233,TP2,44.34658992406579,TP2|TP3|H1|DV_pressure|Reservoirs|Oil_temperature|Motor_current
SE_00297,2020-03-16 06:40:00,2020-03-16 06:45:00,5.0,1,1.19999999999987,DV_pressure,1.3999999999997303,TP3|H1|DV_pressure|Reservoirs|Oil_temperature
SE_00298,2020-03-16 07:05:00,2020-03-16 07:15:00,10.0,2,1.0348258706467661,DV_pressure,1.19999999999987,TP3|H1|DV_pressure|Reservoirs
SE_00299,2020-03-16 07:35:00,2020-03-16 08:00:00,25.0,3,1.0006633499167663,DV_pressure,1.19999999999987,TP3|H1|DV_pressure|Reservoirs
SE_00300,2020-03-16 08:25:00,2020-03-16 08:30:00,5.0,1,0.9999999999996501,H1,1.0165837479270312,TP3|H1|Reservoirs
SE_00301,2020-03-16 08:50:00,2020-03-16 08:55:00,5.0,1,0.9999999999996501,DV_pressure,0.9999999999996501,
SE_00302,2020-03-16 09:25:00,2020-03-16 09:30:00,5.0,1,0.9999999999996501,TP2,3.6579868936582853,TP2|TP3|H1|DV_pressure|Reservoirs
SE_00303,2020-03-16 09:55:00,2020-03-16 10:00:00,5.0,1,0.9999999999996501,H1,1.0265339966832505,TP3|H1|Reservoirs
SE_00304,2020-03-16 10:25:00,2020-03-16 10:35:00,10.0,2,16.43999999999754,DV_pressure,26.399999999996144,TP3|H1|DV_pressure|Reservoirs
SE_00305,2020-03-16 13:45:00,2020-03-16 13:50:00,5.0,1,5.199999999999171,DV_pressure,213.3999999999681,TP3|H1|DV_pressure|Reservoirs|Motor_current
SE_00306,2020-03-16 18:40:00,2020-03-16 18:45:00,5.0,1,1.0099502487562193,DV_pressure,215.7999999999678,TP3|H1|DV_pressure|Reservoirs|Motor_current
SE_00307,2020-03-17 02:15:00,2020-03-17 02:20:00,5.0,1,0.9985074626865317,DV_pressure,172.19999999997432,TP2|TP3|H1|DV_pressure|Reservoirs
SE_00308,2020-03-17 03:20:00,2020-03-17 03:25:00,5.0,1,0.9999999999996501,TP2,1.1355362158038753,TP2|TP3|H1|Reservoirs
SE_00309,2020-03-17 03:50:00,2020-03-17 04:00:00,10.0,2,1.006633499170812,DV_pressure,386.1999999999423,TP3|H1|DV_pressure|Reservoirs
SE_00310,2020-03-17 04:25:00,2020-03-17 04:30:00,5.0,1,1.1489552238805714,DV_pressure,300.799999999955,TP3|H1|DV_pressure|Reservoirs
SE_00311,2020-03-17 05:00:00,2020-03-17 05:05:00,5.0,1,0.9999999999996501,TP2,10.133143788356708,TP2|TP3|H1|DV_pressure|Reservoirs
SE_00312,2020-03-17 05:30:00,2020-03-17 05:35:00,5.0,1,0.9999999999996501,H1,1.019900497512437,TP3|H1|Reservoirs
SE_00313,2020-03-17 06:05:00,2020-03-17 06:10:00,5.0,1,0.9985074626865317,DV_pressure,17.66341301260129,TP2|DV_pressure|Motor_current
SE_00314,2020-03-17 06:35:00,2020-03-17 06:40:00,5.0,1,0.9999999999996501,H1,1.018242122719735,TP3|H1|Reservoirs
SE_00315,2020-03-17 07:05:00,2020-03-17 07:10:00,5.0,1,0.9999999999996501,H1,1.0082918739635156,TP3|H1
SE_00316,2020-03-17 07:30:00,2020-03-17 07:40:00,10.0,2,28.099999999995823,DV_pressure,316.7999999999526,TP2|TP3|H1|DV_pressure|Reservoirs
SE_00317,2020-03-17 08:00:00,2020-03-17 08:05:00,5.0,1,0.9999999999996501,DV_pressure,12.99999999999812,TP3|H1|DV_pressure|Reservoirs|Motor_current
SE_00318,2020-03-17 10:35:00,2020-03-17 10:40:00,5.0,1,1.0414593698175778,DV_pressure,55.799999999991606,TP3|H1|DV_pressure|Reservoirs
SE_00319,2020-03-17 17:55:00,2020-03-17 18:00:00,5.0,1,11.359999999998246,DV_pressure,39.59999999999413,TP2|TP3|H1|DV_pressure|Reservoirs|Motor_current
SE_00320,2020-03-18 13:45:00,2020-03-18 13:50:00,5.0,1,12.929511459379114,DV_pressure,170.5999999999744,TP2|TP3|H1|DV_pressure|Reservoirs|Motor_current
SE_00321,2020-03-18 15:35:00,2020-03-18 15:40:00,5.0,1,1.0,DV_pressure,31.79999999999536,TP3|H1|DV_pressure|Reservoirs|Motor_current
SE_00322,2020-03-20 07:00:00,2020-03-20 07:05:00,5.0,1,1.0169761087759632,DV_pressure,48.199999999992876,TP2|TP3|H1|DV_pressure|Reservoirs|Oil_temperature|Motor_current
SE_00323,2020-03-20 09:35:00,2020-03-20 09:40:00,5.0,1,1.0987393927502986,TP2,37.42068582920094,TP2|TP3|H1|DV_pressure|Reservoirs|Motor_current
SE_00324,2020-03-20 12:40:00,2020-03-20 12:45:00,5.0,1,1.0016583747927021,TP2,44.59796817031245,TP2|TP3|H1|DV_pressure|Reservoirs|Motor_current
SE_00325,2020-03-20 16:35:00,2020-03-20 16:40:00,5.0,1,0.9983416252072963,DV_pressure,27.999999999995904,TP2|TP3|H1|DV_pressure|Reservoirs|Motor_current
SE_00326,2020-03-20 17:45:00,2020-03-20 17:50:00,5.0,1,1.004145936981757,DV_pressure,49.1999999999927,TP3|H1|DV_pressure|Reservoirs
SE_00327,2020-03-21 06:25:00,2020-03-21 06:30:00,5.0,1,1.6770149253730202,DV_pressure,105.39999999998423,DV_pressure
SE_00328,2020-03-21 07:10:00,2020-03-21 07:20:00,10.0,2,4.439999999999348,DV_pressure,43.39999999999359,TP3|H1|DV_pressure|Reservoirs
SE_00329,2020-03-21 08:25:00,2020-03-21 08:30:00,5.0,1,31.61999999999533,DV_pressure,36.39999999999461,TP3|H1|DV_pressure
SE_00330,2020-03-21 11:45:00,2020-03-21 11:55:00,10.0,2,27.999999999995904,DV_pressure,31.399999999995288,DV_pressure
SE_00331,2020-03-21 17:00:00,2020-03-21 17:05:00,5.0,1,0.9987012660139443,Oil_temperature,1.0354131534569997,Oil_temperature
SE_00332,2020-03-21 17:55:00,2020-03-21 18:00:00,5.0,1,1.0571669477234422,TP2,4.802191324849972,TP2|TP3|H1|DV_pressure|Reservoirs|Oil_temperature
SE_00333,2020-03-21 18:45:00,2020-03-21 18:50:00,5.0,1,1.0029850746265507,DV_pressure,25.444985041249417,TP2|TP3|H1|DV_pressure|Reservoirs|Motor_current
SE_00334,2020-03-21 19:15:00,2020-03-21 19:20:00,5.0,1,5.399999999999157,DV_pressure,14.99999999999777,TP3|H1|DV_pressure|Reservoirs
SE_00335,2020-03-21 19:40:00,2020-03-21 19:45:00,5.0,1,1.0019900497509289,TP2,5.8077043098366055,TP2|TP3|H1|DV_pressure|Reservoirs|Motor_current
SE_00336,2020-03-21 21:00:00,2020-03-21 21:05:00,5.0,1,1.000021263023287,DV_pressure,19.199999999997132,TP2|TP3|H1|DV_pressure|Reservoirs
SE_00337,2020-03-21 23:45:00,2020-03-22 00:05:00,20.0,2,1.008094435075888,Oil_temperature,1.0843170320404731,H1|Oil_temperature
SE_00338,2020-03-22 00:20:00,2020-03-22 00:30:00,10.0,2,1.0210792580101198,TP2,24.739086716826378,TP2|H1|DV_pressure|Oil_temperature|Motor_current
SE_00339,2020-03-22 00:50:00,2020-03-22 01:10:00,20.0,2,7.879999999998905,DV_pressure,31.399999999995288,TP2|TP3|DV_pressure|Reservoirs|Oil_temperature|Motor_current
SE_00340,2020-03-22 01:25:00,2020-03-22 01:30:00,5.0,1,1.0578414839797645,Oil_temperature,1.0826306913996644,TP3|H1|Reservoirs|Oil_temperature
SE_00341,2020-03-22 02:15:00,2020-03-22 02:20:00,5.0,1,1.0215588723051408,DV_pressure,27.79999999999587,TP3|H1|DV_pressure|Reservoirs
SE_00342,2020-03-22 02:45:00,2020-03-22 02:50:00,5.0,1,19.419999999997135,DV_pressure,30.999999999995392,DV_pressure
SE_00343,2020-03-22 03:15:00,2020-03-22 03:20:00,5.0,1,32.21999999999526,DV_pressure,60.39999999999103,DV_pressure
SE_00344,2020-03-22 04:45:00,2020-03-22 04:50:00,5.0,1,18.299999999997294,DV_pressure,125.1999999999813,TP3|H1|DV_pressure|Reservoirs
SE_00345,2020-03-22 07:30:00,2020-03-22 07:35:00,5.0,1,27.59999999999583,DV_pressure,54.999999999991815,TP3|H1|DV_pressure|Reservoirs
SE_00346,2020-03-22 08:20:00,2020-03-22 08:30:00,10.0,2,54.879999999991966,DV_pressure,103.9999999999845,TP3|H1|DV_pressure|Reservoirs|Oil_temperature
SE_00347,2020-03-22 08:50:00,2020-03-22 09:00:00,10.0,2,65.01999999999029,DV_pressure,271.5999999999594,TP3|H1|DV_pressure|Reservoirs
SE_00348,2020-03-22 10:40:00,2020-03-22 10:45:00,5.0,1,52.899999999992104,DV_pressure,55.599999999991745,DV_pressure
SE_00349,2020-03-22 11:30:00,2020-03-22 11:35:00,5.0,1,1.0168634064080964,Oil_temperature,1.020236087689715,H1|Oil_temperature
SE_00350,2020-03-22 12:20:00,2020-03-22 12:25:00,5.0,1,1.076222596964588,Oil_temperature,1.097807757166949,H1|Oil_temperature
SE_00351,2020-03-22 12:50:00,2020-03-22 12:55:00,5.0,1,1.0033726812816215,Oil_temperature,1.042158516020238,TP3|H1|Oil_temperature
SE_00352,2020-03-22 15:05:00,2020-03-22 15:10:00,5.0,1,1.0568296795952803,Oil_temperature,1.0691399662731886,Oil_temperature
SE_00353,2020-03-22 15:35:00,2020-03-22 15:40:00,5.0,1,0.9954603533202473,Oil_temperature,1.0033726812816215,Oil_temperature
SE_00354,2020-03-22 16:55:00,2020-03-22 17:00:00,5.0,1,1.026129398300715,TP2,40.34187441489487,TP2|TP3|H1|DV_pressure|Reservoirs|Oil_temperature|Motor_current
SE_00355,2020-03-23 01:15:00,2020-03-23 01:20:00,5.0,1,56.79999999999161,DV_pressure,56.79999999999161,TP2|TP3|H1|DV_pressure|Reservoirs|Oil_temperature
SE_00356,2020-03-23 04:15:00,2020-03-23 04:25:00,10.0,2,30.399999999995458,DV_pressure,48.999999999992845,DV_pressure
SE_00357,2020-03-23 06:55:00,2020-03-23 07:00:00,5.0,1,15.299999999997796,DV_pressure,25.399999999996314,H1|DV_pressure
SE_00358,2020-03-23 07:45:00,2020-03-23 07:55:00,10.0,2,55.21999999999168,DV_pressure,56.79999999999161,TP2|TP3|H1|DV_pressure|Reservoirs|Motor_current
SE_00359,2020-03-23 09:00:00,2020-03-23 09:05:00,5.0,1,25.599999999996175,DV_pressure,51.399999999992396,DV_pressure
SE_00360,2020-03-23 09:40:00,2020-03-23 09:45:00,5.0,1,14.399999999998021,DV_pressure,23.799999999996373,TP3|H1|DV_pressure|Reservoirs
SE_00361,2020-03-23 12:55:00,2020-03-23 13:00:00,5.0,1,13.419999999998016,DV_pressure,25.99999999999624,TP2|TP3|DV_pressure|Reservoirs|Motor_current
SE_00362,2020-03-23 16:15:00,2020-03-23 16:20:00,5.0,1,2.0399999999996488,DV_pressure,3.19999999999951,H1|DV_pressure
SE_00363,2020-03-24 04:05:00,2020-03-24 04:10:00,5.0,1,1.000497512437496,DV_pressure,75.39999999998882,TP3|H1|DV_pressure|Reservoirs|Motor_current
SE_00364,2020-03-24 04:35:00,2020-03-24 04:40:00,5.0,1,0.9999999999996501,H1,1.03150912106136,TP3|H1|Reservoirs
SE_00365,2020-03-24 05:05:00,2020-03-24 05:10:00,5.0,1,0.9999999999996501,DV_pressure,1.19999999999986,DV_pressure
SE_00366,2020-03-24 05:40:00,2020-03-24 05:45:00,5.0,1,1.0101160862354885,DV_pressure,26.399999999996144,TP2|TP3|H1|DV_pressure|Reservoirs|Motor_current
SE_00367,2020-03-24 06:10:00,2020-03-24 06:15:00,5.0,1,3.7999999999994407,DV_pressure,4.59999999999923,DV_pressure
SE_00368,2020-03-24 06:40:00,2020-03-24 06:50:00,10.0,2,27.739999999995824,DV_pressure,29.19999999999577,TP2|TP3|H1|DV_pressure|Reservoirs|Motor_current
SE_00369,2020-03-24 08:05:00,2020-03-24 08:10:00,5.0,1,1.019900497512437,DV_pressure,96.59999999998561,TP3|H1|DV_pressure|Reservoirs
SE_00370,2020-03-24 13:35:00,2020-03-24 13:40:00,5.0,1,1.009612141652615,TP2,43.22839013903754,TP2|TP3|H1|DV_pressure|Reservoirs|Oil_temperature|Motor_current
SE_00371,2020-03-24 15:40:00,2020-03-24 15:45:00,5.0,1,0.998313659359193,DV_pressure,19.280166812728172,TP2|TP3|DV_pressure|Reservoirs|Oil_temperature|Motor_current
SE_00372,2020-03-24 18:10:00,2020-03-24 18:15:00,5.0,1,1.0033726812816215,TP2,7.836066710585509,TP2|TP3|H1|DV_pressure|Reservoirs|Oil_temperature
SE_00373,2020-03-25 03:15:00,2020-03-25 03:20:00,5.0,1,8.099999999998937,DV_pressure,18.39999999999733,TP3|H1|DV_pressure|Motor_current
SE_00374,2020-03-25 04:45:00,2020-03-25 04:55:00,10.0,2,4.39999999999938,DV_pressure,17.013689522830667,TP2|TP3|DV_pressure|Reservoirs|Motor_current
SE_00375,2020-03-25 05:15:00,2020-03-25 05:20:00,5.0,1,42.39999999999358,DV_pressure,428.1999999999358,DV_pressure
SE_00376,2020-03-25 06:10:00,2020-03-25 06:15:00,5.0,1,4.526333344890515,DV_pressure,80.599999999988,TP2|DV_pressure
SE_00377,2020-03-25 07:00:00,2020-03-25 07:30:00,30.0,4,57.219999999991515,DV_pressure,57.99999999999148,TP2|TP3|H1|DV_pressure|Reservoirs|Oil_temperature|Motor_current
SE_00378,2020-03-25 07:45:00,2020-03-25 07:50:00,5.0,1,0.9957841483979774,Oil_temperature,1.0489038785834746,Oil_temperature
SE_00379,2020-03-25 08:05:00,2020-03-25 08:10:00,5.0,1,6.599999999999071,DV_pressure,99.5999999999851,DV_pressure
SE_00380,2020-03-25 09:10:00,2020-03-25 09:15:00,5.0,1,16.219999999997643,DV_pressure,22.999999999996582,TP3|H1|DV_pressure|Reservoirs
SE_00381,2020-03-25 12:25:00,2020-03-25 12:30:00,5.0,1,8.819999999998748,DV_pressure,8.999999999998622,H1|DV_pressure
SE_00382,2020-03-25 14:05:00,2020-03-25 14:10:00,5.0,1,1.0121416526138298,TP2,14.458583266876806,TP2|TP3|DV_pressure|Reservoirs|Oil_temperature|Motor_current
SE_00383,2020-03-25 14:35:00,2020-03-25 14:40:00,5.0,1,10.219999999998496,DV_pressure,11.999999999998291,DV_pressure
SE_00384,2020-03-25 15:10:00,2020-03-25 15:15:00,5.0,1,1.002181056493811,DV_pressure,190.5999999999715,TP3|H1|DV_pressure|Oil_temperature
SE_00385,2020-03-25 20:20:00,2020-03-25 20:25:00,5.0,1,57.259999999991486,DV_pressure,111.19999999998352,H1|DV_pressure|Motor_current
SE_00386,2020-03-25 21:55:00,2020-03-25 22:00:00,5.0,1,6.602023217246262,DV_pressure,115.79999999998277,TP2|H1|DV_pressure|Motor_current
SE_00387,2020-03-26 00:40:00,2020-03-26 00:45:00,5.0,1,2.2399999999996707,DV_pressure,44.99999999999335,TP3|H1|DV_pressure|Reservoirs
SE_00388,2020-03-26 01:15:00,2020-03-26 01:20:00,5.0,1,68.15999999998985,DV_pressure,78.59999999998834,TP3|H1|DV_pressure|Reservoirs
SE_00389,2020-03-26 04:00:00,2020-03-26 05:00:00,60.0,12,107.39999999998406,DV_pressure,130.79999999998037,TP3|H1|DV_pressure|Reservoirs|Oil_temperature
SE_00390,2020-03-26 07:15:00,2020-03-26 07:35:00,20.0,2,37.939999999994306,DV_pressure,39.199999999994056,TP3|H1|DV_pressure|Reservoirs|Oil_temperature
SE_00391,2020-03-26 07:55:00,2020-03-26 08:00:00,5.0,1,32.1799999999952,TP2,41.07867272285922,TP2|TP3|H1|DV_pressure|Reservoirs|Oil_temperature|Motor_current
SE_00392,2020-03-26 10:55:00,2020-03-26 11:00:00,5.0,1,6.599999999999071,DV_pressure,370.1999999999447,TP2|TP3|H1|DV_pressure|Reservoirs|Motor_current
SE_00393,2020-03-26 11:35:00,2020-03-26 11:40:00,5.0,1,11.399999999998352,DV_pressure,11.799999999998251,TP3|H1|DV_pressure|Reservoirs
SE_00394,2020-03-26 12:40:00,2020-03-26 12:45:00,5.0,1,32.98791373391624,DV_pressure,122.19999999998181,TP2|H1|DV_pressure|Motor_current
SE_00395,2020-03-26 13:45:00,2020-03-26 13:50:00,5.0,1,4.39999999999938,TP2,43.26306300058881,TP2|TP3|H1|DV_pressure|Reservoirs|Motor_current
SE_00396,2020-03-26 15:55:00,2020-03-26 16:00:00,5.0,1,2.2199999999998306,TP2,21.462501300232,TP2|H1|DV_pressure|Motor_current
SE_00397,2020-03-26 19:05:00,2020-03-26 19:10:00,5.0,1,3.7999999999995486,DV_pressure,349.99999999994765,DV_pressure
SE_00398,2020-03-26 19:40:00,2020-03-26 19:45:00,5.0,1,56.839999999991605,DV_pressure,58.99999999999113,TP3|H1|DV_pressure
SE_00399,2020-03-26 20:30:00,2020-03-26 20:35:00,5.0,1,1.0549009424367533,DV_pressure,7.599999999998901,TP2|DV_pressure|Oil_temperature
SE_00400,2020-03-26 21:20:00,2020-03-26 21:30:00,10.0,2,8.79999999999876,DV_pressure,329.7999999999507,DV_pressure|Oil_temperature
SE_00401,2020-03-26 21:50:00,2020-03-26 21:55:00,5.0,1,10.399999999998531,DV_pressure,281.199999999958,TP3|H1|DV_pressure|Reservoirs
SE_00402,2020-03-26 22:40:00,2020-03-26 22:45:00,5.0,1,2.0199999999996447,DV_pressure,296.7999999999556,TP3|H1|DV_pressure|Reservoirs|Motor_current
SE_00403,2020-03-26 23:05:00,2020-03-26 23:10:00,5.0,1,30.03999999999555,DV_pressure,31.199999999995427,DV_pressure|Oil_temperature
SE_00404,2020-03-26 23:35:00,2020-03-26 23:55:00,20.0,4,63.19999999999066,DV_pressure,194.79999999997085,TP2|TP3|H1|DV_pressure|Reservoirs|Oil_temperature|Motor_current
SE_00405,2020-03-27 00:35:00,2020-03-27 00:40:00,5.0,1,44.19999999999338,DV_pressure,58.99999999999113,TP3|H1|DV_pressure|Reservoirs|Oil_temperature
SE_00406,2020-03-27 01:20:00,2020-03-27 01:35:00,15.0,3,35.199999999994745,DV_pressure,35.39999999999478,TP3|H1|DV_pressure|Oil_temperature
SE_00407,2020-03-27 02:20:00,2020-03-27 02:35:00,15.0,3,76.03999999998875,DV_pressure,76.79999999998854,TP3|H1|DV_pressure|Reservoirs|Oil_temperature|Motor_current
SE_00408,2020-03-27 03:20:00,2020-03-27 03:25:00,5.0,1,2.4399999999996385,DV_pressure,4.79999999999945,TP3|H1|DV_pressure|Reservoirs
SE_00409,2020-03-27 03:45:00,2020-03-27 03:50:00,5.0,1,45.99999999999318,DV_pressure,52.19999999999219,TP3|H1|DV_pressure|Reservoirs
SE_00410,2020-03-27 05:25:00,2020-03-27 05:30:00,5.0,1,0.9999999999996501,TP2,42.84698866197365,TP2|H1|DV_pressure|Motor_current
SE_00411,2020-03-27 05:50:00,2020-03-27 06:00:00,10.0,2,75.79999999998871,DV_pressure,189.39999999997175,TP2|TP3|H1|DV_pressure|Reservoirs|Motor_current
SE_00412,2020-03-27 06:20:00,2020-03-27 06:25:00,5.0,1,0.9999999999996501,H1,1.0033167495854058,TP2|H1
SE_00413,2020-03-27 06:45:00,2020-03-27 06:50:00,5.0,1,0.9999999999996501,H1,1.006633499170812,TP3|H1
SE_00414,2020-03-27 07:10:00,2020-03-27 11:45:00,275.0,55,69.57999999998964,DV_pressure,161.39999999997588,TP2|TP3|H1|DV_pressure|Reservoirs|Oil_temperature
SE_00415,2020-03-27 12:00:00,2020-03-27 12:10:00,10.0,2,1.1686340640809465,TP2,6.925904094864851,TP2|TP3|H1|DV_pressure|Reservoirs|Oil_temperature
SE_00416,2020-03-27 12:30:00,2020-03-27 12:35:00,5.0,1,1.0878583473861738,Oil_temperature,1.1197301854974728,Oil_temperature
SE_00417,2020-03-27 13:00:00,2020-03-27 13:05:00,5.0,1,1.0814502529510974,Oil_temperature,1.0994940978077588,TP3|H1|Reservoirs|Oil_temperature
SE_00418,2020-03-27 13:25:00,2020-03-27 13:30:00,5.0,1,1.0866779089376069,Oil_temperature,1.1214165261382807,Oil_temperature
SE_00419,2020-03-27 13:50:00,2020-03-27 14:00:00,10.0,2,1.0691399662731886,TP2,1.161540861967324,TP2|TP3|H1|Reservoirs|Oil_temperature
SE_00420,2020-03-27 14:20:00,2020-03-27 14:25:00,5.0,1,1.0794266441821265,Oil_temperature,1.1011804384485686,Oil_temperature
SE_00421,2020-03-27 14:45:00,2020-03-27 14:55:00,10.0,2,1.0913996627318734,TP2,29.220554072327165,TP2|TP3|DV_pressure|Reservoirs|Oil_temperature|Motor_current
SE_00422,2020-03-27 15:15:00,2020-03-27 15:20:00,5.0,1,1.1234401349072536,DV_pressure,2.39999999999972,TP2|H1|DV_pressure|Oil_temperature
SE_00423,2020-03-27 15:45:00,2020-03-27 15:50:00,5.0,1,1.1281618887015201,Oil_temperature,1.1399662731871851,Oil_temperature
SE_00424,2020-03-27 16:10:00,2020-03-27 16:15:00,5.0,1,1.1767284991568312,DV_pressure,51.399999999992396,DV_pressure|Oil_temperature
SE_00425,2020-03-27 16:35:00,2020-03-27 16:45:00,10.0,2,1.1028667790893776,Oil_temperature,1.1214165261382807,H1|Oil_temperature
SE_00426,2020-03-27 17:05:00,2020-03-27 17:10:00,5.0,1,1.0974704890387876,Motor_current,1.178855806805007,Oil_temperature|Motor_current
SE_00427,2020-03-27 17:30:00,2020-03-27 17:35:00,5.0,1,1.066441821247893,TP2,45.12672930896921,TP2|H1|Oil_temperature|Motor_current
SE_00428,2020-03-27 18:00:00,2020-03-27 18:05:00,5.0,1,1.042158516020238,Oil_temperature,1.0472175379426665,Oil_temperature
SE_00429,2020-03-27 18:25:00,2020-03-27 18:30:00,5.0,1,1.0613827993254643,TP2,7.0906001872333455,TP2|DV_pressure|Oil_temperature
SE_00430,2020-03-27 18:55:00,2020-03-27 19:00:00,5.0,1,1.0092748735244534,Oil_temperature,1.0674536256323788,TP3|H1|Reservoirs|Oil_temperature
SE_00431,2020-03-27 19:20:00,2020-03-27 19:25:00,5.0,1,1.0428330522765616,DV_pressure,353.1999999999471,TP2|H1|DV_pressure|Oil_temperature|Motor_current
SE_00432,2020-03-27 22:05:00,2020-03-27 22:10:00,5.0,1,23.861920183071962,TP2,34.87223050518309,TP2|TP3|H1|DV_pressure|Reservoirs|Oil_temperature|Motor_current
SE_00433,2020-03-27 23:00:00,2020-03-27 23:05:00,5.0,1,13.799999999998091,DV_pressure,273.7999999999589,DV_pressure|Oil_temperature
SE_00434,2020-03-27 23:25:00,2020-03-27 23:30:00,5.0,1,1.0023608768971346,TP2,40.4112201379974,TP2|H1|DV_pressure|Oil_temperature|Motor_current
SE_00435,2020-03-27 23:50:00,2020-03-28 00:10:00,20.0,4,64.79999999999025,DV_pressure,79.19999999998828,DV_pressure|Oil_temperature
SE_00436,2020-03-28 00:25:00,2020-03-28 00:35:00,10.0,2,39.61999999999412,DV_pressure,45.79999999999332,TP2|TP3|H1|DV_pressure|Reservoirs|Oil_temperature
SE_00437,2020-03-28 00:55:00,2020-03-28 01:00:00,5.0,1,3.39999999999955,DV_pressure,54.399999999991884,H1|DV_pressure|Oil_temperature|Motor_current
SE_00438,2020-03-28 01:45:00,2020-03-28 01:55:00,10.0,2,18.47999999999727,DV_pressure,21.199999999996784,TP2|TP3|H1|DV_pressure|Reservoirs|Oil_temperature|Motor_current
SE_00439,2020-03-28 02:40:00,2020-03-28 02:50:00,10.0,2,38.43999999999427,DV_pressure,142.99999999997854,TP2|H1|DV_pressure|Oil_temperature|Motor_current
SE_00440,2020-03-28 03:35:00,2020-03-28 03:50:00,15.0,3,59.019999999991136,DV_pressure,266.99999999996015,H1|DV_pressure|Oil_temperature
SE_00441,2020-03-28 04:10:00,2020-03-28 04:15:00,5.0,1,41.219999999993895,DV_pressure,43.59999999999345,TP3|H1|DV_pressure|Reservoirs|Oil_temperature
SE_00442,2020-03-28 04:35:00,2020-03-28 04:40:00,5.0,1,7.599999999998901,DV_pressure,19.399999999997164,DV_pressure
SE_00443,2020-03-28 05:25:00,2020-03-28 05:35:00,10.0,2,21.019999999996905,DV_pressure,23.999999999996593,DV_pressure
SE_00444,2020-03-28 05:55:00,2020-03-28 06:00:00,5.0,1,14.839984743940699,DV_pressure,78.19999999998826,TP2|TP3|H1|DV_pressure|Reservoirs|Oil_temperature|Motor_current
SE_00445,2020-03-28 06:20:00,2020-03-28 06:25:00,5.0,1,1.5156397608022047,DV_pressure,385.3999999999423,TP2|TP3|H1|DV_pressure|Reservoirs|Oil_temperature|Motor_current
SE_00446,2020-03-28 06:45:00,2020-03-28 07:05:00,20.0,4,81.59999999998783,DV_pressure,315.79999999995283,TP2|TP3|H1|DV_pressure|Reservoirs|Oil_temperature|Motor_current
SE_00447,2020-03-28 07:20:00,2020-03-28 08:45:00,85.0,17,98.21999999998539,DV_pressure,103.39999999998457,DV_pressure|Oil_temperature
SE_00448,2020-03-28 23:10:00,2020-03-29 19:45:00,1235.0,247,74.99999999998875,DV_pressure,75.19999999998878,TP3|DV_pressure|Reservoirs|Oil_temperature
SE_00449,2020-03-30 07:35:00,2020-03-30 07:40:00,5.0,1,2.636363636363636,TP3,2.9090909090909074,TP3|Reservoirs
SE_00450,2020-03-30 08:25:00,2020-03-30 08:30:00,5.0,1,1.0033167495854063,Motor_current,1.3456287503474633,TP2|TP3|H1|Reservoirs|Motor_current
SE_00451,2020-03-30 10:30:00,2020-03-30 10:35:00,5.0,1,1.0072147651006715,TP2,1.794320585277883,TP2|TP3|H1|DV_pressure|Reservoirs|Motor_current
SE_00452,2020-03-30 11:00:00,2020-03-30 11:05:00,5.0,1,1.0125371899806184,TP2,27.209528102353893,TP2|TP3|H1|DV_pressure|Reservoirs|Motor_current
SE_00453,2020-03-30 11:50:00,2020-03-30 11:55:00,5.0,1,1.7474626865670437,TP2,36.831247182829465,TP2|TP3|H1|DV_pressure|Motor_current
SE_00454,2020-03-30 13:50:00,2020-03-30 13:55:00,5.0,1,3.6940506552444625,DV_pressure,50.59999999999243,TP2|TP3|H1|DV_pressure|Reservoirs|Motor_current
SE_00455,2020-03-30 16:40:00,2020-03-30 16:45:00,5.0,1,1.4715342741234632,DV_pressure,275.79999999995874,TP2|TP3|H1|DV_pressure|Reservoirs|Motor_current
SE_00456,2020-03-31 03:20:00,2020-03-31 03:25:00,5.0,1,0.9999999999996501,TP2,23.66422800873722,TP2|H1|DV_pressure|Motor_current
SE_00457,2020-03-31 03:40:00,2020-03-31 03:45:00,5.0,1,0.9999999999996501,H1,1.0298507462686564,TP3|H1|Reservoirs
SE_00458,2020-03-31 04:05:00,2020-03-31 04:10:00,5.0,1,0.9999999999996501,H1,1.0364842454394698,TP3|H1|Reservoirs
SE_00459,2020-03-31 04:25:00,2020-03-31 04:35:00,10.0,2,1.39999999999972,DV_pressure,11.399999999998352,TP3|H1|DV_pressure|Reservoirs
SE_00460,2020-03-31 06:05:00,2020-03-31 06:10:00,5.0,1,0.9999999999996501,H1,1.0099502487562193,TP3|H1|Reservoirs
SE_00461,2020-03-31 06:25:00,2020-03-31 06:30:00,5.0,1,0.9999999999996501,H1,1.018242122719735,TP3|H1|Reservoirs
SE_00462,2020-03-31 06:50:00,2020-03-31 06:55:00,5.0,1,1.000995024875307,DV_pressure,4.79999999999945,TP3|H1|DV_pressure|Reservoirs
SE_00463,2020-03-31 07:10:00,2020-03-31 07:15:00,5.0,1,0.9999999999996501,DV_pressure,0.9999999999996501,
SE_00464,2020-03-31 07:35:00,2020-03-31 07:40:00,5.0,1,0.9999999999996501,H1,1.0033167495854058,H1
SE_00465,2020-03-31 08:00:00,2020-03-31 08:05:00,5.0,1,5.7999999999991,DV_pressure,5.7999999999991,DV_pressure
SE_00466,2020-03-31 09:35:00,2020-03-31 09:45:00,10.0,2,17.59999999999754,DV_pressure,23.799999999996373,TP3|H1|DV_pressure|Reservoirs
SE_00467,2020-03-31 10:00:00,2020-03-31 10:10:00,10.0,2,32.01999999999523,DV_pressure,32.399999999995295,TP3|H1|DV_pressure|Reservoirs
SE_00468,2020-03-31 11:10:00,2020-03-31 11:20:00,10.0,2,10.779999999998525,DV_pressure,13.19999999999815,TP2|TP3|H1|DV_pressure|Reservoirs|Motor_current
SE_00469,2020-03-31 11:40:00,2020-03-31 11:45:00,5.0,1,1.0028192371472804,DV_pressure,49.5999999999926,TP3|H1|DV_pressure|Reservoirs
SE_00470,2020-03-31 12:05:00,2020-03-31 12:10:00,5.0,1,43.99999999999352,DV_pressure,154.3999999999769,TP2|H1|DV_pressure|Motor_current
SE_00471,2020-03-31 12:30:00,2020-03-31 12:45:00,15.0,3,60.25999999999099,DV_pressure,252.9999999999622,TP3|H1|DV_pressure|Reservoirs|Oil_temperature
SE_00472,2020-03-31 13:05:00,2020-03-31 13:10:00,5.0,1,39.21999999999408,DV_pressure,39.99999999999403,TP2|H1|DV_pressure|Oil_temperature|Motor_current
SE_00473,2020-03-31 13:55:00,2020-03-31 14:15:00,20.0,3,40.799999999994,DV_pressure,51.799999999992295,TP2|TP3|H1|DV_pressure|Reservoirs|Oil_temperature
SE_00474,2020-03-31 15:00:00,2020-03-31 15:05:00,5.0,1,20.39999999999699,DV_pressure,199.39999999997008,TP3|H1|DV_pressure|Reservoirs|Oil_temperature
SE_00475,2020-03-31 15:25:00,2020-03-31 15:30:00,5.0,1,8.819999999998748,DV_pressure,9.199999999998662,TP3|H1|DV_pressure|Reservoirs|Oil_temperature|Motor_current
SE_00476,2020-03-31 16:15:00,2020-03-31 16:20:00,5.0,1,26.779999999996186,DV_pressure,60.99999999999079,TP3|H1|DV_pressure|Reservoirs
SE_00477,2020-03-31 16:45:00,2020-03-31 16:50:00,5.0,1,42.39999999999358,DV_pressure,43.99999999999352,TP3|H1|DV_pressure|Reservoirs
SE_00478,2020-03-31 17:35:00,2020-03-31 17:40:00,5.0,1,18.199999999997303,DV_pressure,22.999999999996582,TP3|H1|DV_pressure|Reservoirs|Oil_temperature
SE_00479,2020-03-31 19:15:00,2020-03-31 19:20:00,5.0,1,3.59999999999958,DV_pressure,3.7999999999994407,TP3|H1|DV_pressure|Reservoirs|Oil_temperature
SE_00480,2020-03-31 19:40:00,2020-03-31 19:45:00,5.0,1,1.0076643563952945,H1,5.263681592039804,TP2|TP3|H1|DV_pressure|Reservoirs|Motor_current
SE_00481,2020-03-31 20:05:00,2020-03-31 20:10:00,5.0,1,6.459999999999018,DV_pressure,14.399999999998021,DV_pressure
SE_00482,2020-03-31 22:25:00,2020-03-31 22:35:00,10.0,2,3.19999999999951,DV_pressure,3.19999999999951,TP3|H1|DV_pressure|Reservoirs|Oil_temperature
SE_00483,2020-03-31 22:55:00,2020-03-31 23:00:00,5.0,1,50.039999999992546,DV_pressure,56.599999999991574,TP3|H1|DV_pressure|Reservoirs|Oil_temperature
SE_00484,2020-04-01 00:05:00,2020-04-01 00:10:00,5.0,1,1.2304477611939835,DV_pressure,3.59999999999958,TP3|H1|DV_pressure|Reservoirs|Oil_temperature
SE_00485,2020-04-01 02:50:00,2020-04-01 02:55:00,5.0,1,1.014469809468677,DV_pressure,351.39999999994745,TP3|H1|DV_pressure|Reservoirs|Oil_temperature
SE_00486,2020-04-01 03:15:00,2020-04-01 03:20:00,5.0,1,31.61999999999533,DV_pressure,32.399999999995295,TP3|H1|DV_pressure|Reservoirs|Oil_temperature
SE_00487,2020-04-01 05:10:00,2020-04-01 05:15:00,5.0,1,1.0,DV_pressure,163.79999999997563,DV_pressure
SE_00488,2020-04-01 05:35:00,2020-04-01 05:45:00,10.0,2,3.6199999999995662,DV_pressure,3.7999999999994407,TP3|H1|DV_pressure|Reservoirs|Oil_temperature
SE_00489,2020-04-01 06:45:00,2020-04-01 06:55:00,10.0,2,26.81999999999617,DV_pressure,63.79999999999059,TP2|TP3|H1|DV_pressure|Reservoirs|Oil_temperature|Motor_current
SE_00490,2020-04-01 07:10:00,2020-04-01 07:20:00,10.0,2,4.59999999999923,DV_pressure,19.399999999997164,TP3|H1|DV_pressure|Reservoirs|Oil_temperature
SE_00491,2020-04-01 07:35:00,2020-04-01 07:40:00,5.0,1,1.0248756218905468,DV_pressure,9.79999999999859,TP3|H1|DV_pressure|Reservoirs
SE_00492,2020-04-01 08:45:00,2020-04-01 08:55:00,10.0,2,6.39999999999903,DV_pressure,6.599999999999071,TP3|H1|DV_pressure|Reservoirs|Oil_temperature
SE_00493,2020-04-01 10:00:00,2020-04-01 10:05:00,5.0,1,3.9199999999994293,DV_pressure,11.799999999998251,TP3|H1|DV_pressure
SE_00494,2020-04-01 10:55:00,2020-04-01 11:00:00,5.0,1,1.1095522388059391,TP2,11.823445788980798,TP2|TP3|DV_pressure|Reservoirs|Motor_current
SE_00495,2020-04-01 13:10:00,2020-04-01 13:15:00,5.0,1,1.021922428330524,TP2,6.691862279393822,TP2|TP3|H1|DV_pressure|Reservoirs|Oil_temperature
SE_00496,2020-04-02 10:00:00,2020-04-02 10:05:00,5.0,1,1.045805369127517,TP2,2.4271003085884346,TP2|TP3|H1|DV_pressure|Reservoirs|Motor_current
SE_00497,2020-04-02 10:25:00,2020-04-02 10:30:00,5.0,1,0.9999999999996501,H1,1.0398009950248757,TP3|H1|Reservoirs
SE_00498,2020-04-02 10:45:00,2020-04-02 10:55:00,10.0,2,0.9999999999996501,H1,1.0447761194029854,TP3|H1|Reservoirs
SE_00499,2020-04-02 15:20:00,2020-04-02 15:25:00,5.0,1,1.0016778523489938,TP2,27.538920287090896,TP2|TP3|H1|DV_pressure|Reservoirs|Motor_current
SE_00500,2020-04-02 16:10:00,2020-04-02 16:15:00,5.0,1,0.9963515754560525,TP2,18.142574806698534,TP2|TP3|H1|DV_pressure|Reservoirs|Motor_current
SE_00501,2020-04-02 17:55:00,2020-04-02 18:00:00,5.0,1,1.013196301646081,Oil_temperature,1.0556492411467138,TP3|H1|Reservoirs|Oil_temperature|Motor_current
SE_00502,2020-04-02 18:20:00,2020-04-02 18:25:00,5.0,1,2.1083582089550648,DV_pressure,51.99999999999215,TP3|H1|DV_pressure|Reservoirs|Oil_temperature
SE_00503,2020-04-02 19:15:00,2020-04-02 19:20:00,5.0,1,0.9974369300210589,DV_pressure,297.59999999995546,TP2|TP3|H1|DV_pressure|Reservoirs|Motor_current
SE_00504,2020-04-02 20:30:00,2020-04-02 20:40:00,10.0,2,13.619999999998056,DV_pressure,24.599999999996342,TP2|TP3|H1|DV_pressure|Reservoirs|Oil_temperature|Motor_current
SE_00505,2020-04-02 22:15:00,2020-04-02 22:20:00,5.0,1,4.59999999999923,DV_pressure,4.999999999999311,TP3|H1|DV_pressure|Reservoirs|Oil_temperature
SE_00506,2020-04-03 00:25:00,2020-04-03 00:30:00,5.0,1,2.7999999999996104,DV_pressure,37.59999999999447,DV_pressure|Oil_temperature
SE_00507,2020-04-03 00:50:00,2020-04-03 00:55:00,5.0,1,13.39999999999801,DV_pressure,13.799999999998091,H1|DV_pressure
SE_00508,2020-04-03 02:05:00,2020-04-03 02:10:00,5.0,1,3.8799999999995225,DV_pressure,334.7999999999499,DV_pressure
SE_00509,2020-04-03 03:45:00,2020-04-03 03:50:00,5.0,1,0.994029850746233,DV_pressure,0.9999999999996501,
SE_00510,2020-04-03 04:10:00,2020-04-03 04:15:00,5.0,1,0.9999999999996501,H1,1.0082918739635156,H1
SE_00511,2020-04-03 04:35:00,2020-04-03 04:40:00,5.0,1,0.9999999999996501,H1,1.0265339966832505,TP3|H1|Reservoirs
SE_00512,2020-04-03 05:00:00,2020-04-03 05:05:00,5.0,1,0.9999999999996501,DV_pressure,0.9999999999996501,
SE_00513,2020-04-03 05:55:00,2020-04-03 06:00:00,5.0,1,0.9999999999996501,DV_pressure,240.59999999996398,H1|DV_pressure|Motor_current
SE_00514,2020-04-03 06:20:00,2020-04-03 06:25:00,5.0,1,0.9999999999996501,DV_pressure,1.19999999999987,DV_pressure
SE_00515,2020-04-03 06:40:00,2020-04-03 06:45:00,5.0,1,1.000995024875307,DV_pressure,232.59999999996518,TP2|TP3|H1|DV_pressure|Motor_current
SE_00516,2020-04-03 07:10:00,2020-04-03 07:15:00,5.0,1,0.9999999999996501,DV_pressure,1.19999999999987,H1|DV_pressure
SE_00517,2020-04-03 07:30:00,2020-04-03 07:35:00,5.0,1,0.9999999999996501,TP2,28.977844041468323,TP2|TP3|H1|DV_pressure|Reservoirs|Motor_current
SE_00518,2020-04-03 07:55:00,2020-04-03 08:00:00,5.0,1,0.9999999999996501,DV_pressure,15.999999999997602,TP3|H1|DV_pressure|Reservoirs
SE_00519,2020-04-03 12:45:00,2020-04-03 12:50:00,5.0,1,5.772763080336293,DV_pressure,17.39999999999733,TP2|TP3|DV_pressure|Reservoirs|Oil_temperature|Motor_current
SE_00520,2020-04-03 13:45:00,2020-04-03 13:50:00,5.0,1,1.0084317032040482,Oil_temperature,1.010118043844858,TP2|TP3|H1|Reservoirs|Oil_temperature
SE_00521,2020-04-03 14:15:00,2020-04-03 14:20:00,5.0,1,44.79999999999331,DV_pressure,102.39999999998474,H1|DV_pressure|Oil_temperature|Motor_current
SE_00522,2020-04-03 14:50:00,2020-04-03 14:55:00,5.0,1,1.0153456998313675,H1,1.0265339966832505,TP3|H1|Reservoirs|Oil_temperature
SE_00523,2020-04-03 15:40:00,2020-04-03 15:45:00,5.0,1,0.9949409780775724,Oil_temperature,1.0084317032040482,Oil_temperature
SE_00524,2020-04-03 16:10:00,2020-04-03 16:15:00,5.0,1,1.0349072512647572,Oil_temperature,1.0826306913996644,Oil_temperature
SE_00525,2020-04-03 16:40:00,2020-04-03 16:45:00,5.0,1,1.0143338954468815,Oil_temperature,1.0303541315345712,Oil_temperature
SE_00526,2020-04-03 17:05:00,2020-04-03 17:10:00,5.0,1,39.79999999999399,DV_pressure,40.39999999999392,TP2|TP3|H1|DV_pressure|Reservoirs|Oil_temperature|Motor_current
SE_00527,2020-04-03 19:30:00,2020-04-03 19:40:00,10.0,2,22.19999999999679,DV_pressure,22.599999999996683,TP3|H1|DV_pressure|Reservoirs|Oil_temperature
SE_00528,2020-04-04 03:00:00,2020-04-04 03:05:00,5.0,1,1.0304477611940166,TP2,2.6784785548350927,TP2|TP3|H1|DV_pressure|Reservoirs|Motor_current
SE_00529,2020-04-04 03:30:00,2020-04-04 03:35:00,5.0,1,1.0001658374789553,TP2,15.23872265178023,TP2|TP3|H1|DV_pressure|Reservoirs|Motor_current
SE_00530,2020-04-04 04:00:00,2020-04-04 04:05:00,5.0,1,1.0034825870643618,DV_pressure,3.7999999999994407,TP2|TP3|H1|DV_pressure|Reservoirs|Motor_current
SE_00531,2020-04-04 04:30:00,2020-04-04 04:35:00,5.0,1,1.0002126302360195,TP2,45.326098262888976,TP2|TP3|H1|DV_pressure|Reservoirs|Motor_current
SE_00532,2020-04-04 05:00:00,2020-04-04 05:15:00,15.0,2,0.9999999999996501,H1,1.0232172470978445,TP3|H1|Reservoirs
SE_00533,2020-04-04 05:30:00,2020-04-04 05:40:00,10.0,2,1.0080127884069587,TP2,45.066051801254496,TP2|TP3|H1|DV_pressure|Reservoirs|Motor_current
SE_00534,2020-04-04 06:00:00,2020-04-04 06:05:00,5.0,1,1.0099502487562184,DV_pressure,36.599999999994466,TP3|H1|DV_pressure|Reservoirs
SE_00535,2020-04-04 10:50:00,2020-04-04 10:55:00,5.0,1,11.1999999999985,TP2,13.981831420546937,TP2|TP3|DV_pressure|Reservoirs|Oil_temperature|Motor_current
SE_00536,2020-04-04 14:50:00,2020-04-04 14:55:00,5.0,1,1.0386172006745376,DV_pressure,2.99999999999965,TP2|H1|DV_pressure|Oil_temperature|Motor_current
SE_00537,2020-04-04 15:50:00,2020-04-04 15:55:00,5.0,1,1.0556492411467138,DV_pressure,124.59999999998136,H1|DV_pressure|Oil_temperature
SE_00538,2020-04-04 22:25:00,2020-04-04 22:30:00,5.0,1,1.0051521481966226,DV_pressure,1.79999999999979,TP3|H1|DV_pressure|Oil_temperature
SE_00539,2020-04-04 22:50:00,2020-04-04 22:55:00,5.0,1,1.042158516020238,H1,7.208955223880601,TP2|H1|DV_pressure|Oil_temperature|Motor_current
SE_00540,2020-04-05 00:25:00,2020-04-05 00:30:00,5.0,1,0.9966273187183823,TP2,1.404250892826171,TP2|TP3|H1|DV_pressure|Reservoirs|Oil_temperature
SE_00541,2020-04-05 01:45:00,2020-04-05 01:50:00,5.0,1,1.2119402985074306,TP2,32.67050379667786,TP2|TP3|H1|DV_pressure|Reservoirs|Motor_current
SE_00542,2020-04-05 02:40:00,2020-04-05 02:45:00,5.0,1,1.0116086235489214,DV_pressure,164.19999999997532,TP3|H1|DV_pressure|Reservoirs|Oil_temperature
SE_00543,2020-04-05 10:15:00,2020-04-05 10:20:00,5.0,1,3.59999999999958,DV_pressure,151.59999999997746,DV_pressure
SE_00544,2020-04-05 10:45:00,2020-04-05 10:50:00,5.0,1,1.79999999999979,DV_pressure,1.9999999999996403,TP3|H1|DV_pressure|Reservoirs
SE_00545,2020-04-05 11:35:00,2020-04-05 11:40:00,5.0,1,8.219999999998818,DV_pressure,23.599999999996513,TP3|H1|DV_pressure
SE_00546,2020-04-05 12:00:00,2020-04-05 12:05:00,5.0,1,12.57017787177938,DV_pressure,333.19999999995014,TP2|DV_pressure|Oil_temperature|Motor_current
SE_00547,2020-04-05 13:45:00,2020-04-05 13:50:00,5.0,1,5.6199999999992265,DV_pressure,61.39999999999086,DV_pressure
SE_00548,2020-04-05 14:40:00,2020-04-05 14:45:00,5.0,1,1.0370149253731071,DV_pressure,123.39999999998167,DV_pressure|Motor_current
SE_00549,2020-04-05 15:55:00,2020-04-05 16:00:00,5.0,1,4.39999999999938,DV_pressure,49.39999999999256,TP3|H1|DV_pressure|Oil_temperature
SE_00550,2020-04-05 19:20:00,2020-04-05 19:25:00,5.0,1,23.599999999996513,DV_pressure,23.999999999996593,TP2|TP3|H1|DV_pressure|Reservoirs|Oil_temperature
SE_00551,2020-04-05 21:00:00,2020-04-05 21:05:00,5.0,1,1.0,TP2,5.08824243264789,TP2|TP3|H1|DV_pressure|Reservoirs
SE_00552,2020-04-06 02:10:00,2020-04-06 02:15:00,5.0,1,2.459999999999792,DV_pressure,479.59999999992823,DV_pressure
SE_00553,2020-04-06 10:00:00,2020-04-06 10:05:00,5.0,1,3.047430830039524,TP3,3.604743083003951,TP3|Reservoirs
SE_00554,2020-04-06 11:25:00,2020-04-06 11:55:00,30.0,6,3.9126240578146763,Motor_current,3.9126240578146763,TP2|TP3|H1|Reservoirs|Motor_current
SE_00555,2020-04-06 14:10:00,2020-04-06 18:30:00,260.0,23,334.7999999999499,DV_pressure,986.1999999998521,TP2|TP3|H1|DV_pressure|Reservoirs|Oil_temperature|Motor_current
SE_00556,2020-04-06 18:55:00,2020-04-06 20:30:00,95.0,7,4.219999999999506,DV_pressure,398.99999999994037,TP2|TP3|H1|DV_pressure|Reservoirs|Oil_temperature|Motor_current
SE_00557,2020-04-06 20:55:00,2020-04-06 21:15:00,20.0,2,1.0165261382799335,TP2,44.77133247806876,TP2|TP3|H1|DV_pressure|Reservoirs|Oil_temperature|Motor_current
SE_00558,2020-04-06 21:40:00,2020-04-06 22:45:00,65.0,5,1.0505902192242853,DV_pressure,21.879060771810664,TP2|TP3|H1|DV_pressure|Reservoirs|Oil_temperature|Motor_current
SE_00559,2020-04-06 23:00:00,2020-04-07 03:30:00,270.0,22,1.59999999999994,DV_pressure,621.5999999999069,TP2|TP3|H1|DV_pressure|Reservoirs|Oil_temperature|Motor_current
SE_00560,2020-04-07 03:50:00,2020-04-07 03:55:00,5.0,1,1.009106239460372,Oil_temperature,1.0303541315345712,Oil_temperature
SE_00561,2020-04-07 07:00:00,2020-04-07 07:05:00,5.0,1,10.399999999998531,DV_pressure,13.39999999999801,DV_pressure
SE_00562,2020-04-07 10:30:00,2020-04-07 10:35:00,5.0,1,0.9966273187183823,DV_pressure,18.99999999999727,TP2|TP3|DV_pressure|Reservoirs|Oil_temperature
SE_00563,2020-04-07 12:35:00,2020-04-07 12:40:00,5.0,1,1.0303541315345712,Oil_temperature,1.0489038785834746,TP3|H1|Reservoirs|Oil_temperature
SE_00564,2020-04-07 13:05:00,2020-04-07 13:10:00,5.0,1,88.13999999998686,DV_pressure,605.9999999999092,TP3|H1|DV_pressure|Reservoirs|Oil_temperature
SE_00565,2020-04-07 19:20:00,2020-04-07 19:25:00,5.0,1,21.79999999999672,DV_pressure,23.999999999996593,TP3|H1|DV_pressure|Reservoirs
SE_00566,2020-04-07 20:25:00,2020-04-07 20:30:00,5.0,1,1.1053970223325078,DV_pressure,10.399999999998531,TP2|H1|DV_pressure|Motor_current
SE_00567,2020-04-07 21:30:00,2020-04-07 21:35:00,5.0,1,8.999999999998622,DV_pressure,30.59744341361643,TP2|TP3|H1|DV_pressure|Motor_current
SE_00568,2020-04-07 23:10:00,2020-04-07 23:15:00,5.0,1,120.419999999982,DV_pressure,121.39999999998182,TP3|H1|DV_pressure|Reservoirs
SE_00569,2020-04-08 01:20:00,2020-04-08 01:30:00,10.0,2,172.93999999997422,DV_pressure,236.19999999996477,TP2|TP3|H1|DV_pressure|Reservoirs
SE_00570,2020-04-08 06:10:00,2020-04-08 06:15:00,5.0,1,1.0229820344676968,DV_pressure,34.999999999994884,TP2|DV_pressure|Motor_current
SE_00571,2020-04-08 08:45:00,2020-04-08 08:50:00,5.0,1,87.59999999998698,DV_pressure,107.39999999998406,H1|DV_pressure
SE_00572,2020-04-08 09:45:00,2020-04-08 09:50:00,5.0,1,32.11999999999529,DV_pressure,42.19999999999372,DV_pressure
SE_00573,2020-04-08 10:45:00,2020-04-08 10:50:00,5.0,1,30.27999999999542,DV_pressure,233.19999999996512,DV_pressure
SE_00574,2020-04-08 11:55:00,2020-04-08 12:00:00,5.0,1,1.0,DV_pressure,1.0,
SE_00575,2020-04-08 14:10:00,2020-04-08 14:15:00,5.0,1,10.619999999998548,DV_pressure,31.599999999995326,DV_pressure
SE_00576,2020-04-08 15:45:00,2020-04-08 15:50:00,5.0,1,101.51999999998489,DV_pressure,211.9999999999683,DV_pressure
SE_00577,2020-04-08 16:50:00,2020-04-08 16:55:00,5.0,1,140.799999999979,DV_pressure,240.99999999996388,TP2|TP3|H1|DV_pressure|Reservoirs|Motor_current
SE_00578,2020-04-09 06:15:00,2020-04-09 06:20:00,5.0,1,1.0360225653505186,DV_pressure,30.199999999995423,TP2|TP3|H1|DV_pressure|Reservoirs|Motor_current
SE_00579,2020-04-09 07:50:00,2020-04-09 07:55:00,5.0,1,0.9987917055392873,DV_pressure,51.19999999999236,TP3|H1|DV_pressure|Reservoirs
SE_00580,2020-04-10 00:30:00,2020-04-10 00:40:00,10.0,2,213.99999999996797,DV_pressure,216.19999999996767,TP3|H1|DV_pressure|Reservoirs
SE_00581,2020-04-10 07:55:00,2020-04-10 08:05:00,10.0,2,82.01999999998773,DV_pressure,83.99999999998738,H1|DV_pressure
SE_00582,2020-04-10 10:05:00,2020-04-10 10:10:00,5.0,1,3.19999999999951,DV_pressure,3.7999999999994407,TP3|H1|DV_pressure
SE_00583,2020-04-10 14:45:00,2020-04-10 14:50:00,5.0,1,173.7999999999739,DV_pressure,174.79999999997392,DV_pressure
SE_00584,2020-04-10 15:15:00,2020-04-10 15:20:00,5.0,1,39.83999999999397,DV_pressure,56.99999999999147,DV_pressure
SE_00585,2020-04-10 15:40:00,2020-04-10 15:45:00,5.0,1,50.23999999999252,DV_pressure,274.7999999999589,TP2|TP3|H1|DV_pressure|Reservoirs|Motor_current
SE_00586,2020-04-10 16:05:00,2020-04-10 16:15:00,10.0,2,171.4599999999745,DV_pressure,241.39999999996397,TP2|TP3|H1|DV_pressure|Reservoirs|Motor_current
SE_00587,2020-04-10 17:55:00,2020-04-10 18:00:00,5.0,1,0.9948590381426204,DV_pressure,204.19999999996955,TP2|TP3|H1|DV_pressure|Reservoirs|Motor_current
SE_00588,2020-04-10 18:20:00,2020-04-10 18:25:00,5.0,1,43.19999999999355,DV_pressure,62.19999999999065,TP2|TP3|H1|DV_pressure|Reservoirs|Motor_current
SE_00589,2020-04-10 20:35:00,2020-04-10 20:40:00,5.0,1,1.0659701492537255,DV_pressure,706.3999999998941,TP3|H1|DV_pressure
SE_00590,2020-04-10 23:10:00,2020-04-10 23:15:00,5.0,1,1.59999999999994,DV_pressure,16.59999999999754,DV_pressure
SE_00591,2020-04-11 00:25:00,2020-04-11 00:30:00,5.0,1,6.419999999999034,DV_pressure,40.799999999994,TP3|H1|DV_pressure
SE_00592,2020-04-11 04:50:00,2020-04-11 04:55:00,5.0,1,1.763372859025032,TP3,2.1343873517786554,TP3|H1|Reservoirs
SE_00593,2020-04-11 08:30:00,2020-04-11 08:35:00,5.0,1,70.87999999998955,DV_pressure,134.59999999997984,H1|DV_pressure
SE_00594,2020-04-11 09:20:00,2020-04-11 09:25:00,5.0,1,58.399999999991195,DV_pressure,59.7999999999911,TP3|H1|DV_pressure|Reservoirs
SE_00595,2020-04-11 11:00:00,2020-04-11 11:10:00,10.0,2,107.45999999998405,DV_pressure,121.59999999998188,TP2|TP3|H1|DV_pressure|Reservoirs
SE_00596,2020-04-11 12:20:00,2020-04-11 12:25:00,5.0,1,1.5274626865670884,TP2,43.375749800630416,TP2|TP3|H1|DV_pressure|Reservoirs|Motor_current
SE_00597,2020-04-11 12:50:00,2020-04-11 12:55:00,5.0,1,31.719999999995295,DV_pressure,33.99999999999488,H1|DV_pressure
SE_00598,2020-04-11 13:15:00,2020-04-11 13:20:00,5.0,1,24.439999999996317,DV_pressure,25.599999999996175,DV_pressure
SE_00599,2020-04-11 14:35:00,2020-04-11 14:40:00,5.0,1,34.61999999999481,DV_pressure,52.999999999992156,TP2|TP3|DV_pressure|Reservoirs|Motor_current
SE_00600,2020-04-11 15:25:00,2020-04-11 15:30:00,5.0,1,113.43999999998304,DV_pressure,475.39999999992887,DV_pressure
SE_00601,2020-04-11 16:45:00,2020-04-11 16:50:00,5.0,1,1.1358427709748347,DV_pressure,42.19999999999372,TP2|TP3|H1|DV_pressure|Reservoirs
SE_00602,2020-04-11 19:20:00,2020-04-11 19:25:00,5.0,1,156.1999999999767,DV_pressure,507.19999999992405,TP3|H1|DV_pressure|Reservoirs|Motor_current
SE_00603,2020-04-11 20:40:00,2020-04-11 20:45:00,5.0,1,3.7579104477608123,DV_pressure,53.59999999999209,TP3|H1|DV_pressure|Reservoirs
SE_00604,2020-04-11 21:55:00,2020-04-11 22:00:00,5.0,1,82.03999999998773,DV_pressure,758.9999999998862,TP2|TP3|H1|DV_pressure|Reservoirs|Motor_current
SE_00605,2020-04-11 23:15:00,2020-04-11 23:20:00,5.0,1,1.0549253731343007,DV_pressure,55.599999999991745,TP3|H1|DV_pressure|Reservoirs
SE_00606,2020-04-11 23:40:00,2020-04-11 23:50:00,10.0,2,15.399999999997672,DV_pressure,26.199999999996102,TP3|H1|DV_pressure|Reservoirs
SE_00607,2020-04-12 04:45:00,2020-04-12 04:50:00,5.0,1,3.070750988142291,TP3,3.335968379446639,TP3|Reservoirs|Oil_temperature
SE_00608,2020-04-12 11:20:00,2020-04-12 11:25:00,5.0,1,155.91999999997677,DV_pressure,213.59999999996808,TP3|H1|DV_pressure|Reservoirs
SE_00609,2020-04-12 11:50:00,2020-04-12 23:40:00,710.0,142,195.33999999997084,DV_pressure,645.1999999999033,TP3|H1|DV_pressure|Reservoirs|Oil_temperature
SE_00610,2020-04-13 07:10:00,2020-04-13 07:15:00,5.0,1,1.0601953932695898,DV_pressure,34.027379045661334,TP2|TP3|H1|DV_pressure|Reservoirs|Motor_current
SE_00611,2020-04-13 07:45:00,2020-04-13 07:50:00,5.0,1,1.0797703032388735,DV_pressure,636.5999999999048,TP2|TP3|H1|DV_pressure|Reservoirs|Motor_current
SE_00612,2020-04-13 08:20:00,2020-04-13 08:25:00,5.0,1,188.61999999997184,DV_pressure,255.9999999999617,TP2|TP3|H1|DV_pressure|Reservoirs|Motor_current
SE_00613,2020-04-13 10:25:00,2020-04-13 10:30:00,5.0,1,1.686138397744197,DV_pressure,111.19999999998352,TP2|TP3|H1|DV_pressure|Reservoirs
SE_00614,2020-04-13 16:40:00,2020-04-13 16:45:00,5.0,1,2.835704874835308,TP3,3.0816864295125144,TP3|Reservoirs|Oil_temperature
SE_00615,2020-04-13 18:25:00,2020-04-13 18:30:00,5.0,1,1.0215588723051408,H1,1.0215588723051408,TP3|H1|Reservoirs|Motor_current
SE_00616,2020-04-14 02:35:00,2020-04-14 03:10:00,35.0,6,1.2091062394603709,DV_pressure,23.6318032093314,TP2|TP3|H1|DV_pressure|Reservoirs|Oil_temperature|Motor_current
SE_00617,2020-04-14 03:30:00,2020-04-14 03:45:00,15.0,3,1.053962900505903,DV_pressure,1.19999999999987,TP2|TP3|H1|DV_pressure|Reservoirs|Oil_temperature
SE_00618,2020-04-14 04:10:00,2020-04-14 04:15:00,5.0,1,1.0058982383368518,DV_pressure,1.39999999999972,TP3|H1|DV_pressure|Reservoirs|Motor_current
SE_00619,2020-04-14 04:45:00,2020-04-14 04:50:00,5.0,1,0.9999999999996501,H1,1.0165837479270312,TP3|H1|Reservoirs|Motor_current
SE_00620,2020-04-14 05:15:00,2020-04-14 05:20:00,5.0,1,0.9999999999996501,DV_pressure,10.123598561542222,TP2|TP3|H1|DV_pressure|Reservoirs
SE_00621,2020-04-14 05:45:00,2020-04-14 05:55:00,10.0,2,0.9999999999996501,TP2,45.204743247459554,TP2|TP3|H1|DV_pressure|Reservoirs|Motor_current
SE_00622,2020-04-14 06:25:00,2020-04-14 06:30:00,5.0,1,0.9999999999996501,Motor_current,1.375059269796132,TP3|H1|Reservoirs|Motor_current
SE_00623,2020-04-14 07:30:00,2020-04-14 07:40:00,10.0,2,2.7622193345621553,DV_pressure,296.7999999999556,TP2|TP3|H1|DV_pressure|Reservoirs|Motor_current
SE_00624,2020-04-14 13:45:00,2020-04-14 13:50:00,5.0,1,1.0018242122719736,TP2,43.20238549287409,TP2|TP3|H1|DV_pressure|Reservoirs|Motor_current
SE_00625,2020-04-14 14:20:00,2020-04-14 14:25:00,5.0,1,3.027690912936696,DV_pressure,9.199999999998662,TP2|DV_pressure
SE_00626,2020-04-14 14:55:00,2020-04-14 15:00:00,5.0,1,2.484477611940094,DV_pressure,186.39999999997212,TP3|H1|DV_pressure
SE_00627,2020-04-15 01:45:00,2020-04-15 01:55:00,10.0,2,74.33999999998893,DV_pressure,112.59999999998323,TP3|H1|DV_pressure|Reservoirs
SE_00628,2020-04-15 11:00:00,2020-04-15 11:05:00,5.0,1,25.599999999996175,DV_pressure,522.9999999999217,H1|DV_pressure
SE_00629,2020-04-15 15:00:00,2020-04-15 15:10:00,10.0,2,14.219999999997823,DV_pressure,15.999999999997602,DV_pressure
SE_00630,2020-04-15 18:25:00,2020-04-15 18:30:00,5.0,1,1.4495443174570992,DV_pressure,82.3999999999878,DV_pressure
SE_00631,2020-04-15 19:05:00,2020-04-15 19:10:00,5.0,1,74.87999999998887,DV_pressure,83.99999999998738,DV_pressure
SE_00632,2020-04-15 20:25:00,2020-04-15 20:30:00,5.0,1,13.497611940296892,DV_pressure,483.9999999999274,H1|DV_pressure|Motor_current
SE_00633,2020-04-15 20:50:00,2020-04-15 20:55:00,5.0,1,20.599999999996992,DV_pressure,195.1999999999709,DV_pressure|Motor_current
SE_00634,2020-04-15 22:10:00,2020-04-15 22:20:00,10.0,2,37.67999999999445,DV_pressure,40.19999999999406,TP2|TP3|H1|DV_pressure|Reservoirs|Motor_current
SE_00635,2020-04-15 23:00:00,2020-04-15 23:10:00,10.0,2,24.79999999999638,TP2,38.59089490655607,TP2|TP3|H1|DV_pressure|Reservoirs|Motor_current
SE_00636,2020-04-16 00:20:00,2020-04-16 00:25:00,5.0,1,206.01999999996917,DV_pressure,206.79999999996915,DV_pressure
SE_00637,2020-04-16 02:30:00,2020-04-16 02:35:00,5.0,1,211.1399999999685,DV_pressure,217.59999999996757,TP2|TP3|H1|DV_pressure|Reservoirs|Motor_current
SE_00638,2020-04-16 04:20:00,2020-04-16 04:25:00,5.0,1,131.59999999998035,DV_pressure,175.1999999999738,TP2|TP3|H1|DV_pressure|Reservoirs|Motor_current
SE_00639,2020-04-16 06:00:00,2020-04-16 06:05:00,5.0,1,62.839999999990596,DV_pressure,99.79999999998513,TP2|TP3|H1|DV_pressure|Reservoirs|Motor_current
SE_00640,2020-04-16 07:25:00,2020-04-16 07:30:00,5.0,1,50.19999999999253,DV_pressure,64.19999999999031,TP2|TP3|DV_pressure|Reservoirs|Motor_current
SE_00641,2020-04-16 10:30:00,2020-04-16 10:40:00,10.0,2,154.83999999997695,DV_pressure,183.39999999997247,TP2|TP3|H1|DV_pressure|Reservoirs|Motor_current
SE_00642,2020-04-16 13:15:00,2020-04-16 13:20:00,5.0,1,17.7999999999974,DV_pressure,22.599999999996683,H1|DV_pressure|Motor_current
SE_00643,2020-04-16 13:50:00,2020-04-16 13:55:00,5.0,1,45.55999999999336,DV_pressure,219.59999999996722,DV_pressure
SE_00644,2020-04-16 15:40:00,2020-04-16 15:45:00,5.0,1,1.0132669983416251,DV_pressure,67.79999999998991,TP2|TP3|H1|DV_pressure|Reservoirs
SE_00645,2020-04-16 16:45:00,2020-04-16 16:50:00,5.0,1,46.87999999999297,DV_pressure,48.999999999992845,TP3|H1|DV_pressure|Reservoirs
SE_00646,2020-04-16 17:20:00,2020-04-16 17:25:00,5.0,1,3.6399999999996346,DV_pressure,33.199999999995086,DV_pressure
SE_00647,2020-04-16 17:55:00,2020-04-16 18:00:00,5.0,1,3.59999999999958,DV_pressure,3.7999999999994407,DV_pressure
SE_00648,2020-04-16 21:15:00,2020-04-16 21:25:00,10.0,2,199.99999999997002,DV_pressure,257.5999999999614,TP2|TP3|H1|DV_pressure|Reservoirs
SE_00649,2020-04-16 22:30:00,2020-04-16 22:40:00,10.0,2,48.59999999999277,DV_pressure,49.9999999999925,TP2|TP3|H1|DV_pressure|Reservoirs|Motor_current
SE_00650,2020-04-16 23:50:00,2020-04-16 23:55:00,5.0,1,60.39999999999103,DV_pressure,76.59999999998868,TP3|H1|DV_pressure|Reservoirs
SE_00651,2020-04-17 00:15:00,2020-04-17 00:20:00,5.0,1,31.65999999999532,DV_pressure,32.999999999995225,H1|DV_pressure
SE_00652,2020-04-17 04:40:00,2020-04-17 04:45:00,5.0,1,1.6234519104084313,TP3,2.0724637681159406,TP3|H1|Reservoirs|Oil_temperature
SE_00653,2020-04-17 08:15:00,2020-04-17 08:20:00,5.0,1,1.0008291873963515,DV_pressure,52.19999999999219,TP2|TP3|H1|DV_pressure|Reservoirs|Motor_current
SE_00654,2020-04-18 00:25:00,2020-04-19 02:00:00,1535.0,307,207.39999999996908,DV_pressure,208.19999999996887,H1|DV_pressure|Oil_temperature|Motor_current
SE_00655,2020-04-19 02:40:00,2020-04-19 02:55:00,15.0,3,4.125955204216072,TP3,4.292490118577073,TP3|H1|Reservoirs|Oil_temperature
SE_00656,2020-04-19 03:15:00,2020-04-19 03:20:00,5.0,1,1.087893864013267,TP2,46.3229430324878,TP2|TP3|H1|DV_pressure|Reservoirs|Motor_current
SE_00657,2020-04-19 03:40:00,2020-04-19 03:45:00,5.0,1,1.0642617449664444,Motor_current,1.3129281731822753,TP2|TP3|H1|Reservoirs|Motor_current
SE_00658,2020-04-19 04:30:00,2020-04-19 04:35:00,5.0,1,1.0704697986577194,DV_pressure,453.3999999999321,TP3|H1|DV_pressure|Reservoirs|Motor_current
SE_00659,2020-04-19 06:10:00,2020-04-19 06:15:00,5.0,1,1.0082918739635158,DV_pressure,617.3999999999075,TP3|H1|DV_pressure|Reservoirs
SE_00660,2020-04-19 08:40:00,2020-04-19 08:45:00,5.0,1,0.9980391665831914,DV_pressure,14.73210238433384,TP2|TP3|H1|DV_pressure|Reservoirs|Motor_current
SE_00661,2020-04-19 09:05:00,2020-04-19 09:10:00,5.0,1,1.0386401326699835,DV_pressure,490.9999999999265,TP2|TP3|H1|DV_pressure|Reservoirs|Motor_current
SE_00662,2020-04-19 10:20:00,2020-04-19 10:25:00,5.0,1,0.9963788440348587,H1,1.101160862354892,TP3|H1|Reservoirs
SE_00663,2020-04-19 10:45:00,2020-04-19 10:50:00,5.0,1,1.0,H1,1.1111111111111114,TP3|H1|Reservoirs
SE_00664,2020-04-19 11:10:00,2020-04-19 11:15:00,5.0,1,0.9974832214765114,H1,1.0895522388059706,TP3|H1|Reservoirs
SE_00665,2020-04-19 11:40:00,2020-04-19 11:45:00,5.0,1,1.0234899328859064,H1,1.1061359867330018,TP3|H1|Reservoirs
SE_00666,2020-04-19 12:05:00,2020-04-19 12:10:00,5.0,1,2.39999999999972,DV_pressure,2.59999999999958,TP3|H1|DV_pressure|Reservoirs
SE_00667,2020-04-19 12:30:00,2020-04-19 12:35:00,5.0,1,0.9991610738255039,H1,1.0945273631840788,TP3|H1|Reservoirs
SE_00668,2020-04-19 12:55:00,2020-04-19 13:00:00,5.0,1,1.0151006711409403,DV_pressure,6.043939439726706,TP2|TP3|H1|DV_pressure|Reservoirs
SE_00669,2020-04-19 13:50:00,2020-04-19 13:55:00,5.0,1,1.0162264738945095,H1,1.1177446102819233,TP3|H1|Reservoirs
SE_00670,2020-04-19 14:15:00,2020-04-19 14:20:00,5.0,1,1.0402985074626871,TP2,43.15037620054721,TP2|TP3|H1|DV_pressure|Reservoirs|Motor_current
SE_00671,2020-04-19 19:40:00,2020-04-19 19:50:00,10.0,2,147.49999999997803,DV_pressure,201.79999999996983,TP3|H1|DV_pressure|Reservoirs
SE_00672,2020-04-19 22:25:00,2020-04-19 22:30:00,5.0,1,2.352238805969962,DV_pressure,268.59999999995983,TP2|TP3|H1|DV_pressure|Reservoirs|Motor_current
SE_00673,2020-04-19 23:35:00,2020-04-19 23:40:00,5.0,1,10.019999999998618,DV_pressure,10.59999999999856,TP2|TP3|H1|DV_pressure|Reservoirs
SE_00674,2020-04-20 01:45:00,2020-04-20 01:50:00,5.0,1,151.67999999997744,DV_pressure,154.19999999997705,TP3|H1|DV_pressure|Reservoirs
SE_00675,2020-04-20 02:15:00,2020-04-20 02:25:00,10.0,2,6.39999999999903,DV_pressure,11.999999999998291,TP3|H1|DV_pressure|Reservoirs
SE_00676,2020-04-21 06:45:00,2020-04-21 06:55:00,10.0,2,2.39999999999972,DV_pressure,4.79999999999945,TP2|TP3|H1|DV_pressure|Reservoirs|Motor_current
SE_00677,2020-04-21 15:45:00,2020-04-21 15:50:00,5.0,1,0.9983416252072963,DV_pressure,231.39999999996536,TP3|H1|DV_pressure|Reservoirs
SE_00678,2020-04-21 16:40:00,2020-04-21 16:45:00,5.0,1,0.9997873697639805,H1,1.0746268656716418,TP3|H1|Reservoirs
SE_00679,2020-04-22 05:40:00,2020-04-22 05:45:00,5.0,1,0.994029850746233,H1,1.0364842454394698,TP3|H1|Reservoirs
SE_00680,2020-04-22 10:30:00,2020-04-22 10:35:00,5.0,1,0.9950248756218903,DV_pressure,18.59999999999719,TP3|H1|DV_pressure|Reservoirs|Motor_current
SE_00681,2020-04-22 14:35:00,2020-04-22 14:40:00,5.0,1,1.0369817578772798,DV_pressure,164.79999999997526,TP3|H1|DV_pressure|Reservoirs
SE_00682,2020-04-22 15:05:00,2020-04-22 15:10:00,5.0,1,1.39999999999972,DV_pressure,1.39999999999972,TP3|H1|DV_pressure|Reservoirs
SE_00683,2020-04-23 04:25:00,2020-04-23 04:30:00,5.0,1,74.05999999998907,DV_pressure,75.79999999998871,TP2|TP3|H1|DV_pressure|Reservoirs
SE_00684,2020-04-23 04:50:00,2020-04-23 05:00:00,10.0,2,18.199999999997303,DV_pressure,19.199999999997132,TP3|H1|DV_pressure|Reservoirs
SE_00685,2020-04-23 06:25:00,2020-04-23 06:30:00,5.0,1,0.9992345311502947,DV_pressure,42.59466320147392,TP2|TP3|H1|DV_pressure|Reservoirs|Motor_current
SE_00686,2020-04-23 06:55:00,2020-04-23 07:05:00,10.0,2,102.53999999998472,DV_pressure,116.79999999998259,TP3|H1|DV_pressure|Reservoirs
SE_00687,2020-04-23 07:35:00,2020-04-23 07:40:00,5.0,1,0.9946932006633501,TP2,31.14489788842228,TP2|TP3|H1|DV_pressure|Reservoirs|Motor_current
SE_00688,2020-04-23 09:20:00,2020-04-23 09:25:00,5.0,1,1.4958208955223187,DV_pressure,5.7999999999991,TP3|H1|DV_pressure|Reservoirs
SE_00689,2020-04-23 11:35:00,2020-04-23 11:45:00,10.0,2,8.499999999998893,DV_pressure,13.999999999997941,TP3|H1|DV_pressure|Reservoirs|Motor_current
SE_00690,2020-04-23 20:10:00,2020-04-23 20:15:00,5.0,1,21.619999999996846,DV_pressure,35.13039799341145,TP2|TP3|H1|DV_pressure|Reservoirs|Motor_current
SE_00691,2020-04-23 21:25:00,2020-04-23 21:30:00,5.0,1,13.419999999998016,DV_pressure,33.199999999995086,TP3|H1|DV_pressure|Reservoirs
SE_00692,2020-04-23 23:10:00,2020-04-23 23:15:00,5.0,1,4.3214166994045975,TP2,45.43878506293058,TP2|TP3|H1|DV_pressure|Reservoirs|Motor_current
SE_00693,2020-04-24 03:40:00,2020-04-24 03:45:00,5.0,1,1.00151806704658,DV_pressure,1.3749962225378267,TP2|TP3|H1|DV_pressure|Reservoirs
SE_00694,2020-04-24 10:15:00,2020-04-24 10:20:00,5.0,1,66.81999999999002,DV_pressure,70.19999999998964,TP3|H1|DV_pressure|Reservoirs
SE_00695,2020-04-24 12:05:00,2020-04-24 12:10:00,5.0,1,1.0090604026845647,TP2,45.69883152456506,TP2|TP3|H1|DV_pressure|Reservoirs|Motor_current
SE_00696,2020-04-24 13:10:00,2020-04-24 13:15:00,5.0,1,28.419999999995806,DV_pressure,29.19999999999577,TP3|H1|DV_pressure|Reservoirs
SE_00697,2020-04-24 14:20:00,2020-04-24 14:25:00,5.0,1,0.9991357530023266,DV_pressure,10.199999999998491,TP3|H1|DV_pressure|Reservoirs
SE_00698,2020-04-24 14:55:00,2020-04-24 15:05:00,10.0,2,7.622089552237917,DV_pressure,97.39999999998543,TP3|H1|DV_pressure|Reservoirs
SE_00699,2020-04-24 17:10:00,2020-04-24 17:20:00,10.0,2,237.25999999996444,DV_pressure,238.39999999996434,TP3|H1|DV_pressure|Reservoirs
SE_00700,2020-04-25 00:10:00,2020-04-25 00:15:00,5.0,1,1.1352238805969947,DV_pressure,1.9999999999996403,TP3|H1|DV_pressure|Reservoirs
SE_00701,2020-04-25 00:30:00,2020-04-25 01:10:00,40.0,8,3.914259086672936,Motor_current,3.914259086672936,TP2|TP3|Reservoirs|Motor_current
SE_00702,2020-04-27 02:10:00,2020-04-27 02:15:00,5.0,1,1.0006711409392826,H1,1.0646766169154225,TP3|H1|Reservoirs
SE_00703,2020-04-27 04:40:00,2020-04-27 04:45:00,5.0,1,18.979999999997197,DV_pressure,20.99999999999692,TP3|H1|DV_pressure|Reservoirs
SE_00704,2020-04-27 06:25:00,2020-04-27 06:35:00,10.0,2,5.199999999999171,DV_pressure,5.7999999999991,TP3|H1|DV_pressure|Reservoirs
SE_00705,2020-04-27 08:20:00,2020-04-27 08:25:00,5.0,1,1.049751243781095,DV_pressure,74.39999999998881,TP3|H1|DV_pressure|Reservoirs
SE_00706,2020-04-27 12:50:00,2020-04-27 12:55:00,5.0,1,14.219999999997823,DV_pressure,477.3999999999285,TP3|H1|DV_pressure|Reservoirs
SE_00707,2020-04-27 13:20:00,2020-04-27 13:30:00,10.0,2,141.2799999999789,DV_pressure,209.1999999999687,TP3|H1|DV_pressure|Reservoirs
SE_00708,2020-04-27 14:00:00,2020-04-27 14:05:00,5.0,1,1.0829187396351574,DV_pressure,189.99999999997158,TP3|H1|DV_pressure|Reservoirs
SE_00709,2020-04-27 14:30:00,2020-04-27 14:35:00,5.0,1,46.03999999999317,DV_pressure,635.1999999999048,TP3|H1|DV_pressure|Reservoirs|Motor_current
SE_00710,2020-04-27 18:15:00,2020-04-27 18:20:00,5.0,1,4.39999999999938,DV_pressure,4.59999999999923,TP3|H1|DV_pressure|Reservoirs
SE_00711,2020-04-27 18:45:00,2020-04-27 19:05:00,20.0,4,176.41999999997367,DV_pressure,489.39999999992676,TP3|H1|DV_pressure|Reservoirs|Oil_temperature
SE_00712,2020-04-27 22:55:00,2020-04-27 23:00:00,5.0,1,1.0824494130139812,TP3,1.4677206851119886,TP3|H1|Reservoirs
SE_00713,2020-04-27 23:25:00,2020-04-27 23:30:00,5.0,1,0.9939597315435897,H1,1.069651741293532,TP3|H1|Reservoirs
SE_00714,2020-04-28 01:05:00,2020-04-28 01:10:00,5.0,1,10.799999999998422,DV_pressure,122.39999999998167,TP2|TP3|H1|DV_pressure|Reservoirs|Motor_current
SE_00715,2020-04-28 01:35:00,2020-04-28 01:45:00,10.0,2,82.59999999998766,DV_pressure,198.5999999999703,TP3|H1|DV_pressure|Reservoirs
SE_00716,2020-04-28 02:40:00,2020-04-28 02:50:00,10.0,2,41.41999999999392,DV_pressure,42.5999999999938,TP3|H1|DV_pressure|Reservoirs
SE_00717,2020-04-28 04:50:00,2020-04-28 04:55:00,5.0,1,40.619999999993965,DV_pressure,41.39999999999393,TP2|TP3|H1|DV_pressure|Reservoirs
SE_00718,2020-04-28 05:15:00,2020-04-28 05:20:00,5.0,1,17.239999999997476,DV_pressure,17.7999999999974,TP3|H1|DV_pressure|Reservoirs
SE_00719,2020-04-28 10:05:00,2020-04-28 10:10:00,5.0,1,0.9937965260545909,DV_pressure,23.999999999996593,TP3|H1|DV_pressure|Reservoirs
SE_00720,2020-04-28 11:30:00,2020-04-28 11:40:00,10.0,2,86.859999999987,DV_pressure,709.9999999998937,TP2|TP3|H1|DV_pressure|Reservoirs|Motor_current
SE_00721,2020-04-28 16:05:00,2020-04-28 16:10:00,5.0,1,1.026699834162521,DV_pressure,43.96965942401175,TP2|TP3|H1|DV_pressure|Reservoirs|Motor_current
SE_00722,2020-04-28 16:30:00,2020-04-28 16:35:00,5.0,1,11.59999999999821,DV_pressure,11.799999999998251,TP3|H1|DV_pressure|Reservoirs
SE_00723,2020-04-28 18:25:00,2020-04-28 18:30:00,5.0,1,1.0,DV_pressure,27.79999999999587,DV_pressure
SE_00724,2020-04-28 19:00:00,2020-04-28 19:05:00,5.0,1,89.19999999998656,DV_pressure,92.99999999998602,TP2|TP3|H1|DV_pressure|Reservoirs|Motor_current
SE_00725,2020-04-29 02:45:00,2020-04-29 02:55:00,10.0,2,132.4799999999803,DV_pressure,610.3999999999086,TP3|H1|DV_pressure|Reservoirs
SE_00726,2020-04-29 03:25:00,2020-04-29 04:05:00,40.0,8,185.4399999999723,DV_pressure,185.99999999997206,TP2|TP3|H1|DV_pressure|Reservoirs|Oil_temperature|Motor_current
SE_00727,2020-04-29 04:30:00,2020-04-29 04:40:00,10.0,2,74.89999999998886,DV_pressure,80.39999999998797,TP2|TP3|H1|DV_pressure|Reservoirs|Motor_current
SE_00728,2020-04-29 05:05:00,2020-04-29 05:10:00,5.0,1,48.79999999999263,DV_pressure,49.5999999999926,TP3|H1|DV_pressure|Reservoirs
SE_00729,2020-04-29 05:30:00,2020-04-29 05:40:00,10.0,2,25.259999999996268,DV_pressure,26.9999999999959,TP3|H1|DV_pressure|Reservoirs
SE_00730,2020-04-29 07:25:00,2020-04-29 07:30:00,5.0,1,15.279999999997793,DV_pressure,180.19999999997296,DV_pressure
SE_00731,2020-04-29 08:55:00,2020-04-29 09:00:00,5.0,1,3.296716417910145,DV_pressure,27.199999999995935,TP3|H1|DV_pressure|Reservoirs
SE_00732,2020-04-29 15:15:00,2020-04-29 15:20:00,5.0,1,6.599999999999071,DV_pressure,6.79999999999911,TP3|H1|DV_pressure|Reservoirs
SE_00733,2020-04-29 17:10:00,2020-04-29 17:20:00,10.0,2,18.059999999997256,DV_pressure,19.599999999997202,TP3|H1|DV_pressure|Reservoirs
SE_00734,2020-04-29 18:15:00,2020-04-29 18:20:00,5.0,1,1.59999999999994,DV_pressure,3.9285606358223513,TP2|TP3|H1|DV_pressure|Reservoirs
SE_00735,2020-04-29 18:40:00,2020-04-29 18:50:00,10.0,2,6.79999999999911,DV_pressure,8.19999999999883,TP3|H1|DV_pressure|Reservoirs
SE_00736,2020-04-29 20:50:00,2020-04-29 20:55:00,5.0,1,5.6199999999992265,DV_pressure,6.199999999999171,TP3|H1|DV_pressure|Reservoirs
SE_00737,2020-04-29 21:10:00,2020-04-29 21:15:00,5.0,1,19.63999999999719,DV_pressure,20.599999999996854,TP2|TP3|H1|DV_pressure|Reservoirs
SE_00738,2020-04-29 21:55:00,2020-04-29 22:15:00,20.0,4,160.79999999997597,DV_pressure,173.59999999997405,TP3|H1|DV_pressure|Reservoirs|Oil_temperature
SE_00739,2020-04-29 23:00:00,2020-04-29 23:05:00,5.0,1,1.19999999999986,DV_pressure,1.19999999999986,TP3|H1|DV_pressure|Reservoirs
SE_00740,2020-04-29 23:25:00,2020-04-29 23:30:00,5.0,1,1.19999999999986,DV_pressure,1.19999999999986,TP3|H1|DV_pressure|Reservoirs
SE_00741,2020-04-29 23:50:00,2020-04-30 00:00:00,10.0,2,1.9999999999996403,DV_pressure,2.19999999999968,TP3|H1|DV_pressure|Reservoirs
SE_00742,2020-04-30 00:15:00,2020-04-30 00:25:00,10.0,2,15.999999999997602,DV_pressure,16.999999999997613,TP3|H1|DV_pressure|Reservoirs|Motor_current
SE_00743,2020-04-30 02:20:00,2020-04-30 02:30:00,10.0,2,6.839999999999099,DV_pressure,7.599999999998901,TP3|H1|DV_pressure|Reservoirs
SE_00744,2020-04-30 04:35:00,2020-04-30 04:40:00,5.0,1,1.79999999999979,DV_pressure,1.79999999999979,DV_pressure
SE_00745,2020-04-30 08:40:00,2020-04-30 08:45:00,5.0,1,1.0,H1,1.0447761194029854,TP3|H1|Reservoirs
SE_00746,2020-04-30 10:10:00,2020-04-30 10:15:00,5.0,1,6.199999999999171,DV_pressure,33.28699646429481,TP2|TP3|H1|DV_pressure|Reservoirs|Motor_current
SE_00747,2020-04-30 14:15:00,2020-04-30 14:25:00,10.0,2,6.4399999999990385,DV_pressure,527.199999999921,TP3|H1|DV_pressure|Reservoirs|Motor_current
SE_00748,2020-04-30 14:45:00,2020-04-30 14:50:00,5.0,1,15.019999999997776,DV_pressure,235.39999999996482,TP3|H1|DV_pressure|Reservoirs
SE_00749,2020-05-01 21:30:00,2020-05-01 21:40:00,10.0,2,3.6628458498023693,DV_pressure,10.093378864343592,TP2|TP3|H1|DV_pressure|Reservoirs|Oil_temperature
SE_00750,2020-05-02 08:20:00,2020-05-02 08:25:00,5.0,1,10.59999999999856,DV_pressure,10.99999999999828,TP3|H1|DV_pressure|Reservoirs
SE_00751,2020-05-02 11:05:00,2020-05-02 11:35:00,30.0,4,112.99999999998315,DV_pressure,117.59999999998257,TP3|H1|DV_pressure|Reservoirs
SE_00752,2020-05-02 14:45:00,2020-05-02 14:50:00,5.0,1,1.3355223880596598,TP2,28.163031795013634,TP2|TP3|H1|DV_pressure|Reservoirs|Motor_current
SE_00753,2020-05-02 15:25:00,2020-05-02 15:30:00,5.0,1,53.43999999999205,DV_pressure,54.599999999991745,TP3|H1|DV_pressure|Reservoirs|Oil_temperature
SE_00754,2020-05-02 16:55:00,2020-05-02 17:00:00,5.0,1,16.79999999999757,DV_pressure,138.99999999997925,TP3|H1|DV_pressure|Reservoirs
SE_00755,2020-05-02 17:50:00,2020-05-02 17:55:00,5.0,1,1.0007525981969096,DV_pressure,5.7417424677403766,TP2|TP3|H1|DV_pressure|Reservoirs
SE_00756,2020-05-02 19:40:00,2020-05-02 19:45:00,5.0,1,2.19999999999968,DV_pressure,2.7999999999996104,TP3|H1|DV_pressure|Reservoirs
SE_00757,2020-05-02 22:45:00,2020-05-02 22:50:00,5.0,1,19.819999999997062,DV_pressure,20.799999999997063,TP3|H1|DV_pressure|Reservoirs
SE_00758,2020-05-03 03:15:00,2020-05-03 03:20:00,5.0,1,0.9966442953020138,DV_pressure,2.780212142274284,TP2|TP3|H1|DV_pressure|Reservoirs
SE_00759,2020-05-03 03:40:00,2020-05-03 03:45:00,5.0,1,14.819999999997744,DV_pressure,26.79999999999604,TP2|TP3|H1|DV_pressure|Reservoirs|Motor_current
SE_00760,2020-05-03 05:45:00,2020-05-03 05:50:00,5.0,1,4.19999999999952,DV_pressure,519.3999999999222,TP3|H1|DV_pressure|Reservoirs|Motor_current
SE_00761,2020-05-03 07:50:00,2020-05-03 07:55:00,5.0,1,48.05999999999283,DV_pressure,101.7999999999848,TP2|TP3|H1|DV_pressure|Reservoirs|Motor_current
SE_00762,2020-05-03 10:25:00,2020-05-03 10:30:00,5.0,1,1.0267794138925066,DV_pressure,48.59999999999277,TP3|H1|DV_pressure|Reservoirs
SE_00763,2020-05-03 11:00:00,2020-05-03 11:05:00,5.0,1,1.0023489932885907,H1,1.0862354892205632,TP3|H1|Reservoirs
SE_00764,2020-05-03 12:05:00,2020-05-03 12:15:00,10.0,2,21.659999999996856,DV_pressure,106.39999999998406,TP3|H1|DV_pressure|Reservoirs
SE_00765,2020-05-03 12:35:00,2020-05-03 12:40:00,5.0,1,1.0271500843170334,Oil_temperature,1.053962900505903,Oil_temperature
SE_00766,2020-05-03 12:55:00,2020-05-03 13:00:00,5.0,1,1.0158947989359688,H1,1.1044776119402981,TP3|H1|Reservoirs
SE_00767,2020-05-03 14:10:00,2020-05-03 14:15:00,5.0,1,1.0254637436762246,H1,1.0447761194029854,TP3|H1|Reservoirs|Oil_temperature
SE_00768,2020-05-03 14:35:00,2020-05-03 14:40:00,5.0,1,0.9948590381426204,DV_pressure,35.417485116798474,TP2|TP3|H1|DV_pressure|Reservoirs|Motor_current
SE_00769,2020-05-03 17:40:00,2020-05-03 17:50:00,10.0,2,11.49999999999833,DV_pressure,18.59999999999719,TP2|TP3|H1|DV_pressure|Reservoirs
SE_00770,2020-05-03 18:30:00,2020-05-03 18:35:00,5.0,1,4.879999999999408,TP2,45.63815401685035,TP2|TP3|H1|DV_pressure|Reservoirs|Motor_current
SE_00771,2020-05-03 19:20:00,2020-05-03 19:25:00,5.0,1,1.0050335570469802,DV_pressure,71.79999999998923,TP3|H1|DV_pressure|Reservoirs
SE_00772,2020-05-03 21:35:00,2020-05-03 21:40:00,5.0,1,1.03150912106136,DV_pressure,2.7999999999996104,TP2|TP3|H1|DV_pressure|Reservoirs
SE_00773,2020-05-03 23:40:00,2020-05-03 23:45:00,5.0,1,20.039999999997082,DV_pressure,657.3999999999014,TP3|H1|DV_pressure|Reservoirs
SE_00774,2020-05-04 00:10:00,2020-05-04 00:15:00,5.0,1,1.03150912106136,DV_pressure,20.39999999999699,TP3|H1|DV_pressure|Reservoirs
SE_00775,2020-05-04 13:20:00,2020-05-04 13:25:00,5.0,1,1.0180682159671448,DV_pressure,6.999999999998971,TP3|H1|DV_pressure|Reservoirs
SE_00776,2020-05-04 19:55:00,2020-05-04 20:05:00,10.0,2,122.79999999998175,DV_pressure,123.99999999998161,TP3|H1|DV_pressure|Reservoirs
SE_00777,2020-05-04 20:30:00,2020-05-04 20:35:00,5.0,1,1.79999999999979,DV_pressure,1.79999999999979,TP3|H1|DV_pressure|Reservoirs
SE_00778,2020-05-04 20:55:00,2020-05-04 21:00:00,5.0,1,39.639999999994124,DV_pressure,40.39999999999392,TP2|TP3|H1|DV_pressure|Reservoirs
SE_00779,2020-05-04 23:00:00,2020-05-04 23:05:00,5.0,1,6.9199999999990975,DV_pressure,96.39999999998557,TP2|TP3|H1|DV_pressure|Reservoirs|Motor_current
SE_00780,2020-05-05 10:25:00,2020-05-05 10:30:00,5.0,1,106.71999999998401,DV_pressure,117.99999999998228,TP3|H1|DV_pressure|Reservoirs
SE_00781,2020-05-05 12:10:00,2020-05-05 12:20:00,10.0,2,59.89999999999109,DV_pressure,67.39999999998983,TP2|TP3|H1|DV_pressure|Reservoirs|Motor_current
SE_00782,2020-05-05 14:00:00,2020-05-05 14:05:00,5.0,1,1.0967164179104205,DV_pressure,2.19999999999968,TP3|H1|DV_pressure|Reservoirs
SE_00783,2020-05-05 17:15:00,2020-05-05 17:20:00,5.0,1,6.79999999999911,DV_pressure,8.599999999998731,H1|DV_pressure
SE_00784,2020-05-05 17:50:00,2020-05-05 17:55:00,5.0,1,39.85999999999399,DV_pressure,75.59999999998868,TP3|H1|DV_pressure|Reservoirs
SE_00785,2020-05-05 21:10:00,2020-05-05 21:15:00,5.0,1,2.19999999999968,DV_pressure,2.39999999999972,TP3|H1|DV_pressure|Reservoirs
SE_00786,2020-05-05 23:45:00,2020-05-05 23:55:00,10.0,2,69.9999999999896,DV_pressure,71.39999999998933,TP3|H1|DV_pressure|Reservoirs
SE_00787,2020-05-06 03:25:00,2020-05-06 03:30:00,5.0,1,84.71999999998731,DV_pressure,87.79999999998684,TP2|TP3|H1|DV_pressure|Reservoirs|Motor_current
SE_00788,2020-05-06 04:30:00,2020-05-06 04:40:00,10.0,2,92.01999999998635,DV_pressure,93.59999999998594,TP2|TP3|H1|DV_pressure|Reservoirs|Motor_current
SE_00789,2020-05-06 09:20:00,2020-05-06 09:25:00,5.0,1,33.23999999999508,DV_pressure,162.59999999997572,TP3|H1|DV_pressure|Reservoirs
SE_00790,2020-05-06 10:30:00,2020-05-06 10:35:00,5.0,1,119.99999999998212,DV_pressure,120.59999999998188,TP2|TP3|H1|DV_pressure|Reservoirs
SE_00791,2020-05-06 13:30:00,2020-05-06 13:35:00,5.0,1,1.001326699834162,DV_pressure,41.59999999999379,TP3|H1|DV_pressure|Reservoirs
SE_00792,2020-05-06 15:35:00,2020-05-06 15:45:00,10.0,2,11.399999999998352,DV_pressure,35.599999999994814,TP3|H1|DV_pressure|Reservoirs
SE_00793,2020-05-06 16:40:00,2020-05-06 16:45:00,5.0,1,80.87999999998786,DV_pressure,82.59999999998766,TP3|H1|DV_pressure|Reservoirs
SE_00794,2020-05-06 19:15:00,2020-05-06 19:20:00,5.0,1,25.199999999996272,DV_pressure,55.999999999991644,H1|DV_pressure|Motor_current
SE_00795,2020-05-06 20:35:00,2020-05-06 20:40:00,5.0,1,22.599999999996683,DV_pressure,646.3999999999031,TP3|H1|DV_pressure|Reservoirs
SE_00796,2020-05-06 21:30:00,2020-05-06 21:35:00,5.0,1,1.39999999999972,DV_pressure,1.59999999999994,TP3|H1|DV_pressure|Reservoirs
SE_00797,2020-05-06 22:00:00,2020-05-06 22:05:00,5.0,1,10.619999999998548,DV_pressure,11.1999999999985,TP3|H1|DV_pressure|Reservoirs
SE_00798,2020-05-06 23:20:00,2020-05-06 23:25:00,5.0,1,115.59999999998273,DV_pressure,589.1999999999118,TP2|TP3|H1|DV_pressure|Reservoirs
SE_00799,2020-05-07 03:50:00,2020-05-07 03:55:00,5.0,1,119.63999999998217,DV_pressure,142.79999999997867,TP3|H1|DV_pressure|Reservoirs
SE_00800,2020-05-07 04:30:00,2020-05-07 04:35:00,5.0,1,7.619999999998887,DV_pressure,8.19999999999883,TP3|H1|DV_pressure|Reservoirs
SE_00801,2020-05-07 06:00:00,2020-05-07 06:10:00,10.0,2,129.9999999999806,DV_pressure,193.99999999997107,TP2|TP3|H1|DV_pressure|Reservoirs
SE_00802,2020-05-07 07:45:00,2020-05-07 07:50:00,5.0,1,18.219999999997306,DV_pressure,18.799999999997233,TP3|H1|DV_pressure|Reservoirs
SE_00803,2020-05-07 15:40:00,2020-05-07 15:45:00,5.0,1,1.0033557046979877,DV_pressure,9.199999999998662,TP2|TP3|H1|DV_pressure|Reservoirs
SE_00804,2020-05-07 16:15:00,2020-05-07 16:20:00,5.0,1,18.6399999999972,DV_pressure,19.99999999999709,TP3|H1|DV_pressure|Reservoirs
SE_00805,2020-05-07 16:45:00,2020-05-07 16:50:00,5.0,1,0.9944397141807741,DV_pressure,3.19999999999951,TP3|H1|DV_pressure|Reservoirs
SE_00806,2020-05-07 21:25:00,2020-05-07 21:35:00,10.0,2,151.5199999999775,DV_pressure,240.1999999999641,TP3|H1|DV_pressure|Reservoirs
SE_00807,2020-05-07 22:55:00,2020-05-07 23:00:00,5.0,1,43.79999999999348,DV_pressure,156.79999999997665,TP2|TP3|H1|DV_pressure|Reservoirs|Motor_current
SE_00808,2020-05-08 00:10:00,2020-05-08 00:20:00,10.0,2,109.47999999998368,DV_pressure,321.9999999999518,TP3|H1|DV_pressure|Reservoirs|Motor_current
SE_00809,2020-05-08 05:15:00,2020-05-08 05:20:00,5.0,1,143.65999999997848,DV_pressure,184.79999999997239,TP3|H1|DV_pressure|Reservoirs
SE_00810,2020-05-08 07:25:00,2020-05-08 07:30:00,5.0,1,1.0371460742103016,DV_pressure,2.6593333534797496,TP2|TP3|H1|DV_pressure|Reservoirs|Motor_current
SE_00811,2020-05-08 08:30:00,2020-05-08 08:35:00,5.0,1,6.39999999999903,DV_pressure,6.79999999999911,TP3|H1|DV_pressure|Reservoirs
SE_00812,2020-05-08 14:30:00,2020-05-08 14:45:00,15.0,3,215.99999999996763,DV_pressure,619.7999999999072,TP3|H1|DV_pressure|Reservoirs|Motor_current
SE_00813,2020-05-08 16:50:00,2020-05-08 17:00:00,10.0,2,180.81999999997288,DV_pressure,244.59999999996347,TP3|H1|DV_pressure|Reservoirs
SE_00814,2020-05-08 22:35:00,2020-05-08 22:40:00,5.0,1,76.69999999998865,DV_pressure,79.599999999988,TP3|H1|DV_pressure|Reservoirs|Motor_current
SE_00815,2020-05-08 23:05:00,2020-05-08 23:10:00,5.0,1,4.59999999999923,DV_pressure,4.79999999999945,TP3|H1|DV_pressure|Reservoirs
SE_00816,2020-05-09 16:40:00,2020-05-09 16:50:00,10.0,2,112.99999999998315,DV_pressure,616.9999999999075,TP2|TP3|H1|DV_pressure|Reservoirs|Motor_current
SE_00817,2020-05-09 20:50:00,2020-05-09 20:55:00,5.0,1,31.79999999999536,DV_pressure,565.5999999999153,TP2|TP3|H1|DV_pressure|Reservoirs
SE_00818,2020-05-10 22:50:00,2020-05-10 23:10:00,20.0,4,199.59999999997015,DV_pressure,206.3999999999691,TP3|DV_pressure|Reservoirs|Oil_temperature|Motor_current
SE_00819,2020-05-11 01:25:00,2020-05-11 01:35:00,10.0,2,10.419999999998534,DV_pressure,16.79999999999757,TP3|H1|DV_pressure|Reservoirs
SE_00820,2020-05-11 02:05:00,2020-05-11 02:10:00,5.0,1,3.9077189712398983,Motor_current,3.9077189712398983,TP3|H1|Reservoirs|Motor_current
SE_00821,2020-05-11 02:40:00,2020-05-11 02:50:00,10.0,2,16.999999999997613,DV_pressure,272.5999999999592,TP3|H1|DV_pressure|Reservoirs|Motor_current
SE_00822,2020-05-11 05:00:00,2020-05-11 05:05:00,5.0,1,34.23999999999491,DV_pressure,38.19999999999441,TP2|TP3|H1|DV_pressure|Reservoirs
SE_00823,2020-05-11 05:35:00,2020-05-11 05:40:00,5.0,1,0.9935323383084573,DV_pressure,24.19086760750613,TP2|TP3|H1|DV_pressure|Reservoirs|Motor_current
SE_00824,2020-05-11 07:10:00,2020-05-11 07:15:00,5.0,1,9.419999999998687,DV_pressure,12.99999999999812,TP3|H1|DV_pressure|Reservoirs
SE_00825,2020-05-11 08:15:00,2020-05-11 08:25:00,10.0,2,8.619999999998734,DV_pressure,9.199999999998662,TP3|H1|DV_pressure|Reservoirs
SE_00826,2020-05-11 10:00:00,2020-05-11 10:05:00,5.0,1,1.0094527363184074,DV_pressure,323.7999999999514,TP3|H1|DV_pressure|Reservoirs|Motor_current
SE_00827,2020-05-11 12:20:00,2020-05-11 12:25:00,5.0,1,0.9963515754560525,DV_pressure,422.7999999999368,TP3|H1|DV_pressure|Reservoirs
SE_00828,2020-05-11 15:00:00,2020-05-11 15:05:00,5.0,1,8.619999999998734,DV_pressure,8.999999999998622,TP3|H1|DV_pressure|Reservoirs
SE_00829,2020-05-11 19:35:00,2020-05-11 19:40:00,5.0,1,5.3999999999992,DV_pressure,5.3999999999992,TP3|H1|DV_pressure|Reservoirs
SE_00830,2020-05-12 00:40:00,2020-05-12 00:45:00,5.0,1,158.39999999997622,DV_pressure,160.39999999997605,TP2|TP3|H1|DV_pressure|Reservoirs|Motor_current
SE_00831,2020-05-12 04:35:00,2020-05-12 04:40:00,5.0,1,1.0,DV_pressure,1.19999999999986,TP3|H1|DV_pressure|Reservoirs
SE_00832,2020-05-12 05:10:00,2020-05-12 05:15:00,5.0,1,1.0,DV_pressure,34.9037502644217,TP2|TP3|H1|DV_pressure|Reservoirs|Motor_current
SE_00833,2020-05-12 08:50:00,2020-05-12 08:55:00,5.0,1,1.3823880597014202,DV_pressure,455.1999999999319,TP2|TP3|H1|DV_pressure|Reservoirs
SE_00834,2020-05-12 10:35:00,2020-05-12 10:40:00,5.0,1,135.25999999997975,DV_pressure,139.19999999997907,TP3|H1|DV_pressure|Reservoirs
SE_00835,2020-05-12 13:20:00,2020-05-12 13:25:00,5.0,1,1.0184563758389265,DV_pressure,466.5999999999301,TP3|H1|DV_pressure|Reservoirs|Motor_current
SE_00836,2020-05-12 14:30:00,2020-05-12 14:35:00,5.0,1,92.59999999998608,DV_pressure,97.59999999998544,TP3|H1|DV_pressure|Reservoirs
SE_00837,2020-05-12 18:20:00,2020-05-12 18:25:00,5.0,1,1.006633499170812,DV_pressure,4.59999999999923,TP3|H1|DV_pressure|Reservoirs
SE_00838,2020-05-12 23:00:00,2020-05-12 23:05:00,5.0,1,11.59999999999821,DV_pressure,757.5999999998864,TP2|TP3|H1|DV_pressure|Reservoirs
SE_00839,2020-05-13 02:35:00,2020-05-13 02:40:00,5.0,1,128.7999999999807,DV_pressure,130.39999999998048,TP2|TP3|H1|DV_pressure|Reservoirs|Motor_current
SE_00840,2020-05-13 08:15:00,2020-05-13 08:20:00,5.0,1,1.0,H1,1.0281923714759527,TP3|H1|Reservoirs
SE_00841,2020-05-13 13:10:00,2020-05-13 13:15:00,5.0,1,1.018242122719735,DV_pressure,287.19999999995696,TP3|H1|DV_pressure|Reservoirs
SE_00842,2020-05-13 13:40:00,2020-05-14 00:55:00,675.0,135,312.51999999995314,DV_pressure,329.5999999999505,TP3|DV_pressure|Reservoirs|Motor_current
SE_00843,2020-05-14 01:10:00,2020-05-14 01:15:00,5.0,1,203.07999999996966,DV_pressure,204.99999999996933,DV_pressure
SE_00844,2020-05-14 13:40:00,2020-05-14 13:45:00,5.0,1,1.0049751243781095,DV_pressure,33.483424496085924,TP2|TP3|H1|DV_pressure|Reservoirs|Motor_current
SE_00845,2020-05-15 13:40:00,2020-05-15 13:45:00,5.0,1,1.001824212271973,DV_pressure,23.599999999996513,TP3|H1|DV_pressure|Reservoirs
SE_00846,2020-05-15 19:15:00,2020-05-15 19:20:00,5.0,1,2.5174113807378853,DV_pressure,14.943640264724278,TP2|TP3|H1|DV_pressure|Reservoirs
SE_00847,2020-05-15 21:10:00,2020-05-15 21:15:00,5.0,1,3.909354000098158,Motor_current,3.909354000098158,Motor_current
SE_00848,2020-05-16 05:10:00,2020-05-16 05:15:00,5.0,1,1.0091210613598673,DV_pressure,1.19999999999986,TP3|H1|DV_pressure|Reservoirs
SE_00849,2020-05-16 06:50:00,2020-05-16 07:00:00,10.0,2,10.399999999998531,DV_pressure,10.799999999998422,TP3|H1|DV_pressure|Reservoirs
SE_00850,2020-05-16 09:10:00,2020-05-16 09:15:00,5.0,1,54.839999999991925,DV_pressure,56.19999999999168,TP3|H1|DV_pressure|Reservoirs
SE_00851,2020-05-16 10:05:00,2020-05-16 10:10:00,5.0,1,1.038474295190713,TP2,44.34658992406579,TP2|TP3|H1|DV_pressure|Reservoirs|Motor_current
SE_00852,2020-05-16 11:05:00,2020-05-16 11:10:00,5.0,1,12.019999999998278,DV_pressure,12.799999999998082,TP3|H1|DV_pressure|Reservoirs
SE_00853,2020-05-16 11:30:00,2020-05-16 11:40:00,10.0,2,108.49999999998371,DV_pressure,110.9999999999833,TP3|H1|DV_pressure|Reservoirs
SE_00854,2020-05-16 14:15:00,2020-05-16 14:20:00,5.0,1,2.741812919997956,DV_pressure,614.9999999999078,TP2|TP3|H1|DV_pressure|Reservoirs|Motor_current
SE_00855,2020-05-16 16:55:00,2020-05-16 17:05:00,10.0,2,14.019999999997927,DV_pressure,642.9999999999037,TP3|H1|DV_pressure|Reservoirs
SE_00856,2020-05-16 18:45:00,2020-05-16 18:50:00,5.0,1,2.7999999999996104,DV_pressure,10.99999999999828,TP3|H1|DV_pressure|Reservoirs
SE_00857,2020-05-16 19:40:00,2020-05-16 19:45:00,5.0,1,10.419999999998534,DV_pressure,22.79999999999672,TP3|H1|DV_pressure|Reservoirs
SE_00858,2020-05-16 22:25:00,2020-05-16 22:35:00,10.0,2,2.771015843429367,DV_pressure,22.999999999996582,TP2|TP3|H1|DV_pressure|Reservoirs|Motor_current
SE_00859,2020-05-16 22:55:00,2020-05-16 23:00:00,5.0,1,1.0055427478295145,DV_pressure,408.1999999999389,DV_pressure|Motor_current
SE_00860,2020-05-16 23:25:00,2020-05-16 23:30:00,5.0,1,3.093675889328062,TP3,3.678524374176546,TP3|Reservoirs
SE_00861,2020-05-17 03:55:00,2020-05-17 04:00:00,5.0,1,1.0467720685111983,TP3,1.4598155467720675,TP3|H1|Reservoirs
SE_00862,2020-05-17 05:45:00,2020-05-17 05:55:00,10.0,2,133.41999999997998,DV_pressure,145.39999999997826,TP3|H1|DV_pressure|Reservoirs|Oil_temperature
SE_00863,2020-05-17 06:45:00,2020-05-17 06:50:00,5.0,1,15.599999999997712,DV_pressure,16.19999999999764,TP3|H1|DV_pressure|Reservoirs
SE_00864,2020-05-17 08:20:00,2020-05-17 09:00:00,40.0,5,154.59999999997677,DV_pressure,155.5999999999768,TP2|TP3|H1|DV_pressure|Reservoirs|Oil_temperature
SE_00865,2020-05-17 09:30:00,2020-05-17 10:25:00,55.0,5,1.1789207419898489,DV_pressure,2.39999999999972,TP3|H1|DV_pressure|Reservoirs|Oil_temperature
SE_00866,2020-05-17 23:10:00,2020-05-17 23:20:00,10.0,2,4.474308300395255,TP3,4.669301712779971,TP3|H1|Reservoirs|Oil_temperature
SE_00867,2020-05-18 01:10:00,2020-05-18 01:40:00,30.0,4,126.63999999998119,DV_pressure,132.99999999998025,TP2|TP3|H1|DV_pressure|Reservoirs|Motor_current
SE_00868,2020-05-18 04:55:00,2020-05-18 05:30:00,35.0,7,195.63999999997063,DV_pressure,225.5999999999662,TP3|H1|DV_pressure|Reservoirs|Oil_temperature
SE_00869,2020-05-18 10:25:00,2020-05-18 10:30:00,5.0,1,0.9936925826181062,DV_pressure,12.450515245837002,TP2|TP3|H1|DV_pressure|Reservoirs|Oil_temperature
SE_00870,2020-05-18 11:05:00,2020-05-18 11:10:00,5.0,1,1.0021558872305145,DV_pressure,449.19999999993274,TP3|H1|DV_pressure|Reservoirs|Motor_current
SE_00871,2020-05-18 12:05:00,2020-05-18 12:10:00,5.0,1,0.9949409780775724,Oil_temperature,1.021922428330524,Oil_temperature
SE_00872,2020-05-18 12:30:00,2020-05-18 12:45:00,15.0,2,1.0495784148397995,DV_pressure,22.755431990571036,TP2|TP3|H1|DV_pressure|Reservoirs|Oil_temperature|Motor_current
SE_00873,2020-05-18 13:10:00,2020-05-18 13:15:00,5.0,1,1.0291736930860051,H1,1.0464344941956876,TP3|H1|Reservoirs|Oil_temperature
SE_00874,2020-05-18 13:40:00,2020-05-18 13:55:00,15.0,2,1.0359215725755704,DV_pressure,19.310386509926815,TP2|TP3|H1|DV_pressure|Reservoirs|Oil_temperature
SE_00875,2020-05-18 14:20:00,2020-05-18 14:40:00,20.0,2,1.0308600337268146,Oil_temperature,1.0556492411467138,TP3|H1|Reservoirs|Oil_temperature
SE_00876,2020-05-18 15:00:00,2020-05-18 15:05:00,5.0,1,1.0353292559126812,Oil_temperature,1.0573355817875216,TP3|H1|Reservoirs|Oil_temperature
SE_00877,2020-05-18 15:25:00,2020-05-18 15:30:00,5.0,1,1.0360876897133235,Oil_temperature,1.053962900505903,TP3|H1|Reservoirs|Oil_temperature
SE_00878,2020-05-18 15:55:00,2020-05-18 17:45:00,110.0,9,18.799999999997233,DV_pressure,19.599999999997202,TP2|TP3|H1|DV_pressure|Reservoirs|Oil_temperature|Motor_current
SE_00879,2020-05-18 18:10:00,2020-05-18 18:15:00,5.0,1,1.009274873524453,Oil_temperature,1.0286677908937623,Oil_temperature
SE_00880,2020-05-18 20:10:00,2020-05-18 20:15:00,5.0,1,1.0001686340640819,H1,1.0364842454394698,TP3|H1|Reservoirs|Oil_temperature
SE_00881,2020-05-18 21:50:00,2020-05-18 22:00:00,10.0,2,57.85999999999126,DV_pressure,58.99999999999113,TP2|TP3|H1|DV_pressure|Reservoirs|Oil_temperature|Motor_current
SE_00882,2020-05-18 23:20:00,2020-05-18 23:25:00,5.0,1,5.319999999999158,DV_pressure,6.39999999999903,TP3|H1|DV_pressure|Reservoirs
SE_00883,2020-05-19 00:00:00,2020-05-19 00:05:00,5.0,1,0.9985074626865666,DV_pressure,44.80070109697418,TP2|TP3|H1|DV_pressure|Reservoirs|Motor_current
SE_00884,2020-05-19 01:50:00,2020-05-19 02:40:00,50.0,10,3.914259086672936,Motor_current,3.914259086672936,TP3|Reservoirs|Motor_current
SE_00885,2020-05-19 06:00:00,2020-05-19 06:05:00,5.0,1,2.7852437417654796,TP3,3.055335968379445,TP3|Reservoirs|Oil_temperature
SE_00886,2020-05-19 06:45:00,2020-05-19 06:50:00,5.0,1,3.59999999999958,DV_pressure,35.538363905593,TP2|H1|DV_pressure|Motor_current
SE_00887,2020-05-19 07:15:00,2020-05-19 07:20:00,5.0,1,74.59999999998885,DV_pressure,76.1999999999886,DV_pressure
SE_00888,2020-05-19 10:05:00,2020-05-19 18:50:00,525.0,45,153.59999999997714,DV_pressure,198.39999999997045,TP2|TP3|H1|DV_pressure|Reservoirs|Oil_temperature|Motor_current
SE_00889,2020-05-19 20:45:00,2020-05-19 20:50:00,5.0,1,6.999999999998971,DV_pressure,533.79999999992,DV_pressure
SE_00890,2020-05-19 21:20:00,2020-05-19 21:25:00,5.0,1,2.39999999999972,DV_pressure,85.99999999998704,TP2|TP3|H1|DV_pressure|Reservoirs|Motor_current
SE_00891,2020-05-19 22:20:00,2020-05-20 19:45:00,1285.0,257,262.5399999999607,DV_pressure,281.59999999995784,TP3|DV_pressure|Reservoirs|Oil_temperature
SE_00892,2020-05-20 23:00:00,2020-05-20 23:05:00,5.0,1,3.0199999999996363,DV_pressure,13.946390257169368,TP2|TP3|H1|DV_pressure|Reservoirs|Motor_current
SE_00893,2020-05-21 06:00:00,2020-05-21 06:05:00,5.0,1,1.374176548089591,DV_pressure,26.21558731981457,TP2|TP3|H1|DV_pressure|Reservoirs|Motor_current
SE_00894,2020-05-21 09:55:00,2020-05-21 10:00:00,5.0,1,1.0218060058769187,DV_pressure,1.39999999999972,TP3|H1|DV_pressure|Reservoirs|Oil_temperature
SE_00895,2020-05-21 10:25:00,2020-05-21 10:30:00,5.0,1,0.9932546374367646,H1,1.0679933665008283,TP3|H1|Reservoirs
SE_00896,2020-05-21 11:05:00,2020-05-21 11:10:00,5.0,1,1.020404721753796,DV_pressure,1.767852286120072,TP2|TP3|H1|DV_pressure|Reservoirs|Oil_temperature
SE_00897,2020-05-21 11:35:00,2020-05-21 11:40:00,5.0,1,1.0154835714625314,DV_pressure,96.99999999998552,TP3|H1|DV_pressure|Reservoirs|Oil_temperature
SE_00898,2020-05-21 12:25:00,2020-05-21 12:30:00,5.0,1,1.0021922428330536,H1,1.072968490878938,TP3|H1|Reservoirs|Oil_temperature
SE_00899,2020-05-21 13:05:00,2020-05-21 13:55:00,50.0,5,1.0627318718381125,Oil_temperature,1.074198988195617,TP3|H1|Reservoirs|Oil_temperature
SE_00900,2020-05-21 14:30:00,2020-05-21 14:35:00,5.0,1,1.065767284991571,Oil_temperature,1.0876897133220929,TP3|H1|Reservoirs|Oil_temperature
SE_00901,2020-05-21 15:00:00,2020-05-21 15:20:00,20.0,2,1.0556492411467138,Oil_temperature,1.0623946037099503,TP3|H1|Reservoirs|Oil_temperature
SE_00902,2020-05-21 16:25:00,2020-05-21 16:30:00,5.0,1,1.0084317032040482,H1,1.0563847429519069,TP3|H1|Reservoirs|Oil_temperature
SE_00903,2020-05-21 16:55:00,2020-05-21 17:15:00,20.0,2,1.0494097807757174,DV_pressure,296.5999999999556,TP3|H1|DV_pressure|Reservoirs|Oil_temperature|Motor_current
SE_00904,2020-05-21 17:35:00,2020-05-21 18:35:00,60.0,7,135.99999999997956,DV_pressure,137.39999999997949,TP3|H1|DV_pressure|Reservoirs|Oil_temperature
SE_00905,2020-05-21 19:00:00,2020-05-21 19:05:00,5.0,1,1.0495784148397984,Oil_temperature,1.0674536256323788,TP3|H1|Reservoirs|Oil_temperature
SE_00906,2020-05-21 20:05:00,2020-05-21 20:10:00,5.0,1,5.59999999999924,DV_pressure,344.3999999999485,TP3|H1|DV_pressure|Reservoirs
SE_00907,2020-05-22 05:10:00,2020-05-22 05:15:00,5.0,1,1.0271500843170334,Oil_temperature,1.042158516020238,TP3|H1|Reservoirs|Oil_temperature
SE_00908,2020-05-22 05:35:00,2020-05-22 05:40:00,5.0,1,1.0016863406408107,H1,1.019900497512437,TP3|H1|Reservoirs|Oil_temperature
SE_00909,2020-05-22 06:00:00,2020-05-22 06:20:00,20.0,2,1.0291736930860051,DV_pressure,4.124988667613468,TP2|TP3|H1|DV_pressure|Reservoirs|Oil_temperature
SE_00910,2020-05-22 07:10:00,2020-05-22 07:30:00,20.0,2,1.0629005059021932,Oil_temperature,1.0708263069139974,TP3|H1|Reservoirs|Oil_temperature
SE_00911,2020-05-22 08:30:00,2020-05-22 09:35:00,65.0,7,1.0583473861720074,Oil_temperature,1.086003372681283,TP3|H1|Reservoirs|Oil_temperature
SE_00912,2020-05-22 10:05:00,2020-05-22 15:15:00,310.0,26,2.405619813888447,DV_pressure,460.999999999931,TP2|TP3|H1|DV_pressure|Reservoirs|Oil_temperature|Motor_current
SE_00913,2020-05-22 15:30:00,2020-05-22 15:35:00,5.0,1,1.0330522765598669,Oil_temperature,1.0489038785834746,Oil_temperature
SE_00914,2020-05-22 16:00:00,2020-05-22 19:55:00,235.0,23,1.1686340640809465,DV_pressure,43.99987912121038,TP2|TP3|H1|DV_pressure|Reservoirs|Oil_temperature|Motor_current
SE_00915,2020-05-23 06:25:00,2020-05-23 06:30:00,5.0,1,8.399999999998691,DV_pressure,8.999999999998622,TP2|TP3|H1|DV_pressure|Reservoirs
SE_00916,2020-05-23 08:55:00,2020-05-23 23:50:00,895.0,88,163.01999999997565,DV_pressure,256.5999999999616,TP2|TP3|H1|DV_pressure|Reservoirs|Oil_temperature|Motor_current
SE_00917,2020-05-24 00:20:00,2020-05-24 00:25:00,5.0,1,0.9951096121416534,H1,1.0248756218905468,TP3|H1|Reservoirs|Oil_temperature
SE_00918,2020-05-25 01:15:00,2020-05-25 01:20:00,5.0,1,3.0567852437417637,TP3,3.2687747035573107,TP3|Reservoirs
SE_00919,2020-05-25 01:55:00,2020-05-25 02:10:00,15.0,3,261.79999999996085,DV_pressure,395.5999999999407,TP3|H1|DV_pressure|Reservoirs|Oil_temperature
SE_00920,2020-05-25 02:50:00,2020-05-25 03:00:00,10.0,2,1.0,DV_pressure,1.19999999999986,TP3|H1|DV_pressure|Reservoirs
SE_00921,2020-05-25 05:25:00,2020-05-25 05:30:00,5.0,1,1.0021558872305136,DV_pressure,21.399999999996822,TP2|TP3|H1|DV_pressure|Reservoirs|Motor_current
SE_00922,2020-05-25 06:35:00,2020-05-25 08:40:00,125.0,11,113.43999999998304,DV_pressure,165.79999999997528,TP2|TP3|H1|DV_pressure|Reservoirs|Oil_temperature
SE_00923,2020-05-25 09:10:00,2020-05-25 09:45:00,35.0,3,1.0473861720067472,TP2,44.953365001212894,TP2|TP3|H1|DV_pressure|Reservoirs|Oil_temperature|Motor_current
SE_00924,2020-05-25 10:15:00,2020-05-25 16:25:00,370.0,33,1.172512647554808,DV_pressure,45.903720044724295,TP2|TP3|H1|DV_pressure|Reservoirs|Oil_temperature|Motor_current
SE_00925,2020-05-25 16:40:00,2020-05-25 17:45:00,65.0,5,1.1693086003372701,Oil_temperature,1.1821247892074223,TP3|H1|Reservoirs|Oil_temperature
SE_00926,2020-05-25 18:00:00,2020-05-25 18:50:00,50.0,4,1.1087689713322109,DV_pressure,16.78704179384092,TP2|TP3|H1|DV_pressure|Reservoirs|Oil_temperature
SE_00927,2020-05-25 19:05:00,2020-05-25 19:55:00,50.0,4,1.0910623946037115,Oil_temperature,1.0961214165261401,TP3|H1|Reservoirs|Oil_temperature
SE_00928,2020-05-25 23:50:00,2020-05-25 23:55:00,5.0,1,3.525691699604742,TP3,3.7154150197628435,TP3|Reservoirs
SE_00929,2020-05-26 06:05:00,2020-05-26 06:10:00,5.0,1,2.1569169960474293,TP3,2.424242424242423,TP3|H1|Reservoirs
SE_00930,2020-05-26 06:25:00,2020-05-26 06:30:00,5.0,1,1.8802985074625687,DV_pressure,144.99999999997837,TP3|H1|DV_pressure|Reservoirs
SE_00931,2020-05-26 07:10:00,2020-05-26 09:15:00,125.0,11,1.1239460370994963,DV_pressure,590.3999999999115,TP2|TP3|H1|DV_pressure|Reservoirs|Oil_temperature
SE_00932,2020-05-28 03:55:00,2020-05-28 04:00:00,5.0,1,1.053962900505903,Oil_temperature,1.0674536256323788,TP3|H1|Reservoirs|Oil_temperature
SE_00933,2020-05-28 04:15:00,2020-05-28 04:20:00,5.0,1,1.0354131534569997,Oil_temperature,1.06408094435076,H1|Oil_temperature
SE_00934,2020-05-28 04:35:00,2020-05-28 04:40:00,5.0,1,1.0337268128161907,DV_pressure,38.9999999999942,TP3|H1|DV_pressure|Reservoirs|Oil_temperature
SE_00935,2020-05-28 04:55:00,2020-05-28 05:35:00,40.0,4,1.0456998313659378,Oil_temperature,1.0674536256323788,TP3|H1|Reservoirs|Oil_temperature
SE_00936,2020-05-28 05:50:00,2020-05-28 05:55:00,5.0,1,1.0134907251264766,Oil_temperature,1.0185497470489053,Oil_temperature
SE_00937,2020-05-28 06:30:00,2020-05-28 06:35:00,5.0,1,1.0000000000000009,Oil_temperature,1.0084317032040482,Oil_temperature
SE_00938,2020-05-28 07:05:00,2020-05-28 07:10:00,5.0,1,1.0876897133220929,Oil_temperature,1.1332209106239486,Oil_temperature
SE_00939,2020-05-28 07:25:00,2020-05-28 07:55:00,30.0,3,1.1011804384485686,Oil_temperature,1.1231028667790917,Oil_temperature
SE_00940,2020-05-28 08:10:00,2020-05-28 08:15:00,5.0,1,1.1215851602023619,Oil_temperature,1.1315345699831378,Oil_temperature
SE_00941,2020-05-28 08:30:00,2020-05-28 09:10:00,40.0,4,1.149241146711637,DV_pressure,1.3749962225378267,TP3|H1|DV_pressure|Reservoirs|Oil_temperature
SE_00942,2020-05-28 09:25:00,2020-05-28 10:05:00,40.0,4,1.170320404721756,Oil_temperature,1.2225969645868484,TP3|H1|Reservoirs|Oil_temperature
SE_00943,2020-05-28 10:20:00,2020-05-28 10:25:00,5.0,1,1.082799325463745,DV_pressure,17.45187513221085,TP2|TP3|H1|DV_pressure|Reservoirs|Oil_temperature
SE_00944,2020-05-28 10:40:00,2020-05-28 11:40:00,60.0,7,1.1730185497470509,DV_pressure,2.9615303254660783,TP2|TP3|H1|DV_pressure|Reservoirs|Oil_temperature|Motor_current
SE_00945,2020-05-28 11:55:00,2020-05-28 12:00:00,5.0,1,1.1795952782462076,Oil_temperature,1.2209106239460386,TP3|H1|Reservoirs|Oil_temperature
SE_00946,2020-05-28 12:15:00,2020-05-28 12:35:00,20.0,2,1.1536256323777418,DV_pressure,4.17031821341142,TP2|TP3|H1|DV_pressure|Reservoirs|Oil_temperature
SE_00947,2020-05-28 12:50:00,2020-05-28 13:45:00,55.0,5,5.59999999999924,DV_pressure,5.99999999999914,TP3|H1|DV_pressure|Reservoirs|Oil_temperature
SE_00948,2020-05-28 14:00:00,2020-05-28 16:55:00,175.0,19,67.0799999999901,DV_pressure,400.79999999994,TP2|TP3|H1|DV_pressure|Reservoirs|Oil_temperature|Motor_current
SE_00949,2020-05-28 17:10:00,2020-05-28 17:15:00,5.0,1,1.2015177065767313,DV_pressure,30.599999999995497,TP3|H1|DV_pressure|Reservoirs|Oil_temperature
SE_00950,2020-05-28 17:30:00,2020-05-28 18:20:00,50.0,6,1.223946037099496,DV_pressure,13.054909189809685,TP2|TP3|H1|DV_pressure|Reservoirs|Oil_temperature
SE_00951,2020-05-28 18:35:00,2020-05-28 19:10:00,35.0,3,1.161888701517708,DV_pressure,39.98065939379212,TP2|TP3|H1|DV_pressure|Reservoirs|Oil_temperature|Motor_current
SE_00952,2020-05-28 19:25:00,2020-05-29 00:30:00,305.0,31,72.79999999998923,DV_pressure,74.59999999998885,TP2|TP3|H1|DV_pressure|Reservoirs|Oil_temperature|Motor_current
SE_00953,2020-05-29 05:00:00,2020-05-29 05:30:00,30.0,4,1.106239460370997,Oil_temperature,1.1281618887015201,H1|Oil_temperature
SE_00954,2020-05-29 05:45:00,2020-05-29 05:50:00,5.0,1,1.0654300168634074,Oil_temperature,1.0893760539629018,Oil_temperature
SE_00955,2020-05-29 06:15:00,2020-05-29 06:40:00,25.0,3,1.0946037099494113,DV_pressure,17.225227403221105,TP2|TP3|H1|DV_pressure|Reservoirs|Oil_temperature
SE_00956,2020-05-29 06:55:00,2020-05-29 07:00:00,5.0,1,1.0053962900505915,Oil_temperature,1.021922428330524,Oil_temperature
SE_00957,2020-05-29 07:30:00,2020-05-29 07:50:00,20.0,2,1.0676222596964597,Oil_temperature,1.0944350758853303,TP3|H1|Reservoirs|Oil_temperature
SE_00958,2020-05-29 08:05:00,2020-05-29 08:10:00,5.0,1,1.0676222596964597,Oil_temperature,1.086003372681283,TP3|H1|Reservoirs|Oil_temperature
SE_00959,2020-05-29 08:25:00,2020-05-29 08:30:00,5.0,1,1.0893760539629018,DV_pressure,32.86392070351395,TP2|TP3|DV_pressure|Reservoirs|Oil_temperature|Motor_current
SE_00960,2020-05-29 08:45:00,2020-05-29 08:50:00,5.0,1,1.076391231028669,Oil_temperature,1.0876897133220929,TP3|H1|Oil_temperature
SE_00961,2020-05-29 09:05:00,2020-05-29 09:10:00,5.0,1,1.0302383529234098,Oil_temperature,1.0404721753794282,TP3|H1|Reservoirs|Oil_temperature
SE_00962,2020-05-29 09:25:00,2020-05-29 10:05:00,40.0,6,1.1217537942664426,DV_pressure,3.9890000302196253,TP2|TP3|H1|DV_pressure|Reservoirs|Oil_temperature
SE_00963,2020-05-29 10:20:00,2020-05-29 10:25:00,5.0,1,1.1237774030354153,Oil_temperature,1.1433389544688037,TP3|H1|Oil_temperature
SE_00964,2020-05-29 10:40:00,2020-05-29 10:45:00,5.0,1,1.114671163575044,Oil_temperature,1.1568296795952795,TP3|H1|Reservoirs|Oil_temperature
SE_00965,2020-05-29 11:00:00,2020-05-29 11:25:00,25.0,3,1.096627318718383,DV_pressure,1.994500015109819,TP2|TP3|H1|DV_pressure|Reservoirs|Oil_temperature
SE_00966,2020-05-29 11:40:00,2020-05-29 12:20:00,40.0,5,1.14080944350759,Oil_temperature,1.1534569983136609,TP3|H1|Reservoirs|Oil_temperature
SE_00967,2020-05-29 12:35:00,2020-05-29 12:40:00,5.0,1,1.1360876897133232,Oil_temperature,1.161888701517708,TP3|H1|Reservoirs|Oil_temperature
SE_00968,2020-05-29 12:55:00,2020-05-29 13:00:00,5.0,1,1.1760539629005076,Oil_temperature,1.1888701517706595,TP3|H1|Reservoirs|Oil_temperature
SE_00969,2020-05-29 13:15:00,2020-05-29 13:20:00,5.0,1,1.1536256323777418,DV_pressure,3.1428485086578863,TP2|TP3|H1|DV_pressure|Reservoirs|Oil_temperature
SE_00970,2020-05-29 13:35:00,2020-05-29 13:40:00,5.0,1,1.0408094435075907,Oil_temperature,1.1214165261382807,TP3|H1|Oil_temperature
SE_00971,2020-05-29 13:55:00,2020-05-29 14:55:00,60.0,7,1.1273187183811149,Oil_temperature,1.141652613827995,TP3|H1|Reservoirs|Oil_temperature
SE_00972,2020-05-29 15:10:00,2020-05-29 15:15:00,5.0,1,1.1635750421585178,DV_pressure,28.587833549907298,TP2|TP3|H1|DV_pressure|Reservoirs|Oil_temperature|Motor_current
SE_00973,2020-05-29 15:30:00,2020-05-29 15:35:00,5.0,1,1.0674536256323788,Oil_temperature,1.0792580101180456,TP3|H1|Reservoirs|Oil_temperature
SE_00974,2020-05-29 15:50:00,2020-05-29 15:55:00,5.0,1,1.0876897133220929,Oil_temperature,1.0994940978077588,TP3|H1|Reservoirs|Oil_temperature
SE_00975,2020-05-29 16:15:00,2020-05-29 17:05:00,50.0,5,1.108431703204049,DV_pressure,5.182678069565645,TP2|TP3|H1|DV_pressure|Reservoirs|Oil_temperature
SE_00976,2020-05-29 17:45:00,2020-05-29 18:05:00,20.0,2,1.141652613827995,Oil_temperature,1.1821247892074223,TP3|H1|Reservoirs|Oil_temperature
SE_00977,2020-05-29 18:20:00,2020-05-29 18:25:00,5.0,1,1.0136593591905576,Oil_temperature,1.0185497470489053,Oil_temperature
SE_00978,2020-05-29 18:40:00,2020-05-29 18:50:00,10.0,2,1.074198988195617,DV_pressure,2.0398295609077572,TP2|TP3|H1|DV_pressure|Reservoirs|Oil_temperature
SE_00979,2020-05-29 21:05:00,2020-05-29 21:10:00,5.0,1,52.679999999992084,DV_pressure,600.9999999999101,DV_pressure
SE_00980,2020-05-29 21:35:00,2020-05-29 21:40:00,5.0,1,111.45999999998337,DV_pressure,113.39999999998304,TP3|H1|DV_pressure|Reservoirs
SE_00981,2020-05-29 22:50:00,2020-05-29 22:55:00,5.0,1,110.45999999998352,DV_pressure,420.39999999993705,DV_pressure|Motor_current
SE_00982,2020-05-29 23:15:00,2020-05-30 06:20:00,425.0,83,229.8399999999655,DV_pressure,234.19999999996494,TP3|H1|DV_pressure|Reservoirs|Oil_temperature
SE_00983,2020-05-30 06:35:00,2020-05-30 06:45:00,10.0,2,1.0269814502529524,DV_pressure,1.9189507721132368,TP2|TP3|H1|DV_pressure|Reservoirs|Oil_temperature
SE_00984,2020-05-30 07:00:00,2020-05-30 07:05:00,5.0,1,1.011804384485668,H1,1.0215588723051408,TP3|H1|Reservoirs|Oil_temperature
SE_00985,2020-05-30 07:20:00,2020-05-30 07:25:00,5.0,1,1.59999999999994,DV_pressure,1.79999999999979,DV_pressure|Oil_temperature
SE_00986,2020-05-30 07:40:00,2020-05-30 07:45:00,5.0,1,0.9932546374367646,H1,0.9950248756218903,
SE_00987,2020-05-30 08:10:00,2020-05-30 08:15:00,5.0,1,4.39999999999938,DV_pressure,41.59999999999379,TP2|TP3|H1|DV_pressure|Reservoirs|Oil_temperature
SE_00988,2020-05-30 11:05:00,2020-05-30 11:10:00,5.0,1,1.0256323777403056,Oil_temperature,1.0438448566610459,TP3|H1|Reservoirs|Oil_temperature
SE_00989,2020-05-30 11:30:00,2020-05-30 11:35:00,5.0,1,5.3999999999992,DV_pressure,24.199999999996454,TP3|H1|DV_pressure
SE_00990,2020-05-30 13:15:00,2020-05-30 13:20:00,5.0,1,1.0067453625632392,TP2,45.68149509378943,TP2|TP3|H1|Reservoirs|Oil_temperature|Motor_current
SE_00991,2020-05-30 13:40:00,2020-05-30 13:45:00,5.0,1,1.020573355817877,Oil_temperature,1.0269814502529524,TP3|H1|Reservoirs|Oil_temperature
SE_00992,2020-05-30 14:00:00,2020-05-30 14:25:00,25.0,3,2.4199999999997064,DV_pressure,2.59999999999958,TP3|H1|DV_pressure|Reservoirs|Oil_temperature
SE_00993,2020-05-30 14:40:00,2020-05-30 14:45:00,5.0,1,1.042664418212481,Oil_temperature,1.053962900505903,TP3|H1|Reservoirs|Oil_temperature
SE_00994,2020-05-30 15:00:00,2020-05-30 15:05:00,5.0,1,1.020236087689715,H1,1.0398009950248757,TP3|H1|Reservoirs|Oil_temperature
SE_00995,2020-05-30 15:20:00,2020-05-30 15:30:00,10.0,2,54.21999999999201,DV_pressure,55.399999999991714,TP3|H1|DV_pressure|Reservoirs|Oil_temperature
SE_00996,2020-05-30 15:45:00,2020-05-30 15:50:00,5.0,1,11.1999999999985,DV_pressure,11.399999999998352,H1|DV_pressure|Oil_temperature
SE_00997,2020-05-30 16:10:00,2020-05-30 16:15:00,5.0,1,1.007251264755482,H1,1.03150912106136,TP3|H1|Reservoirs|Oil_temperature
SE_00998,2020-05-30 16:30:00,2020-05-30 16:35:00,5.0,1,1.0119730185497489,H1,1.0232172470978445,TP3|H1|Reservoirs|Oil_temperature|Motor_current
SE_00999,2020-05-30 16:50:00,2020-05-30 16:55:00,5.0,1,1.001854974704892,Oil_temperature,1.011804384485668,Oil_temperature
SE_01000,2020-05-30 17:15:00,2020-05-30 17:20:00,5.0,1,0.9966273187183823,H1,1.0215588723051408,TP3|H1|Reservoirs|Oil_temperature
SE_01001,2020-05-30 18:40:00,2020-05-30 18:45:00,5.0,1,4.59999999999923,DV_pressure,4.79999999999945,DV_pressure
SE_01002,2020-05-30 21:25:00,2020-05-30 21:45:00,20.0,2,1.0876897133220929,DV_pressure,17.7999999999974,TP3|H1|DV_pressure|Reservoirs|Oil_temperature
SE_01003,2020-05-30 22:00:00,2020-05-30 22:05:00,5.0,1,1.07470489038786,DV_pressure,1.3901060711371478,TP2|TP3|H1|DV_pressure|Reservoirs|Oil_temperature
SE_01004,2020-05-30 22:35:00,2020-05-30 23:55:00,80.0,8,2.4199999999997064,DV_pressure,426.5999999999361,TP2|TP3|H1|DV_pressure|Reservoirs|Oil_temperature
SE_01005,2020-05-31 06:45:00,2020-05-31 06:50:00,5.0,1,0.9969645868465441,H1,1.0215588723051408,TP3|H1|Reservoirs|Oil_temperature
SE_01006,2020-05-31 07:05:00,2020-05-31 07:15:00,10.0,2,135.21999999997976,DV_pressure,143.7999999999785,TP2|TP3|H1|DV_pressure|Reservoirs|Motor_current
SE_01007,2020-05-31 07:35:00,2020-05-31 07:40:00,5.0,1,3.9999999999994804,DV_pressure,6.79999999999911,TP3|H1|DV_pressure|Reservoirs|Oil_temperature
SE_01008,2020-05-31 07:55:00,2020-05-31 08:00:00,5.0,1,1.0252951096121437,Oil_temperature,1.0455311973018568,TP3|H1|Reservoirs|Oil_temperature
SE_01009,2020-05-31 09:05:00,2020-05-31 09:10:00,5.0,1,1.0225969645868478,Oil_temperature,1.0489038785834746,TP3|H1|Reservoirs|Oil_temperature
SE_01010,2020-05-31 09:50:00,2020-05-31 09:55:00,5.0,1,35.39999999999478,DV_pressure,103.59999999998463,TP3|H1|DV_pressure|Reservoirs
SE_01011,2020-05-31 10:15:00,2020-05-31 10:20:00,5.0,1,1.0564924114671184,Oil_temperature,1.0809443507588545,TP3|H1|Reservoirs|Oil_temperature
SE_01012,2020-05-31 11:25:00,2020-05-31 11:30:00,5.0,1,1.067622259696461,DV_pressure,46.5383336858956,TP2|TP3|H1|DV_pressure|Reservoirs|Oil_temperature|Motor_current
SE_01013,2020-05-31 12:35:00,2020-05-31 12:40:00,5.0,1,1.1033726812816205,Oil_temperature,1.1365935919055674,TP3|H1|Reservoirs|Oil_temperature
SE_01014,2020-05-31 13:45:00,2020-05-31 13:50:00,5.0,1,1.0448566610455317,Oil_temperature,1.065767284991571,TP3|H1|Reservoirs|Oil_temperature
SE_01015,2020-05-31 14:05:00,2020-05-31 14:10:00,5.0,1,1.1214165261382807,Oil_temperature,1.1399662731871851,TP3|H1|Reservoirs|Oil_temperature
SE_01016,2020-05-31 14:30:00,2020-05-31 14:35:00,5.0,1,1.0522765598650952,Oil_temperature,1.0876897133220929,TP3|H1|Reservoirs|Oil_temperature
SE_01017,2020-05-31 14:50:00,2020-05-31 14:55:00,5.0,1,0.9949409780775724,Oil_temperature,1.0033726812816215,Oil_temperature
SE_01018,2020-05-31 15:10:00,2020-05-31 15:15:00,5.0,1,1.109612141652616,Oil_temperature,1.1231028667790917,Oil_temperature
SE_01019,2020-05-31 15:35:00,2020-05-31 15:40:00,5.0,1,1.0659359190556503,Oil_temperature,1.0876897133220929,TP3|H1|Reservoirs|Oil_temperature
SE_01020,2020-05-31 16:15:00,2020-05-31 16:20:00,5.0,1,1.074198988195617,Oil_temperature,1.0843170320404731,TP3|H1|Reservoirs|Oil_temperature
SE_01021,2020-05-31 17:20:00,2020-05-31 17:25:00,5.0,1,1.0286677908937623,Oil_temperature,1.0370994940978095,TP3|H1|Reservoirs|Oil_temperature
SE_01022,2020-05-31 18:25:00,2020-05-31 18:30:00,5.0,1,32.619999999995144,DV_pressure,45.85839049892635,TP2|TP3|H1|DV_pressure|Reservoirs|Oil_temperature|Motor_current
SE_01023,2020-05-31 19:35:00,2020-05-31 19:40:00,5.0,1,1.021922428330524,Oil_temperature,1.042158516020238,TP3|H1|Reservoirs|Oil_temperature
SE_01024,2020-05-31 19:55:00,2020-05-31 20:00:00,5.0,1,1.0415920455033902,Oil_temperature,1.1315345699831378,TP3|H1|Reservoirs|Oil_temperature
SE_01025,2020-05-31 20:35:00,2020-05-31 20:40:00,5.0,1,4.419999999999366,DV_pressure,4.79999999999945,DV_pressure
SE_01026,2020-05-31 21:40:00,2020-05-31 21:45:00,5.0,1,4.456417910447288,DV_pressure,60.79999999999093,TP3|H1|DV_pressure|Reservoirs|Motor_current
SE_01027,2020-06-01 06:40:00,2020-06-01 06:45:00,5.0,1,1.0001686340640819,Oil_temperature,1.0404721753794282,Oil_temperature
SE_01028,2020-06-01 07:05:00,2020-06-01 07:10:00,5.0,1,1.0151770657672865,Oil_temperature,1.021922428330524,TP3|H1|Oil_temperature
SE_01029,2020-06-01 07:45:00,2020-06-01 07:50:00,5.0,1,1.0215851602023625,Oil_temperature,1.06408094435076,Oil_temperature
SE_01030,2020-06-01 08:10:00,2020-06-01 08:15:00,5.0,1,1.050252951096122,Oil_temperature,1.0826306913996644,H1|Oil_temperature
SE_01031,2020-06-01 08:50:00,2020-06-01 08:55:00,5.0,1,1.074873524451941,Oil_temperature,1.0876897133220929,TP3|H1|Reservoirs|Oil_temperature
SE_01032,2020-06-01 10:05:00,2020-06-01 10:10:00,5.0,1,1.0038785834738642,H1,1.0248756218905468,TP3|H1|Reservoirs|Oil_temperature
SE_01033,2020-06-01 10:30:00,2020-06-01 10:35:00,5.0,1,1.042158516020238,TP2,44.285912416351074,TP2|TP3|H1|DV_pressure|Reservoirs|Oil_temperature|Motor_current
SE_01034,2020-06-01 11:00:00,2020-06-01 11:05:00,5.0,1,1.0541315345699842,Oil_temperature,1.0607082630691422,TP3|H1|Reservoirs|Oil_temperature
SE_01035,2020-06-01 11:20:00,2020-06-01 13:15:00,115.0,16,1.2868465430016875,DV_pressure,30.204587350034192,TP2|TP3|H1|DV_pressure|Reservoirs|Oil_temperature|Motor_current
SE_01036,2020-06-01 13:35:00,2020-06-01 13:40:00,5.0,1,1.041146711635752,Oil_temperature,1.053962900505903,TP3|H1|Reservoirs|Oil_temperature
SE_01037,2020-06-01 13:55:00,2020-06-01 15:45:00,110.0,18,200.99999999997002,DV_pressure,579.9999999999131,TP3|H1|DV_pressure|Reservoirs|Oil_temperature
SE_01038,2020-06-01 16:00:00,2020-06-01 16:10:00,10.0,2,1.1558178752107944,Oil_temperature,1.161888701517708,TP3|H1|Reservoirs|Oil_temperature|Motor_current
SE_01039,2020-06-01 16:25:00,2020-06-01 17:25:00,60.0,9,1.2647554806070835,TP2,45.66415866301379,TP2|TP3|H1|DV_pressure|Reservoirs|Oil_temperature|Motor_current
SE_01040,2020-06-01 17:45:00,2020-06-01 17:55:00,10.0,2,1.0617200674536278,DV_pressure,33.87628055966816,TP2|TP3|H1|DV_pressure|Reservoirs|Oil_temperature|Motor_current
SE_01041,2020-06-01 18:10:00,2020-06-01 18:15:00,5.0,1,1.087352445193931,DV_pressure,6.557674292103472,TP2|TP3|H1|DV_pressure|Reservoirs|Oil_temperature
SE_01042,2020-06-01 18:50:00,2020-06-01 19:35:00,45.0,7,1.1973018549747059,DV_pressure,44.997129128765295,TP2|TP3|H1|DV_pressure|Reservoirs|Oil_temperature|Motor_current
SE_01043,2020-06-01 19:50:00,2020-06-01 19:55:00,5.0,1,1.04789207419899,DV_pressure,34.82820102142512,TP2|TP3|H1|DV_pressure|Reservoirs|Oil_temperature|Motor_current
SE_01044,2020-06-01 20:15:00,2020-06-01 20:20:00,5.0,1,1.0472175379426665,DV_pressure,198.39999999997045,TP3|H1|DV_pressure|Reservoirs|Oil_temperature|Motor_current
SE_01045,2020-06-01 21:05:00,2020-06-01 21:10:00,5.0,1,1.0176646279563415,Oil_temperature,1.0370994940978095,TP3|H1|Reservoirs|Oil_temperature
SE_01046,2020-06-02 04:50:00,2020-06-02 04:55:00,5.0,1,0.9991568296795976,H1,1.0248756218905468,TP3|H1|Reservoirs|Oil_temperature
SE_01047,2020-06-02 05:15:00,2020-06-02 05:20:00,5.0,1,70.27999999998963,DV_pressure,72.39999999998916,DV_pressure
SE_01048,2020-06-02 05:35:00,2020-06-02 05:40:00,5.0,1,0.9971835594372157,H1,1.03150912106136,TP3|H1|Reservoirs|Oil_temperature
SE_01049,2020-06-02 06:00:00,2020-06-02 06:05:00,5.0,1,1.0324054264931668,Oil_temperature,1.053962900505903,TP3|H1|Reservoirs|Oil_temperature
SE_01050,2020-06-02 06:20:00,2020-06-02 06:40:00,20.0,2,1.10505902192243,Oil_temperature,1.1281618887015201,TP3|H1|Reservoirs|Oil_temperature
SE_01051,2020-06-02 07:15:00,2020-06-02 07:20:00,5.0,1,0.994258983627472,DV_pressure,3.868121241425091,TP2|TP3|H1|DV_pressure|Reservoirs|Oil_temperature
SE_01052,2020-06-02 07:40:00,2020-06-02 07:45:00,5.0,1,1.057504215851603,Oil_temperature,1.0961214165261401,TP3|H1|Reservoirs|Oil_temperature
SE_01053,2020-06-02 08:45:00,2020-06-02 08:50:00,5.0,1,4.219999999999506,DV_pressure,72.79999999998923,TP3|H1|DV_pressure|Reservoirs|Oil_temperature
SE_01054,2020-06-02 19:05:00,2020-06-02 19:50:00,45.0,9,3.914259086672936,Motor_current,3.914259086672936,TP3|Reservoirs|Motor_current
SE_01055,2020-06-02 22:55:00,2020-06-02 23:00:00,5.0,1,1.0298482293423288,Oil_temperature,1.0472175379426665,H1|Oil_temperature
SE_01056,2020-06-03 00:05:00,2020-06-03 00:10:00,5.0,1,10.799999999998422,DV_pressure,732.9999999998902,TP3|H1|DV_pressure|Oil_temperature
SE_01057,2020-06-03 03:15:00,2020-06-03 03:20:00,5.0,1,8.599999999998731,DV_pressure,8.999999999998622,TP3|H1|DV_pressure|Oil_temperature
SE_01058,2020-06-03 04:00:00,2020-06-03 04:10:00,10.0,2,2.4199999999997064,DV_pressure,2.7999999999996104,H1|DV_pressure|Oil_temperature
SE_01059,2020-06-03 04:50:00,2020-06-03 04:55:00,5.0,1,1.021922428330524,DV_pressure,5.968390196730123,TP2|TP3|H1|DV_pressure|Reservoirs|Oil_temperature
SE_01060,2020-06-03 05:10:00,2020-06-03 05:15:00,5.0,1,1.017875210792582,Oil_temperature,1.0404721753794282,Oil_temperature
SE_01061,2020-06-03 05:30:00,2020-06-03 05:35:00,5.0,1,1.0495784148397984,Oil_temperature,1.0725126475548072,TP3|H1|Reservoirs|Oil_temperature
SE_01062,2020-06-03 05:55:00,2020-06-03 06:15:00,20.0,2,8.819999999998748,DV_pressure,622.3999999999068,TP2|TP3|H1|DV_pressure|Reservoirs|Oil_temperature|Motor_current
SE_01063,2020-06-03 07:10:00,2020-06-03 07:35:00,25.0,3,19.63999999999719,DV_pressure,786.3999999998822,H1|DV_pressure|Oil_temperature
SE_01064,2020-06-03 08:15:00,2020-06-03 08:20:00,5.0,1,1.0403035413153479,Oil_temperature,1.0623946037099503,TP3|H1|Reservoirs|Oil_temperature
SE_01065,2020-06-03 08:35:00,2020-06-03 08:40:00,5.0,1,1.0698145025295125,Oil_temperature,1.0961214165261401,TP3|H1|Reservoirs|Oil_temperature
SE_01066,2020-06-03 09:20:00,2020-06-03 09:25:00,5.0,1,1.0500843170320413,DV_pressure,3.913450787223043,TP2|TP3|H1|DV_pressure|Reservoirs|Oil_temperature
SE_01067,2020-06-03 10:05:00,2020-06-03 11:15:00,70.0,14,187.21999999997195,DV_pressure,187.39999999997198,TP2|TP3|H1|DV_pressure|Reservoirs|Oil_temperature|Motor_current
SE_01068,2020-06-03 11:30:00,2020-06-03 11:55:00,25.0,4,1.1956155143338978,DV_pressure,3.278837146051742,TP2|TP3|H1|DV_pressure|Reservoirs|Oil_temperature
SE_01069,2020-06-03 12:10:00,2020-06-03 12:20:00,10.0,2,7.199999999999001,DV_pressure,7.599999999998901,TP3|H1|DV_pressure|Reservoirs|Oil_temperature
SE_01070,2020-06-03 12:40:00,2020-06-03 13:00:00,20.0,2,1.1349072512647564,DV_pressure,567.199999999915,TP3|H1|DV_pressure|Reservoirs|Oil_temperature
SE_01071,2020-06-03 13:20:00,2020-06-03 13:25:00,5.0,1,1.0900505902192257,Oil_temperature,1.0994940978077588,TP3|H1|Reservoirs|Oil_temperature
SE_01072,2020-06-03 13:45:00,2020-06-03 14:05:00,20.0,2,1.1428330522765613,DV_pressure,46.39999999999308,TP3|H1|DV_pressure|Reservoirs|Oil_temperature
SE_01073,2020-06-03 14:30:00,2020-06-03 14:35:00,5.0,1,1.0961214165261401,Oil_temperature,1.1028667790893776,Oil_temperature
SE_01074,2020-06-03 15:10:00,2020-06-03 15:15:00,5.0,1,1.0674536256323788,Oil_temperature,1.1264755480607103,TP3|H1|Oil_temperature
SE_01075,2020-06-03 15:35:00,2020-06-03 15:40:00,5.0,1,1.0590219224283315,Oil_temperature,1.0775716694772357,TP3|H1|Reservoirs|Oil_temperature
SE_01076,2020-06-03 16:10:00,2020-06-03 16:15:00,5.0,1,1.021922428330524,Oil_temperature,1.0961214165261401,TP3|H1|Reservoirs|Oil_temperature
SE_01077,2020-06-03 16:35:00,2020-06-03 16:40:00,5.0,1,1.0885328836424977,DV_pressure,33.83095101387022,TP2|TP3|DV_pressure|Reservoirs|Oil_temperature|Motor_current
SE_01078,2020-06-03 17:15:00,2020-06-03 17:20:00,5.0,1,1.1222596964586855,DV_pressure,1.3296666767398877,TP3|H1|DV_pressure|Reservoirs|Oil_temperature
SE_01079,2020-06-03 17:40:00,2020-06-03 17:50:00,10.0,2,1.037774030354133,Oil_temperature,1.0893760539629018,TP3|H1|Oil_temperature
SE_01080,2020-06-03 18:20:00,2020-06-03 18:25:00,5.0,1,1.0753794266441836,Oil_temperature,1.0961214165261401,TP3|H1|Reservoirs|Oil_temperature
SE_01081,2020-06-03 18:45:00,2020-06-03 18:50:00,5.0,1,1.0674536256323788,DV_pressure,10.289806896134722,TP2|TP3|H1|DV_pressure|Reservoirs|Oil_temperature
SE_01082,2020-06-04 03:35:00,2020-06-04 03:40:00,5.0,1,29.43999999999564,DV_pressure,30.599999999995497,TP2|TP3|H1|DV_pressure|Reservoirs
SE_01083,2020-06-04 06:15:00,2020-06-04 06:40:00,25.0,3,1.0583473861720074,DV_pressure,22.740322141971724,TP2|TP3|H1|DV_pressure|Reservoirs|Oil_temperature|Motor_current
SE_01084,2020-06-04 07:15:00,2020-06-04 07:20:00,5.0,1,1.0118043844856672,DV_pressure,542.9999999999187,TP3|H1|DV_pressure|Reservoirs|Oil_temperature
SE_01085,2020-06-04 07:40:00,2020-06-04 07:45:00,5.0,1,1.0472175379426665,DV_pressure,1.1936780393460318,TP3|H1|DV_pressure|Reservoirs|Oil_temperature
SE_01086,2020-06-04 08:45:00,2020-06-04 08:50:00,5.0,1,1.0576728499156838,Oil_temperature,1.0775716694772357,TP3|H1|Reservoirs|Oil_temperature
SE_01087,2020-06-04 09:50:00,2020-06-04 09:55:00,5.0,1,1.0893760539629018,Oil_temperature,1.1231028667790917,TP3|H1|Reservoirs|Oil_temperature
SE_01088,2020-06-04 10:55:00,2020-06-04 11:05:00,10.0,2,2.2399999999996707,DV_pressure,2.7999999999996104,TP3|H1|DV_pressure|Reservoirs|Oil_temperature
SE_01089,2020-06-04 12:05:00,2020-06-04 12:10:00,5.0,1,1.065767284991571,Oil_temperature,1.129848229342328,TP3|H1|Reservoirs|Oil_temperature
SE_01090,2020-06-04 12:25:00,2020-06-04 12:30:00,5.0,1,1.007588532883644,Oil_temperature,1.0286677908937623,TP3|H1|Reservoirs|Oil_temperature
SE_01091,2020-06-04 13:10:00,2020-06-04 13:15:00,5.0,1,1.084654300168635,Oil_temperature,1.0961214165261401,Oil_temperature
SE_01092,2020-06-04 13:30:00,2020-06-04 13:35:00,5.0,1,1.149241146711637,Oil_temperature,1.1669477234401366,TP3|H1|Reservoirs|Oil_temperature
SE_01093,2020-06-04 13:55:00,2020-06-04 14:00:00,5.0,1,1.0489038785834746,Oil_temperature,1.1264755480607103,TP3|H1|Reservoirs|Oil_temperature
SE_01094,2020-06-04 14:20:00,2020-06-04 14:40:00,20.0,3,1.1357504215851613,Oil_temperature,1.1551433389544707,TP3|H1|Reservoirs|Oil_temperature
SE_01095,2020-06-04 15:00:00,2020-06-04 15:05:00,5.0,1,1.0961214165261401,Oil_temperature,1.141652613827995,TP3|H1|Reservoirs|Oil_temperature
SE_01096,2020-06-04 15:25:00,2020-06-04 15:45:00,20.0,2,1.1281618887015201,DV_pressure,11.831011453265022,TP2|TP3|H1|DV_pressure|Reservoirs|Oil_temperature
SE_01097,2020-06-04 16:05:00,2020-06-04 16:10:00,5.0,1,1.0630691399662742,Oil_temperature,1.074198988195617,H1|Oil_temperature
SE_01098,2020-06-04 16:30:00,2020-06-04 16:50:00,20.0,2,1.0961214165261401,Oil_temperature,1.106239460370997,TP3|H1|Reservoirs|Oil_temperature
SE_01099,2020-06-04 17:10:00,2020-06-04 17:15:00,5.0,1,1.0974704890387876,Oil_temperature,1.1163575042158533,TP3|H1|Reservoirs|Oil_temperature
SE_01100,2020-06-04 17:30:00,2020-06-04 18:10:00,40.0,4,1.1028667790893776,TP2,34.785548351304925,TP2|TP3|H1|DV_pressure|Reservoirs|Oil_temperature|Motor_current
SE_01101,2020-06-04 21:05:00,2020-06-04 21:10:00,5.0,1,3.9999999999994804,DV_pressure,139.799999999979,TP2|TP3|H1|DV_pressure|Reservoirs|Motor_current
SE_01102,2020-06-04 22:25:00,2020-06-04 22:30:00,5.0,1,12.199999999998152,DV_pressure,23.799999999996373,TP2|DV_pressure
SE_01103,2020-06-05 01:05:00,2020-06-05 01:10:00,5.0,1,23.839999999996383,DV_pressure,74.19999999998896,TP2|TP3|H1|DV_pressure|Reservoirs|Oil_temperature
SE_01104,2020-06-05 01:30:00,2020-06-05 01:40:00,10.0,2,61.65999999999072,DV_pressure,63.19999999999066,TP3|H1|DV_pressure|Reservoirs
SE_01105,2020-06-05 04:30:00,2020-06-05 04:35:00,5.0,1,11.399999999998352,DV_pressure,12.199999999998152,DV_pressure|Oil_temperature
SE_01106,2020-06-05 05:20:00,2020-06-05 05:40:00,20.0,2,56.61999999999158,DV_pressure,58.19999999999134,TP3|H1|DV_pressure|Reservoirs|Oil_temperature
SE_01107,2020-06-05 06:00:00,2020-06-05 06:05:00,5.0,1,1.0973018549747067,DV_pressure,81.79999999998786,TP3|H1|DV_pressure|Reservoirs|Oil_temperature
SE_01108,2020-06-05 06:20:00,2020-06-05 06:25:00,5.0,1,1.0084317032040482,Oil_temperature,1.0303541315345712,TP3|H1|Oil_temperature
SE_01109,2020-06-05 07:15:00,2020-06-05 07:20:00,5.0,1,20.99999999999692,DV_pressure,21.999999999996753,DV_pressure
SE_01110,2020-06-05 07:40:00,2020-06-05 07:45:00,5.0,1,1.0907251264755493,Oil_temperature,1.107925801011806,TP3|H1|Oil_temperature
SE_01111,2020-06-05 08:45:00,2020-06-05 08:50:00,5.0,1,1.0812816188870165,Oil_temperature,1.0893760539629018,TP3|H1|Reservoirs|Oil_temperature
SE_01112,2020-06-05 09:50:00,2020-06-06 15:55:00,1805.0,361,245.9799999999633,DV_pressure,277.1999999999585,TP3|DV_pressure|Reservoirs|Oil_temperature
SE_01113,2020-06-06 19:45:00,2020-06-07 02:10:00,385.0,77,215.01999999996787,DV_pressure,215.3999999999677,TP3|DV_pressure|Reservoirs|Oil_temperature
SE_01114,2020-06-07 03:10:00,2020-06-07 14:15:00,665.0,133,198.5999999999703,DV_pressure,198.99999999997036,TP3|DV_pressure|Reservoirs|Oil_temperature
SE_01115,2020-06-08 11:50:00,2020-06-08 13:05:00,75.0,15,260.39999999996104,DV_pressure,515.9999999999228,TP3|DV_pressure|Reservoirs|Oil_temperature
SE_01116,2020-06-08 13:45:00,2020-06-08 14:45:00,60.0,6,3.630698287220025,TP3,3.7707509881422907,TP3|H1|Reservoirs|Oil_temperature
SE_01117,2020-06-08 15:00:00,2020-06-08 15:35:00,35.0,3,1.07470489038786,DV_pressure,48.39999999999291,TP2|TP3|H1|DV_pressure|Reservoirs|Oil_temperature|Motor_current
SE_01118,2020-06-08 15:50:00,2020-06-08 15:55:00,5.0,1,1.0294242670850369,DV_pressure,593.3999999999112,TP2|TP3|H1|DV_pressure|Reservoirs|Oil_temperature|Motor_current
SE_01119,2020-06-08 16:10:00,2020-06-08 16:15:00,5.0,1,1.0119730185497489,H1,1.0796019900497513,TP3|H1|Reservoirs|Oil_temperature
SE_01120,2020-06-08 16:30:00,2020-06-08 16:35:00,5.0,1,1.009443507588534,H1,1.084577114427861,TP3|H1|Reservoirs|Oil_temperature
SE_01121,2020-06-08 16:50:00,2020-06-08 17:10:00,20.0,2,1.0084317032040482,DV_pressure,35.65924269438754,TP2|TP3|H1|DV_pressure|Reservoirs|Oil_temperature|Motor_current
SE_01122,2020-06-09 05:05:00,2020-06-09 05:10:00,5.0,1,1.020236087689715,TP2,43.76581949308213,TP2|TP3|H1|DV_pressure|Reservoirs|Oil_temperature|Motor_current
SE_01123,2020-06-09 06:10:00,2020-06-09 06:15:00,5.0,1,1.0276559865092763,H1,1.0464344941956876,TP3|H1|Reservoirs|Oil_temperature
SE_01124,2020-06-09 06:50:00,2020-06-09 06:55:00,5.0,1,1.0187396351575448,DV_pressure,392.19999999994127,TP3|H1|DV_pressure|Reservoirs
SE_01125,2020-06-09 07:50:00,2020-06-09 07:55:00,5.0,1,0.9951096121416534,H1,1.0414593698175778,TP3|H1|Reservoirs
SE_01126,2020-06-09 08:25:00,2020-06-09 08:30:00,5.0,1,1.0222596964586859,DV_pressure,35.19083738780873,TP2|TP3|H1|DV_pressure|Reservoirs|Oil_temperature|Motor_current
SE_01127,2020-06-09 08:45:00,2020-06-09 08:50:00,5.0,1,1.0274873524451953,H1,1.0480928689883913,TP3|H1|Reservoirs|Oil_temperature
SE_01128,2020-06-09 09:20:00,2020-06-09 09:25:00,5.0,1,1.04789207419899,TP2,45.65549044762598,TP2|TP3|H1|Reservoirs|Oil_temperature|Motor_current
SE_01129,2020-06-09 09:40:00,2020-06-09 09:45:00,5.0,1,0.9969798657718129,DV_pressure,173.7999999999739,TP3|H1|DV_pressure|Reservoirs|Motor_current
SE_01130,2020-06-09 10:40:00,2020-06-09 10:45:00,5.0,1,1.0944350758853303,DV_pressure,2.206037895500257,TP2|TP3|H1|DV_pressure|Reservoirs|Oil_temperature
SE_01131,2020-06-09 11:05:00,2020-06-09 11:10:00,5.0,1,1.0345699831365955,H1,1.069651741293532,TP3|H1|Reservoirs|Oil_temperature
SE_01132,2020-06-09 11:40:00,2020-06-09 11:45:00,5.0,1,1.0269814502529524,H1,1.0779436152570476,TP3|H1|Reservoirs|Oil_temperature
SE_01133,2020-06-09 12:40:00,2020-06-09 12:45:00,5.0,1,1.0883642495784167,Oil_temperature,1.1028667790893776,TP3|H1|Reservoirs|Oil_temperature
SE_01134,2020-06-09 13:00:00,2020-06-09 13:05:00,5.0,1,1.0770657672849928,Oil_temperature,1.0994940978077588,TP3|H1|Reservoirs|Oil_temperature
SE_01135,2020-06-09 13:25:00,2020-06-09 13:30:00,5.0,1,1.0052276559865105,H1,1.0248756218905468,TP3|H1|Reservoirs|Oil_temperature
SE_01136,2020-06-09 13:45:00,2020-06-09 14:05:00,20.0,2,1.1266441821247912,DV_pressure,1.4505454655344088,TP3|H1|DV_pressure|Reservoirs|Oil_temperature
SE_01137,2020-06-09 14:25:00,2020-06-09 14:30:00,5.0,1,1.021922428330524,Oil_temperature,1.0691399662731886,Oil_temperature
SE_01138,2020-06-09 14:45:00,2020-06-09 15:20:00,35.0,3,1.113827993254639,Oil_temperature,1.1332209106239486,TP3|H1|Reservoirs|Oil_temperature
SE_01139,2020-06-09 15:40:00,2020-06-09 15:45:00,5.0,1,1.011804384485668,H1,1.0812603648424535,TP3|H1|Reservoirs|Oil_temperature
SE_01140,2020-06-09 16:00:00,2020-06-09 16:20:00,20.0,2,1.1219224283305236,Oil_temperature,1.1399662731871851,TP3|H1|Reservoirs|Oil_temperature
SE_01141,2020-06-09 16:35:00,2020-06-09 16:40:00,5.0,1,1.0419898819561568,H1,1.0630182421227201,TP3|H1|Reservoirs|Oil_temperature
SE_01142,2020-06-09 16:55:00,2020-06-09 17:30:00,35.0,4,1.1603709949409802,DV_pressure,11.634583421473906,TP2|TP3|H1|DV_pressure|Reservoirs|Oil_temperature
SE_01143,2020-06-09 17:50:00,2020-06-09 17:55:00,5.0,1,1.0801011804384504,DV_pressure,1.2994469795412442,TP3|H1|DV_pressure|Reservoirs|Oil_temperature
SE_01144,2020-06-09 18:25:00,2020-06-09 18:30:00,5.0,1,1.0337268128161907,H1,1.0480928689883913,TP3|H1|Reservoirs|Oil_temperature
SE_01145,2020-06-09 19:10:00,2020-06-09 19:30:00,20.0,2,1.0561551433389567,DV_pressure,24.4326251850952,TP2|TP3|H1|DV_pressure|Reservoirs|Oil_temperature|Motor_current
SE_01146,2020-06-09 19:45:00,2020-06-09 19:50:00,5.0,1,1.0876897133220929,TP2,45.49079435525748,TP2|TP3|H1|DV_pressure|Reservoirs|Oil_temperature|Motor_current
SE_01147,2020-06-10 01:05:00,2020-06-10 01:10:00,5.0,1,1.1214756258234515,TP3,1.4611330698287213,TP3|H1|Reservoirs
SE_01148,2020-06-10 09:00:00,2020-06-10 09:05:00,5.0,1,1.0267473761043018,H1,1.0663349917081262,TP3|H1|Reservoirs|Oil_temperature
SE_01149,2020-06-10 10:15:00,2020-06-10 10:20:00,5.0,1,1.0369308600337284,Oil_temperature,1.0590219224283315,TP3|H1|Reservoirs|Oil_temperature
SE_01150,2020-06-10 10:40:00,2020-06-10 10:45:00,5.0,1,1.0644182124789219,TP2,38.42619881418757,TP2|TP3|H1|DV_pressure|Reservoirs|Oil_temperature|Motor_current
SE_01151,2020-06-10 11:20:00,2020-06-10 11:25:00,5.0,1,1.0084317032040482,H1,1.0663349917081262,TP3|H1|Reservoirs|Oil_temperature
SE_01152,2020-06-10 12:25:00,2020-06-10 12:30:00,5.0,1,1.0627318718381136,H1,1.0978441127694862,TP3|H1|Reservoirs|Oil_temperature
SE_01153,2020-06-10 12:45:00,2020-06-10 12:50:00,5.0,1,0.9967959527824644,H1,1.087893864013267,TP3|H1|Reservoirs|Oil_temperature
SE_01154,2020-06-10 13:45:00,2020-06-10 13:50:00,5.0,1,1.0944350758853303,DV_pressure,329.9999999999506,TP3|H1|DV_pressure|Reservoirs|Oil_temperature
SE_01155,2020-06-10 14:10:00,2020-06-10 14:15:00,5.0,1,1.0354131534569997,H1,1.0829187396351574,TP3|H1|Reservoirs|Oil_temperature
SE_01156,2020-06-10 14:45:00,2020-06-10 14:50:00,5.0,1,1.1333895446880293,Oil_temperature,1.150084317032042,TP3|H1|Reservoirs|Oil_temperature
SE_01157,2020-06-10 15:05:00,2020-06-10 15:10:00,5.0,1,1.1227655986509282,Oil_temperature,1.141652613827995,TP3|H1|Reservoirs|Oil_temperature
SE_01158,2020-06-10 15:25:00,2020-06-10 15:30:00,5.0,1,1.0404721753794282,DV_pressure,25.686742618838483,TP2|TP3|H1|DV_pressure|Reservoirs|Oil_temperature|Motor_current
SE_01159,2020-06-10 15:45:00,2020-06-10 16:05:00,20.0,2,1.0875210792580117,DV_pressure,50.874860233899504,TP2|TP3|H1|DV_pressure|Reservoirs|Oil_temperature|Motor_current
SE_01160,2020-06-10 17:10:00,2020-06-10 17:15:00,5.0,1,1.0480928689883913,Oil_temperature,1.0674536256323788,TP3|H1|Reservoirs|Oil_temperature
SE_01161,2020-06-10 17:45:00,2020-06-10 17:55:00,10.0,2,1.0691399662731886,Oil_temperature,1.075885328836426,TP3|H1|Reservoirs|Oil_temperature
SE_01162,2020-06-10 18:10:00,2020-06-10 18:15:00,5.0,1,1.0541315345699842,H1,1.0630182421227201,TP3|H1|Reservoirs|Oil_temperature
SE_01163,2020-06-10 18:45:00,2020-06-10 18:50:00,5.0,1,1.0313926817546857,Oil_temperature,1.1450252951096136,TP3|H1|Reservoirs|Oil_temperature
SE_01164,2020-06-11 05:20:00,2020-06-11 05:25:00,5.0,1,1.0252951096121437,Oil_temperature,1.0809443507588545,TP3|H1|Reservoirs|Oil_temperature
SE_01165,2020-06-11 05:55:00,2020-06-11 06:00:00,5.0,1,1.0069139966273202,H1,1.0431177446102815,TP3|H1|Reservoirs|Oil_temperature
SE_01166,2020-06-11 06:15:00,2020-06-11 06:20:00,5.0,1,1.0161888701517718,Oil_temperature,1.0556492411467138,TP3|H1|Reservoirs|Oil_temperature
SE_01167,2020-06-11 06:45:00,2020-06-11 06:50:00,5.0,1,1.027243210591228,Oil_temperature,1.0556492411467138,TP3|H1|Reservoirs|Oil_temperature
SE_01168,2020-06-11 08:40:00,2020-06-11 08:45:00,5.0,1,1.005140961857379,DV_pressure,44.84603064277212,TP2|TP3|H1|DV_pressure|Reservoirs|Motor_current
SE_01169,2020-06-11 10:50:00,2020-06-11 10:55:00,5.0,1,1.0036987630705405,TP2,45.95020977081172,TP2|TP3|H1|Reservoirs|Oil_temperature|Motor_current
SE_01170,2020-06-11 11:25:00,2020-06-11 11:30:00,5.0,1,1.0232715008431714,Oil_temperature,1.06408094435076,TP3|H1|Reservoirs|Oil_temperature
SE_01171,2020-06-11 12:50:00,2020-06-11 12:55:00,5.0,1,1.0489038785834746,Oil_temperature,1.0691399662731886,TP3|H1|Reservoirs|Oil_temperature
SE_01172,2020-06-11 13:50:00,2020-06-11 13:55:00,5.0,1,1.0153456998313675,H1,1.0547263681592032,TP3|H1|Reservoirs|Oil_temperature
SE_01173,2020-06-11 14:30:00,2020-06-11 14:35:00,5.0,1,1.003508116797824,DV_pressure,47.68668217944368,TP2|TP3|H1|DV_pressure|Reservoirs|Motor_current
SE_01174,2020-06-11 15:10:00,2020-06-11 15:15:00,5.0,1,1.063406408094436,DV_pressure,2.2966969870961473,TP2|TP3|H1|DV_pressure|Reservoirs|Oil_temperature
SE_01175,2020-06-11 15:35:00,2020-06-11 15:40:00,5.0,1,1.0070826306914011,DV_pressure,404.1999999999394,TP3|H1|DV_pressure|Reservoirs|Oil_temperature
SE_01176,2020-06-11 17:15:00,2020-06-11 17:20:00,5.0,1,1.011804384485668,H1,1.0862354892205632,TP3|H1|Reservoirs|Oil_temperature
SE_01177,2020-06-11 17:35:00,2020-06-11 17:40:00,5.0,1,1.0300168634064097,Oil_temperature,1.053962900505903,Oil_temperature
SE_01178,2020-06-11 17:55:00,2020-06-11 18:00:00,5.0,1,0.9935239485540253,H1,1.0713101160862357,TP3|H1|Reservoirs
SE_01179,2020-06-11 19:00:00,2020-06-11 19:05:00,5.0,1,1.0151770657672865,H1,1.0597014925373127,TP3|H1|Reservoirs|Oil_temperature
SE_01180,2020-06-11 19:40:00,2020-06-11 20:00:00,20.0,2,1.0556492411467138,DV_pressure,34.616663141034685,TP2|TP3|H1|DV_pressure|Reservoirs|Oil_temperature|Motor_current
SE_01181,2020-06-12 00:55:00,2020-06-12 01:00:00,5.0,1,1.3425559947299073,TP2,45.84619118615793,TP2|TP3|H1|DV_pressure|Reservoirs|Motor_current
SE_01182,2020-06-12 18:05:00,2020-06-12 18:10:00,5.0,1,1.0075130250937578,DV_pressure,36.92846997673014,TP2|TP3|H1|DV_pressure|Reservoirs|Oil_temperature|Motor_current
SE_01183,2020-06-12 18:55:00,2020-06-12 19:15:00,20.0,2,0.9971332209106252,H1,1.049751243781095,TP3|H1|Reservoirs|Oil_temperature
SE_01184,2020-06-12 19:45:00,2020-06-12 19:50:00,5.0,1,0.9934232715008442,DV_pressure,36.82270103653493,TP2|TP3|H1|DV_pressure|Reservoirs|Oil_temperature|Motor_current
SE_01185,2020-06-12 20:15:00,2020-06-12 20:20:00,5.0,1,0.9949409780775724,H1,1.0447761194029854,TP3|H1|Reservoirs|Oil_temperature
SE_01186,2020-06-12 20:50:00,2020-06-12 20:55:00,5.0,1,0.9966273187183823,H1,1.049751243781095,TP3|H1|Reservoirs|Oil_temperature
SE_01187,2020-06-12 21:20:00,2020-06-12 21:40:00,20.0,2,1.016526138279934,DV_pressure,2.19999999999968,TP3|H1|DV_pressure|Reservoirs|Oil_temperature
SE_01188,2020-06-12 22:30:00,2020-06-12 22:35:00,5.0,1,0.9940978077571692,H1,1.0663349917081262,TP3|H1|Reservoirs|Oil_temperature
SE_01189,2020-06-12 23:20:00,2020-06-12 23:25:00,5.0,1,1.0016863406408107,DV_pressure,20.0205493940947,TP2|TP3|H1|DV_pressure|Reservoirs|Oil_temperature|Motor_current
SE_01190,2020-06-12 23:40:00,2020-06-12 23:45:00,5.0,1,1.0000000000000009,H1,1.0281923714759527,TP3|H1|Reservoirs|Oil_temperature
SE_01191,2020-06-13 03:45:00,2020-06-13 04:05:00,20.0,2,1.3261783911023008,DV_pressure,568.3999999999149,TP2|TP3|H1|DV_pressure|Reservoirs|Oil_temperature|Motor_current
SE_01192,2020-06-13 05:20:00,2020-06-13 05:25:00,5.0,1,1.074198988195617,Oil_temperature,1.0826306913996644,Oil_temperature
SE_01193,2020-06-13 05:45:00,2020-06-13 06:25:00,40.0,4,1.0522765598650936,TP2,45.89820047848482,TP2|TP3|H1|Reservoirs|Oil_temperature|Motor_current
SE_01194,2020-06-13 06:45:00,2020-06-13 07:20:00,35.0,3,1.0616502141925894,DV_pressure,4.140098516212803,TP2|TP3|H1|DV_pressure|Reservoirs|Oil_temperature
SE_01195,2020-06-13 07:35:00,2020-06-13 08:20:00,45.0,4,1.0856661045531206,Oil_temperature,1.1214165261382807,TP3|H1|Reservoirs|Oil_temperature
SE_01196,2020-06-13 08:35:00,2020-06-13 08:40:00,5.0,1,1.021922428330524,H1,1.0480928689883913,TP3|H1|Reservoirs|Oil_temperature
SE_01197,2020-06-13 09:05:00,2020-06-13 09:55:00,50.0,4,1.1451939291736941,DV_pressure,32.4710646399317,TP2|TP3|H1|DV_pressure|Reservoirs|Oil_temperature|Motor_current
SE_01198,2020-06-13 10:10:00,2020-06-13 10:45:00,35.0,3,1.0900505902192257,DV_pressure,23.405155480341655,TP2|TP3|H1|DV_pressure|Reservoirs|Oil_temperature|Motor_current
SE_01199,2020-06-13 11:00:00,2020-06-13 11:05:00,5.0,1,1.1011804384485686,Oil_temperature,1.1281618887015201,TP3|H1|Reservoirs|Oil_temperature
SE_01200,2020-06-13 11:20:00,2020-06-13 11:45:00,25.0,3,1.0674536256323788,DV_pressure,297.7999999999555,TP3|H1|DV_pressure|Reservoirs|Oil_temperature|Motor_current
SE_01201,2020-06-13 12:00:00,2020-06-13 12:05:00,5.0,1,1.0050590219224296,H1,1.0563847429519069,TP3|H1|Reservoirs|Oil_temperature
SE_01202,2020-06-13 12:25:00,2020-06-13 13:00:00,35.0,3,1.0489038785834746,DV_pressure,483.1999999999276,TP2|TP3|H1|DV_pressure|Reservoirs|Oil_temperature|Motor_current
SE_01203,2020-06-13 13:15:00,2020-06-13 13:25:00,10.0,2,1.0674536256323788,Oil_temperature,1.0809443507588545,TP3|H1|Reservoirs|Oil_temperature
SE_01204,2020-06-13 13:40:00,2020-06-13 13:45:00,5.0,1,1.0700203311715746,Oil_temperature,1.0893760539629018,TP3|H1|Reservoirs|Oil_temperature
SE_01205,2020-06-13 14:05:00,2020-06-13 14:10:00,5.0,1,1.0561551433389567,DV_pressure,6.79943186969254,TP2|TP3|H1|DV_pressure|Reservoirs|Oil_temperature
SE_01206,2020-06-13 14:25:00,2020-06-13 14:35:00,10.0,2,1.1568296795952795,DV_pressure,37.955939681483684,TP2|TP3|H1|DV_pressure|Reservoirs|Oil_temperature|Motor_current
SE_01207,2020-06-13 14:50:00,2020-06-13 14:55:00,5.0,1,1.0607082630691422,DV_pressure,32.199999999995256,TP3|H1|DV_pressure|Reservoirs|Oil_temperature
SE_01208,2020-06-13 15:10:00,2020-06-13 15:30:00,20.0,2,1.097807757166949,TP2,45.07472001664232,TP2|TP3|H1|DV_pressure|Reservoirs|Oil_temperature|Motor_current
SE_01209,2020-06-13 16:05:00,2020-06-13 16:10:00,5.0,1,1.1332209106239486,Oil_temperature,1.1551433389544707,TP3|H1|Reservoirs|Oil_temperature
SE_01210,2020-06-13 16:25:00,2020-06-13 16:45:00,20.0,2,1.0168634064080964,DV_pressure,10.123598561542222,TP2|TP3|H1|DV_pressure|Reservoirs|Oil_temperature
SE_01211,2020-06-13 17:20:00,2020-06-13 17:40:00,20.0,2,1.0575042158516026,DV_pressure,1.6167538001268946,TP2|TP3|H1|DV_pressure|Reservoirs|Oil_temperature
SE_01212,2020-06-13 17:55:00,2020-06-13 18:00:00,5.0,1,1.0134907251264766,H1,1.0447761194029854,TP3|H1|Reservoirs|Oil_temperature
SE_01213,2020-06-13 18:30:00,2020-06-13 18:50:00,20.0,2,1.0172006745362583,H1,1.0646766169154225,TP3|H1|Reservoirs|Oil_temperature
SE_01214,2020-06-13 19:10:00,2020-06-13 19:15:00,5.0,1,1.096290050590221,TP2,45.66415866301379,TP2|TP3|H1|Reservoirs|Oil_temperature|Motor_current
SE_01215,2020-06-13 19:30:00,2020-06-13 19:35:00,5.0,1,1.0082918739635156,H1,1.0563847429519069,TP3|H1|Reservoirs|Oil_temperature
SE_01216,2020-06-14 00:00:00,2020-06-14 00:05:00,5.0,1,1.0071310116086232,DV_pressure,39.79999999999399,TP2|TP3|H1|DV_pressure|Reservoirs|Motor_current
SE_01217,2020-06-14 07:05:00,2020-06-14 07:10:00,5.0,1,0.9971332209106252,H1,1.0248756218905468,TP3|H1|Reservoirs|Oil_temperature
SE_01218,2020-06-14 08:40:00,2020-06-14 08:45:00,5.0,1,1.001854974704892,H1,1.0679933665008283,TP3|H1|Reservoirs|Oil_temperature
SE_01219,2020-06-14 09:30:00,2020-06-14 09:35:00,5.0,1,1.008937605396291,H1,1.0265339966832505,TP3|H1|Reservoirs|Oil_temperature
SE_01220,2020-06-14 09:50:00,2020-06-14 09:55:00,5.0,1,1.0510961214165282,Oil_temperature,1.0623946037099503,TP3|H1|Reservoirs|Oil_temperature
SE_01221,2020-06-14 10:10:00,2020-06-14 10:30:00,20.0,2,1.0229342327150097,H1,1.0679933665008283,TP3|H1|Reservoirs|Oil_temperature
SE_01222,2020-06-14 11:05:00,2020-06-14 11:10:00,5.0,1,1.0716694772344029,DV_pressure,2.190928046900935,TP2|TP3|H1|DV_pressure|Reservoirs|Oil_temperature
SE_01223,2020-06-14 12:20:00,2020-06-14 12:40:00,20.0,2,1.0269814502529524,H1,1.084577114427861,TP3|H1|Reservoirs|Oil_temperature
SE_01224,2020-06-14 12:55:00,2020-06-14 13:00:00,5.0,1,1.0168634064080964,H1,1.049751243781095,TP3|H1|Reservoirs|Oil_temperature
SE_01225,2020-06-14 13:20:00,2020-06-14 13:25:00,5.0,1,1.0225969645868478,DV_pressure,9.262337191381175,TP2|TP3|H1|DV_pressure|Reservoirs|Oil_temperature
SE_01226,2020-06-14 13:45:00,2020-06-14 13:50:00,5.0,1,1.0443507588532888,H1,1.0563847429519069,TP3|H1|Reservoirs|Oil_temperature
SE_01227,2020-06-14 14:05:00,2020-06-14 14:10:00,5.0,1,1.0843170320404731,DV_pressure,47.41470490465596,TP2|TP3|H1|DV_pressure|Reservoirs|Oil_temperature|Motor_current
SE_01228,2020-06-14 14:25:00,2020-06-14 14:50:00,25.0,3,1.0944350758853303,Oil_temperature,1.1011804384485686,TP3|H1|Reservoirs|Oil_temperature
SE_01229,2020-06-14 15:40:00,2020-06-14 16:00:00,20.0,2,1.075885328836426,DV_pressure,31.776011604363138,TP2|TP3|H1|DV_pressure|Reservoirs|Oil_temperature|Motor_current
SE_01230,2020-06-14 16:15:00,2020-06-14 16:20:00,5.0,1,1.050252951096122,Oil_temperature,1.0691399662731886,TP3|H1|Reservoirs|Oil_temperature
SE_01231,2020-06-14 17:05:00,2020-06-14 17:10:00,5.0,1,1.01045531197302,H1,1.0580431177446106,TP3|H1|Reservoirs|Oil_temperature
SE_01232,2020-06-14 17:25:00,2020-06-14 17:30:00,5.0,1,1.0389544688027004,DV_pressure,5.439545495754035,TP2|TP3|H1|DV_pressure|Reservoirs|Oil_temperature
SE_01233,2020-06-14 18:15:00,2020-06-14 18:20:00,5.0,1,1.0067453625632392,H1,1.0796019900497513,TP3|H1|Reservoirs|Oil_temperature
SE_01234,2020-06-14 18:40:00,2020-06-14 18:45:00,5.0,1,1.0627318718381125,Oil_temperature,1.0893760539629018,TP3|H1|Reservoirs|Oil_temperature
SE_01235,2020-06-14 19:00:00,2020-06-14 19:35:00,35.0,3,1.04562152699124,TP2,45.88953226309701,TP2|TP3|H1|DV_pressure|Reservoirs|Oil_temperature|Motor_current
SE_01236,2020-06-14 19:50:00,2020-06-14 19:55:00,5.0,1,1.0505902192242853,DV_pressure,2.447795473089325,TP2|TP3|H1|DV_pressure|Reservoirs|Oil_temperature
SE_01237,2020-06-14 20:15:00,2020-06-14 21:15:00,60.0,5,1.1357504215851613,Oil_temperature,1.161888701517708,TP3|H1|Reservoirs|Oil_temperature
SE_01238,2020-06-14 21:30:00,2020-06-14 23:45:00,135.0,13,1.0893760539629018,DV_pressure,10.229367501737448,TP2|TP3|H1|DV_pressure|Reservoirs|Oil_temperature|Motor_current
SE_01239,2020-06-15 06:40:00,2020-06-15 06:45:00,5.0,1,1.0182124789207438,H1,1.0431177446102815,TP3|H1|Reservoirs|Oil_temperature
SE_01240,2020-06-15 07:00:00,2020-06-15 07:05:00,5.0,1,1.0491544525825067,Oil_temperature,1.06408094435076,TP3|H1|Reservoirs|Oil_temperature
SE_01241,2020-06-15 07:25:00,2020-06-15 07:30:00,5.0,1,1.0021922428330536,H1,1.0398009950248757,TP3|H1|Reservoirs|Oil_temperature
SE_01242,2020-06-15 07:50:00,2020-06-15 07:55:00,5.0,1,1.0489038785834746,H1,1.0679933665008283,TP3|H1|Reservoirs|Oil_temperature
SE_01243,2020-06-15 08:10:00,2020-06-15 08:15:00,5.0,1,1.0573355817875216,H1,1.0762852404643455,TP3|H1|Reservoirs|Oil_temperature
SE_01244,2020-06-15 08:30:00,2020-06-15 08:35:00,5.0,1,1.0084317032040482,DV_pressure,2.704662899277702,TP2|TP3|H1|DV_pressure|Reservoirs|Oil_temperature
SE_01245,2020-06-15 08:50:00,2020-06-15 08:55:00,5.0,1,1.0442022601998437,Oil_temperature,1.0674536256323788,TP3|H1|Reservoirs|Oil_temperature
SE_01246,2020-06-15 09:30:00,2020-06-15 09:50:00,20.0,2,1.0580101180438457,Oil_temperature,1.1231028667790917,TP3|H1|Reservoirs|Oil_temperature
SE_01247,2020-06-15 10:45:00,2020-06-15 11:00:00,15.0,2,1.0406408094435091,TP2,42.63028327727825,TP2|TP3|H1|DV_pressure|Reservoirs|Oil_temperature|Motor_current
SE_01248,2020-06-15 11:15:00,2020-06-15 11:20:00,5.0,1,1.0698145025295125,Oil_temperature,1.0893760539629018,TP3|H1|Reservoirs|Oil_temperature
SE_01249,2020-06-15 11:40:00,2020-06-15 11:45:00,5.0,1,1.0430016863406424,DV_pressure,29.857060832249914,TP2|TP3|H1|DV_pressure|Reservoirs|Oil_temperature|Motor_current
SE_01250,2020-06-15 12:00:00,2020-06-15 12:55:00,55.0,5,1.1214165261382807,DV_pressure,34.11803813725722,TP2|TP3|H1|DV_pressure|Reservoirs|Oil_temperature|Motor_current
SE_01251,2020-06-15 13:10:00,2020-06-15 13:30:00,20.0,2,1.0876897133220929,DV_pressure,84.19999999998743,TP3|H1|DV_pressure|Reservoirs|Oil_temperature
SE_01252,2020-06-15 14:00:00,2020-06-15 14:35:00,35.0,3,1.104890387858349,DV_pressure,11.377715995285516,TP2|TP3|H1|DV_pressure|Reservoirs|Oil_temperature
SE_01253,2020-06-15 15:05:00,2020-06-15 15:10:00,5.0,1,1.1131534569983155,Oil_temperature,1.1214165261382807,TP3|H1|Reservoirs|Oil_temperature
SE_01254,2020-06-15 15:25:00,2020-06-15 15:30:00,5.0,1,1.053962900505903,H1,1.0713101160862357,TP3|H1|Reservoirs|Oil_temperature
SE_01255,2020-06-15 16:15:00,2020-06-15 16:50:00,35.0,3,1.060876897133223,DV_pressure,302.19999999995474,TP2|TP3|H1|DV_pressure|Reservoirs|Oil_temperature|Motor_current
SE_01256,2020-06-15 17:25:00,2020-06-15 17:45:00,20.0,2,1.0489038785834746,Oil_temperature,1.0691399662731886,TP3|H1|Reservoirs|Oil_temperature
SE_01257,2020-06-15 18:00:00,2020-06-15 18:05:00,5.0,1,1.016526138279934,Oil_temperature,1.0505902192242853,TP3|H1|Reservoirs|Oil_temperature
SE_01258,2020-06-15 18:20:00,2020-06-15 18:25:00,5.0,1,1.0824620573355832,DV_pressure,38.66610256565157,TP2|TP3|H1|DV_pressure|Reservoirs|Oil_temperature|Motor_current
SE_01259,2020-06-15 18:40:00,2020-06-15 19:00:00,20.0,2,1.0067453625632392,H1,1.0563847429519069,TP3|H1|Reservoirs|Oil_temperature
SE_01260,2020-06-15 19:15:00,2020-06-15 19:20:00,5.0,1,1.0018456375838927,DV_pressure,38.19999999999441,TP3|H1|DV_pressure|Reservoirs
SE_01261,2020-06-15 20:00:00,2020-06-15 20:05:00,5.0,1,1.0103042963932451,H1,1.0547263681592032,TP3|H1|Reservoirs|Oil_temperature
SE_01262,2020-06-16 05:50:00,2020-06-16 05:55:00,5.0,1,1.0252548387908684,Oil_temperature,1.042158516020238,TP3|H1|Reservoirs|Oil_temperature
SE_01263,2020-06-16 06:10:00,2020-06-16 06:30:00,20.0,2,1.0644182124789219,DV_pressure,15.019189507720847,TP2|TP3|H1|DV_pressure|Reservoirs|Oil_temperature
SE_01264,2020-06-16 06:45:00,2020-06-16 07:05:00,20.0,2,1.0514333895446901,DV_pressure,123.59999999998153,TP2|TP3|H1|DV_pressure|Reservoirs|Oil_temperature
SE_01265,2020-06-16 07:35:00,2020-06-16 07:40:00,5.0,1,1.0794266441821265,Oil_temperature,1.0944350758853303,TP3|H1|Reservoirs|Oil_temperature
SE_01266,2020-06-16 08:05:00,2020-06-16 08:10:00,5.0,1,1.001854974704892,DV_pressure,9.609863709165456,TP2|TP3|H1|DV_pressure|Reservoirs|Oil_temperature
SE_01267,2020-06-16 08:40:00,2020-06-16 08:45:00,5.0,1,1.076391231028669,Oil_temperature,1.0927487352445213,TP3|H1|Reservoirs|Oil_temperature
SE_01268,2020-06-16 10:55:00,2020-06-16 11:30:00,35.0,3,1.0711635750421593,DV_pressure,48.01909884862864,TP2|TP3|H1|DV_pressure|Reservoirs|Oil_temperature|Motor_current
SE_01269,2020-06-16 11:45:00,2020-06-16 11:50:00,5.0,1,1.0625632377740313,Oil_temperature,1.075885328836426,TP3|H1|Reservoirs|Oil_temperature
SE_01270,2020-06-16 12:05:00,2020-06-16 12:10:00,5.0,1,1.0563237774030374,Oil_temperature,1.0843170320404731,TP3|H1|Reservoirs|Oil_temperature
SE_01271,2020-06-16 13:20:00,2020-06-16 13:40:00,20.0,2,1.043507588532885,TP2,45.89820047848482,TP2|TP3|H1|Reservoirs|Oil_temperature|Motor_current
SE_01272,2020-06-16 13:55:00,2020-06-16 14:00:00,5.0,1,1.0379426644182144,Oil_temperature,1.074198988195617,TP3|H1|Reservoirs|Oil_temperature
SE_01273,2020-06-16 14:15:00,2020-06-16 14:55:00,40.0,4,1.0566610455311982,Oil_temperature,1.106239460370997,TP3|H1|Reservoirs|Oil_temperature
SE_01274,2020-06-16 15:30:00,2020-06-16 15:50:00,20.0,2,1.1451939291736941,Oil_temperature,1.1652613827993268,TP3|H1|Reservoirs|Oil_temperature
SE_01275,2020-06-16 16:05:00,2020-06-16 16:10:00,5.0,1,1.0256323777403056,H1,1.0762852404643455,TP3|H1|Reservoirs|Oil_temperature
SE_01276,2020-06-16 16:25:00,2020-06-16 17:00:00,35.0,3,1.0561551433389567,DV_pressure,42.50400410987803,TP2|TP3|H1|DV_pressure|Reservoirs|Oil_temperature|Motor_current
SE_01277,2020-06-16 17:15:00,2020-06-16 17:20:00,5.0,1,1.0566610455311982,Oil_temperature,1.0961214165261401,TP3|H1|Reservoirs|Oil_temperature
SE_01278,2020-06-16 17:40:00,2020-06-16 18:10:00,30.0,3,1.0699831365935935,DV_pressure,530.5999999999206,TP2|TP3|H1|DV_pressure|Reservoirs|Oil_temperature|Motor_current
SE_01279,2020-06-16 18:25:00,2020-06-16 18:30:00,5.0,1,1.0337268128161907,H1,1.0613598673300164,TP3|H1|Reservoirs|Oil_temperature
SE_01280,2020-06-16 18:45:00,2020-06-16 18:50:00,5.0,1,1.0387858347386194,DV_pressure,2.190928046900935,TP2|TP3|H1|DV_pressure|Reservoirs|Oil_temperature
SE_01281,2020-06-16 21:50:00,2020-06-17 01:45:00,235.0,17,1.0370994940978095,TP2,45.89820047848482,TP2|TP3|H1|DV_pressure|Reservoirs|Oil_temperature|Motor_current
SE_01282,2020-06-17 02:00:00,2020-06-17 02:05:00,5.0,1,1.0001686340640819,H1,1.0281923714759527,TP3|H1|Reservoirs|Oil_temperature
SE_01283,2020-06-17 02:40:00,2020-06-17 03:00:00,20.0,2,1.000165837479271,DV_pressure,1.1332386449487577,TP3|H1|DV_pressure|Reservoirs|Oil_temperature|Motor_current
SE_01284,2020-06-17 03:35:00,2020-06-17 03:40:00,5.0,1,1.0016863406408107,H1,1.0364842454394698,TP3|H1|Reservoirs|Oil_temperature
SE_01285,2020-06-17 03:55:00,2020-06-17 04:15:00,20.0,2,1.0052276559865105,H1,1.0464344941956876,TP3|H1|Reservoirs|Oil_temperature
SE_01286,2020-06-17 04:30:00,2020-06-17 05:05:00,35.0,3,1.020236087689715,H1,1.0464344941956876,TP3|H1|Reservoirs|Oil_temperature
SE_01287,2020-06-17 05:20:00,2020-06-17 05:55:00,35.0,3,1.0419898819561568,Motor_current,1.7086051568810425,TP3|H1|Reservoirs|Oil_temperature|Motor_current
SE_01288,2020-06-17 06:10:00,2020-06-17 06:45:00,35.0,3,1.0354131534569997,Oil_temperature,1.0556492411467138,TP3|H1|Reservoirs|Oil_temperature
SE_01289,2020-06-17 07:00:00,2020-06-17 07:20:00,20.0,2,1.0494097807757174,Oil_temperature,1.06408094435076,TP3|H1|Reservoirs|Oil_temperature
SE_01290,2020-06-17 07:35:00,2020-06-17 08:10:00,35.0,3,1.0794266441821265,Oil_temperature,1.0944350758853303,TP3|H1|Reservoirs|Oil_temperature
SE_01291,2020-06-17 08:25:00,2020-06-17 09:40:00,75.0,7,1.1281618887015201,DV_pressure,32.65238282312351,TP2|TP3|H1|DV_pressure|Reservoirs|Oil_temperature|Motor_current
SE_01292,2020-06-17 11:35:00,2020-06-17 11:40:00,5.0,1,1.0000000000000009,H1,1.0530679933665008,TP3|H1|Reservoirs|Oil_temperature
SE_01293,2020-06-17 11:55:00,2020-06-17 13:35:00,100.0,8,1.1035413153457014,DV_pressure,13.55353419358713,TP2|TP3|H1|DV_pressure|Reservoirs|Oil_temperature
SE_01294,2020-06-17 13:50:00,2020-06-17 14:25:00,35.0,3,1.1131534569983155,TP2,45.204743247459554,TP2|TP3|H1|DV_pressure|Reservoirs|Oil_temperature|Motor_current
SE_01295,2020-06-17 14:40:00,2020-06-17 15:35:00,55.0,5,1.1770657672849936,DV_pressure,50.300685987125476,TP2|TP3|H1|DV_pressure|Reservoirs|Oil_temperature|Motor_current
SE_01296,2020-06-17 21:15:00,2020-06-17 21:25:00,10.0,2,4.20447957839262,TP3,4.374176548089589,TP3|H1|Reservoirs|Oil_temperature
SE_01297,2020-06-18 05:00:00,2020-06-18 05:10:00,10.0,2,3.530039525691698,TP3,3.702239789196309,TP3|H1|DV_pressure|Reservoirs|Oil_temperature
SE_01298,2020-06-18 05:55:00,2020-06-19 08:10:00,1575.0,155,1.2419898819561566,TP2,46.05422835546551,TP2|TP3|H1|DV_pressure|Reservoirs|Oil_temperature|Motor_current
SE_01299,2020-06-19 08:25:00,2020-06-19 09:15:00,50.0,6,1.160876897133223,DV_pressure,10.546674322323097,TP2|TP3|H1|DV_pressure|Reservoirs|Oil_temperature
SE_01300,2020-06-19 09:30:00,2020-06-19 10:40:00,70.0,7,1.1878583473861746,Oil_temperature,1.2074198988195628,TP3|H1|Reservoirs|Oil_temperature
SE_01301,2020-06-19 10:55:00,2020-06-19 12:30:00,95.0,9,1.1483979763912322,DV_pressure,26.336466108609102,TP2|TP3|H1|DV_pressure|Reservoirs|Oil_temperature|Motor_current
SE_01302,2020-06-19 12:45:00,2020-06-19 14:25:00,100.0,8,1.207588532883644,TP2,45.89820047848482,TP2|TP3|H1|DV_pressure|Reservoirs|Oil_temperature|Motor_current
SE_01303,2020-06-19 14:40:00,2020-06-19 15:00:00,20.0,2,1.1214165261382807,Oil_temperature,1.1365935919055674,TP3|H1|Reservoirs|Oil_temperature
SE_01304,2020-06-19 15:15:00,2020-06-19 18:55:00,220.0,22,1.2156829679595307,DV_pressure,45.87350034752566,TP2|TP3|H1|DV_pressure|Reservoirs|Oil_temperature|Motor_current
SE_01305,2020-06-19 19:10:00,2020-06-19 19:15:00,5.0,1,1.1183811129848247,DV_pressure,50.40645492732069,TP2|TP3|H1|DV_pressure|Reservoirs|Oil_temperature|Motor_current
SE_01306,2020-06-19 19:30:00,2020-06-19 20:10:00,40.0,4,1.0682967959527836,DV_pressure,8.86948112779893,TP2|TP3|H1|DV_pressure|Reservoirs|Oil_temperature|Motor_current
SE_01307,2020-06-19 20:25:00,2020-06-19 20:30:00,5.0,1,1.0644182124789219,DV_pressure,7.399999999999042,TP3|H1|DV_pressure|Reservoirs|Oil_temperature
SE_01308,2020-06-19 20:45:00,2020-06-19 20:50:00,5.0,1,1.0561551433389567,TP2,42.933670815851805,TP2|TP3|H1|DV_pressure|Reservoirs|Oil_temperature|Motor_current
SE_01309,2020-06-19 21:05:00,2020-06-19 21:10:00,5.0,1,1.0548060708263078,Oil_temperature,1.0691399662731886,TP3|H1|Reservoirs|Oil_temperature
SE_01310,2020-06-19 21:25:00,2020-06-19 23:25:00,120.0,10,1.14080944350759,DV_pressure,725.3999999998914,TP2|TP3|H1|DV_pressure|Reservoirs|Oil_temperature|Motor_current
SE_01311,2020-06-19 23:40:00,2020-06-19 23:45:00,5.0,1,1.1288364249578438,Oil_temperature,1.1534569983136609,Oil_temperature
SE_01312,2020-06-20 00:50:00,2020-06-20 01:00:00,10.0,2,1.0622259696458707,Oil_temperature,1.097807757166949,TP3|H1|Reservoirs|Oil_temperature
SE_01313,2020-06-20 01:15:00,2020-06-20 01:20:00,5.0,1,1.0878583473861738,Oil_temperature,1.0961214165261401,TP3|H1|Reservoirs|Oil_temperature
SE_01314,2020-06-20 01:35:00,2020-06-20 01:55:00,20.0,2,1.1011804384485686,Oil_temperature,1.118043844856663,TP3|H1|Reservoirs|Oil_temperature
SE_01315,2020-06-20 02:10:00,2020-06-20 02:15:00,5.0,1,1.0961214165261401,DV_pressure,22.332356229790154,TP2|TP3|H1|DV_pressure|Reservoirs|Oil_temperature
SE_01316,2020-06-20 02:30:00,2020-06-20 02:35:00,5.0,1,1.0988195615514347,Oil_temperature,1.118043844856663,TP3|H1|Reservoirs|Oil_temperature
SE_01317,2020-06-20 02:50:00,2020-06-20 02:55:00,5.0,1,1.0824620573355832,TP2,45.82018653999448,TP2|TP3|H1|DV_pressure|Reservoirs|Oil_temperature|Motor_current
SE_01318,2020-06-20 03:10:00,2020-06-20 03:15:00,5.0,1,1.0986509274873537,Oil_temperature,1.1231028667790917,TP3|H1|Reservoirs|Oil_temperature
SE_01319,2020-06-20 03:30:00,2020-06-20 03:35:00,5.0,1,1.1092748735244535,DV_pressure,7.9999999999989715,TP3|H1|DV_pressure|Reservoirs|Oil_temperature
SE_01320,2020-06-20 03:50:00,2020-06-20 04:10:00,20.0,2,1.097133220910626,Oil_temperature,1.118043844856663,TP3|H1|Reservoirs|Oil_temperature
SE_01321,2020-06-20 04:25:00,2020-06-20 04:30:00,5.0,1,1.1013490725126496,DV_pressure,32.531504034328975,TP2|TP3|H1|DV_pressure|Reservoirs|Oil_temperature|Motor_current
SE_01322,2020-06-20 04:45:00,2020-06-20 04:50:00,5.0,1,1.1281618887015201,DV_pressure,16.545284216251854,TP2|TP3|H1|DV_pressure|Reservoirs|Oil_temperature|Motor_current
SE_01323,2020-06-20 05:05:00,2020-06-20 05:10:00,5.0,1,2.19999999999968,DV_pressure,2.19999999999968,TP3|H1|DV_pressure|Reservoirs|Oil_temperature|Motor_current
SE_01324,2020-06-20 05:40:00,2020-06-20 06:00:00,20.0,2,1.0794266441821265,DV_pressure,9.594753860566135,TP2|TP3|H1|DV_pressure|Reservoirs|Oil_temperature
SE_01325,2020-06-20 06:50:00,2020-06-20 07:10:00,20.0,2,1.0600587572425484,DV_pressure,43.79999999999348,TP3|H1|DV_pressure|Reservoirs|Oil_temperature
SE_01326,2020-06-20 08:00:00,2020-06-20 08:35:00,35.0,4,1.091905564924116,DV_pressure,1.5714242543289558,TP2|TP3|H1|DV_pressure|Reservoirs|Oil_temperature
SE_01327,2020-06-20 08:50:00,2020-06-20 08:55:00,5.0,1,1.0530140192796553,Oil_temperature,1.0893760539629018,TP3|H1|Reservoirs|Oil_temperature
SE_01328,2020-06-20 09:10:00,2020-06-20 09:30:00,20.0,2,1.1035413153457014,Oil_temperature,1.1349072512647564,TP3|H1|Reservoirs|Oil_temperature
SE_01329,2020-06-20 09:45:00,2020-06-20 09:50:00,5.0,1,1.0268456375838926,DV_pressure,25.580973678643268,TP2|TP3|H1|DV_pressure|Reservoirs|Oil_temperature|Motor_current
SE_01330,2020-06-20 10:25:00,2020-06-20 11:50:00,85.0,7,1.2123102866779114,DV_pressure,8.295306881024903,TP2|TP3|H1|DV_pressure|Reservoirs|Oil_temperature
SE_01331,2020-06-20 12:05:00,2020-06-20 13:05:00,60.0,7,1.2099494097807781,Oil_temperature,1.2344013490725143,TP3|H1|Reservoirs|Oil_temperature
SE_01332,2020-06-20 13:20:00,2020-06-20 13:40:00,20.0,2,1.2151770657672862,DV_pressure,3.9890000302196253,TP2|TP3|H1|DV_pressure|Reservoirs|Oil_temperature
SE_01333,2020-06-20 13:55:00,2020-06-20 14:15:00,20.0,2,1.1940978077571691,Oil_temperature,1.2091062394603735,TP3|H1|Reservoirs|Oil_temperature
SE_01334,2020-06-20 14:30:00,2020-06-20 14:35:00,5.0,1,1.1011804384485686,DV_pressure,24.160647910307492,TP2|TP3|H1|DV_pressure|Reservoirs|Oil_temperature|Motor_current
SE_01335,2020-06-20 14:50:00,2020-06-20 16:35:00,105.0,11,1.2276559865092769,DV_pressure,46.82542080928262,TP2|TP3|H1|DV_pressure|Reservoirs|Oil_temperature|Motor_current
SE_01336,2020-06-20 16:50:00,2020-06-20 18:20:00,90.0,9,1.210792580101183,TP2,45.89820047848482,TP2|TP3|H1|DV_pressure|Reservoirs|Oil_temperature|Motor_current
SE_01337,2020-06-20 18:35:00,2020-06-21 00:20:00,345.0,36,1.2094435075885352,TP2,45.92420512464827,TP2|TP3|H1|DV_pressure|Reservoirs|Oil_temperature|Motor_current
SE_01338,2020-06-21 01:50:00,2020-06-21 01:55:00,5.0,1,1.060876897133223,Oil_temperature,1.0809443507588545,TP3|H1|Reservoirs|Oil_temperature
SE_01339,2020-06-21 04:30:00,2020-06-21 04:35:00,5.0,1,1.4267457180500656,TP3,1.8471673254281944,TP3|H1|Reservoirs
SE_01340,2020-06-21 05:10:00,2020-06-21 05:20:00,10.0,2,1.0134907251264766,Oil_temperature,1.0809443507588545,TP3|H1|Reservoirs|Oil_temperature
SE_01341,2020-06-21 05:35:00,2020-06-21 05:55:00,20.0,2,1.1011804384485686,Oil_temperature,1.1231028667790917,TP3|H1|Reservoirs|Oil_temperature
SE_01342,2020-06-21 06:30:00,2020-06-21 06:50:00,20.0,3,1.1231028667790917,DV_pressure,44.09053821280629,TP2|TP3|H1|DV_pressure|Reservoirs|Oil_temperature|Motor_current
SE_01343,2020-06-21 07:05:00,2020-06-21 07:10:00,5.0,1,1.0775716694772357,Oil_temperature,1.1146711635750444,TP3|H1|Reservoirs|Oil_temperature
SE_01344,2020-06-21 07:45:00,2020-06-21 08:05:00,20.0,2,1.1580101180438462,Oil_temperature,1.1854974704890409,TP3|H1|Reservoirs|Oil_temperature
SE_01345,2020-06-21 08:20:00,2020-06-21 08:25:00,5.0,1,1.1247892074198995,Oil_temperature,1.1365935919055674,TP3|H1|Reservoirs|Oil_temperature
SE_01346,2020-06-21 08:40:00,2020-06-21 08:45:00,5.0,1,1.1635750421585178,DV_pressure,2.0851591067057096,TP2|TP3|H1|DV_pressure|Reservoirs|Oil_temperature|Motor_current
SE_01347,2020-06-21 09:00:00,2020-06-21 09:20:00,20.0,2,1.1349072512647564,Oil_temperature,1.1669477234401366,TP3|H1|Reservoirs|Oil_temperature|Motor_current
SE_01348,2020-06-21 09:40:00,2020-06-21 09:45:00,5.0,1,1.1423271500843186,Oil_temperature,1.1703204047217552,TP3|H1|Reservoirs|Oil_temperature
SE_01349,2020-06-21 10:00:00,2020-06-21 10:35:00,35.0,3,1.1450252951096136,Oil_temperature,1.1804384485666124,TP3|H1|Reservoirs|Oil_temperature
SE_01350,2020-06-21 10:55:00,2020-06-21 11:00:00,5.0,1,1.0023608768971346,H1,1.0514096185737971,TP3|H1|Reservoirs|Oil_temperature
SE_01351,2020-06-21 11:15:00,2020-06-21 11:35:00,20.0,2,1.1770657672849936,Oil_temperature,1.21585160202361,TP3|H1|Reservoirs|Oil_temperature
SE_01352,2020-06-21 11:50:00,2020-06-21 11:55:00,5.0,1,1.161888701517708,DV_pressure,2.3420265328940992,TP2|TP3|H1|DV_pressure|Reservoirs|Oil_temperature
SE_01353,2020-06-21 12:10:00,2020-06-21 12:15:00,5.0,1,1.1839797639123126,Oil_temperature,1.2141652613828022,TP3|H1|Reservoirs|Oil_temperature
SE_01354,2020-06-21 12:30:00,2020-06-21 12:50:00,20.0,2,1.1693086003372701,Oil_temperature,1.1956155143338978,TP3|H1|Reservoirs|Oil_temperature
SE_01355,2020-06-21 13:10:00,2020-06-21 13:15:00,5.0,1,1.0291736930860051,H1,1.0597014925373127,TP3|H1|Reservoirs|Oil_temperature
SE_01356,2020-06-21 13:30:00,2020-06-21 13:50:00,20.0,2,1.1435075885328854,Oil_temperature,1.1821247892074223,TP3|H1|Reservoirs|Oil_temperature
SE_01357,2020-06-21 14:05:00,2020-06-21 14:10:00,5.0,1,1.0674536256323788,Oil_temperature,1.1011804384485686,TP3|H1|Reservoirs|Oil_temperature
SE_01358,2020-06-21 14:25:00,2020-06-21 14:30:00,5.0,1,1.04789207419899,DV_pressure,19.199999999997132,TP3|H1|DV_pressure|Reservoirs|Oil_temperature
SE_01359,2020-06-21 14:45:00,2020-06-21 15:25:00,40.0,4,1.204047217537945,DV_pressure,38.439454836661824,TP2|TP3|H1|DV_pressure|Reservoirs|Oil_temperature|Motor_current
SE_01360,2020-06-21 15:40:00,2020-06-21 16:25:00,45.0,5,1.1930860033726833,Oil_temperature,1.24789207419899,TP3|H1|DV_pressure|Reservoirs|Oil_temperature
SE_01361,2020-06-21 16:40:00,2020-06-21 17:40:00,60.0,7,1.1799325463743693,DV_pressure,7.494484905261115,TP2|TP3|H1|DV_pressure|Reservoirs|Oil_temperature|Motor_current
SE_01362,2020-06-21 18:00:00,2020-06-21 18:05:00,5.0,1,1.082293423271502,Oil_temperature,1.0994940978077588,Oil_temperature
SE_01363,2020-06-21 18:20:00,2020-06-21 18:40:00,20.0,2,1.1367622259696482,DV_pressure,11.36260614668621,TP2|TP3|H1|DV_pressure|Reservoirs|Oil_temperature|Motor_current
SE_01364,2020-06-21 19:00:00,2020-06-21 19:05:00,5.0,1,1.0726812816188882,DV_pressure,12.918920552415829,TP2|TP3|H1|DV_pressure|Reservoirs|Oil_temperature
SE_01365,2020-06-21 19:20:00,2020-06-21 19:25:00,5.0,1,1.141652613827995,Oil_temperature,1.1568296795952795,TP3|H1|Reservoirs|Oil_temperature
SE_01366,2020-06-21 19:40:00,2020-06-21 20:15:00,35.0,4,1.1654300168634077,DV_pressure,21.51642440542706,TP2|TP3|H1|DV_pressure|Reservoirs|Oil_temperature|Motor_current
SE_01367,2020-06-21 20:30:00,2020-06-21 20:35:00,5.0,1,1.150252951096123,TP2,45.62081758607471,TP2|TP3|H1|DV_pressure|Reservoirs|Oil_temperature|Motor_current
SE_01368,2020-06-21 20:50:00,2020-06-21 20:55:00,5.0,1,1.1355817875210803,Oil_temperature,1.1551433389544707,TP3|H1|Reservoirs|Oil_temperature
SE_01369,2020-06-21 21:10:00,2020-06-21 21:15:00,5.0,1,1.137268128161891,DV_pressure,14.414795563748193,TP2|TP3|H1|DV_pressure|Reservoirs|Oil_temperature
SE_01370,2020-06-21 21:30:00,2020-06-21 21:35:00,5.0,1,1.1350758853288376,DV_pressure,37.260886645915114,TP2|TP3|H1|DV_pressure|Reservoirs|Oil_temperature|Motor_current
SE_01371,2020-06-21 21:50:00,2020-06-21 21:55:00,5.0,1,1.1384485666104562,DV_pressure,1.5412045571303123,TP2|TP3|H1|DV_pressure|Reservoirs|Oil_temperature
SE_01372,2020-06-21 22:10:00,2020-06-21 22:15:00,5.0,1,1.1215851602023619,Oil_temperature,1.1349072512647564,TP3|H1|Reservoirs|Oil_temperature
SE_01373,2020-06-21 22:30:00,2020-06-21 22:35:00,5.0,1,1.1332209106239486,DV_pressure,1.1785681907467105,TP3|H1|DV_pressure|Reservoirs|Oil_temperature
SE_01374,2020-06-21 22:50:00,2020-06-21 22:55:00,5.0,1,1.1231028667790917,Oil_temperature,1.1483979763912322,TP3|H1|Reservoirs|Oil_temperature|Motor_current
SE_01375,2020-06-21 23:10:00,2020-06-21 23:15:00,5.0,1,1.1163575042158533,Oil_temperature,1.1332209106239486,TP3|H1|Reservoirs|Oil_temperature
SE_01376,2020-06-21 23:30:00,2020-06-21 23:35:00,5.0,1,1.1129848229342345,Oil_temperature,1.1315345699831378,TP3|H1|Reservoirs|Oil_temperature
SE_01377,2020-06-22 00:25:00,2020-06-22 00:35:00,10.0,2,1.1094435075885347,Oil_temperature,1.1365935919055674,TP3|H1|Reservoirs|Oil_temperature
SE_01378,2020-06-22 02:45:00,2020-06-22 02:50:00,5.0,1,1.346508563899868,DV_pressure,37.064458614124,TP2|TP3|H1|DV_pressure|Reservoirs|Motor_current
SE_01379,2020-06-22 03:30:00,2020-06-22 03:35:00,5.0,1,0.9984235960039861,H1,1.0348258706467661,TP3|H1|Reservoirs|Oil_temperature
SE_01380,2020-06-22 03:55:00,2020-06-22 04:00:00,5.0,1,1.0780775716694784,Oil_temperature,1.1028667790893776,Oil_temperature
SE_01381,2020-06-22 04:15:00,2020-06-22 04:20:00,5.0,1,1.0546374367622269,Oil_temperature,1.0674536256323788,TP3|H1|Reservoirs|Oil_temperature
SE_01382,2020-06-22 04:35:00,2020-06-22 04:45:00,10.0,2,1.0935919055649261,DV_pressure,3.7999999999994407,TP3|H1|DV_pressure|Reservoirs|Oil_temperature
SE_01383,2020-06-22 05:00:00,2020-06-22 05:05:00,5.0,1,1.0522765598650952,Oil_temperature,1.075885328836426,TP3|H1|Reservoirs|Oil_temperature
SE_01384,2020-06-22 05:20:00,2020-06-22 05:25:00,5.0,1,1.1011804384485686,Oil_temperature,1.1231028667790917,TP3|H1|Reservoirs|Oil_temperature
SE_01385,2020-06-22 05:40:00,2020-06-22 05:45:00,5.0,1,1.0893760539629018,Oil_temperature,1.1214165261382807,TP3|H1|Reservoirs|Oil_temperature
SE_01386,2020-06-22 06:20:00,2020-06-22 06:55:00,35.0,4,1.1693086003372701,DV_pressure,4.563174276993665,TP2|TP3|H1|DV_pressure|Reservoirs|Oil_temperature
SE_01387,2020-06-22 07:10:00,2020-06-22 07:45:00,35.0,3,1.1637436762225988,Oil_temperature,1.1787521079258025,TP3|H1|Reservoirs|Oil_temperature
SE_01388,2020-06-22 08:15:00,2020-06-22 09:00:00,45.0,5,1.1639123102866795,Oil_temperature,1.2023608768971343,TP3|H1|Reservoirs|Oil_temperature
SE_01389,2020-06-22 09:20:00,2020-06-22 09:25:00,5.0,1,1.1357504215851613,DV_pressure,1.646973497325525,TP2|TP3|H1|DV_pressure|Reservoirs|Oil_temperature
SE_01390,2020-06-22 09:45:00,2020-06-22 09:50:00,5.0,1,1.1173693086003396,Oil_temperature,1.1753794266441837,TP3|H1|Reservoirs|Oil_temperature
SE_01391,2020-06-22 10:05:00,2020-06-22 10:25:00,20.0,2,1.1962900505902214,Oil_temperature,1.2091062394603735,TP3|H1|Reservoirs|Oil_temperature
SE_01392,2020-06-22 10:40:00,2020-06-22 10:45:00,5.0,1,1.076391231028669,Oil_temperature,1.1028667790893776,TP3|H1|Reservoirs|Oil_temperature
SE_01393,2020-06-22 11:00:00,2020-06-22 11:10:00,10.0,2,1.0851602023608784,Oil_temperature,1.161888701517708,TP3|H1|Reservoirs|Oil_temperature
SE_01394,2020-06-22 11:25:00,2020-06-22 11:45:00,20.0,2,1.2327150084317045,Oil_temperature,1.2360876897133242,TP3|H1|Reservoirs|Oil_temperature
SE_01395,2020-06-22 12:05:00,2020-06-22 12:10:00,5.0,1,1.12664418212479,Oil_temperature,1.1703204047217552,TP3|H1|Reservoirs|Oil_temperature
SE_01396,2020-06-22 12:25:00,2020-06-22 13:00:00,35.0,4,1.2563237774030374,Oil_temperature,1.3018549747048922,TP3|H1|Reservoirs|Oil_temperature|Motor_current
SE_01397,2020-06-22 13:15:00,2020-06-22 13:20:00,5.0,1,1.2006745362563265,Oil_temperature,1.2225969645868484,TP3|H1|Reservoirs|Oil_temperature
SE_01398,2020-06-22 13:35:00,2020-06-22 13:55:00,20.0,3,1.3220910623946043,Oil_temperature,1.3440134907251293,TP3|H1|Reservoirs|Oil_temperature
SE_01399,2020-06-22 14:10:00,2020-06-22 14:15:00,5.0,1,1.2748735244519407,Oil_temperature,1.2849915682967976,TP3|H1|Reservoirs|Oil_temperature
SE_01400,2020-06-22 14:30:00,2020-06-22 14:55:00,25.0,4,1.3102866779089393,DV_pressure,34.79798132422648,TP2|TP3|H1|DV_pressure|Reservoirs|Oil_temperature|Motor_current
SE_01401,2020-06-25 05:20:00,2020-06-25 05:25:00,5.0,1,1.0242833052276576,DV_pressure,35.84056087757935,TP2|TP3|H1|DV_pressure|Reservoirs|Oil_temperature|Motor_current
SE_01402,2020-06-25 06:30:00,2020-06-25 06:35:00,5.0,1,1.009274873524453,H1,1.0248756218905468,TP3|H1|Reservoirs|Oil_temperature
SE_01403,2020-06-25 07:05:00,2020-06-25 07:10:00,5.0,1,1.0878583473861738,DV_pressure,14.99999999999777,TP2|TP3|H1|DV_pressure|Reservoirs|Oil_temperature
SE_01404,2020-06-25 07:25:00,2020-06-25 07:30:00,5.0,1,1.019898819561553,TP2,45.75084081689195,TP2|TP3|H1|Reservoirs|Oil_temperature|Motor_current
SE_01405,2020-06-25 07:50:00,2020-06-25 07:55:00,5.0,1,1.0016863406408107,H1,1.0514096185737971,TP3|H1|Reservoirs|Oil_temperature
SE_01406,2020-06-25 08:10:00,2020-06-25 08:15:00,5.0,1,1.0725126475548072,Oil_temperature,1.0961214165261401,TP3|H1|Reservoirs|Oil_temperature
SE_01407,2020-06-25 08:30:00,2020-06-25 08:35:00,5.0,1,1.1281618887015201,Oil_temperature,1.161888701517708,Oil_temperature
SE_01408,2020-06-25 09:10:00,2020-06-25 09:30:00,20.0,2,1.0944350758853303,DV_pressure,29.026019159287483,TP2|TP3|H1|DV_pressure|Reservoirs|Oil_temperature|Motor_current
SE_01409,2020-06-25 09:50:00,2020-06-25 09:55:00,5.0,1,1.093254637436764,Oil_temperature,1.1163575042158533,TP3|H1|Reservoirs|Oil_temperature
SE_01410,2020-06-25 10:10:00,2020-06-25 10:50:00,40.0,4,1.1281618887015201,TP2,40.5759162303659,TP2|TP3|H1|DV_pressure|Reservoirs|Oil_temperature|Motor_current
SE_01411,2020-06-25 11:05:00,2020-06-25 11:55:00,50.0,5,1.204553119730188,DV_pressure,28.708712338701833,TP2|TP3|H1|DV_pressure|Reservoirs|Oil_temperature|Motor_current
SE_01412,2020-06-25 12:25:00,2020-06-25 13:10:00,45.0,5,1.158010118043847,TP2,42.39624146180722,TP2|TP3|H1|Reservoirs|Oil_temperature|Motor_current
SE_01413,2020-06-25 13:30:00,2020-06-25 14:25:00,55.0,7,1.2023608768971343,DV_pressure,38.37901544226455,TP2|TP3|H1|DV_pressure|Reservoirs|Oil_temperature|Motor_current
SE_01414,2020-06-25 14:40:00,2020-06-25 14:45:00,5.0,1,1.0888701517706594,Oil_temperature,1.1028667790893776,TP3|H1|Reservoirs|Oil_temperature
SE_01415,2020-06-25 15:00:00,2020-06-25 15:20:00,20.0,2,1.174030354131537,Oil_temperature,1.183811129848231,TP3|H1|Reservoirs|Oil_temperature
SE_01416,2020-06-25 15:35:00,2020-06-25 15:55:00,20.0,2,1.1671163575042176,DV_pressure,5.9079508023328495,TP2|TP3|H1|DV_pressure|Reservoirs|Oil_temperature
SE_01417,2020-06-25 16:10:00,2020-06-25 16:15:00,5.0,1,1.1367622259696468,DV_pressure,10.07826901574427,TP2|TP3|H1|DV_pressure|Reservoirs|Oil_temperature
SE_01418,2020-06-25 16:30:00,2020-06-25 16:35:00,5.0,1,1.1377740303541326,Oil_temperature,1.1804384485666124,TP3|H1|Reservoirs|Oil_temperature
SE_01419,2020-06-25 16:50:00,2020-06-25 16:55:00,5.0,1,1.130016863406409,Oil_temperature,1.1433389544688037,TP3|H1|Reservoirs|Oil_temperature
SE_01420,2020-06-25 17:10:00,2020-06-25 17:30:00,20.0,2,1.137942664418215,DV_pressure,375.1999999999438,TP3|H1|DV_pressure|Reservoirs|Oil_temperature
SE_01421,2020-06-25 17:45:00,2020-06-25 17:50:00,5.0,1,1.0645868465430028,Oil_temperature,1.0961214165261401,TP3|H1|Reservoirs|Oil_temperature
SE_01422,2020-06-25 18:30:00,2020-06-25 18:35:00,5.0,1,1.108768971332211,Oil_temperature,1.161888701517708,TP3|H1|Reservoirs|Oil_temperature
SE_01423,2020-06-25 18:50:00,2020-06-25 18:55:00,5.0,1,1.1642495784148417,DV_pressure,603.1999999999096,TP3|H1|DV_pressure|Reservoirs|Oil_temperature
SE_01424,2020-06-25 19:15:00,2020-06-25 19:20:00,5.0,1,1.1028667790893776,Oil_temperature,1.1332209106239486,TP3|H1|Reservoirs|Oil_temperature
SE_01425,2020-06-25 19:40:00,2020-06-25 19:45:00,5.0,1,1.02443683773376,DV_pressure,47.747121573840936,TP2|TP3|H1|DV_pressure|Reservoirs|Oil_temperature|Motor_current
SE_01426,2020-06-25 20:25:00,2020-06-25 20:30:00,5.0,1,1.0551433389544698,Oil_temperature,1.1028667790893776,TP3|H1|Reservoirs|Oil_temperature
SE_01427,2020-06-25 20:45:00,2020-06-25 20:50:00,5.0,1,1.0649241146711645,DV_pressure,33.96693965126406,TP2|TP3|H1|DV_pressure|Reservoirs|Oil_temperature|Motor_current
SE_01428,2020-06-25 21:05:00,2020-06-25 21:10:00,5.0,1,1.0494097807757174,Oil_temperature,1.0623946037099503,TP3|H1|Reservoirs|Oil_temperature
SE_01429,2020-06-25 21:25:00,2020-06-25 21:35:00,10.0,2,1.0398009950248757,Motor_current,1.106914537041595,TP3|H1|Reservoirs|Oil_temperature|Motor_current
SE_01430,2020-06-25 21:50:00,2020-06-25 21:55:00,5.0,1,1.044013490725127,Oil_temperature,1.0590219224283315,TP3|H1|Reservoirs|Oil_temperature
SE_01431,2020-06-25 22:10:00,2020-06-25 22:15:00,5.0,1,1.0472175379426665,DV_pressure,14.792541778731115,TP2|TP3|H1|DV_pressure|Reservoirs|Oil_temperature
SE_01432,2020-06-25 22:30:00,2020-06-25 22:35:00,5.0,1,1.0318718381113,Oil_temperature,1.053962900505903,TP3|H1|Reservoirs|Oil_temperature
SE_01433,2020-06-25 22:50:00,2020-06-25 22:55:00,5.0,1,1.0276559865092763,Oil_temperature,1.0489038785834746,TP3|H1|Reservoirs|Oil_temperature
SE_01434,2020-06-25 23:15:00,2020-06-25 23:20:00,5.0,1,1.0350758853288382,Oil_temperature,1.0522765598650952,Oil_temperature
SE_01435,2020-06-25 23:35:00,2020-06-25 23:40:00,5.0,1,1.0438448566610459,DV_pressure,4.517844731195714,TP2|TP3|H1|DV_pressure|Reservoirs|Oil_temperature
SE_01436,2020-06-25 23:55:00,2020-06-26 00:00:00,5.0,1,1.0269814502529524,Oil_temperature,1.042158516020238,TP3|H1|Reservoirs|Oil_temperature
SE_01437,2020-06-26 00:15:00,2020-06-26 00:20:00,5.0,1,1.0489038785834746,Oil_temperature,1.0556492411467138,TP3|H1|Reservoirs|Oil_temperature
SE_01438,2020-06-26 00:35:00,2020-06-26 00:40:00,5.0,1,1.0433389544688045,Motor_current,1.4731610012916934,TP3|H1|Reservoirs|Oil_temperature|Motor_current
SE_01439,2020-06-26 04:25:00,2020-06-26 04:30:00,5.0,1,1.0553119730185505,Oil_temperature,1.0826306913996644,TP3|H1|Reservoirs|Oil_temperature
SE_01440,2020-06-26 05:25:00,2020-06-26 05:45:00,20.0,2,1.17824620573356,DV_pressure,35.40237526819915,TP2|TP3|H1|DV_pressure|Reservoirs|Oil_temperature|Motor_current
SE_01441,2020-06-26 06:45:00,2020-06-26 06:50:00,5.0,1,1.0691399662731886,Oil_temperature,1.150084317032042,TP3|H1|Reservoirs|Oil_temperature
SE_01442,2020-06-26 07:30:00,2020-06-26 07:35:00,5.0,1,1.031028667790895,H1,1.0480928689883913,TP2|TP3|H1|Reservoirs|Oil_temperature
SE_01443,2020-06-26 07:50:00,2020-06-26 08:15:00,25.0,3,1.1263069139966282,TP2,45.31743004750116,TP2|TP3|H1|DV_pressure|Reservoirs|Oil_temperature|Motor_current
SE_01444,2020-06-26 08:30:00,2020-06-26 09:10:00,40.0,5,1.1527824620573373,DV_pressure,5.3186667069595,TP2|TP3|H1|DV_pressure|Reservoirs|Oil_temperature
SE_01445,2020-06-26 10:10:00,2020-06-26 10:15:00,5.0,1,1.129848229342328,DV_pressure,8.929920522196204,TP2|TP3|H1|DV_pressure|Reservoirs|Oil_temperature
SE_01446,2020-06-26 10:30:00,2020-06-26 10:35:00,5.0,1,1.0843170320404731,DV_pressure,45.525973829741375,TP2|TP3|H1|DV_pressure|Reservoirs|Oil_temperature|Motor_current
SE_01447,2020-06-26 10:55:00,2020-06-26 11:00:00,5.0,1,1.03406659787068,Oil_temperature,1.0489038785834746,TP3|H1|Reservoirs|Oil_temperature
SE_01448,2020-06-26 11:15:00,2020-06-26 11:20:00,5.0,1,1.1431703204047234,Oil_temperature,1.1871838111298507,TP3|H1|Reservoirs|Oil_temperature
SE_01449,2020-06-26 11:35:00,2020-06-26 11:40:00,5.0,1,1.1426644182124805,TP2,43.30640407752789,TP2|TP3|H1|DV_pressure|Reservoirs|Oil_temperature|Motor_current
SE_01450,2020-06-26 12:00:00,2020-06-26 12:50:00,50.0,6,1.1795952782462076,DV_pressure,11.407935692484159,TP2|TP3|H1|DV_pressure|Reservoirs|Oil_temperature
SE_01451,2020-06-26 13:25:00,2020-06-26 13:45:00,20.0,3,1.2107925801011816,DV_pressure,2.39999999999972,TP3|H1|DV_pressure|Reservoirs|Oil_temperature
SE_01452,2020-06-26 14:00:00,2020-06-26 14:05:00,5.0,1,1.0556492411467138,Oil_temperature,1.0843170320404731,TP3|H1|Reservoirs|Oil_temperature
SE_01453,2020-06-26 14:20:00,2020-06-26 14:45:00,25.0,3,1.1686340640809465,DV_pressure,27.83234111994146,TP2|TP3|H1|DV_pressure|Reservoirs|Oil_temperature|Motor_current
SE_01454,2020-06-26 15:00:00,2020-06-26 15:05:00,5.0,1,1.1264755480607105,Oil_temperature,1.1973018549747059,TP3|H1|Reservoirs|Oil_temperature
SE_01455,2020-06-26 15:25:00,2020-06-26 15:55:00,30.0,4,1.2212478920742005,DV_pressure,541.7999999999189,TP3|H1|DV_pressure|Reservoirs|Oil_temperature
SE_01456,2020-06-26 16:10:00,2020-06-26 16:15:00,5.0,1,1.1433389544688037,DV_pressure,28.406515366715507,TP2|TP3|H1|DV_pressure|Reservoirs|Oil_temperature|Motor_current
SE_01457,2020-06-26 16:35:00,2020-06-26 17:25:00,50.0,5,1.1625632377740318,Oil_temperature,1.1770657672849936,TP3|H1|Reservoirs|Oil_temperature
SE_01458,2020-06-26 18:00:00,2020-06-26 18:05:00,5.0,1,1.1689713322091084,Oil_temperature,1.183811129848231,TP3|H1|Reservoirs|Oil_temperature
SE_01459,2020-06-26 18:20:00,2020-06-26 18:25:00,5.0,1,1.161888701517708,Oil_temperature,1.1753794266441837,Oil_temperature
SE_01460,2020-06-26 18:40:00,2020-06-26 18:45:00,5.0,1,1.0691399662731886,Oil_temperature,1.150084317032042,TP3|H1|Reservoirs|Oil_temperature
SE_01461,2020-06-26 19:00:00,2020-06-26 19:05:00,5.0,1,1.1635750421585178,Oil_temperature,1.183811129848231,TP3|H1|Reservoirs|Oil_temperature
SE_01462,2020-06-26 19:25:00,2020-06-26 19:30:00,5.0,1,1.021922428330524,H1,1.0414593698175778,TP3|H1|Reservoirs|Oil_temperature
SE_01463,2020-06-26 19:50:00,2020-06-26 19:55:00,5.0,1,1.0563237774030374,Oil_temperature,1.0691399662731886,TP3|H1|Reservoirs|Oil_temperature
SE_01464,2020-06-26 20:10:00,2020-06-26 20:15:00,5.0,1,1.0647554806070838,Oil_temperature,1.0826306913996644,TP3|H1|Reservoirs|Oil_temperature
SE_01465,2020-06-26 20:30:00,2020-06-26 20:35:00,5.0,1,1.0497470489038794,Oil_temperature,1.065767284991571,TP3|H1|Reservoirs|Oil_temperature
SE_01466,2020-06-26 20:50:00,2020-06-26 20:55:00,5.0,1,1.0630691399662742,DV_pressure,20.97246985585165,TP2|TP3|H1|DV_pressure|Reservoirs|Oil_temperature|Motor_current
SE_01467,2020-06-26 21:15:00,2020-06-26 21:20:00,5.0,1,1.053962900505903,Oil_temperature,1.075885328836426,Oil_temperature
SE_01468,2020-06-26 21:35:00,2020-06-26 21:40:00,5.0,1,1.053962900505903,Oil_temperature,1.0607082630691422,TP3|H1|Reservoirs|Oil_temperature
SE_01469,2020-06-26 21:55:00,2020-06-26 22:00:00,5.0,1,1.0472175379426665,Oil_temperature,1.0607082630691422,TP3|H1|Reservoirs|Oil_temperature
SE_01470,2020-06-26 22:15:00,2020-06-26 22:20:00,5.0,1,1.0556492411467138,Oil_temperature,1.0623946037099503,TP3|H1|Reservoirs|Oil_temperature|Motor_current
SE_01471,2020-06-26 22:35:00,2020-06-26 22:40:00,5.0,1,1.0505902192242853,Motor_current,1.1101845947581142,TP3|H1|Reservoirs|Oil_temperature|Motor_current
SE_01472,2020-06-26 22:55:00,2020-06-26 23:05:00,10.0,2,1.0364249578414855,Oil_temperature,1.0556492411467138,TP3|H1|Reservoirs|Oil_temperature
SE_01473,2020-06-26 23:20:00,2020-06-26 23:25:00,5.0,1,1.0575042158516026,Oil_temperature,1.0691399662731886,TP3|H1|Reservoirs|Oil_temperature
SE_01474,2020-06-26 23:40:00,2020-06-26 23:45:00,5.0,1,1.074367622259698,DV_pressure,35.02462905321624,TP2|TP3|H1|DV_pressure|Reservoirs|Oil_temperature|Motor_current
SE_01475,2020-06-27 00:00:00,2020-06-27 00:05:00,5.0,1,1.0448566610455317,Oil_temperature,1.0708263069139974,TP3|H1|Reservoirs|Oil_temperature
SE_01476,2020-06-27 00:20:00,2020-06-27 00:25:00,5.0,1,1.0564924114671184,DV_pressure,67.59999999999005,TP3|H1|DV_pressure|Reservoirs|Oil_temperature
SE_01477,2020-06-27 00:40:00,2020-06-27 00:45:00,5.0,1,1.037436762225971,Oil_temperature,1.0691399662731886,TP3|H1|Reservoirs|Oil_temperature
SE_01478,2020-06-27 01:05:00,2020-06-27 01:10:00,5.0,1,1.0556492411467138,Oil_temperature,1.0691399662731886,Oil_temperature
SE_01479,2020-06-27 01:25:00,2020-06-27 01:30:00,5.0,1,1.0691399662731886,DV_pressure,20.473844852074205,TP2|TP3|H1|DV_pressure|Reservoirs|Oil_temperature
SE_01480,2020-06-27 01:45:00,2020-06-27 01:50:00,5.0,1,1.0556492411467138,Oil_temperature,1.0708263069139974,TP3|H1|Reservoirs|Oil_temperature
SE_01481,2020-06-27 02:05:00,2020-06-27 02:10:00,5.0,1,1.0698145025295125,DV_pressure,13.961500105768684,TP2|TP3|H1|DV_pressure|Reservoirs|Oil_temperature|Motor_current
SE_01482,2020-06-27 02:25:00,2020-06-27 02:30:00,5.0,1,1.0693086003372696,Oil_temperature,1.0876897133220929,TP3|H1|Reservoirs|Oil_temperature
SE_01483,2020-06-27 02:45:00,2020-06-27 02:50:00,5.0,1,1.0691399662731886,Oil_temperature,1.075885328836426,TP3|H1|Reservoirs|Oil_temperature
SE_01484,2020-06-27 03:10:00,2020-06-27 03:15:00,5.0,1,1.0571669477234422,Oil_temperature,1.0826306913996644,Oil_temperature
SE_01485,2020-06-27 03:30:00,2020-06-27 03:35:00,5.0,1,1.0650927487352457,Oil_temperature,1.0775716694772357,TP3|H1|Reservoirs|Oil_temperature
SE_01486,2020-06-27 03:50:00,2020-06-27 03:55:00,5.0,1,1.0564924114671184,Oil_temperature,1.0691399662731886,TP3|H1|Reservoirs|Oil_temperature
SE_01487,2020-06-27 04:10:00,2020-06-27 04:15:00,5.0,1,1.0563237774030374,Oil_temperature,1.074198988195617,TP3|H1|Reservoirs|Oil_temperature
SE_01488,2020-06-27 04:30:00,2020-06-27 04:35:00,5.0,1,1.0615514333895468,DV_pressure,50.058928409536406,TP2|TP3|H1|DV_pressure|Reservoirs|Oil_temperature|Motor_current
SE_01489,2020-06-27 04:50:00,2020-06-27 04:55:00,5.0,1,1.0623946037099503,Oil_temperature,1.075885328836426,TP3|H1|Reservoirs|Oil_temperature
SE_01490,2020-06-27 05:10:00,2020-06-27 05:15:00,5.0,1,1.074198988195617,TP2,42.734301861932046,TP2|TP3|H1|DV_pressure|Reservoirs|Oil_temperature|Motor_current
SE_01491,2020-06-27 05:30:00,2020-06-27 05:40:00,10.0,2,1.0448566610455332,Oil_temperature,1.0893760539629018,TP3|H1|Reservoirs|Oil_temperature
SE_01492,2020-06-27 05:55:00,2020-06-27 06:00:00,5.0,1,1.0698145025295125,DV_pressure,45.54108367834069,TP2|TP3|H1|DV_pressure|Reservoirs|Oil_temperature|Motor_current
SE_01493,2020-06-27 06:15:00,2020-06-27 06:20:00,5.0,1,1.0563237774030374,Oil_temperature,1.0691399662731886,TP3|H1|Reservoirs|Oil_temperature
SE_01494,2020-06-27 06:35:00,2020-06-27 06:40:00,5.0,1,1.0809443507588545,Oil_temperature,1.0927487352445213,TP3|H1|Reservoirs|Oil_temperature
SE_01495,2020-06-27 06:55:00,2020-06-27 07:00:00,5.0,1,1.0698145025295125,Oil_temperature,1.0775716694772357,TP3|H1|Reservoirs|Oil_temperature
SE_01496,2020-06-27 07:15:00,2020-06-27 07:20:00,5.0,1,1.0637436762225978,Oil_temperature,1.0893760539629018,TP3|H1|Reservoirs|Oil_temperature
SE_01497,2020-06-27 07:35:00,2020-06-27 07:45:00,10.0,2,1.0682967959527836,Oil_temperature,1.0893760539629018,Oil_temperature
SE_01498,2020-06-27 08:00:00,2020-06-27 08:05:00,5.0,1,1.0826306913996644,Oil_temperature,1.0893760539629018,Oil_temperature
SE_01499,2020-06-27 10:05:00,2020-06-27 10:10:00,5.0,1,1.0613827993254659,Oil_temperature,1.1112984822934238,TP3|H1|Reservoirs|Oil_temperature
SE_01500,2020-06-27 10:40:00,2020-06-27 10:45:00,5.0,1,1.1827993254637459,Oil_temperature,1.2091062394603735,TP3|H1|Reservoirs|Oil_temperature
SE_01501,2020-06-28 23:10:00,2020-06-28 23:20:00,10.0,2,3.5375494071146223,DV_pressure,33.28699646429481,TP2|TP3|H1|DV_pressure|Reservoirs|Motor_current
SE_01502,2020-06-29 00:15:00,2020-06-29 00:20:00,5.0,1,1.0156829679595294,H1,1.0679933665008283,TP3|H1|Reservoirs|Oil_temperature
SE_01503,2020-06-29 00:35:00,2020-06-29 01:10:00,35.0,3,1.0590219224283313,DV_pressure,482.5999999999277,TP3|H1|DV_pressure|Reservoirs|Oil_temperature
SE_01504,2020-06-29 01:30:00,2020-06-29 01:35:00,5.0,1,1.050421585160203,H1,5.958540630182425,TP3|H1|Reservoirs|Oil_temperature|Motor_current
SE_01505,2020-06-29 01:55:00,2020-06-29 02:00:00,5.0,1,1.020573355817877,DV_pressure,10.425795533528564,TP2|TP3|H1|DV_pressure|Reservoirs|Oil_temperature|Motor_current
SE_01506,2020-06-29 02:15:00,2020-06-29 02:20:00,5.0,1,1.0168634064080964,H1,1.0646766169154225,TP3|H1|Reservoirs|Oil_temperature
SE_01507,2020-06-29 02:40:00,2020-06-29 02:45:00,5.0,1,1.029510961214167,DV_pressure,17.935390287388987,TP2|TP3|H1|DV_pressure|Reservoirs|Oil_temperature|Motor_current
SE_01508,2020-06-29 03:00:00,2020-06-29 03:05:00,5.0,1,1.017369308600339,H1,1.0431177446102815,TP3|H1|Reservoirs|Oil_temperature
SE_01509,2020-06-29 03:25:00,2020-06-29 03:30:00,5.0,1,1.010286677908939,H1,1.0663349917081262,TP3|H1|Reservoirs|Oil_temperature
SE_01510,2020-06-29 03:45:00,2020-06-29 03:50:00,5.0,1,1.0153456998313675,DV_pressure,2.266477289897517,TP2|TP3|H1|DV_pressure|Reservoirs|Oil_temperature
SE_01511,2020-06-29 04:25:00,2020-06-29 04:30:00,5.0,1,1.0023608768971346,H1,1.0646766169154225,TP3|H1|Reservoirs|Oil_temperature
SE_01512,2020-06-29 04:50:00,2020-06-29 04:55:00,5.0,1,1.0006745362563239,H1,1.0431177446102815,TP3|H1|Reservoirs|Oil_temperature
SE_01513,2020-06-29 05:10:00,2020-06-29 05:45:00,35.0,3,1.1467116357504228,DV_pressure,8.945030370795525,TP2|TP3|H1|DV_pressure|Reservoirs|Oil_temperature
SE_01514,2020-06-29 06:00:00,2020-06-29 06:05:00,5.0,1,1.0827993254637454,Oil_temperature,1.0910623946037115,TP3|H1|Reservoirs|Oil_temperature
SE_01515,2020-06-29 06:25:00,2020-06-29 06:55:00,30.0,3,1.104215851602025,DV_pressure,3.414825783445598,TP2|TP3|H1|DV_pressure|Reservoirs|Oil_temperature
SE_01516,2020-06-29 07:15:00,2020-06-29 08:10:00,55.0,5,1.125295109612144,DV_pressure,3.0672992656613043,TP2|TP3|H1|DV_pressure|Reservoirs|Oil_temperature
SE_01517,2020-06-29 08:30:00,2020-06-29 09:05:00,35.0,4,1.1905564924114693,TP2,39.397038937622945,TP2|TP3|H1|DV_pressure|Reservoirs|Oil_temperature|Motor_current
SE_01518,2020-06-29 09:20:00,2020-06-29 09:25:00,5.0,1,1.129848229342328,Oil_temperature,1.1568296795952795,TP3|H1|Reservoirs|Oil_temperature
SE_01519,2020-06-29 09:45:00,2020-06-29 09:50:00,5.0,1,1.1311973018549755,TP2,45.33476647827679,TP2|TP3|H1|DV_pressure|Reservoirs|Oil_temperature|Motor_current
SE_01520,2020-06-29 10:05:00,2020-06-29 10:25:00,20.0,2,1.1822934232715032,Oil_temperature,1.1905564924114693,TP3|H1|Reservoirs|Oil_temperature
SE_01521,2020-06-29 10:40:00,2020-06-29 11:20:00,40.0,4,1.2428330522765616,DV_pressure,6.42168565470963,TP2|TP3|H1|DV_pressure|Reservoirs|Oil_temperature
SE_01522,2020-06-29 11:35:00,2020-06-29 11:40:00,5.0,1,1.1320404721753807,Oil_temperature,1.1365935919055674,TP3|H1|Reservoirs|Oil_temperature
SE_01523,2020-06-29 12:00:00,2020-06-29 12:35:00,35.0,5,1.1640809443507607,DV_pressure,1.39999999999972,TP3|H1|DV_pressure|Reservoirs|Oil_temperature|Motor_current
SE_01524,2020-06-29 12:50:00,2020-06-29 12:55:00,5.0,1,1.210455311973021,Oil_temperature,1.2344013490725143,TP3|H1|Reservoirs|Oil_temperature
SE_01525,2020-06-29 13:10:00,2020-06-29 13:35:00,25.0,3,1.2252951096121432,TP2,46.03689192468987,TP2|TP3|H1|Reservoirs|Oil_temperature|Motor_current
SE_01526,2020-06-29 13:50:00,2020-06-29 13:55:00,5.0,1,1.1308600337268153,DV_pressure,20.005439545495378,TP2|TP3|H1|DV_pressure|Reservoirs|Oil_temperature|Motor_current
SE_01527,2020-06-29 14:15:00,2020-06-29 15:10:00,55.0,7,1.1821247892074223,Oil_temperature,1.21753794266442,TP3|H1|DV_pressure|Reservoirs|Oil_temperature
SE_01528,2020-06-29 15:25:00,2020-06-29 15:50:00,25.0,3,1.2195615514333906,Oil_temperature,1.2428330522765616,TP3|H1|Reservoirs|Oil_temperature
SE_01529,2020-06-29 16:05:00,2020-06-29 16:10:00,5.0,1,1.092242833052278,Oil_temperature,1.1568296795952795,TP3|H1|Reservoirs|Oil_temperature
SE_01530,2020-06-29 16:25:00,2020-06-29 17:00:00,35.0,4,1.214333895446883,DV_pressure,13.90106071137141,TP2|TP3|H1|DV_pressure|Reservoirs|Oil_temperature
SE_01531,2020-06-29 17:15:00,2020-06-29 17:20:00,5.0,1,1.1703204047217552,Oil_temperature,1.1939291736930882,Oil_temperature
SE_01532,2020-06-29 17:35:00,2020-06-29 18:10:00,35.0,3,1.1669477234401366,DV_pressure,9.519204617569565,TP2|TP3|H1|DV_pressure|Reservoirs|Oil_temperature
SE_01533,2020-06-29 18:25:00,2020-06-29 18:30:00,5.0,1,1.1568296795952795,DV_pressure,6.965640204285027,TP2|TP3|H1|DV_pressure|Reservoirs|Oil_temperature
SE_01534,2020-06-29 18:50:00,2020-06-29 18:55:00,5.0,1,1.0887015177065784,Oil_temperature,1.109612141652616,Oil_temperature
SE_01535,2020-06-29 19:10:00,2020-06-29 19:15:00,5.0,1,1.1283305227656009,DV_pressure,65.99999999999011,TP3|H1|DV_pressure|Reservoirs|Oil_temperature
SE_01536,2020-06-29 19:35:00,2020-06-29 19:40:00,5.0,1,1.0696458684654315,H1,1.0796019900497513,TP3|H1|Reservoirs|Oil_temperature
SE_01537,2020-06-29 19:55:00,2020-06-29 20:00:00,5.0,1,1.0809443507588545,Oil_temperature,1.0893760539629018,TP3|H1|Reservoirs|Oil_temperature
SE_01538,2020-06-29 20:15:00,2020-06-29 20:20:00,5.0,1,1.0944350758853303,Oil_temperature,1.109612141652616,TP3|H1|Reservoirs|Oil_temperature
SE_01539,2020-06-29 20:35:00,2020-06-29 20:40:00,5.0,1,1.107925801011806,DV_pressure,23.05762896255736,TP2|TP3|H1|DV_pressure|Reservoirs|Oil_temperature|Motor_current
SE_01540,2020-06-29 21:00:00,2020-06-29 21:05:00,5.0,1,1.0694772344013506,Oil_temperature,1.0826306913996644,Oil_temperature
SE_01541,2020-06-29 21:20:00,2020-06-29 21:25:00,5.0,1,1.0563237774030374,DV_pressure,11.105738720497817,TP2|TP3|H1|DV_pressure|Reservoirs|Oil_temperature
SE_01542,2020-06-29 21:45:00,2020-06-29 21:50:00,5.0,1,1.0438448566610459,H1,1.072968490878938,TP3|H1|Reservoirs|Oil_temperature
SE_01543,2020-06-29 22:10:00,2020-06-29 22:15:00,5.0,1,1.038142620232172,Oil_temperature,1.053962900505903,TP3|H1|Reservoirs|Oil_temperature
SE_01544,2020-06-29 22:30:00,2020-06-29 22:35:00,5.0,1,1.0404721753794282,H1,1.0563847429519069,TP3|H1|Reservoirs|Oil_temperature
SE_01545,2020-06-29 22:55:00,2020-06-29 23:00:00,5.0,1,1.0489886151032366,Oil_temperature,1.0556492411467138,TP3|H1|Reservoirs|Oil_temperature
SE_01546,2020-06-29 23:20:00,2020-06-29 23:25:00,5.0,1,1.0443507588532888,H1,1.0613598673300164,TP3|H1|Reservoirs|Oil_temperature
SE_01547,2020-06-29 23:40:00,2020-06-29 23:45:00,5.0,1,1.061045531197304,Oil_temperature,1.0691399662731886,TP3|H1|Reservoirs|Oil_temperature
SE_01548,2020-06-30 00:05:00,2020-06-30 00:10:00,5.0,1,1.0674536256323788,Oil_temperature,1.0809443507588545,TP3|H1|Reservoirs|Oil_temperature
SE_01549,2020-06-30 00:25:00,2020-06-30 00:30:00,5.0,1,1.0770657672849928,Oil_temperature,1.0961214165261401,Oil_temperature
SE_01550,2020-06-30 00:45:00,2020-06-30 00:55:00,10.0,2,1.0428330522765616,DV_pressure,3.39999999999955,TP2|TP3|H1|DV_pressure|Reservoirs|Oil_temperature|Motor_current
SE_01551,2020-06-30 01:15:00,2020-06-30 01:20:00,5.0,1,1.029510961214167,Oil_temperature,1.0404721753794282,Oil_temperature
SE_01552,2020-06-30 02:00:00,2020-06-30 02:05:00,5.0,1,1.0151770657672865,H1,1.0679933665008283,TP3|H1|Reservoirs|Oil_temperature
SE_01553,2020-06-30 02:25:00,2020-06-30 02:30:00,5.0,1,1.0086003372681291,DV_pressure,19.79999999999706,TP3|H1|DV_pressure|Reservoirs|Oil_temperature
SE_01554,2020-06-30 02:55:00,2020-06-30 03:00:00,5.0,1,1.0340640809443526,Oil_temperature,1.0505902192242853,Oil_temperature
SE_01555,2020-06-30 04:55:00,2020-06-30 05:00:00,5.0,1,1.0252951096121437,TP2,44.840678201171286,TP2|TP3|H1|DV_pressure|Reservoirs|Oil_temperature|Motor_current
SE_01556,2020-06-30 05:45:00,2020-06-30 05:50:00,5.0,1,1.0475548060708284,H1,1.0613598673300164,TP3|H1|Reservoirs|Oil_temperature
SE_01557,2020-06-30 06:10:00,2020-06-30 06:45:00,35.0,3,1.1274873524451963,Oil_temperature,1.204047217537945,TP3|H1|Reservoirs|Oil_temperature
SE_01558,2020-06-30 07:05:00,2020-06-30 07:30:00,25.0,3,1.1183811129848247,DV_pressure,122.99999999998158,TP3|H1|DV_pressure|Reservoirs|Oil_temperature
SE_01559,2020-06-30 07:45:00,2020-06-30 07:50:00,5.0,1,1.1045531197301872,Oil_temperature,1.1568296795952795,TP3|H1|Reservoirs|Oil_temperature
SE_01560,2020-06-30 08:05:00,2020-06-30 08:10:00,5.0,1,1.0298507462686564,H1,1.069651741293532,TP3|H1|Reservoirs|Oil_temperature
SE_01561,2020-06-30 08:30:00,2020-06-30 08:35:00,5.0,1,1.0699831365935935,Oil_temperature,1.0893760539629018,TP3|H1|Reservoirs|Oil_temperature
SE_01562,2020-06-30 08:50:00,2020-06-30 08:55:00,5.0,1,1.117200674536258,Oil_temperature,1.1281618887015201,TP3|H1|Reservoirs|Oil_temperature
SE_01563,2020-06-30 09:10:00,2020-06-30 09:15:00,5.0,1,1.1836424957841507,Oil_temperature,1.21753794266442,TP3|H1|Reservoirs|Oil_temperature
SE_01564,2020-06-30 09:35:00,2020-06-30 09:40:00,5.0,1,1.0201773594086914,DV_pressure,410.3999999999386,TP3|H1|DV_pressure|Reservoirs|Oil_temperature
SE_01565,2020-06-30 09:55:00,2020-06-30 10:00:00,5.0,1,1.1446880269814512,Oil_temperature,1.1973018549747059,TP3|H1|Reservoirs|Oil_temperature
SE_01566,2020-06-30 10:15:00,2020-06-30 10:20:00,5.0,1,1.183811129848231,Oil_temperature,1.1973018549747059,TP3|H1|Reservoirs|Oil_temperature
SE_01567,2020-06-30 10:40:00,2020-06-30 10:45:00,5.0,1,1.0533507280908576,Oil_temperature,1.109612141652616,TP3|H1|Reservoirs|Oil_temperature
SE_01568,2020-06-30 11:00:00,2020-06-30 11:25:00,25.0,3,1.2023608768971343,DV_pressure,33.06034873530506,TP2|TP3|H1|DV_pressure|Reservoirs|Oil_temperature|Motor_current
SE_01569,2020-06-30 11:45:00,2020-06-30 11:50:00,5.0,1,1.1662731871838126,DV_pressure,38.93807984043927,TP2|TP3|H1|DV_pressure|Reservoirs|Oil_temperature|Motor_current
SE_01570,2020-06-30 12:05:00,2020-06-30 12:30:00,25.0,4,1.1704890387858362,DV_pressure,6.3008068659150815,TP2|TP3|H1|DV_pressure|Reservoirs|Oil_temperature
SE_01571,2020-06-30 12:45:00,2020-06-30 12:50:00,5.0,1,1.2091062394603735,Oil_temperature,1.2209106239460386,TP3|H1|Reservoirs|Oil_temperature
SE_01572,2020-06-30 13:10:00,2020-06-30 13:30:00,20.0,2,1.1635750421585178,Oil_temperature,1.1770657672849936,TP3|H1|Reservoirs|Oil_temperature
SE_01573,2020-06-30 13:45:00,2020-06-30 13:50:00,5.0,1,1.1033726812816205,Oil_temperature,1.109612141652616,TP3|H1|Reservoirs|Oil_temperature
SE_01574,2020-06-30 14:05:00,2020-06-30 14:10:00,5.0,1,1.068128161888704,H1,4.663349917081263,TP3|H1|Reservoirs|Oil_temperature|Motor_current
SE_01575,2020-06-30 14:25:00,2020-06-30 14:50:00,25.0,3,1.2548060708263078,Oil_temperature,1.2664418212478943,TP3|H1|Reservoirs|Oil_temperature
SE_01576,2020-06-30 15:10:00,2020-06-30 15:15:00,5.0,1,1.1438448566610466,Oil_temperature,1.1483979763912322,TP3|H1|Reservoirs|Oil_temperature
SE_01577,2020-06-30 15:30:00,2020-06-30 15:50:00,20.0,2,1.270657672849917,Oil_temperature,1.2849915682967976,TP3|H1|Reservoirs|Oil_temperature
SE_01578,2020-06-30 16:10:00,2020-06-30 16:15:00,5.0,1,1.2180438448566628,Oil_temperature,1.2360876897133242,TP3|H1|Reservoirs|Oil_temperature
SE_01579,2020-06-30 16:30:00,2020-06-30 17:00:00,30.0,4,1.2313659359190576,DV_pressure,1.934060620712545,TP2|TP3|H1|DV_pressure|Reservoirs|Oil_temperature
SE_01580,2020-06-30 17:20:00,2020-06-30 17:25:00,5.0,1,1.1856661045531214,DV_pressure,419.99999999993713,TP3|H1|DV_pressure|Reservoirs|Oil_temperature
SE_01581,2020-06-30 17:40:00,2020-06-30 18:05:00,25.0,3,1.1001686340640822,DV_pressure,496.59999999992567,TP3|H1|DV_pressure|Reservoirs|Oil_temperature
SE_01582,2020-06-30 18:20:00,2020-06-30 18:25:00,5.0,1,1.0359190556492426,Oil_temperature,1.0691399662731886,TP3|H1|Reservoirs|Oil_temperature
SE_01583,2020-06-30 18:40:00,2020-06-30 19:15:00,35.0,3,1.1703204047217552,DV_pressure,19.884560756700857,TP2|TP3|H1|DV_pressure|Reservoirs|Oil_temperature|Motor_current
SE_01584,2020-06-30 19:35:00,2020-06-30 19:40:00,5.0,1,1.1035413153457014,Oil_temperature,1.1214165261382807,TP3|H1|Reservoirs|Oil_temperature
SE_01585,2020-06-30 20:00:00,2020-06-30 20:05:00,5.0,1,1.0795952782462075,Oil_temperature,1.0876897133220929,TP3|H1|Reservoirs|Oil_temperature
SE_01586,2020-06-30 20:20:00,2020-06-30 20:25:00,5.0,1,1.0607082630691422,Oil_temperature,1.0691399662731886,TP3|H1|Reservoirs|Oil_temperature
SE_01587,2020-06-30 20:40:00,2020-06-30 20:45:00,5.0,1,1.0573355817875216,DV_pressure,3.59999999999958,TP3|H1|DV_pressure|Reservoirs|Oil_temperature
SE_01588,2020-06-30 21:00:00,2020-06-30 21:05:00,5.0,1,1.0447761194029854,Oil_temperature,1.0623946037099503,TP3|H1|Reservoirs|Oil_temperature
SE_01589,2020-06-30 21:20:00,2020-06-30 21:30:00,10.0,2,1.0428330522765616,DV_pressure,16.666163005046375,TP2|TP3|H1|DV_pressure|Reservoirs|Oil_temperature
SE_01590,2020-06-30 21:45:00,2020-06-30 21:50:00,5.0,1,1.039291736930862,H1,1.0547263681592032,TP3|H1|Reservoirs|Oil_temperature
SE_01591,2020-06-30 22:05:00,2020-06-30 22:10:00,5.0,1,1.0360876897133235,H1,1.0580431177446106,TP3|H1|Reservoirs|Oil_temperature
SE_01592,2020-06-30 22:25:00,2020-06-30 22:30:00,5.0,1,1.042158516020238,H1,1.0480928689883913,TP3|H1|Reservoirs|Oil_temperature
SE_01593,2020-06-30 22:45:00,2020-06-30 22:50:00,5.0,1,1.0472175379426665,Oil_temperature,1.0505902192242853,TP3|H1|Reservoirs|Oil_temperature
SE_01594,2020-06-30 23:05:00,2020-06-30 23:10:00,5.0,1,1.0428330522765616,H1,1.0597014925373127,TP3|H1|Reservoirs|Oil_temperature
SE_01595,2020-06-30 23:25:00,2020-06-30 23:30:00,5.0,1,1.0300168634064097,Motor_current,1.1118196236163733,TP3|H1|Reservoirs|Oil_temperature|Motor_current
SE_01596,2020-06-30 23:50:00,2020-06-30 23:55:00,5.0,1,1.0389544688027004,Oil_temperature,1.0489038785834746,Oil_temperature
SE_01597,2020-07-01 00:10:00,2020-07-01 00:15:00,5.0,1,1.032377740303543,Oil_temperature,1.0438448566610459,TP3|H1|Reservoirs|Oil_temperature
SE_01598,2020-07-01 00:30:00,2020-07-01 00:35:00,5.0,1,1.0286677908937623,H1,1.0464344941956876,TP3|H1|Reservoirs|Oil_temperature
SE_01599,2020-07-01 00:50:00,2020-07-01 00:55:00,5.0,1,1.0370994940978095,Oil_temperature,1.042158516020238,TP3|H1|Reservoirs|Oil_temperature
SE_01600,2020-07-01 01:10:00,2020-07-01 01:15:00,5.0,1,1.0298507462686564,Oil_temperature,1.0472175379426665,TP3|H1|Reservoirs|Oil_temperature
SE_01601,2020-07-01 01:30:00,2020-07-01 01:35:00,5.0,1,1.0298507462686564,Oil_temperature,1.0472175379426665,TP3|H1|Reservoirs|Oil_temperature
SE_01602,2020-07-01 01:50:00,2020-07-01 01:55:00,5.0,1,1.0337268128161907,H1,1.0563847429519069,TP3|H1|Reservoirs|Oil_temperature
SE_01603,2020-07-01 02:10:00,2020-07-01 02:15:00,5.0,1,1.0370516724975467,DV_pressure,1.9999999999996403,TP3|H1|DV_pressure|Reservoirs|Oil_temperature
SE_01604,2020-07-01 02:30:00,2020-07-01 02:35:00,5.0,1,1.0241146711635767,H1,1.0464344941956876,TP3|H1|Reservoirs|Oil_temperature
SE_01605,2020-07-01 02:50:00,2020-07-01 02:55:00,5.0,1,1.029449436348333,Oil_temperature,1.0455311973018568,TP3|H1|Reservoirs|Oil_temperature
SE_01606,2020-07-01 03:10:00,2020-07-01 03:20:00,10.0,2,1.0171427852306758,DV_pressure,2.7348825964763455,TP2|TP3|H1|DV_pressure|Reservoirs|Oil_temperature
SE_01607,2020-07-01 03:35:00,2020-07-01 03:40:00,5.0,1,1.0377740303541332,Oil_temperature,1.0472175379426665,Oil_temperature
SE_01608,2020-07-01 03:55:00,2020-07-01 04:00:00,5.0,1,1.0389544688027004,DV_pressure,8.385965972620793,TP2|TP3|H1|DV_pressure|Reservoirs|Oil_temperature
SE_01609,2020-07-01 04:15:00,2020-07-01 04:20:00,5.0,1,1.0492411467116367,Oil_temperature,1.0623946037099503,TP3|H1|Reservoirs|Oil_temperature
SE_01610,2020-07-01 04:35:00,2020-07-01 04:40:00,5.0,1,1.0473861720067472,H1,1.0580431177446106,TP3|H1|Reservoirs|Oil_temperature
SE_01611,2020-07-01 04:55:00,2020-07-01 05:00:00,5.0,1,1.0541315345699842,H1,1.0630182421227201,TP3|H1|Reservoirs|Oil_temperature
SE_01612,2020-07-01 05:15:00,2020-07-01 05:20:00,5.0,1,1.0559865092748755,Oil_temperature,1.065767284991571,TP3|H1|Reservoirs|Oil_temperature
SE_01613,2020-07-01 05:35:00,2020-07-01 05:40:00,5.0,1,1.0607082630691422,DV_pressure,8.431295518418745,TP2|TP3|H1|DV_pressure|Reservoirs|Oil_temperature
SE_01614,2020-07-01 05:55:00,2020-07-01 06:00:00,5.0,1,1.0590219224283315,Oil_temperature,1.075885328836426,TP3|H1|Reservoirs|Oil_temperature
SE_01615,2020-07-01 06:15:00,2020-07-01 06:20:00,5.0,1,1.0607082630691422,Oil_temperature,1.0691399662731886,TP3|H1|Reservoirs|Oil_temperature
SE_01616,2020-07-01 06:35:00,2020-07-01 06:45:00,10.0,2,1.0559990939065207,Oil_temperature,1.075885328836426,TP3|H1|Reservoirs|Oil_temperature
SE_01617,2020-07-01 07:00:00,2020-07-01 07:05:00,5.0,1,1.076222596964588,DV_pressure,1.646973497325525,TP2|TP3|H1|DV_pressure|Reservoirs|Oil_temperature
SE_01618,2020-07-01 07:20:00,2020-07-01 07:25:00,5.0,1,1.075885328836426,Oil_temperature,1.0843170320404731,TP3|H1|Reservoirs|Oil_temperature
SE_01619,2020-07-01 07:40:00,2020-07-01 07:45:00,5.0,1,1.0620573355817897,DV_pressure,32.047988879150836,TP2|TP3|H1|DV_pressure|Reservoirs|Oil_temperature|Motor_current
SE_01620,2020-07-01 08:00:00,2020-07-01 08:05:00,5.0,1,1.0827993254637454,Oil_temperature,1.0961214165261401,TP3|H1|Reservoirs|Oil_temperature
SE_01621,2020-07-01 08:20:00,2020-07-01 08:25:00,5.0,1,1.073355817875212,Oil_temperature,1.0826306913996644,TP3|H1|Reservoirs|Oil_temperature
SE_01622,2020-07-01 08:40:00,2020-07-01 08:50:00,10.0,2,1.0801011804384504,Oil_temperature,1.0961214165261401,TP3|H1|Reservoirs|Oil_temperature
SE_01623,2020-07-01 09:05:00,2020-07-01 09:10:00,5.0,1,1.0893760539629018,Oil_temperature,1.1028667790893776,TP3|H1|Reservoirs|Oil_temperature
SE_01624,2020-07-01 09:25:00,2020-07-01 09:30:00,5.0,1,1.0961214165261401,Oil_temperature,1.1011804384485686,TP3|H1|Reservoirs|Oil_temperature
SE_01625,2020-07-01 09:45:00,2020-07-01 09:50:00,5.0,1,1.106408094435078,Oil_temperature,1.1163575042158533,TP3|H1|Reservoirs|Oil_temperature
SE_01626,2020-07-01 10:05:00,2020-07-01 10:10:00,5.0,1,1.1111298482293444,Motor_current,3.9011788558068607,TP3|H1|Reservoirs|Oil_temperature|Motor_current
SE_01627,2020-07-01 10:25:00,2020-07-01 10:35:00,10.0,2,1.128667790893763,Oil_temperature,1.1467116357504243,TP3|H1|Reservoirs|Oil_temperature
SE_01628,2020-07-01 10:50:00,2020-07-01 10:55:00,5.0,1,1.1686340640809465,Oil_temperature,1.1753794266441837,TP3|H1|Reservoirs|Oil_temperature
SE_01629,2020-07-01 11:10:00,2020-07-01 11:15:00,5.0,1,1.1755480607082647,DV_pressure,30.34057598742805,TP2|TP3|H1|DV_pressure|Reservoirs|Oil_temperature|Motor_current
SE_01630,2020-07-01 11:30:00,2020-07-01 11:35:00,5.0,1,1.1892074198988212,DV_pressure,3.3543863890483245,TP2|TP3|H1|DV_pressure|Reservoirs|Oil_temperature
SE_01631,2020-07-01 11:50:00,2020-07-01 12:20:00,30.0,4,1.204553119730188,DV_pressure,45.5999999999931,TP2|TP3|H1|DV_pressure|Reservoirs|Oil_temperature
SE_01632,2020-07-01 12:35:00,2020-07-01 12:40:00,5.0,1,1.2074198988195628,Oil_temperature,1.2074198988195628,TP3|H1|Reservoirs|Oil_temperature
SE_01633,2020-07-01 12:55:00,2020-07-01 13:00:00,5.0,1,1.2141652613828022,DV_pressure,34.23891692605176,TP2|TP3|H1|DV_pressure|Reservoirs|Oil_temperature|Motor_current
SE_01634,2020-07-01 13:15:00,2020-07-01 13:20:00,5.0,1,1.2091062394603735,DV_pressure,13.024689492611042,TP2|TP3|H1|DV_pressure|Reservoirs|Oil_temperature
SE_01635,2020-07-01 13:35:00,2020-07-01 14:25:00,50.0,6,1.2074198988195628,TP2,43.211053708261915,TP2|TP3|H1|DV_pressure|Reservoirs|Oil_temperature|Motor_current
SE_01636,2020-07-01 14:40:00,2020-07-01 14:45:00,5.0,1,1.194603709949412,Oil_temperature,1.2091062394603735,TP3|H1|Reservoirs|Oil_temperature
SE_01637,2020-07-01 15:00:00,2020-07-01 15:05:00,5.0,1,1.2023608768971343,Oil_temperature,1.205733558178753,TP3|H1|Reservoirs|Oil_temperature
SE_01638,2020-07-01 15:20:00,2020-07-01 15:50:00,30.0,4,1.2006745362563265,Oil_temperature,1.2023608768971343,TP3|H1|Reservoirs|Oil_temperature
SE_01639,2020-07-01 16:05:00,2020-07-01 16:10:00,5.0,1,1.1922428330522772,Oil_temperature,1.2074198988195628,TP3|H1|Reservoirs|Oil_temperature
SE_01640,2020-07-01 16:25:00,2020-07-01 16:30:00,5.0,1,1.2006745362563265,TP2,44.216566693248545,TP2|TP3|H1|DV_pressure|Reservoirs|Oil_temperature|Motor_current
SE_01641,2020-07-01 16:45:00,2020-07-01 16:50:00,5.0,1,1.2006745362563265,DV_pressure,465.5999999999303,TP3|H1|DV_pressure|Reservoirs|Oil_temperature
SE_01642,2020-07-01 17:05:00,2020-07-01 17:15:00,10.0,2,1.161888701517708,Oil_temperature,1.1770657672849936,TP3|H1|Reservoirs|Oil_temperature
SE_01643,2020-07-01 17:30:00,2020-07-01 17:35:00,5.0,1,1.1551433389544707,Oil_temperature,1.1686340640809465,TP3|H1|Reservoirs|Oil_temperature
SE_01644,2020-07-01 17:50:00,2020-07-01 17:55:00,5.0,1,1.1536256323777418,Oil_temperature,1.1686340640809465,TP3|H1|Reservoirs|Oil_temperature
SE_01645,2020-07-01 18:10:00,2020-07-01 18:15:00,5.0,1,1.141821247892076,Oil_temperature,1.1534569983136609,TP3|H1|Reservoirs|Oil_temperature
SE_01646,2020-07-01 18:30:00,2020-07-01 18:35:00,5.0,1,1.1284991568296818,Oil_temperature,1.1433389544688037,TP3|H1|Reservoirs|Oil_temperature
SE_01647,2020-07-01 18:50:00,2020-07-01 19:00:00,10.0,2,1.1204047217537967,Oil_temperature,1.1433389544688037,TP3|H1|Reservoirs|Oil_temperature
SE_01648,2020-07-01 19:15:00,2020-07-01 19:20:00,5.0,1,1.109612141652616,DV_pressure,1.3598863739385048,TP3|H1|DV_pressure|Reservoirs|Oil_temperature
SE_01649,2020-07-01 19:35:00,2020-07-01 19:40:00,5.0,1,1.0893760539629018,Oil_temperature,1.1028667790893776,TP3|H1|Reservoirs|Oil_temperature
SE_01650,2020-07-01 19:55:00,2020-07-01 20:00:00,5.0,1,1.075885328836426,DV_pressure,18.22247741077601,TP2|TP3|H1|DV_pressure|Reservoirs|Oil_temperature|Motor_current
SE_01651,2020-07-01 20:15:00,2020-07-01 20:20:00,5.0,1,1.0927487352445213,Oil_temperature,1.0994940978077588,TP3|H1|Reservoirs|Oil_temperature
SE_01652,2020-07-01 20:35:00,2020-07-01 20:40:00,5.0,1,1.06408094435076,Oil_temperature,1.1011804384485686,TP3|H1|Reservoirs|Oil_temperature
SE_01653,2020-07-01 20:55:00,2020-07-01 21:00:00,5.0,1,1.075885328836426,DV_pressure,21.380435768033216,TP2|TP3|H1|DV_pressure|Reservoirs|Oil_temperature|Motor_current
SE_01654,2020-07-01 21:20:00,2020-07-01 21:25:00,5.0,1,1.0709949409780783,Oil_temperature,1.0893760539629018,Oil_temperature
SE_01655,2020-07-01 21:40:00,2020-07-01 21:45:00,5.0,1,1.0676222596964597,TP2,38.4955445372901,TP2|TP3|H1|DV_pressure|Reservoirs|Oil_temperature|Motor_current
SE_01656,2020-07-01 22:00:00,2020-07-01 22:05:00,5.0,1,1.0510961214165282,TP2,37.542040844630364,TP2|TP3|H1|DV_pressure|Reservoirs|Oil_temperature|Motor_current
SE_01657,2020-07-01 22:20:00,2020-07-01 22:25:00,5.0,1,1.0438448566610459,Oil_temperature,1.0489038785834746,TP3|H1|Reservoirs|Oil_temperature
SE_01658,2020-07-01 22:40:00,2020-07-01 22:50:00,10.0,2,1.0290050590219237,Oil_temperature,1.06408094435076,TP3|H1|Reservoirs|Oil_temperature
SE_01659,2020-07-01 23:05:00,2020-07-01 23:10:00,5.0,1,1.042158516020238,Oil_temperature,1.065767284991571,TP3|H1|Reservoirs|Oil_temperature
SE_01660,2020-07-01 23:25:00,2020-07-01 23:30:00,5.0,1,1.0556492411467138,DV_pressure,46.23613671390927,TP2|TP3|H1|DV_pressure|Reservoirs|Oil_temperature|Motor_current
SE_01661,2020-07-01 23:45:00,2020-07-01 23:50:00,5.0,1,1.0494097807757174,Oil_temperature,1.0623946037099503,TP3|H1|Reservoirs|Oil_temperature
SE_01662,2020-07-02 00:05:00,2020-07-02 00:10:00,5.0,1,1.0564924114671184,DV_pressure,7.2073977818740955,TP2|TP3|H1|DV_pressure|Reservoirs|Oil_temperature|Motor_current
SE_01663,2020-07-02 00:25:00,2020-07-02 00:35:00,10.0,2,1.0254637436762242,Oil_temperature,1.053962900505903,TP3|H1|Reservoirs|Oil_temperature
SE_01664,2020-07-02 00:50:00,2020-07-02 00:55:00,5.0,1,1.0477234401349094,Oil_temperature,1.0623946037099503,TP3|H1|Reservoirs|Oil_temperature
SE_01665,2020-07-02 01:10:00,2020-07-02 01:15:00,5.0,1,1.0625632377740313,DV_pressure,58.399999999991195,TP3|H1|DV_pressure|Reservoirs|Oil_temperature
SE_01666,2020-07-02 01:30:00,2020-07-02 01:35:00,5.0,1,1.0505096775817377,Oil_temperature,1.0708263069139974,TP3|H1|Reservoirs|Oil_temperature
SE_01667,2020-07-02 01:55:00,2020-07-02 02:00:00,5.0,1,1.0472175379426665,Oil_temperature,1.0556492411467138,TP3|H1|Reservoirs|Oil_temperature
SE_01668,2020-07-02 02:15:00,2020-07-02 02:20:00,5.0,1,1.0455311973018568,DV_pressure,1.284337130941936,TP3|H1|DV_pressure|Reservoirs|Oil_temperature
SE_01669,2020-07-02 02:35:00,2020-07-02 02:40:00,5.0,1,1.050252951096122,DV_pressure,1.072799250551484,TP3|H1|DV_pressure|Reservoirs|Oil_temperature
SE_01670,2020-07-02 03:00:00,2020-07-02 03:05:00,5.0,1,1.038279932546376,Oil_temperature,1.0505902192242853,TP3|H1|Reservoirs|Oil_temperature
SE_01671,2020-07-02 03:20:00,2020-07-02 03:25:00,5.0,1,1.031534569983138,H1,1.0514096185737971,TP3|H1|Reservoirs|Oil_temperature|Motor_current
SE_01672,2020-07-02 03:45:00,2020-07-02 03:50:00,5.0,1,1.021922428330524,Oil_temperature,1.0354131534569997,Oil_temperature
SE_01673,2020-07-02 04:05:00,2020-07-02 04:10:00,5.0,1,1.0472175379426665,Oil_temperature,1.0927487352445213,TP3|H1|Reservoirs|Oil_temperature
SE_01674,2020-07-02 04:30:00,2020-07-02 04:35:00,5.0,1,1.042158516020238,DV_pressure,5.243117463962919,TP2|TP3|H1|DV_pressure|Reservoirs|Oil_temperature
SE_01675,2020-07-02 04:50:00,2020-07-02 04:55:00,5.0,1,1.021922428330524,H1,1.0414593698175778,TP3|H1|Reservoirs|Oil_temperature|Motor_current
SE_01676,2020-07-02 05:10:00,2020-07-02 05:15:00,5.0,1,1.0286677908937623,Oil_temperature,1.0556492411467138,TP3|H1|Reservoirs|Oil_temperature
SE_01677,2020-07-02 05:30:00,2020-07-02 05:35:00,5.0,1,1.028951923910522,Motor_current,1.0954693350337794,TP3|H1|Reservoirs|Oil_temperature|Motor_current
SE_01678,2020-07-02 05:55:00,2020-07-02 06:00:00,5.0,1,1.1317032040472184,Oil_temperature,1.1568296795952795,TP3|H1|Reservoirs|Oil_temperature
SE_01679,2020-07-02 06:15:00,2020-07-02 06:50:00,35.0,3,1.07655986509275,Motor_current,1.3652490966465758,TP2|TP3|H1|Reservoirs|Oil_temperature|Motor_current
SE_01680,2020-07-02 07:05:00,2020-07-02 08:00:00,55.0,5,1.1382799325463768,TP2,45.74217260150414,TP2|TP3|H1|DV_pressure|Reservoirs|Oil_temperature|Motor_current
SE_01681,2020-07-02 08:15:00,2020-07-02 08:20:00,5.0,1,1.141652613827995,Oil_temperature,1.1433389544688037,TP3|H1|Reservoirs|Oil_temperature
SE_01682,2020-07-02 08:35:00,2020-07-02 09:15:00,40.0,4,1.184317032040474,DV_pressure,39.93532984799418,TP2|TP3|H1|DV_pressure|Reservoirs|Oil_temperature|Motor_current
SE_01683,2020-07-02 09:35:00,2020-07-02 10:10:00,35.0,3,1.1163575042158533,DV_pressure,22.498564564382654,TP2|TP3|H1|DV_pressure|Reservoirs|Oil_temperature|Motor_current
SE_01684,2020-07-02 10:25:00,2020-07-02 10:30:00,5.0,1,1.1669477234401366,Oil_temperature,1.1821247892074223,TP3|H1|Reservoirs|Oil_temperature
SE_01685,2020-07-02 10:45:00,2020-07-02 11:30:00,45.0,5,1.1163575042158533,DV_pressure,8.174428092230368,TP2|TP3|H1|DV_pressure|Reservoirs|Oil_temperature|Motor_current
SE_01686,2020-07-02 11:45:00,2020-07-02 12:25:00,40.0,5,1.1635750421585178,DV_pressure,14.173037986159121,TP2|TP3|H1|DV_pressure|Reservoirs|Oil_temperature
SE_01687,2020-07-02 12:40:00,2020-07-02 12:45:00,5.0,1,1.1664418212478935,DV_pressure,49.63585264875553,TP2|TP3|H1|DV_pressure|Reservoirs|Oil_temperature|Motor_current
SE_01688,2020-07-02 13:00:00,2020-07-02 13:40:00,40.0,4,1.2107925801011816,DV_pressure,17.436765283611532,TP2|TP3|H1|DV_pressure|Reservoirs|Oil_temperature
SE_01689,2020-07-02 13:55:00,2020-07-02 14:35:00,40.0,4,1.2242833052276574,Oil_temperature,1.2360876897133242,TP3|H1|Reservoirs|Oil_temperature
SE_01690,2020-07-02 14:50:00,2020-07-02 14:55:00,5.0,1,1.129848229342328,DV_pressure,15.563144057296258,TP2|TP3|H1|DV_pressure|Reservoirs|Oil_temperature
SE_01691,2020-07-02 15:10:00,2020-07-02 16:05:00,55.0,5,1.1841483979763936,DV_pressure,21.48620470822843,TP2|TP3|H1|DV_pressure|Reservoirs|Oil_temperature|Motor_current
SE_01692,2020-07-02 16:20:00,2020-07-02 18:20:00,120.0,11,1.21585160202361,DV_pressure,32.07820857634947,TP2|TP3|H1|DV_pressure|Reservoirs|Oil_temperature|Motor_current
SE_01693,2020-07-02 18:35:00,2020-07-02 19:10:00,35.0,4,1.11753794266442,DV_pressure,43.19999999999355,TP3|H1|DV_pressure|Reservoirs|Oil_temperature
SE_01694,2020-07-02 19:25:00,2020-07-03 00:35:00,310.0,28,1.2210792580101195,TP2,45.88953226309701,TP2|TP3|H1|DV_pressure|Reservoirs|Oil_temperature|Motor_current
SE_01695,2020-07-03 02:40:00,2020-07-03 03:20:00,40.0,4,1.0497470489038794,DV_pressure,14.293916774953644,TP2|TP3|H1|DV_pressure|Reservoirs|Oil_temperature
SE_01696,2020-07-03 03:35:00,2020-07-03 03:40:00,5.0,1,1.0271500843170334,Oil_temperature,1.0893760539629018,TP3|H1|Reservoirs|Oil_temperature
SE_01697,2020-07-03 03:55:00,2020-07-03 04:00:00,5.0,1,1.0138279932546386,DV_pressure,33.815841165270896,TP2|TP3|H1|DV_pressure|Reservoirs|Oil_temperature|Motor_current
SE_01698,2020-07-03 04:15:00,2020-07-03 04:20:00,5.0,1,1.009106239460372,H1,1.0646766169154225,TP3|H1|Reservoirs|Oil_temperature|Motor_current
SE_01699,2020-07-03 04:35:00,2020-07-03 04:40:00,5.0,1,1.009443507588534,H1,1.0563847429519069,TP3|H1|Reservoirs|Oil_temperature
SE_01700,2020-07-03 04:55:00,2020-07-03 06:05:00,70.0,8,1.1568296795952795,DV_pressure,675.9999999998988,TP3|H1|DV_pressure|Reservoirs|Oil_temperature
SE_01701,2020-07-03 06:20:00,2020-07-03 06:25:00,5.0,1,1.1349072512647564,Oil_temperature,1.1703204047217552,TP3|H1|Reservoirs|Oil_temperature
SE_01702,2020-07-03 06:40:00,2020-07-03 06:45:00,5.0,1,1.009612141652615,H1,1.0398009950248757,TP3|H1|Reservoirs|Oil_temperature
SE_01703,2020-07-03 07:00:00,2020-07-03 07:05:00,5.0,1,1.141821247892076,DV_pressure,30.74854189960959,TP2|TP3|H1|DV_pressure|Reservoirs|Oil_temperature|Motor_current
SE_01704,2020-07-03 07:20:00,2020-07-03 08:15:00,55.0,6,1.1770657672849936,DV_pressure,14.293916774953644,TP2|TP3|H1|DV_pressure|Reservoirs|Oil_temperature
SE_01705,2020-07-03 08:30:00,2020-07-03 08:35:00,5.0,1,1.074198988195617,Oil_temperature,1.0893760539629018,TP3|H1|Reservoirs|Oil_temperature
SE_01706,2020-07-03 08:55:00,2020-07-03 09:15:00,20.0,2,1.1445193929173705,Oil_temperature,1.161888701517708,TP3|H1|Reservoirs|Oil_temperature
SE_01707,2020-07-03 09:35:00,2020-07-03 09:40:00,5.0,1,1.1151770657672873,Oil_temperature,1.129848229342328,TP3|H1|Reservoirs|Oil_temperature
SE_01708,2020-07-03 09:55:00,2020-07-03 10:10:00,15.0,2,1.2180438448566628,Oil_temperature,1.2242833052276574,TP3|H1|Reservoirs|Oil_temperature
SE_01709,2020-07-03 10:25:00,2020-07-03 10:30:00,5.0,1,1.0625632377740313,Oil_temperature,1.0809443507588545,TP3|H1|Reservoirs|Oil_temperature
SE_01710,2020-07-03 10:50:00,2020-07-03 10:55:00,5.0,1,1.1001686340640822,DV_pressure,6.557674292103472,TP2|TP3|H1|DV_pressure|Reservoirs|Oil_temperature
SE_01711,2020-07-03 11:10:00,2020-07-03 11:35:00,25.0,3,1.2546374367622266,DV_pressure,38.620773019853615,TP2|TP3|H1|DV_pressure|Reservoirs|Oil_temperature|Motor_current
SE_01712,2020-07-03 11:50:00,2020-07-03 12:00:00,10.0,2,1.2231028667790913,Oil_temperature,1.239460370994943,TP3|H1|Reservoirs|Oil_temperature
SE_01713,2020-07-03 12:15:00,2020-07-03 12:35:00,20.0,3,1.1315345699831378,Oil_temperature,1.1669477234401366,TP3|H1|Reservoirs|Oil_temperature
SE_01714,2020-07-03 12:50:00,2020-07-03 12:55:00,5.0,1,1.0607082630691422,Oil_temperature,1.0607082630691422,TP3|H1|Reservoirs|Oil_temperature
SE_01715,2020-07-03 13:10:00,2020-07-03 13:55:00,45.0,5,1.271500843170323,DV_pressure,38.9999999999942,TP3|H1|DV_pressure|Reservoirs|Oil_temperature
SE_01716,2020-07-03 14:10:00,2020-07-03 14:15:00,5.0,1,1.0430573838789206,DV_pressure,26.17025777401662,TP2|TP3|H1|DV_pressure|Reservoirs|Oil_temperature|Motor_current
SE_01717,2020-07-03 14:35:00,2020-07-03 14:55:00,20.0,2,1.270826306913998,Oil_temperature,1.2900505902192263,TP3|H1|Reservoirs|Oil_temperature
SE_01718,2020-07-03 15:10:00,2020-07-03 15:20:00,10.0,2,1.2229342327150103,Oil_temperature,1.2445193929173715,TP3|H1|Reservoirs|Oil_temperature
SE_01719,2020-07-03 15:35:00,2020-07-03 16:10:00,35.0,3,1.1603709949409802,DV_pressure,15.57825390589558,TP2|TP3|H1|DV_pressure|Reservoirs|Oil_temperature
SE_01720,2020-07-03 16:25:00,2020-07-03 16:30:00,5.0,1,1.0193929173693101,Oil_temperature,1.107925801011806,TP3|H1|Reservoirs|Oil_temperature
SE_01721,2020-07-03 16:50:00,2020-07-03 17:10:00,20.0,3,1.214502529510964,DV_pressure,1.4656553141337303,TP3|H1|DV_pressure|Reservoirs|Oil_temperature
SE_01722,2020-07-03 17:25:00,2020-07-03 17:30:00,5.0,1,1.1438448566610466,Oil_temperature,1.1686340640809465,TP3|H1|Reservoirs|Oil_temperature
SE_01723,2020-07-03 17:45:00,2020-07-03 18:05:00,20.0,3,1.2247892074199007,DV_pressure,1.79999999999979,TP2|TP3|H1|DV_pressure|Reservoirs|Oil_temperature|Motor_current
SE_01724,2020-07-03 18:20:00,2020-07-03 18:30:00,10.0,2,1.190219224283307,Oil_temperature,1.2074198988195628,TP3|H1|Reservoirs|Oil_temperature
SE_01725,2020-07-03 18:45:00,2020-07-03 19:20:00,35.0,4,1.204047217537945,Oil_temperature,1.2495784148398,TP3|H1|Reservoirs|Oil_temperature
SE_01726,2020-07-03 19:35:00,2020-07-03 19:40:00,5.0,1,1.0726812816188882,Oil_temperature,1.074198988195617,TP3|H1|Reservoirs|Oil_temperature
SE_01727,2020-07-03 20:00:00,2020-07-03 20:05:00,5.0,1,1.0480607082630713,TP2,45.86352761693356,TP2|TP3|H1|Reservoirs|Oil_temperature|Motor_current
SE_01728,2020-07-03 20:25:00,2020-07-03 20:30:00,5.0,1,1.0354131534569997,Oil_temperature,1.042158516020238,TP3|H1|Reservoirs|Oil_temperature
SE_01729,2020-07-03 20:45:00,2020-07-03 20:55:00,10.0,2,1.0222596964586863,Oil_temperature,1.0472175379426665,TP3|H1|Reservoirs|Oil_temperature
SE_01730,2020-07-03 21:10:00,2020-07-03 21:15:00,5.0,1,1.0456998313659378,DV_pressure,13.999999999997941,TP3|H1|DV_pressure|Reservoirs|Oil_temperature
SE_01731,2020-07-03 21:35:00,2020-07-03 21:40:00,5.0,1,1.052613827993257,Oil_temperature,1.0674536256323788,TP3|H1|Reservoirs|Oil_temperature
SE_01732,2020-07-03 22:00:00,2020-07-03 22:05:00,5.0,1,1.0472175379426665,Oil_temperature,1.06408094435076,TP3|H1|Reservoirs|Oil_temperature
SE_01733,2020-07-03 22:25:00,2020-07-03 22:30:00,5.0,1,1.050927487352447,Oil_temperature,1.0691399662731886,TP3|H1|Reservoirs|Oil_temperature
SE_01734,2020-07-03 22:50:00,2020-07-03 22:55:00,5.0,1,1.0531197301855,Oil_temperature,1.0674536256323788,TP3|H1|Reservoirs|Oil_temperature
SE_01735,2020-07-03 23:10:00,2020-07-03 23:20:00,10.0,2,1.0623946037099503,DV_pressure,24.885920643074694,TP2|TP3|H1|DV_pressure|Reservoirs|Oil_temperature|Motor_current
SE_01736,2020-07-03 23:35:00,2020-07-03 23:40:00,5.0,1,1.0674536256323788,DV_pressure,4.336526548003919,TP2|TP3|H1|DV_pressure|Reservoirs|Oil_temperature
SE_01737,2020-07-04 00:00:00,2020-07-04 00:05:00,5.0,1,1.0672849915682994,TP2,45.84619118615793,TP2|TP3|H1|Reservoirs|Oil_temperature|Motor_current
SE_01738,2020-07-04 00:25:00,2020-07-04 00:30:00,5.0,1,1.0659359190556517,DV_pressure,32.56172373152761,TP2|TP3|H1|DV_pressure|Reservoirs|Oil_temperature|Motor_current
SE_01739,2020-07-04 00:50:00,2020-07-04 00:55:00,5.0,1,1.0725126475548072,Oil_temperature,1.086003372681283,TP3|H1|Reservoirs|Oil_temperature
SE_01740,2020-07-04 01:10:00,2020-07-04 01:15:00,5.0,1,1.074198988195617,Oil_temperature,1.0893760539629018,TP3|H1|Reservoirs|Oil_temperature
SE_01741,2020-07-04 01:30:00,2020-07-04 01:40:00,10.0,2,1.0674536256323788,DV_pressure,38.07681847027822,TP2|TP3|H1|DV_pressure|Reservoirs|Oil_temperature|Motor_current
SE_01742,2020-07-04 01:55:00,2020-07-04 02:00:00,5.0,1,1.0556492411467138,TP2,39.80444506085029,TP2|TP3|H1|DV_pressure|Reservoirs|Oil_temperature|Motor_current
SE_01743,2020-07-04 02:15:00,2020-07-04 02:25:00,10.0,2,1.0355202626552467,DV_pressure,72.1999999999893,TP3|H1|DV_pressure|Reservoirs|Oil_temperature
SE_01744,2020-07-04 02:40:00,2020-07-04 02:45:00,5.0,1,1.0143338954468815,H1,1.0414593698175778,TP3|H1|Reservoirs|Oil_temperature
SE_01745,2020-07-04 03:05:00,2020-07-04 03:10:00,5.0,1,1.0158516020236104,H1,1.049751243781095,TP3|H1|Reservoirs|Oil_temperature
SE_01746,2020-07-04 03:25:00,2020-07-04 03:30:00,5.0,1,1.0021922428330536,H1,1.0232172470978445,TP3|H1|Reservoirs|Oil_temperature|Motor_current
SE_01747,2020-07-04 03:50:00,2020-07-04 03:55:00,5.0,1,1.0084317032040482,DV_pressure,8.688162944607136,TP2|TP3|H1|DV_pressure|Reservoirs|Oil_temperature|Motor_current
SE_01748,2020-07-04 04:10:00,2020-07-04 04:15:00,5.0,1,1.021922428330524,H1,1.0331674958540624,TP3|H1|Reservoirs|Oil_temperature
SE_01749,2020-07-04 04:55:00,2020-07-04 05:00:00,5.0,1,1.041068407261054,Oil_temperature,1.0472175379426665,TP3|H1|Reservoirs|Oil_temperature
SE_01750,2020-07-04 06:00:00,2020-07-04 06:20:00,20.0,2,1.1288364249578438,DV_pressure,18.796651657550036,TP2|TP3|H1|DV_pressure|Reservoirs|Oil_temperature|Motor_current
SE_01751,2020-07-04 06:40:00,2020-07-04 07:00:00,20.0,2,1.107925801011806,DV_pressure,9.79999999999859,TP3|H1|DV_pressure|Reservoirs|Oil_temperature
SE_01752,2020-07-04 07:15:00,2020-07-04 07:20:00,5.0,1,1.0691399662731886,Oil_temperature,1.109612141652616,TP3|H1|Reservoirs|Oil_temperature
SE_01753,2020-07-04 07:35:00,2020-07-04 07:40:00,5.0,1,1.1433389544688037,DV_pressure,8.491734912816021,TP2|TP3|H1|DV_pressure|Reservoirs|Oil_temperature
SE_01754,2020-07-04 07:55:00,2020-07-04 08:00:00,5.0,1,1.150084317032042,DV_pressure,1.19999999999986,TP3|H1|DV_pressure|Reservoirs|Oil_temperature
SE_01755,2020-07-04 08:15:00,2020-07-04 08:55:00,40.0,5,1.1418189139736281,Oil_temperature,1.21585160202361,TP3|H1|Reservoirs|Oil_temperature
SE_01756,2020-07-04 09:10:00,2020-07-04 09:15:00,5.0,1,1.0625632377740326,Oil_temperature,1.0994940978077588,Oil_temperature
SE_01757,2020-07-04 09:30:00,2020-07-04 09:50:00,20.0,2,1.1231028667790917,TP2,45.066051801254496,TP2|TP3|H1|DV_pressure|Reservoirs|Oil_temperature|Motor_current
SE_01758,2020-07-04 10:05:00,2020-07-04 10:10:00,5.0,1,1.042664418212481,Oil_temperature,1.0556492411467138,TP3|H1|Reservoirs|Oil_temperature
SE_01759,2020-07-04 10:30:00,2020-07-04 11:10:00,40.0,4,1.2074198988195628,Oil_temperature,1.21585160202361,TP3|H1|Reservoirs|Oil_temperature
SE_01760,2020-07-04 11:25:00,2020-07-04 11:30:00,5.0,1,1.1645868465430036,Oil_temperature,1.1753794266441837,TP3|H1|Reservoirs|Oil_temperature|Motor_current
SE_01761,2020-07-04 11:50:00,2020-07-04 12:10:00,20.0,3,1.1436762225969659,Oil_temperature,1.1770657672849936,TP3|H1|Reservoirs|Oil_temperature
SE_01762,2020-07-04 12:25:00,2020-07-04 12:30:00,5.0,1,1.0912310286677922,Oil_temperature,1.1214165261382807,TP3|H1|Reservoirs|Oil_temperature
SE_01763,2020-07-04 12:45:00,2020-07-04 13:30:00,45.0,5,1.239797639123105,Oil_temperature,1.2563237774030374,TP3|H1|Reservoirs|Oil_temperature
SE_01764,2020-07-04 13:45:00,2020-07-04 13:50:00,5.0,1,1.2569983136593612,Oil_temperature,1.2698145025295122,TP3|H1|Reservoirs|Oil_temperature
SE_01765,2020-07-04 14:10:00,2020-07-04 14:30:00,20.0,2,1.2575042158516039,DV_pressure,15.276056933909242,TP2|TP3|H1|DV_pressure|Reservoirs|Oil_temperature
SE_01766,2020-07-04 14:45:00,2020-07-04 15:10:00,25.0,3,1.156155143338956,Oil_temperature,1.1821247892074223,TP3|H1|Reservoirs|Oil_temperature
SE_01767,2020-07-04 15:25:00,2020-07-04 15:50:00,25.0,3,1.2438448566610474,Oil_temperature,1.2681281618887024,TP3|H1|Reservoirs|Oil_temperature
SE_01768,2020-07-04 16:05:00,2020-07-04 16:45:00,40.0,5,1.207588532883644,DV_pressure,39.30071620682287,TP2|TP3|H1|DV_pressure|Reservoirs|Oil_temperature|Motor_current
SE_01769,2020-07-04 17:00:00,2020-07-04 17:05:00,5.0,1,1.1001686340640826,DV_pressure,36.29385633555884,TP2|TP3|H1|DV_pressure|Reservoirs|Oil_temperature|Motor_current
SE_01770,2020-07-04 17:25:00,2020-07-04 17:30:00,5.0,1,1.0865092748735259,Oil_temperature,1.1028667790893776,Oil_temperature
SE_01771,2020-07-04 17:45:00,2020-07-04 18:05:00,20.0,2,1.1986509274873534,Oil_temperature,1.2209106239460386,TP3|H1|Reservoirs|Oil_temperature
SE_01772,2020-07-04 18:25:00,2020-07-04 18:30:00,5.0,1,1.1753794266441837,Oil_temperature,1.1905564924114693,TP3|H1|Reservoirs|Oil_temperature
SE_01773,2020-07-04 18:45:00,2020-07-04 19:05:00,20.0,2,1.0981450252951108,Oil_temperature,1.1332209106239486,TP3|H1|Reservoirs|Oil_temperature
SE_01774,2020-07-04 19:20:00,2020-07-04 19:25:00,5.0,1,1.04789207419899,Oil_temperature,1.0893760539629018,TP3|H1|Reservoirs|Oil_temperature
SE_01775,2020-07-04 19:45:00,2020-07-04 19:50:00,5.0,1,1.0404721753794282,Oil_temperature,1.0472175379426665,TP3|H1|Reservoirs|Oil_temperature
SE_01776,2020-07-04 20:10:00,2020-07-04 20:15:00,5.0,1,1.10860033726813,Oil_temperature,1.1281618887015201,TP3|H1|Reservoirs|Oil_temperature
SE_01777,2020-07-04 20:30:00,2020-07-04 20:55:00,25.0,3,1.075885328836426,DV_pressure,2.780212142274284,TP2|TP3|H1|DV_pressure|Reservoirs|Oil_temperature
SE_01778,2020-07-04 21:10:00,2020-07-04 21:15:00,5.0,1,1.0883642495784163,DV_pressure,11.799999999998251,TP3|H1|DV_pressure|Reservoirs|Oil_temperature
SE_01779,2020-07-04 21:30:00,2020-07-04 21:35:00,5.0,1,1.0885328836424977,Oil_temperature,1.1028667790893776,TP3|H1|Reservoirs|Oil_temperature
SE_01780,2020-07-04 21:50:00,2020-07-04 21:55:00,5.0,1,1.0753794266441836,DV_pressure,12.828261460819924,TP2|TP3|H1|DV_pressure|Reservoirs|Oil_temperature
SE_01781,2020-07-04 22:10:00,2020-07-04 22:15:00,5.0,1,1.0809443507588545,Oil_temperature,1.0876897133220929,TP3|H1|Reservoirs|Oil_temperature
SE_01782,2020-07-04 22:30:00,2020-07-04 22:35:00,5.0,1,1.0826306913996644,Oil_temperature,1.0927487352445213,TP3|H1|Reservoirs|Oil_temperature
SE_01783,2020-07-04 22:50:00,2020-07-04 22:55:00,5.0,1,1.0809443507588545,Oil_temperature,1.0893760539629018,TP3|H1|Reservoirs|Oil_temperature
SE_01784,2020-07-04 23:10:00,2020-07-04 23:15:00,5.0,1,1.075885328836426,Oil_temperature,1.0961214165261401,TP3|H1|Reservoirs|Oil_temperature
SE_01785,2020-07-04 23:30:00,2020-07-04 23:35:00,5.0,1,1.0843170320404731,Oil_temperature,1.0893760539629018,TP3|H1|Reservoirs|Oil_temperature
SE_01786,2020-07-04 23:50:00,2020-07-04 23:55:00,5.0,1,1.0688026981450263,Oil_temperature,1.0961214165261401,TP3|H1|Reservoirs|Oil_temperature
SE_01787,2020-07-05 00:10:00,2020-07-05 00:50:00,40.0,4,1.0708263069139974,Oil_temperature,1.1011804384485686,TP3|H1|Reservoirs|Oil_temperature
SE_01788,2020-07-05 01:05:00,2020-07-05 01:10:00,5.0,1,1.0713322091062403,Oil_temperature,1.0826306913996644,TP3|H1|Reservoirs|Oil_temperature
SE_01789,2020-07-05 01:25:00,2020-07-05 01:30:00,5.0,1,1.0679595278246217,Oil_temperature,1.0809443507588545,TP3|H1|Reservoirs|Oil_temperature
SE_01790,2020-07-05 01:45:00,2020-07-05 01:50:00,5.0,1,1.0826306913996644,Oil_temperature,1.1011804384485686,TP3|H1|Reservoirs|Oil_temperature
SE_01791,2020-07-05 02:05:00,2020-07-05 02:10:00,5.0,1,1.082630691399664,Oil_temperature,1.1197301854974728,TP3|H1|Reservoirs|Oil_temperature
SE_01792,2020-07-05 02:25:00,2020-07-05 02:30:00,5.0,1,1.0755480607082646,Oil_temperature,1.0961214165261401,TP3|H1|Reservoirs|Oil_temperature
SE_01793,2020-07-05 02:45:00,2020-07-05 02:50:00,5.0,1,1.0726812816188882,DV_pressure,16.333746335861417,TP2|TP3|H1|DV_pressure|Reservoirs|Oil_temperature
SE_01794,2020-07-05 03:05:00,2020-07-05 03:10:00,5.0,1,1.0575042158516041,Oil_temperature,1.0893760539629018,TP3|H1|Reservoirs|Oil_temperature
SE_01795,2020-07-05 03:25:00,2020-07-05 03:30:00,5.0,1,1.0645868465430028,DV_pressure,1.692303043123477,TP2|TP3|H1|DV_pressure|Reservoirs|Oil_temperature
SE_01796,2020-07-05 03:45:00,2020-07-05 04:05:00,20.0,2,1.0676222596964597,Oil_temperature,1.0826306913996644,TP3|H1|Reservoirs|Oil_temperature
SE_01797,2020-07-05 04:20:00,2020-07-05 04:25:00,5.0,1,1.0763912310286694,DV_pressure,35.84056087757935,TP2|TP3|H1|DV_pressure|Reservoirs|Oil_temperature|Motor_current
SE_01798,2020-07-05 04:40:00,2020-07-05 04:45:00,5.0,1,1.0666104553119755,DV_pressure,46.704542020488084,TP2|TP3|H1|DV_pressure|Reservoirs|Oil_temperature|Motor_current
SE_01799,2020-07-05 05:00:00,2020-07-05 05:05:00,5.0,1,1.07116357504216,TP2,44.476613154883026,TP2|TP3|H1|DV_pressure|Reservoirs|Oil_temperature|Motor_current
SE_01800,2020-07-05 05:20:00,2020-07-05 05:25:00,5.0,1,1.0536256323777426,DV_pressure,32.59194342872623,TP2|TP3|H1|DV_pressure|Reservoirs|Oil_temperature|Motor_current
SE_01801,2020-07-05 05:40:00,2020-07-05 05:45:00,5.0,1,1.060876897133223,Oil_temperature,1.075885328836426,TP3|H1|Reservoirs|Oil_temperature
SE_01802,2020-07-05 06:00:00,2020-07-05 06:05:00,5.0,1,1.06408094435076,Oil_temperature,1.075885328836426,TP3|H1|Reservoirs|Oil_temperature
SE_01803,2020-07-05 06:20:00,2020-07-05 06:25:00,5.0,1,1.0809443507588545,DV_pressure,2.1758181983016134,TP2|TP3|H1|DV_pressure|Reservoirs|Oil_temperature
SE_01804,2020-07-05 06:40:00,2020-07-05 09:00:00,140.0,14,1.2344013490725143,DV_pressure,17.799401649995147,TP2|TP3|H1|DV_pressure|Reservoirs|Oil_temperature
SE_01805,2020-07-05 09:15:00,2020-07-05 09:20:00,5.0,1,1.2682967959527833,Oil_temperature,1.2765598650927514,TP3|H1|Reservoirs|Oil_temperature
SE_01806,2020-07-05 09:35:00,2020-07-05 09:40:00,5.0,1,1.3089376053962916,TP2,46.07156478624114,TP2|TP3|H1|Reservoirs|Oil_temperature|Motor_current
SE_01807,2020-07-05 09:55:00,2020-07-05 19:30:00,575.0,68,1.4355817875210808,DV_pressure,656.5999999999017,TP2|TP3|H1|DV_pressure|Reservoirs|Oil_temperature|Motor_current
SE_01808,2020-07-05 19:45:00,2020-07-05 19:50:00,5.0,1,1.2006745362563265,Oil_temperature,1.2141652613828022,TP3|H1|Reservoirs|Oil_temperature|Motor_current
SE_01809,2020-07-05 20:05:00,2020-07-05 20:30:00,25.0,3,1.2023608768971343,DV_pressure,338.99999999994924,TP3|H1|DV_pressure|Reservoirs|Oil_temperature|Motor_current
SE_01810,2020-07-05 20:45:00,2020-07-05 20:50:00,5.0,1,1.1399662731871851,DV_pressure,23.495814571937544,TP2|TP3|H1|DV_pressure|Reservoirs|Oil_temperature|Motor_current
SE_01811,2020-07-05 21:05:00,2020-07-05 21:10:00,5.0,1,1.1291736930860057,DV_pressure,123.59999999998153,DV_pressure|Oil_temperature|Motor_current
SE_01812,2020-07-05 21:25:00,2020-07-05 21:30:00,5.0,1,1.1276559865092768,DV_pressure,724.1999999998915,TP2|TP3|DV_pressure|Reservoirs|Oil_temperature|Motor_current
SE_01813,2020-07-05 21:45:00,2020-07-05 21:50:00,5.0,1,1.0905564924114686,Oil_temperature,1.1382799325463753,TP3|H1|Reservoirs|Oil_temperature
SE_01814,2020-07-05 22:05:00,2020-07-05 22:10:00,5.0,1,1.108094435075887,Oil_temperature,1.1146711635750444,Oil_temperature
SE_01815,2020-07-05 22:25:00,2020-07-05 22:30:00,5.0,1,1.0885328836424977,TP2,45.65549044762598,TP2|TP3|H1|Reservoirs|Oil_temperature|Motor_current
SE_01816,2020-07-05 22:45:00,2020-07-05 22:50:00,5.0,1,1.0811129848229355,DV_pressure,4.019219727418255,TP2|TP3|H1|DV_pressure|Reservoirs|Oil_temperature
SE_01817,2020-07-05 23:05:00,2020-07-05 23:10:00,5.0,1,1.074873524451941,DV_pressure,11.78568190746707,TP2|TP3|H1|DV_pressure|Reservoirs|Oil_temperature
SE_01818,2020-07-05 23:25:00,2020-07-05 23:30:00,5.0,1,1.0816188870151784,Oil_temperature,1.0944350758853303,Oil_temperature
SE_01819,2020-07-05 23:45:00,2020-07-05 23:50:00,5.0,1,1.0666104553119755,Oil_temperature,1.0809443507588545,TP3|H1|Oil_temperature
SE_01820,2020-07-06 00:05:00,2020-07-06 00:10:00,5.0,1,1.0630691399662742,Oil_temperature,1.075885328836426,Oil_temperature
SE_01821,2020-07-06 00:25:00,2020-07-06 00:30:00,5.0,1,1.0548060708263078,Oil_temperature,1.109612141652616,H1|Oil_temperature
SE_01822,2020-07-06 00:45:00,2020-07-06 00:50:00,5.0,1,1.074198988195617,Oil_temperature,1.0792580101180456,Oil_temperature
SE_01823,2020-07-06 01:05:00,2020-07-06 02:45:00,100.0,10,1.0816188870151784,DV_pressure,3.7999999999994407,TP3|H1|DV_pressure|Reservoirs|Oil_temperature|Motor_current
SE_01824,2020-07-06 03:00:00,2020-07-06 03:05:00,5.0,1,1.0344013490725146,Oil_temperature,1.042158516020238,Oil_temperature
SE_01825,2020-07-06 03:20:00,2020-07-06 03:25:00,5.0,1,1.0475548060708284,Motor_current,1.1003744216085576,Oil_temperature|Motor_current
SE_01826,2020-07-06 03:40:00,2020-07-06 03:45:00,5.0,1,1.0271500843170334,Oil_temperature,1.0404721753794282,Oil_temperature
SE_01827,2020-07-06 04:00:00,2020-07-06 04:05:00,5.0,1,1.04789207419899,Oil_temperature,1.0607082630691422,TP3|H1|Reservoirs|Oil_temperature
SE_01828,2020-07-06 04:20:00,2020-07-06 04:40:00,20.0,2,1.0364249578414855,Oil_temperature,1.053962900505903,Oil_temperature
SE_01829,2020-07-06 04:55:00,2020-07-06 05:00:00,5.0,1,1.04789207419899,Oil_temperature,1.0556492411467138,Oil_temperature
SE_01830,2020-07-06 05:15:00,2020-07-06 05:20:00,5.0,1,1.0475548060708284,DV_pressure,1.6167538001268946,TP2|TP3|H1|DV_pressure|Reservoirs|Oil_temperature
SE_01831,2020-07-06 05:35:00,2020-07-06 05:40:00,5.0,1,1.0490725126475557,Oil_temperature,1.0623946037099503,Oil_temperature
SE_01832,2020-07-06 05:55:00,2020-07-06 06:15:00,20.0,2,1.0682967959527836,Oil_temperature,1.0893760539629018,TP3|H1|Reservoirs|Oil_temperature
SE_01833,2020-07-06 06:30:00,2020-07-06 06:35:00,5.0,1,1.0591905564924127,Oil_temperature,1.0809443507588545,TP3|H1|Reservoirs|Oil_temperature|Motor_current
SE_01834,2020-07-06 06:50:00,2020-07-06 06:55:00,5.0,1,1.0809443507588545,Oil_temperature,1.0961214165261401,TP3|H1|Reservoirs|Oil_temperature
SE_01835,2020-07-06 09:40:00,2020-07-06 09:45:00,5.0,1,1.108094435075887,TP3,1.1633728590250325,TP3|H1|Reservoirs|Oil_temperature
SE_01836,2020-07-06 15:30:00,2020-07-06 15:35:00,5.0,1,2.7733860342555983,TP3,3.0105401844532267,TP3|Reservoirs
SE_01837,2020-07-06 15:50:00,2020-07-07 02:40:00,650.0,75,1.4286677908937624,DV_pressure,508.5999999999238,TP2|TP3|H1|DV_pressure|Reservoirs|Oil_temperature|Motor_current
SE_01838,2020-07-07 02:55:00,2020-07-07 03:15:00,20.0,2,1.1625632377740318,DV_pressure,22.045269106403147,TP2|TP3|H1|DV_pressure|Reservoirs|Oil_temperature|Motor_current
SE_01839,2020-07-07 03:30:00,2020-07-07 03:50:00,20.0,2,1.1450252951096136,Oil_temperature,1.1669477234401366,TP3|H1|Reservoirs|Oil_temperature
SE_01840,2020-07-07 04:05:00,2020-07-07 04:45:00,40.0,4,1.1551433389544707,DV_pressure,93.3999999999861,TP2|TP3|H1|DV_pressure|Reservoirs|Oil_temperature|Motor_current
SE_01841,2020-07-07 05:00:00,2020-07-07 05:20:00,20.0,2,1.129848229342328,DV_pressure,1.6771931945241685,TP2|TP3|H1|DV_pressure|Reservoirs|Oil_temperature
SE_01842,2020-07-07 05:35:00,2020-07-07 05:55:00,20.0,2,1.1325463743676236,Oil_temperature,1.1551433389544707,TP3|H1|Reservoirs|Oil_temperature
SE_01843,2020-07-07 06:10:00,2020-07-07 06:50:00,40.0,4,1.1436762225969659,Oil_temperature,1.161888701517708,TP3|H1|Reservoirs|Oil_temperature|Motor_current
SE_01844,2020-07-07 07:05:00,2020-07-07 07:10:00,5.0,1,1.147048903878586,Oil_temperature,1.161888701517708,TP3|H1|Oil_temperature
SE_01845,2020-07-07 11:10:00,2020-07-07 11:20:00,10.0,2,2.054545454545454,TP3,2.4769433465085626,TP3|H1|Reservoirs
SE_01846,2020-07-07 11:55:00,2020-07-07 12:50:00,55.0,5,1.1146711635750444,DV_pressure,46.96140944667647,TP2|TP3|H1|DV_pressure|Reservoirs|Oil_temperature|Motor_current
SE_01847,2020-07-07 13:15:00,2020-07-07 14:15:00,60.0,6,1.1575042158516033,DV_pressure,32.79999999999501,TP3|H1|DV_pressure|Reservoirs|Oil_temperature|Motor_current
SE_01848,2020-07-07 14:45:00,2020-07-07 15:25:00,40.0,5,1.161888701517708,Oil_temperature,1.1703204047217552,TP3|H1|Reservoirs|Oil_temperature
SE_01849,2020-07-08 16:10:00,2020-07-09 01:00:00,530.0,65,5.192885375494069,DV_pressure,393.799999999941,TP2|TP3|H1|DV_pressure|Reservoirs|Oil_temperature|Motor_current
SE_01850,2020-07-09 01:25:00,2020-07-09 02:15:00,50.0,5,3.9288364249574403,DV_pressure,231.19999999996546,TP2|TP3|H1|DV_pressure|Reservoirs|Oil_temperature|Motor_current
SE_01851,2020-07-09 03:40:00,2020-07-09 03:45:00,5.0,1,0.9949409780775724,H1,1.0414593698175778,TP3|H1|Reservoirs|Oil_temperature
SE_01852,2020-07-09 04:25:00,2020-07-09 05:05:00,40.0,4,1.021922428330524,DV_pressure,4.109878819014159,TP2|TP3|H1|DV_pressure|Reservoirs|Oil_temperature
SE_01853,2020-07-09 05:45:00,2020-07-09 06:05:00,20.0,2,1.0644182124789219,DV_pressure,746.5999999998882,TP3|H1|DV_pressure|Reservoirs|Oil_temperature
SE_01854,2020-07-09 06:35:00,2020-07-09 07:10:00,35.0,4,1.0843170320404731,DV_pressure,49.46964431416305,TP2|TP3|H1|DV_pressure|Reservoirs|Oil_temperature|Motor_current
SE_01855,2020-07-09 07:40:00,2020-07-09 08:30:00,50.0,5,1.1295109612141676,DV_pressure,58.79999999999127,TP2|TP3|H1|DV_pressure|Reservoirs|Oil_temperature
SE_01856,2020-07-09 08:45:00,2020-07-09 09:55:00,70.0,8,1.21585160202361,DV_pressure,72.39999999998916,TP2|TP3|H1|DV_pressure|Reservoirs|Oil_temperature|Motor_current
SE_01857,2020-07-09 10:10:00,2020-07-09 10:45:00,35.0,4,1.1721753794266465,TP2,44.58063173953681,TP2|TP3|H1|DV_pressure|Reservoirs|Oil_temperature|Motor_current
SE_01858,2020-07-09 11:00:00,2020-07-09 18:40:00,460.0,44,1.2763912310286694,TP2,43.895842723899364,TP2|TP3|H1|DV_pressure|Reservoirs|Oil_temperature|Motor_current
SE_01859,2020-07-09 18:55:00,2020-07-09 19:45:00,50.0,5,1.178920741989884,DV_pressure,105.19999999998419,TP2|TP3|H1|DV_pressure|Reservoirs|Oil_temperature|Motor_current
SE_01860,2020-07-09 23:20:00,2020-07-09 23:25:00,5.0,1,3.26482213438735,TP3,3.4769433465085626,TP3|Reservoirs
SE_01861,2020-07-09 23:55:00,2020-07-10 00:20:00,25.0,3,1.0359190556492426,DV_pressure,1.7376325889214286,TP2|TP3|H1|DV_pressure|Reservoirs|Oil_temperature
SE_01862,2020-07-10 01:20:00,2020-07-10 20:00:00,1120.0,113,1.556323777402974,DV_pressure,613.5999999999082,TP2|TP3|H1|DV_pressure|Reservoirs|Oil_temperature|Motor_current
SE_01863,2020-07-10 23:45:00,2020-07-10 23:50:00,5.0,1,1.6810276679841887,TP3,1.959156785243741,TP2|TP3|H1|DV_pressure|Reservoirs|Motor_current
SE_01864,2020-07-11 00:20:00,2020-07-11 00:25:00,5.0,1,1.010286677908939,H1,1.0364842454394698,TP3|H1|Reservoirs|Oil_temperature
SE_01865,2020-07-11 06:15:00,2020-07-11 06:35:00,20.0,2,1.0657672849915694,DV_pressure,16.79999999999757,TP3|H1|DV_pressure|Reservoirs|Oil_temperature
SE_01866,2020-07-11 07:05:00,2020-07-11 09:15:00,130.0,12,1.148903878583475,DV_pressure,25.988939590824824,TP2|TP3|H1|DV_pressure|Reservoirs|Oil_temperature|Motor_current
SE_01867,2020-07-11 09:30:00,2020-07-11 19:30:00,600.0,67,1.324283305227658,DV_pressure,46.16058747091269,TP2|TP3|H1|DV_pressure|Reservoirs|Oil_temperature|Motor_current
SE_01868,2020-07-12 04:40:00,2020-07-12 04:45:00,5.0,1,2.837154150197627,TP3,3.026350461133068,TP3|Reservoirs
SE_01869,2020-07-12 05:15:00,2020-07-12 06:40:00,85.0,7,1.1308600337268138,DV_pressure,5.333776555558809,TP2|TP3|H1|DV_pressure|Reservoirs|Oil_temperature
SE_01870,2020-07-12 06:55:00,2020-07-12 09:05:00,130.0,12,1.3462730289196454,DV_pressure,187.79999999997193,TP2|TP3|H1|DV_pressure|Reservoirs|Oil_temperature|Motor_current
SE_01871,2020-07-12 09:20:00,2020-07-12 10:15:00,55.0,5,1.1637436762225988,DV_pressure,40.75126167235729,TP2|TP3|H1|DV_pressure|Reservoirs|Oil_temperature|Motor_current
SE_01872,2020-07-12 10:30:00,2020-07-12 10:35:00,5.0,1,1.0505902192242853,Oil_temperature,1.0623946037099503,TP3|H1|Reservoirs|Oil_temperature
SE_01873,2020-07-12 10:50:00,2020-07-12 11:30:00,40.0,4,1.197639123102868,TP2,45.75084081689195,TP2|TP3|H1|DV_pressure|Reservoirs|Oil_temperature|Motor_current
SE_01874,2020-07-12 11:45:00,2020-07-12 12:40:00,55.0,6,1.1671163575042176,Oil_temperature,1.21585160202361,TP3|H1|Reservoirs|Oil_temperature
SE_01875,2020-07-12 12:55:00,2020-07-12 19:55:00,420.0,53,1.3086003372681296,DV_pressure,53.79999999999195,TP2|TP3|H1|DV_pressure|Reservoirs|Oil_temperature|Motor_current
SE_01876,2020-07-13 01:50:00,2020-07-13 09:35:00,465.0,66,1.315345699831368,TP2,45.967546201587346,TP2|TP3|H1|DV_pressure|Reservoirs|Oil_temperature|Motor_current
SE_01877,2020-07-13 09:50:00,2020-07-13 10:20:00,30.0,4,1.1534569983136609,Oil_temperature,1.173693086003375,TP3|H1|Reservoirs|Oil_temperature
SE_01878,2020-07-13 10:35:00,2020-07-13 10:40:00,5.0,1,1.1753794266441837,Oil_temperature,1.1973018549747059,TP3|H1|Reservoirs|Oil_temperature
SE_01879,2020-07-13 10:55:00,2020-07-13 11:45:00,50.0,6,1.2335581787521093,Oil_temperature,1.2630691399662757,TP3|H1|Reservoirs|Oil_temperature
SE_01880,2020-07-13 12:00:00,2020-07-13 12:05:00,5.0,1,1.2096121416526164,Oil_temperature,1.2293423271500858,TP3|H1|Reservoirs|Oil_temperature
SE_01881,2020-07-13 12:20:00,2020-07-13 12:25:00,5.0,1,1.194603709949412,Oil_temperature,1.2091062394603735,TP3|H1|Reservoirs|Oil_temperature
SE_01882,2020-07-13 12:40:00,2020-07-13 12:50:00,10.0,2,1.1942664418212499,Oil_temperature,1.204047217537945,TP3|H1|Reservoirs|Oil_temperature
SE_01883,2020-07-13 14:45:00,2020-07-13 14:55:00,10.0,2,2.6791831357048737,TP3,2.927536231884056,TP3|H1|Reservoirs|Oil_temperature
SE_01884,2020-07-13 15:10:00,2020-07-13 15:15:00,5.0,1,1.1231028667790917,Oil_temperature,1.1467116357504243,TP3|H1|Reservoirs|Oil_temperature
SE_01885,2020-07-13 15:50:00,2020-07-13 16:00:00,10.0,2,1.2335581787521093,Oil_temperature,1.2495784148398,TP3|H1|Reservoirs|Oil_temperature
SE_01886,2020-07-13 16:15:00,2020-07-13 16:20:00,5.0,1,1.2006745362563265,Oil_temperature,1.2141652613828022,TP3|H1|Reservoirs|Oil_temperature
SE_01887,2020-07-13 16:35:00,2020-07-13 17:05:00,30.0,4,1.191568296795955,Oil_temperature,1.2141652613828022,TP3|H1|Reservoirs|Oil_temperature
SE_01888,2020-07-13 17:20:00,2020-07-13 17:25:00,5.0,1,1.1959527824620597,TP2,45.759509032279766,TP2|TP3|H1|DV_pressure|Reservoirs|Oil_temperature|Motor_current
SE_01889,2020-07-13 17:40:00,2020-07-13 18:10:00,30.0,4,1.1940978077571691,DV_pressure,51.82678069565647,TP2|TP3|H1|DV_pressure|Reservoirs|Oil_temperature|Motor_current
SE_01890,2020-07-13 18:25:00,2020-07-13 18:30:00,5.0,1,1.182967959527827,Oil_temperature,1.1973018549747059,TP3|H1|Reservoirs|Oil_temperature
SE_01891,2020-07-13 18:45:00,2020-07-13 19:15:00,30.0,4,1.170994940978079,Oil_temperature,1.2023608768971343,TP3|H1|Reservoirs|Oil_temperature
SE_01892,2020-07-13 19:30:00,2020-07-13 19:35:00,5.0,1,1.1677908937605415,Oil_temperature,1.1804384485666124,TP3|H1|Reservoirs|Oil_temperature
SE_01893,2020-07-13 19:50:00,2020-07-13 20:20:00,30.0,4,1.1760539629005076,DV_pressure,13.885950862772104,TP2|TP3|H1|DV_pressure|Reservoirs|Oil_temperature
SE_01894,2020-07-13 20:35:00,2020-07-13 20:40:00,5.0,1,1.141652613827995,Oil_temperature,1.1551433389544707,TP3|H1|Reservoirs|Oil_temperature
SE_01895,2020-07-13 20:55:00,2020-07-13 21:00:00,5.0,1,1.141652613827995,DV_pressure,43.00262911365548,TP2|TP3|H1|DV_pressure|Reservoirs|Oil_temperature|Motor_current
SE_01896,2020-07-13 21:15:00,2020-07-13 21:25:00,10.0,2,1.1293423271500866,Motor_current,3.90281388466512,TP3|H1|Reservoirs|Oil_temperature|Motor_current
SE_01897,2020-07-13 21:40:00,2020-07-13 21:45:00,5.0,1,1.1827993254637459,Oil_temperature,1.2023608768971343,TP3|H1|Reservoirs|Oil_temperature
SE_01898,2020-07-13 22:00:00,2020-07-13 22:05:00,5.0,1,1.1219224283305236,DV_pressure,7.79999999999876,TP3|H1|DV_pressure|Reservoirs|Oil_temperature
SE_01899,2020-07-13 22:20:00,2020-07-13 22:50:00,30.0,4,1.107925801011806,DV_pressure,6.814541718291862,TP2|TP3|H1|DV_pressure|Reservoirs|Oil_temperature
SE_01900,2020-07-13 23:05:00,2020-07-13 23:10:00,5.0,1,1.0615514333895468,Oil_temperature,1.0826306913996644,TP3|H1|Reservoirs|Oil_temperature
SE_01901,2020-07-13 23:25:00,2020-07-13 23:30:00,5.0,1,1.039797639123105,Oil_temperature,1.0607082630691422,TP3|H1|Reservoirs|Oil_temperature
SE_01902,2020-07-13 23:50:00,2020-07-13 23:55:00,5.0,1,1.042158516020238,Oil_temperature,1.0522765598650952,Oil_temperature
SE_01903,2020-07-14 00:10:00,2020-07-14 00:15:00,5.0,1,1.021922428330524,Oil_temperature,1.0438448566610459,TP3|H1|Reservoirs|Oil_temperature
SE_01904,2020-07-14 00:30:00,2020-07-14 00:35:00,5.0,1,1.009443507588534,DV_pressure,31.62491311836996,TP2|TP3|H1|DV_pressure|Reservoirs|Oil_temperature|Motor_current
SE_01905,2020-07-14 00:55:00,2020-07-14 01:20:00,25.0,3,3.909354000098158,DV_pressure,23.88867063551979,TP2|TP3|H1|DV_pressure|Reservoirs|Oil_temperature|Motor_current
SE_01906,2020-07-14 01:40:00,2020-07-14 01:45:00,5.0,1,1.0036987630705405,H1,1.0530679933665008,TP3|H1|Reservoirs|Oil_temperature
SE_01907,2020-07-14 02:00:00,2020-07-14 02:55:00,55.0,11,3.914259086672936,Motor_current,3.914259086672936,TP3|H1|Reservoirs|Motor_current
SE_01908,2020-07-14 21:45:00,2020-07-15 23:35:00,1550.0,279,1.944927536231883,DV_pressure,633.5999999999051,TP2|TP3|H1|DV_pressure|Reservoirs|Oil_temperature|Motor_current
SE_01909,2020-07-15 23:50:00,2020-07-16 02:50:00,180.0,19,1.2698145025295122,TP2,42.040844630906776,TP2|TP3|H1|DV_pressure|Reservoirs|Oil_temperature|Motor_current
SE_01910,2020-07-16 03:05:00,2020-07-16 03:10:00,5.0,1,1.075885328836426,Oil_temperature,1.0893760539629018,TP3|H1|Reservoirs|Oil_temperature
SE_01911,2020-07-16 03:30:00,2020-07-16 03:35:00,5.0,1,1.0536256323777426,Oil_temperature,1.075885328836426,Oil_temperature
SE_01912,2020-07-16 03:50:00,2020-07-16 03:55:00,5.0,1,1.0376053962900524,Oil_temperature,1.0573355817875216,TP3|H1|Reservoirs|Oil_temperature
SE_01913,2020-07-16 04:10:00,2020-07-16 04:20:00,10.0,2,1.0298482293423288,Oil_temperature,1.0472175379426665,TP3|H1|Reservoirs|Oil_temperature
SE_01914,2020-07-16 04:35:00,2020-07-16 04:40:00,5.0,1,1.011804384485668,Oil_temperature,1.032040472175381,H1|Oil_temperature
SE_01915,2020-07-16 04:55:00,2020-07-16 05:00:00,5.0,1,0.9972358069317457,TP2,45.75084081689195,TP2|TP3|H1|Reservoirs|Oil_temperature|Motor_current
SE_01916,2020-07-16 06:55:00,2020-07-16 07:15:00,20.0,2,1.1821247892074223,Oil_temperature,1.2023608768971343,TP3|H1|Reservoirs|Oil_temperature
SE_01917,2020-07-16 07:50:00,2020-07-16 08:25:00,35.0,4,1.173861720067456,DV_pressure,41.58230334531971,TP2|TP3|H1|DV_pressure|Reservoirs|Oil_temperature|Motor_current
SE_01918,2020-07-16 08:55:00,2020-07-16 09:35:00,40.0,4,1.2092748735244543,TP2,45.66415866301379,TP2|TP3|H1|DV_pressure|Reservoirs|Oil_temperature|Motor_current
SE_01919,2020-07-16 09:50:00,2020-07-16 10:45:00,55.0,6,1.223777403035415,DV_pressure,7.9931099090385604,TP2|TP3|H1|DV_pressure|Reservoirs|Oil_temperature
SE_01920,2020-07-16 11:00:00,2020-07-16 11:55:00,55.0,6,1.237942664418214,TP2,45.88086404770919,TP2|TP3|H1|Reservoirs|Oil_temperature|Motor_current
SE_01921,2020-07-16 12:10:00,2020-07-16 13:10:00,60.0,8,1.3099494097807771,Oil_temperature,1.3288364249578437,TP3|H1|Reservoirs|Oil_temperature
SE_01922,2020-07-16 13:25:00,2020-07-16 14:20:00,55.0,8,1.315345699831368,Motor_current,3.121270090417141,TP3|H1|Reservoirs|Oil_temperature|Motor_current
SE_01923,2020-07-16 14:35:00,2020-07-16 14:40:00,5.0,1,1.111467116357505,Oil_temperature,1.1247892074198995,TP3|H1|Reservoirs|Oil_temperature
SE_01924,2020-07-16 14:55:00,2020-07-16 15:00:00,5.0,1,1.2352445193929191,Oil_temperature,1.2495784148398,TP3|H1|Reservoirs|Oil_temperature
SE_01925,2020-07-16 15:15:00,2020-07-16 15:20:00,5.0,1,1.1603709949409802,Oil_temperature,1.1669477234401366,TP3|H1|Reservoirs|Oil_temperature
SE_01926,2020-07-16 15:40:00,2020-07-16 15:45:00,5.0,1,1.1922428330522772,DV_pressure,21.89417062040997,TP2|TP3|H1|DV_pressure|Reservoirs|Oil_temperature
SE_01927,2020-07-16 16:00:00,2020-07-16 17:20:00,80.0,12,1.3693086003372699,DV_pressure,4.684053065788199,TP2|TP3|H1|DV_pressure|Reservoirs|Oil_temperature
SE_01928,2020-07-16 17:35:00,2020-07-17 00:30:00,415.0,68,1.391399662731874,DV_pressure,427.7999999999359,TP2|TP3|H1|DV_pressure|Reservoirs|Oil_temperature|Motor_current
SE_01929,2020-07-17 04:40:00,2020-07-17 09:50:00,310.0,37,3.284584980237153,DV_pressure,687.599999999897,TP2|TP3|H1|DV_pressure|Reservoirs|Oil_temperature|Motor_current
SE_01930,2020-07-17 10:05:00,2020-07-17 12:05:00,120.0,12,1.2866779089376066,DV_pressure,33.39999999999495,TP3|H1|DV_pressure|Reservoirs|Oil_temperature|Motor_current
SE_01931,2020-07-17 12:20:00,2020-07-17 14:20:00,120.0,19,1.4782462057335595,DV_pressure,9.70052280076136,TP2|TP3|H1|DV_pressure|Reservoirs|Oil_temperature|Motor_current
SE_01932,2020-07-17 14:45:00,2020-07-17 18:20:00,215.0,33,1.4672849915682975,TP2,45.88086404770919,TP2|TP3|H1|DV_pressure|Reservoirs|Oil_temperature|Motor_current
SE_01933,2020-07-17 18:35:00,2020-07-18 00:20:00,345.0,46,1.4818467486249525,TP2,45.54280364758437,TP2|TP3|H1|DV_pressure|Reservoirs|Oil_temperature|Motor_current
SE_01934,2020-07-18 00:35:00,2020-07-18 00:40:00,5.0,1,1.1264755480607103,DV_pressure,21.984829712005876,TP2|TP3|H1|DV_pressure|Reservoirs|Oil_temperature
SE_01935,2020-07-18 00:55:00,2020-07-18 01:45:00,50.0,6,3.9109890289564175,DV_pressure,38.79999999999434,TP3|H1|DV_pressure|Reservoirs|Oil_temperature|Motor_current
SE_01936,2020-07-18 02:00:00,2020-07-18 02:05:00,5.0,1,1.0770657672849928,Oil_temperature,1.0944350758853303,TP3|H1|Reservoirs|Oil_temperature
SE_01937,2020-07-18 02:20:00,2020-07-18 02:25:00,5.0,1,1.0659359190556517,Oil_temperature,1.0792580101180456,TP3|H1|Reservoirs|Oil_temperature
SE_01938,2020-07-18 02:40:00,2020-07-18 02:45:00,5.0,1,1.0529510961214188,Oil_temperature,1.0674536256323788,TP3|H1|Reservoirs|Oil_temperature
SE_01939,2020-07-18 03:05:00,2020-07-18 03:10:00,5.0,1,1.020236087689715,Oil_temperature,1.0303541315345712,TP3|H1|Reservoirs|Oil_temperature
SE_01940,2020-07-18 03:30:00,2020-07-18 03:35:00,5.0,1,1.007588532883644,DV_pressure,10.399999999998531,DV_pressure|Oil_temperature
SE_01941,2020-07-18 03:55:00,2020-07-18 04:00:00,5.0,1,1.0134907251264766,DV_pressure,12.042549333655458,TP2|TP3|H1|DV_pressure|Reservoirs|Oil_temperature
SE_01942,2020-07-18 04:40:00,2020-07-18 04:45:00,5.0,1,1.007419898819563,TP2,45.49946257064529,TP2|TP3|H1|DV_pressure|Reservoirs|Oil_temperature|Motor_current
SE_01943,2020-07-18 05:00:00,2020-07-18 05:10:00,10.0,2,1.008937605396291,Oil_temperature,1.0185497470489053,TP3|H1|Reservoirs|Oil_temperature
SE_01944,2020-07-18 05:25:00,2020-07-18 05:30:00,5.0,1,1.0475548060708284,Oil_temperature,1.0590219224283315,TP3|H1|Reservoirs|Oil_temperature
SE_01945,2020-07-18 06:25:00,2020-07-18 06:30:00,5.0,1,1.1551433389544707,Oil_temperature,1.1821247892074223,TP3|H1|Reservoirs|Oil_temperature
SE_01946,2020-07-18 06:45:00,2020-07-18 07:10:00,25.0,3,1.0494097807757174,Oil_temperature,1.075885328836426,TP3|H1|Reservoirs|Oil_temperature
SE_01947,2020-07-18 07:35:00,2020-07-18 08:00:00,25.0,3,1.1956155143338978,DV_pressure,64.59999999999039,TP2|TP3|H1|DV_pressure|Reservoirs|Oil_temperature
SE_01948,2020-07-18 08:15:00,2020-07-18 08:25:00,10.0,2,1.0913996627318734,Oil_temperature,1.1011804384485686,TP3|H1|Reservoirs|Oil_temperature
SE_01949,2020-07-18 08:40:00,2020-07-18 09:20:00,40.0,4,1.2283305227656007,DV_pressure,6.79999999999911,TP2|TP3|H1|DV_pressure|Reservoirs|Oil_temperature
SE_01950,2020-07-18 09:35:00,2020-07-18 10:40:00,65.0,7,1.2141652613828022,DV_pressure,31.02051917439729,TP2|TP3|H1|DV_pressure|Reservoirs|Oil_temperature|Motor_current
SE_01951,2020-07-18 10:55:00,2020-07-18 11:35:00,40.0,5,1.2141652613828022,DV_pressure,16.79999999999757,TP3|H1|DV_pressure|Reservoirs|Oil_temperature
SE_01952,2020-07-18 11:50:00,2020-07-18 13:05:00,75.0,8,1.2883642495784164,Oil_temperature,1.3322091062394614,TP3|H1|Reservoirs|Oil_temperature
SE_01953,2020-07-18 13:20:00,2020-07-18 13:25:00,5.0,1,1.1686340640809465,Oil_temperature,1.1770657672849936,TP3|H1|Reservoirs|Oil_temperature
SE_01954,2020-07-18 13:40:00,2020-07-18 14:20:00,40.0,4,1.3207419898819583,TP2,45.87219583232137,TP2|TP3|H1|DV_pressure|Reservoirs|Oil_temperature|Motor_current
SE_01955,2020-07-18 14:35:00,2020-07-18 14:40:00,5.0,1,1.2242833052276574,Oil_temperature,1.2411467116357517,TP3|H1|Reservoirs|Oil_temperature
SE_01956,2020-07-18 14:55:00,2020-07-18 15:30:00,35.0,5,1.310623946037101,DV_pressure,98.39999999998543,TP2|TP3|H1|DV_pressure|Reservoirs|Oil_temperature|Motor_current
SE_01957,2020-07-18 15:45:00,2020-07-18 15:50:00,5.0,1,1.17284991568297,Oil_temperature,1.1804384485666124,TP3|H1|Reservoirs|Oil_temperature
SE_01958,2020-07-18 16:05:00,2020-07-18 16:40:00,35.0,5,1.2635750421585183,DV_pressure,41.00812909854567,TP2|TP3|H1|DV_pressure|Reservoirs|Oil_temperature|Motor_current
SE_01959,2020-07-18 16:55:00,2020-07-18 17:00:00,5.0,1,1.1797639123102883,Oil_temperature,1.204047217537945,TP3|H1|Reservoirs|Oil_temperature
SE_01960,2020-07-18 17:15:00,2020-07-18 17:50:00,35.0,4,1.205733558178753,Oil_temperature,1.2411467116357517,TP3|H1|Reservoirs|Oil_temperature
SE_01961,2020-07-18 18:10:00,2020-07-18 19:00:00,50.0,5,1.161888701517708,Oil_temperature,1.2310286677908957,TP3|H1|Reservoirs|Oil_temperature
SE_01962,2020-07-18 19:15:00,2020-07-18 19:20:00,5.0,1,1.1214165261382807,Oil_temperature,1.1281618887015201,TP3|H1|Reservoirs|Oil_temperature
SE_01963,2020-07-18 19:35:00,2020-07-18 19:45:00,10.0,2,1.0598650927487363,Oil_temperature,1.097807757166949,TP3|H1|Reservoirs|Oil_temperature
SE_01964,2020-07-18 20:00:00,2020-07-18 20:05:00,5.0,1,1.008937605396291,Oil_temperature,1.0269814502529524,TP3|H1|Oil_temperature
SE_01965,2020-07-18 20:25:00,2020-07-18 20:30:00,5.0,1,0.9954468802698153,Oil_temperature,1.0134907251264766,Oil_temperature
SE_01966,2020-07-19 00:50:00,2020-07-19 00:55:00,5.0,1,0.9932546374367646,Oil_temperature,1.0000000000000009,Oil_temperature
SE_01967,2020-07-19 05:00:00,2020-07-19 05:05:00,5.0,1,1.0292106612911496,Oil_temperature,1.1146711635750444,Oil_temperature
SE_01968,2020-07-19 06:00:00,2020-07-19 06:25:00,25.0,3,1.106576728499159,Oil_temperature,1.1146711635750444,TP3|H1|Reservoirs|Oil_temperature
SE_01969,2020-07-19 06:40:00,2020-07-19 07:20:00,40.0,4,1.1355817875210803,DV_pressure,7.826901574446089,TP2|TP3|H1|DV_pressure|Reservoirs|Oil_temperature
SE_01970,2020-07-19 07:35:00,2020-07-19 07:40:00,5.0,1,1.1146711635750444,Oil_temperature,1.1349072512647564,TP3|H1|Reservoirs|Oil_temperature
SE_01971,2020-07-19 07:55:00,2020-07-19 08:00:00,5.0,1,1.0775716694772357,Oil_temperature,1.0876897133220929,TP3|H1|Reservoirs|Oil_temperature
SE_01972,2020-07-19 08:15:00,2020-07-19 08:50:00,35.0,5,1.1573355817875224,Oil_temperature,1.1686340640809465,TP3|H1|Reservoirs|Oil_temperature
SE_01973,2020-07-19 09:05:00,2020-07-19 09:10:00,5.0,1,1.0944350758853303,Oil_temperature,1.1214165261382807,TP3|H1|Reservoirs|Oil_temperature
SE_01974,2020-07-19 09:25:00,2020-07-19 09:55:00,30.0,4,1.1890387858347404,DV_pressure,11.649693270073227,TP2|TP3|H1|DV_pressure|Reservoirs|Oil_temperature
SE_01975,2020-07-19 10:10:00,2020-07-19 10:15:00,5.0,1,1.0946037099494113,DV_pressure,35.961439666373884,TP2|TP3|H1|DV_pressure|Reservoirs|Oil_temperature|Motor_current
SE_01976,2020-07-19 10:45:00,2020-07-19 11:10:00,25.0,3,1.1854974704890409,Oil_temperature,1.1956155143338978,TP3|H1|Reservoirs|Oil_temperature
SE_01977,2020-07-19 11:25:00,2020-07-19 11:35:00,10.0,2,1.0372681281618905,Oil_temperature,1.074198988195617,TP3|H1|Reservoirs|Oil_temperature
SE_01978,2020-07-19 11:50:00,2020-07-19 12:10:00,20.0,2,1.1753794266441837,Oil_temperature,1.1770657672849936,TP3|H1|Reservoirs|Oil_temperature
SE_01979,2020-07-19 12:25:00,2020-07-19 12:30:00,5.0,1,1.007419898819563,H1,1.0364842454394698,TP3|H1|Reservoirs|Oil_temperature
SE_01980,2020-07-19 12:45:00,2020-07-19 12:50:00,5.0,1,1.0269814502529524,H1,1.0480928689883913,TP3|H1|Reservoirs|Oil_temperature
SE_01981,2020-07-19 13:05:00,2020-07-19 13:30:00,25.0,3,1.193254637436763,Oil_temperature,1.2276559865092769,TP3|H1|Reservoirs|Oil_temperature
SE_01982,2020-07-19 13:45:00,2020-07-19 13:50:00,5.0,1,1.109612141652616,DV_pressure,1.19999999999986,TP3|H1|DV_pressure|Reservoirs|Oil_temperature
SE_01983,2020-07-19 14:05:00,2020-07-19 14:25:00,20.0,2,1.074367622259698,Oil_temperature,1.0843170320404731,TP3|H1|Reservoirs|Oil_temperature
SE_01984,2020-07-19 14:40:00,2020-07-19 14:45:00,5.0,1,1.0286677908937623,Oil_temperature,1.042158516020238,Oil_temperature
SE_01985,2020-07-19 15:00:00,2020-07-19 15:05:00,5.0,1,1.0271025423752524,Motor_current,1.5271169536142535,TP3|H1|Reservoirs|Oil_temperature|Motor_current
SE_01986,2020-07-19 15:20:00,2020-07-19 15:40:00,20.0,2,1.1821247892074223,Oil_temperature,1.1939291736930882,TP3|H1|Reservoirs|Oil_temperature
SE_01987,2020-07-19 15:55:00,2020-07-19 16:00:00,5.0,1,1.0119730185497489,H1,1.0298507462686564,TP3|H1|Reservoirs|Oil_temperature
SE_01988,2020-07-19 16:15:00,2020-07-19 16:20:00,5.0,1,1.0885328836424977,Oil_temperature,1.106239460370997,TP3|H1|Reservoirs|Oil_temperature
SE_01989,2020-07-19 16:35:00,2020-07-19 16:55:00,20.0,3,1.1551433389544707,Oil_temperature,1.1821247892074223,TP3|H1|Reservoirs|Oil_temperature
SE_01990,2020-07-19 17:10:00,2020-07-19 17:15:00,5.0,1,1.1266441821247912,DV_pressure,25.475204738448042,TP2|TP3|H1|DV_pressure|Reservoirs|Oil_temperature|Motor_current
SE_01991,2020-07-19 17:30:00,2020-07-19 18:10:00,40.0,4,1.1967959527824643,Oil_temperature,1.2107925801011816,TP3|H1|DV_pressure|Reservoirs|Oil_temperature
SE_01992,2020-07-19 18:25:00,2020-07-19 18:30:00,5.0,1,1.1166947723440153,Oil_temperature,1.1214165261382807,TP3|H1|Oil_temperature
SE_01993,2020-07-19 18:45:00,2020-07-19 19:20:00,35.0,4,1.1770657672849936,Oil_temperature,1.2074198988195628,TP3|H1|Reservoirs|Oil_temperature|Motor_current
SE_01994,2020-07-20 05:45:00,2020-07-20 06:15:00,30.0,4,1.1045531197301872,TP2,36.06844422870167,TP2|H1|DV_pressure|Oil_temperature|Motor_current
SE_01995,2020-07-20 06:30:00,2020-07-20 06:35:00,5.0,1,1.0084317032040482,DV_pressure,15.599999999997712,TP3|H1|DV_pressure|Reservoirs|Oil_temperature
SE_01996,2020-07-20 06:55:00,2020-07-20 07:00:00,5.0,1,1.0138279932546386,H1,1.0348258706467661,TP3|H1|Reservoirs|Oil_temperature
SE_01997,2020-07-20 07:15:00,2020-07-20 07:20:00,5.0,1,1.0158516020236104,H1,1.0265339966832505,TP3|H1|Reservoirs|Oil_temperature
SE_01998,2020-07-20 08:00:00,2020-07-20 08:05:00,5.0,1,1.0185497470489053,H1,1.0480928689883913,TP3|H1|Reservoirs|Oil_temperature
SE_01999,2020-07-20 08:20:00,2020-07-20 08:30:00,10.0,2,1.0522765598650952,DV_pressure,31.307606297784318,TP2|TP3|DV_pressure|Reservoirs|Oil_temperature|Motor_current
SE_02000,2020-07-20 08:45:00,2020-07-20 08:50:00,5.0,1,1.007588532883644,Oil_temperature,1.0252951096121437,Oil_temperature
SE_02001,2020-07-20 09:30:00,2020-07-20 09:35:00,5.0,1,1.001854974704892,H1,1.0447761194029854,TP3|H1|Reservoirs|Oil_temperature
SE_02002,2020-07-20 09:50:00,2020-07-20 09:55:00,5.0,1,1.0794266441821265,Oil_temperature,1.0826306913996644,TP3|H1|Reservoirs|Oil_temperature
SE_02003,2020-07-20 10:10:00,2020-07-20 10:15:00,5.0,1,1.0994940978077588,Oil_temperature,1.107925801011806,TP3|H1|Reservoirs|Oil_temperature
SE_02004,2020-07-20 10:30:00,2020-07-20 11:55:00,85.0,9,1.151770657672851,Motor_current,1.2458919899936418,TP3|H1|Reservoirs|Oil_temperature|Motor_current
SE_02005,2020-07-20 12:15:00,2020-07-20 12:20:00,5.0,1,1.107925801011806,Oil_temperature,1.109612141652616,TP3|H1|Reservoirs|Oil_temperature
SE_02006,2020-07-20 12:35:00,2020-07-20 12:45:00,10.0,2,1.0792580101180456,DV_pressure,12.148318273850673,TP2|TP3|H1|DV_pressure|Reservoirs|Oil_temperature
SE_02007,2020-07-20 13:00:00,2020-07-20 13:05:00,5.0,1,1.0674536256323788,Oil_temperature,1.0691399662731886,TP3|H1|Reservoirs|Oil_temperature
SE_02008,2020-07-20 13:20:00,2020-07-20 13:30:00,10.0,2,1.096458684654302,Oil_temperature,1.106239460370997,TP3|H1|Reservoirs|Oil_temperature
SE_02009,2020-07-20 13:45:00,2020-07-20 13:50:00,5.0,1,1.1281618887015201,Oil_temperature,1.129848229342328,TP3|H1|Reservoirs|Oil_temperature
SE_02010,2020-07-20 14:05:00,2020-07-20 14:15:00,10.0,2,1.1467116357504243,Oil_temperature,1.1551433389544707,TP3|H1|Reservoirs|Oil_temperature
SE_02011,2020-07-20 14:30:00,2020-07-20 14:35:00,5.0,1,1.1585160202360893,Oil_temperature,1.161888701517708,TP3|H1|Reservoirs|Oil_temperature
SE_02012,2020-07-20 14:50:00,2020-07-20 15:00:00,10.0,2,1.1774030354131555,Oil_temperature,1.1821247892074223,TP3|H1|Reservoirs|Oil_temperature
SE_02013,2020-07-20 15:15:00,2020-07-20 15:20:00,5.0,1,1.1871838111298507,Oil_temperature,1.1939291736930882,TP3|H1|Reservoirs|Oil_temperature
SE_02014,2020-07-20 15:35:00,2020-07-20 15:45:00,10.0,2,1.2006745362563265,Oil_temperature,1.2023608768971343,TP3|H1|Reservoirs|Oil_temperature
SE_02015,2020-07-20 16:00:00,2020-07-20 16:05:00,5.0,1,1.2141652613828022,Oil_temperature,1.2141652613828022,TP3|H1|Reservoirs|Oil_temperature
SE_02016,2020-07-20 16:20:00,2020-07-20 16:30:00,10.0,2,1.2141652613828022,DV_pressure,5.99999999999914,TP3|H1|DV_pressure|Reservoirs|Oil_temperature
SE_02017,2020-07-20 16:45:00,2020-07-20 16:50:00,5.0,1,1.2080944350758867,DV_pressure,42.26224653228896,TP2|TP3|H1|DV_pressure|Reservoirs|Oil_temperature|Motor_current
SE_02018,2020-07-20 17:05:00,2020-07-20 17:15:00,10.0,2,1.1922428330522772,Oil_temperature,1.1989881956155166,TP3|H1|Reservoirs|Oil_temperature
SE_02019,2020-07-20 17:30:00,2020-07-20 17:35:00,5.0,1,1.1790893760539645,DV_pressure,29.615303254660848,TP2|TP3|H1|DV_pressure|Reservoirs|Oil_temperature|Motor_current
SE_02020,2020-07-20 17:50:00,2020-07-20 18:00:00,10.0,2,1.173693086003375,Oil_temperature,1.1753794266441837,TP3|H1|Reservoirs|Oil_temperature
SE_02021,2020-07-20 18:15:00,2020-07-20 18:20:00,5.0,1,1.151770657672851,Oil_temperature,1.1534569983136609,TP3|H1|Reservoirs|Oil_temperature
SE_02022,2020-07-20 18:35:00,2020-07-20 18:45:00,10.0,2,1.151770657672851,DV_pressure,4.7142727629868295,TP2|TP3|H1|DV_pressure|Reservoirs|Oil_temperature
SE_02023,2020-07-20 19:00:00,2020-07-20 19:05:00,5.0,1,1.1284991568296818,DV_pressure,6.935420507086396,TP2|TP3|H1|DV_pressure|Reservoirs|Oil_temperature
SE_02024,2020-07-20 19:20:00,2020-07-20 19:30:00,10.0,2,1.1032040472175395,Oil_temperature,1.109612141652616,TP3|H1|Reservoirs|Oil_temperature|Motor_current
SE_02025,2020-07-20 19:45:00,2020-07-20 19:50:00,5.0,1,1.0792580101180456,Oil_temperature,1.1011804384485686,TP3|H1|Reservoirs|Oil_temperature
SE_02026,2020-07-20 20:10:00,2020-07-20 20:15:00,5.0,1,1.065767284991571,Oil_temperature,1.0809443507588545,TP3|H1|Reservoirs|Oil_temperature
SE_02027,2020-07-20 20:30:00,2020-07-20 20:35:00,5.0,1,1.0423271500843188,Oil_temperature,1.0472175379426665,TP3|H1|Reservoirs|Oil_temperature
SE_02028,2020-07-20 20:55:00,2020-07-20 21:00:00,5.0,1,1.0086003372681291,DV_pressure,5.28844700976087,TP2|TP3|H1|DV_pressure|Reservoirs|Oil_temperature
SE_02029,2020-07-20 21:15:00,2020-07-20 21:20:00,5.0,1,1.001854974704892,H1,1.0364842454394698,TP3|H1|Reservoirs|Oil_temperature
SE_02030,2020-07-20 21:40:00,2020-07-20 21:45:00,5.0,1,0.9966273187183823,DV_pressure,29.35843582847245,TP2|TP3|DV_pressure|Reservoirs|Oil_temperature|Motor_current
SE_02031,2020-07-20 22:25:00,2020-07-20 22:30:00,5.0,1,1.001854974704892,Oil_temperature,1.0050590219224296,Oil_temperature
SE_02032,2020-07-20 23:10:00,2020-07-20 23:15:00,5.0,1,0.9934232715008453,Oil_temperature,1.0000000000000009,Oil_temperature
SE_02033,2020-07-20 23:30:00,2020-07-20 23:35:00,5.0,1,0.9932546374367646,H1,1.0298507462686564,TP3|H1|Reservoirs|Oil_temperature
SE_02034,2020-07-20 23:50:00,2020-07-20 23:55:00,5.0,1,1.0000000000000009,H1,1.0281923714759527,TP3|H1|Reservoirs|Oil_temperature
SE_02035,2020-07-21 00:15:00,2020-07-21 00:20:00,5.0,1,0.998313659359193,Oil_temperature,1.0067453625632392,Oil_temperature
SE_02036,2020-07-21 00:55:00,2020-07-21 01:05:00,10.0,2,1.0000000000000009,TP2,45.75084081689195,TP2|TP3|H1|Reservoirs|Oil_temperature|Motor_current
SE_02037,2020-07-21 01:40:00,2020-07-21 01:45:00,5.0,1,0.9951096121416534,Oil_temperature,1.0000000000000009,Oil_temperature
SE_02038,2020-07-21 02:05:00,2020-07-21 02:10:00,5.0,1,0.9934232715008453,Oil_temperature,0.9966273187183823,
SE_02039,2020-07-21 02:25:00,2020-07-21 02:30:00,5.0,1,0.9937605396290075,H1,1.0132669983416251,TP3|H1|Reservoirs|Oil_temperature
SE_02040,2020-07-21 05:20:00,2020-07-21 05:30:00,10.0,2,1.0627318718381125,DV_pressure,38.620773019853615,TP2|DV_pressure|Oil_temperature|Motor_current
SE_02041,2020-07-21 05:50:00,2020-07-21 06:15:00,25.0,3,1.1603709949409802,DV_pressure,545.5999999999184,DV_pressure|Oil_temperature
SE_02042,2020-07-21 06:30:00,2020-07-21 06:35:00,5.0,1,1.0561551433389567,DV_pressure,32.09331842494879,TP2|TP3|H1|DV_pressure|Reservoirs|Oil_temperature|Motor_current
SE_02043,2020-07-21 07:00:00,2020-07-21 07:45:00,45.0,5,1.0522765598650952,DV_pressure,8.491734912816021,TP2|TP3|H1|DV_pressure|Reservoirs|Oil_temperature
SE_02044,2020-07-21 08:00:00,2020-07-21 08:20:00,20.0,3,1.1483979763912322,DV_pressure,8.023329606237205,TP2|TP3|H1|DV_pressure|Reservoirs|Oil_temperature
SE_02045,2020-07-21 08:50:00,2020-07-21 08:55:00,5.0,1,1.0067453625632392,Oil_temperature,1.0168634064080964,TP3|H1|Reservoirs|Oil_temperature
SE_02046,2020-07-21 09:10:00,2020-07-21 09:30:00,20.0,2,1.1214165261382807,DV_pressure,5.756852316339685,TP2|TP3|H1|DV_pressure|Reservoirs|Oil_temperature
SE_02047,2020-07-21 09:50:00,2020-07-21 10:00:00,10.0,2,6.509322776585724,DV_pressure,81.99999999998772,TP2|TP3|H1|DV_pressure|Reservoirs|Oil_temperature|Motor_current
SE_02048,2020-07-21 10:15:00,2020-07-21 10:35:00,20.0,2,1.1625632377740318,DV_pressure,44.81581094557349,TP2|TP3|H1|DV_pressure|Reservoirs|Oil_temperature|Motor_current
SE_02049,2020-07-21 10:50:00,2020-07-21 11:50:00,60.0,7,1.255986509274874,DV_pressure,33.74029192227432,TP2|TP3|H1|DV_pressure|Reservoirs|Oil_temperature|Motor_current
SE_02050,2020-07-21 12:10:00,2020-07-21 12:15:00,5.0,1,1.1333895446880293,Oil_temperature,1.1399662731871851,TP3|H1|Reservoirs|Oil_temperature
SE_02051,2020-07-21 12:30:00,2020-07-21 12:55:00,25.0,4,1.1989881956155166,DV_pressure,47.596023087847776,TP2|TP3|H1|DV_pressure|Reservoirs|Oil_temperature|Motor_current
SE_02052,2020-07-21 13:10:00,2020-07-21 13:20:00,10.0,2,1.1753794266441837,Oil_temperature,1.2023608768971343,TP3|H1|Reservoirs|Oil_temperature
SE_02053,2020-07-21 13:35:00,2020-07-21 13:40:00,5.0,1,1.1214165261382807,DV_pressure,2.493125018887277,TP2|TP3|H1|DV_pressure|Reservoirs|Oil_temperature
SE_02054,2020-07-21 22:15:00,2020-07-21 22:20:00,5.0,1,1.0153456998313675,H1,1.0464344941956876,TP3|H1|Reservoirs|Oil_temperature
SE_02055,2020-07-21 23:00:00,2020-07-21 23:05:00,5.0,1,1.0016863406408107,TP2,45.733504386116316,TP2|TP3|H1|DV_pressure|Reservoirs|Oil_temperature|Motor_current
SE_02056,2020-07-21 23:25:00,2020-07-21 23:30:00,5.0,1,1.0016863406408107,Oil_temperature,1.0084317032040482,Oil_temperature
SE_02057,2020-07-21 23:45:00,2020-07-21 23:50:00,5.0,1,0.9953537539956206,H1,1.0331674958540624,TP3|H1|Reservoirs|Oil_temperature
SE_02058,2020-07-22 00:35:00,2020-07-22 00:40:00,5.0,1,0.9971332209106252,Oil_temperature,1.0067453625632392,Oil_temperature
SE_02059,2020-07-22 01:20:00,2020-07-22 01:25:00,5.0,1,0.9985074626865668,Oil_temperature,1.0050590219224296,Oil_temperature
SE_02060,2020-07-22 02:05:00,2020-07-22 02:10:00,5.0,1,0.9949409780775724,H1,1.0165837479270312,TP3|H1|Reservoirs|Oil_temperature
SE_02061,2020-07-22 02:50:00,2020-07-22 02:55:00,5.0,1,0.9949409780775724,H1,1.0281923714759527,TP3|H1|Reservoirs
SE_02062,2020-07-22 04:00:00,2020-07-22 04:05:00,5.0,1,1.0001686340640819,DV_pressure,40.207307122781884,TP2|TP3|DV_pressure|Reservoirs|Oil_temperature|Motor_current
SE_02063,2020-07-22 04:40:00,2020-07-22 04:45:00,5.0,1,1.0293423271500861,Oil_temperature,1.0438448566610459,TP3|H1|Reservoirs|Oil_temperature
SE_02064,2020-07-22 05:00:00,2020-07-22 05:05:00,5.0,1,0.9932658237760068,H1,1.0398009950248757,TP3|H1|Reservoirs|Oil_temperature
SE_02065,2020-07-22 05:35:00,2020-07-22 05:40:00,5.0,1,1.0279932546374384,Oil_temperature,1.0893760539629018,TP3|H1|Reservoirs|Oil_temperature
SE_02066,2020-07-22 06:10:00,2020-07-22 06:15:00,5.0,1,1.0691399662731886,TP2,41.11334558441048,TP2|TP3|H1|DV_pressure|Reservoirs|Oil_temperature|Motor_current
SE_02067,2020-07-22 06:30:00,2020-07-22 06:45:00,15.0,2,1.146037099494099,Oil_temperature,1.204047217537945,TP3|H1|Reservoirs|Oil_temperature
SE_02068,2020-07-22 13:10:00,2020-07-22 13:30:00,20.0,3,1.1669477234401366,Oil_temperature,1.173693086003375,TP3|H1|Reservoirs|Oil_temperature
SE_02069,2020-07-22 13:45:00,2020-07-22 13:50:00,5.0,1,1.0961214165261401,DV_pressure,27.258166873167426,TP2|TP3|H1|DV_pressure|Reservoirs|Oil_temperature|Motor_current
SE_02070,2020-07-22 14:05:00,2020-07-22 14:10:00,5.0,1,1.111635750421586,Oil_temperature,1.1214165261382807,TP3|H1|Reservoirs|Oil_temperature
SE_02071,2020-07-22 14:25:00,2020-07-22 14:50:00,25.0,3,1.2332209106239473,DV_pressure,1.2541174337432925,TP3|H1|DV_pressure|Reservoirs|Oil_temperature
SE_02072,2020-07-22 15:05:00,2020-07-22 15:15:00,10.0,2,1.1284991568296818,Oil_temperature,1.141652613827995,TP3|H1|Reservoirs|Oil_temperature
SE_02073,2020-07-22 15:30:00,2020-07-22 15:50:00,20.0,3,1.2413153456998327,Oil_temperature,1.2462057335581802,TP3|H1|Reservoirs|Oil_temperature
SE_02074,2020-07-22 16:05:00,2020-07-22 16:10:00,5.0,1,1.0681281618887026,DV_pressure,4.563174276993665,TP2|TP3|H1|DV_pressure|Reservoirs|Oil_temperature
SE_02075,2020-07-22 16:25:00,2020-07-22 17:00:00,35.0,5,1.2259696458684668,DV_pressure,5.394215949956083,TP2|TP3|H1|DV_pressure|Reservoirs|Oil_temperature
SE_02076,2020-07-22 17:15:00,2020-07-22 18:25:00,70.0,7,1.2293423271500858,DV_pressure,13.296666767398753,TP2|TP3|H1|DV_pressure|Reservoirs|Oil_temperature
SE_02077,2020-07-22 18:40:00,2020-07-22 18:45:00,5.0,1,1.0337268128161907,Oil_temperature,1.0489038785834746,TP3|H1|Reservoirs|Oil_temperature
SE_02078,2020-07-22 19:05:00,2020-07-22 19:10:00,5.0,1,1.0168634064080964,Oil_temperature,1.020236087689715,Oil_temperature
SE_02079,2020-07-22 19:25:00,2020-07-22 19:45:00,20.0,2,1.0556492411467138,Oil_temperature,1.0961214165261401,TP3|H1|Reservoirs|Oil_temperature
SE_02080,2020-07-22 20:05:00,2020-07-22 20:10:00,5.0,1,1.0465430016863426,DV_pressure,28.149647940527114,TP2|TP3|H1|DV_pressure|Reservoirs|Oil_temperature|Motor_current
SE_02081,2020-07-22 20:25:00,2020-07-22 20:30:00,5.0,1,1.020404721753796,Oil_temperature,1.0354131534569997,TP3|H1|Reservoirs|Oil_temperature
SE_02082,2020-07-22 20:45:00,2020-07-22 20:50:00,5.0,1,1.0070826306914011,H1,1.0414593698175778,TP3|H1|Reservoirs|Oil_temperature
SE_02083,2020-07-22 21:05:00,2020-07-22 21:10:00,5.0,1,1.0153456998313675,Oil_temperature,1.0269814502529524,TP3|H1|Reservoirs|Oil_temperature
SE_02084,2020-07-22 21:25:00,2020-07-22 21:30:00,5.0,1,1.001854974704892,H1,1.0116086235489214,TP3|H1|Reservoirs|Oil_temperature
SE_02085,2020-07-22 21:45:00,2020-07-22 21:50:00,5.0,1,1.0020236087689727,H1,1.0447761194029854,TP3|H1|Reservoirs|Oil_temperature
SE_02086,2020-07-22 22:05:00,2020-07-22 22:10:00,5.0,1,1.0069139966273202,H1,1.0480928689883913,TP3|H1|Reservoirs|Oil_temperature
SE_02087,2020-07-22 22:25:00,2020-07-22 22:30:00,5.0,1,1.001854974704892,DV_pressure,35.19083738780873,TP2|TP3|DV_pressure|Reservoirs|Oil_temperature|Motor_current
SE_02088,2020-07-23 00:10:00,2020-07-23 00:15:00,5.0,1,0.9949409780775724,Oil_temperature,1.0016863406408107,Oil_temperature
SE_02089,2020-07-23 04:15:00,2020-07-23 04:20:00,5.0,1,1.0016863406408107,Oil_temperature,1.0033726812816215,Oil_temperature
SE_02090,2020-07-23 04:45:00,2020-07-23 04:55:00,10.0,2,1.0337268128161907,DV_pressure,531.5999999999204,DV_pressure|Oil_temperature
SE_02091,2020-07-23 06:45:00,2020-07-23 06:55:00,10.0,2,1.1527824620573373,Oil_temperature,1.1989881956155166,TP3|H1|Reservoirs|Oil_temperature
SE_02092,2020-07-23 07:55:00,2020-07-23 08:20:00,25.0,3,1.0893760539629018,Oil_temperature,1.0944350758853303,TP3|H1|Reservoirs|Oil_temperature
SE_02093,2020-07-23 08:35:00,2020-07-23 08:40:00,5.0,1,1.0930860033726832,Oil_temperature,1.106239460370997,TP3|H1|Reservoirs|Oil_temperature
SE_02094,2020-07-23 08:55:00,2020-07-23 09:00:00,5.0,1,1.129848229342328,Oil_temperature,1.1365935919055674,TP3|H1|Reservoirs|Oil_temperature
SE_02095,2020-07-23 09:15:00,2020-07-23 09:45:00,30.0,4,1.1101180438448588,DV_pressure,415.5999999999378,TP3|H1|DV_pressure|Reservoirs|Oil_temperature|Motor_current
SE_02096,2020-07-23 10:00:00,2020-07-23 10:35:00,35.0,4,1.1097807757166966,TP2,45.300093616725526,TP2|TP3|H1|DV_pressure|Reservoirs|Oil_temperature|Motor_current
SE_02097,2020-07-23 10:50:00,2020-07-23 10:55:00,5.0,1,1.1013490725126496,Oil_temperature,1.1112984822934238,Oil_temperature
SE_02098,2020-07-23 11:10:00,2020-07-23 11:15:00,5.0,1,1.108094435075887,Oil_temperature,1.1214165261382807,TP3|H1|Reservoirs|Oil_temperature
SE_02099,2020-07-23 11:30:00,2020-07-23 11:50:00,20.0,2,1.145362563237775,Oil_temperature,1.2293423271500858,TP3|H1|Reservoirs|Oil_temperature
SE_02100,2020-07-23 12:05:00,2020-07-23 12:25:00,20.0,2,1.1981450252951107,Oil_temperature,1.2209106239460386,TP3|H1|Reservoirs|Oil_temperature
SE_02101,2020-07-23 12:40:00,2020-07-23 12:45:00,5.0,1,1.0629005059021932,Oil_temperature,1.0775716694772357,TP3|H1|Reservoirs|Oil_temperature
SE_02102,2020-07-23 13:00:00,2020-07-23 13:05:00,5.0,1,1.1558178752107944,Oil_temperature,1.1753794266441837,TP3|H1|Reservoirs|Oil_temperature
SE_02103,2020-07-23 13:20:00,2020-07-23 13:55:00,35.0,4,1.1247892074198995,DV_pressure,3.5810341180380707,TP2|TP3|H1|DV_pressure|Reservoirs|Oil_temperature
SE_02104,2020-07-23 14:10:00,2020-07-23 14:15:00,5.0,1,1.1264755480607103,Oil_temperature,1.1382799325463753,TP3|H1|Reservoirs|Oil_temperature
SE_02105,2020-07-23 14:30:00,2020-07-23 15:25:00,55.0,7,1.183811129848231,Oil_temperature,1.1939291736930882,TP3|H1|Reservoirs|Oil_temperature
SE_02106,2020-07-23 15:40:00,2020-07-23 16:05:00,25.0,3,1.1483979763912322,DV_pressure,22.694992596173773,TP2|TP3|H1|DV_pressure|Reservoirs|Oil_temperature|Motor_current
SE_02107,2020-07-23 16:20:00,2020-07-23 16:25:00,5.0,1,1.0994940978077588,Oil_temperature,1.1214165261382807,TP3|H1|Reservoirs|Oil_temperature
SE_02108,2020-07-23 16:40:00,2020-07-23 16:45:00,5.0,1,1.161888701517708,DV_pressure,26.925750203982457,TP2|TP3|H1|DV_pressure|Reservoirs|Oil_temperature|Motor_current
SE_02109,2020-07-23 17:00:00,2020-07-23 19:00:00,120.0,11,1.1978077571669488,DV_pressure,41.20455713033679,TP2|TP3|H1|DV_pressure|Reservoirs|Oil_temperature|Motor_current
SE_02110,2020-07-23 19:15:00,2020-07-23 19:35:00,20.0,2,1.0387858347386194,DV_pressure,18.630443322957564,TP2|TP3|H1|DV_pressure|Reservoirs|Oil_temperature
SE_02111,2020-07-24 01:05:00,2020-07-24 01:10:00,5.0,1,1.4085638998682466,DV_pressure,48.35151551781361,TP2|TP3|H1|DV_pressure|Reservoirs|Motor_current
SE_02112,2020-07-24 06:30:00,2020-07-24 06:35:00,5.0,1,0.9956155143338963,H1,1.0099502487562193,TP3|H1|Reservoirs|Oil_temperature
SE_02113,2020-07-24 06:55:00,2020-07-24 07:00:00,5.0,1,1.010118043844858,H1,1.0331674958540624,TP3|H1|Reservoirs|Oil_temperature
SE_02114,2020-07-24 07:20:00,2020-07-24 07:25:00,5.0,1,1.0256323777403056,DV_pressure,27.877670665739416,TP2|TP3|H1|DV_pressure|Reservoirs|Oil_temperature|Motor_current
SE_02115,2020-07-24 07:40:00,2020-07-24 07:45:00,5.0,1,1.076391231028669,Oil_temperature,1.0927487352445213,TP3|H1|Reservoirs|Oil_temperature
SE_02116,2020-07-24 08:00:00,2020-07-24 08:05:00,5.0,1,0.9934232715008453,Oil_temperature,1.0033726812816215,Oil_temperature
SE_02117,2020-07-24 08:50:00,2020-07-24 09:15:00,25.0,3,1.074198988195617,Oil_temperature,1.129848229342328,TP3|H1|Reservoirs|Oil_temperature
SE_02118,2020-07-24 09:30:00,2020-07-24 09:35:00,5.0,1,1.0893760539629018,DV_pressure,5.016469734973172,TP2|TP3|H1|DV_pressure|Reservoirs|Oil_temperature
SE_02119,2020-07-24 09:55:00,2020-07-24 10:50:00,55.0,6,1.1129848229342345,DV_pressure,10.501344776525148,TP2|TP3|H1|DV_pressure|Reservoirs|Oil_temperature|Motor_current
SE_02120,2020-07-24 11:05:00,2020-07-24 11:10:00,5.0,1,1.1355817875210803,DV_pressure,27.424375207759912,TP2|TP3|H1|DV_pressure|Reservoirs|Oil_temperature|Motor_current
SE_02121,2020-07-24 11:25:00,2020-07-24 11:45:00,20.0,2,1.0876897133220929,Oil_temperature,1.0961214165261401,TP3|H1|Reservoirs|Oil_temperature
SE_02122,2020-07-24 12:00:00,2020-07-24 12:55:00,55.0,7,1.2495784148398,Oil_temperature,1.2563237774030374,TP3|H1|Reservoirs|Oil_temperature
SE_02123,2020-07-24 13:10:00,2020-07-24 14:05:00,55.0,6,1.1844856661045549,DV_pressure,41.249886676134736,TP2|TP3|H1|DV_pressure|Reservoirs|Oil_temperature|Motor_current
SE_02124,2020-07-24 14:20:00,2020-07-24 14:55:00,35.0,4,1.141821247892076,DV_pressure,30.64277295941438,TP2|TP3|H1|DV_pressure|Reservoirs|Oil_temperature|Motor_current
SE_02125,2020-07-24 15:10:00,2020-07-24 17:30:00,140.0,15,1.1804384485666124,DV_pressure,53.399999999992055,TP2|TP3|H1|DV_pressure|Reservoirs|Oil_temperature|Motor_current
SE_02126,2020-07-24 17:45:00,2020-07-24 18:30:00,45.0,5,1.1161888701517728,Oil_temperature,1.183811129848231,TP3|H1|Reservoirs|Oil_temperature
SE_02127,2020-07-24 18:45:00,2020-07-24 19:20:00,35.0,3,1.1101180438448588,DV_pressure,34.9037502644217,TP2|TP3|H1|DV_pressure|Reservoirs|Oil_temperature|Motor_current
SE_02128,2020-07-24 19:35:00,2020-07-24 19:45:00,10.0,2,1.061045531197304,Oil_temperature,1.075885328836426,TP3|H1|Reservoirs|Oil_temperature
SE_02129,2020-07-25 06:30:00,2020-07-25 06:35:00,5.0,1,1.010118043844858,H1,1.0364842454394698,TP3|H1|Reservoirs|Oil_temperature
SE_02130,2020-07-25 06:50:00,2020-07-25 07:00:00,10.0,2,1.021922428330524,H1,1.03150912106136,TP3|H1|Reservoirs|Oil_temperature
SE_02131,2020-07-25 07:15:00,2020-07-25 07:20:00,5.0,1,1.0498351413254141,Oil_temperature,1.0556492411467138,TP3|H1|Reservoirs|Oil_temperature
SE_02132,2020-07-25 07:55:00,2020-07-25 08:00:00,5.0,1,1.0676222596964597,Oil_temperature,1.0792580101180456,TP3|H1|Reservoirs|Oil_temperature
SE_02133,2020-07-25 08:30:00,2020-07-25 08:50:00,20.0,2,1.0659359190556503,Oil_temperature,1.1146711635750444,TP3|H1|Reservoirs|Oil_temperature
SE_02134,2020-07-25 09:10:00,2020-07-25 09:15:00,5.0,1,1.0711635750421593,Oil_temperature,1.0876897133220929,TP3|H1|Reservoirs|Oil_temperature
SE_02135,2020-07-25 09:30:00,2020-07-25 10:05:00,35.0,5,1.147217537942667,DV_pressure,2.1304886525036615,TP2|TP3|H1|DV_pressure|Reservoirs|Oil_temperature|Motor_current
SE_02136,2020-07-25 10:25:00,2020-07-25 10:30:00,5.0,1,1.1303541315345709,Oil_temperature,1.1602023608768992,Oil_temperature
SE_02137,2020-07-25 10:45:00,2020-07-25 10:50:00,5.0,1,1.1305227655986518,Oil_temperature,1.141652613827995,TP3|H1|Reservoirs|Oil_temperature
SE_02138,2020-07-25 11:05:00,2020-07-25 11:10:00,5.0,1,1.0556492411467138,Oil_temperature,1.0691399662731886,TP3|H1|Reservoirs|Oil_temperature
SE_02139,2020-07-25 11:25:00,2020-07-25 11:30:00,5.0,1,1.1625632377740318,Oil_temperature,1.1770657672849936,TP3|H1|Reservoirs|Oil_temperature
SE_02140,2020-07-25 11:50:00,2020-07-25 12:50:00,60.0,7,1.1553119730185517,DV_pressure,34.20869722885313,TP2|TP3|H1|DV_pressure|Reservoirs|Oil_temperature|Motor_current
SE_02141,2020-07-25 13:05:00,2020-07-25 13:10:00,5.0,1,1.2006745362563265,Oil_temperature,1.2091062394603735,TP3|H1|Reservoirs|Oil_temperature
SE_02142,2020-07-25 13:25:00,2020-07-25 13:30:00,5.0,1,1.0809443507588545,Oil_temperature,1.0927487352445213,TP3|H1|Reservoirs|Oil_temperature
SE_02143,2020-07-25 13:45:00,2020-07-25 13:50:00,5.0,1,1.141652613827995,Oil_temperature,1.1602023608768992,TP3|H1|Reservoirs|Oil_temperature
SE_02144,2020-07-25 14:10:00,2020-07-25 15:05:00,55.0,7,1.1214165261382807,Oil_temperature,1.1349072512647564,TP3|H1|Reservoirs|Oil_temperature
SE_02145,2020-07-25 15:20:00,2020-07-25 16:05:00,45.0,5,1.1040472175379443,DV_pressure,29.313106282674504,TP2|TP3|H1|DV_pressure|Reservoirs|Oil_temperature|Motor_current
SE_02146,2020-07-25 16:40:00,2020-07-25 17:00:00,20.0,2,1.1350758853288376,Oil_temperature,1.141652613827995,TP3|H1|Reservoirs|Oil_temperature
SE_02147,2020-07-25 17:15:00,2020-07-25 17:20:00,5.0,1,1.0885328836424977,TP2,44.32058527790234,TP2|TP3|H1|DV_pressure|Reservoirs|Oil_temperature|Motor_current
SE_02148,2020-07-25 17:40:00,2020-07-25 18:15:00,35.0,3,1.0629005059021932,Oil_temperature,1.0843170320404731,TP3|H1|Reservoirs|Oil_temperature
SE_02149,2020-07-25 18:30:00,2020-07-25 18:35:00,5.0,1,1.124957841483982,Oil_temperature,1.1770657672849936,TP3|H1|Reservoirs|Oil_temperature
SE_02150,2020-07-25 18:50:00,2020-07-25 19:00:00,10.0,2,1.0290050590219242,Oil_temperature,1.0944350758853303,Oil_temperature
SE_02151,2020-07-26 04:40:00,2020-07-26 04:45:00,5.0,1,3.23451910408432,TP3,3.393939393939392,TP3|Reservoirs|Oil_temperature
SE_02152,2020-07-26 06:40:00,2020-07-26 06:45:00,5.0,1,1.0018493815352703,H1,1.049751243781095,TP3|H1|Reservoirs|Oil_temperature
SE_02153,2020-07-26 07:45:00,2020-07-26 07:50:00,5.0,1,1.0337268128161907,Oil_temperature,1.042158516020238,TP3|H1|Reservoirs|Oil_temperature
SE_02154,2020-07-26 08:35:00,2020-07-26 08:45:00,10.0,2,1.0408094435075899,Oil_temperature,1.0505902192242853,TP3|H1|Reservoirs|Oil_temperature
SE_02155,2020-07-26 09:00:00,2020-07-26 09:05:00,5.0,1,1.0691399662731886,Oil_temperature,1.075885328836426,TP3|H1|Reservoirs|Oil_temperature
SE_02156,2020-07-26 09:25:00,2020-07-26 09:30:00,5.0,1,1.0811129848229355,Oil_temperature,1.086003372681283,Oil_temperature
SE_02157,2020-07-26 09:45:00,2020-07-26 09:50:00,5.0,1,1.00876897133221,DV_pressure,44.36251548759398,TP2|TP3|H1|DV_pressure|Reservoirs|Oil_temperature|Motor_current
SE_02158,2020-07-26 10:05:00,2020-07-26 10:10:00,5.0,1,1.10320404721754,Oil_temperature,1.1349072512647564,TP3|H1|Reservoirs|Oil_temperature
SE_02159,2020-07-26 10:30:00,2020-07-26 11:05:00,35.0,3,1.1215851602023619,Oil_temperature,1.129848229342328,TP3|H1|Reservoirs|Oil_temperature
SE_02160,2020-07-26 11:25:00,2020-07-26 11:30:00,5.0,1,1.1264755480607103,Oil_temperature,1.1349072512647564,TP3|H1|Reservoirs|Oil_temperature
SE_02161,2020-07-26 11:45:00,2020-07-26 11:50:00,5.0,1,1.147554806070829,Oil_temperature,1.1686340640809465,TP3|H1|Reservoirs|Oil_temperature
SE_02162,2020-07-26 12:05:00,2020-07-26 12:10:00,5.0,1,1.086172006745364,Oil_temperature,1.0961214165261401,TP3|H1|Reservoirs|Oil_temperature
SE_02163,2020-07-26 12:25:00,2020-07-26 12:30:00,5.0,1,1.1588532883642513,Oil_temperature,1.1686340640809465,TP3|H1|Reservoirs|Oil_temperature
SE_02164,2020-07-26 12:50:00,2020-07-26 12:55:00,5.0,1,1.129005059021925,DV_pressure,8.990359916593476,TP2|TP3|H1|DV_pressure|Reservoirs|Oil_temperature
SE_02165,2020-07-26 13:10:00,2020-07-26 13:30:00,20.0,3,1.1956155143338978,Oil_temperature,1.2293423271500858,TP3|H1|Reservoirs|Oil_temperature
SE_02166,2020-07-26 13:45:00,2020-07-26 14:45:00,60.0,6,1.2091062394603735,DV_pressure,31.60980326977065,TP2|TP3|H1|DV_pressure|Reservoirs|Oil_temperature|Motor_current
SE_02167,2020-07-26 15:05:00,2020-07-26 15:40:00,35.0,3,1.1450252951096136,Oil_temperature,1.173693086003375,TP3|H1|Reservoirs|Oil_temperature
SE_02168,2020-07-26 15:55:00,2020-07-26 16:05:00,10.0,2,1.115345699831368,Oil_temperature,1.1349072512647564,TP3|H1|Reservoirs|Oil_temperature
SE_02169,2020-07-26 16:20:00,2020-07-26 17:20:00,60.0,7,1.207588532883644,Oil_temperature,1.2225969645868484,TP3|H1|Reservoirs|Oil_temperature
SE_02170,2020-07-26 17:35:00,2020-07-26 18:15:00,40.0,4,1.1222596964586855,Oil_temperature,1.1467116357504243,TP3|H1|Reservoirs|Oil_temperature
SE_02171,2020-07-26 18:50:00,2020-07-26 19:15:00,25.0,3,1.0961214165261401,Oil_temperature,1.1011804384485686,TP3|H1|Reservoirs|Oil_temperature
SE_02172,2020-07-26 19:30:00,2020-07-26 19:40:00,10.0,2,1.0728499156829692,DV_pressure,9.292556888579805,TP2|TP3|H1|DV_pressure|Reservoirs|Oil_temperature
SE_02173,2020-07-26 20:55:00,2020-07-26 21:00:00,5.0,1,1.0006633499170812,DV_pressure,48.39999999999291,TP3|H1|DV_pressure|Reservoirs
SE_02174,2020-07-27 03:40:00,2020-07-27 03:45:00,5.0,1,2.77786561264822,TP3,3.0342555994729894,TP3|Reservoirs
SE_02175,2020-07-27 04:00:00,2020-07-27 04:05:00,5.0,1,1.0041459369817578,DV_pressure,653.999999999902,TP3|H1|DV_pressure|Reservoirs|Motor_current
SE_02176,2020-07-27 06:20:00,2020-07-27 06:25:00,5.0,1,0.9983416252072963,H1,1.0431177446102815,TP3|H1|Reservoirs|Oil_temperature
SE_02177,2020-07-27 06:40:00,2020-07-27 06:50:00,10.0,2,1.6314040545252992,DV_pressure,85.39999999998729,TP2|TP3|H1|DV_pressure|Reservoirs|Oil_temperature|Motor_current
SE_02178,2020-07-27 07:15:00,2020-07-27 07:20:00,5.0,1,1.0623946037099503,DV_pressure,416.39999999993773,TP3|H1|DV_pressure|Reservoirs|Oil_temperature|Motor_current
SE_02179,2020-07-27 07:35:00,2020-07-27 07:40:00,5.0,1,1.074198988195617,Oil_temperature,1.107925801011806,TP3|H1|Reservoirs|Oil_temperature
SE_02180,2020-07-27 07:55:00,2020-07-27 08:00:00,5.0,1,1.0215588723051408,Oil_temperature,1.042158516020238,TP3|H1|Reservoirs|Oil_temperature
SE_02181,2020-07-27 08:25:00,2020-07-27 08:35:00,10.0,2,1.0489038785834746,Oil_temperature,1.074198988195617,TP3|H1|Reservoirs|Oil_temperature
SE_02182,2020-07-27 09:25:00,2020-07-27 09:30:00,5.0,1,1.1183811129848247,Oil_temperature,1.1281618887015201,TP3|H1|Reservoirs|Oil_temperature
SE_02183,2020-07-27 09:45:00,2020-07-27 09:50:00,5.0,1,1.097807757166949,Oil_temperature,1.109612141652616,TP3|H1|Reservoirs|Oil_temperature
SE_02184,2020-07-27 10:05:00,2020-07-27 10:15:00,10.0,2,1.0590219224283315,Oil_temperature,1.074198988195617,TP3|H1|Reservoirs|Oil_temperature|Motor_current
SE_02185,2020-07-27 10:30:00,2020-07-27 10:45:00,15.0,2,1.0885328836424977,DV_pressure,15.971109969477812,TP2|TP3|H1|DV_pressure|Reservoirs|Oil_temperature
SE_02186,2020-07-27 11:00:00,2020-07-27 11:05:00,5.0,1,1.021922428330524,DV_pressure,461.19999999993087,TP3|H1|DV_pressure|Reservoirs|Oil_temperature
SE_02187,2020-07-27 11:20:00,2020-07-27 11:25:00,5.0,1,1.0248756218905468,H1,1.0713101160862357,TP3|H1|Reservoirs|Oil_temperature
SE_02188,2020-07-27 11:40:00,2020-07-27 12:05:00,25.0,4,1.1956155143338978,DV_pressure,458.5999999999313,TP3|H1|DV_pressure|Reservoirs|Oil_temperature
SE_02189,2020-07-27 12:20:00,2020-07-27 12:25:00,5.0,1,1.1231028667790917,Oil_temperature,1.1349072512647564,TP3|H1|Reservoirs|Oil_temperature
SE_02190,2020-07-27 12:40:00,2020-07-27 13:15:00,35.0,5,1.216526138279934,Oil_temperature,1.2276559865092769,TP3|H1|Reservoirs|Oil_temperature
SE_02191,2020-07-27 13:30:00,2020-07-27 13:35:00,5.0,1,1.1107925801011824,Oil_temperature,1.1281618887015201,TP3|H1|Reservoirs|Oil_temperature
SE_02192,2020-07-27 13:50:00,2020-07-27 15:20:00,90.0,9,1.1910623946037122,DV_pressure,20.111208485690604,TP2|TP3|H1|DV_pressure|Reservoirs|Oil_temperature
SE_02193,2020-07-27 15:35:00,2020-07-27 15:40:00,5.0,1,1.0355817875210807,H1,1.0630182421227201,TP3|H1|Reservoirs|Oil_temperature
SE_02194,2020-07-27 15:55:00,2020-07-27 16:30:00,35.0,4,1.1763912310286695,DV_pressure,7.554924299658374,TP2|TP3|H1|DV_pressure|Reservoirs|Oil_temperature
SE_02195,2020-07-27 16:45:00,2020-07-27 17:40:00,55.0,6,1.1686340640809465,DV_pressure,28.527394155510027,TP2|TP3|H1|DV_pressure|Reservoirs|Oil_temperature|Motor_current
SE_02196,2020-07-27 17:55:00,2020-07-27 18:00:00,5.0,1,1.1011804384485686,Oil_temperature,1.1112984822934238,TP3|H1|Reservoirs|Oil_temperature
SE_02197,2020-07-27 18:15:00,2020-07-27 18:50:00,35.0,4,1.1627318718381128,DV_pressure,4.999999999999311,TP3|H1|DV_pressure|Reservoirs|Oil_temperature
SE_02198,2020-07-27 19:05:00,2020-07-27 19:15:00,10.0,2,1.0546374367622269,Oil_temperature,1.0691399662731886,TP3|H1|Reservoirs|Oil_temperature
SE_02199,2020-07-27 19:40:00,2020-07-27 20:05:00,25.0,3,1.13709949409781,DV_pressure,91.5999999999863,TP2|TP3|H1|DV_pressure|Reservoirs|Oil_temperature
SE_02200,2020-07-28 00:55:00,2020-07-28 01:00:00,5.0,1,1.0135380146248627,TP2,37.195312229117725,TP2|TP3|H1|DV_pressure|Reservoirs|Motor_current
SE_02201,2020-07-28 03:35:00,2020-07-28 03:45:00,10.0,2,3.909354000098158,Motor_current,3.9109890289564175,TP3|H1|Reservoirs|Motor_current
SE_02202,2020-07-28 06:00:00,2020-07-28 06:10:00,10.0,2,1.0406408094435091,Oil_temperature,1.0607082630691422,TP3|H1|Reservoirs|Oil_temperature
SE_02203,2020-07-28 06:35:00,2020-07-28 06:45:00,10.0,2,1.0816188870151784,Oil_temperature,1.0893760539629018,TP3|H1|Reservoirs|Oil_temperature
SE_02204,2020-07-28 07:10:00,2020-07-28 07:15:00,5.0,1,1.109612141652616,Oil_temperature,1.1433389544688037,TP3|H1|Reservoirs|Oil_temperature
SE_02205,2020-07-28 07:30:00,2020-07-28 07:50:00,20.0,2,1.0674536256323788,Oil_temperature,1.0725126475548072,TP3|H1|Reservoirs|Oil_temperature
SE_02206,2020-07-28 08:05:00,2020-07-28 08:25:00,20.0,2,1.0558178752107945,DV_pressure,36.384515427154746,TP2|TP3|H1|DV_pressure|Reservoirs|Oil_temperature|Motor_current
SE_02207,2020-07-28 08:40:00,2020-07-28 09:25:00,45.0,5,1.102529510961216,DV_pressure,21.576863799824334,TP2|TP3|H1|DV_pressure|Reservoirs|Oil_temperature
SE_02208,2020-07-28 09:50:00,2020-07-28 09:55:00,5.0,1,1.1757166947723456,Oil_temperature,1.1888701517706595,TP3|H1|Reservoirs|Oil_temperature
SE_02209,2020-07-28 10:10:00,2020-07-28 10:15:00,5.0,1,1.1101180438448583,Oil_temperature,1.1534569983136609,TP3|H1|Reservoirs|Oil_temperature
SE_02210,2020-07-28 10:30:00,2020-07-28 10:35:00,5.0,1,1.0475548060708284,H1,1.0646766169154225,TP3|H1|Reservoirs|Oil_temperature
SE_02211,2020-07-28 10:50:00,2020-07-28 11:25:00,35.0,3,1.1035413153457014,Oil_temperature,1.1247892074198995,TP3|H1|Reservoirs|Oil_temperature
SE_02212,2020-07-28 11:40:00,2020-07-28 11:45:00,5.0,1,1.1011804384485686,Oil_temperature,1.141652613827995,TP3|H1|Reservoirs|Oil_temperature
SE_02213,2020-07-28 12:00:00,2020-07-28 12:25:00,25.0,4,1.1332209106239486,DV_pressure,1.3296666767398877,TP3|H1|DV_pressure|Reservoirs|Oil_temperature
SE_02214,2020-07-28 12:40:00,2020-07-28 13:30:00,50.0,6,1.2293423271500858,DV_pressure,17.05901906862862,TP2|TP3|H1|DV_pressure|Reservoirs|Oil_temperature
SE_02215,2020-07-28 13:45:00,2020-07-28 14:40:00,55.0,6,1.2092748735244543,DV_pressure,41.26499652473406,TP2|TP3|H1|DV_pressure|Reservoirs|Oil_temperature|Motor_current
SE_02216,2020-07-28 14:55:00,2020-07-28 15:45:00,50.0,5,1.2278246205733578,DV_pressure,40.947689704148395,TP2|TP3|H1|DV_pressure|Reservoirs|Oil_temperature|Motor_current
SE_02217,2020-07-28 16:00:00,2020-07-28 16:05:00,5.0,1,1.0222596964586859,H1,1.0679933665008283,TP3|H1|Reservoirs|Oil_temperature|Motor_current
SE_02218,2020-07-28 16:25:00,2020-07-28 16:30:00,5.0,1,1.1561551433389563,DV_pressure,2.870871233870188,TP2|TP3|H1|DV_pressure|Reservoirs|Oil_temperature
SE_02219,2020-07-28 16:45:00,2020-07-28 16:50:00,5.0,1,1.1146711635750444,Oil_temperature,1.1231028667790917,TP3|H1|Reservoirs|Oil_temperature
SE_02220,2020-07-28 17:05:00,2020-07-28 19:00:00,115.0,12,1.1821247892074223,DV_pressure,87.99999999998687,TP2|TP3|H1|DV_pressure|Reservoirs|Oil_temperature|Motor_current
SE_02221,2020-07-28 19:15:00,2020-07-28 19:20:00,5.0,1,1.074198988195617,TP2,45.95887798619953,TP2|TP3|H1|Reservoirs|Oil_temperature|Motor_current
SE_02222,2020-07-28 19:35:00,2020-07-28 19:40:00,5.0,1,1.053157484080441,Oil_temperature,1.0623946037099503,TP3|H1|Reservoirs|Oil_temperature
SE_02223,2020-07-28 19:55:00,2020-07-28 20:20:00,25.0,3,1.032040472175381,DV_pressure,41.79384122571014,TP2|TP3|H1|DV_pressure|Reservoirs|Oil_temperature|Motor_current
SE_02224,2020-07-28 23:00:00,2020-07-28 23:05:00,5.0,1,1.091707470552376,TP3,1.3807641633728585,TP3|H1|Reservoirs
SE_02225,2020-07-29 00:00:00,2020-07-29 00:05:00,5.0,1,1.0151770657672865,H1,1.0464344941956876,TP3|H1|Reservoirs|Oil_temperature
SE_02226,2020-07-29 01:00:00,2020-07-29 01:05:00,5.0,1,0.9999772668516635,H1,1.0613598673300164,TP3|H1|Reservoirs|Oil_temperature
SE_02227,2020-07-29 05:05:00,2020-07-29 05:10:00,5.0,1,2.56258234519104,TP3,2.8919631093544127,TP3|Reservoirs
SE_02228,2020-07-29 07:05:00,2020-07-29 07:10:00,5.0,1,1.03726812816189,Oil_temperature,1.0556492411467138,TP3|H1|Reservoirs|Oil_temperature
SE_02229,2020-07-29 07:25:00,2020-07-29 08:20:00,55.0,5,1.1252951096121424,Oil_temperature,1.1433389544688037,TP3|H1|Reservoirs|Oil_temperature|Motor_current
SE_02230,2020-07-29 08:35:00,2020-07-29 08:45:00,10.0,2,1.0662731871838136,Oil_temperature,1.0809443507588545,TP3|H1|Reservoirs|Oil_temperature
SE_02231,2020-07-29 09:10:00,2020-07-29 09:15:00,5.0,1,1.0279278145528683,DV_pressure,403.59999999993966,TP3|H1|DV_pressure|Reservoirs|Oil_temperature
SE_02232,2020-07-29 09:50:00,2020-07-29 09:55:00,5.0,1,1.0014925373134327,DV_pressure,325.5999999999512,TP3|H1|DV_pressure|Reservoirs
SE_02233,2020-07-29 10:10:00,2020-07-29 10:40:00,30.0,4,1.1232715008431724,DV_pressure,15.487594814299676,TP2|TP3|H1|DV_pressure|Reservoirs|Oil_temperature|Motor_current
SE_02234,2020-07-29 10:55:00,2020-07-29 11:00:00,5.0,1,1.0473861720067472,H1,1.0613598673300164,TP3|H1|Reservoirs|Oil_temperature
SE_02235,2020-07-29 11:15:00,2020-07-29 11:40:00,25.0,3,1.116863406408096,DV_pressure,49.8776102263446,TP2|TP3|H1|DV_pressure|Reservoirs|Oil_temperature|Motor_current
SE_02236,2020-07-29 11:55:00,2020-07-29 12:00:00,5.0,1,1.1011804384485686,Oil_temperature,1.1214165261382807,TP3|H1|Reservoirs|Oil_temperature
SE_02237,2020-07-29 12:20:00,2020-07-29 12:55:00,35.0,4,1.1686340640809465,Oil_temperature,1.2107925801011816,TP3|H1|Reservoirs|Oil_temperature
SE_02238,2020-07-29 13:10:00,2020-07-29 13:15:00,5.0,1,1.1264755480607103,Oil_temperature,1.1399662731871851,TP3|H1|Reservoirs|Oil_temperature
SE_02239,2020-07-29 13:30:00,2020-07-29 13:55:00,25.0,4,1.2225969645868484,DV_pressure,1.39999999999972,TP3|H1|DV_pressure|Reservoirs|Oil_temperature
SE_02240,2020-07-29 14:10:00,2020-07-29 14:15:00,5.0,1,1.1639123102866797,DV_pressure,350.3999999999476,TP2|TP3|H1|DV_pressure|Reservoirs|Oil_temperature|Motor_current
SE_02241,2020-07-29 14:30:00,2020-07-29 15:05:00,35.0,5,1.2283305227656007,TP2,45.53413543219656,TP2|TP3|H1|DV_pressure|Reservoirs|Oil_temperature|Motor_current
SE_02242,2020-07-29 15:20:00,2020-07-29 15:25:00,5.0,1,1.1332209106239486,Oil_temperature,1.1753794266441837,TP3|H1|Reservoirs|Oil_temperature|Motor_current
SE_02243,2020-07-29 15:40:00,2020-07-29 16:20:00,40.0,5,1.137942664418215,Oil_temperature,1.1635750421585178,TP3|H1|Reservoirs|Oil_temperature|Motor_current
SE_02244,2020-07-29 16:35:00,2020-07-29 16:40:00,5.0,1,1.1173693086003391,DV_pressure,49.37898522256715,TP2|TP3|H1|DV_pressure|Reservoirs|Oil_temperature|Motor_current
SE_02245,2020-07-29 16:55:00,2020-07-29 17:15:00,20.0,2,1.1757166947723456,Oil_temperature,1.1804384485666124,TP3|H1|Reservoirs|Oil_temperature
SE_02246,2020-07-29 17:30:00,2020-07-29 17:35:00,5.0,1,1.1249578414839807,DV_pressure,7.086518993079562,TP2|TP3|H1|DV_pressure|Reservoirs|Oil_temperature
SE_02247,2020-07-29 17:50:00,2020-07-29 18:25:00,35.0,3,1.1357504215851613,Oil_temperature,1.1821247892074223,TP3|H1|Reservoirs|Oil_temperature
SE_02248,2020-07-29 18:40:00,2020-07-29 19:20:00,40.0,5,1.1956155143338978,DV_pressure,40.999999999993854,TP2|TP3|H1|DV_pressure|Reservoirs|Oil_temperature|Motor_current
SE_02249,2020-07-29 19:35:00,2020-07-29 19:40:00,5.0,1,1.0424957841484,DV_pressure,8.899700824997572,TP2|TP3|H1|DV_pressure|Reservoirs|Oil_temperature
SE_02250,2020-07-29 20:00:00,2020-07-29 20:05:00,5.0,1,1.044182124789208,Oil_temperature,1.053962900505903,Oil_temperature
SE_02251,2020-07-30 04:55:00,2020-07-30 05:00:00,5.0,1,1.016694772344015,Oil_temperature,1.0337268128161907,Oil_temperature
SE_02252,2020-07-30 05:45:00,2020-07-30 06:25:00,40.0,5,1.0494097807757174,Oil_temperature,1.0775716694772357,TP3|H1|Reservoirs|Oil_temperature|Motor_current
SE_02253,2020-07-30 06:55:00,2020-07-30 07:15:00,20.0,3,1.124957841483982,DV_pressure,31.45870478377749,TP2|TP3|H1|DV_pressure|Reservoirs|Oil_temperature|Motor_current
SE_02254,2020-07-30 08:05:00,2020-07-30 08:30:00,25.0,3,1.0893760539629018,DV_pressure,1.3447765253391961,TP3|H1|DV_pressure|Reservoirs|Oil_temperature
SE_02255,2020-07-30 09:00:00,2020-07-30 09:20:00,20.0,3,1.1467116357504243,DV_pressure,7.736242482850184,TP2|TP3|H1|DV_pressure|Reservoirs|Oil_temperature|Motor_current
SE_02256,2020-07-30 10:10:00,2020-07-30 10:30:00,20.0,3,1.1220910623946045,DV_pressure,506.7999999999242,TP3|H1|DV_pressure|Reservoirs|Oil_temperature|Motor_current
SE_02257,2020-07-30 10:45:00,2020-07-30 10:50:00,5.0,1,1.0286677908937623,H1,1.0563847429519069,TP3|H1|Reservoirs|Oil_temperature
SE_02258,2020-07-30 11:05:00,2020-07-30 11:10:00,5.0,1,0.9951096121416534,H1,1.0431177446102815,TP3|H1|Reservoirs
SE_02259,2020-07-30 11:25:00,2020-07-30 11:50:00,25.0,3,1.116863406408096,Oil_temperature,1.1483979763912322,TP3|H1|Reservoirs|Oil_temperature
SE_02260,2020-07-30 12:05:00,2020-07-30 12:40:00,35.0,3,1.1765598650927505,Oil_temperature,1.204047217537945,TP3|H1|Reservoirs|Oil_temperature
SE_02261,2020-07-30 13:20:00,2020-07-30 13:25:00,5.0,1,1.0021922428330536,Oil_temperature,1.0455311973018568,TP3|H1|Oil_temperature
SE_02262,2020-07-30 13:40:00,2020-07-30 14:00:00,20.0,2,1.1694772344013513,DV_pressure,8.399999999998691,TP3|H1|DV_pressure|Reservoirs|Oil_temperature
SE_02263,2020-07-30 14:15:00,2020-07-30 15:15:00,60.0,6,1.1834738617200697,DV_pressure,231.59999999996535,TP2|TP3|H1|DV_pressure|Reservoirs|Oil_temperature|Motor_current
SE_02264,2020-07-30 15:30:00,2020-07-30 15:35:00,5.0,1,1.0001686340640819,TP2,39.579071460767075,TP2|TP3|H1|DV_pressure|Reservoirs|Oil_temperature|Motor_current
SE_02265,2020-07-30 15:50:00,2020-07-30 16:25:00,35.0,4,1.1045531197301872,TP2,45.91553690926045,TP2|TP3|H1|DV_pressure|Reservoirs|Oil_temperature|Motor_current
SE_02266,2020-07-30 16:40:00,2020-07-30 17:30:00,50.0,5,1.150758853288366,DV_pressure,44.78559124837486,TP2|TP3|H1|DV_pressure|Reservoirs|Oil_temperature|Motor_current
SE_02267,2020-07-30 17:45:00,2020-07-30 18:35:00,50.0,6,1.1652613827993268,Oil_temperature,1.2225969645868484,TP3|H1|Reservoirs|Oil_temperature
SE_02268,2020-07-30 18:50:00,2020-07-30 19:25:00,35.0,5,1.1215851602023619,DV_pressure,21.168897887642768,TP2|TP3|H1|DV_pressure|Reservoirs|Oil_temperature
SE_02269,2020-07-30 19:40:00,2020-07-30 19:45:00,5.0,1,1.0163051910702177,DV_pressure,28.73893203590047,TP2|TP3|H1|DV_pressure|Reservoirs|Oil_temperature|Motor_current
SE_02270,2020-07-30 23:30:00,2020-07-30 23:35:00,5.0,1,2.1320158102766786,TP3,2.4769433465085626,TP3|H1|Reservoirs
SE_02271,2020-07-31 01:15:00,2020-07-31 02:05:00,50.0,10,3.914259086672936,Motor_current,3.914259086672936,TP3|Reservoirs|Motor_current
SE_02272,2020-07-31 06:00:00,2020-07-31 06:05:00,5.0,1,3.289064558629774,TP3,3.5006587615283253,TP3|Reservoirs
SE_02273,2020-07-31 07:10:00,2020-07-31 07:15:00,5.0,1,1.0607082630691422,Oil_temperature,1.0910623946037115,TP3|H1|Reservoirs|Oil_temperature
SE_02274,2020-07-31 07:45:00,2020-07-31 08:05:00,20.0,2,1.0698145025295125,DV_pressure,31.02051917439729,TP2|TP3|H1|DV_pressure|Reservoirs|Oil_temperature|Motor_current
SE_02275,2020-07-31 09:00:00,2020-07-31 09:20:00,20.0,2,1.1139966273187203,Oil_temperature,1.1551433389544707,TP3|H1|Reservoirs|Oil_temperature
SE_02276,2020-07-31 09:35:00,2020-07-31 09:40:00,5.0,1,1.0506721591592365,Motor_current,1.124899854482448,TP3|H1|Reservoirs|Oil_temperature|Motor_current
SE_02277,2020-07-31 10:10:00,2020-07-31 10:30:00,20.0,2,1.084485666104554,Oil_temperature,1.0927487352445213,TP3|H1|Reservoirs|Oil_temperature
SE_02278,2020-07-31 10:45:00,2020-07-31 11:25:00,40.0,5,1.1433389544688037,TP2,44.884019278110365,TP2|TP3|H1|DV_pressure|Reservoirs|Oil_temperature|Motor_current
SE_02279,2020-07-31 11:40:00,2020-07-31 11:45:00,5.0,1,1.0370994940978095,Oil_temperature,1.0556492411467138,TP3|H1|Reservoirs|Oil_temperature
SE_02280,2020-07-31 12:15:00,2020-07-31 12:55:00,40.0,5,1.1770657672849936,Oil_temperature,1.2428330522765616,TP3|H1|Reservoirs|Oil_temperature
SE_02281,2020-07-31 13:10:00,2020-07-31 13:15:00,5.0,1,1.0917369308600353,TP2,45.95020977081172,TP2|TP3|H1|Reservoirs|Oil_temperature|Motor_current
SE_02282,2020-07-31 13:30:00,2020-07-31 13:50:00,20.0,3,1.1568296795952795,DV_pressure,38.39412529086387,TP2|TP3|H1|DV_pressure|Reservoirs|Oil_temperature|Motor_current
SE_02283,2020-07-31 14:05:00,2020-07-31 16:10:00,125.0,13,1.1602023608768992,TP2,45.93287334003608,TP2|TP3|H1|DV_pressure|Reservoirs|Oil_temperature|Motor_current
SE_02284,2020-07-31 16:25:00,2020-07-31 17:20:00,55.0,6,1.1979763912310297,DV_pressure,2.1002689553050313,TP2|TP3|H1|DV_pressure|Reservoirs|Oil_temperature
SE_02285,2020-07-31 17:35:00,2020-07-31 18:45:00,70.0,8,1.1635750421585178,Oil_temperature,1.1770657672849936,TP3|H1|Reservoirs|Oil_temperature
SE_02286,2020-07-31 19:00:00,2020-07-31 19:05:00,5.0,1,1.1047217537942682,Oil_temperature,1.1129848229342345,Oil_temperature
SE_02287,2020-07-31 19:20:00,2020-07-31 19:25:00,5.0,1,1.009274873524453,DV_pressure,38.63588286845294,TP2|TP3|H1|DV_pressure|Reservoirs|Oil_temperature|Motor_current
SE_02288,2020-07-31 19:45:00,2020-07-31 19:50:00,5.0,1,0.9951096121416534,DV_pressure,5.152458372367015,TP2|TP3|H1|DV_pressure|Reservoirs
SE_02289,2020-07-31 20:20:00,2020-07-31 20:25:00,5.0,1,1.0308013054457907,Oil_temperature,1.0455311973018568,TP3|H1|Reservoirs|Oil_temperature
SE_02290,2020-07-31 20:40:00,2020-07-31 20:45:00,5.0,1,1.0084317032040482,H1,1.0414593698175778,TP3|H1|Reservoirs|Oil_temperature
SE_02291,2020-07-31 21:05:00,2020-07-31 21:10:00,5.0,1,0.9954468802698152,Oil_temperature,1.0016863406408107,Oil_temperature
SE_02292,2020-07-31 21:25:00,2020-07-31 21:30:00,5.0,1,0.9991568296795976,H1,1.0414593698175778,TP3|H1|Reservoirs|Oil_temperature
SE_02293,2020-07-31 22:10:00,2020-07-31 22:15:00,5.0,1,0.9983416252072963,H1,1.0431177446102815,TP3|H1|Reservoirs|Oil_temperature
SE_02294,2020-07-31 22:30:00,2020-07-31 22:35:00,5.0,1,0.9932546374367646,H1,1.018242122719735,TP3|H1|Reservoirs
SE_02295,2020-07-31 22:50:00,2020-07-31 22:55:00,5.0,1,1.0000000000000009,H1,1.0514096185737971,TP3|H1|Reservoirs|Oil_temperature
SE_02296,2020-07-31 23:15:00,2020-07-31 23:20:00,5.0,1,0.9956155143338963,Oil_temperature,1.011804384485668,Oil_temperature
SE_02297,2020-07-31 23:35:00,2020-07-31 23:40:00,5.0,1,1.0069139966273202,H1,1.0547263681592032,TP3|H1|Reservoirs|Oil_temperature|Motor_current
SE_02298,2020-07-31 23:55:00,2020-08-01 00:00:00,5.0,1,1.0059701492537305,DV_pressure,1.59999999999994,TP3|H1|DV_pressure|Reservoirs|Motor_current
SE_02299,2020-08-01 00:20:00,2020-08-01 00:25:00,5.0,1,1.0016863406408107,Oil_temperature,1.021922428330524,Oil_temperature
SE_02300,2020-08-01 01:25:00,2020-08-01 01:55:00,30.0,5,1.2091062394603735,Oil_temperature,1.2124789207419915,TP3|H1|Reservoirs|Oil_temperature
SE_02301,2020-08-01 02:25:00,2020-08-01 02:30:00,5.0,1,1.0350758853288382,Oil_temperature,1.0556492411467138,TP3|H1|Reservoirs|Oil_temperature
SE_02302,2020-08-01 05:05:00,2020-08-01 05:10:00,5.0,1,1.0086003372681291,Oil_temperature,1.0151770657672865,TP3|H1|Reservoirs|Oil_temperature
SE_02303,2020-08-01 05:25:00,2020-08-01 05:30:00,5.0,1,1.004047217537944,Oil_temperature,1.0438448566610459,Oil_temperature
SE_02304,2020-08-01 06:05:00,2020-08-01 06:10:00,5.0,1,1.032068158365005,Oil_temperature,1.0472175379426665,TP3|H1|Reservoirs|Oil_temperature
SE_02305,2020-08-01 06:25:00,2020-08-01 06:30:00,5.0,1,1.011804384485668,Oil_temperature,1.0286677908937623,Oil_temperature
SE_02306,2020-08-01 07:20:00,2020-08-01 07:25:00,5.0,1,1.0615066226385605,DV_pressure,43.80345108941926,TP2|H1|DV_pressure|Oil_temperature|Motor_current
SE_02307,2020-08-01 07:40:00,2020-08-01 07:45:00,5.0,1,1.0374367622259715,DV_pressure,16.938140279834084,TP2|TP3|H1|DV_pressure|Reservoirs|Oil_temperature
SE_02308,2020-08-01 08:25:00,2020-08-01 08:30:00,5.0,1,1.009612141652615,Oil_temperature,1.0236087689713338,Oil_temperature
SE_02309,2020-08-01 09:25:00,2020-08-01 10:05:00,40.0,5,1.0908937605396303,Oil_temperature,1.1163575042158533,TP3|H1|Reservoirs|Oil_temperature
SE_02310,2020-08-01 10:20:00,2020-08-01 10:25:00,5.0,1,1.007588532883644,Oil_temperature,1.021922428330524,Oil_temperature
SE_02311,2020-08-01 10:40:00,2020-08-01 11:00:00,20.0,2,1.0462057335581807,Motor_current,1.7592910514870845,TP3|H1|Reservoirs|Oil_temperature|Motor_current
SE_02312,2020-08-01 11:45:00,2020-08-01 12:10:00,25.0,3,1.0961214165261401,Oil_temperature,1.1483979763912322,TP3|H1|Reservoirs|Oil_temperature|Motor_current
SE_02313,2020-08-01 12:25:00,2020-08-01 12:30:00,5.0,1,1.0613488461582012,Oil_temperature,1.0691399662731886,TP3|H1|Reservoirs|Oil_temperature
SE_02314,2020-08-01 12:45:00,2020-08-01 13:25:00,40.0,4,1.1055649241146726,DV_pressure,8.068659152035156,TP2|TP3|H1|DV_pressure|Reservoirs|Oil_temperature
SE_02315,2020-08-01 14:05:00,2020-08-01 14:30:00,25.0,4,1.146880269814505,Oil_temperature,1.2023608768971343,TP3|H1|Reservoirs|Oil_temperature
SE_02316,2020-08-01 14:45:00,2020-08-01 14:55:00,10.0,2,1.0883642495784167,DV_pressure,1.7829621347193805,TP2|TP3|H1|DV_pressure|Reservoirs|Oil_temperature
SE_02317,2020-08-01 15:10:00,2020-08-01 15:30:00,20.0,2,1.0944350758853303,DV_pressure,24.417515336495878,TP2|TP3|H1|DV_pressure|Reservoirs|Oil_temperature|Motor_current
SE_02318,2020-08-01 15:45:00,2020-08-01 15:50:00,5.0,1,1.0893760539629018,Oil_temperature,1.0994940978077588,TP3|H1|Reservoirs|Oil_temperature
SE_02319,2020-08-01 16:10:00,2020-08-01 16:15:00,5.0,1,0.9956910221237824,H1,1.0431177446102815,TP3|H1|Reservoirs|Oil_temperature
SE_02320,2020-08-01 16:35:00,2020-08-01 16:55:00,20.0,3,1.0548060708263078,Oil_temperature,1.0961214165261401,TP3|H1|Reservoirs|Oil_temperature
SE_02321,2020-08-01 17:10:00,2020-08-01 17:15:00,5.0,1,0.9956882255389721,DV_pressure,50.587773110512494,TP2|TP3|H1|DV_pressure|Reservoirs|Motor_current
SE_02322,2020-08-01 17:35:00,2020-08-01 18:00:00,25.0,3,1.1753794266441837,Oil_temperature,1.1905564924114693,TP3|H1|Reservoirs|Oil_temperature
SE_02323,2020-08-01 18:15:00,2020-08-01 18:20:00,5.0,1,1.0704890387858361,Oil_temperature,1.0876897133220929,TP3|H1|Reservoirs|Oil_temperature
SE_02324,2020-08-01 18:35:00,2020-08-01 18:40:00,5.0,1,1.1129848229342345,Oil_temperature,1.1197301854974728,TP3|H1|Reservoirs|Oil_temperature
SE_02325,2020-08-01 18:55:00,2020-08-01 19:00:00,5.0,1,1.086003372681283,Oil_temperature,1.109612141652616,TP3|H1|Reservoirs|Oil_temperature
SE_02326,2020-08-01 19:15:00,2020-08-01 19:20:00,5.0,1,1.0404721753794282,DV_pressure,8.19999999999883,TP3|H1|DV_pressure|Reservoirs|Oil_temperature
SE_02327,2020-08-01 19:40:00,2020-08-01 19:45:00,5.0,1,1.0494097807757174,DV_pressure,43.471034420234304,TP2|TP3|H1|DV_pressure|Reservoirs|Oil_temperature|Motor_current
SE_02328,2020-08-02 05:45:00,2020-08-02 05:50:00,5.0,1,1.0286677908937623,Oil_temperature,1.0522765598650952,Oil_temperature
SE_02329,2020-08-02 06:40:00,2020-08-02 07:00:00,20.0,2,1.0556492411467138,DV_pressure,6.723882626695958,TP2|DV_pressure|Oil_temperature
SE_02330,2020-08-02 07:50:00,2020-08-02 08:15:00,25.0,3,1.074198988195617,Motor_current,1.108549565899854,TP2|Oil_temperature|Motor_current
SE_02331,2020-08-02 09:05:00,2020-08-02 09:10:00,5.0,1,1.0304069869874908,Oil_temperature,1.0489038785834746,TP3|H1|Reservoirs|Oil_temperature
SE_02332,2020-08-02 09:25:00,2020-08-02 09:30:00,5.0,1,1.0151770657672865,Oil_temperature,1.053962900505903,Oil_temperature
SE_02333,2020-08-02 09:50:00,2020-08-02 10:25:00,35.0,5,1.1102866779089398,Oil_temperature,1.1804384485666124,TP3|H1|Reservoirs|Oil_temperature
SE_02334,2020-08-02 11:20:00,2020-08-02 11:50:00,30.0,4,1.1399662731871851,Oil_temperature,1.1652613827993268,TP3|H1|Reservoirs|Oil_temperature
SE_02335,2020-08-02 12:05:00,2020-08-02 12:45:00,40.0,6,1.1583473861720082,Oil_temperature,1.1871838111298507,TP3|H1|Reservoirs|Oil_temperature
SE_02336,2020-08-02 13:25:00,2020-08-02 14:05:00,40.0,6,1.216526138279934,DV_pressure,41.39999999999393,TP2|TP3|H1|DV_pressure|Reservoirs|Oil_temperature|Motor_current
SE_02337,2020-08-02 14:20:00,2020-08-02 14:25:00,5.0,1,1.0104094751972117,H1,1.0464344941956876,TP3|H1|Reservoirs|Oil_temperature
SE_02338,2020-08-02 14:45:00,2020-08-02 15:30:00,45.0,5,1.1772344013490745,DV_pressure,73.59999999998902,TP2|TP3|H1|DV_pressure|Reservoirs|Oil_temperature|Motor_current
SE_02339,2020-08-02 15:45:00,2020-08-02 16:25:00,40.0,5,1.207588532883644,DV_pressure,25.339216101054202,TP2|TP3|H1|DV_pressure|Reservoirs|Oil_temperature|Motor_current
SE_02340,2020-08-02 17:20:00,2020-08-02 17:40:00,20.0,3,1.1112984822934238,Oil_temperature,1.141652613827995,TP3|H1|Reservoirs|Oil_temperature
SE_02341,2020-08-02 17:55:00,2020-08-02 18:05:00,10.0,2,1.074367622259698,Motor_current,1.160870489364154,TP3|H1|Reservoirs|Oil_temperature|Motor_current
SE_02342,2020-08-02 18:30:00,2020-08-02 18:55:00,25.0,3,1.1182124789207437,DV_pressure,18.993079689341165,TP2|TP3|H1|DV_pressure|Reservoirs|Oil_temperature|Motor_current
SE_02343,2020-08-02 19:10:00,2020-08-02 19:15:00,5.0,1,1.0422544388792423,DV_pressure,9.59999999999856,TP3|H1|DV_pressure|Reservoirs|Oil_temperature
SE_02344,2020-08-02 19:35:00,2020-08-02 19:40:00,5.0,1,1.1231028667790917,Oil_temperature,1.150084317032042,TP3|H1|Reservoirs|Oil_temperature
SE_02345,2020-08-03 09:05:00,2020-08-03 09:15:00,10.0,2,3.7370223978919617,TP3,3.897233201581025,TP3|H1|Reservoirs|Oil_temperature
SE_02346,2020-08-03 09:50:00,2020-08-03 10:25:00,35.0,7,3.914259086672936,Motor_current,3.914259086672936,TP2|TP3|Reservoirs|Motor_current
SE_02347,2020-08-03 15:55:00,2020-08-03 16:00:00,5.0,1,1.0155143338954484,H1,1.0580431177446106,TP3|H1|Reservoirs|Oil_temperature
SE_02348,2020-08-03 16:15:00,2020-08-03 16:20:00,5.0,1,1.0141652613828005,H1,1.049751243781095,TP3|H1|Reservoirs|Oil_temperature
SE_02349,2020-08-03 16:35:00,2020-08-03 16:40:00,5.0,1,1.0222596964586859,H1,1.0530679933665008,TP3|H1|Reservoirs|Oil_temperature
SE_02350,2020-08-03 17:00:00,2020-08-03 17:05:00,5.0,1,1.010118043844858,Oil_temperature,1.0404721753794282,Oil_temperature
SE_02351,2020-08-03 17:20:00,2020-08-03 17:25:00,5.0,1,1.0082918739635156,H1,1.0530679933665008,TP3|H1|Reservoirs|Oil_temperature
SE_02352,2020-08-03 17:40:00,2020-08-03 17:45:00,5.0,1,1.0168634064080964,H1,1.0464344941956876,TP3|H1|Reservoirs|Oil_temperature
SE_02353,2020-08-03 18:00:00,2020-08-03 18:05:00,5.0,1,1.021922428330524,DV_pressure,2.19999999999968,TP3|H1|DV_pressure|Reservoirs|Oil_temperature
SE_02354,2020-08-03 18:20:00,2020-08-03 18:25:00,5.0,1,1.0016863406408107,H1,1.0679933665008283,TP3|H1|Reservoirs|Oil_temperature
SE_02355,2020-08-03 18:45:00,2020-08-03 18:50:00,5.0,1,1.0156829679595294,DV_pressure,1.3749962225378267,TP3|H1|DV_pressure|Reservoirs|Oil_temperature
SE_02356,2020-08-03 19:05:00,2020-08-03 19:10:00,5.0,1,1.0158516020236104,H1,1.0630182421227201,TP3|H1|Reservoirs|Oil_temperature
SE_02357,2020-08-03 19:45:00,2020-08-03 19:50:00,5.0,1,1.0084317032040482,H1,1.0646766169154225,TP3|H1|Reservoirs|Oil_temperature
SE_02358,2020-08-03 20:05:00,2020-08-03 20:15:00,10.0,2,1.0033726812816215,DV_pressure,34.692212384031265,TP2|TP3|H1|DV_pressure|Reservoirs|Oil_temperature|Motor_current
SE_02359,2020-08-03 20:30:00,2020-08-03 20:35:00,5.0,1,1.008305856887569,Oil_temperature,1.0168634064080964,TP3|H1|Reservoirs|Oil_temperature
SE_02360,2020-08-03 20:50:00,2020-08-03 20:55:00,5.0,1,1.0035413153457022,H1,1.0281923714759527,TP3|H1|Reservoirs|Oil_temperature
SE_02361,2020-08-03 21:30:00,2020-08-03 21:35:00,5.0,1,0.9952782462057345,H1,1.0265339966832505,TP3|H1|Reservoirs
SE_02362,2020-08-03 22:35:00,2020-08-03 22:45:00,10.0,2,1.0355591351841134,DV_pressure,3.535704572240119,TP2|TP3|H1|DV_pressure|Reservoirs|Oil_temperature
SE_02363,2020-08-03 23:00:00,2020-08-03 23:05:00,5.0,1,1.0166117137751378,DV_pressure,48.81992082439243,TP2|TP3|H1|DV_pressure|Reservoirs|Oil_temperature|Motor_current
SE_02364,2020-08-03 23:45:00,2020-08-03 23:50:00,5.0,1,0.9986509274873548,Oil_temperature,1.010118043844858,Oil_temperature
SE_02365,2020-08-04 00:25:00,2020-08-04 00:30:00,5.0,1,1.001661171377513,H1,1.0514096185737971,TP3|H1|Reservoirs|Oil_temperature
SE_02366,2020-08-04 00:45:00,2020-08-04 00:50:00,5.0,1,0.9951096121416534,H1,1.0563847429519069,TP3|H1|Reservoirs
SE_02367,2020-08-04 01:05:00,2020-08-04 01:10:00,5.0,1,1.0016863406408107,H1,1.049751243781095,TP3|H1|Reservoirs|Oil_temperature
SE_02368,2020-08-04 01:25:00,2020-08-04 01:30:00,5.0,1,1.0016863406408107,TP2,45.90686869387264,TP2|TP3|H1|Reservoirs|Oil_temperature|Motor_current
SE_02369,2020-08-04 02:30:00,2020-08-04 02:35:00,5.0,1,1.0001686340640812,H1,1.0414593698175778,TP3|H1|Reservoirs|Oil_temperature
SE_02370,2020-08-05 08:25:00,2020-08-05 08:35:00,10.0,2,4.499341238471671,TP3,4.685111989459814,TP3|Reservoirs|Oil_temperature
SE_02371,2020-08-05 10:40:00,2020-08-05 10:45:00,5.0,1,1.0084317032040482,TP2,46.02822370930206,TP2|TP3|H1|DV_pressure|Reservoirs|Oil_temperature|Motor_current
SE_02372,2020-08-05 11:25:00,2020-08-05 11:30:00,5.0,1,1.021922428330524,H1,1.0464344941956876,TP3|H1|Reservoirs|Oil_temperature
SE_02373,2020-08-05 11:45:00,2020-08-05 11:50:00,5.0,1,1.0239460370994957,TP2,45.733504386116316,TP2|TP3|H1|DV_pressure|Reservoirs|Oil_temperature|Motor_current
SE_02374,2020-08-05 12:05:00,2020-08-05 12:10:00,5.0,1,1.067622259696461,DV_pressure,506.1999999999242,TP3|H1|DV_pressure|Reservoirs|Oil_temperature
SE_02375,2020-08-05 12:25:00,2020-08-05 12:35:00,10.0,2,1.042158516020238,H1,1.0646766169154225,TP3|H1|Reservoirs|Oil_temperature
SE_02376,2020-08-05 12:50:00,2020-08-05 12:55:00,5.0,1,1.0556492411467138,H1,1.069651741293532,TP3|H1|Reservoirs|Oil_temperature
SE_02377,2020-08-05 13:10:00,2020-08-05 13:15:00,5.0,1,1.0691399662731886,Oil_temperature,1.0944350758853303,TP3|H1|Reservoirs|Oil_temperature
SE_02378,2020-08-05 13:30:00,2020-08-05 13:35:00,5.0,1,1.0794266441821265,Oil_temperature,1.0893760539629018,TP3|H1|Reservoirs|Oil_temperature
SE_02379,2020-08-05 13:50:00,2020-08-05 13:55:00,5.0,1,1.074198988195617,Oil_temperature,1.0910623946037115,TP3|H1|Reservoirs|Oil_temperature
SE_02380,2020-08-05 14:10:00,2020-08-05 14:40:00,30.0,4,1.0973018549747067,Oil_temperature,1.1214165261382807,TP3|H1|Reservoirs|Oil_temperature
SE_02381,2020-08-05 14:55:00,2020-08-05 15:00:00,5.0,1,1.1021922428330542,Oil_temperature,1.1163575042158533,TP3|H1|Reservoirs|Oil_temperature
SE_02382,2020-08-05 15:15:00,2020-08-05 15:20:00,5.0,1,1.0902192242833066,Oil_temperature,1.106239460370997,TP3|H1|Reservoirs|Oil_temperature
SE_02383,2020-08-05 15:35:00,2020-08-05 15:40:00,5.0,1,1.0983136593591918,Oil_temperature,1.118043844856663,TP3|H1|Reservoirs|Oil_temperature
SE_02384,2020-08-05 15:55:00,2020-08-05 16:25:00,30.0,4,1.1112984822934238,Oil_temperature,1.1315345699831378,TP3|H1|Reservoirs|Oil_temperature|Motor_current
SE_02385,2020-08-05 16:40:00,2020-08-05 16:45:00,5.0,1,1.108094435075887,Oil_temperature,1.1231028667790917,Oil_temperature
SE_02386,2020-08-05 17:00:00,2020-08-05 17:05:00,5.0,1,1.1118043844856667,Oil_temperature,1.1231028667790917,TP3|H1|Reservoirs|Oil_temperature
SE_02387,2020-08-05 17:20:00,2020-08-05 17:25:00,5.0,1,1.1028667790893776,Oil_temperature,1.107925801011806,TP3|H1|Reservoirs|Oil_temperature
SE_02388,2020-08-05 17:40:00,2020-08-05 17:45:00,5.0,1,1.109612141652616,TP2,45.24808432439864,TP2|TP3|H1|DV_pressure|Reservoirs|Oil_temperature|Motor_current
SE_02389,2020-08-05 18:00:00,2020-08-05 18:30:00,30.0,4,1.0885328836424977,Oil_temperature,1.1045531197301872,TP3|H1|Reservoirs|Oil_temperature
SE_02390,2020-08-05 18:45:00,2020-08-05 18:50:00,5.0,1,1.075885328836426,Oil_temperature,1.0910623946037115,TP3|H1|Reservoirs|Oil_temperature
SE_02391,2020-08-05 19:05:00,2020-08-05 19:10:00,5.0,1,1.0623946037099503,Oil_temperature,1.0809443507588545,TP3|H1|Reservoirs|Oil_temperature
SE_02392,2020-08-05 19:25:00,2020-08-05 19:30:00,5.0,1,1.0630691399662742,Oil_temperature,1.0843170320404731,TP3|H1|Reservoirs|Oil_temperature
SE_02393,2020-08-05 19:45:00,2020-08-05 19:50:00,5.0,1,1.0676222596964597,Oil_temperature,1.0725126475548072,TP3|H1|Reservoirs|Oil_temperature
SE_02394,2020-08-05 20:05:00,2020-08-05 20:10:00,5.0,1,1.0561551433389567,Oil_temperature,1.0691399662731886,TP3|H1|Reservoirs|Oil_temperature
SE_02395,2020-08-05 20:25:00,2020-08-05 21:15:00,50.0,6,1.0561551433389567,H1,1.0746268656716418,TP3|H1|Reservoirs|Oil_temperature
SE_02396,2020-08-05 21:30:00,2020-08-05 21:35:00,5.0,1,1.031028667790895,Oil_temperature,1.042158516020238,Oil_temperature
SE_02397,2020-08-05 21:50:00,2020-08-05 21:55:00,5.0,1,1.0337268128161907,H1,1.069651741293532,TP3|H1|Reservoirs|Oil_temperature
SE_02398,2020-08-05 22:10:00,2020-08-05 22:15:00,5.0,1,1.0286677908937623,Oil_temperature,1.0455311973018568,TP3|H1|Reservoirs|Oil_temperature
SE_02399,2020-08-05 22:30:00,2020-08-05 22:35:00,5.0,1,1.0337268128161907,H1,1.0480928689883913,TP3|H1|Reservoirs|Oil_temperature
SE_02400,2020-08-05 22:50:00,2020-08-05 22:55:00,5.0,1,1.021922428330524,H1,1.0447761194029854,TP3|H1|Reservoirs|Oil_temperature
SE_02401,2020-08-05 23:10:00,2020-08-05 23:15:00,5.0,1,1.022091062394605,H1,1.0613598673300164,TP3|H1|Reservoirs|Oil_temperature
SE_02402,2020-08-05 23:30:00,2020-08-05 23:35:00,5.0,1,1.0173329529978008,TP2,43.97385666238971,TP2|TP3|H1|DV_pressure|Reservoirs|Oil_temperature|Motor_current
SE_02403,2020-08-05 23:50:00,2020-08-05 23:55:00,5.0,1,1.0241146711635767,H1,1.0646766169154225,TP3|H1|Reservoirs|Oil_temperature|Motor_current
SE_02404,2020-08-06 00:10:00,2020-08-06 00:15:00,5.0,1,1.0136593591905576,H1,1.0248756218905468,TP3|H1|Reservoirs|Oil_temperature
SE_02405,2020-08-06 00:30:00,2020-08-06 00:55:00,25.0,3,1.0138279932546386,TP2,45.89820047848482,TP2|TP3|H1|Reservoirs|Oil_temperature|Motor_current
SE_02406,2020-08-06 01:10:00,2020-08-06 01:15:00,5.0,1,1.020236087689715,H1,1.038142620232172,TP3|H1|Reservoirs|Oil_temperature
SE_02407,2020-08-06 01:30:00,2020-08-06 01:40:00,10.0,2,1.8098507462685434,DV_pressure,8.999999999998622,TP3|H1|DV_pressure|Reservoirs|Oil_temperature
SE_02408,2020-08-06 01:55:00,2020-08-06 02:40:00,45.0,5,1.009578582634887,H1,1.0679933665008283,TP3|H1|Reservoirs|Oil_temperature|Motor_current
SE_02409,2020-08-06 02:55:00,2020-08-06 03:00:00,5.0,1,0.9969645868465441,Oil_temperature,1.0033726812816215,Oil_temperature
SE_02410,2020-08-06 03:15:00,2020-08-06 03:40:00,25.0,3,1.0016863406408107,H1,1.049751243781095,TP3|H1|Reservoirs|Oil_temperature
SE_02411,2020-08-06 04:50:00,2020-08-06 04:55:00,5.0,1,1.017369308600339,DV_pressure,35.74990178598344,TP2|TP3|H1|DV_pressure|Reservoirs|Oil_temperature|Motor_current
SE_02412,2020-08-06 05:10:00,2020-08-06 05:15:00,5.0,1,0.9932546374367646,Motor_current,1.0464184692859986,TP3|H1|Reservoirs|Motor_current
SE_02413,2020-08-06 05:30:00,2020-08-06 05:35:00,5.0,1,0.9938612166821873,H1,1.0431177446102815,TP3|H1|Reservoirs|Oil_temperature
SE_02414,2020-08-06 05:50:00,2020-08-06 05:55:00,5.0,1,0.9952810427905449,Motor_current,1.0676738444433698,TP3|H1|Reservoirs|Motor_current
SE_02415,2020-08-06 06:10:00,2020-08-06 06:15:00,5.0,1,0.9988195615514359,H1,1.0348258706467661,TP3|H1|Reservoirs|Oil_temperature
SE_02416,2020-08-06 06:50:00,2020-08-06 06:55:00,5.0,1,1.0084317032040482,DV_pressure,12.329636457042481,TP2|TP3|H1|DV_pressure|Reservoirs|Oil_temperature|Motor_current
SE_02417,2020-08-06 07:55:00,2020-08-06 08:00:00,5.0,1,0.9966273187183823,Oil_temperature,1.0084317032040482,Oil_temperature
SE_02418,2020-08-06 08:30:00,2020-08-06 08:40:00,10.0,2,3.914259086672936,Motor_current,3.914259086672936,TP3|Reservoirs|Motor_current
SE_02419,2020-08-06 09:30:00,2020-08-06 09:35:00,5.0,1,1.0084317032040482,DV_pressure,40.524613943367534,TP2|TP3|H1|DV_pressure|Reservoirs|Oil_temperature|Motor_current
SE_02420,2020-08-06 09:50:00,2020-08-06 10:00:00,10.0,2,1.0084317032040482,H1,1.038142620232172,TP3|H1|Reservoirs|Oil_temperature
SE_02421,2020-08-06 10:15:00,2020-08-06 10:20:00,5.0,1,1.0258010118043863,H1,1.0464344941956876,TP3|H1|Reservoirs|Oil_temperature
SE_02422,2020-08-06 10:35:00,2020-08-06 10:40:00,5.0,1,1.0406408094435091,Oil_temperature,1.0489038785834746,TP3|H1|Reservoirs|Oil_temperature
SE_02423,2020-08-06 10:55:00,2020-08-06 11:00:00,5.0,1,1.0376053962900524,H1,1.049751243781095,TP3|H1|Reservoirs|Oil_temperature
SE_02424,2020-08-06 11:15:00,2020-08-06 11:25:00,10.0,2,1.0576728499156838,H1,1.0779436152570476,TP3|H1|Reservoirs|Oil_temperature
SE_02425,2020-08-06 11:40:00,2020-08-06 11:45:00,5.0,1,1.051264755480609,DV_pressure,5.953280348130801,TP2|TP3|H1|DV_pressure|Reservoirs|Oil_temperature
SE_02426,2020-08-06 12:00:00,2020-08-06 12:05:00,5.0,1,1.0777403035413167,Oil_temperature,1.0910623946037115,TP3|H1|Reservoirs|Oil_temperature
SE_02427,2020-08-06 12:20:00,2020-08-06 13:10:00,50.0,6,1.0876897133220929,DV_pressure,1.4958750113323607,TP3|H1|DV_pressure|Reservoirs|Oil_temperature
SE_02428,2020-08-06 13:25:00,2020-08-06 13:30:00,5.0,1,1.0929173693086023,Oil_temperature,1.1011804384485686,TP3|H1|Reservoirs|Oil_temperature
SE_02429,2020-08-06 13:45:00,2020-08-06 13:50:00,5.0,1,1.0979763912310299,DV_pressure,3.082409114260626,TP2|TP3|H1|DV_pressure|Reservoirs|Oil_temperature
SE_02430,2020-08-06 14:05:00,2020-08-06 14:10:00,5.0,1,1.1013490725126496,Oil_temperature,1.1197301854974728,TP3|H1|Reservoirs|Oil_temperature
SE_02431,2020-08-06 14:25:00,2020-08-06 14:55:00,30.0,4,1.1101180438448588,Oil_temperature,1.1231028667790917,TP3|H1|Reservoirs|Oil_temperature
SE_02432,2020-08-06 15:10:00,2020-08-06 15:15:00,5.0,1,1.1104553119730207,DV_pressure,5.333776555558809,TP2|TP3|H1|DV_pressure|Reservoirs|Oil_temperature|Motor_current
SE_02433,2020-08-06 15:30:00,2020-08-06 15:35:00,5.0,1,1.116863406408096,DV_pressure,43.183947296847286,TP2|TP3|H1|DV_pressure|Reservoirs|Oil_temperature|Motor_current
SE_02434,2020-08-06 15:50:00,2020-08-06 15:55:00,5.0,1,1.1028667790893776,Oil_temperature,1.1231028667790917,TP3|H1|Reservoirs|Oil_temperature
SE_02435,2020-08-06 16:10:00,2020-08-06 17:00:00,50.0,6,1.1197301854974728,DV_pressure,1.4958750113323607,TP3|H1|DV_pressure|Reservoirs|Oil_temperature
SE_02436,2020-08-06 17:15:00,2020-08-06 17:20:00,5.0,1,1.109612141652616,DV_pressure,14.747212232933164,TP2|TP3|H1|DV_pressure|Reservoirs|Oil_temperature|Motor_current
SE_02437,2020-08-06 17:35:00,2020-08-06 17:40:00,5.0,1,1.1033726812816205,DV_pressure,24.009549424314326,TP2|TP3|H1|DV_pressure|Reservoirs|Oil_temperature|Motor_current
SE_02438,2020-08-06 17:55:00,2020-08-06 18:00:00,5.0,1,1.0961214165261401,Oil_temperature,1.1011804384485686,TP3|H1|Reservoirs|Oil_temperature
SE_02439,2020-08-06 18:15:00,2020-08-06 18:45:00,30.0,4,1.1011804384485686,Oil_temperature,1.1112984822934238,TP3|H1|Reservoirs|Oil_temperature
SE_02440,2020-08-06 19:00:00,2020-08-06 19:05:00,5.0,1,1.0809443507588545,Oil_temperature,1.0893760539629018,Oil_temperature
SE_02441,2020-08-06 19:20:00,2020-08-06 19:25:00,5.0,1,1.075885328836426,Oil_temperature,1.0826306913996644,TP3|H1|Reservoirs|Oil_temperature
SE_02442,2020-08-06 19:40:00,2020-08-06 19:45:00,5.0,1,1.0623946037099503,Oil_temperature,1.06408094435076,TP3|H1|Reservoirs|Oil_temperature
SE_02443,2020-08-06 20:00:00,2020-08-06 20:05:00,5.0,1,1.0661045531197326,Oil_temperature,1.074198988195617,TP3|H1|Reservoirs|Oil_temperature
SE_02444,2020-08-06 20:20:00,2020-08-06 20:25:00,5.0,1,1.053962900505903,Oil_temperature,1.065767284991571,TP3|H1|Reservoirs|Oil_temperature
SE_02445,2020-08-06 20:40:00,2020-08-06 20:45:00,5.0,1,1.0501724094535758,H1,7.184079601990052,TP3|H1|Reservoirs|Oil_temperature|Motor_current
SE_02446,2020-08-06 21:00:00,2020-08-06 21:05:00,5.0,1,1.0473861720067472,Oil_temperature,1.0556492411467138,TP3|H1|Reservoirs|Oil_temperature
SE_02447,2020-08-06 21:20:00,2020-08-06 22:30:00,70.0,8,1.0360876897133235,DV_pressure,11.78568190746707,TP2|TP3|H1|DV_pressure|Reservoirs|Oil_temperature|Motor_current
SE_02448,2020-08-06 22:45:00,2020-08-06 22:50:00,5.0,1,1.042158516020238,Oil_temperature,1.0556492411467138,TP3|H1|Reservoirs|Oil_temperature
SE_02449,2020-08-06 23:05:00,2020-08-06 23:10:00,5.0,1,1.0505902192242853,DV_pressure,1.8131818319180246,TP2|TP3|H1|DV_pressure|Reservoirs|Oil_temperature|Motor_current
SE_02450,2020-08-06 23:25:00,2020-08-06 23:30:00,5.0,1,1.042158516020238,Oil_temperature,1.0472175379426665,TP3|H1|Reservoirs|Oil_temperature
SE_02451,2020-08-06 23:45:00,2020-08-06 23:50:00,5.0,1,1.021922428330524,Oil_temperature,1.0438448566610459,TP3|H1|Reservoirs|Oil_temperature
SE_02452,2020-08-07 00:05:00,2020-08-07 00:10:00,5.0,1,1.0248756218905468,DV_pressure,48.00398900002933,TP2|TP3|H1|DV_pressure|Reservoirs|Oil_temperature|Motor_current
SE_02453,2020-08-07 00:25:00,2020-08-07 00:30:00,5.0,1,1.020236087689715,H1,1.0480928689883913,TP3|H1|Reservoirs|Oil_temperature
SE_02454,2020-08-07 00:45:00,2020-08-07 00:50:00,5.0,1,1.0225969645868478,H1,1.0414593698175778,TP3|H1|Reservoirs|Oil_temperature
SE_02455,2020-08-07 01:05:00,2020-08-07 03:55:00,170.0,18,1.0382069416828168,DV_pressure,457.7999999999315,TP2|TP3|H1|DV_pressure|Reservoirs|Oil_temperature|Motor_current
SE_02456,2020-08-07 04:10:00,2020-08-07 04:15:00,5.0,1,1.0172006745362583,Oil_temperature,1.021922428330524,Oil_temperature
SE_02457,2020-08-07 04:30:00,2020-08-07 04:35:00,5.0,1,1.020404721753796,Oil_temperature,1.0286677908937623,Oil_temperature
SE_02458,2020-08-07 04:50:00,2020-08-07 04:55:00,5.0,1,1.0180438448566629,Oil_temperature,1.0354131534569997,Oil_temperature
SE_02459,2020-08-07 05:10:00,2020-08-07 05:15:00,5.0,1,1.0151770657672865,Oil_temperature,1.021922428330524,Oil_temperature
SE_02460,2020-08-07 05:30:00,2020-08-07 05:35:00,5.0,1,1.0035413153457022,Oil_temperature,1.0151770657672865,Oil_temperature
SE_02461,2020-08-07 05:50:00,2020-08-07 05:55:00,5.0,1,1.0086003372681291,Oil_temperature,1.0151770657672865,Oil_temperature
SE_02462,2020-08-07 06:10:00,2020-08-07 06:35:00,25.0,3,1.0067453625632392,H1,1.0232172470978445,TP3|H1|Reservoirs|Oil_temperature
SE_02463,2020-08-07 06:50:00,2020-08-07 06:55:00,5.0,1,1.0084317032040482,Oil_temperature,1.021922428330524,Oil_temperature
SE_02464,2020-08-07 07:10:00,2020-08-07 07:15:00,5.0,1,0.9932546374367646,Oil_temperature,0.9949409780775724,
SE_02465,2020-08-07 07:30:00,2020-08-07 07:35:00,5.0,1,1.0033726812816215,Oil_temperature,1.0134907251264766,Oil_temperature
SE_02466,2020-08-07 07:50:00,2020-08-07 08:15:00,25.0,3,1.020404721753796,H1,1.0298507462686564,TP3|H1|Reservoirs|Oil_temperature
SE_02467,2020-08-07 08:30:00,2020-08-07 09:35:00,65.0,7,1.0306913996627332,DV_pressure,8.718382641805766,TP2|TP3|H1|DV_pressure|Reservoirs|Oil_temperature|Motor_current
SE_02468,2020-08-07 09:50:00,2020-08-07 09:55:00,5.0,1,1.01045531197302,Oil_temperature,1.042158516020238,TP3|H1|Reservoirs|Oil_temperature
SE_02469,2020-08-07 10:10:00,2020-08-07 10:15:00,5.0,1,1.029901084795248,Oil_temperature,1.0337268128161907,TP3|H1|Reservoirs|Oil_temperature
SE_02470,2020-08-07 10:30:00,2020-08-07 10:35:00,5.0,1,1.0252951096121437,H1,1.0530679933665008,TP3|H1|Reservoirs|Oil_temperature
SE_02471,2020-08-07 10:50:00,2020-08-07 10:55:00,5.0,1,1.0308600337268141,H1,1.0398009950248757,TP3|H1|Reservoirs|Oil_temperature
SE_02472,2020-08-07 11:10:00,2020-08-07 11:15:00,5.0,1,1.0227655986509288,H1,1.0580431177446106,TP3|H1|Reservoirs|Oil_temperature
SE_02473,2020-08-07 11:30:00,2020-08-07 11:35:00,5.0,1,1.0291736930860051,H1,1.0364842454394698,TP3|H1|Reservoirs|Oil_temperature
SE_02474,2020-08-07 11:50:00,2020-08-07 12:40:00,50.0,6,1.0623946037099503,TP2,41.54675635380127,TP2|TP3|H1|DV_pressure|Reservoirs|Oil_temperature|Motor_current
SE_02475,2020-08-07 12:55:00,2020-08-07 13:00:00,5.0,1,1.0661045531197326,Oil_temperature,1.0708263069139974,TP3|H1|Reservoirs|Oil_temperature
SE_02476,2020-08-07 13:15:00,2020-08-07 13:20:00,5.0,1,1.0777403035413167,Oil_temperature,1.0826306913996644,TP3|H1|Reservoirs|Oil_temperature
SE_02477,2020-08-07 13:35:00,2020-08-07 13:40:00,5.0,1,1.075885328836426,Oil_temperature,1.0843170320404731,TP3|H1|Reservoirs|Oil_temperature
SE_02478,2020-08-07 13:55:00,2020-08-07 14:00:00,5.0,1,1.0946037099494113,TP2,44.58063173953681,TP2|TP3|H1|DV_pressure|Reservoirs|Oil_temperature|Motor_current
SE_02479,2020-08-07 14:15:00,2020-08-07 14:45:00,30.0,4,1.1028667790893776,Oil_temperature,1.109612141652616,TP3|H1|Reservoirs|Oil_temperature|Motor_current
SE_02480,2020-08-07 15:00:00,2020-08-07 15:05:00,5.0,1,1.0961214165261401,Oil_temperature,1.0961214165261401,TP3|H1|Reservoirs|Oil_temperature
SE_02481,2020-08-07 15:20:00,2020-08-07 15:25:00,5.0,1,1.0961214165261401,DV_pressure,49.167447342176715,TP2|TP3|H1|DV_pressure|Reservoirs|Oil_temperature|Motor_current
SE_02482,2020-08-07 15:40:00,2020-08-07 15:45:00,5.0,1,1.109612141652616,Oil_temperature,1.1163575042158533,TP3|H1|Reservoirs|Oil_temperature
SE_02483,2020-08-07 16:00:00,2020-08-07 16:05:00,5.0,1,1.097807757166949,Oil_temperature,1.1028667790893776,TP3|H1|Reservoirs|Oil_temperature
SE_02484,2020-08-07 16:20:00,2020-08-07 16:50:00,30.0,4,1.097807757166949,Oil_temperature,1.1112984822934238,TP3|H1|Reservoirs|Oil_temperature
SE_02485,2020-08-07 17:05:00,2020-08-07 17:10:00,5.0,1,1.1000000000000016,Oil_temperature,1.106239460370997,TP3|H1|Reservoirs|Oil_temperature
SE_02486,2020-08-07 17:25:00,2020-08-07 17:30:00,5.0,1,1.0826306913996644,Oil_temperature,1.0876897133220929,TP3|H1|Reservoirs|Oil_temperature
SE_02487,2020-08-07 17:45:00,2020-08-07 17:50:00,5.0,1,1.0792580101180456,Oil_temperature,1.0826306913996644,TP3|H1|Reservoirs|Oil_temperature
SE_02488,2020-08-07 18:05:00,2020-08-07 18:10:00,5.0,1,1.0843170320404731,Oil_temperature,1.0893760539629018,TP3|H1|Reservoirs|Oil_temperature
SE_02489,2020-08-07 18:25:00,2020-08-07 18:30:00,5.0,1,1.1350758853288376,Oil_temperature,1.141652613827995,TP3|H1|Reservoirs|Oil_temperature
SE_02490,2020-08-07 18:45:00,2020-08-07 18:55:00,10.0,2,1.0500843170320413,Oil_temperature,1.0691399662731886,TP3|H1|Reservoirs|Oil_temperature
SE_02491,2020-08-07 19:10:00,2020-08-07 19:15:00,5.0,1,1.020236087689715,H1,1.049751243781095,TP3|H1|Reservoirs|Oil_temperature
SE_02492,2020-08-07 19:30:00,2020-08-07 19:40:00,10.0,2,1.009274873524453,DV_pressure,4.956030340575898,TP2|TP3|H1|DV_pressure|Reservoirs|Oil_temperature
SE_02493,2020-08-07 19:55:00,2020-08-07 20:00:00,5.0,1,1.0087493952385356,H1,1.0580431177446106,TP3|H1|Reservoirs|Oil_temperature
SE_02494,2020-08-08 03:30:00,2020-08-08 03:35:00,5.0,1,139.29999999997906,DV_pressure,140.9999999999789,DV_pressure
SE_02495,2020-08-08 10:55:00,2020-08-08 11:00:00,5.0,1,1.0016863406408107,H1,1.0630182421227201,TP3|H1|Reservoirs|Oil_temperature
SE_02496,2020-08-08 11:15:00,2020-08-08 11:20:00,5.0,1,1.0151770657672865,DV_pressure,10.335136441932661,TP2|TP3|H1|DV_pressure|Reservoirs|Oil_temperature|Motor_current
SE_02497,2020-08-08 11:35:00,2020-08-08 11:40:00,5.0,1,1.0337268128161907,H1,1.0613598673300164,TP3|H1|Reservoirs|Oil_temperature
SE_02498,2020-08-08 11:55:00,2020-08-08 12:00:00,5.0,1,1.060876897133223,H1,1.069651741293532,TP3|H1|Reservoirs|Oil_temperature
SE_02499,2020-08-08 12:15:00,2020-08-08 12:20:00,5.0,1,1.0794266441821265,Oil_temperature,1.0826306913996644,TP3|H1|Reservoirs|Oil_temperature
SE_02500,2020-08-08 12:35:00,2020-08-08 12:40:00,5.0,1,1.0913996627318734,Oil_temperature,1.0961214165261401,TP3|H1|Reservoirs|Oil_temperature
SE_02501,2020-08-08 12:55:00,2020-08-08 13:00:00,5.0,1,1.0900505902192257,DV_pressure,17.346106192015625,TP2|TP3|H1|DV_pressure|Reservoirs|Oil_temperature|Motor_current
SE_02502,2020-08-08 13:15:00,2020-08-08 13:20:00,5.0,1,1.1047217537942682,Oil_temperature,1.106239460370997,TP3|H1|Reservoirs|Oil_temperature
SE_02503,2020-08-08 13:35:00,2020-08-08 13:40:00,5.0,1,1.1028667790893776,Oil_temperature,1.1045531197301872,TP3|H1|Reservoirs|Oil_temperature
SE_02504,2020-08-08 13:55:00,2020-08-08 14:00:00,5.0,1,1.108094435075887,TP2,43.52310946222328,TP2|TP3|H1|DV_pressure|Reservoirs|Oil_temperature|Motor_current
SE_02505,2020-08-08 14:15:00,2020-08-08 14:20:00,5.0,1,1.0946037099494113,Oil_temperature,1.0961214165261401,TP3|H1|Reservoirs|Oil_temperature
SE_02506,2020-08-08 14:35:00,2020-08-08 14:40:00,5.0,1,1.0816188870151784,Oil_temperature,1.0893760539629018,TP3|H1|Reservoirs|Oil_temperature
SE_02507,2020-08-08 14:55:00,2020-08-08 15:00:00,5.0,1,1.0709949409780783,DV_pressure,36.50539421594928,TP2|TP3|H1|DV_pressure|Reservoirs|Oil_temperature|Motor_current
SE_02508,2020-08-08 15:15:00,2020-08-08 15:20:00,5.0,1,1.0674536256323788,Oil_temperature,1.0826306913996644,TP3|H1|Reservoirs|Oil_temperature
SE_02509,2020-08-08 15:35:00,2020-08-08 15:40:00,5.0,1,1.074198988195617,Oil_temperature,1.0826306913996644,TP3|H1|Reservoirs|Oil_temperature
SE_02510,2020-08-08 15:55:00,2020-08-08 16:00:00,5.0,1,1.0674536256323788,Oil_temperature,1.0725126475548072,TP3|H1|Reservoirs|Oil_temperature
SE_02511,2020-08-08 16:15:00,2020-08-08 16:20:00,5.0,1,1.0590219224283315,Oil_temperature,1.074198988195617,TP3|H1|Reservoirs|Oil_temperature
SE_02512,2020-08-08 16:35:00,2020-08-08 16:40:00,5.0,1,1.0563237774030374,DV_pressure,27.983439605934628,TP2|TP3|H1|DV_pressure|Reservoirs|Oil_temperature|Motor_current
SE_02513,2020-08-08 16:55:00,2020-08-08 17:00:00,5.0,1,1.0473861720067472,H1,1.0597014925373127,TP3|H1|Reservoirs|Oil_temperature
SE_02514,2020-08-08 17:15:00,2020-08-08 17:20:00,5.0,1,1.0406408094435091,H1,1.0431177446102815,TP3|H1|Reservoirs|Oil_temperature
SE_02515,2020-08-08 17:35:00,2020-08-08 17:40:00,5.0,1,1.0389544688027004,Oil_temperature,1.0573355817875216,TP3|H1|Reservoirs|Oil_temperature
SE_02516,2020-08-08 17:55:00,2020-08-08 18:00:00,5.0,1,1.0303541315345712,H1,1.0348258706467661,TP3|H1|Reservoirs|Oil_temperature
SE_02517,2020-08-08 18:15:00,2020-08-08 18:20:00,5.0,1,1.021922428330524,H1,1.049751243781095,TP3|H1|Reservoirs|Oil_temperature
SE_02518,2020-08-08 18:35:00,2020-08-08 18:40:00,5.0,1,1.017369308600339,H1,1.038142620232172,TP3|H1|Reservoirs|Oil_temperature
SE_02519,2020-08-08 18:55:00,2020-08-08 19:00:00,5.0,1,1.0256323777403056,H1,1.0646766169154225,TP3|H1|Reservoirs|Oil_temperature
SE_02520,2020-08-08 19:15:00,2020-08-08 19:20:00,5.0,1,1.021922428330524,H1,1.0597014925373127,TP3|H1|Reservoirs|Oil_temperature
SE_02521,2020-08-08 19:35:00,2020-08-08 19:40:00,5.0,1,0.9988195615514359,TP2,40.28986512256798,TP2|TP3|H1|DV_pressure|Reservoirs|Oil_temperature|Motor_current
SE_02522,2020-08-09 06:00:00,2020-08-09 06:10:00,10.0,2,56.05999999999164,DV_pressure,148.39999999997792,TP3|H1|DV_pressure|Reservoirs|Oil_temperature
SE_02523,2020-08-09 06:25:00,2020-08-09 06:30:00,5.0,1,1.0070826306914011,H1,1.0580431177446106,TP3|H1|Reservoirs|Oil_temperature
SE_02524,2020-08-09 07:00:00,2020-08-09 07:15:00,15.0,3,1.06408094435076,Oil_temperature,1.0843170320404731,TP3|H1|Reservoirs|Oil_temperature
SE_02525,2020-08-09 08:15:00,2020-08-09 08:40:00,25.0,3,1.049751243781095,DV_pressure,25.112568372064455,TP2|TP3|H1|DV_pressure|Reservoirs|Oil_temperature|Motor_current
SE_02526,2020-08-09 08:55:00,2020-08-09 09:35:00,40.0,5,1.109612141652616,DV_pressure,27.590583542352395,TP2|TP3|H1|DV_pressure|Reservoirs|Oil_temperature|Motor_current
SE_02527,2020-08-09 10:30:00,2020-08-09 10:45:00,15.0,2,1.1163575042158533,Oil_temperature,1.1231028667790917,TP3|H1|Reservoirs|Oil_temperature|Motor_current
SE_02528,2020-08-09 11:40:00,2020-08-09 12:05:00,25.0,3,1.0876897133220929,Oil_temperature,1.097807757166949,TP3|H1|Reservoirs|Oil_temperature
SE_02529,2020-08-09 12:25:00,2020-08-09 13:05:00,40.0,4,1.1163575042158533,Oil_temperature,1.1315345699831378,TP3|H1|Reservoirs|Oil_temperature
SE_02530,2020-08-09 13:40:00,2020-08-09 14:25:00,45.0,5,1.1283305227656009,Oil_temperature,1.1365935919055674,TP3|H1|Reservoirs|Oil_temperature|Motor_current
SE_02531,2020-08-09 14:45:00,2020-08-09 15:25:00,40.0,4,1.1365935919055674,Oil_temperature,1.1483979763912322,TP3|H1|Reservoirs|Oil_temperature
SE_02532,2020-08-09 16:15:00,2020-08-09 16:35:00,20.0,3,1.1284991568296818,Oil_temperature,1.1365935919055674,TP3|H1|Reservoirs|Oil_temperature
SE_02533,2020-08-09 17:10:00,2020-08-09 17:45:00,35.0,4,1.1553119730185517,Oil_temperature,1.2225969645868484,TP3|H1|Reservoirs|Oil_temperature
SE_02534,2020-08-09 18:35:00,2020-08-09 18:55:00,20.0,3,1.1234401349072536,DV_pressure,16.78704179384092,TP2|TP3|H1|DV_pressure|Reservoirs|Oil_temperature
SE_02535,2020-08-09 19:55:00,2020-08-09 20:00:00,5.0,1,1.0040304380290812,DV_pressure,482.9999999999276,TP3|H1|DV_pressure|Reservoirs|Oil_temperature
SE_02536,2020-08-10 05:30:00,2020-08-10 05:35:00,5.0,1,1.0303541315345712,DV_pressure,2.0549394095070794,TP2|DV_pressure|Oil_temperature
SE_02537,2020-08-10 05:50:00,2020-08-10 05:55:00,5.0,1,1.0387858347386194,Oil_temperature,1.0489038785834746,TP3|H1|Reservoirs|Oil_temperature
SE_02538,2020-08-10 06:20:00,2020-08-10 08:10:00,110.0,11,1.109612141652616,DV_pressure,48.80481097579312,TP2|TP3|H1|DV_pressure|Reservoirs|Oil_temperature|Motor_current
SE_02539,2020-08-10 08:35:00,2020-08-10 08:40:00,5.0,1,1.065122951851199,Oil_temperature,1.0809443507588545,TP3|H1|Reservoirs|Oil_temperature
SE_02540,2020-08-10 08:55:00,2020-08-10 09:00:00,5.0,1,1.0236087689713338,Oil_temperature,1.0623946037099503,TP3|H1|Reservoirs|Oil_temperature
SE_02541,2020-08-10 09:30:00,2020-08-10 09:50:00,20.0,3,1.145362563237775,Oil_temperature,1.1703204047217552,TP3|H1|Reservoirs|Oil_temperature
SE_02542,2020-08-10 10:45:00,2020-08-10 10:50:00,5.0,1,1.0470489038785853,DV_pressure,19.68813272490974,TP2|TP3|H1|DV_pressure|Reservoirs|Oil_temperature
SE_02543,2020-08-10 11:05:00,2020-08-10 11:10:00,5.0,1,1.0920741989881972,Oil_temperature,1.1146711635750444,TP3|H1|Reservoirs|Oil_temperature
SE_02544,2020-08-10 11:25:00,2020-08-10 12:05:00,40.0,5,119.6599999999822,DV_pressure,121.19999999998181,TP2|TP3|H1|DV_pressure|Reservoirs|Oil_temperature|Motor_current
SE_02545,2020-08-10 13:00:00,2020-08-10 13:25:00,25.0,3,1.107925801011806,DV_pressure,27.212837327369474,TP2|TP3|H1|DV_pressure|Reservoirs|Oil_temperature|Motor_current
SE_02546,2020-08-10 13:40:00,2020-08-10 14:35:00,55.0,6,1.126812816188872,Oil_temperature,1.1635750421585178,TP3|H1|Reservoirs|Oil_temperature|Motor_current
SE_02547,2020-08-10 14:50:00,2020-08-10 15:25:00,35.0,3,1.171500843170322,DV_pressure,28.81448127889705,TP2|TP3|H1|DV_pressure|Reservoirs|Oil_temperature|Motor_current
SE_02548,2020-08-10 15:40:00,2020-08-10 15:45:00,5.0,1,1.0361836125723278,Oil_temperature,1.0489038785834746,TP3|H1|Reservoirs|Oil_temperature
SE_02549,2020-08-10 16:20:00,2020-08-10 17:15:00,55.0,6,1.1440134907251276,Oil_temperature,1.1551433389544707,TP3|H1|Reservoirs|Oil_temperature
SE_02550,2020-08-10 17:30:00,2020-08-10 18:05:00,35.0,3,1.1332209106239486,Oil_temperature,1.141652613827995,TP3|H1|Reservoirs|Oil_temperature
SE_02551,2020-08-10 18:35:00,2020-08-10 18:40:00,5.0,1,1.1231028667790917,DV_pressure,47.23338672146417,TP2|TP3|DV_pressure|Reservoirs|Oil_temperature|Motor_current
SE_02552,2020-08-10 18:55:00,2020-08-10 19:00:00,5.0,1,1.074198988195617,Oil_temperature,1.0809443507588545,TP3|H1|Reservoirs|Oil_temperature
SE_02553,2020-08-10 19:15:00,2020-08-10 19:20:00,5.0,1,1.0591905564924127,Oil_temperature,1.0623946037099503,TP3|H1|Reservoirs|Oil_temperature
SE_02554,2020-08-10 19:40:00,2020-08-10 19:45:00,5.0,1,0.9973018549747062,H1,1.0580431177446106,TP3|H1|Reservoirs|Oil_temperature
SE_02555,2020-08-11 04:20:00,2020-08-11 04:25:00,5.0,1,1.0033726812816215,Oil_temperature,1.0489038785834746,Oil_temperature
SE_02556,2020-08-11 05:15:00,2020-08-11 05:55:00,40.0,4,1.1166947723440153,DV_pressure,23.51092442053688,TP2|DV_pressure|Oil_temperature|Motor_current
SE_02557,2020-08-11 06:10:00,2020-08-11 06:35:00,25.0,3,1.0726812816188882,Oil_temperature,1.1045531197301872,Oil_temperature
SE_02558,2020-08-11 07:00:00,2020-08-11 07:15:00,15.0,2,1.1247892074198995,DV_pressure,18.585113777159613,TP2|DV_pressure|Oil_temperature
SE_02559,2020-08-11 07:30:00,2020-08-11 08:05:00,35.0,3,1.1279932546374387,DV_pressure,47.30893596446075,TP2|TP3|H1|DV_pressure|Reservoirs|Oil_temperature|Motor_current
SE_02560,2020-08-11 08:20:00,2020-08-11 08:40:00,20.0,3,1.13709949409781,Oil_temperature,1.150084317032042,TP3|H1|Reservoirs|Oil_temperature
SE_02561,2020-08-11 08:55:00,2020-08-11 09:15:00,20.0,2,1.0158516020236104,Oil_temperature,1.0303541315345712,Oil_temperature
SE_02562,2020-08-11 09:30:00,2020-08-11 09:40:00,10.0,2,1.0431703204047238,Oil_temperature,1.0623946037099503,TP3|H1|Reservoirs|Oil_temperature
SE_02563,2020-08-11 09:55:00,2020-08-11 10:00:00,5.0,1,1.0052276559865119,Oil_temperature,1.0286677908937623,Oil_temperature
SE_02564,2020-08-11 10:20:00,2020-08-11 10:25:00,5.0,1,1.010118043844858,H1,1.0713101160862357,TP3|H1|Reservoirs|Oil_temperature
SE_02565,2020-08-11 10:45:00,2020-08-11 10:50:00,5.0,1,1.0286677908937623,H1,1.0464344941956876,TP3|H1|Reservoirs|Oil_temperature
SE_02566,2020-08-11 13:20:00,2020-08-11 13:25:00,5.0,1,1.075885328836426,Oil_temperature,1.086003372681283,TP3|H1|Reservoirs|Oil_temperature
SE_02567,2020-08-11 13:45:00,2020-08-11 13:50:00,5.0,1,0.9947680998675849,H1,1.0713101160862357,TP3|H1|Reservoirs|Oil_temperature
SE_02568,2020-08-11 14:05:00,2020-08-11 14:10:00,5.0,1,1.0433389544688045,H1,1.0563847429519069,TP3|H1|Reservoirs|Oil_temperature
SE_02569,2020-08-11 14:25:00,2020-08-11 14:35:00,10.0,2,1.1303541315345709,DV_pressure,248.79999999996267,TP3|H1|DV_pressure|Reservoirs|Oil_temperature|Motor_current
SE_02570,2020-08-11 14:50:00,2020-08-11 14:55:00,5.0,1,1.0355817875210807,H1,1.0530679933665008,TP3|H1|Reservoirs|Oil_temperature
SE_02571,2020-08-11 15:10:00,2020-08-11 15:35:00,25.0,3,1.0951096121416541,DV_pressure,1.3447765253391961,TP3|H1|DV_pressure|Reservoirs|Oil_temperature
SE_02572,2020-08-11 16:25:00,2020-08-11 17:10:00,45.0,6,1.0532883642495807,DV_pressure,40.4943942461689,TP2|TP3|H1|DV_pressure|Reservoirs|Oil_temperature|Motor_current
SE_02573,2020-08-11 17:25:00,2020-08-11 18:15:00,50.0,4,1.1028667790893776,Oil_temperature,1.1214165261382807,TP3|H1|Reservoirs|Oil_temperature
SE_02574,2020-08-11 18:30:00,2020-08-11 18:55:00,25.0,3,1.0881956155143357,Oil_temperature,1.097807757166949,TP3|H1|Reservoirs|Oil_temperature
SE_02575,2020-08-11 19:10:00,2020-08-11 19:15:00,5.0,1,0.9956155143338963,DV_pressure,45.73751171013181,TP2|TP3|H1|DV_pressure|Reservoirs|Oil_temperature|Motor_current
SE_02576,2020-08-11 20:00:00,2020-08-11 20:10:00,10.0,2,1.0374367622259715,DV_pressure,13.477984950590548,TP2|TP3|H1|DV_pressure|Reservoirs|Oil_temperature
SE_02577,2020-08-12 00:35:00,2020-08-12 00:40:00,5.0,1,3.305006587615282,TP3,3.4743083003952546,TP3|Reservoirs
SE_02578,2020-08-12 05:30:00,2020-08-12 05:35:00,5.0,1,1.0001686340640819,Oil_temperature,1.0168634064080964,Oil_temperature
SE_02579,2020-08-12 05:50:00,2020-08-12 05:55:00,5.0,1,1.0495784148397984,Oil_temperature,1.0556492411467138,TP3|H1|Reservoirs|Oil_temperature
SE_02580,2020-08-12 07:00:00,2020-08-12 07:20:00,20.0,2,1.1112984822934238,Oil_temperature,1.1231028667790917,TP3|H1|Reservoirs|Oil_temperature
SE_02581,2020-08-12 07:35:00,2020-08-12 07:40:00,5.0,1,1.0033726812816215,Oil_temperature,1.0151770657672865,Oil_temperature
SE_02582,2020-08-12 08:05:00,2020-08-12 08:30:00,25.0,3,1.0666104553119755,DV_pressure,17.39999999999733,TP3|H1|DV_pressure|Reservoirs|Oil_temperature
SE_02583,2020-08-12 08:45:00,2020-08-12 08:50:00,5.0,1,1.0290050590219242,H1,1.0547263681592032,TP3|H1|Reservoirs|Oil_temperature
SE_02584,2020-08-12 09:10:00,2020-08-12 09:15:00,5.0,1,1.0607082630691422,Oil_temperature,1.1011804384485686,TP3|H1|Reservoirs|Oil_temperature
SE_02585,2020-08-12 09:30:00,2020-08-12 09:35:00,5.0,1,0.9932546374367646,Oil_temperature,1.0084317032040482,Oil_temperature
SE_02586,2020-08-12 09:50:00,2020-08-12 09:55:00,5.0,1,1.010118043844858,Oil_temperature,1.0185497470489053,Oil_temperature
SE_02587,2020-08-12 10:25:00,2020-08-12 11:10:00,45.0,5,1.0490725126475557,Oil_temperature,1.06408094435076,TP3|H1|Reservoirs|Oil_temperature
SE_02588,2020-08-12 11:25:00,2020-08-12 11:30:00,5.0,1,1.0168634064080964,Oil_temperature,1.075885328836426,TP3|H1|Reservoirs|Oil_temperature
SE_02589,2020-08-12 12:05:00,2020-08-12 12:40:00,35.0,3,1.1585160202360893,TP2,45.91553690926045,TP2|TP3|H1|Reservoirs|Oil_temperature|Motor_current
SE_02590,2020-08-12 12:55:00,2020-08-12 13:15:00,20.0,2,1.0623946037099503,Oil_temperature,1.075885328836426,TP3|H1|Reservoirs|Oil_temperature
SE_02591,2020-08-12 13:45:00,2020-08-12 14:25:00,40.0,5,1.140472175379428,Oil_temperature,1.1551433389544707,TP3|H1|Reservoirs|Oil_temperature
SE_02592,2020-08-12 14:40:00,2020-08-12 15:30:00,50.0,6,1.1973018549747059,DV_pressure,25.14278806926307,TP2|TP3|H1|DV_pressure|Reservoirs|Oil_temperature|Motor_current
SE_02593,2020-08-12 15:45:00,2020-08-12 16:20:00,35.0,4,1.216526138279934,DV_pressure,2.19999999999968,TP3|H1|DV_pressure|Reservoirs|Oil_temperature
SE_02594,2020-08-12 16:35:00,2020-08-12 17:55:00,80.0,8,1.2074198988195628,DV_pressure,33.43809495028798,TP2|TP3|H1|DV_pressure|Reservoirs|Oil_temperature|Motor_current
SE_02595,2020-08-12 18:10:00,2020-08-12 18:40:00,30.0,4,1.1593591905564937,DV_pressure,469.3999999999297,TP2|TP3|H1|DV_pressure|Reservoirs|Oil_temperature|Motor_current
SE_02596,2020-08-12 18:55:00,2020-08-12 19:00:00,5.0,1,1.084822934232716,DV_pressure,8.19999999999883,TP3|H1|DV_pressure|Reservoirs|Oil_temperature
SE_02597,2020-08-12 19:15:00,2020-08-12 19:20:00,5.0,1,1.076391231028669,Motor_current,1.1576004316476358,TP3|H1|Reservoirs|Oil_temperature|Motor_current
SE_02598,2020-08-12 19:40:00,2020-08-12 19:45:00,5.0,1,1.0273187183811143,H1,1.0613598673300164,TP3|H1|Reservoirs|Oil_temperature
SE_02599,2020-08-13 06:15:00,2020-08-13 06:20:00,5.0,1,1.0247892074199,Oil_temperature,1.075885328836426,Oil_temperature
SE_02600,2020-08-13 06:40:00,2020-08-13 06:45:00,5.0,1,1.0354131534569997,DV_pressure,2.311806835695469,TP2|DV_pressure|Oil_temperature
SE_02601,2020-08-13 07:15:00,2020-08-13 07:20:00,5.0,1,1.0827993254637454,Oil_temperature,1.0961214165261401,Oil_temperature
SE_02602,2020-08-13 07:45:00,2020-08-13 07:50:00,5.0,1,1.075379426644183,Oil_temperature,1.150084317032042,TP3|H1|Reservoirs|Oil_temperature
SE_02603,2020-08-13 08:20:00,2020-08-13 08:45:00,25.0,3,1.1028667790893776,Oil_temperature,1.1129848229342345,TP3|H1|Oil_temperature
SE_02604,2020-08-13 09:25:00,2020-08-13 09:50:00,25.0,3,1.1755480607082647,Oil_temperature,1.183811129848231,TP3|H1|Reservoirs|Oil_temperature
SE_02605,2020-08-13 10:05:00,2020-08-13 10:10:00,5.0,1,1.0305227655986522,H1,1.0713101160862357,TP3|H1|Reservoirs|Oil_temperature
SE_02606,2020-08-13 10:40:00,2020-08-13 11:20:00,40.0,5,1.1467116357504243,DV_pressure,36.429844972952694,TP2|TP3|H1|DV_pressure|Reservoirs|Oil_temperature|Motor_current
SE_02607,2020-08-13 11:40:00,2020-08-13 12:10:00,30.0,3,1.107925801011806,DV_pressure,85.19999999998726,TP3|H1|DV_pressure|Reservoirs|Oil_temperature
SE_02608,2020-08-13 12:25:00,2020-08-13 12:30:00,5.0,1,1.1129848229342345,Oil_temperature,1.1247892074198995,TP3|H1|Reservoirs|Oil_temperature
SE_02609,2020-08-13 12:45:00,2020-08-13 13:25:00,40.0,4,1.1787521079258025,TP2,38.573558475780445,TP2|TP3|H1|DV_pressure|Reservoirs|Oil_temperature|Motor_current
SE_02610,2020-08-13 13:40:00,2020-08-13 19:00:00,320.0,30,1.2112984822934245,DV_pressure,50.19999999999253,TP2|TP3|H1|DV_pressure|Reservoirs|Oil_temperature|Motor_current
SE_02611,2020-08-13 19:15:00,2020-08-13 19:20:00,5.0,1,1.0961214165261401,Oil_temperature,1.1028667790893776,Oil_temperature
SE_02612,2020-08-13 19:35:00,2020-08-13 19:40:00,5.0,1,1.0472175379426665,Oil_temperature,1.0522765598650952,TP3|H1|Reservoirs|Oil_temperature
SE_02613,2020-08-13 19:55:00,2020-08-13 20:00:00,5.0,1,1.0033726812816215,H1,1.0646766169154225,TP3|H1|Reservoirs|Oil_temperature
SE_02614,2020-08-13 20:20:00,2020-08-13 20:40:00,20.0,2,1.0151770657672865,H1,1.0514096185737971,TP3|H1|Reservoirs|Oil_temperature
SE_02615,2020-08-13 20:55:00,2020-08-13 22:25:00,90.0,8,1.0632377740303551,DV_pressure,263.1999999999607,TP2|TP3|H1|DV_pressure|Reservoirs|Oil_temperature|Motor_current
SE_02616,2020-08-13 22:40:00,2020-08-13 22:45:00,5.0,1,1.0001686340640819,H1,1.0398009950248757,TP3|H1|Reservoirs|Oil_temperature
SE_02617,2020-08-13 23:00:00,2020-08-13 23:05:00,5.0,1,1.0069139966273202,H1,1.0149253731343275,TP3|H1|Reservoirs|Oil_temperature
SE_02618,2020-08-14 05:05:00,2020-08-14 05:10:00,5.0,1,1.001854974704892,DV_pressure,1.59999999999994,DV_pressure|Oil_temperature
SE_02619,2020-08-14 05:25:00,2020-08-14 05:30:00,5.0,1,1.0370994940978095,TP2,37.48136333691565,TP2|H1|DV_pressure|Oil_temperature|Motor_current
SE_02620,2020-08-14 06:15:00,2020-08-14 06:20:00,5.0,1,1.0460370994940997,DV_pressure,37.1551177057199,TP2|H1|DV_pressure|Oil_temperature|Motor_current
SE_02621,2020-08-14 07:10:00,2020-08-14 08:05:00,55.0,5,1.0497470489038794,DV_pressure,25.56586383004395,TP2|DV_pressure|Oil_temperature|Motor_current
SE_02622,2020-08-14 08:55:00,2020-08-14 09:00:00,5.0,1,1.0556492411467138,DV_pressure,13.629083436583713,TP2|DV_pressure|Oil_temperature
SE_02623,2020-08-14 09:35:00,2020-08-14 09:40:00,5.0,1,1.074198988195617,Oil_temperature,1.0792580101180456,TP3|H1|Reservoirs|Oil_temperature
SE_02624,2020-08-14 09:55:00,2020-08-14 10:00:00,5.0,1,1.0505902192242853,Oil_temperature,1.0573355817875216,TP3|H1|Reservoirs|Oil_temperature
SE_02625,2020-08-14 10:35:00,2020-08-14 10:40:00,5.0,1,1.0679595278246217,DV_pressure,458.1999999999314,TP2|TP3|H1|DV_pressure|Reservoirs|Oil_temperature
SE_02626,2020-08-14 11:00:00,2020-08-14 11:05:00,5.0,1,1.0359190556492426,DV_pressure,19.265056964128863,TP2|TP3|H1|DV_pressure|Reservoirs|Oil_temperature
SE_02627,2020-08-14 11:20:00,2020-08-14 11:25:00,5.0,1,1.0826306913996644,Oil_temperature,1.0961214165261401,TP3|H1|Reservoirs|Oil_temperature
SE_02628,2020-08-14 12:20:00,2020-08-14 12:25:00,5.0,1,1.0286677908937623,H1,1.0364842454394698,TP3|H1|Reservoirs|Oil_temperature
SE_02629,2020-08-14 12:40:00,2020-08-14 13:00:00,20.0,2,1.162934232714983,TP2,46.01955549391424,TP2|TP3|H1|DV_pressure|Reservoirs|Oil_temperature|Motor_current
SE_02630,2020-08-14 13:15:00,2020-08-14 14:15:00,60.0,7,1.1957841483979785,DV_pressure,6.149708379921917,TP2|TP3|H1|DV_pressure|Reservoirs|Oil_temperature
SE_02631,2020-08-14 14:30:00,2020-08-14 14:35:00,5.0,1,1.0198988195615535,H1,1.069651741293532,TP3|H1|Reservoirs|Oil_temperature
SE_02632,2020-08-14 14:50:00,2020-08-14 15:45:00,55.0,5,1.0949409780775732,DV_pressure,28.376295669516864,TP2|TP3|H1|DV_pressure|Reservoirs|Oil_temperature|Motor_current
SE_02633,2020-08-14 16:00:00,2020-08-14 16:20:00,20.0,3,1.141652613827995,DV_pressure,39.79999999999399,TP2|TP3|H1|DV_pressure|Reservoirs|Oil_temperature|Motor_current
SE_02634,2020-08-14 16:40:00,2020-08-14 17:30:00,50.0,7,1.1585160202360893,DV_pressure,38.92296999183996,TP2|TP3|H1|DV_pressure|Reservoirs|Oil_temperature|Motor_current
SE_02635,2020-08-14 17:45:00,2020-08-14 17:50:00,5.0,1,1.0994940978077588,DV_pressure,45.903720044724295,TP2|TP3|H1|DV_pressure|Reservoirs|Oil_temperature|Motor_current
SE_02636,2020-08-14 18:05:00,2020-08-14 18:40:00,35.0,4,1.160033726812818,TP2,38.989632814395605,TP2|TP3|H1|DV_pressure|Reservoirs|Oil_temperature|Motor_current
SE_02637,2020-08-14 18:55:00,2020-08-14 19:00:00,5.0,1,1.0811129848229355,Oil_temperature,1.0961214165261401,Oil_temperature
SE_02638,2020-08-14 19:25:00,2020-08-14 19:50:00,25.0,3,1.1382799325463753,Oil_temperature,1.1467116357504243,TP2|TP3|H1|Reservoirs|Oil_temperature
SE_02639,2020-08-15 00:25:00,2020-08-15 00:35:00,10.0,2,3.8345191040843196,TP3,4.05006587615283,TP3|H1|Reservoirs|Oil_temperature
SE_02640,2020-08-15 04:05:00,2020-08-15 04:10:00,5.0,1,1.0149253731343275,DV_pressure,109.79999999998361,TP3|H1|DV_pressure|Reservoirs
SE_02641,2020-08-15 06:00:00,2020-08-15 06:40:00,40.0,4,1.0903878583473876,DV_pressure,25.520534284245993,TP2|TP3|H1|DV_pressure|Reservoirs|Oil_temperature|Motor_current
SE_02642,2020-08-15 06:55:00,2020-08-15 07:00:00,5.0,1,1.0489038785834746,Oil_temperature,1.0522765598650952,TP3|H1|Reservoirs|Oil_temperature
SE_02643,2020-08-15 07:15:00,2020-08-15 07:20:00,5.0,1,1.0573355817875216,DV_pressure,3.46015532924355,TP2|TP3|H1|DV_pressure|Reservoirs|Oil_temperature
SE_02644,2020-08-15 09:05:00,2020-08-15 09:15:00,10.0,2,1.053962900505903,Oil_temperature,1.075885328836426,TP3|H1|Reservoirs|Oil_temperature
SE_02645,2020-08-15 09:30:00,2020-08-15 09:35:00,5.0,1,1.0438448566610459,Oil_temperature,1.053962900505903,TP3|H1|Reservoirs|Oil_temperature
SE_02646,2020-08-15 10:05:00,2020-08-15 10:10:00,5.0,1,1.1129848229342345,Oil_temperature,1.1214165261382807,TP3|H1|Reservoirs|Oil_temperature
SE_02647,2020-08-15 10:50:00,2020-08-15 10:55:00,5.0,1,1.0283305227655999,H1,1.0530679933665008,TP3|H1|Reservoirs|Oil_temperature
SE_02648,2020-08-15 11:25:00,2020-08-15 11:35:00,10.0,2,1.0831365935919073,Oil_temperature,1.0944350758853303,TP3|H1|Reservoirs|Oil_temperature
SE_02649,2020-08-15 11:50:00,2020-08-15 11:55:00,5.0,1,1.0676222596964597,Oil_temperature,1.0725126475548072,TP3|H1|Reservoirs|Oil_temperature
SE_02650,2020-08-15 12:30:00,2020-08-15 12:35:00,5.0,1,1.029679595278248,Oil_temperature,1.0455311973018568,Oil_temperature
SE_02651,2020-08-15 13:45:00,2020-08-15 13:50:00,5.0,1,1.1318718381112998,Oil_temperature,1.1467116357504243,TP3|H1|Reservoirs|Oil_temperature
SE_02652,2020-08-15 14:25:00,2020-08-15 15:10:00,45.0,5,1.1214165261382807,DV_pressure,20.201867577286492,TP2|TP3|H1|DV_pressure|Reservoirs|Oil_temperature
SE_02653,2020-08-15 15:25:00,2020-08-15 15:30:00,5.0,1,1.0016863406408107,Motor_current,1.178855806805007,TP3|H1|Reservoirs|Oil_temperature|Motor_current
SE_02654,2020-08-15 16:05:00,2020-08-15 16:10:00,5.0,1,1.129848229342328,Oil_temperature,1.1365935919055674,TP3|H1|Reservoirs|Oil_temperature
SE_02655,2020-08-15 16:45:00,2020-08-15 16:50:00,5.0,1,1.0288364249578432,Motor_current,1.0791190464511855,TP3|H1|Reservoirs|Oil_temperature|Motor_current
SE_02656,2020-08-15 17:05:00,2020-08-15 17:25:00,20.0,3,1.129848229342328,Oil_temperature,1.1349072512647564,TP3|H1|Reservoirs|Oil_temperature
SE_02657,2020-08-15 17:40:00,2020-08-15 17:45:00,5.0,1,1.0607082630691422,DV_pressure,22.10570850080042,TP2|TP3|H1|DV_pressure|Reservoirs|Oil_temperature|Motor_current
SE_02658,2020-08-15 18:00:00,2020-08-15 18:20:00,20.0,2,1.1214165261382807,DV_pressure,24.991689583269906,TP2|TP3|H1|DV_pressure|Reservoirs|Oil_temperature|Motor_current
SE_02659,2020-08-15 18:35:00,2020-08-15 18:40:00,5.0,1,1.1163575042158533,Oil_temperature,1.1231028667790917,Oil_temperature
SE_02660,2020-08-15 18:55:00,2020-08-15 19:00:00,5.0,1,1.0674536256323788,Oil_temperature,1.086003372681283,TP3|H1|Reservoirs|Oil_temperature
SE_02661,2020-08-16 02:55:00,2020-08-16 03:00:00,5.0,1,2.086824769433464,TP3,2.3833992094861647,TP3|H1|Reservoirs
SE_02662,2020-08-16 05:20:00,2020-08-16 05:45:00,25.0,3,1.0428330522765616,TP2,43.800492354633384,TP2|TP3|H1|Reservoirs|Oil_temperature|Motor_current
SE_02663,2020-08-16 06:35:00,2020-08-16 06:45:00,10.0,2,1.07655986509275,DV_pressure,16.28841679006346,TP2|TP3|H1|DV_pressure|Reservoirs|Oil_temperature
SE_02664,2020-08-16 07:00:00,2020-08-16 07:05:00,5.0,1,1.0256323777403056,H1,1.0514096185737971,TP3|H1|Reservoirs|Oil_temperature
SE_02665,2020-08-16 07:20:00,2020-08-16 07:40:00,20.0,2,1.108094435075887,Oil_temperature,1.1365935919055674,TP3|H1|Reservoirs|Oil_temperature
SE_02666,2020-08-16 07:55:00,2020-08-16 08:00:00,5.0,1,1.0799325463743694,Oil_temperature,1.0927487352445213,Oil_temperature
SE_02667,2020-08-16 08:15:00,2020-08-16 08:20:00,5.0,1,1.0155143338954484,DV_pressure,9.564534163367517,TP2|TP3|H1|DV_pressure|Reservoirs|Oil_temperature
SE_02668,2020-08-16 08:50:00,2020-08-16 08:55:00,5.0,1,1.0087493952385356,H1,1.0530679933665008,TP3|H1|Reservoirs|Oil_temperature
SE_02669,2020-08-16 10:05:00,2020-08-16 10:10:00,5.0,1,1.108431703204049,Oil_temperature,1.1146711635750444,TP3|H1|Reservoirs|Oil_temperature
SE_02670,2020-08-16 10:45:00,2020-08-16 11:10:00,25.0,3,1.1028667790893776,DV_pressure,38.81720105164474,TP2|TP3|H1|DV_pressure|Reservoirs|Oil_temperature|Motor_current
SE_02671,2020-08-16 11:25:00,2020-08-16 11:30:00,5.0,1,1.0016863406408107,H1,1.0580431177446106,TP3|H1|Reservoirs|Oil_temperature
SE_02672,2020-08-16 11:50:00,2020-08-16 11:55:00,5.0,1,1.042586113837783,Oil_temperature,1.0489038785834746,TP3|H1|Reservoirs|Oil_temperature
SE_02673,2020-08-16 12:25:00,2020-08-16 12:30:00,5.0,1,1.150084317032042,Oil_temperature,1.161888701517708,TP3|H1|Reservoirs|Oil_temperature
SE_02674,2020-08-16 13:10:00,2020-08-16 13:30:00,20.0,2,1.1544688026981467,DV_pressure,1.586534102928264,TP3|H1|DV_pressure|Reservoirs|Oil_temperature
SE_02675,2020-08-16 13:45:00,2020-08-16 13:50:00,5.0,1,1.1028667790893776,Oil_temperature,1.109612141652616,Oil_temperature
SE_02676,2020-08-16 14:05:00,2020-08-16 14:10:00,5.0,1,1.0897133220910638,Oil_temperature,1.097807757166949,TP3|H1|Reservoirs|Oil_temperature
SE_02677,2020-08-16 14:25:00,2020-08-16 15:00:00,35.0,3,2.0358547686456605,DV_pressure,621.9999999999068,TP2|TP3|H1|DV_pressure|Reservoirs|Oil_temperature|Motor_current
SE_02678,2020-08-16 15:15:00,2020-08-16 15:20:00,5.0,1,1.0518335808310888,Oil_temperature,1.0674536256323788,TP3|H1|Reservoirs|Oil_temperature
SE_02679,2020-08-16 15:50:00,2020-08-16 15:55:00,5.0,1,1.0556492411467138,Oil_temperature,1.0623946037099503,TP3|H1|Reservoirs|Oil_temperature
SE_02680,2020-08-16 16:10:00,2020-08-16 16:15:00,5.0,1,0.9932546374367646,Oil_temperature,1.0016863406408107,Oil_temperature
SE_02681,2020-08-16 17:05:00,2020-08-16 17:10:00,5.0,1,1.1129848229342345,Oil_temperature,1.129848229342328,Oil_temperature
SE_02682,2020-08-16 18:05:00,2020-08-16 18:25:00,20.0,2,1.0910623946037115,DV_pressure,11.921670544860913,TP2|TP3|H1|DV_pressure|Reservoirs|Oil_temperature
SE_02683,2020-08-16 18:40:00,2020-08-16 18:45:00,5.0,1,1.0033726812816215,Oil_temperature,1.020236087689715,TP3|H1|Reservoirs|Oil_temperature
SE_02684,2020-08-16 19:20:00,2020-08-16 19:25:00,5.0,1,1.0168634064080964,H1,1.0447761194029854,TP3|H1|Reservoirs|Oil_temperature
SE_02685,2020-08-16 19:40:00,2020-08-16 19:45:00,5.0,1,1.0590219224283315,DV_pressure,14.799999999997741,DV_pressure|Oil_temperature
SE_02686,2020-08-17 01:40:00,2020-08-17 01:45:00,5.0,1,2.424505928853754,TP3,2.6574440052700914,TP3|Reservoirs
SE_02687,2020-08-17 06:30:00,2020-08-17 06:35:00,5.0,1,1.0168634064080964,H1,1.0530679933665008,TP3|H1|Reservoirs|Oil_temperature
SE_02688,2020-08-17 07:15:00,2020-08-17 07:40:00,25.0,3,1.0607082630691422,DV_pressure,15.799999999997743,TP2|TP3|H1|DV_pressure|Reservoirs|Oil_temperature
SE_02689,2020-08-17 07:55:00,2020-08-17 08:15:00,20.0,2,1.1003372681281636,DV_pressure,3.1428485086578863,TP2|TP3|H1|DV_pressure|Reservoirs|Oil_temperature
SE_02690,2020-08-17 08:30:00,2020-08-17 08:35:00,5.0,1,1.021922428330524,Oil_temperature,1.0337268128161907,TP3|H1|Reservoirs|Oil_temperature
SE_02691,2020-08-17 10:05:00,2020-08-17 10:15:00,10.0,2,1.0490725126475557,Oil_temperature,1.0927487352445213,TP3|H1|Reservoirs|Oil_temperature
SE_02692,2020-08-17 10:30:00,2020-08-17 10:35:00,5.0,1,1.01045531197302,DV_pressure,18.13181831918011,TP2|TP3|H1|DV_pressure|Reservoirs|Oil_temperature|Motor_current
SE_02693,2020-08-17 10:50:00,2020-08-17 11:10:00,20.0,2,1.0590219224283313,Oil_temperature,1.1045531197301872,TP3|H1|Reservoirs|Oil_temperature
SE_02694,2020-08-17 11:25:00,2020-08-17 11:30:00,5.0,1,1.0563237774030374,DV_pressure,13.296666767398753,TP2|TP3|H1|DV_pressure|Reservoirs|Oil_temperature
SE_02695,2020-08-17 12:15:00,2020-08-17 12:20:00,5.0,1,1.021922428330524,Oil_temperature,1.0489038785834746,TP3|H1|Reservoirs|Oil_temperature
SE_02696,2020-08-17 13:25:00,2020-08-17 13:30:00,5.0,1,1.0016863406408107,H1,1.0530679933665008,TP3|H1|Reservoirs|Oil_temperature
SE_02697,2020-08-17 14:40:00,2020-08-17 14:45:00,5.0,1,1.042158516020238,H1,1.049751243781095,TP3|H1|Reservoirs|Oil_temperature
SE_02698,2020-08-17 15:00:00,2020-08-17 15:05:00,5.0,1,1.0370994940978095,Oil_temperature,1.042158516020238,TP3|H1|Reservoirs|Oil_temperature
SE_02699,2020-08-17 15:35:00,2020-08-17 15:40:00,5.0,1,1.0878583473861738,Oil_temperature,1.1028667790893776,TP3|H1|Reservoirs|Oil_temperature
SE_02700,2020-08-17 16:15:00,2020-08-17 16:20:00,5.0,1,1.0185497470489053,Oil_temperature,1.0286677908937623,Oil_temperature
SE_02701,2020-08-17 16:45:00,2020-08-17 17:00:00,15.0,3,1.1217537942664426,Oil_temperature,1.1349072512647564,TP3|H1|Reservoirs|Oil_temperature
SE_02702,2020-08-17 17:15:00,2020-08-17 17:35:00,20.0,2,1.0355817875210807,Motor_current,1.0921992773172602,TP3|H1|Reservoirs|Oil_temperature|Motor_current
SE_02703,2020-08-17 17:50:00,2020-08-17 18:10:00,20.0,2,1.0647554806070838,Oil_temperature,1.0826306913996644,TP3|H1|Reservoirs|Oil_temperature|Motor_current
SE_02704,2020-08-17 18:25:00,2020-08-17 18:35:00,10.0,2,1.0304069869874908,Oil_temperature,1.0556492411467138,TP3|H1|Reservoirs|Oil_temperature
SE_02705,2020-08-17 19:05:00,2020-08-17 19:10:00,5.0,1,1.0229342327150102,Oil_temperature,1.0691399662731886,TP3|H1|Reservoirs|Oil_temperature
SE_02706,2020-08-18 06:15:00,2020-08-18 06:20:00,5.0,1,1.010118043844858,H1,1.0265339966832505,TP3|H1|Reservoirs|Oil_temperature
SE_02707,2020-08-18 06:55:00,2020-08-18 07:00:00,5.0,1,1.029449436348333,Oil_temperature,1.0455311973018568,TP3|H1|Reservoirs|Oil_temperature
SE_02708,2020-08-18 08:40:00,2020-08-18 08:45:00,5.0,1,1.0236087689713338,H1,1.0464344941956876,TP3|H1|Reservoirs|Oil_temperature
SE_02709,2020-08-18 09:00:00,2020-08-18 09:05:00,5.0,1,1.0286677908937623,Oil_temperature,1.0489038785834746,TP3|H1|Oil_temperature
SE_02710,2020-08-18 12:00:00,2020-08-18 12:45:00,45.0,5,1.0347386172006763,DV_pressure,10.350246290531983,TP2|TP3|H1|DV_pressure|Reservoirs|Oil_temperature
SE_02711,2020-08-18 13:15:00,2020-08-18 13:20:00,5.0,1,1.0691399662731886,DV_pressure,39.013629083435866,TP2|TP3|H1|DV_pressure|Reservoirs|Oil_temperature|Motor_current
SE_02712,2020-08-18 13:35:00,2020-08-18 13:40:00,5.0,1,1.0691399662731886,DV_pressure,344.19999999994843,TP3|H1|DV_pressure|Reservoirs|Oil_temperature
SE_02713,2020-08-18 14:50:00,2020-08-18 15:35:00,45.0,5,1.0746268656716418,TP2,41.73745709233322,TP2|TP3|H1|DV_pressure|Reservoirs|Oil_temperature|Motor_current
SE_02714,2020-08-18 15:50:00,2020-08-18 15:55:00,5.0,1,1.075885328836426,TP2,45.97621441697516,TP2|TP3|H1|Reservoirs|Oil_temperature|Motor_current
SE_02715,2020-08-18 16:10:00,2020-08-18 16:15:00,5.0,1,1.0725126475548072,DV_pressure,3.5961439666373924,TP2|TP3|H1|DV_pressure|Reservoirs|Oil_temperature
SE_02716,2020-08-18 16:30:00,2020-08-18 16:35:00,5.0,1,1.0674536256323788,DV_pressure,9.594753860566135,TP2|TP3|H1|DV_pressure|Reservoirs|Oil_temperature
SE_02717,2020-08-18 16:50:00,2020-08-18 17:50:00,60.0,6,1.0607082630691422,Oil_temperature,1.06408094435076,TP3|H1|Reservoirs|Oil_temperature
SE_02718,2020-08-18 18:05:00,2020-08-18 18:10:00,5.0,1,1.053962900505903,H1,1.0646766169154225,TP3|H1|Reservoirs|Oil_temperature
SE_02719,2020-08-18 18:25:00,2020-08-18 19:05:00,40.0,4,1.0408094435075899,H1,1.0746268656716418,TP3|H1|Reservoirs|Oil_temperature
SE_02720,2020-08-18 19:20:00,2020-08-18 19:25:00,5.0,1,1.010623946037101,DV_pressure,399.3999999999401,TP3|H1|DV_pressure|Reservoirs|Oil_temperature
SE_02721,2020-08-18 22:25:00,2020-08-18 22:30:00,5.0,1,1.0024875621890543,DV_pressure,548.9999999999178,TP3|H1|DV_pressure|Reservoirs
SE_02722,2020-08-19 04:50:00,2020-08-19 04:55:00,5.0,1,1.0050590219224296,TP2,45.10939287819358,TP2|TP3|H1|DV_pressure|Reservoirs|Oil_temperature|Motor_current
SE_02723,2020-08-19 05:45:00,2020-08-19 06:55:00,70.0,8,1.1590219224283318,DV_pressure,38.545223776857036,TP2|TP3|H1|DV_pressure|Reservoirs|Oil_temperature|Motor_current
SE_02724,2020-08-19 07:10:00,2020-08-19 07:30:00,20.0,2,1.0903878583473876,Oil_temperature,1.109612141652616,TP3|H1|Reservoirs|Oil_temperature
SE_02725,2020-08-19 07:45:00,2020-08-19 07:50:00,5.0,1,1.0210792580101198,Oil_temperature,1.0303541315345712,Oil_temperature
SE_02726,2020-08-19 08:15:00,2020-08-19 09:15:00,60.0,9,1.1991568296795976,DV_pressure,14.565894049741352,TP2|TP3|H1|DV_pressure|Reservoirs|Oil_temperature|Motor_current
SE_02727,2020-08-19 09:50:00,2020-08-19 09:55:00,5.0,1,1.0431177446102815,Oil_temperature,1.0489038785834746,TP3|H1|Reservoirs|Oil_temperature
SE_02728,2020-08-19 10:10:00,2020-08-19 10:15:00,5.0,1,1.0084317032040482,H1,1.03150912106136,TP3|H1|Reservoirs|Oil_temperature
SE_02729,2020-08-19 10:45:00,2020-08-19 12:05:00,80.0,10,1.2360876897133242,DV_pressure,387.19999999994195,TP3|H1|DV_pressure|Reservoirs|Oil_temperature|Motor_current
SE_02730,2020-08-19 12:20:00,2020-08-19 12:25:00,5.0,1,1.0188870151770677,Oil_temperature,1.0556492411467138,TP3|H1|Reservoirs|Oil_temperature
SE_02731,2020-08-19 12:40:00,2020-08-19 14:10:00,90.0,11,1.1981450252951107,TP2,45.68149509378943,TP2|TP3|H1|DV_pressure|Reservoirs|Oil_temperature|Motor_current
SE_02732,2020-08-19 14:25:00,2020-08-19 14:30:00,5.0,1,1.0885328836424977,DV_pressure,4.245867456408015,TP2|TP3|H1|DV_pressure|Reservoirs|Oil_temperature
SE_02733,2020-08-19 14:45:00,2020-08-19 14:50:00,5.0,1,1.1408094435075895,DV_pressure,140.9999999999789,TP3|H1|DV_pressure|Reservoirs|Oil_temperature
SE_02734,2020-08-19 15:05:00,2020-08-19 15:10:00,5.0,1,1.0084317032040482,H1,1.0464344941956876,TP3|H1|Reservoirs|Oil_temperature
SE_02735,2020-08-19 15:25:00,2020-08-19 16:25:00,60.0,9,1.1937605396290059,Oil_temperature,1.21753794266442,TP3|H1|Reservoirs|Oil_temperature
SE_02736,2020-08-19 16:45:00,2020-08-19 16:50:00,5.0,1,1.0961214165261401,Oil_temperature,1.106239460370997,Oil_temperature
SE_02737,2020-08-19 17:05:00,2020-08-19 17:25:00,20.0,2,1.0067453625632392,DV_pressure,6.844761415490492,TP2|TP3|H1|DV_pressure|Reservoirs|Oil_temperature
SE_02738,2020-08-19 17:40:00,2020-08-19 19:20:00,100.0,12,1.175042158516022,DV_pressure,44.18119730440219,TP2|TP3|H1|DV_pressure|Reservoirs|Oil_temperature|Motor_current
SE_02739,2020-08-20 05:45:00,2020-08-20 05:50:00,5.0,1,2.1057971014492747,TP3,2.412384716732541,TP3|H1|Reservoirs
SE_02740,2020-08-20 06:30:00,2020-08-20 06:35:00,5.0,1,3.8429742135774703,DV_pressure,144.79999999997833,TP2|TP3|H1|DV_pressure|Reservoirs|Motor_current
SE_02741,2020-08-20 07:40:00,2020-08-20 08:15:00,35.0,4,1.0781768193860273,Oil_temperature,1.1031992779059292,TP3|H1|Reservoirs|Oil_temperature
SE_02742,2020-08-20 09:25:00,2020-08-20 10:00:00,35.0,5,1.1703204047217552,TP2,38.096806629450576,TP2|TP3|H1|DV_pressure|Reservoirs|Oil_temperature|Motor_current
SE_02743,2020-08-20 10:15:00,2020-08-20 10:20:00,5.0,1,1.0050590219224296,H1,1.0547263681592032,TP3|H1|Reservoirs|Oil_temperature
SE_02744,2020-08-20 10:35:00,2020-08-20 10:40:00,5.0,1,1.011744966442954,DV_pressure,70.59999999998936,TP3|H1|DV_pressure|Reservoirs
SE_02745,2020-08-20 11:00:00,2020-08-20 11:45:00,45.0,6,1.1526138279932558,Oil_temperature,1.1973018549747059,TP3|H1|Reservoirs|Oil_temperature|Motor_current
SE_02746,2020-08-20 12:00:00,2020-08-20 12:05:00,5.0,1,1.0517706576728518,Oil_temperature,1.074198988195617,TP3|H1|Reservoirs|Oil_temperature
SE_02747,2020-08-20 12:55:00,2020-08-20 13:30:00,35.0,5,1.2659359190556503,Oil_temperature,1.2900505902192263,TP3|H1|Reservoirs|Oil_temperature
SE_02748,2020-08-20 13:45:00,2020-08-20 13:50:00,5.0,1,1.0521708489592505,Oil_temperature,1.0691399662731886,TP3|H1|Reservoirs|Oil_temperature
SE_02749,2020-08-20 14:30:00,2020-08-20 15:15:00,45.0,5,1.21753794266442,Oil_temperature,1.259696458684655,TP3|H1|Reservoirs|Oil_temperature
SE_02750,2020-08-20 15:50:00,2020-08-20 15:55:00,5.0,1,1.0084317032040482,DV_pressure,26.42712520020501,TP2|TP3|H1|DV_pressure|Reservoirs|Oil_temperature|Motor_current
SE_02751,2020-08-20 16:15:00,2020-08-20 17:00:00,45.0,6,1.1676719629783536,DV_pressure,521.9999999999218,TP3|H1|DV_pressure|Reservoirs|Oil_temperature
SE_02752,2020-08-20 17:55:00,2020-08-20 18:40:00,45.0,4,1.1529510961214178,DV_pressure,17.7999999999974,TP2|TP3|H1|DV_pressure|Reservoirs|Oil_temperature|Motor_current
SE_02753,2020-08-21 06:55:00,2020-08-21 07:00:00,5.0,1,1.004721753794269,Oil_temperature,1.0252951096121437,TP3|H1|Reservoirs|Oil_temperature
SE_02754,2020-08-21 07:20:00,2020-08-21 07:25:00,5.0,1,1.0691399662731886,Oil_temperature,1.0708263069139974,TP3|H1|Reservoirs|Oil_temperature
SE_02755,2020-08-21 07:40:00,2020-08-21 07:45:00,5.0,1,1.0138279932546386,H1,1.0298507462686564,TP3|H1|Reservoirs|Oil_temperature
SE_02756,2020-08-21 08:40:00,2020-08-21 09:10:00,30.0,3,1.1049908260817385,TP2,45.83752297077011,TP2|TP3|H1|DV_pressure|Reservoirs|Oil_temperature|Motor_current
SE_02757,2020-08-21 09:25:00,2020-08-21 09:30:00,5.0,1,1.0308457711442787,DV_pressure,262.7999999999606,TP2|TP3|H1|DV_pressure|Reservoirs|Motor_current
SE_02758,2020-08-21 10:25:00,2020-08-21 11:00:00,35.0,5,1.1664418212478935,Oil_temperature,1.2259696458684672,TP3|H1|Reservoirs|Oil_temperature
SE_02759,2020-08-21 11:15:00,2020-08-21 11:20:00,5.0,1,1.010792580101182,H1,1.0762852404643455,TP3|H1|Reservoirs|Oil_temperature
SE_02760,2020-08-21 12:00:00,2020-08-21 12:45:00,45.0,5,1.216357504215853,DV_pressure,42.99999999999351,TP2|TP3|H1|DV_pressure|Reservoirs|Oil_temperature|Motor_current
SE_02761,2020-08-21 13:00:00,2020-08-21 13:05:00,5.0,1,1.010623946037101,Oil_temperature,1.0269814502529524,Oil_temperature
SE_02762,2020-08-21 13:45:00,2020-08-21 14:30:00,45.0,6,1.2595278246205757,DV_pressure,210.79999999996846,TP2|TP3|H1|DV_pressure|Reservoirs|Oil_temperature|Motor_current
SE_02763,2020-08-21 15:40:00,2020-08-21 16:10:00,30.0,4,1.2288364249578434,DV_pressure,2.206037895500257,TP2|TP3|H1|DV_pressure|Reservoirs|Oil_temperature
SE_02764,2020-08-21 16:50:00,2020-08-21 16:55:00,5.0,1,1.0121416526138298,H1,1.0630182421227201,TP3|H1|Reservoirs|Oil_temperature
SE_02765,2020-08-21 17:25:00,2020-08-21 18:10:00,45.0,6,1.1657672849915701,DV_pressure,39.82956090779896,TP2|TP3|H1|DV_pressure|Reservoirs|Oil_temperature|Motor_current
SE_02766,2020-08-21 23:15:00,2020-08-21 23:50:00,35.0,3,1.0286677908937623,DV_pressure,5.953280348130801,TP2|TP3|H1|DV_pressure|Reservoirs|Oil_temperature|Motor_current
SE_02767,2020-08-22 05:15:00,2020-08-22 05:45:00,30.0,3,1.0151770657672865,DV_pressure,19.00818953794049,TP2|TP3|H1|DV_pressure|Reservoirs|Oil_temperature|Motor_current
SE_02768,2020-08-22 09:50:00,2020-08-22 09:55:00,5.0,1,0.9963365106719103,DV_pressure,31.896890393157673,TP2|TP3|H1|DV_pressure|Reservoirs|Motor_current
SE_02769,2020-08-22 10:35:00,2020-08-22 11:10:00,35.0,6,1.169983136593594,DV_pressure,34.66199268683263,TP2|TP3|H1|DV_pressure|Reservoirs|Oil_temperature|Motor_current
SE_02770,2020-08-22 11:30:00,2020-08-22 11:35:00,5.0,1,1.049751243781095,TP2,44.398599216392675,TP2|TP3|H1|DV_pressure|Reservoirs|Oil_temperature|Motor_current
SE_02771,2020-08-22 11:55:00,2020-08-22 12:00:00,5.0,1,1.0052276559865105,H1,1.0414593698175778,TP3|H1|Reservoirs|Oil_temperature
SE_02772,2020-08-22 12:25:00,2020-08-22 12:55:00,30.0,5,1.1487352445193941,DV_pressure,33.468314647486615,TP2|TP3|H1|DV_pressure|Reservoirs|Oil_temperature|Motor_current
SE_02773,2020-08-22 13:10:00,2020-08-22 13:15:00,5.0,1,1.0563237774030374,H1,1.0746268656716418,TP3|H1|Reservoirs|Oil_temperature
SE_02774,2020-08-22 13:35:00,2020-08-22 13:40:00,5.0,1,1.0186343470240053,DV_pressure,6.618113686500745,TP2|TP3|H1|DV_pressure|Reservoirs|Oil_temperature
SE_02775,2020-08-22 14:10:00,2020-08-22 15:05:00,55.0,8,1.254806070826309,DV_pressure,31.91200024175699,TP2|TP3|H1|DV_pressure|Reservoirs|Oil_temperature|Motor_current
SE_02776,2020-08-22 15:25:00,2020-08-22 15:30:00,5.0,1,1.017369308600339,DV_pressure,42.06581850049785,TP2|TP3|H1|DV_pressure|Reservoirs|Oil_temperature|Motor_current
SE_02777,2020-08-22 16:25:00,2020-08-22 16:55:00,30.0,3,1.1753794266441837,Oil_temperature,1.1905564924114693,TP3|H1|Reservoirs|Oil_temperature
SE_02778,2020-08-22 17:10:00,2020-08-22 17:20:00,10.0,2,1.041483979763914,Oil_temperature,1.0708263069139974,TP3|H1|Reservoirs|Oil_temperature
SE_02779,2020-08-22 18:10:00,2020-08-22 19:05:00,55.0,6,1.1553119730185517,DV_pressure,81.59999999998783,TP2|TP3|H1|DV_pressure|Reservoirs|Oil_temperature|Motor_current
SE_02780,2020-08-23 18:55:00,2020-08-23 19:00:00,5.0,1,1.5005270092226608,TP3,1.8959156785243734,TP3|H1|Reservoirs
SE_02781,2020-08-23 19:45:00,2020-08-23 22:15:00,150.0,16,1.179089376053965,DV_pressure,374.5999999999439,TP2|TP3|H1|DV_pressure|Reservoirs|Oil_temperature
SE_02782,2020-08-23 22:35:00,2020-08-24 00:50:00,135.0,15,1.181618887015179,TP2,45.97621441697516,TP2|TP3|H1|DV_pressure|Reservoirs|Oil_temperature|Motor_current
SE_02783,2020-08-24 07:25:00,2020-08-24 07:30:00,5.0,1,1.0038785834738642,H1,1.0348258706467661,TP3|H1|Reservoirs|Oil_temperature
SE_02784,2020-08-24 08:15:00,2020-08-24 08:20:00,5.0,1,1.0359190556492426,H1,1.0796019900497513,TP3|H1|Reservoirs|Oil_temperature
SE_02785,2020-08-24 08:50:00,2020-08-24 08:55:00,5.0,1,1.0659359190556517,H1,1.0762852404643455,TP3|H1|Reservoirs|Oil_temperature
SE_02786,2020-08-24 10:20:00,2020-08-24 10:25:00,5.0,1,1.021922428330524,DV_pressure,13.704632679580294,TP2|TP3|H1|DV_pressure|Reservoirs|Oil_temperature
SE_02787,2020-08-24 10:40:00,2020-08-24 10:45:00,5.0,1,1.0337268128161907,H1,1.0563847429519069,TP3|H1|Reservoirs|Oil_temperature
SE_02788,2020-08-24 11:00:00,2020-08-24 12:40:00,100.0,10,1.1232715008431724,DV_pressure,634.5999999999049,TP2|TP3|H1|DV_pressure|Reservoirs|Oil_temperature|Motor_current
SE_02789,2020-08-24 12:55:00,2020-08-24 13:00:00,5.0,1,1.1822934232715032,DV_pressure,38.56033362545636,TP2|TP3|H1|DV_pressure|Reservoirs|Oil_temperature|Motor_current
SE_02790,2020-08-24 13:15:00,2020-08-24 14:10:00,55.0,5,1.151770657672851,DV_pressure,20.655163035266014,TP2|TP3|H1|DV_pressure|Reservoirs|Oil_temperature
SE_02791,2020-08-24 14:25:00,2020-08-24 14:55:00,30.0,3,1.1231028667790917,Oil_temperature,1.1365935919055674,TP3|H1|Reservoirs|Oil_temperature
SE_02792,2020-08-24 15:10:00,2020-08-24 15:15:00,5.0,1,1.1231028667790917,DV_pressure,1.39999999999972,TP3|H1|DV_pressure|Reservoirs|Oil_temperature
SE_02793,2020-08-24 15:30:00,2020-08-24 17:25:00,115.0,11,1.1578414839797653,DV_pressure,43.79999999999348,TP3|H1|DV_pressure|Reservoirs|Oil_temperature|Motor_current
SE_02794,2020-08-24 17:40:00,2020-08-24 18:35:00,55.0,5,1.1340640809443532,DV_pressure,3.5810341180380707,TP2|TP3|H1|DV_pressure|Reservoirs|Oil_temperature
SE_02795,2020-08-24 19:05:00,2020-08-24 19:10:00,5.0,1,1.1551433389544707,Oil_temperature,1.1568296795952795,TP3|H1|Reservoirs|Oil_temperature
SE_02796,2020-08-24 19:25:00,2020-08-24 23:40:00,255.0,24,1.1296795952782486,DV_pressure,154.59999999997677,TP2|TP3|H1|DV_pressure|Reservoirs|Oil_temperature|Motor_current
SE_02797,2020-08-25 05:10:00,2020-08-25 05:15:00,5.0,1,0.9933665008291871,DV_pressure,157.79999999997628,TP3|H1|DV_pressure|Reservoirs
SE_02798,2020-08-25 06:00:00,2020-08-25 06:05:00,5.0,1,1.0207000411097982,Oil_temperature,1.0269814502529524,TP3|H1|Reservoirs|Oil_temperature
SE_02799,2020-08-25 07:05:00,2020-08-25 07:10:00,5.0,1,1.0490725126475557,Oil_temperature,1.0573355817875216,TP3|H1|Reservoirs|Oil_temperature
SE_02800,2020-08-25 08:15:00,2020-08-25 08:20:00,5.0,1,1.0348258706467661,Oil_temperature,1.042158516020238,TP3|H1|Reservoirs|Oil_temperature
SE_02801,2020-08-25 09:55:00,2020-08-25 10:25:00,30.0,4,1.060876897133223,H1,1.0663349917081262,TP3|H1|Reservoirs|Oil_temperature
SE_02802,2020-08-25 10:40:00,2020-08-25 11:30:00,50.0,4,1.0843170320404731,Oil_temperature,1.0893760539629018,TP3|H1|Reservoirs|Oil_temperature
SE_02803,2020-08-25 11:45:00,2020-08-25 11:50:00,5.0,1,1.1534569983136609,DV_pressure,23.541144117735495,TP2|TP3|H1|DV_pressure|Reservoirs|Oil_temperature|Motor_current
SE_02804,2020-08-25 12:20:00,2020-08-25 12:55:00,35.0,3,1.1113077878961308,Oil_temperature,1.1264755480607103,TP3|H1|Reservoirs|Oil_temperature|Motor_current
SE_02805,2020-08-25 13:10:00,2020-08-25 13:45:00,35.0,4,1.1139966273187203,DV_pressure,45.76773140733044,TP2|TP3|H1|DV_pressure|Reservoirs|Oil_temperature|Motor_current
SE_02806,2020-08-25 14:00:00,2020-08-25 14:05:00,5.0,1,1.0694772344013506,Oil_temperature,1.074198988195617,TP3|H1|Reservoirs|Oil_temperature
SE_02807,2020-08-25 14:20:00,2020-08-25 14:55:00,35.0,4,1.0903878583473876,DV_pressure,1.14834849354808,TP3|H1|DV_pressure|Reservoirs|Oil_temperature
SE_02808,2020-08-25 15:10:00,2020-08-25 15:15:00,5.0,1,1.1129848229342345,Oil_temperature,1.1214165261382807,TP3|H1|Reservoirs|Oil_temperature
SE_02809,2020-08-25 15:30:00,2020-08-25 16:20:00,50.0,5,1.0811129848229355,Oil_temperature,1.0944350758853303,TP3|H1|Reservoirs|Oil_temperature
SE_02810,2020-08-25 16:40:00,2020-08-25 17:10:00,30.0,3,1.069651741293532,TP2,45.90686869387264,TP2|TP3|H1|Reservoirs|Oil_temperature|Motor_current
SE_02811,2020-08-25 17:25:00,2020-08-25 17:30:00,5.0,1,1.0591905564924127,Oil_temperature,1.0674536256323788,Oil_temperature
SE_02812,2020-08-25 17:45:00,2020-08-25 18:35:00,50.0,5,1.0541315345699842,DV_pressure,17.633193315402647,TP2|TP3|H1|DV_pressure|Reservoirs|Oil_temperature|Motor_current
SE_02813,2020-08-25 18:55:00,2020-08-25 19:25:00,30.0,3,1.0404721753794282,Oil_temperature,1.0556492411467138,TP3|H1|Reservoirs|Oil_temperature
SE_02814,2020-08-25 19:40:00,2020-08-25 19:45:00,5.0,1,0.9956146655047146,Motor_current,1.0676738444433698,TP3|H1|Reservoirs|Motor_current
SE_02815,2020-08-26 07:40:00,2020-08-26 07:45:00,5.0,1,1.0016583747927021,H1,1.0414593698175778,TP3|H1|Reservoirs|Oil_temperature
SE_02816,2020-08-26 09:55:00,2020-08-26 10:00:00,5.0,1,1.0495784148397984,Oil_temperature,1.0556492411467138,TP3|H1|Reservoirs|Oil_temperature
SE_02817,2020-08-26 10:15:00,2020-08-26 10:55:00,40.0,4,1.0642495784148411,DV_pressure,28.27052672932165,TP2|TP3|H1|DV_pressure|Reservoirs|Oil_temperature|Motor_current
SE_02818,2020-08-26 11:30:00,2020-08-26 12:15:00,45.0,5,1.0885328836424977,Oil_temperature,1.109612141652616,TP3|H1|Reservoirs|Oil_temperature
SE_02819,2020-08-26 12:30:00,2020-08-26 13:25:00,55.0,6,1.0961214165261401,Oil_temperature,1.0994940978077588,TP3|H1|Reservoirs|Oil_temperature
SE_02820,2020-08-26 13:40:00,2020-08-26 14:10:00,30.0,3,1.1231028667790917,Oil_temperature,1.1281618887015201,TP3|H1|Reservoirs|Oil_temperature
SE_02821,2020-08-26 14:25:00,2020-08-26 14:30:00,5.0,1,1.0893760539629018,Oil_temperature,1.1011804384485686,TP3|H1|Reservoirs|Oil_temperature
SE_02822,2020-08-26 14:50:00,2020-08-26 15:40:00,50.0,5,1.1688026981450275,Oil_temperature,1.183811129848231,TP3|H1|Reservoirs|Oil_temperature
SE_02823,2020-08-26 15:55:00,2020-08-26 16:45:00,50.0,4,1.1232715008431724,Oil_temperature,1.1365935919055674,TP3|H1|Reservoirs|Oil_temperature
SE_02824,2020-08-26 17:05:00,2020-08-26 17:50:00,45.0,5,1.0809443507588545,DV_pressure,407.19999999993905,TP2|TP3|H1|DV_pressure|Reservoirs|Oil_temperature|Motor_current
SE_02825,2020-08-26 18:10:00,2020-08-26 18:15:00,5.0,1,1.0269814502529524,Oil_temperature,1.0303541315345712,Oil_temperature
SE_02826,2020-08-26 18:35:00,2020-08-26 18:40:00,5.0,1,1.0222596964586859,H1,1.0480928689883913,TP3|H1|Reservoirs|Oil_temperature
SE_02827,2020-08-26 18:55:00,2020-08-26 19:00:00,5.0,1,1.0036946704845129,Oil_temperature,1.0151770657672865,TP3|Oil_temperature
SE_02828,2020-08-26 19:20:00,2020-08-26 19:25:00,5.0,1,1.0286677908937623,Oil_temperature,1.0354131534569997,Oil_temperature
SE_02829,2020-08-27 04:45:00,2020-08-27 04:50:00,5.0,1,1.00867613832404,DV_pressure,31.53425402677407,TP2|TP3|H1|DV_pressure|Reservoirs|Motor_current
SE_02830,2020-08-27 06:20:00,2020-08-27 06:25:00,5.0,1,1.021922428330524,H1,1.0398009950248757,TP3|H1|Reservoirs|Oil_temperature
SE_02831,2020-08-27 06:40:00,2020-08-27 06:45:00,5.0,1,0.9966329118880035,Oil_temperature,1.0067453625632392,Oil_temperature
SE_02832,2020-08-27 07:10:00,2020-08-27 07:15:00,5.0,1,1.075885328836426,DV_pressure,18.947750143543214,TP2|TP3|H1|DV_pressure|Reservoirs|Oil_temperature
SE_02833,2020-08-27 07:50:00,2020-08-27 07:55:00,5.0,1,1.0134907251264766,Oil_temperature,1.0286677908937623,Oil_temperature
SE_02834,2020-08-27 08:45:00,2020-08-27 08:50:00,5.0,1,1.0050590219224296,Oil_temperature,1.0084317032040482,Oil_temperature
SE_02835,2020-08-27 09:35:00,2020-08-27 09:40:00,5.0,1,1.021922428330524,H1,1.0265339966832505,TP3|H1|Reservoirs|Oil_temperature
SE_02836,2020-08-27 09:55:00,2020-08-27 10:00:00,5.0,1,1.0332234275502752,DV_pressure,1.3598863739385048,TP3|H1|DV_pressure|Reservoirs|Oil_temperature
SE_02837,2020-08-27 10:30:00,2020-08-27 10:35:00,5.0,1,1.0422038206941675,Oil_temperature,1.0573355817875216,TP3|H1|Reservoirs|Oil_temperature
SE_02838,2020-08-27 11:10:00,2020-08-27 11:30:00,20.0,2,1.0428330522765616,DV_pressure,14.082378894563218,TP2|TP3|H1|DV_pressure|Reservoirs|Oil_temperature
SE_02839,2020-08-27 11:45:00,2020-08-27 11:50:00,5.0,1,1.0288364249578432,H1,1.0679933665008283,TP3|H1|Reservoirs|Oil_temperature
SE_02840,2020-08-27 12:10:00,2020-08-27 12:15:00,5.0,1,1.0563237774030374,Oil_temperature,1.0792580101180456,TP3|H1|Reservoirs|Oil_temperature
SE_02841,2020-08-27 12:30:00,2020-08-27 12:45:00,15.0,2,1.1035413153457014,DV_pressure,39.089178326432446,TP2|TP3|DV_pressure|Reservoirs|Oil_temperature|Motor_current
SE_02842,2020-08-27 13:00:00,2020-08-27 13:05:00,5.0,1,1.096795952782464,Oil_temperature,1.1112984822934238,TP3|H1|Reservoirs|Oil_temperature
SE_02843,2020-08-27 13:20:00,2020-08-27 13:25:00,5.0,1,1.1148397976391253,Oil_temperature,1.129848229342328,TP3|H1|Reservoirs|Oil_temperature
SE_02844,2020-08-27 13:40:00,2020-08-27 14:00:00,20.0,2,1.009106239460372,H1,1.0530679933665008,TP3|H1|Reservoirs|Oil_temperature
SE_02845,2020-08-27 14:30:00,2020-08-27 15:10:00,40.0,4,1.0809443507588545,DV_pressure,14.1999999999978,TP3|H1|DV_pressure|Reservoirs|Oil_temperature
SE_02846,2020-08-27 16:00:00,2020-08-27 16:20:00,20.0,2,1.0428330522765616,H1,1.0613598673300164,TP3|H1|Reservoirs|Oil_temperature
SE_02847,2020-08-27 16:40:00,2020-08-27 17:30:00,50.0,5,1.0893760539629018,Motor_current,1.1281699121989661,TP3|H1|Reservoirs|Oil_temperature|Motor_current
SE_02848,2020-08-27 17:45:00,2020-08-27 18:40:00,55.0,5,1.0360876897133235,DV_pressure,66.79999999999008,TP3|H1|DV_pressure|Reservoirs|Oil_temperature
SE_02849,2020-08-27 18:55:00,2020-08-27 19:25:00,30.0,3,1.020404721753796,H1,1.0530679933665008,TP3|H1|Reservoirs|Oil_temperature
SE_02850,2020-08-28 07:30:00,2020-08-28 07:35:00,5.0,1,0.9949493678320043,H1,1.0398009950248757,TP3|H1|Reservoirs|Oil_temperature
SE_02851,2020-08-28 08:15:00,2020-08-28 08:20:00,5.0,1,0.9956155143338963,H1,1.0613598673300164,TP3|H1|Reservoirs|Oil_temperature
SE_02852,2020-08-28 09:40:00,2020-08-28 09:45:00,5.0,1,1.0143338954468815,H1,1.038142620232172,TP3|H1|Reservoirs|Oil_temperature
SE_02853,2020-08-28 10:00:00,2020-08-28 10:05:00,5.0,1,1.0231028667790907,H1,1.0613598673300164,TP3|H1|Reservoirs|Oil_temperature
SE_02854,2020-08-28 10:45:00,2020-08-28 10:50:00,5.0,1,1.0300168634064097,H1,1.0547263681592032,TP3|H1|Reservoirs|Oil_temperature
SE_02855,2020-08-28 11:05:00,2020-08-28 11:15:00,10.0,2,1.020236087689715,H1,1.0746268656716418,TP3|H1|Reservoirs|Oil_temperature
SE_02856,2020-08-28 11:35:00,2020-08-28 11:40:00,5.0,1,1.0224283305227668,H1,1.0530679933665008,TP3|H1|Reservoirs|Oil_temperature
SE_02857,2020-08-28 11:55:00,2020-08-28 12:00:00,5.0,1,1.04789207419899,Oil_temperature,1.0623946037099503,TP3|H1|Reservoirs|Oil_temperature
SE_02858,2020-08-28 12:15:00,2020-08-28 12:20:00,5.0,1,1.0559865092748755,DV_pressure,3.59999999999958,TP3|H1|DV_pressure|Reservoirs|Oil_temperature
SE_02859,2020-08-28 12:40:00,2020-08-28 12:50:00,10.0,2,1.021922428330524,H1,1.0646766169154225,TP3|H1|Reservoirs|Oil_temperature
SE_02860,2020-08-28 13:05:00,2020-08-28 13:10:00,5.0,1,1.0489038785834746,H1,1.069651741293532,TP3|H1|Reservoirs|Oil_temperature
SE_02861,2020-08-28 13:25:00,2020-08-28 13:45:00,20.0,2,1.0185497470489053,DV_pressure,26.925750203982457,TP2|TP3|H1|DV_pressure|Reservoirs|Oil_temperature|Motor_current
SE_02862,2020-08-28 14:10:00,2020-08-28 14:20:00,10.0,2,1.0281618887015191,Motor_current,1.0938343061755202,TP3|H1|Reservoirs|Oil_temperature|Motor_current
SE_02863,2020-08-28 14:35:00,2020-08-28 15:25:00,50.0,4,1.065767284991571,DV_pressure,46.6289927774915,TP2|TP3|H1|DV_pressure|Reservoirs|Oil_temperature|Motor_current
SE_02864,2020-08-28 15:40:00,2020-08-28 15:45:00,5.0,1,1.0480928689883913,Oil_temperature,1.0556492411467138,TP3|H1|Reservoirs|Oil_temperature
SE_02865,2020-08-28 16:30:00,2020-08-28 16:35:00,5.0,1,1.096627318718383,Oil_temperature,1.109612141652616,Oil_temperature
SE_02866,2020-08-28 16:50:00,2020-08-28 17:20:00,30.0,3,1.0338954468802717,H1,1.0530679933665008,TP3|H1|Reservoirs|Oil_temperature
SE_02867,2020-08-28 17:35:00,2020-08-28 17:40:00,5.0,1,1.0876897133220929,Oil_temperature,1.0961214165261401,Oil_temperature
SE_02868,2020-08-28 17:55:00,2020-08-28 18:00:00,5.0,1,1.0084317032040482,H1,1.03150912106136,TP3|H1|Reservoirs|Oil_temperature
SE_02869,2020-08-28 18:25:00,2020-08-28 18:45:00,20.0,2,1.0318995243009241,Oil_temperature,1.0455311973018568,TP3|H1|Reservoirs|Oil_temperature
SE_02870,2020-08-28 19:00:00,2020-08-28 19:05:00,5.0,1,1.0151770657672865,Oil_temperature,1.0236087689713338,H1|Oil_temperature
SE_02871,2020-08-28 20:15:00,2020-08-28 20:20:00,5.0,1,1.0812816188870165,Oil_temperature,1.0961214165261401,TP3|H1|Reservoirs|Oil_temperature
SE_02872,2020-08-28 20:40:00,2020-08-28 21:15:00,35.0,3,1.095278246205735,DV_pressure,38.01637907588095,TP2|TP3|H1|DV_pressure|Reservoirs|Oil_temperature|Motor_current
SE_02873,2020-08-28 21:30:00,2020-08-28 21:35:00,5.0,1,1.0020236087689727,DV_pressure,21.954610014807244,TP2|TP3|H1|DV_pressure|Reservoirs|Oil_temperature|Motor_current
SE_02874,2020-08-28 22:05:00,2020-08-28 22:25:00,20.0,2,1.075885328836426,Oil_temperature,1.0893760539629018,TP3|H1|Reservoirs|Oil_temperature
SE_02875,2020-08-28 22:45:00,2020-08-28 23:40:00,55.0,5,1.0840241330259648,DV_pressure,46.99999999999301,TP2|TP3|H1|DV_pressure|Reservoirs|Oil_temperature|Motor_current
SE_02876,2020-08-29 09:40:00,2020-08-29 09:45:00,5.0,1,1.0000000000000009,Oil_temperature,1.020236087689715,Oil_temperature
SE_02877,2020-08-29 10:00:00,2020-08-29 10:05:00,5.0,1,1.0151770657672865,H1,1.0414593698175778,TP3|H1|Reservoirs|Oil_temperature
SE_02878,2020-08-29 10:20:00,2020-08-29 10:35:00,15.0,2,1.0020236087689727,H1,1.0447761194029854,TP3|H1|Reservoirs|Oil_temperature
SE_02879,2020-08-29 10:50:00,2020-08-29 10:55:00,5.0,1,1.0693086003372696,Oil_temperature,1.086003372681283,TP3|H1|Reservoirs|Oil_temperature
SE_02880,2020-08-29 11:15:00,2020-08-29 11:50:00,35.0,3,1.1035413153457017,TP2,45.135397524357025,TP2|TP3|H1|DV_pressure|Reservoirs|Oil_temperature|Motor_current
SE_02881,2020-08-29 12:05:00,2020-08-29 12:10:00,5.0,1,1.0599708036545765,Oil_temperature,1.0691399662731886,TP3|H1|Reservoirs|Oil_temperature
SE_02882,2020-08-29 12:25:00,2020-08-29 12:30:00,5.0,1,1.042664418212481,H1,1.069651741293532,TP3|H1|Reservoirs|Oil_temperature
SE_02883,2020-08-29 13:40:00,2020-08-29 14:00:00,20.0,2,1.086340640809445,Oil_temperature,1.0944350758853303,TP3|H1|Reservoirs|Oil_temperature
SE_02884,2020-08-29 14:50:00,2020-08-29 15:10:00,20.0,2,1.0385442098109785,H1,1.069651741293532,TP3|H1|Reservoirs|Oil_temperature
SE_02885,2020-08-29 15:25:00,2020-08-29 15:30:00,5.0,1,1.020404721753796,H1,1.0414593698175778,TP3|H1|Reservoirs|Oil_temperature
SE_02886,2020-08-29 16:15:00,2020-08-29 17:00:00,45.0,5,1.084654300168635,DV_pressure,13.054909189809685,TP2|TP3|H1|DV_pressure|Reservoirs|Oil_temperature
SE_02887,2020-08-29 17:30:00,2020-08-29 17:35:00,5.0,1,1.0030354131534582,Oil_temperature,1.021922428330524,Oil_temperature
SE_02888,2020-08-29 18:05:00,2020-08-29 18:40:00,35.0,3,1.0876897133220929,DV_pressure,8.19999999999883,TP2|TP3|H1|DV_pressure|Reservoirs|Oil_temperature
SE_02889,2020-08-29 18:55:00,2020-08-29 20:10:00,75.0,9,1.1102866779089398,TP2,44.294580631738896,TP2|TP3|H1|DV_pressure|Reservoirs|Oil_temperature|Motor_current
SE_02890,2020-08-29 20:30:00,2020-08-29 20:35:00,5.0,1,1.129848229342328,DV_pressure,10.399999999998531,TP3|H1|DV_pressure|Reservoirs|Oil_temperature
SE_02891,2020-08-29 21:00:00,2020-08-29 21:30:00,30.0,3,1.1033726812816205,DV_pressure,35.538363905593,TP2|TP3|H1|DV_pressure|Reservoirs|Oil_temperature|Motor_current
SE_02892,2020-08-29 22:10:00,2020-08-29 23:25:00,75.0,7,1.1011804384485686,TP2,45.21341146284737,TP2|TP3|H1|DV_pressure|Reservoirs|Oil_temperature|Motor_current
SE_02893,2020-08-29 23:50:00,2020-08-30 00:10:00,20.0,3,1.0691399662731886,Oil_temperature,1.0826306913996644,TP3|H1|Reservoirs|Oil_temperature
SE_02894,2020-08-30 00:30:00,2020-08-30 00:35:00,5.0,1,0.9932546374367646,H1,1.0630182421227201,TP3|H1|Reservoirs
SE_02895,2020-08-30 07:40:00,2020-08-30 07:45:00,5.0,1,1.010792580101182,Oil_temperature,1.0236087689713338,Oil_temperature
SE_02896,2020-08-30 08:50:00,2020-08-30 08:55:00,5.0,1,1.0000000000000009,H1,1.0431177446102815,TP3|H1|Reservoirs|Oil_temperature
SE_02897,2020-08-30 10:45:00,2020-08-30 10:50:00,5.0,1,1.0020236087689727,H1,1.0547263681592032,TP3|H1|Reservoirs|Oil_temperature
SE_02898,2020-08-30 11:05:00,2020-08-30 11:10:00,5.0,1,1.044013490725127,DV_pressure,40.5850533377648,TP2|TP3|H1|DV_pressure|Reservoirs|Oil_temperature|Motor_current
SE_02899,2020-08-30 11:30:00,2020-08-30 12:05:00,35.0,4,1.0556492411467138,DV_pressure,383.19999999994263,TP3|H1|DV_pressure|Reservoirs|Oil_temperature|Motor_current
SE_02900,2020-08-30 12:20:00,2020-08-30 12:25:00,5.0,1,1.108094435075887,Oil_temperature,1.1163575042158533,TP3|H1|Reservoirs|Oil_temperature
SE_02901,2020-08-30 12:40:00,2020-08-30 12:45:00,5.0,1,1.080944350758855,Oil_temperature,1.0994940978077588,TP3|H1|Reservoirs|Oil_temperature
SE_02902,2020-08-30 13:00:00,2020-08-30 13:35:00,35.0,4,1.0834738617200692,TP2,42.09285392323367,TP2|TP3|H1|DV_pressure|Reservoirs|Oil_temperature|Motor_current
SE_02903,2020-08-30 13:50:00,2020-08-30 13:55:00,5.0,1,1.0809443507588545,Oil_temperature,1.097807757166949,TP3|H1|Reservoirs|Oil_temperature
SE_02904,2020-08-30 14:10:00,2020-08-30 14:25:00,15.0,2,1.0494097807757174,H1,1.0646766169154225,TP3|H1|Reservoirs|Oil_temperature
SE_02905,2020-08-30 14:40:00,2020-08-30 14:50:00,10.0,2,1.0715008431703212,DV_pressure,3.958780333020995,TP2|TP3|H1|DV_pressure|Reservoirs|Oil_temperature
SE_02906,2020-08-30 15:05:00,2020-08-30 15:10:00,5.0,1,1.074198988195617,Oil_temperature,1.0809443507588545,TP3|H1|Reservoirs|Oil_temperature
SE_02907,2020-08-30 15:25:00,2020-08-30 15:45:00,20.0,2,1.0151770657672865,H1,1.0398009950248757,TP3|H1|Reservoirs|Oil_temperature
SE_02908,2020-08-30 16:15:00,2020-08-30 16:20:00,5.0,1,1.0691399662731886,Oil_temperature,1.086003372681283,TP3|H1|Reservoirs|Oil_temperature
SE_02909,2020-08-30 16:50:00,2020-08-30 16:55:00,5.0,1,1.0157828468598986,H1,1.0630182421227201,TP3|H1|Reservoirs|Oil_temperature
SE_02910,2020-08-30 17:25:00,2020-08-30 17:45:00,20.0,2,1.0961214165261401,DV_pressure,46.9916291438751,TP2|TP3|H1|DV_pressure|Reservoirs|Oil_temperature|Motor_current
SE_02911,2020-08-30 19:45:00,2020-08-30 20:45:00,60.0,7,1.1035413153457014,DV_pressure,42.35290562388485,TP2|TP3|H1|DV_pressure|Reservoirs|Oil_temperature|Motor_current
SE_02912,2020-08-30 21:05:00,2020-08-30 22:00:00,55.0,6,1.0629005059021932,DV_pressure,10.62222356531968,TP2|TP3|H1|DV_pressure|Reservoirs|Oil_temperature|Motor_current
SE_02913,2020-08-30 22:20:00,2020-08-30 23:10:00,50.0,4,1.0558178752107945,Oil_temperature,1.06408094435076,TP3|H1|Reservoirs|Oil_temperature|Motor_current
SE_02914,2020-08-30 23:30:00,2020-08-30 23:40:00,10.0,2,1.0492411467116367,Oil_temperature,1.065767284991571,TP3|H1|Reservoirs|Oil_temperature
SE_02915,2020-08-31 00:15:00,2020-08-31 00:25:00,10.0,2,1.064403786726851,Oil_temperature,1.0893760539629018,TP3|H1|Reservoirs|Oil_temperature|Motor_current
SE_02916,2020-08-31 05:05:00,2020-08-31 05:25:00,20.0,2,1.0286677908937623,H1,1.049751243781095,TP3|H1|Reservoirs|Oil_temperature
SE_02917,2020-08-31 06:55:00,2020-08-31 07:00:00,5.0,1,1.0225969645868478,Oil_temperature,1.0370994940978095,TP3|H1|Reservoirs|Oil_temperature
SE_02918,2020-08-31 10:20:00,2020-08-31 10:25:00,5.0,1,1.0360876897133235,Oil_temperature,1.0489038785834746,TP3|H1|Reservoirs|Oil_temperature
SE_02919,2020-08-31 10:40:00,2020-08-31 10:45:00,5.0,1,1.052613827993257,DV_pressure,14.792541778731115,TP2|TP3|H1|DV_pressure|Reservoirs|Oil_temperature
SE_02920,2020-08-31 11:00:00,2020-08-31 11:05:00,5.0,1,1.0239460370994957,H1,1.0547263681592032,TP3|H1|Reservoirs|Oil_temperature
SE_02921,2020-08-31 12:00:00,2020-08-31 12:35:00,35.0,4,1.1033726812816205,Oil_temperature,1.1197301854974728,TP3|H1|Reservoirs|Oil_temperature
SE_02922,2020-08-31 12:55:00,2020-08-31 13:25:00,30.0,4,1.0826306913996644,DV_pressure,39.51225408721331,TP2|TP3|H1|DV_pressure|Reservoirs|Oil_temperature|Motor_current
SE_02923,2020-08-31 13:40:00,2020-08-31 13:50:00,10.0,2,1.0438448566610459,H1,1.0779436152570476,TP3|H1|Reservoirs|Oil_temperature|Motor_current
SE_02924,2020-08-31 14:05:00,2020-08-31 14:10:00,5.0,1,1.0900505902192257,Oil_temperature,1.097807757166949,TP3|H1|Reservoirs|Oil_temperature
SE_02925,2020-08-31 14:25:00,2020-08-31 14:45:00,20.0,2,1.0489038785834746,H1,1.0713101160862357,TP3|H1|Reservoirs|Oil_temperature
SE_02926,2020-08-31 15:20:00,2020-08-31 15:40:00,20.0,2,1.052445193929176,H1,1.0646766169154225,TP3|H1|Reservoirs|Oil_temperature
SE_02927,2020-08-31 15:55:00,2020-08-31 16:00:00,5.0,1,1.074873524451941,DV_pressure,26.714212323592026,TP2|TP3|H1|DV_pressure|Reservoirs|Oil_temperature|Motor_current
SE_02928,2020-08-31 16:15:00,2020-08-31 17:10:00,55.0,5,1.0946037099494113,Oil_temperature,1.1028667790893776,TP3|H1|Reservoirs|Oil_temperature
SE_02929,2020-08-31 17:25:00,2020-08-31 17:30:00,5.0,1,1.0826306913996644,DV_pressure,46.221026865309945,TP2|TP3|H1|DV_pressure|Reservoirs|Oil_temperature|Motor_current
SE_02930,2020-08-31 17:50:00,2020-08-31 17:55:00,5.0,1,1.0631245123455242,Oil_temperature,1.0674536256323788,TP3|H1|Reservoirs|Oil_temperature
SE_02931,2020-08-31 18:10:00,2020-08-31 18:15:00,5.0,1,1.0947723440134922,Oil_temperature,1.106239460370997,TP3|H1|Reservoirs|Oil_temperature
SE_02932,2020-08-31 18:30:00,2020-08-31 18:35:00,5.0,1,1.016526138279934,DV_pressure,19.46148499591998,TP2|TP3|H1|DV_pressure|Reservoirs|Oil_temperature
SE_02933,2020-08-31 18:50:00,2020-08-31 19:10:00,20.0,2,1.115851602023611,Oil_temperature,1.1365935919055674,TP3|H1|Reservoirs|Oil_temperature
SE_02934,2020-08-31 19:40:00,2020-08-31 19:45:00,5.0,1,1.0902192242833066,Oil_temperature,1.106239460370997,TP3|H1|Reservoirs|Oil_temperature
