source,relation,target,gap_minutes,source_dataset,source_artifact,relation_origin,semantics
sensor_event:SE_00001,PRECEDES,sensor_event:SE_00002,15.0,metropt3,results/sensor/events.csv,deterministic_chronological_adjacency,Immediate adjacency of nonoverlapping source-local intervals; not causality
sensor_event:SE_00002,PRECEDES,sensor_event:SE_00003,20.0,metropt3,results/sensor/events.csv,deterministic_chronological_adjacency,Immediate adjacency of nonoverlapping source-local intervals; not causality
sensor_event:SE_00003,PRECEDES,sensor_event:SE_00004,15.0,metropt3,results/sensor/events.csv,deterministic_chronological_adjacency,Immediate adjacency of nonoverlapping source-local intervals; not causality
sensor_event:SE_00004,PRECEDES,sensor_event:SE_00005,15.0,metropt3,results/sensor/events.csv,deterministic_chronological_adjacency,Immediate adjacency of nonoverlapping source-local intervals; not causality
sensor_event:SE_00005,PRECEDES,sensor_event:SE_00006,15.0,metropt3,results/sensor/events.csv,deterministic_chronological_adjacency,Immediate adjacency of nonoverlapping source-local intervals; not causality
sensor_event:SE_00006,PRECEDES,sensor_event:SE_00007,15.0,metropt3,results/sensor/events.csv,deterministic_chronological_adjacency,Immediate adjacency of nonoverlapping source-local intervals; not causality
sensor_event:SE_00007,PRECEDES,sensor_event:SE_00008,15.0,metropt3,results/sensor/events.csv,deterministic_chronological_adjacency,Immediate adjacency of nonoverlapping source-local intervals; not causality
sensor_event:SE_00008,PRECEDES,sensor_event:SE_00009,15.0,metropt3,results/sensor/events.csv,deterministic_chronological_adjacency,Immediate adjacency of nonoverlapping source-local intervals; not causality
sensor_event:SE_00009,PRECEDES,sensor_event:SE_00010,15.0,metropt3,results/sensor/events.csv,deterministic_chronological_adjacency,Immediate adjacency of nonoverlapping source-local intervals; not causality
sensor_event:SE_00010,PRECEDES,sensor_event:SE_00011,15.0,metropt3,results/sensor/events.csv,deterministic_chronological_adjacency,Immediate adjacency of nonoverlapping source-local intervals; not causality
sensor_event:SE_00011,PRECEDES,sensor_event:SE_00012,15.0,metropt3,results/sensor/events.csv,deterministic_chronological_adjacency,Immediate adjacency of nonoverlapping source-local intervals; not causality
sensor_event:SE_00012,PRECEDES,sensor_event:SE_00013,15.0,metropt3,results/sensor/events.csv,deterministic_chronological_adjacency,Immediate adjacency of nonoverlapping source-local intervals; not causality
sensor_event:SE_00013,PRECEDES,sensor_event:SE_00014,15.0,metropt3,results/sensor/events.csv,deterministic_chronological_adjacency,Immediate adjacency of nonoverlapping source-local intervals; not causality
sensor_event:SE_00014,PRECEDES,sensor_event:SE_00015,15.0,metropt3,results/sensor/events.csv,deterministic_chronological_adjacency,Immediate adjacency of nonoverlapping source-local intervals; not causality
sensor_event:SE_00015,PRECEDES,sensor_event:SE_00016,15.0,metropt3,results/sensor/events.csv,deterministic_chronological_adjacency,Immediate adjacency of nonoverlapping source-local intervals; not causality
sensor_event:SE_00016,PRECEDES,sensor_event:SE_00017,15.0,metropt3,results/sensor/events.csv,deterministic_chronological_adjacency,Immediate adjacency of nonoverlapping source-local intervals; not causality
sensor_event:SE_00017,PRECEDES,sensor_event:SE_00018,15.0,metropt3,results/sensor/events.csv,deterministic_chronological_adjacency,Immediate adjacency of nonoverlapping source-local intervals; not causality
sensor_event:SE_00018,PRECEDES,sensor_event:SE_00019,15.0,metropt3,results/sensor/events.csv,deterministic_chronological_adjacency,Immediate adjacency of nonoverlapping source-local intervals; not causality
sensor_event:SE_00019,PRECEDES,sensor_event:SE_00020,15.0,metropt3,results/sensor/events.csv,deterministic_chronological_adjacency,Immediate adjacency of nonoverlapping source-local intervals; not causality
sensor_event:SE_00020,PRECEDES,sensor_event:SE_00021,15.0,metropt3,results/sensor/events.csv,deterministic_chronological_adjacency,Immediate adjacency of nonoverlapping source-local intervals; not causality
sensor_event:SE_00021,PRECEDES,sensor_event:SE_00022,15.0,metropt3,results/sensor/events.csv,deterministic_chronological_adjacency,Immediate adjacency of nonoverlapping source-local intervals; not causality
sensor_event:SE_00022,PRECEDES,sensor_event:SE_00023,15.0,metropt3,results/sensor/events.csv,deterministic_chronological_adjacency,Immediate adjacency of nonoverlapping source-local intervals; not causality
sensor_event:SE_00023,PRECEDES,sensor_event:SE_00024,15.0,metropt3,results/sensor/events.csv,deterministic_chronological_adjacency,Immediate adjacency of nonoverlapping source-local intervals; not causality
sensor_event:SE_00024,PRECEDES,sensor_event:SE_00025,15.0,metropt3,results/sensor/events.csv,deterministic_chronological_adjacency,Immediate adjacency of nonoverlapping source-local intervals; not causality
sensor_event:SE_00025,PRECEDES,sensor_event:SE_00026,15.0,metropt3,results/sensor/events.csv,deterministic_chronological_adjacency,Immediate adjacency of nonoverlapping source-local intervals; not causality
sensor_event:SE_00026,PRECEDES,sensor_event:SE_00027,15.0,metropt3,results/sensor/events.csv,deterministic_chronological_adjacency,Immediate adjacency of nonoverlapping source-local intervals; not causality
sensor_event:SE_00027,PRECEDES,sensor_event:SE_00028,15.0,metropt3,results/sensor/events.csv,deterministic_chronological_adjacency,Immediate adjacency of nonoverlapping source-local intervals; not causality
sensor_event:SE_00028,PRECEDES,sensor_event:SE_00029,35.0,metropt3,results/sensor/events.csv,deterministic_chronological_adjacency,Immediate adjacency of nonoverlapping source-local intervals; not causality
sensor_event:SE_00029,PRECEDES,sensor_event:SE_00030,15.0,metropt3,results/sensor/events.csv,deterministic_chronological_adjacency,Immediate adjacency of nonoverlapping source-local intervals; not causality
sensor_event:SE_00030,PRECEDES,sensor_event:SE_00031,15.0,metropt3,results/sensor/events.csv,deterministic_chronological_adjacency,Immediate adjacency of nonoverlapping source-local intervals; not causality
sensor_event:SE_00031,PRECEDES,sensor_event:SE_00032,15.0,metropt3,results/sensor/events.csv,deterministic_chronological_adjacency,Immediate adjacency of nonoverlapping source-local intervals; not causality
sensor_event:SE_00032,PRECEDES,sensor_event:SE_00033,35.0,metropt3,results/sensor/events.csv,deterministic_chronological_adjacency,Immediate adjacency of nonoverlapping source-local intervals; not causality
sensor_event:SE_00033,PRECEDES,sensor_event:SE_00034,15.0,metropt3,results/sensor/events.csv,deterministic_chronological_adjacency,Immediate adjacency of nonoverlapping source-local intervals; not causality
sensor_event:SE_00034,PRECEDES,sensor_event:SE_00035,15.0,metropt3,results/sensor/events.csv,deterministic_chronological_adjacency,Immediate adjacency of nonoverlapping source-local intervals; not causality
sensor_event:SE_00035,PRECEDES,sensor_event:SE_00036,15.0,metropt3,results/sensor/events.csv,deterministic_chronological_adjacency,Immediate adjacency of nonoverlapping source-local intervals; not causality
sensor_event:SE_00036,PRECEDES,sensor_event:SE_00037,15.0,metropt3,results/sensor/events.csv,deterministic_chronological_adjacency,Immediate adjacency of nonoverlapping source-local intervals; not causality
sensor_event:SE_00037,PRECEDES,sensor_event:SE_00038,15.0,metropt3,results/sensor/events.csv,deterministic_chronological_adjacency,Immediate adjacency of nonoverlapping source-local intervals; not causality
sensor_event:SE_00038,PRECEDES,sensor_event:SE_00039,35.0,metropt3,results/sensor/events.csv,deterministic_chronological_adjacency,Immediate adjacency of nonoverlapping source-local intervals; not causality
sensor_event:SE_00039,PRECEDES,sensor_event:SE_00040,15.0,metropt3,results/sensor/events.csv,deterministic_chronological_adjacency,Immediate adjacency of nonoverlapping source-local intervals; not causality
sensor_event:SE_00040,PRECEDES,sensor_event:SE_00041,35.0,metropt3,results/sensor/events.csv,deterministic_chronological_adjacency,Immediate adjacency of nonoverlapping source-local intervals; not causality
sensor_event:SE_00041,PRECEDES,sensor_event:SE_00042,15.0,metropt3,results/sensor/events.csv,deterministic_chronological_adjacency,Immediate adjacency of nonoverlapping source-local intervals; not causality
sensor_event:SE_00042,PRECEDES,sensor_event:SE_00043,15.0,metropt3,results/sensor/events.csv,deterministic_chronological_adjacency,Immediate adjacency of nonoverlapping source-local intervals; not causality
sensor_event:SE_00043,PRECEDES,sensor_event:SE_00044,15.0,metropt3,results/sensor/events.csv,deterministic_chronological_adjacency,Immediate adjacency of nonoverlapping source-local intervals; not causality
sensor_event:SE_00044,PRECEDES,sensor_event:SE_00045,15.0,metropt3,results/sensor/events.csv,deterministic_chronological_adjacency,Immediate adjacency of nonoverlapping source-local intervals; not causality
sensor_event:SE_00045,PRECEDES,sensor_event:SE_00046,55.0,metropt3,results/sensor/events.csv,deterministic_chronological_adjacency,Immediate adjacency of nonoverlapping source-local intervals; not causality
sensor_event:SE_00046,PRECEDES,sensor_event:SE_00047,30.0,metropt3,results/sensor/events.csv,deterministic_chronological_adjacency,Immediate adjacency of nonoverlapping source-local intervals; not causality
sensor_event:SE_00047,PRECEDES,sensor_event:SE_00048,70.0,metropt3,results/sensor/events.csv,deterministic_chronological_adjacency,Immediate adjacency of nonoverlapping source-local intervals; not causality
sensor_event:SE_00048,PRECEDES,sensor_event:SE_00049,50.0,metropt3,results/sensor/events.csv,deterministic_chronological_adjacency,Immediate adjacency of nonoverlapping source-local intervals; not causality
sensor_event:SE_00049,PRECEDES,sensor_event:SE_00050,15.0,metropt3,results/sensor/events.csv,deterministic_chronological_adjacency,Immediate adjacency of nonoverlapping source-local intervals; not causality
sensor_event:SE_00050,PRECEDES,sensor_event:SE_00051,15.0,metropt3,results/sensor/events.csv,deterministic_chronological_adjacency,Immediate adjacency of nonoverlapping source-local intervals; not causality
sensor_event:SE_00051,PRECEDES,sensor_event:SE_00052,15.0,metropt3,results/sensor/events.csv,deterministic_chronological_adjacency,Immediate adjacency of nonoverlapping source-local intervals; not causality
sensor_event:SE_00052,PRECEDES,sensor_event:SE_00053,15.0,metropt3,results/sensor/events.csv,deterministic_chronological_adjacency,Immediate adjacency of nonoverlapping source-local intervals; not causality
sensor_event:SE_00053,PRECEDES,sensor_event:SE_00054,15.0,metropt3,results/sensor/events.csv,deterministic_chronological_adjacency,Immediate adjacency of nonoverlapping source-local intervals; not causality
sensor_event:SE_00054,PRECEDES,sensor_event:SE_00055,15.0,metropt3,results/sensor/events.csv,deterministic_chronological_adjacency,Immediate adjacency of nonoverlapping source-local intervals; not causality
sensor_event:SE_00055,PRECEDES,sensor_event:SE_00056,15.0,metropt3,results/sensor/events.csv,deterministic_chronological_adjacency,Immediate adjacency of nonoverlapping source-local intervals; not causality
sensor_event:SE_00056,PRECEDES,sensor_event:SE_00057,15.0,metropt3,results/sensor/events.csv,deterministic_chronological_adjacency,Immediate adjacency of nonoverlapping source-local intervals; not causality
sensor_event:SE_00057,PRECEDES,sensor_event:SE_00058,35.0,metropt3,results/sensor/events.csv,deterministic_chronological_adjacency,Immediate adjacency of nonoverlapping source-local intervals; not causality
sensor_event:SE_00058,PRECEDES,sensor_event:SE_00059,380.0,metropt3,results/sensor/events.csv,deterministic_chronological_adjacency,Immediate adjacency of nonoverlapping source-local intervals; not causality
sensor_event:SE_00059,PRECEDES,sensor_event:SE_00060,15.0,metropt3,results/sensor/events.csv,deterministic_chronological_adjacency,Immediate adjacency of nonoverlapping source-local intervals; not causality
sensor_event:SE_00060,PRECEDES,sensor_event:SE_00061,40.0,metropt3,results/sensor/events.csv,deterministic_chronological_adjacency,Immediate adjacency of nonoverlapping source-local intervals; not causality
sensor_event:SE_00061,PRECEDES,sensor_event:SE_00062,35.0,metropt3,results/sensor/events.csv,deterministic_chronological_adjacency,Immediate adjacency of nonoverlapping source-local intervals; not causality
sensor_event:SE_00062,PRECEDES,sensor_event:SE_00063,15.0,metropt3,results/sensor/events.csv,deterministic_chronological_adjacency,Immediate adjacency of nonoverlapping source-local intervals; not causality
sensor_event:SE_00063,PRECEDES,sensor_event:SE_00064,15.0,metropt3,results/sensor/events.csv,deterministic_chronological_adjacency,Immediate adjacency of nonoverlapping source-local intervals; not causality
sensor_event:SE_00064,PRECEDES,sensor_event:SE_00065,15.0,metropt3,results/sensor/events.csv,deterministic_chronological_adjacency,Immediate adjacency of nonoverlapping source-local intervals; not causality
sensor_event:SE_00065,PRECEDES,sensor_event:SE_00066,15.0,metropt3,results/sensor/events.csv,deterministic_chronological_adjacency,Immediate adjacency of nonoverlapping source-local intervals; not causality
sensor_event:SE_00066,PRECEDES,sensor_event:SE_00067,15.0,metropt3,results/sensor/events.csv,deterministic_chronological_adjacency,Immediate adjacency of nonoverlapping source-local intervals; not causality
sensor_event:SE_00067,PRECEDES,sensor_event:SE_00068,15.0,metropt3,results/sensor/events.csv,deterministic_chronological_adjacency,Immediate adjacency of nonoverlapping source-local intervals; not causality
sensor_event:SE_00068,PRECEDES,sensor_event:SE_00069,15.0,metropt3,results/sensor/events.csv,deterministic_chronological_adjacency,Immediate adjacency of nonoverlapping source-local intervals; not causality
sensor_event:SE_00069,PRECEDES,sensor_event:SE_00070,120.0,metropt3,results/sensor/events.csv,deterministic_chronological_adjacency,Immediate adjacency of nonoverlapping source-local intervals; not causality
sensor_event:SE_00070,PRECEDES,sensor_event:SE_00071,20.0,metropt3,results/sensor/events.csv,deterministic_chronological_adjacency,Immediate adjacency of nonoverlapping source-local intervals; not causality
sensor_event:SE_00071,PRECEDES,sensor_event:SE_00072,30.0,metropt3,results/sensor/events.csv,deterministic_chronological_adjacency,Immediate adjacency of nonoverlapping source-local intervals; not causality
sensor_event:SE_00072,PRECEDES,sensor_event:SE_00073,25.0,metropt3,results/sensor/events.csv,deterministic_chronological_adjacency,Immediate adjacency of nonoverlapping source-local intervals; not causality
sensor_event:SE_00073,PRECEDES,sensor_event:SE_00074,45.0,metropt3,results/sensor/events.csv,deterministic_chronological_adjacency,Immediate adjacency of nonoverlapping source-local intervals; not causality
sensor_event:SE_00074,PRECEDES,sensor_event:SE_00075,25.0,metropt3,results/sensor/events.csv,deterministic_chronological_adjacency,Immediate adjacency of nonoverlapping source-local intervals; not causality
sensor_event:SE_00075,PRECEDES,sensor_event:SE_00076,25.0,metropt3,results/sensor/events.csv,deterministic_chronological_adjacency,Immediate adjacency of nonoverlapping source-local intervals; not causality
sensor_event:SE_00076,PRECEDES,sensor_event:SE_00077,45.0,metropt3,results/sensor/events.csv,deterministic_chronological_adjacency,Immediate adjacency of nonoverlapping source-local intervals; not causality
sensor_event:SE_00077,PRECEDES,sensor_event:SE_00078,15.0,metropt3,results/sensor/events.csv,deterministic_chronological_adjacency,Immediate adjacency of nonoverlapping source-local intervals; not causality
sensor_event:SE_00078,PRECEDES,sensor_event:SE_00079,15.0,metropt3,results/sensor/events.csv,deterministic_chronological_adjacency,Immediate adjacency of nonoverlapping source-local intervals; not causality
sensor_event:SE_00079,PRECEDES,sensor_event:SE_00080,15.0,metropt3,results/sensor/events.csv,deterministic_chronological_adjacency,Immediate adjacency of nonoverlapping source-local intervals; not causality
sensor_event:SE_00080,PRECEDES,sensor_event:SE_00081,65.0,metropt3,results/sensor/events.csv,deterministic_chronological_adjacency,Immediate adjacency of nonoverlapping source-local intervals; not causality
sensor_event:SE_00081,PRECEDES,sensor_event:SE_00082,35.0,metropt3,results/sensor/events.csv,deterministic_chronological_adjacency,Immediate adjacency of nonoverlapping source-local intervals; not causality
sensor_event:SE_00082,PRECEDES,sensor_event:SE_00083,15.0,metropt3,results/sensor/events.csv,deterministic_chronological_adjacency,Immediate adjacency of nonoverlapping source-local intervals; not causality
sensor_event:SE_00083,PRECEDES,sensor_event:SE_00084,15.0,metropt3,results/sensor/events.csv,deterministic_chronological_adjacency,Immediate adjacency of nonoverlapping source-local intervals; not causality
sensor_event:SE_00084,PRECEDES,sensor_event:SE_00085,20.0,metropt3,results/sensor/events.csv,deterministic_chronological_adjacency,Immediate adjacency of nonoverlapping source-local intervals; not causality
sensor_event:SE_00085,PRECEDES,sensor_event:SE_00086,20.0,metropt3,results/sensor/events.csv,deterministic_chronological_adjacency,Immediate adjacency of nonoverlapping source-local intervals; not causality
sensor_event:SE_00086,PRECEDES,sensor_event:SE_00087,25.0,metropt3,results/sensor/events.csv,deterministic_chronological_adjacency,Immediate adjacency of nonoverlapping source-local intervals; not causality
sensor_event:SE_00087,PRECEDES,sensor_event:SE_00088,20.0,metropt3,results/sensor/events.csv,deterministic_chronological_adjacency,Immediate adjacency of nonoverlapping source-local intervals; not causality
sensor_event:SE_00088,PRECEDES,sensor_event:SE_00089,25.0,metropt3,results/sensor/events.csv,deterministic_chronological_adjacency,Immediate adjacency of nonoverlapping source-local intervals; not causality
sensor_event:SE_00089,PRECEDES,sensor_event:SE_00090,15.0,metropt3,results/sensor/events.csv,deterministic_chronological_adjacency,Immediate adjacency of nonoverlapping source-local intervals; not causality
sensor_event:SE_00090,PRECEDES,sensor_event:SE_00091,50.0,metropt3,results/sensor/events.csv,deterministic_chronological_adjacency,Immediate adjacency of nonoverlapping source-local intervals; not causality
sensor_event:SE_00091,PRECEDES,sensor_event:SE_00092,15.0,metropt3,results/sensor/events.csv,deterministic_chronological_adjacency,Immediate adjacency of nonoverlapping source-local intervals; not causality
sensor_event:SE_00092,PRECEDES,sensor_event:SE_00093,15.0,metropt3,results/sensor/events.csv,deterministic_chronological_adjacency,Immediate adjacency of nonoverlapping source-local intervals; not causality
sensor_event:SE_00093,PRECEDES,sensor_event:SE_00094,25.0,metropt3,results/sensor/events.csv,deterministic_chronological_adjacency,Immediate adjacency of nonoverlapping source-local intervals; not causality
sensor_event:SE_00094,PRECEDES,sensor_event:SE_00095,20.0,metropt3,results/sensor/events.csv,deterministic_chronological_adjacency,Immediate adjacency of nonoverlapping source-local intervals; not causality
sensor_event:SE_00095,PRECEDES,sensor_event:SE_00096,25.0,metropt3,results/sensor/events.csv,deterministic_chronological_adjacency,Immediate adjacency of nonoverlapping source-local intervals; not causality
sensor_event:SE_00096,PRECEDES,sensor_event:SE_00097,25.0,metropt3,results/sensor/events.csv,deterministic_chronological_adjacency,Immediate adjacency of nonoverlapping source-local intervals; not causality
sensor_event:SE_00097,PRECEDES,sensor_event:SE_00098,110.0,metropt3,results/sensor/events.csv,deterministic_chronological_adjacency,Immediate adjacency of nonoverlapping source-local intervals; not causality
sensor_event:SE_00098,PRECEDES,sensor_event:SE_00099,15.0,metropt3,results/sensor/events.csv,deterministic_chronological_adjacency,Immediate adjacency of nonoverlapping source-local intervals; not causality
sensor_event:SE_00099,PRECEDES,sensor_event:SE_00100,15.0,metropt3,results/sensor/events.csv,deterministic_chronological_adjacency,Immediate adjacency of nonoverlapping source-local intervals; not causality
sensor_event:SE_00100,PRECEDES,sensor_event:SE_00101,15.0,metropt3,results/sensor/events.csv,deterministic_chronological_adjacency,Immediate adjacency of nonoverlapping source-local intervals; not causality
sensor_event:SE_00101,PRECEDES,sensor_event:SE_00102,15.0,metropt3,results/sensor/events.csv,deterministic_chronological_adjacency,Immediate adjacency of nonoverlapping source-local intervals; not causality
sensor_event:SE_00102,PRECEDES,sensor_event:SE_00103,15.0,metropt3,results/sensor/events.csv,deterministic_chronological_adjacency,Immediate adjacency of nonoverlapping source-local intervals; not causality
sensor_event:SE_00103,PRECEDES,sensor_event:SE_00104,15.0,metropt3,results/sensor/events.csv,deterministic_chronological_adjacency,Immediate adjacency of nonoverlapping source-local intervals; not causality
sensor_event:SE_00104,PRECEDES,sensor_event:SE_00105,15.0,metropt3,results/sensor/events.csv,deterministic_chronological_adjacency,Immediate adjacency of nonoverlapping source-local intervals; not causality
sensor_event:SE_00105,PRECEDES,sensor_event:SE_00106,85.0,metropt3,results/sensor/events.csv,deterministic_chronological_adjacency,Immediate adjacency of nonoverlapping source-local intervals; not causality
sensor_event:SE_00106,PRECEDES,sensor_event:SE_00107,30.0,metropt3,results/sensor/events.csv,deterministic_chronological_adjacency,Immediate adjacency of nonoverlapping source-local intervals; not causality
sensor_event:SE_00107,PRECEDES,sensor_event:SE_00108,15.0,metropt3,results/sensor/events.csv,deterministic_chronological_adjacency,Immediate adjacency of nonoverlapping source-local intervals; not causality
sensor_event:SE_00108,PRECEDES,sensor_event:SE_00109,15.0,metropt3,results/sensor/events.csv,deterministic_chronological_adjacency,Immediate adjacency of nonoverlapping source-local intervals; not causality
sensor_event:SE_00109,PRECEDES,sensor_event:SE_00110,15.0,metropt3,results/sensor/events.csv,deterministic_chronological_adjacency,Immediate adjacency of nonoverlapping source-local intervals; not causality
sensor_event:SE_00110,PRECEDES,sensor_event:SE_00111,15.0,metropt3,results/sensor/events.csv,deterministic_chronological_adjacency,Immediate adjacency of nonoverlapping source-local intervals; not causality
sensor_event:SE_00111,PRECEDES,sensor_event:SE_00112,15.0,metropt3,results/sensor/events.csv,deterministic_chronological_adjacency,Immediate adjacency of nonoverlapping source-local intervals; not causality
sensor_event:SE_00112,PRECEDES,sensor_event:SE_00113,15.0,metropt3,results/sensor/events.csv,deterministic_chronological_adjacency,Immediate adjacency of nonoverlapping source-local intervals; not causality
sensor_event:SE_00113,PRECEDES,sensor_event:SE_00114,85.0,metropt3,results/sensor/events.csv,deterministic_chronological_adjacency,Immediate adjacency of nonoverlapping source-local intervals; not causality
sensor_event:SE_00114,PRECEDES,sensor_event:SE_00115,70.0,metropt3,results/sensor/events.csv,deterministic_chronological_adjacency,Immediate adjacency of nonoverlapping source-local intervals; not causality
sensor_event:SE_00115,PRECEDES,sensor_event:SE_00116,15.0,metropt3,results/sensor/events.csv,deterministic_chronological_adjacency,Immediate adjacency of nonoverlapping source-local intervals; not causality
sensor_event:SE_00116,PRECEDES,sensor_event:SE_00117,15.0,metropt3,results/sensor/events.csv,deterministic_chronological_adjacency,Immediate adjacency of nonoverlapping source-local intervals; not causality
sensor_event:SE_00117,PRECEDES,sensor_event:SE_00118,15.0,metropt3,results/sensor/events.csv,deterministic_chronological_adjacency,Immediate adjacency of nonoverlapping source-local intervals; not causality
sensor_event:SE_00118,PRECEDES,sensor_event:SE_00119,15.0,metropt3,results/sensor/events.csv,deterministic_chronological_adjacency,Immediate adjacency of nonoverlapping source-local intervals; not causality
sensor_event:SE_00119,PRECEDES,sensor_event:SE_00120,35.0,metropt3,results/sensor/events.csv,deterministic_chronological_adjacency,Immediate adjacency of nonoverlapping source-local intervals; not causality
sensor_event:SE_00120,PRECEDES,sensor_event:SE_00121,15.0,metropt3,results/sensor/events.csv,deterministic_chronological_adjacency,Immediate adjacency of nonoverlapping source-local intervals; not causality
sensor_event:SE_00121,PRECEDES,sensor_event:SE_00122,15.0,metropt3,results/sensor/events.csv,deterministic_chronological_adjacency,Immediate adjacency of nonoverlapping source-local intervals; not causality
sensor_event:SE_00122,PRECEDES,sensor_event:SE_00123,15.0,metropt3,results/sensor/events.csv,deterministic_chronological_adjacency,Immediate adjacency of nonoverlapping source-local intervals; not causality
sensor_event:SE_00123,PRECEDES,sensor_event:SE_00124,15.0,metropt3,results/sensor/events.csv,deterministic_chronological_adjacency,Immediate adjacency of nonoverlapping source-local intervals; not causality
sensor_event:SE_00124,PRECEDES,sensor_event:SE_00125,60.0,metropt3,results/sensor/events.csv,deterministic_chronological_adjacency,Immediate adjacency of nonoverlapping source-local intervals; not causality
sensor_event:SE_00125,PRECEDES,sensor_event:SE_00126,65.0,metropt3,results/sensor/events.csv,deterministic_chronological_adjacency,Immediate adjacency of nonoverlapping source-local intervals; not causality
sensor_event:SE_00126,PRECEDES,sensor_event:SE_00127,40.0,metropt3,results/sensor/events.csv,deterministic_chronological_adjacency,Immediate adjacency of nonoverlapping source-local intervals; not causality
sensor_event:SE_00127,PRECEDES,sensor_event:SE_00128,295.0,metropt3,results/sensor/events.csv,deterministic_chronological_adjacency,Immediate adjacency of nonoverlapping source-local intervals; not causality
sensor_event:SE_00128,PRECEDES,sensor_event:SE_00129,80.0,metropt3,results/sensor/events.csv,deterministic_chronological_adjacency,Immediate adjacency of nonoverlapping source-local intervals; not causality
sensor_event:SE_00129,PRECEDES,sensor_event:SE_00130,50.0,metropt3,results/sensor/events.csv,deterministic_chronological_adjacency,Immediate adjacency of nonoverlapping source-local intervals; not causality
sensor_event:SE_00130,PRECEDES,sensor_event:SE_00131,25.0,metropt3,results/sensor/events.csv,deterministic_chronological_adjacency,Immediate adjacency of nonoverlapping source-local intervals; not causality
sensor_event:SE_00131,PRECEDES,sensor_event:SE_00132,15.0,metropt3,results/sensor/events.csv,deterministic_chronological_adjacency,Immediate adjacency of nonoverlapping source-local intervals; not causality
sensor_event:SE_00132,PRECEDES,sensor_event:SE_00133,15.0,metropt3,results/sensor/events.csv,deterministic_chronological_adjacency,Immediate adjacency of nonoverlapping source-local intervals; not causality
sensor_event:SE_00133,PRECEDES,sensor_event:SE_00134,130.0,metropt3,results/sensor/events.csv,deterministic_chronological_adjacency,Immediate adjacency of nonoverlapping source-local intervals; not causality
sensor_event:SE_00134,PRECEDES,sensor_event:SE_00135,15.0,metropt3,results/sensor/events.csv,deterministic_chronological_adjacency,Immediate adjacency of nonoverlapping source-local intervals; not causality
sensor_event:SE_00135,PRECEDES,sensor_event:SE_00136,15.0,metropt3,results/sensor/events.csv,deterministic_chronological_adjacency,Immediate adjacency of nonoverlapping source-local intervals; not causality
sensor_event:SE_00136,PRECEDES,sensor_event:SE_00137,15.0,metropt3,results/sensor/events.csv,deterministic_chronological_adjacency,Immediate adjacency of nonoverlapping source-local intervals; not causality
sensor_event:SE_00137,PRECEDES,sensor_event:SE_00138,15.0,metropt3,results/sensor/events.csv,deterministic_chronological_adjacency,Immediate adjacency of nonoverlapping source-local intervals; not causality
sensor_event:SE_00138,PRECEDES,sensor_event:SE_00139,15.0,metropt3,results/sensor/events.csv,deterministic_chronological_adjacency,Immediate adjacency of nonoverlapping source-local intervals; not causality
sensor_event:SE_00139,PRECEDES,sensor_event:SE_00140,15.0,metropt3,results/sensor/events.csv,deterministic_chronological_adjacency,Immediate adjacency of nonoverlapping source-local intervals; not causality
sensor_event:SE_00140,PRECEDES,sensor_event:SE_00141,15.0,metropt3,results/sensor/events.csv,deterministic_chronological_adjacency,Immediate adjacency of nonoverlapping source-local intervals; not causality
sensor_event:SE_00141,PRECEDES,sensor_event:SE_00142,15.0,metropt3,results/sensor/events.csv,deterministic_chronological_adjacency,Immediate adjacency of nonoverlapping source-local intervals; not causality
sensor_event:SE_00142,PRECEDES,sensor_event:SE_00143,15.0,metropt3,results/sensor/events.csv,deterministic_chronological_adjacency,Immediate adjacency of nonoverlapping source-local intervals; not causality
sensor_event:SE_00143,PRECEDES,sensor_event:SE_00144,30.0,metropt3,results/sensor/events.csv,deterministic_chronological_adjacency,Immediate adjacency of nonoverlapping source-local intervals; not causality
sensor_event:SE_00144,PRECEDES,sensor_event:SE_00145,955.0,metropt3,results/sensor/events.csv,deterministic_chronological_adjacency,Immediate adjacency of nonoverlapping source-local intervals; not causality
sensor_event:SE_00145,PRECEDES,sensor_event:SE_00146,60.0,metropt3,results/sensor/events.csv,deterministic_chronological_adjacency,Immediate adjacency of nonoverlapping source-local intervals; not causality
sensor_event:SE_00146,PRECEDES,sensor_event:SE_00147,15.0,metropt3,results/sensor/events.csv,deterministic_chronological_adjacency,Immediate adjacency of nonoverlapping source-local intervals; not causality
sensor_event:SE_00147,PRECEDES,sensor_event:SE_00148,100.0,metropt3,results/sensor/events.csv,deterministic_chronological_adjacency,Immediate adjacency of nonoverlapping source-local intervals; not causality
sensor_event:SE_00148,PRECEDES,sensor_event:SE_00149,15.0,metropt3,results/sensor/events.csv,deterministic_chronological_adjacency,Immediate adjacency of nonoverlapping source-local intervals; not causality
sensor_event:SE_00149,PRECEDES,sensor_event:SE_00150,15.0,metropt3,results/sensor/events.csv,deterministic_chronological_adjacency,Immediate adjacency of nonoverlapping source-local intervals; not causality
sensor_event:SE_00150,PRECEDES,sensor_event:SE_00151,35.0,metropt3,results/sensor/events.csv,deterministic_chronological_adjacency,Immediate adjacency of nonoverlapping source-local intervals; not causality
sensor_event:SE_00151,PRECEDES,sensor_event:SE_00152,125.0,metropt3,results/sensor/events.csv,deterministic_chronological_adjacency,Immediate adjacency of nonoverlapping source-local intervals; not causality
sensor_event:SE_00152,PRECEDES,sensor_event:SE_00153,40.0,metropt3,results/sensor/events.csv,deterministic_chronological_adjacency,Immediate adjacency of nonoverlapping source-local intervals; not causality
sensor_event:SE_00153,PRECEDES,sensor_event:SE_00154,330.0,metropt3,results/sensor/events.csv,deterministic_chronological_adjacency,Immediate adjacency of nonoverlapping source-local intervals; not causality
sensor_event:SE_00154,PRECEDES,sensor_event:SE_00155,40.0,metropt3,results/sensor/events.csv,deterministic_chronological_adjacency,Immediate adjacency of nonoverlapping source-local intervals; not causality
sensor_event:SE_00155,PRECEDES,sensor_event:SE_00156,155.0,metropt3,results/sensor/events.csv,deterministic_chronological_adjacency,Immediate adjacency of nonoverlapping source-local intervals; not causality
sensor_event:SE_00156,PRECEDES,sensor_event:SE_00157,145.0,metropt3,results/sensor/events.csv,deterministic_chronological_adjacency,Immediate adjacency of nonoverlapping source-local intervals; not causality
sensor_event:SE_00157,PRECEDES,sensor_event:SE_00158,15.0,metropt3,results/sensor/events.csv,deterministic_chronological_adjacency,Immediate adjacency of nonoverlapping source-local intervals; not causality
sensor_event:SE_00158,PRECEDES,sensor_event:SE_00159,15.0,metropt3,results/sensor/events.csv,deterministic_chronological_adjacency,Immediate adjacency of nonoverlapping source-local intervals; not causality
sensor_event:SE_00159,PRECEDES,sensor_event:SE_00160,15.0,metropt3,results/sensor/events.csv,deterministic_chronological_adjacency,Immediate adjacency of nonoverlapping source-local intervals; not causality
sensor_event:SE_00160,PRECEDES,sensor_event:SE_00161,20.0,metropt3,results/sensor/events.csv,deterministic_chronological_adjacency,Immediate adjacency of nonoverlapping source-local intervals; not causality
sensor_event:SE_00161,PRECEDES,sensor_event:SE_00162,30.0,metropt3,results/sensor/events.csv,deterministic_chronological_adjacency,Immediate adjacency of nonoverlapping source-local intervals; not causality
sensor_event:SE_00162,PRECEDES,sensor_event:SE_00163,125.0,metropt3,results/sensor/events.csv,deterministic_chronological_adjacency,Immediate adjacency of nonoverlapping source-local intervals; not causality
sensor_event:SE_00163,PRECEDES,sensor_event:SE_00164,105.0,metropt3,results/sensor/events.csv,deterministic_chronological_adjacency,Immediate adjacency of nonoverlapping source-local intervals; not causality
sensor_event:SE_00164,PRECEDES,sensor_event:SE_00165,15.0,metropt3,results/sensor/events.csv,deterministic_chronological_adjacency,Immediate adjacency of nonoverlapping source-local intervals; not causality
sensor_event:SE_00165,PRECEDES,sensor_event:SE_00166,90.0,metropt3,results/sensor/events.csv,deterministic_chronological_adjacency,Immediate adjacency of nonoverlapping source-local intervals; not causality
sensor_event:SE_00166,PRECEDES,sensor_event:SE_00167,210.0,metropt3,results/sensor/events.csv,deterministic_chronological_adjacency,Immediate adjacency of nonoverlapping source-local intervals; not causality
sensor_event:SE_00167,PRECEDES,sensor_event:SE_00168,20.0,metropt3,results/sensor/events.csv,deterministic_chronological_adjacency,Immediate adjacency of nonoverlapping source-local intervals; not causality
sensor_event:SE_00168,PRECEDES,sensor_event:SE_00169,45.0,metropt3,results/sensor/events.csv,deterministic_chronological_adjacency,Immediate adjacency of nonoverlapping source-local intervals; not causality
sensor_event:SE_00169,PRECEDES,sensor_event:SE_00170,20.0,metropt3,results/sensor/events.csv,deterministic_chronological_adjacency,Immediate adjacency of nonoverlapping source-local intervals; not causality
sensor_event:SE_00170,PRECEDES,sensor_event:SE_00171,90.0,metropt3,results/sensor/events.csv,deterministic_chronological_adjacency,Immediate adjacency of nonoverlapping source-local intervals; not causality
sensor_event:SE_00171,PRECEDES,sensor_event:SE_00172,25.0,metropt3,results/sensor/events.csv,deterministic_chronological_adjacency,Immediate adjacency of nonoverlapping source-local intervals; not causality
sensor_event:SE_00172,PRECEDES,sensor_event:SE_00173,20.0,metropt3,results/sensor/events.csv,deterministic_chronological_adjacency,Immediate adjacency of nonoverlapping source-local intervals; not causality
sensor_event:SE_00173,PRECEDES,sensor_event:SE_00174,15.0,metropt3,results/sensor/events.csv,deterministic_chronological_adjacency,Immediate adjacency of nonoverlapping source-local intervals; not causality
sensor_event:SE_00174,PRECEDES,sensor_event:SE_00175,20.0,metropt3,results/sensor/events.csv,deterministic_chronological_adjacency,Immediate adjacency of nonoverlapping source-local intervals; not causality
sensor_event:SE_00175,PRECEDES,sensor_event:SE_00176,50.0,metropt3,results/sensor/events.csv,deterministic_chronological_adjacency,Immediate adjacency of nonoverlapping source-local intervals; not causality
sensor_event:SE_00176,PRECEDES,sensor_event:SE_00177,25.0,metropt3,results/sensor/events.csv,deterministic_chronological_adjacency,Immediate adjacency of nonoverlapping source-local intervals; not causality
sensor_event:SE_00177,PRECEDES,sensor_event:SE_00178,20.0,metropt3,results/sensor/events.csv,deterministic_chronological_adjacency,Immediate adjacency of nonoverlapping source-local intervals; not causality
sensor_event:SE_00178,PRECEDES,sensor_event:SE_00179,20.0,metropt3,results/sensor/events.csv,deterministic_chronological_adjacency,Immediate adjacency of nonoverlapping source-local intervals; not causality
sensor_event:SE_00179,PRECEDES,sensor_event:SE_00180,45.0,metropt3,results/sensor/events.csv,deterministic_chronological_adjacency,Immediate adjacency of nonoverlapping source-local intervals; not causality
sensor_event:SE_00180,PRECEDES,sensor_event:SE_00181,15.0,metropt3,results/sensor/events.csv,deterministic_chronological_adjacency,Immediate adjacency of nonoverlapping source-local intervals; not causality
sensor_event:SE_00181,PRECEDES,sensor_event:SE_00182,60.0,metropt3,results/sensor/events.csv,deterministic_chronological_adjacency,Immediate adjacency of nonoverlapping source-local intervals; not causality
sensor_event:SE_00182,PRECEDES,sensor_event:SE_00183,20.0,metropt3,results/sensor/events.csv,deterministic_chronological_adjacency,Immediate adjacency of nonoverlapping source-local intervals; not causality
sensor_event:SE_00183,PRECEDES,sensor_event:SE_00184,50.0,metropt3,results/sensor/events.csv,deterministic_chronological_adjacency,Immediate adjacency of nonoverlapping source-local intervals; not causality
sensor_event:SE_00184,PRECEDES,sensor_event:SE_00185,35.0,metropt3,results/sensor/events.csv,deterministic_chronological_adjacency,Immediate adjacency of nonoverlapping source-local intervals; not causality
sensor_event:SE_00185,PRECEDES,sensor_event:SE_00186,125.0,metropt3,results/sensor/events.csv,deterministic_chronological_adjacency,Immediate adjacency of nonoverlapping source-local intervals; not causality
sensor_event:SE_00186,PRECEDES,sensor_event:SE_00187,290.0,metropt3,results/sensor/events.csv,deterministic_chronological_adjacency,Immediate adjacency of nonoverlapping source-local intervals; not causality
sensor_event:SE_00187,PRECEDES,sensor_event:SE_00188,95.0,metropt3,results/sensor/events.csv,deterministic_chronological_adjacency,Immediate adjacency of nonoverlapping source-local intervals; not causality
sensor_event:SE_00188,PRECEDES,sensor_event:SE_00189,25.0,metropt3,results/sensor/events.csv,deterministic_chronological_adjacency,Immediate adjacency of nonoverlapping source-local intervals; not causality
sensor_event:SE_00189,PRECEDES,sensor_event:SE_00190,25.0,metropt3,results/sensor/events.csv,deterministic_chronological_adjacency,Immediate adjacency of nonoverlapping source-local intervals; not causality
sensor_event:SE_00190,PRECEDES,sensor_event:SE_00191,30.0,metropt3,results/sensor/events.csv,deterministic_chronological_adjacency,Immediate adjacency of nonoverlapping source-local intervals; not causality
sensor_event:SE_00191,PRECEDES,sensor_event:SE_00192,25.0,metropt3,results/sensor/events.csv,deterministic_chronological_adjacency,Immediate adjacency of nonoverlapping source-local intervals; not causality
sensor_event:SE_00192,PRECEDES,sensor_event:SE_00193,25.0,metropt3,results/sensor/events.csv,deterministic_chronological_adjacency,Immediate adjacency of nonoverlapping source-local intervals; not causality
sensor_event:SE_00193,PRECEDES,sensor_event:SE_00194,25.0,metropt3,results/sensor/events.csv,deterministic_chronological_adjacency,Immediate adjacency of nonoverlapping source-local intervals; not causality
sensor_event:SE_00194,PRECEDES,sensor_event:SE_00195,30.0,metropt3,results/sensor/events.csv,deterministic_chronological_adjacency,Immediate adjacency of nonoverlapping source-local intervals; not causality
sensor_event:SE_00195,PRECEDES,sensor_event:SE_00196,15.0,metropt3,results/sensor/events.csv,deterministic_chronological_adjacency,Immediate adjacency of nonoverlapping source-local intervals; not causality
sensor_event:SE_00196,PRECEDES,sensor_event:SE_00197,15.0,metropt3,results/sensor/events.csv,deterministic_chronological_adjacency,Immediate adjacency of nonoverlapping source-local intervals; not causality
sensor_event:SE_00197,PRECEDES,sensor_event:SE_00198,40.0,metropt3,results/sensor/events.csv,deterministic_chronological_adjacency,Immediate adjacency of nonoverlapping source-local intervals; not causality
sensor_event:SE_00198,PRECEDES,sensor_event:SE_00199,40.0,metropt3,results/sensor/events.csv,deterministic_chronological_adjacency,Immediate adjacency of nonoverlapping source-local intervals; not causality
sensor_event:SE_00199,PRECEDES,sensor_event:SE_00200,15.0,metropt3,results/sensor/events.csv,deterministic_chronological_adjacency,Immediate adjacency of nonoverlapping source-local intervals; not causality
sensor_event:SE_00200,PRECEDES,sensor_event:SE_00201,15.0,metropt3,results/sensor/events.csv,deterministic_chronological_adjacency,Immediate adjacency of nonoverlapping source-local intervals; not causality
sensor_event:SE_00201,PRECEDES,sensor_event:SE_00202,15.0,metropt3,results/sensor/events.csv,deterministic_chronological_adjacency,Immediate adjacency of nonoverlapping source-local intervals; not causality
sensor_event:SE_00202,PRECEDES,sensor_event:SE_00203,15.0,metropt3,results/sensor/events.csv,deterministic_chronological_adjacency,Immediate adjacency of nonoverlapping source-local intervals; not causality
sensor_event:SE_00203,PRECEDES,sensor_event:SE_00204,40.0,metropt3,results/sensor/events.csv,deterministic_chronological_adjacency,Immediate adjacency of nonoverlapping source-local intervals; not causality
sensor_event:SE_00204,PRECEDES,sensor_event:SE_00205,15.0,metropt3,results/sensor/events.csv,deterministic_chronological_adjacency,Immediate adjacency of nonoverlapping source-local intervals; not causality
sensor_event:SE_00205,PRECEDES,sensor_event:SE_00206,60.0,metropt3,results/sensor/events.csv,deterministic_chronological_adjacency,Immediate adjacency of nonoverlapping source-local intervals; not causality
sensor_event:SE_00206,PRECEDES,sensor_event:SE_00207,30.0,metropt3,results/sensor/events.csv,deterministic_chronological_adjacency,Immediate adjacency of nonoverlapping source-local intervals; not causality
sensor_event:SE_00207,PRECEDES,sensor_event:SE_00208,20.0,metropt3,results/sensor/events.csv,deterministic_chronological_adjacency,Immediate adjacency of nonoverlapping source-local intervals; not causality
sensor_event:SE_00208,PRECEDES,sensor_event:SE_00209,25.0,metropt3,results/sensor/events.csv,deterministic_chronological_adjacency,Immediate adjacency of nonoverlapping source-local intervals; not causality
sensor_event:SE_00209,PRECEDES,sensor_event:SE_00210,15.0,metropt3,results/sensor/events.csv,deterministic_chronological_adjacency,Immediate adjacency of nonoverlapping source-local intervals; not causality
sensor_event:SE_00210,PRECEDES,sensor_event:SE_00211,15.0,metropt3,results/sensor/events.csv,deterministic_chronological_adjacency,Immediate adjacency of nonoverlapping source-local intervals; not causality
sensor_event:SE_00211,PRECEDES,sensor_event:SE_00212,20.0,metropt3,results/sensor/events.csv,deterministic_chronological_adjacency,Immediate adjacency of nonoverlapping source-local intervals; not causality
sensor_event:SE_00212,PRECEDES,sensor_event:SE_00213,75.0,metropt3,results/sensor/events.csv,deterministic_chronological_adjacency,Immediate adjacency of nonoverlapping source-local intervals; not causality
sensor_event:SE_00213,PRECEDES,sensor_event:SE_00214,15.0,metropt3,results/sensor/events.csv,deterministic_chronological_adjacency,Immediate adjacency of nonoverlapping source-local intervals; not causality
sensor_event:SE_00214,PRECEDES,sensor_event:SE_00215,15.0,metropt3,results/sensor/events.csv,deterministic_chronological_adjacency,Immediate adjacency of nonoverlapping source-local intervals; not causality
sensor_event:SE_00215,PRECEDES,sensor_event:SE_00216,15.0,metropt3,results/sensor/events.csv,deterministic_chronological_adjacency,Immediate adjacency of nonoverlapping source-local intervals; not causality
sensor_event:SE_00216,PRECEDES,sensor_event:SE_00217,15.0,metropt3,results/sensor/events.csv,deterministic_chronological_adjacency,Immediate adjacency of nonoverlapping source-local intervals; not causality
sensor_event:SE_00217,PRECEDES,sensor_event:SE_00218,15.0,metropt3,results/sensor/events.csv,deterministic_chronological_adjacency,Immediate adjacency of nonoverlapping source-local intervals; not causality
sensor_event:SE_00218,PRECEDES,sensor_event:SE_00219,15.0,metropt3,results/sensor/events.csv,deterministic_chronological_adjacency,Immediate adjacency of nonoverlapping source-local intervals; not causality
sensor_event:SE_00219,PRECEDES,sensor_event:SE_00220,15.0,metropt3,results/sensor/events.csv,deterministic_chronological_adjacency,Immediate adjacency of nonoverlapping source-local intervals; not causality
sensor_event:SE_00220,PRECEDES,sensor_event:SE_00221,375.0,metropt3,results/sensor/events.csv,deterministic_chronological_adjacency,Immediate adjacency of nonoverlapping source-local intervals; not causality
sensor_event:SE_00221,PRECEDES,sensor_event:SE_00222,70.0,metropt3,results/sensor/events.csv,deterministic_chronological_adjacency,Immediate adjacency of nonoverlapping source-local intervals; not causality
sensor_event:SE_00222,PRECEDES,sensor_event:SE_00223,185.0,metropt3,results/sensor/events.csv,deterministic_chronological_adjacency,Immediate adjacency of nonoverlapping source-local intervals; not causality
sensor_event:SE_00223,PRECEDES,sensor_event:SE_00224,20.0,metropt3,results/sensor/events.csv,deterministic_chronological_adjacency,Immediate adjacency of nonoverlapping source-local intervals; not causality
sensor_event:SE_00224,PRECEDES,sensor_event:SE_00225,55.0,metropt3,results/sensor/events.csv,deterministic_chronological_adjacency,Immediate adjacency of nonoverlapping source-local intervals; not causality
sensor_event:SE_00225,PRECEDES,sensor_event:SE_00226,15.0,metropt3,results/sensor/events.csv,deterministic_chronological_adjacency,Immediate adjacency of nonoverlapping source-local intervals; not causality
sensor_event:SE_00226,PRECEDES,sensor_event:SE_00227,20.0,metropt3,results/sensor/events.csv,deterministic_chronological_adjacency,Immediate adjacency of nonoverlapping source-local intervals; not causality
sensor_event:SE_00227,PRECEDES,sensor_event:SE_00228,15.0,metropt3,results/sensor/events.csv,deterministic_chronological_adjacency,Immediate adjacency of nonoverlapping source-local intervals; not causality
sensor_event:SE_00228,PRECEDES,sensor_event:SE_00229,20.0,metropt3,results/sensor/events.csv,deterministic_chronological_adjacency,Immediate adjacency of nonoverlapping source-local intervals; not causality
sensor_event:SE_00229,PRECEDES,sensor_event:SE_00230,100.0,metropt3,results/sensor/events.csv,deterministic_chronological_adjacency,Immediate adjacency of nonoverlapping source-local intervals; not causality
sensor_event:SE_00230,PRECEDES,sensor_event:SE_00231,20.0,metropt3,results/sensor/events.csv,deterministic_chronological_adjacency,Immediate adjacency of nonoverlapping source-local intervals; not causality
sensor_event:SE_00231,PRECEDES,sensor_event:SE_00232,25.0,metropt3,results/sensor/events.csv,deterministic_chronological_adjacency,Immediate adjacency of nonoverlapping source-local intervals; not causality
sensor_event:SE_00232,PRECEDES,sensor_event:SE_00233,15.0,metropt3,results/sensor/events.csv,deterministic_chronological_adjacency,Immediate adjacency of nonoverlapping source-local intervals; not causality
sensor_event:SE_00233,PRECEDES,sensor_event:SE_00234,20.0,metropt3,results/sensor/events.csv,deterministic_chronological_adjacency,Immediate adjacency of nonoverlapping source-local intervals; not causality
sensor_event:SE_00234,PRECEDES,sensor_event:SE_00235,180.0,metropt3,results/sensor/events.csv,deterministic_chronological_adjacency,Immediate adjacency of nonoverlapping source-local intervals; not causality
sensor_event:SE_00235,PRECEDES,sensor_event:SE_00236,140.0,metropt3,results/sensor/events.csv,deterministic_chronological_adjacency,Immediate adjacency of nonoverlapping source-local intervals; not causality
sensor_event:SE_00236,PRECEDES,sensor_event:SE_00237,55.0,metropt3,results/sensor/events.csv,deterministic_chronological_adjacency,Immediate adjacency of nonoverlapping source-local intervals; not causality
sensor_event:SE_00237,PRECEDES,sensor_event:SE_00238,25.0,metropt3,results/sensor/events.csv,deterministic_chronological_adjacency,Immediate adjacency of nonoverlapping source-local intervals; not causality
sensor_event:SE_00238,PRECEDES,sensor_event:SE_00239,275.0,metropt3,results/sensor/events.csv,deterministic_chronological_adjacency,Immediate adjacency of nonoverlapping source-local intervals; not causality
sensor_event:SE_00239,PRECEDES,sensor_event:SE_00240,65.0,metropt3,results/sensor/events.csv,deterministic_chronological_adjacency,Immediate adjacency of nonoverlapping source-local intervals; not causality
sensor_event:SE_00240,PRECEDES,sensor_event:SE_00241,160.0,metropt3,results/sensor/events.csv,deterministic_chronological_adjacency,Immediate adjacency of nonoverlapping source-local intervals; not causality
sensor_event:SE_00241,PRECEDES,sensor_event:SE_00242,80.0,metropt3,results/sensor/events.csv,deterministic_chronological_adjacency,Immediate adjacency of nonoverlapping source-local intervals; not causality
sensor_event:SE_00242,PRECEDES,sensor_event:SE_00243,300.0,metropt3,results/sensor/events.csv,deterministic_chronological_adjacency,Immediate adjacency of nonoverlapping source-local intervals; not causality
sensor_event:SE_00243,PRECEDES,sensor_event:SE_00244,45.0,metropt3,results/sensor/events.csv,deterministic_chronological_adjacency,Immediate adjacency of nonoverlapping source-local intervals; not causality
sensor_event:SE_00244,PRECEDES,sensor_event:SE_00245,95.0,metropt3,results/sensor/events.csv,deterministic_chronological_adjacency,Immediate adjacency of nonoverlapping source-local intervals; not causality
sensor_event:SE_00245,PRECEDES,sensor_event:SE_00246,20.0,metropt3,results/sensor/events.csv,deterministic_chronological_adjacency,Immediate adjacency of nonoverlapping source-local intervals; not causality
sensor_event:SE_00246,PRECEDES,sensor_event:SE_00247,20.0,metropt3,results/sensor/events.csv,deterministic_chronological_adjacency,Immediate adjacency of nonoverlapping source-local intervals; not causality
sensor_event:SE_00247,PRECEDES,sensor_event:SE_00248,50.0,metropt3,results/sensor/events.csv,deterministic_chronological_adjacency,Immediate adjacency of nonoverlapping source-local intervals; not causality
sensor_event:SE_00248,PRECEDES,sensor_event:SE_00249,40.0,metropt3,results/sensor/events.csv,deterministic_chronological_adjacency,Immediate adjacency of nonoverlapping source-local intervals; not causality
sensor_event:SE_00249,PRECEDES,sensor_event:SE_00250,15.0,metropt3,results/sensor/events.csv,deterministic_chronological_adjacency,Immediate adjacency of nonoverlapping source-local intervals; not causality
sensor_event:SE_00250,PRECEDES,sensor_event:SE_00251,15.0,metropt3,results/sensor/events.csv,deterministic_chronological_adjacency,Immediate adjacency of nonoverlapping source-local intervals; not causality
sensor_event:SE_00251,PRECEDES,sensor_event:SE_00252,80.0,metropt3,results/sensor/events.csv,deterministic_chronological_adjacency,Immediate adjacency of nonoverlapping source-local intervals; not causality
sensor_event:SE_00252,PRECEDES,sensor_event:SE_00253,60.0,metropt3,results/sensor/events.csv,deterministic_chronological_adjacency,Immediate adjacency of nonoverlapping source-local intervals; not causality
sensor_event:SE_00253,PRECEDES,sensor_event:SE_00254,15.0,metropt3,results/sensor/events.csv,deterministic_chronological_adjacency,Immediate adjacency of nonoverlapping source-local intervals; not causality
sensor_event:SE_00254,PRECEDES,sensor_event:SE_00255,15.0,metropt3,results/sensor/events.csv,deterministic_chronological_adjacency,Immediate adjacency of nonoverlapping source-local intervals; not causality
sensor_event:SE_00255,PRECEDES,sensor_event:SE_00256,15.0,metropt3,results/sensor/events.csv,deterministic_chronological_adjacency,Immediate adjacency of nonoverlapping source-local intervals; not causality
sensor_event:SE_00256,PRECEDES,sensor_event:SE_00257,325.0,metropt3,results/sensor/events.csv,deterministic_chronological_adjacency,Immediate adjacency of nonoverlapping source-local intervals; not causality
sensor_event:SE_00257,PRECEDES,sensor_event:SE_00258,15.0,metropt3,results/sensor/events.csv,deterministic_chronological_adjacency,Immediate adjacency of nonoverlapping source-local intervals; not causality
sensor_event:SE_00258,PRECEDES,sensor_event:SE_00259,20.0,metropt3,results/sensor/events.csv,deterministic_chronological_adjacency,Immediate adjacency of nonoverlapping source-local intervals; not causality
sensor_event:SE_00259,PRECEDES,sensor_event:SE_00260,15.0,metropt3,results/sensor/events.csv,deterministic_chronological_adjacency,Immediate adjacency of nonoverlapping source-local intervals; not causality
sensor_event:SE_00260,PRECEDES,sensor_event:SE_00261,15.0,metropt3,results/sensor/events.csv,deterministic_chronological_adjacency,Immediate adjacency of nonoverlapping source-local intervals; not causality
sensor_event:SE_00261,PRECEDES,sensor_event:SE_00262,15.0,metropt3,results/sensor/events.csv,deterministic_chronological_adjacency,Immediate adjacency of nonoverlapping source-local intervals; not causality
sensor_event:SE_00262,PRECEDES,sensor_event:SE_00263,20.0,metropt3,results/sensor/events.csv,deterministic_chronological_adjacency,Immediate adjacency of nonoverlapping source-local intervals; not causality
sensor_event:SE_00263,PRECEDES,sensor_event:SE_00264,20.0,metropt3,results/sensor/events.csv,deterministic_chronological_adjacency,Immediate adjacency of nonoverlapping source-local intervals; not causality
sensor_event:SE_00264,PRECEDES,sensor_event:SE_00265,60.0,metropt3,results/sensor/events.csv,deterministic_chronological_adjacency,Immediate adjacency of nonoverlapping source-local intervals; not causality
sensor_event:SE_00265,PRECEDES,sensor_event:SE_00266,20.0,metropt3,results/sensor/events.csv,deterministic_chronological_adjacency,Immediate adjacency of nonoverlapping source-local intervals; not causality
sensor_event:SE_00266,PRECEDES,sensor_event:SE_00267,45.0,metropt3,results/sensor/events.csv,deterministic_chronological_adjacency,Immediate adjacency of nonoverlapping source-local intervals; not causality
sensor_event:SE_00267,PRECEDES,sensor_event:SE_00268,45.0,metropt3,results/sensor/events.csv,deterministic_chronological_adjacency,Immediate adjacency of nonoverlapping source-local intervals; not causality
sensor_event:SE_00268,PRECEDES,sensor_event:SE_00269,20.0,metropt3,results/sensor/events.csv,deterministic_chronological_adjacency,Immediate adjacency of nonoverlapping source-local intervals; not causality
sensor_event:SE_00269,PRECEDES,sensor_event:SE_00270,40.0,metropt3,results/sensor/events.csv,deterministic_chronological_adjacency,Immediate adjacency of nonoverlapping source-local intervals; not causality
sensor_event:SE_00270,PRECEDES,sensor_event:SE_00271,15.0,metropt3,results/sensor/events.csv,deterministic_chronological_adjacency,Immediate adjacency of nonoverlapping source-local intervals; not causality
sensor_event:SE_00271,PRECEDES,sensor_event:SE_00272,40.0,metropt3,results/sensor/events.csv,deterministic_chronological_adjacency,Immediate adjacency of nonoverlapping source-local intervals; not causality
sensor_event:SE_00272,PRECEDES,sensor_event:SE_00273,15.0,metropt3,results/sensor/events.csv,deterministic_chronological_adjacency,Immediate adjacency of nonoverlapping source-local intervals; not causality
sensor_event:SE_00273,PRECEDES,sensor_event:SE_00274,20.0,metropt3,results/sensor/events.csv,deterministic_chronological_adjacency,Immediate adjacency of nonoverlapping source-local intervals; not causality
sensor_event:SE_00274,PRECEDES,sensor_event:SE_00275,20.0,metropt3,results/sensor/events.csv,deterministic_chronological_adjacency,Immediate adjacency of nonoverlapping source-local intervals; not causality
sensor_event:SE_00275,PRECEDES,sensor_event:SE_00276,40.0,metropt3,results/sensor/events.csv,deterministic_chronological_adjacency,Immediate adjacency of nonoverlapping source-local intervals; not causality
sensor_event:SE_00276,PRECEDES,sensor_event:SE_00277,15.0,metropt3,results/sensor/events.csv,deterministic_chronological_adjacency,Immediate adjacency of nonoverlapping source-local intervals; not causality
sensor_event:SE_00277,PRECEDES,sensor_event:SE_00278,20.0,metropt3,results/sensor/events.csv,deterministic_chronological_adjacency,Immediate adjacency of nonoverlapping source-local intervals; not causality
sensor_event:SE_00278,PRECEDES,sensor_event:SE_00279,25.0,metropt3,results/sensor/events.csv,deterministic_chronological_adjacency,Immediate adjacency of nonoverlapping source-local intervals; not causality
sensor_event:SE_00279,PRECEDES,sensor_event:SE_00280,15.0,metropt3,results/sensor/events.csv,deterministic_chronological_adjacency,Immediate adjacency of nonoverlapping source-local intervals; not causality
sensor_event:SE_00280,PRECEDES,sensor_event:SE_00281,20.0,metropt3,results/sensor/events.csv,deterministic_chronological_adjacency,Immediate adjacency of nonoverlapping source-local intervals; not causality
sensor_event:SE_00281,PRECEDES,sensor_event:SE_00282,35.0,metropt3,results/sensor/events.csv,deterministic_chronological_adjacency,Immediate adjacency of nonoverlapping source-local intervals; not causality
sensor_event:SE_00282,PRECEDES,sensor_event:SE_00283,40.0,metropt3,results/sensor/events.csv,deterministic_chronological_adjacency,Immediate adjacency of nonoverlapping source-local intervals; not causality
sensor_event:SE_00283,PRECEDES,sensor_event:SE_00284,115.0,metropt3,results/sensor/events.csv,deterministic_chronological_adjacency,Immediate adjacency of nonoverlapping source-local intervals; not causality
sensor_event:SE_00284,PRECEDES,sensor_event:SE_00285,25.0,metropt3,results/sensor/events.csv,deterministic_chronological_adjacency,Immediate adjacency of nonoverlapping source-local intervals; not causality
sensor_event:SE_00285,PRECEDES,sensor_event:SE_00286,110.0,metropt3,results/sensor/events.csv,deterministic_chronological_adjacency,Immediate adjacency of nonoverlapping source-local intervals; not causality
sensor_event:SE_00286,PRECEDES,sensor_event:SE_00287,460.0,metropt3,results/sensor/events.csv,deterministic_chronological_adjacency,Immediate adjacency of nonoverlapping source-local intervals; not causality
sensor_event:SE_00287,PRECEDES,sensor_event:SE_00288,20.0,metropt3,results/sensor/events.csv,deterministic_chronological_adjacency,Immediate adjacency of nonoverlapping source-local intervals; not causality
sensor_event:SE_00288,PRECEDES,sensor_event:SE_00289,20.0,metropt3,results/sensor/events.csv,deterministic_chronological_adjacency,Immediate adjacency of nonoverlapping source-local intervals; not causality
sensor_event:SE_00289,PRECEDES,sensor_event:SE_00290,20.0,metropt3,results/sensor/events.csv,deterministic_chronological_adjacency,Immediate adjacency of nonoverlapping source-local intervals; not causality
sensor_event:SE_00290,PRECEDES,sensor_event:SE_00291,40.0,metropt3,results/sensor/events.csv,deterministic_chronological_adjacency,Immediate adjacency of nonoverlapping source-local intervals; not causality
sensor_event:SE_00291,PRECEDES,sensor_event:SE_00292,45.0,metropt3,results/sensor/events.csv,deterministic_chronological_adjacency,Immediate adjacency of nonoverlapping source-local intervals; not causality
sensor_event:SE_00292,PRECEDES,sensor_event:SE_00293,15.0,metropt3,results/sensor/events.csv,deterministic_chronological_adjacency,Immediate adjacency of nonoverlapping source-local intervals; not causality
sensor_event:SE_00293,PRECEDES,sensor_event:SE_00294,225.0,metropt3,results/sensor/events.csv,deterministic_chronological_adjacency,Immediate adjacency of nonoverlapping source-local intervals; not causality
sensor_event:SE_00294,PRECEDES,sensor_event:SE_00295,470.0,metropt3,results/sensor/events.csv,deterministic_chronological_adjacency,Immediate adjacency of nonoverlapping source-local intervals; not causality
sensor_event:SE_00295,PRECEDES,sensor_event:SE_00296,295.0,metropt3,results/sensor/events.csv,deterministic_chronological_adjacency,Immediate adjacency of nonoverlapping source-local intervals; not causality
sensor_event:SE_00296,PRECEDES,sensor_event:SE_00297,25.0,metropt3,results/sensor/events.csv,deterministic_chronological_adjacency,Immediate adjacency of nonoverlapping source-local intervals; not causality
sensor_event:SE_00297,PRECEDES,sensor_event:SE_00298,20.0,metropt3,results/sensor/events.csv,deterministic_chronological_adjacency,Immediate adjacency of nonoverlapping source-local intervals; not causality
sensor_event:SE_00298,PRECEDES,sensor_event:SE_00299,20.0,metropt3,results/sensor/events.csv,deterministic_chronological_adjacency,Immediate adjacency of nonoverlapping source-local intervals; not causality
sensor_event:SE_00299,PRECEDES,sensor_event:SE_00300,25.0,metropt3,results/sensor/events.csv,deterministic_chronological_adjacency,Immediate adjacency of nonoverlapping source-local intervals; not causality
sensor_event:SE_00300,PRECEDES,sensor_event:SE_00301,20.0,metropt3,results/sensor/events.csv,deterministic_chronological_adjacency,Immediate adjacency of nonoverlapping source-local intervals; not causality
sensor_event:SE_00301,PRECEDES,sensor_event:SE_00302,30.0,metropt3,results/sensor/events.csv,deterministic_chronological_adjacency,Immediate adjacency of nonoverlapping source-local intervals; not causality
sensor_event:SE_00302,PRECEDES,sensor_event:SE_00303,25.0,metropt3,results/sensor/events.csv,deterministic_chronological_adjacency,Immediate adjacency of nonoverlapping source-local intervals; not causality
sensor_event:SE_00303,PRECEDES,sensor_event:SE_00304,25.0,metropt3,results/sensor/events.csv,deterministic_chronological_adjacency,Immediate adjacency of nonoverlapping source-local intervals; not causality
sensor_event:SE_00304,PRECEDES,sensor_event:SE_00305,190.0,metropt3,results/sensor/events.csv,deterministic_chronological_adjacency,Immediate adjacency of nonoverlapping source-local intervals; not causality
sensor_event:SE_00305,PRECEDES,sensor_event:SE_00306,290.0,metropt3,results/sensor/events.csv,deterministic_chronological_adjacency,Immediate adjacency of nonoverlapping source-local intervals; not causality
sensor_event:SE_00306,PRECEDES,sensor_event:SE_00307,450.0,metropt3,results/sensor/events.csv,deterministic_chronological_adjacency,Immediate adjacency of nonoverlapping source-local intervals; not causality
sensor_event:SE_00307,PRECEDES,sensor_event:SE_00308,60.0,metropt3,results/sensor/events.csv,deterministic_chronological_adjacency,Immediate adjacency of nonoverlapping source-local intervals; not causality
sensor_event:SE_00308,PRECEDES,sensor_event:SE_00309,25.0,metropt3,results/sensor/events.csv,deterministic_chronological_adjacency,Immediate adjacency of nonoverlapping source-local intervals; not causality
sensor_event:SE_00309,PRECEDES,sensor_event:SE_00310,25.0,metropt3,results/sensor/events.csv,deterministic_chronological_adjacency,Immediate adjacency of nonoverlapping source-local intervals; not causality
sensor_event:SE_00310,PRECEDES,sensor_event:SE_00311,30.0,metropt3,results/sensor/events.csv,deterministic_chronological_adjacency,Immediate adjacency of nonoverlapping source-local intervals; not causality
sensor_event:SE_00311,PRECEDES,sensor_event:SE_00312,25.0,metropt3,results/sensor/events.csv,deterministic_chronological_adjacency,Immediate adjacency of nonoverlapping source-local intervals; not causality
sensor_event:SE_00312,PRECEDES,sensor_event:SE_00313,30.0,metropt3,results/sensor/events.csv,deterministic_chronological_adjacency,Immediate adjacency of nonoverlapping source-local intervals; not causality
sensor_event:SE_00313,PRECEDES,sensor_event:SE_00314,25.0,metropt3,results/sensor/events.csv,deterministic_chronological_adjacency,Immediate adjacency of nonoverlapping source-local intervals; not causality
sensor_event:SE_00314,PRECEDES,sensor_event:SE_00315,25.0,metropt3,results/sensor/events.csv,deterministic_chronological_adjacency,Immediate adjacency of nonoverlapping source-local intervals; not causality
sensor_event:SE_00315,PRECEDES,sensor_event:SE_00316,20.0,metropt3,results/sensor/events.csv,deterministic_chronological_adjacency,Immediate adjacency of nonoverlapping source-local intervals; not causality
sensor_event:SE_00316,PRECEDES,sensor_event:SE_00317,20.0,metropt3,results/sensor/events.csv,deterministic_chronological_adjacency,Immediate adjacency of nonoverlapping source-local intervals; not causality
sensor_event:SE_00317,PRECEDES,sensor_event:SE_00318,150.0,metropt3,results/sensor/events.csv,deterministic_chronological_adjacency,Immediate adjacency of nonoverlapping source-local intervals; not causality
sensor_event:SE_00318,PRECEDES,sensor_event:SE_00319,435.0,metropt3,results/sensor/events.csv,deterministic_chronological_adjacency,Immediate adjacency of nonoverlapping source-local intervals; not causality
sensor_event:SE_00319,PRECEDES,sensor_event:SE_00320,1185.0,metropt3,results/sensor/events.csv,deterministic_chronological_adjacency,Immediate adjacency of nonoverlapping source-local intervals; not causality
sensor_event:SE_00320,PRECEDES,sensor_event:SE_00321,105.0,metropt3,results/sensor/events.csv,deterministic_chronological_adjacency,Immediate adjacency of nonoverlapping source-local intervals; not causality
sensor_event:SE_00321,PRECEDES,sensor_event:SE_00322,2360.0,metropt3,results/sensor/events.csv,deterministic_chronological_adjacency,Immediate adjacency of nonoverlapping source-local intervals; not causality
sensor_event:SE_00322,PRECEDES,sensor_event:SE_00323,150.0,metropt3,results/sensor/events.csv,deterministic_chronological_adjacency,Immediate adjacency of nonoverlapping source-local intervals; not causality
sensor_event:SE_00323,PRECEDES,sensor_event:SE_00324,180.0,metropt3,results/sensor/events.csv,deterministic_chronological_adjacency,Immediate adjacency of nonoverlapping source-local intervals; not causality
sensor_event:SE_00324,PRECEDES,sensor_event:SE_00325,230.0,metropt3,results/sensor/events.csv,deterministic_chronological_adjacency,Immediate adjacency of nonoverlapping source-local intervals; not causality
sensor_event:SE_00325,PRECEDES,sensor_event:SE_00326,65.0,metropt3,results/sensor/events.csv,deterministic_chronological_adjacency,Immediate adjacency of nonoverlapping source-local intervals; not causality
sensor_event:SE_00326,PRECEDES,sensor_event:SE_00327,755.0,metropt3,results/sensor/events.csv,deterministic_chronological_adjacency,Immediate adjacency of nonoverlapping source-local intervals; not causality
sensor_event:SE_00327,PRECEDES,sensor_event:SE_00328,40.0,metropt3,results/sensor/events.csv,deterministic_chronological_adjacency,Immediate adjacency of nonoverlapping source-local intervals; not causality
sensor_event:SE_00328,PRECEDES,sensor_event:SE_00329,65.0,metropt3,results/sensor/events.csv,deterministic_chronological_adjacency,Immediate adjacency of nonoverlapping source-local intervals; not causality
sensor_event:SE_00329,PRECEDES,sensor_event:SE_00330,195.0,metropt3,results/sensor/events.csv,deterministic_chronological_adjacency,Immediate adjacency of nonoverlapping source-local intervals; not causality
sensor_event:SE_00330,PRECEDES,sensor_event:SE_00331,305.0,metropt3,results/sensor/events.csv,deterministic_chronological_adjacency,Immediate adjacency of nonoverlapping source-local intervals; not causality
sensor_event:SE_00331,PRECEDES,sensor_event:SE_00332,50.0,metropt3,results/sensor/events.csv,deterministic_chronological_adjacency,Immediate adjacency of nonoverlapping source-local intervals; not causality
sensor_event:SE_00332,PRECEDES,sensor_event:SE_00333,45.0,metropt3,results/sensor/events.csv,deterministic_chronological_adjacency,Immediate adjacency of nonoverlapping source-local intervals; not causality
sensor_event:SE_00333,PRECEDES,sensor_event:SE_00334,25.0,metropt3,results/sensor/events.csv,deterministic_chronological_adjacency,Immediate adjacency of nonoverlapping source-local intervals; not causality
sensor_event:SE_00334,PRECEDES,sensor_event:SE_00335,20.0,metropt3,results/sensor/events.csv,deterministic_chronological_adjacency,Immediate adjacency of nonoverlapping source-local intervals; not causality
sensor_event:SE_00335,PRECEDES,sensor_event:SE_00336,75.0,metropt3,results/sensor/events.csv,deterministic_chronological_adjacency,Immediate adjacency of nonoverlapping source-local intervals; not causality
sensor_event:SE_00336,PRECEDES,sensor_event:SE_00337,160.0,metropt3,results/sensor/events.csv,deterministic_chronological_adjacency,Immediate adjacency of nonoverlapping source-local intervals; not causality
sensor_event:SE_00337,PRECEDES,sensor_event:SE_00338,15.0,metropt3,results/sensor/events.csv,deterministic_chronological_adjacency,Immediate adjacency of nonoverlapping source-local intervals; not causality
sensor_event:SE_00338,PRECEDES,sensor_event:SE_00339,20.0,metropt3,results/sensor/events.csv,deterministic_chronological_adjacency,Immediate adjacency of nonoverlapping source-local intervals; not causality
sensor_event:SE_00339,PRECEDES,sensor_event:SE_00340,15.0,metropt3,results/sensor/events.csv,deterministic_chronological_adjacency,Immediate adjacency of nonoverlapping source-local intervals; not causality
sensor_event:SE_00340,PRECEDES,sensor_event:SE_00341,45.0,metropt3,results/sensor/events.csv,deterministic_chronological_adjacency,Immediate adjacency of nonoverlapping source-local intervals; not causality
sensor_event:SE_00341,PRECEDES,sensor_event:SE_00342,25.0,metropt3,results/sensor/events.csv,deterministic_chronological_adjacency,Immediate adjacency of nonoverlapping source-local intervals; not causality
sensor_event:SE_00342,PRECEDES,sensor_event:SE_00343,25.0,metropt3,results/sensor/events.csv,deterministic_chronological_adjacency,Immediate adjacency of nonoverlapping source-local intervals; not causality
sensor_event:SE_00343,PRECEDES,sensor_event:SE_00344,85.0,metropt3,results/sensor/events.csv,deterministic_chronological_adjacency,Immediate adjacency of nonoverlapping source-local intervals; not causality
sensor_event:SE_00344,PRECEDES,sensor_event:SE_00345,160.0,metropt3,results/sensor/events.csv,deterministic_chronological_adjacency,Immediate adjacency of nonoverlapping source-local intervals; not causality
sensor_event:SE_00345,PRECEDES,sensor_event:SE_00346,45.0,metropt3,results/sensor/events.csv,deterministic_chronological_adjacency,Immediate adjacency of nonoverlapping source-local intervals; not causality
sensor_event:SE_00346,PRECEDES,sensor_event:SE_00347,20.0,metropt3,results/sensor/events.csv,deterministic_chronological_adjacency,Immediate adjacency of nonoverlapping source-local intervals; not causality
sensor_event:SE_00347,PRECEDES,sensor_event:SE_00348,100.0,metropt3,results/sensor/events.csv,deterministic_chronological_adjacency,Immediate adjacency of nonoverlapping source-local intervals; not causality
sensor_event:SE_00348,PRECEDES,sensor_event:SE_00349,45.0,metropt3,results/sensor/events.csv,deterministic_chronological_adjacency,Immediate adjacency of nonoverlapping source-local intervals; not causality
sensor_event:SE_00349,PRECEDES,sensor_event:SE_00350,45.0,metropt3,results/sensor/events.csv,deterministic_chronological_adjacency,Immediate adjacency of nonoverlapping source-local intervals; not causality
sensor_event:SE_00350,PRECEDES,sensor_event:SE_00351,25.0,metropt3,results/sensor/events.csv,deterministic_chronological_adjacency,Immediate adjacency of nonoverlapping source-local intervals; not causality
sensor_event:SE_00351,PRECEDES,sensor_event:SE_00352,130.0,metropt3,results/sensor/events.csv,deterministic_chronological_adjacency,Immediate adjacency of nonoverlapping source-local intervals; not causality
sensor_event:SE_00352,PRECEDES,sensor_event:SE_00353,25.0,metropt3,results/sensor/events.csv,deterministic_chronological_adjacency,Immediate adjacency of nonoverlapping source-local intervals; not causality
sensor_event:SE_00353,PRECEDES,sensor_event:SE_00354,75.0,metropt3,results/sensor/events.csv,deterministic_chronological_adjacency,Immediate adjacency of nonoverlapping source-local intervals; not causality
sensor_event:SE_00354,PRECEDES,sensor_event:SE_00355,495.0,metropt3,results/sensor/events.csv,deterministic_chronological_adjacency,Immediate adjacency of nonoverlapping source-local intervals; not causality
sensor_event:SE_00355,PRECEDES,sensor_event:SE_00356,175.0,metropt3,results/sensor/events.csv,deterministic_chronological_adjacency,Immediate adjacency of nonoverlapping source-local intervals; not causality
sensor_event:SE_00356,PRECEDES,sensor_event:SE_00357,150.0,metropt3,results/sensor/events.csv,deterministic_chronological_adjacency,Immediate adjacency of nonoverlapping source-local intervals; not causality
sensor_event:SE_00357,PRECEDES,sensor_event:SE_00358,45.0,metropt3,results/sensor/events.csv,deterministic_chronological_adjacency,Immediate adjacency of nonoverlapping source-local intervals; not causality
sensor_event:SE_00358,PRECEDES,sensor_event:SE_00359,65.0,metropt3,results/sensor/events.csv,deterministic_chronological_adjacency,Immediate adjacency of nonoverlapping source-local intervals; not causality
sensor_event:SE_00359,PRECEDES,sensor_event:SE_00360,35.0,metropt3,results/sensor/events.csv,deterministic_chronological_adjacency,Immediate adjacency of nonoverlapping source-local intervals; not causality
sensor_event:SE_00360,PRECEDES,sensor_event:SE_00361,190.0,metropt3,results/sensor/events.csv,deterministic_chronological_adjacency,Immediate adjacency of nonoverlapping source-local intervals; not causality
sensor_event:SE_00361,PRECEDES,sensor_event:SE_00362,195.0,metropt3,results/sensor/events.csv,deterministic_chronological_adjacency,Immediate adjacency of nonoverlapping source-local intervals; not causality
sensor_event:SE_00362,PRECEDES,sensor_event:SE_00363,705.0,metropt3,results/sensor/events.csv,deterministic_chronological_adjacency,Immediate adjacency of nonoverlapping source-local intervals; not causality
sensor_event:SE_00363,PRECEDES,sensor_event:SE_00364,25.0,metropt3,results/sensor/events.csv,deterministic_chronological_adjacency,Immediate adjacency of nonoverlapping source-local intervals; not causality
sensor_event:SE_00364,PRECEDES,sensor_event:SE_00365,25.0,metropt3,results/sensor/events.csv,deterministic_chronological_adjacency,Immediate adjacency of nonoverlapping source-local intervals; not causality
sensor_event:SE_00365,PRECEDES,sensor_event:SE_00366,30.0,metropt3,results/sensor/events.csv,deterministic_chronological_adjacency,Immediate adjacency of nonoverlapping source-local intervals; not causality
sensor_event:SE_00366,PRECEDES,sensor_event:SE_00367,25.0,metropt3,results/sensor/events.csv,deterministic_chronological_adjacency,Immediate adjacency of nonoverlapping source-local intervals; not causality
sensor_event:SE_00367,PRECEDES,sensor_event:SE_00368,25.0,metropt3,results/sensor/events.csv,deterministic_chronological_adjacency,Immediate adjacency of nonoverlapping source-local intervals; not causality
sensor_event:SE_00368,PRECEDES,sensor_event:SE_00369,75.0,metropt3,results/sensor/events.csv,deterministic_chronological_adjacency,Immediate adjacency of nonoverlapping source-local intervals; not causality
sensor_event:SE_00369,PRECEDES,sensor_event:SE_00370,325.0,metropt3,results/sensor/events.csv,deterministic_chronological_adjacency,Immediate adjacency of nonoverlapping source-local intervals; not causality
sensor_event:SE_00370,PRECEDES,sensor_event:SE_00371,120.0,metropt3,results/sensor/events.csv,deterministic_chronological_adjacency,Immediate adjacency of nonoverlapping source-local intervals; not causality
sensor_event:SE_00371,PRECEDES,sensor_event:SE_00372,145.0,metropt3,results/sensor/events.csv,deterministic_chronological_adjacency,Immediate adjacency of nonoverlapping source-local intervals; not causality
sensor_event:SE_00372,PRECEDES,sensor_event:SE_00373,540.0,metropt3,results/sensor/events.csv,deterministic_chronological_adjacency,Immediate adjacency of nonoverlapping source-local intervals; not causality
sensor_event:SE_00373,PRECEDES,sensor_event:SE_00374,85.0,metropt3,results/sensor/events.csv,deterministic_chronological_adjacency,Immediate adjacency of nonoverlapping source-local intervals; not causality
sensor_event:SE_00374,PRECEDES,sensor_event:SE_00375,20.0,metropt3,results/sensor/events.csv,deterministic_chronological_adjacency,Immediate adjacency of nonoverlapping source-local intervals; not causality
sensor_event:SE_00375,PRECEDES,sensor_event:SE_00376,50.0,metropt3,results/sensor/events.csv,deterministic_chronological_adjacency,Immediate adjacency of nonoverlapping source-local intervals; not causality
sensor_event:SE_00376,PRECEDES,sensor_event:SE_00377,45.0,metropt3,results/sensor/events.csv,deterministic_chronological_adjacency,Immediate adjacency of nonoverlapping source-local intervals; not causality
sensor_event:SE_00377,PRECEDES,sensor_event:SE_00378,15.0,metropt3,results/sensor/events.csv,deterministic_chronological_adjacency,Immediate adjacency of nonoverlapping source-local intervals; not causality
sensor_event:SE_00378,PRECEDES,sensor_event:SE_00379,15.0,metropt3,results/sensor/events.csv,deterministic_chronological_adjacency,Immediate adjacency of nonoverlapping source-local intervals; not causality
sensor_event:SE_00379,PRECEDES,sensor_event:SE_00380,60.0,metropt3,results/sensor/events.csv,deterministic_chronological_adjacency,Immediate adjacency of nonoverlapping source-local intervals; not causality
sensor_event:SE_00380,PRECEDES,sensor_event:SE_00381,190.0,metropt3,results/sensor/events.csv,deterministic_chronological_adjacency,Immediate adjacency of nonoverlapping source-local intervals; not causality
sensor_event:SE_00381,PRECEDES,sensor_event:SE_00382,95.0,metropt3,results/sensor/events.csv,deterministic_chronological_adjacency,Immediate adjacency of nonoverlapping source-local intervals; not causality
sensor_event:SE_00382,PRECEDES,sensor_event:SE_00383,25.0,metropt3,results/sensor/events.csv,deterministic_chronological_adjacency,Immediate adjacency of nonoverlapping source-local intervals; not causality
sensor_event:SE_00383,PRECEDES,sensor_event:SE_00384,30.0,metropt3,results/sensor/events.csv,deterministic_chronological_adjacency,Immediate adjacency of nonoverlapping source-local intervals; not causality
sensor_event:SE_00384,PRECEDES,sensor_event:SE_00385,305.0,metropt3,results/sensor/events.csv,deterministic_chronological_adjacency,Immediate adjacency of nonoverlapping source-local intervals; not causality
sensor_event:SE_00385,PRECEDES,sensor_event:SE_00386,90.0,metropt3,results/sensor/events.csv,deterministic_chronological_adjacency,Immediate adjacency of nonoverlapping source-local intervals; not causality
sensor_event:SE_00386,PRECEDES,sensor_event:SE_00387,160.0,metropt3,results/sensor/events.csv,deterministic_chronological_adjacency,Immediate adjacency of nonoverlapping source-local intervals; not causality
sensor_event:SE_00387,PRECEDES,sensor_event:SE_00388,30.0,metropt3,results/sensor/events.csv,deterministic_chronological_adjacency,Immediate adjacency of nonoverlapping source-local intervals; not causality
sensor_event:SE_00388,PRECEDES,sensor_event:SE_00389,160.0,metropt3,results/sensor/events.csv,deterministic_chronological_adjacency,Immediate adjacency of nonoverlapping source-local intervals; not causality
sensor_event:SE_00389,PRECEDES,sensor_event:SE_00390,135.0,metropt3,results/sensor/events.csv,deterministic_chronological_adjacency,Immediate adjacency of nonoverlapping source-local intervals; not causality
sensor_event:SE_00390,PRECEDES,sensor_event:SE_00391,20.0,metropt3,results/sensor/events.csv,deterministic_chronological_adjacency,Immediate adjacency of nonoverlapping source-local intervals; not causality
sensor_event:SE_00391,PRECEDES,sensor_event:SE_00392,175.0,metropt3,results/sensor/events.csv,deterministic_chronological_adjacency,Immediate adjacency of nonoverlapping source-local intervals; not causality
sensor_event:SE_00392,PRECEDES,sensor_event:SE_00393,35.0,metropt3,results/sensor/events.csv,deterministic_chronological_adjacency,Immediate adjacency of nonoverlapping source-local intervals; not causality
sensor_event:SE_00393,PRECEDES,sensor_event:SE_00394,60.0,metropt3,results/sensor/events.csv,deterministic_chronological_adjacency,Immediate adjacency of nonoverlapping source-local intervals; not causality
sensor_event:SE_00394,PRECEDES,sensor_event:SE_00395,60.0,metropt3,results/sensor/events.csv,deterministic_chronological_adjacency,Immediate adjacency of nonoverlapping source-local intervals; not causality
sensor_event:SE_00395,PRECEDES,sensor_event:SE_00396,125.0,metropt3,results/sensor/events.csv,deterministic_chronological_adjacency,Immediate adjacency of nonoverlapping source-local intervals; not causality
sensor_event:SE_00396,PRECEDES,sensor_event:SE_00397,185.0,metropt3,results/sensor/events.csv,deterministic_chronological_adjacency,Immediate adjacency of nonoverlapping source-local intervals; not causality
sensor_event:SE_00397,PRECEDES,sensor_event:SE_00398,30.0,metropt3,results/sensor/events.csv,deterministic_chronological_adjacency,Immediate adjacency of nonoverlapping source-local intervals; not causality
sensor_event:SE_00398,PRECEDES,sensor_event:SE_00399,45.0,metropt3,results/sensor/events.csv,deterministic_chronological_adjacency,Immediate adjacency of nonoverlapping source-local intervals; not causality
sensor_event:SE_00399,PRECEDES,sensor_event:SE_00400,45.0,metropt3,results/sensor/events.csv,deterministic_chronological_adjacency,Immediate adjacency of nonoverlapping source-local intervals; not causality
sensor_event:SE_00400,PRECEDES,sensor_event:SE_00401,20.0,metropt3,results/sensor/events.csv,deterministic_chronological_adjacency,Immediate adjacency of nonoverlapping source-local intervals; not causality
sensor_event:SE_00401,PRECEDES,sensor_event:SE_00402,45.0,metropt3,results/sensor/events.csv,deterministic_chronological_adjacency,Immediate adjacency of nonoverlapping source-local intervals; not causality
sensor_event:SE_00402,PRECEDES,sensor_event:SE_00403,20.0,metropt3,results/sensor/events.csv,deterministic_chronological_adjacency,Immediate adjacency of nonoverlapping source-local intervals; not causality
sensor_event:SE_00403,PRECEDES,sensor_event:SE_00404,25.0,metropt3,results/sensor/events.csv,deterministic_chronological_adjacency,Immediate adjacency of nonoverlapping source-local intervals; not causality
sensor_event:SE_00404,PRECEDES,sensor_event:SE_00405,40.0,metropt3,results/sensor/events.csv,deterministic_chronological_adjacency,Immediate adjacency of nonoverlapping source-local intervals; not causality
sensor_event:SE_00405,PRECEDES,sensor_event:SE_00406,40.0,metropt3,results/sensor/events.csv,deterministic_chronological_adjacency,Immediate adjacency of nonoverlapping source-local intervals; not causality
sensor_event:SE_00406,PRECEDES,sensor_event:SE_00407,45.0,metropt3,results/sensor/events.csv,deterministic_chronological_adjacency,Immediate adjacency of nonoverlapping source-local intervals; not causality
sensor_event:SE_00407,PRECEDES,sensor_event:SE_00408,45.0,metropt3,results/sensor/events.csv,deterministic_chronological_adjacency,Immediate adjacency of nonoverlapping source-local intervals; not causality
sensor_event:SE_00408,PRECEDES,sensor_event:SE_00409,20.0,metropt3,results/sensor/events.csv,deterministic_chronological_adjacency,Immediate adjacency of nonoverlapping source-local intervals; not causality
sensor_event:SE_00409,PRECEDES,sensor_event:SE_00410,95.0,metropt3,results/sensor/events.csv,deterministic_chronological_adjacency,Immediate adjacency of nonoverlapping source-local intervals; not causality
sensor_event:SE_00410,PRECEDES,sensor_event:SE_00411,20.0,metropt3,results/sensor/events.csv,deterministic_chronological_adjacency,Immediate adjacency of nonoverlapping source-local intervals; not causality
sensor_event:SE_00411,PRECEDES,sensor_event:SE_00412,20.0,metropt3,results/sensor/events.csv,deterministic_chronological_adjacency,Immediate adjacency of nonoverlapping source-local intervals; not causality
sensor_event:SE_00412,PRECEDES,sensor_event:SE_00413,20.0,metropt3,results/sensor/events.csv,deterministic_chronological_adjacency,Immediate adjacency of nonoverlapping source-local intervals; not causality
sensor_event:SE_00413,PRECEDES,sensor_event:SE_00414,20.0,metropt3,results/sensor/events.csv,deterministic_chronological_adjacency,Immediate adjacency of nonoverlapping source-local intervals; not causality
sensor_event:SE_00414,PRECEDES,sensor_event:SE_00415,15.0,metropt3,results/sensor/events.csv,deterministic_chronological_adjacency,Immediate adjacency of nonoverlapping source-local intervals; not causality
sensor_event:SE_00415,PRECEDES,sensor_event:SE_00416,20.0,metropt3,results/sensor/events.csv,deterministic_chronological_adjacency,Immediate adjacency of nonoverlapping source-local intervals; not causality
sensor_event:SE_00416,PRECEDES,sensor_event:SE_00417,25.0,metropt3,results/sensor/events.csv,deterministic_chronological_adjacency,Immediate adjacency of nonoverlapping source-local intervals; not causality
sensor_event:SE_00417,PRECEDES,sensor_event:SE_00418,20.0,metropt3,results/sensor/events.csv,deterministic_chronological_adjacency,Immediate adjacency of nonoverlapping source-local intervals; not causality
sensor_event:SE_00418,PRECEDES,sensor_event:SE_00419,20.0,metropt3,results/sensor/events.csv,deterministic_chronological_adjacency,Immediate adjacency of nonoverlapping source-local intervals; not causality
sensor_event:SE_00419,PRECEDES,sensor_event:SE_00420,20.0,metropt3,results/sensor/events.csv,deterministic_chronological_adjacency,Immediate adjacency of nonoverlapping source-local intervals; not causality
sensor_event:SE_00420,PRECEDES,sensor_event:SE_00421,20.0,metropt3,results/sensor/events.csv,deterministic_chronological_adjacency,Immediate adjacency of nonoverlapping source-local intervals; not causality
sensor_event:SE_00421,PRECEDES,sensor_event:SE_00422,20.0,metropt3,results/sensor/events.csv,deterministic_chronological_adjacency,Immediate adjacency of nonoverlapping source-local intervals; not causality
sensor_event:SE_00422,PRECEDES,sensor_event:SE_00423,25.0,metropt3,results/sensor/events.csv,deterministic_chronological_adjacency,Immediate adjacency of nonoverlapping source-local intervals; not causality
sensor_event:SE_00423,PRECEDES,sensor_event:SE_00424,20.0,metropt3,results/sensor/events.csv,deterministic_chronological_adjacency,Immediate adjacency of nonoverlapping source-local intervals; not causality
sensor_event:SE_00424,PRECEDES,sensor_event:SE_00425,20.0,metropt3,results/sensor/events.csv,deterministic_chronological_adjacency,Immediate adjacency of nonoverlapping source-local intervals; not causality
sensor_event:SE_00425,PRECEDES,sensor_event:SE_00426,20.0,metropt3,results/sensor/events.csv,deterministic_chronological_adjacency,Immediate adjacency of nonoverlapping source-local intervals; not causality
sensor_event:SE_00426,PRECEDES,sensor_event:SE_00427,20.0,metropt3,results/sensor/events.csv,deterministic_chronological_adjacency,Immediate adjacency of nonoverlapping source-local intervals; not causality
sensor_event:SE_00427,PRECEDES,sensor_event:SE_00428,25.0,metropt3,results/sensor/events.csv,deterministic_chronological_adjacency,Immediate adjacency of nonoverlapping source-local intervals; not causality
sensor_event:SE_00428,PRECEDES,sensor_event:SE_00429,20.0,metropt3,results/sensor/events.csv,deterministic_chronological_adjacency,Immediate adjacency of nonoverlapping source-local intervals; not causality
sensor_event:SE_00429,PRECEDES,sensor_event:SE_00430,25.0,metropt3,results/sensor/events.csv,deterministic_chronological_adjacency,Immediate adjacency of nonoverlapping source-local intervals; not causality
sensor_event:SE_00430,PRECEDES,sensor_event:SE_00431,20.0,metropt3,results/sensor/events.csv,deterministic_chronological_adjacency,Immediate adjacency of nonoverlapping source-local intervals; not causality
sensor_event:SE_00431,PRECEDES,sensor_event:SE_00432,160.0,metropt3,results/sensor/events.csv,deterministic_chronological_adjacency,Immediate adjacency of nonoverlapping source-local intervals; not causality
sensor_event:SE_00432,PRECEDES,sensor_event:SE_00433,50.0,metropt3,results/sensor/events.csv,deterministic_chronological_adjacency,Immediate adjacency of nonoverlapping source-local intervals; not causality
sensor_event:SE_00433,PRECEDES,sensor_event:SE_00434,20.0,metropt3,results/sensor/events.csv,deterministic_chronological_adjacency,Immediate adjacency of nonoverlapping source-local intervals; not causality
sensor_event:SE_00434,PRECEDES,sensor_event:SE_00435,20.0,metropt3,results/sensor/events.csv,deterministic_chronological_adjacency,Immediate adjacency of nonoverlapping source-local intervals; not causality
sensor_event:SE_00435,PRECEDES,sensor_event:SE_00436,15.0,metropt3,results/sensor/events.csv,deterministic_chronological_adjacency,Immediate adjacency of nonoverlapping source-local intervals; not causality
sensor_event:SE_00436,PRECEDES,sensor_event:SE_00437,20.0,metropt3,results/sensor/events.csv,deterministic_chronological_adjacency,Immediate adjacency of nonoverlapping source-local intervals; not causality
sensor_event:SE_00437,PRECEDES,sensor_event:SE_00438,45.0,metropt3,results/sensor/events.csv,deterministic_chronological_adjacency,Immediate adjacency of nonoverlapping source-local intervals; not causality
sensor_event:SE_00438,PRECEDES,sensor_event:SE_00439,45.0,metropt3,results/sensor/events.csv,deterministic_chronological_adjacency,Immediate adjacency of nonoverlapping source-local intervals; not causality
sensor_event:SE_00439,PRECEDES,sensor_event:SE_00440,45.0,metropt3,results/sensor/events.csv,deterministic_chronological_adjacency,Immediate adjacency of nonoverlapping source-local intervals; not causality
sensor_event:SE_00440,PRECEDES,sensor_event:SE_00441,20.0,metropt3,results/sensor/events.csv,deterministic_chronological_adjacency,Immediate adjacency of nonoverlapping source-local intervals; not causality
sensor_event:SE_00441,PRECEDES,sensor_event:SE_00442,20.0,metropt3,results/sensor/events.csv,deterministic_chronological_adjacency,Immediate adjacency of nonoverlapping source-local intervals; not causality
sensor_event:SE_00442,PRECEDES,sensor_event:SE_00443,45.0,metropt3,results/sensor/events.csv,deterministic_chronological_adjacency,Immediate adjacency of nonoverlapping source-local intervals; not causality
sensor_event:SE_00443,PRECEDES,sensor_event:SE_00444,20.0,metropt3,results/sensor/events.csv,deterministic_chronological_adjacency,Immediate adjacency of nonoverlapping source-local intervals; not causality
sensor_event:SE_00444,PRECEDES,sensor_event:SE_00445,20.0,metropt3,results/sensor/events.csv,deterministic_chronological_adjacency,Immediate adjacency of nonoverlapping source-local intervals; not causality
sensor_event:SE_00445,PRECEDES,sensor_event:SE_00446,20.0,metropt3,results/sensor/events.csv,deterministic_chronological_adjacency,Immediate adjacency of nonoverlapping source-local intervals; not causality
sensor_event:SE_00446,PRECEDES,sensor_event:SE_00447,15.0,metropt3,results/sensor/events.csv,deterministic_chronological_adjacency,Immediate adjacency of nonoverlapping source-local intervals; not causality
sensor_event:SE_00447,PRECEDES,sensor_event:SE_00448,865.0,metropt3,results/sensor/events.csv,deterministic_chronological_adjacency,Immediate adjacency of nonoverlapping source-local intervals; not causality
sensor_event:SE_00448,PRECEDES,sensor_event:SE_00449,710.0,metropt3,results/sensor/events.csv,deterministic_chronological_adjacency,Immediate adjacency of nonoverlapping source-local intervals; not causality
sensor_event:SE_00449,PRECEDES,sensor_event:SE_00450,45.0,metropt3,results/sensor/events.csv,deterministic_chronological_adjacency,Immediate adjacency of nonoverlapping source-local intervals; not causality
sensor_event:SE_00450,PRECEDES,sensor_event:SE_00451,120.0,metropt3,results/sensor/events.csv,deterministic_chronological_adjacency,Immediate adjacency of nonoverlapping source-local intervals; not causality
sensor_event:SE_00451,PRECEDES,sensor_event:SE_00452,25.0,metropt3,results/sensor/events.csv,deterministic_chronological_adjacency,Immediate adjacency of nonoverlapping source-local intervals; not causality
sensor_event:SE_00452,PRECEDES,sensor_event:SE_00453,45.0,metropt3,results/sensor/events.csv,deterministic_chronological_adjacency,Immediate adjacency of nonoverlapping source-local intervals; not causality
sensor_event:SE_00453,PRECEDES,sensor_event:SE_00454,115.0,metropt3,results/sensor/events.csv,deterministic_chronological_adjacency,Immediate adjacency of nonoverlapping source-local intervals; not causality
sensor_event:SE_00454,PRECEDES,sensor_event:SE_00455,165.0,metropt3,results/sensor/events.csv,deterministic_chronological_adjacency,Immediate adjacency of nonoverlapping source-local intervals; not causality
sensor_event:SE_00455,PRECEDES,sensor_event:SE_00456,635.0,metropt3,results/sensor/events.csv,deterministic_chronological_adjacency,Immediate adjacency of nonoverlapping source-local intervals; not causality
sensor_event:SE_00456,PRECEDES,sensor_event:SE_00457,15.0,metropt3,results/sensor/events.csv,deterministic_chronological_adjacency,Immediate adjacency of nonoverlapping source-local intervals; not causality
sensor_event:SE_00457,PRECEDES,sensor_event:SE_00458,20.0,metropt3,results/sensor/events.csv,deterministic_chronological_adjacency,Immediate adjacency of nonoverlapping source-local intervals; not causality
sensor_event:SE_00458,PRECEDES,sensor_event:SE_00459,15.0,metropt3,results/sensor/events.csv,deterministic_chronological_adjacency,Immediate adjacency of nonoverlapping source-local intervals; not causality
sensor_event:SE_00459,PRECEDES,sensor_event:SE_00460,90.0,metropt3,results/sensor/events.csv,deterministic_chronological_adjacency,Immediate adjacency of nonoverlapping source-local intervals; not causality
sensor_event:SE_00460,PRECEDES,sensor_event:SE_00461,15.0,metropt3,results/sensor/events.csv,deterministic_chronological_adjacency,Immediate adjacency of nonoverlapping source-local intervals; not causality
sensor_event:SE_00461,PRECEDES,sensor_event:SE_00462,20.0,metropt3,results/sensor/events.csv,deterministic_chronological_adjacency,Immediate adjacency of nonoverlapping source-local intervals; not causality
sensor_event:SE_00462,PRECEDES,sensor_event:SE_00463,15.0,metropt3,results/sensor/events.csv,deterministic_chronological_adjacency,Immediate adjacency of nonoverlapping source-local intervals; not causality
sensor_event:SE_00463,PRECEDES,sensor_event:SE_00464,20.0,metropt3,results/sensor/events.csv,deterministic_chronological_adjacency,Immediate adjacency of nonoverlapping source-local intervals; not causality
sensor_event:SE_00464,PRECEDES,sensor_event:SE_00465,20.0,metropt3,results/sensor/events.csv,deterministic_chronological_adjacency,Immediate adjacency of nonoverlapping source-local intervals; not causality
sensor_event:SE_00465,PRECEDES,sensor_event:SE_00466,90.0,metropt3,results/sensor/events.csv,deterministic_chronological_adjacency,Immediate adjacency of nonoverlapping source-local intervals; not causality
sensor_event:SE_00466,PRECEDES,sensor_event:SE_00467,15.0,metropt3,results/sensor/events.csv,deterministic_chronological_adjacency,Immediate adjacency of nonoverlapping source-local intervals; not causality
sensor_event:SE_00467,PRECEDES,sensor_event:SE_00468,60.0,metropt3,results/sensor/events.csv,deterministic_chronological_adjacency,Immediate adjacency of nonoverlapping source-local intervals; not causality
sensor_event:SE_00468,PRECEDES,sensor_event:SE_00469,20.0,metropt3,results/sensor/events.csv,deterministic_chronological_adjacency,Immediate adjacency of nonoverlapping source-local intervals; not causality
sensor_event:SE_00469,PRECEDES,sensor_event:SE_00470,20.0,metropt3,results/sensor/events.csv,deterministic_chronological_adjacency,Immediate adjacency of nonoverlapping source-local intervals; not causality
sensor_event:SE_00470,PRECEDES,sensor_event:SE_00471,20.0,metropt3,results/sensor/events.csv,deterministic_chronological_adjacency,Immediate adjacency of nonoverlapping source-local intervals; not causality
sensor_event:SE_00471,PRECEDES,sensor_event:SE_00472,20.0,metropt3,results/sensor/events.csv,deterministic_chronological_adjacency,Immediate adjacency of nonoverlapping source-local intervals; not causality
sensor_event:SE_00472,PRECEDES,sensor_event:SE_00473,45.0,metropt3,results/sensor/events.csv,deterministic_chronological_adjacency,Immediate adjacency of nonoverlapping source-local intervals; not causality
sensor_event:SE_00473,PRECEDES,sensor_event:SE_00474,45.0,metropt3,results/sensor/events.csv,deterministic_chronological_adjacency,Immediate adjacency of nonoverlapping source-local intervals; not causality
sensor_event:SE_00474,PRECEDES,sensor_event:SE_00475,20.0,metropt3,results/sensor/events.csv,deterministic_chronological_adjacency,Immediate adjacency of nonoverlapping source-local intervals; not causality
sensor_event:SE_00475,PRECEDES,sensor_event:SE_00476,45.0,metropt3,results/sensor/events.csv,deterministic_chronological_adjacency,Immediate adjacency of nonoverlapping source-local intervals; not causality
sensor_event:SE_00476,PRECEDES,sensor_event:SE_00477,25.0,metropt3,results/sensor/events.csv,deterministic_chronological_adjacency,Immediate adjacency of nonoverlapping source-local intervals; not causality
sensor_event:SE_00477,PRECEDES,sensor_event:SE_00478,45.0,metropt3,results/sensor/events.csv,deterministic_chronological_adjacency,Immediate adjacency of nonoverlapping source-local intervals; not causality
sensor_event:SE_00478,PRECEDES,sensor_event:SE_00479,95.0,metropt3,results/sensor/events.csv,deterministic_chronological_adjacency,Immediate adjacency of nonoverlapping source-local intervals; not causality
sensor_event:SE_00479,PRECEDES,sensor_event:SE_00480,20.0,metropt3,results/sensor/events.csv,deterministic_chronological_adjacency,Immediate adjacency of nonoverlapping source-local intervals; not causality
sensor_event:SE_00480,PRECEDES,sensor_event:SE_00481,20.0,metropt3,results/sensor/events.csv,deterministic_chronological_adjacency,Immediate adjacency of nonoverlapping source-local intervals; not causality
sensor_event:SE_00481,PRECEDES,sensor_event:SE_00482,135.0,metropt3,results/sensor/events.csv,deterministic_chronological_adjacency,Immediate adjacency of nonoverlapping source-local intervals; not causality
sensor_event:SE_00482,PRECEDES,sensor_event:SE_00483,20.0,metropt3,results/sensor/events.csv,deterministic_chronological_adjacency,Immediate adjacency of nonoverlapping source-local intervals; not causality
sensor_event:SE_00483,PRECEDES,sensor_event:SE_00484,65.0,metropt3,results/sensor/events.csv,deterministic_chronological_adjacency,Immediate adjacency of nonoverlapping source-local intervals; not causality
sensor_event:SE_00484,PRECEDES,sensor_event:SE_00485,160.0,metropt3,results/sensor/events.csv,deterministic_chronological_adjacency,Immediate adjacency of nonoverlapping source-local intervals; not causality
sensor_event:SE_00485,PRECEDES,sensor_event:SE_00486,20.0,metropt3,results/sensor/events.csv,deterministic_chronological_adjacency,Immediate adjacency of nonoverlapping source-local intervals; not causality
sensor_event:SE_00486,PRECEDES,sensor_event:SE_00487,110.0,metropt3,results/sensor/events.csv,deterministic_chronological_adjacency,Immediate adjacency of nonoverlapping source-local intervals; not causality
sensor_event:SE_00487,PRECEDES,sensor_event:SE_00488,20.0,metropt3,results/sensor/events.csv,deterministic_chronological_adjacency,Immediate adjacency of nonoverlapping source-local intervals; not causality
sensor_event:SE_00488,PRECEDES,sensor_event:SE_00489,60.0,metropt3,results/sensor/events.csv,deterministic_chronological_adjacency,Immediate adjacency of nonoverlapping source-local intervals; not causality
sensor_event:SE_00489,PRECEDES,sensor_event:SE_00490,15.0,metropt3,results/sensor/events.csv,deterministic_chronological_adjacency,Immediate adjacency of nonoverlapping source-local intervals; not causality
sensor_event:SE_00490,PRECEDES,sensor_event:SE_00491,15.0,metropt3,results/sensor/events.csv,deterministic_chronological_adjacency,Immediate adjacency of nonoverlapping source-local intervals; not causality
sensor_event:SE_00491,PRECEDES,sensor_event:SE_00492,65.0,metropt3,results/sensor/events.csv,deterministic_chronological_adjacency,Immediate adjacency of nonoverlapping source-local intervals; not causality
sensor_event:SE_00492,PRECEDES,sensor_event:SE_00493,65.0,metropt3,results/sensor/events.csv,deterministic_chronological_adjacency,Immediate adjacency of nonoverlapping source-local intervals; not causality
sensor_event:SE_00493,PRECEDES,sensor_event:SE_00494,50.0,metropt3,results/sensor/events.csv,deterministic_chronological_adjacency,Immediate adjacency of nonoverlapping source-local intervals; not causality
sensor_event:SE_00494,PRECEDES,sensor_event:SE_00495,130.0,metropt3,results/sensor/events.csv,deterministic_chronological_adjacency,Immediate adjacency of nonoverlapping source-local intervals; not causality
sensor_event:SE_00495,PRECEDES,sensor_event:SE_00496,1245.0,metropt3,results/sensor/events.csv,deterministic_chronological_adjacency,Immediate adjacency of nonoverlapping source-local intervals; not causality
sensor_event:SE_00496,PRECEDES,sensor_event:SE_00497,20.0,metropt3,results/sensor/events.csv,deterministic_chronological_adjacency,Immediate adjacency of nonoverlapping source-local intervals; not causality
sensor_event:SE_00497,PRECEDES,sensor_event:SE_00498,15.0,metropt3,results/sensor/events.csv,deterministic_chronological_adjacency,Immediate adjacency of nonoverlapping source-local intervals; not causality
sensor_event:SE_00498,PRECEDES,sensor_event:SE_00499,265.0,metropt3,results/sensor/events.csv,deterministic_chronological_adjacency,Immediate adjacency of nonoverlapping source-local intervals; not causality
sensor_event:SE_00499,PRECEDES,sensor_event:SE_00500,45.0,metropt3,results/sensor/events.csv,deterministic_chronological_adjacency,Immediate adjacency of nonoverlapping source-local intervals; not causality
sensor_event:SE_00500,PRECEDES,sensor_event:SE_00501,100.0,metropt3,results/sensor/events.csv,deterministic_chronological_adjacency,Immediate adjacency of nonoverlapping source-local intervals; not causality
sensor_event:SE_00501,PRECEDES,sensor_event:SE_00502,20.0,metropt3,results/sensor/events.csv,deterministic_chronological_adjacency,Immediate adjacency of nonoverlapping source-local intervals; not causality
sensor_event:SE_00502,PRECEDES,sensor_event:SE_00503,50.0,metropt3,results/sensor/events.csv,deterministic_chronological_adjacency,Immediate adjacency of nonoverlapping source-local intervals; not causality
sensor_event:SE_00503,PRECEDES,sensor_event:SE_00504,70.0,metropt3,results/sensor/events.csv,deterministic_chronological_adjacency,Immediate adjacency of nonoverlapping source-local intervals; not causality
sensor_event:SE_00504,PRECEDES,sensor_event:SE_00505,95.0,metropt3,results/sensor/events.csv,deterministic_chronological_adjacency,Immediate adjacency of nonoverlapping source-local intervals; not causality
sensor_event:SE_00505,PRECEDES,sensor_event:SE_00506,125.0,metropt3,results/sensor/events.csv,deterministic_chronological_adjacency,Immediate adjacency of nonoverlapping source-local intervals; not causality
sensor_event:SE_00506,PRECEDES,sensor_event:SE_00507,20.0,metropt3,results/sensor/events.csv,deterministic_chronological_adjacency,Immediate adjacency of nonoverlapping source-local intervals; not causality
sensor_event:SE_00507,PRECEDES,sensor_event:SE_00508,70.0,metropt3,results/sensor/events.csv,deterministic_chronological_adjacency,Immediate adjacency of nonoverlapping source-local intervals; not causality
sensor_event:SE_00508,PRECEDES,sensor_event:SE_00509,95.0,metropt3,results/sensor/events.csv,deterministic_chronological_adjacency,Immediate adjacency of nonoverlapping source-local intervals; not causality
sensor_event:SE_00509,PRECEDES,sensor_event:SE_00510,20.0,metropt3,results/sensor/events.csv,deterministic_chronological_adjacency,Immediate adjacency of nonoverlapping source-local intervals; not causality
sensor_event:SE_00510,PRECEDES,sensor_event:SE_00511,20.0,metropt3,results/sensor/events.csv,deterministic_chronological_adjacency,Immediate adjacency of nonoverlapping source-local intervals; not causality
sensor_event:SE_00511,PRECEDES,sensor_event:SE_00512,20.0,metropt3,results/sensor/events.csv,deterministic_chronological_adjacency,Immediate adjacency of nonoverlapping source-local intervals; not causality
sensor_event:SE_00512,PRECEDES,sensor_event:SE_00513,50.0,metropt3,results/sensor/events.csv,deterministic_chronological_adjacency,Immediate adjacency of nonoverlapping source-local intervals; not causality
sensor_event:SE_00513,PRECEDES,sensor_event:SE_00514,20.0,metropt3,results/sensor/events.csv,deterministic_chronological_adjacency,Immediate adjacency of nonoverlapping source-local intervals; not causality
sensor_event:SE_00514,PRECEDES,sensor_event:SE_00515,15.0,metropt3,results/sensor/events.csv,deterministic_chronological_adjacency,Immediate adjacency of nonoverlapping source-local intervals; not causality
sensor_event:SE_00515,PRECEDES,sensor_event:SE_00516,25.0,metropt3,results/sensor/events.csv,deterministic_chronological_adjacency,Immediate adjacency of nonoverlapping source-local intervals; not causality
sensor_event:SE_00516,PRECEDES,sensor_event:SE_00517,15.0,metropt3,results/sensor/events.csv,deterministic_chronological_adjacency,Immediate adjacency of nonoverlapping source-local intervals; not causality
sensor_event:SE_00517,PRECEDES,sensor_event:SE_00518,20.0,metropt3,results/sensor/events.csv,deterministic_chronological_adjacency,Immediate adjacency of nonoverlapping source-local intervals; not causality
sensor_event:SE_00518,PRECEDES,sensor_event:SE_00519,285.0,metropt3,results/sensor/events.csv,deterministic_chronological_adjacency,Immediate adjacency of nonoverlapping source-local intervals; not causality
sensor_event:SE_00519,PRECEDES,sensor_event:SE_00520,55.0,metropt3,results/sensor/events.csv,deterministic_chronological_adjacency,Immediate adjacency of nonoverlapping source-local intervals; not causality
sensor_event:SE_00520,PRECEDES,sensor_event:SE_00521,25.0,metropt3,results/sensor/events.csv,deterministic_chronological_adjacency,Immediate adjacency of nonoverlapping source-local intervals; not causality
sensor_event:SE_00521,PRECEDES,sensor_event:SE_00522,30.0,metropt3,results/sensor/events.csv,deterministic_chronological_adjacency,Immediate adjacency of nonoverlapping source-local intervals; not causality
sensor_event:SE_00522,PRECEDES,sensor_event:SE_00523,45.0,metropt3,results/sensor/events.csv,deterministic_chronological_adjacency,Immediate adjacency of nonoverlapping source-local intervals; not causality
sensor_event:SE_00523,PRECEDES,sensor_event:SE_00524,25.0,metropt3,results/sensor/events.csv,deterministic_chronological_adjacency,Immediate adjacency of nonoverlapping source-local intervals; not causality
sensor_event:SE_00524,PRECEDES,sensor_event:SE_00525,25.0,metropt3,results/sensor/events.csv,deterministic_chronological_adjacency,Immediate adjacency of nonoverlapping source-local intervals; not causality
sensor_event:SE_00525,PRECEDES,sensor_event:SE_00526,20.0,metropt3,results/sensor/events.csv,deterministic_chronological_adjacency,Immediate adjacency of nonoverlapping source-local intervals; not causality
sensor_event:SE_00526,PRECEDES,sensor_event:SE_00527,140.0,metropt3,results/sensor/events.csv,deterministic_chronological_adjacency,Immediate adjacency of nonoverlapping source-local intervals; not causality
sensor_event:SE_00527,PRECEDES,sensor_event:SE_00528,440.0,metropt3,results/sensor/events.csv,deterministic_chronological_adjacency,Immediate adjacency of nonoverlapping source-local intervals; not causality
sensor_event:SE_00528,PRECEDES,sensor_event:SE_00529,25.0,metropt3,results/sensor/events.csv,deterministic_chronological_adjacency,Immediate adjacency of nonoverlapping source-local intervals; not causality
sensor_event:SE_00529,PRECEDES,sensor_event:SE_00530,25.0,metropt3,results/sensor/events.csv,deterministic_chronological_adjacency,Immediate adjacency of nonoverlapping source-local intervals; not causality
sensor_event:SE_00530,PRECEDES,sensor_event:SE_00531,25.0,metropt3,results/sensor/events.csv,deterministic_chronological_adjacency,Immediate adjacency of nonoverlapping source-local intervals; not causality
sensor_event:SE_00531,PRECEDES,sensor_event:SE_00532,25.0,metropt3,results/sensor/events.csv,deterministic_chronological_adjacency,Immediate adjacency of nonoverlapping source-local intervals; not causality
sensor_event:SE_00532,PRECEDES,sensor_event:SE_00533,15.0,metropt3,results/sensor/events.csv,deterministic_chronological_adjacency,Immediate adjacency of nonoverlapping source-local intervals; not causality
sensor_event:SE_00533,PRECEDES,sensor_event:SE_00534,20.0,metropt3,results/sensor/events.csv,deterministic_chronological_adjacency,Immediate adjacency of nonoverlapping source-local intervals; not causality
sensor_event:SE_00534,PRECEDES,sensor_event:SE_00535,285.0,metropt3,results/sensor/events.csv,deterministic_chronological_adjacency,Immediate adjacency of nonoverlapping source-local intervals; not causality
sensor_event:SE_00535,PRECEDES,sensor_event:SE_00536,235.0,metropt3,results/sensor/events.csv,deterministic_chronological_adjacency,Immediate adjacency of nonoverlapping source-local intervals; not causality
sensor_event:SE_00536,PRECEDES,sensor_event:SE_00537,55.0,metropt3,results/sensor/events.csv,deterministic_chronological_adjacency,Immediate adjacency of nonoverlapping source-local intervals; not causality
sensor_event:SE_00537,PRECEDES,sensor_event:SE_00538,390.0,metropt3,results/sensor/events.csv,deterministic_chronological_adjacency,Immediate adjacency of nonoverlapping source-local intervals; not causality
sensor_event:SE_00538,PRECEDES,sensor_event:SE_00539,20.0,metropt3,results/sensor/events.csv,deterministic_chronological_adjacency,Immediate adjacency of nonoverlapping source-local intervals; not causality
sensor_event:SE_00539,PRECEDES,sensor_event:SE_00540,90.0,metropt3,results/sensor/events.csv,deterministic_chronological_adjacency,Immediate adjacency of nonoverlapping source-local intervals; not causality
sensor_event:SE_00540,PRECEDES,sensor_event:SE_00541,75.0,metropt3,results/sensor/events.csv,deterministic_chronological_adjacency,Immediate adjacency of nonoverlapping source-local intervals; not causality
sensor_event:SE_00541,PRECEDES,sensor_event:SE_00542,50.0,metropt3,results/sensor/events.csv,deterministic_chronological_adjacency,Immediate adjacency of nonoverlapping source-local intervals; not causality
sensor_event:SE_00542,PRECEDES,sensor_event:SE_00543,450.0,metropt3,results/sensor/events.csv,deterministic_chronological_adjacency,Immediate adjacency of nonoverlapping source-local intervals; not causality
sensor_event:SE_00543,PRECEDES,sensor_event:SE_00544,25.0,metropt3,results/sensor/events.csv,deterministic_chronological_adjacency,Immediate adjacency of nonoverlapping source-local intervals; not causality
sensor_event:SE_00544,PRECEDES,sensor_event:SE_00545,45.0,metropt3,results/sensor/events.csv,deterministic_chronological_adjacency,Immediate adjacency of nonoverlapping source-local intervals; not causality
sensor_event:SE_00545,PRECEDES,sensor_event:SE_00546,20.0,metropt3,results/sensor/events.csv,deterministic_chronological_adjacency,Immediate adjacency of nonoverlapping source-local intervals; not causality
sensor_event:SE_00546,PRECEDES,sensor_event:SE_00547,100.0,metropt3,results/sensor/events.csv,deterministic_chronological_adjacency,Immediate adjacency of nonoverlapping source-local intervals; not causality
sensor_event:SE_00547,PRECEDES,sensor_event:SE_00548,50.0,metropt3,results/sensor/events.csv,deterministic_chronological_adjacency,Immediate adjacency of nonoverlapping source-local intervals; not causality
sensor_event:SE_00548,PRECEDES,sensor_event:SE_00549,70.0,metropt3,results/sensor/events.csv,deterministic_chronological_adjacency,Immediate adjacency of nonoverlapping source-local intervals; not causality
sensor_event:SE_00549,PRECEDES,sensor_event:SE_00550,200.0,metropt3,results/sensor/events.csv,deterministic_chronological_adjacency,Immediate adjacency of nonoverlapping source-local intervals; not causality
sensor_event:SE_00550,PRECEDES,sensor_event:SE_00551,95.0,metropt3,results/sensor/events.csv,deterministic_chronological_adjacency,Immediate adjacency of nonoverlapping source-local intervals; not causality
sensor_event:SE_00551,PRECEDES,sensor_event:SE_00552,305.0,metropt3,results/sensor/events.csv,deterministic_chronological_adjacency,Immediate adjacency of nonoverlapping source-local intervals; not causality
sensor_event:SE_00552,PRECEDES,sensor_event:SE_00553,465.0,metropt3,results/sensor/events.csv,deterministic_chronological_adjacency,Immediate adjacency of nonoverlapping source-local intervals; not causality
sensor_event:SE_00553,PRECEDES,sensor_event:SE_00554,80.0,metropt3,results/sensor/events.csv,deterministic_chronological_adjacency,Immediate adjacency of nonoverlapping source-local intervals; not causality
sensor_event:SE_00554,PRECEDES,sensor_event:SE_00555,135.0,metropt3,results/sensor/events.csv,deterministic_chronological_adjacency,Immediate adjacency of nonoverlapping source-local intervals; not causality
sensor_event:SE_00555,PRECEDES,sensor_event:SE_00556,25.0,metropt3,results/sensor/events.csv,deterministic_chronological_adjacency,Immediate adjacency of nonoverlapping source-local intervals; not causality
sensor_event:SE_00556,PRECEDES,sensor_event:SE_00557,25.0,metropt3,results/sensor/events.csv,deterministic_chronological_adjacency,Immediate adjacency of nonoverlapping source-local intervals; not causality
sensor_event:SE_00557,PRECEDES,sensor_event:SE_00558,25.0,metropt3,results/sensor/events.csv,deterministic_chronological_adjacency,Immediate adjacency of nonoverlapping source-local intervals; not causality
sensor_event:SE_00558,PRECEDES,sensor_event:SE_00559,15.0,metropt3,results/sensor/events.csv,deterministic_chronological_adjacency,Immediate adjacency of nonoverlapping source-local intervals; not causality
sensor_event:SE_00559,PRECEDES,sensor_event:SE_00560,20.0,metropt3,results/sensor/events.csv,deterministic_chronological_adjacency,Immediate adjacency of nonoverlapping source-local intervals; not causality
sensor_event:SE_00560,PRECEDES,sensor_event:SE_00561,185.0,metropt3,results/sensor/events.csv,deterministic_chronological_adjacency,Immediate adjacency of nonoverlapping source-local intervals; not causality
sensor_event:SE_00561,PRECEDES,sensor_event:SE_00562,205.0,metropt3,results/sensor/events.csv,deterministic_chronological_adjacency,Immediate adjacency of nonoverlapping source-local intervals; not causality
sensor_event:SE_00562,PRECEDES,sensor_event:SE_00563,120.0,metropt3,results/sensor/events.csv,deterministic_chronological_adjacency,Immediate adjacency of nonoverlapping source-local intervals; not causality
sensor_event:SE_00563,PRECEDES,sensor_event:SE_00564,25.0,metropt3,results/sensor/events.csv,deterministic_chronological_adjacency,Immediate adjacency of nonoverlapping source-local intervals; not causality
sensor_event:SE_00564,PRECEDES,sensor_event:SE_00565,370.0,metropt3,results/sensor/events.csv,deterministic_chronological_adjacency,Immediate adjacency of nonoverlapping source-local intervals; not causality
sensor_event:SE_00565,PRECEDES,sensor_event:SE_00566,60.0,metropt3,results/sensor/events.csv,deterministic_chronological_adjacency,Immediate adjacency of nonoverlapping source-local intervals; not causality
sensor_event:SE_00566,PRECEDES,sensor_event:SE_00567,60.0,metropt3,results/sensor/events.csv,deterministic_chronological_adjacency,Immediate adjacency of nonoverlapping source-local intervals; not causality
sensor_event:SE_00567,PRECEDES,sensor_event:SE_00568,95.0,metropt3,results/sensor/events.csv,deterministic_chronological_adjacency,Immediate adjacency of nonoverlapping source-local intervals; not causality
sensor_event:SE_00568,PRECEDES,sensor_event:SE_00569,125.0,metropt3,results/sensor/events.csv,deterministic_chronological_adjacency,Immediate adjacency of nonoverlapping source-local intervals; not causality
sensor_event:SE_00569,PRECEDES,sensor_event:SE_00570,280.0,metropt3,results/sensor/events.csv,deterministic_chronological_adjacency,Immediate adjacency of nonoverlapping source-local intervals; not causality
sensor_event:SE_00570,PRECEDES,sensor_event:SE_00571,150.0,metropt3,results/sensor/events.csv,deterministic_chronological_adjacency,Immediate adjacency of nonoverlapping source-local intervals; not causality
sensor_event:SE_00571,PRECEDES,sensor_event:SE_00572,55.0,metropt3,results/sensor/events.csv,deterministic_chronological_adjacency,Immediate adjacency of nonoverlapping source-local intervals; not causality
sensor_event:SE_00572,PRECEDES,sensor_event:SE_00573,55.0,metropt3,results/sensor/events.csv,deterministic_chronological_adjacency,Immediate adjacency of nonoverlapping source-local intervals; not causality
sensor_event:SE_00573,PRECEDES,sensor_event:SE_00574,65.0,metropt3,results/sensor/events.csv,deterministic_chronological_adjacency,Immediate adjacency of nonoverlapping source-local intervals; not causality
sensor_event:SE_00574,PRECEDES,sensor_event:SE_00575,130.0,metropt3,results/sensor/events.csv,deterministic_chronological_adjacency,Immediate adjacency of nonoverlapping source-local intervals; not causality
sensor_event:SE_00575,PRECEDES,sensor_event:SE_00576,90.0,metropt3,results/sensor/events.csv,deterministic_chronological_adjacency,Immediate adjacency of nonoverlapping source-local intervals; not causality
sensor_event:SE_00576,PRECEDES,sensor_event:SE_00577,60.0,metropt3,results/sensor/events.csv,deterministic_chronological_adjacency,Immediate adjacency of nonoverlapping source-local intervals; not causality
sensor_event:SE_00577,PRECEDES,sensor_event:SE_00578,800.0,metropt3,results/sensor/events.csv,deterministic_chronological_adjacency,Immediate adjacency of nonoverlapping source-local intervals; not causality
sensor_event:SE_00578,PRECEDES,sensor_event:SE_00579,90.0,metropt3,results/sensor/events.csv,deterministic_chronological_adjacency,Immediate adjacency of nonoverlapping source-local intervals; not causality
sensor_event:SE_00579,PRECEDES,sensor_event:SE_00580,995.0,metropt3,results/sensor/events.csv,deterministic_chronological_adjacency,Immediate adjacency of nonoverlapping source-local intervals; not causality
sensor_event:SE_00580,PRECEDES,sensor_event:SE_00581,435.0,metropt3,results/sensor/events.csv,deterministic_chronological_adjacency,Immediate adjacency of nonoverlapping source-local intervals; not causality
sensor_event:SE_00581,PRECEDES,sensor_event:SE_00582,120.0,metropt3,results/sensor/events.csv,deterministic_chronological_adjacency,Immediate adjacency of nonoverlapping source-local intervals; not causality
sensor_event:SE_00582,PRECEDES,sensor_event:SE_00583,275.0,metropt3,results/sensor/events.csv,deterministic_chronological_adjacency,Immediate adjacency of nonoverlapping source-local intervals; not causality
sensor_event:SE_00583,PRECEDES,sensor_event:SE_00584,25.0,metropt3,results/sensor/events.csv,deterministic_chronological_adjacency,Immediate adjacency of nonoverlapping source-local intervals; not causality
sensor_event:SE_00584,PRECEDES,sensor_event:SE_00585,20.0,metropt3,results/sensor/events.csv,deterministic_chronological_adjacency,Immediate adjacency of nonoverlapping source-local intervals; not causality
sensor_event:SE_00585,PRECEDES,sensor_event:SE_00586,20.0,metropt3,results/sensor/events.csv,deterministic_chronological_adjacency,Immediate adjacency of nonoverlapping source-local intervals; not causality
sensor_event:SE_00586,PRECEDES,sensor_event:SE_00587,100.0,metropt3,results/sensor/events.csv,deterministic_chronological_adjacency,Immediate adjacency of nonoverlapping source-local intervals; not causality
sensor_event:SE_00587,PRECEDES,sensor_event:SE_00588,20.0,metropt3,results/sensor/events.csv,deterministic_chronological_adjacency,Immediate adjacency of nonoverlapping source-local intervals; not causality
sensor_event:SE_00588,PRECEDES,sensor_event:SE_00589,130.0,metropt3,results/sensor/events.csv,deterministic_chronological_adjacency,Immediate adjacency of nonoverlapping source-local intervals; not causality
sensor_event:SE_00589,PRECEDES,sensor_event:SE_00590,150.0,metropt3,results/sensor/events.csv,deterministic_chronological_adjacency,Immediate adjacency of nonoverlapping source-local intervals; not causality
sensor_event:SE_00590,PRECEDES,sensor_event:SE_00591,70.0,metropt3,results/sensor/events.csv,deterministic_chronological_adjacency,Immediate adjacency of nonoverlapping source-local intervals; not causality
sensor_event:SE_00591,PRECEDES,sensor_event:SE_00592,260.0,metropt3,results/sensor/events.csv,deterministic_chronological_adjacency,Immediate adjacency of nonoverlapping source-local intervals; not causality
sensor_event:SE_00592,PRECEDES,sensor_event:SE_00593,215.0,metropt3,results/sensor/events.csv,deterministic_chronological_adjacency,Immediate adjacency of nonoverlapping source-local intervals; not causality
sensor_event:SE_00593,PRECEDES,sensor_event:SE_00594,45.0,metropt3,results/sensor/events.csv,deterministic_chronological_adjacency,Immediate adjacency of nonoverlapping source-local intervals; not causality
sensor_event:SE_00594,PRECEDES,sensor_event:SE_00595,95.0,metropt3,results/sensor/events.csv,deterministic_chronological_adjacency,Immediate adjacency of nonoverlapping source-local intervals; not causality
sensor_event:SE_00595,PRECEDES,sensor_event:SE_00596,70.0,metropt3,results/sensor/events.csv,deterministic_chronological_adjacency,Immediate adjacency of nonoverlapping source-local intervals; not causality
sensor_event:SE_00596,PRECEDES,sensor_event:SE_00597,25.0,metropt3,results/sensor/events.csv,deterministic_chronological_adjacency,Immediate adjacency of nonoverlapping source-local intervals; not causality
sensor_event:SE_00597,PRECEDES,sensor_event:SE_00598,20.0,metropt3,results/sensor/events.csv,deterministic_chronological_adjacency,Immediate adjacency of nonoverlapping source-local intervals; not causality
sensor_event:SE_00598,PRECEDES,sensor_event:SE_00599,75.0,metropt3,results/sensor/events.csv,deterministic_chronological_adjacency,Immediate adjacency of nonoverlapping source-local intervals; not causality
sensor_event:SE_00599,PRECEDES,sensor_event:SE_00600,45.0,metropt3,results/sensor/events.csv,deterministic_chronological_adjacency,Immediate adjacency of nonoverlapping source-local intervals; not causality
sensor_event:SE_00600,PRECEDES,sensor_event:SE_00601,75.0,metropt3,results/sensor/events.csv,deterministic_chronological_adjacency,Immediate adjacency of nonoverlapping source-local intervals; not causality
sensor_event:SE_00601,PRECEDES,sensor_event:SE_00602,150.0,metropt3,results/sensor/events.csv,deterministic_chronological_adjacency,Immediate adjacency of nonoverlapping source-local intervals; not causality
sensor_event:SE_00602,PRECEDES,sensor_event:SE_00603,75.0,metropt3,results/sensor/events.csv,deterministic_chronological_adjacency,Immediate adjacency of nonoverlapping source-local intervals; not causality
sensor_event:SE_00603,PRECEDES,sensor_event:SE_00604,70.0,metropt3,results/sensor/events.csv,deterministic_chronological_adjacency,Immediate adjacency of nonoverlapping source-local intervals; not causality
sensor_event:SE_00604,PRECEDES,sensor_event:SE_00605,75.0,metropt3,results/sensor/events.csv,deterministic_chronological_adjacency,Immediate adjacency of nonoverlapping source-local intervals; not causality
sensor_event:SE_00605,PRECEDES,sensor_event:SE_00606,20.0,metropt3,results/sensor/events.csv,deterministic_chronological_adjacency,Immediate adjacency of nonoverlapping source-local intervals; not causality
sensor_event:SE_00606,PRECEDES,sensor_event:SE_00607,295.0,metropt3,results/sensor/events.csv,deterministic_chronological_adjacency,Immediate adjacency of nonoverlapping source-local intervals; not causality
sensor_event:SE_00607,PRECEDES,sensor_event:SE_00608,390.0,metropt3,results/sensor/events.csv,deterministic_chronological_adjacency,Immediate adjacency of nonoverlapping source-local intervals; not causality
sensor_event:SE_00608,PRECEDES,sensor_event:SE_00609,25.0,metropt3,results/sensor/events.csv,deterministic_chronological_adjacency,Immediate adjacency of nonoverlapping source-local intervals; not causality
sensor_event:SE_00609,PRECEDES,sensor_event:SE_00610,450.0,metropt3,results/sensor/events.csv,deterministic_chronological_adjacency,Immediate adjacency of nonoverlapping source-local intervals; not causality
sensor_event:SE_00610,PRECEDES,sensor_event:SE_00611,30.0,metropt3,results/sensor/events.csv,deterministic_chronological_adjacency,Immediate adjacency of nonoverlapping source-local intervals; not causality
sensor_event:SE_00611,PRECEDES,sensor_event:SE_00612,30.0,metropt3,results/sensor/events.csv,deterministic_chronological_adjacency,Immediate adjacency of nonoverlapping source-local intervals; not causality
sensor_event:SE_00612,PRECEDES,sensor_event:SE_00613,120.0,metropt3,results/sensor/events.csv,deterministic_chronological_adjacency,Immediate adjacency of nonoverlapping source-local intervals; not causality
sensor_event:SE_00613,PRECEDES,sensor_event:SE_00614,370.0,metropt3,results/sensor/events.csv,deterministic_chronological_adjacency,Immediate adjacency of nonoverlapping source-local intervals; not causality
sensor_event:SE_00614,PRECEDES,sensor_event:SE_00615,100.0,metropt3,results/sensor/events.csv,deterministic_chronological_adjacency,Immediate adjacency of nonoverlapping source-local intervals; not causality
sensor_event:SE_00615,PRECEDES,sensor_event:SE_00616,485.0,metropt3,results/sensor/events.csv,deterministic_chronological_adjacency,Immediate adjacency of nonoverlapping source-local intervals; not causality
sensor_event:SE_00616,PRECEDES,sensor_event:SE_00617,20.0,metropt3,results/sensor/events.csv,deterministic_chronological_adjacency,Immediate adjacency of nonoverlapping source-local intervals; not causality
sensor_event:SE_00617,PRECEDES,sensor_event:SE_00618,25.0,metropt3,results/sensor/events.csv,deterministic_chronological_adjacency,Immediate adjacency of nonoverlapping source-local intervals; not causality
sensor_event:SE_00618,PRECEDES,sensor_event:SE_00619,30.0,metropt3,results/sensor/events.csv,deterministic_chronological_adjacency,Immediate adjacency of nonoverlapping source-local intervals; not causality
sensor_event:SE_00619,PRECEDES,sensor_event:SE_00620,25.0,metropt3,results/sensor/events.csv,deterministic_chronological_adjacency,Immediate adjacency of nonoverlapping source-local intervals; not causality
sensor_event:SE_00620,PRECEDES,sensor_event:SE_00621,25.0,metropt3,results/sensor/events.csv,deterministic_chronological_adjacency,Immediate adjacency of nonoverlapping source-local intervals; not causality
sensor_event:SE_00621,PRECEDES,sensor_event:SE_00622,30.0,metropt3,results/sensor/events.csv,deterministic_chronological_adjacency,Immediate adjacency of nonoverlapping source-local intervals; not causality
sensor_event:SE_00622,PRECEDES,sensor_event:SE_00623,60.0,metropt3,results/sensor/events.csv,deterministic_chronological_adjacency,Immediate adjacency of nonoverlapping source-local intervals; not causality
sensor_event:SE_00623,PRECEDES,sensor_event:SE_00624,365.0,metropt3,results/sensor/events.csv,deterministic_chronological_adjacency,Immediate adjacency of nonoverlapping source-local intervals; not causality
sensor_event:SE_00624,PRECEDES,sensor_event:SE_00625,30.0,metropt3,results/sensor/events.csv,deterministic_chronological_adjacency,Immediate adjacency of nonoverlapping source-local intervals; not causality
sensor_event:SE_00625,PRECEDES,sensor_event:SE_00626,30.0,metropt3,results/sensor/events.csv,deterministic_chronological_adjacency,Immediate adjacency of nonoverlapping source-local intervals; not causality
sensor_event:SE_00626,PRECEDES,sensor_event:SE_00627,645.0,metropt3,results/sensor/events.csv,deterministic_chronological_adjacency,Immediate adjacency of nonoverlapping source-local intervals; not causality
sensor_event:SE_00627,PRECEDES,sensor_event:SE_00628,545.0,metropt3,results/sensor/events.csv,deterministic_chronological_adjacency,Immediate adjacency of nonoverlapping source-local intervals; not causality
sensor_event:SE_00628,PRECEDES,sensor_event:SE_00629,235.0,metropt3,results/sensor/events.csv,deterministic_chronological_adjacency,Immediate adjacency of nonoverlapping source-local intervals; not causality
sensor_event:SE_00629,PRECEDES,sensor_event:SE_00630,195.0,metropt3,results/sensor/events.csv,deterministic_chronological_adjacency,Immediate adjacency of nonoverlapping source-local intervals; not causality
sensor_event:SE_00630,PRECEDES,sensor_event:SE_00631,35.0,metropt3,results/sensor/events.csv,deterministic_chronological_adjacency,Immediate adjacency of nonoverlapping source-local intervals; not causality
sensor_event:SE_00631,PRECEDES,sensor_event:SE_00632,75.0,metropt3,results/sensor/events.csv,deterministic_chronological_adjacency,Immediate adjacency of nonoverlapping source-local intervals; not causality
sensor_event:SE_00632,PRECEDES,sensor_event:SE_00633,20.0,metropt3,results/sensor/events.csv,deterministic_chronological_adjacency,Immediate adjacency of nonoverlapping source-local intervals; not causality
sensor_event:SE_00633,PRECEDES,sensor_event:SE_00634,75.0,metropt3,results/sensor/events.csv,deterministic_chronological_adjacency,Immediate adjacency of nonoverlapping source-local intervals; not causality
sensor_event:SE_00634,PRECEDES,sensor_event:SE_00635,40.0,metropt3,results/sensor/events.csv,deterministic_chronological_adjacency,Immediate adjacency of nonoverlapping source-local intervals; not causality
sensor_event:SE_00635,PRECEDES,sensor_event:SE_00636,70.0,metropt3,results/sensor/events.csv,deterministic_chronological_adjacency,Immediate adjacency of nonoverlapping source-local intervals; not causality
sensor_event:SE_00636,PRECEDES,sensor_event:SE_00637,125.0,metropt3,results/sensor/events.csv,deterministic_chronological_adjacency,Immediate adjacency of nonoverlapping source-local intervals; not causality
sensor_event:SE_00637,PRECEDES,sensor_event:SE_00638,105.0,metropt3,results/sensor/events.csv,deterministic_chronological_adjacency,Immediate adjacency of nonoverlapping source-local intervals; not causality
sensor_event:SE_00638,PRECEDES,sensor_event:SE_00639,95.0,metropt3,results/sensor/events.csv,deterministic_chronological_adjacency,Immediate adjacency of nonoverlapping source-local intervals; not causality
sensor_event:SE_00639,PRECEDES,sensor_event:SE_00640,80.0,metropt3,results/sensor/events.csv,deterministic_chronological_adjacency,Immediate adjacency of nonoverlapping source-local intervals; not causality
sensor_event:SE_00640,PRECEDES,sensor_event:SE_00641,180.0,metropt3,results/sensor/events.csv,deterministic_chronological_adjacency,Immediate adjacency of nonoverlapping source-local intervals; not causality
sensor_event:SE_00641,PRECEDES,sensor_event:SE_00642,155.0,metropt3,results/sensor/events.csv,deterministic_chronological_adjacency,Immediate adjacency of nonoverlapping source-local intervals; not causality
sensor_event:SE_00642,PRECEDES,sensor_event:SE_00643,30.0,metropt3,results/sensor/events.csv,deterministic_chronological_adjacency,Immediate adjacency of nonoverlapping source-local intervals; not causality
sensor_event:SE_00643,PRECEDES,sensor_event:SE_00644,105.0,metropt3,results/sensor/events.csv,deterministic_chronological_adjacency,Immediate adjacency of nonoverlapping source-local intervals; not causality
sensor_event:SE_00644,PRECEDES,sensor_event:SE_00645,60.0,metropt3,results/sensor/events.csv,deterministic_chronological_adjacency,Immediate adjacency of nonoverlapping source-local intervals; not causality
sensor_event:SE_00645,PRECEDES,sensor_event:SE_00646,30.0,metropt3,results/sensor/events.csv,deterministic_chronological_adjacency,Immediate adjacency of nonoverlapping source-local intervals; not causality
sensor_event:SE_00646,PRECEDES,sensor_event:SE_00647,30.0,metropt3,results/sensor/events.csv,deterministic_chronological_adjacency,Immediate adjacency of nonoverlapping source-local intervals; not causality
sensor_event:SE_00647,PRECEDES,sensor_event:SE_00648,195.0,metropt3,results/sensor/events.csv,deterministic_chronological_adjacency,Immediate adjacency of nonoverlapping source-local intervals; not causality
sensor_event:SE_00648,PRECEDES,sensor_event:SE_00649,65.0,metropt3,results/sensor/events.csv,deterministic_chronological_adjacency,Immediate adjacency of nonoverlapping source-local intervals; not causality
sensor_event:SE_00649,PRECEDES,sensor_event:SE_00650,70.0,metropt3,results/sensor/events.csv,deterministic_chronological_adjacency,Immediate adjacency of nonoverlapping source-local intervals; not causality
sensor_event:SE_00650,PRECEDES,sensor_event:SE_00651,20.0,metropt3,results/sensor/events.csv,deterministic_chronological_adjacency,Immediate adjacency of nonoverlapping source-local intervals; not causality
sensor_event:SE_00651,PRECEDES,sensor_event:SE_00652,260.0,metropt3,results/sensor/events.csv,deterministic_chronological_adjacency,Immediate adjacency of nonoverlapping source-local intervals; not causality
sensor_event:SE_00652,PRECEDES,sensor_event:SE_00653,210.0,metropt3,results/sensor/events.csv,deterministic_chronological_adjacency,Immediate adjacency of nonoverlapping source-local intervals; not causality
sensor_event:SE_00653,PRECEDES,sensor_event:SE_00654,965.0,metropt3,results/sensor/events.csv,deterministic_chronological_adjacency,Immediate adjacency of nonoverlapping source-local intervals; not causality
sensor_event:SE_00654,PRECEDES,sensor_event:SE_00655,40.0,metropt3,results/sensor/events.csv,deterministic_chronological_adjacency,Immediate adjacency of nonoverlapping source-local intervals; not causality
sensor_event:SE_00655,PRECEDES,sensor_event:SE_00656,20.0,metropt3,results/sensor/events.csv,deterministic_chronological_adjacency,Immediate adjacency of nonoverlapping source-local intervals; not causality
sensor_event:SE_00656,PRECEDES,sensor_event:SE_00657,20.0,metropt3,results/sensor/events.csv,deterministic_chronological_adjacency,Immediate adjacency of nonoverlapping source-local intervals; not causality
sensor_event:SE_00657,PRECEDES,sensor_event:SE_00658,45.0,metropt3,results/sensor/events.csv,deterministic_chronological_adjacency,Immediate adjacency of nonoverlapping source-local intervals; not causality
sensor_event:SE_00658,PRECEDES,sensor_event:SE_00659,95.0,metropt3,results/sensor/events.csv,deterministic_chronological_adjacency,Immediate adjacency of nonoverlapping source-local intervals; not causality
sensor_event:SE_00659,PRECEDES,sensor_event:SE_00660,145.0,metropt3,results/sensor/events.csv,deterministic_chronological_adjacency,Immediate adjacency of nonoverlapping source-local intervals; not causality
sensor_event:SE_00660,PRECEDES,sensor_event:SE_00661,20.0,metropt3,results/sensor/events.csv,deterministic_chronological_adjacency,Immediate adjacency of nonoverlapping source-local intervals; not causality
sensor_event:SE_00661,PRECEDES,sensor_event:SE_00662,70.0,metropt3,results/sensor/events.csv,deterministic_chronological_adjacency,Immediate adjacency of nonoverlapping source-local intervals; not causality
sensor_event:SE_00662,PRECEDES,sensor_event:SE_00663,20.0,metropt3,results/sensor/events.csv,deterministic_chronological_adjacency,Immediate adjacency of nonoverlapping source-local intervals; not causality
sensor_event:SE_00663,PRECEDES,sensor_event:SE_00664,20.0,metropt3,results/sensor/events.csv,deterministic_chronological_adjacency,Immediate adjacency of nonoverlapping source-local intervals; not causality
sensor_event:SE_00664,PRECEDES,sensor_event:SE_00665,25.0,metropt3,results/sensor/events.csv,deterministic_chronological_adjacency,Immediate adjacency of nonoverlapping source-local intervals; not causality
sensor_event:SE_00665,PRECEDES,sensor_event:SE_00666,20.0,metropt3,results/sensor/events.csv,deterministic_chronological_adjacency,Immediate adjacency of nonoverlapping source-local intervals; not causality
sensor_event:SE_00666,PRECEDES,sensor_event:SE_00667,20.0,metropt3,results/sensor/events.csv,deterministic_chronological_adjacency,Immediate adjacency of nonoverlapping source-local intervals; not causality
sensor_event:SE_00667,PRECEDES,sensor_event:SE_00668,20.0,metropt3,results/sensor/events.csv,deterministic_chronological_adjacency,Immediate adjacency of nonoverlapping source-local intervals; not causality
sensor_event:SE_00668,PRECEDES,sensor_event:SE_00669,50.0,metropt3,results/sensor/events.csv,deterministic_chronological_adjacency,Immediate adjacency of nonoverlapping source-local intervals; not causality
sensor_event:SE_00669,PRECEDES,sensor_event:SE_00670,20.0,metropt3,results/sensor/events.csv,deterministic_chronological_adjacency,Immediate adjacency of nonoverlapping source-local intervals; not causality
sensor_event:SE_00670,PRECEDES,sensor_event:SE_00671,320.0,metropt3,results/sensor/events.csv,deterministic_chronological_adjacency,Immediate adjacency of nonoverlapping source-local intervals; not causality
sensor_event:SE_00671,PRECEDES,sensor_event:SE_00672,155.0,metropt3,results/sensor/events.csv,deterministic_chronological_adjacency,Immediate adjacency of nonoverlapping source-local intervals; not causality
sensor_event:SE_00672,PRECEDES,sensor_event:SE_00673,65.0,metropt3,results/sensor/events.csv,deterministic_chronological_adjacency,Immediate adjacency of nonoverlapping source-local intervals; not causality
sensor_event:SE_00673,PRECEDES,sensor_event:SE_00674,125.0,metropt3,results/sensor/events.csv,deterministic_chronological_adjacency,Immediate adjacency of nonoverlapping source-local intervals; not causality
sensor_event:SE_00674,PRECEDES,sensor_event:SE_00675,25.0,metropt3,results/sensor/events.csv,deterministic_chronological_adjacency,Immediate adjacency of nonoverlapping source-local intervals; not causality
sensor_event:SE_00675,PRECEDES,sensor_event:SE_00676,1700.0,metropt3,results/sensor/events.csv,deterministic_chronological_adjacency,Immediate adjacency of nonoverlapping source-local intervals; not causality
sensor_event:SE_00676,PRECEDES,sensor_event:SE_00677,530.0,metropt3,results/sensor/events.csv,deterministic_chronological_adjacency,Immediate adjacency of nonoverlapping source-local intervals; not causality
sensor_event:SE_00677,PRECEDES,sensor_event:SE_00678,50.0,metropt3,results/sensor/events.csv,deterministic_chronological_adjacency,Immediate adjacency of nonoverlapping source-local intervals; not causality
sensor_event:SE_00678,PRECEDES,sensor_event:SE_00679,775.0,metropt3,results/sensor/events.csv,deterministic_chronological_adjacency,Immediate adjacency of nonoverlapping source-local intervals; not causality
sensor_event:SE_00679,PRECEDES,sensor_event:SE_00680,285.0,metropt3,results/sensor/events.csv,deterministic_chronological_adjacency,Immediate adjacency of nonoverlapping source-local intervals; not causality
sensor_event:SE_00680,PRECEDES,sensor_event:SE_00681,240.0,metropt3,results/sensor/events.csv,deterministic_chronological_adjacency,Immediate adjacency of nonoverlapping source-local intervals; not causality
sensor_event:SE_00681,PRECEDES,sensor_event:SE_00682,25.0,metropt3,results/sensor/events.csv,deterministic_chronological_adjacency,Immediate adjacency of nonoverlapping source-local intervals; not causality
sensor_event:SE_00682,PRECEDES,sensor_event:SE_00683,795.0,metropt3,results/sensor/events.csv,deterministic_chronological_adjacency,Immediate adjacency of nonoverlapping source-local intervals; not causality
sensor_event:SE_00683,PRECEDES,sensor_event:SE_00684,20.0,metropt3,results/sensor/events.csv,deterministic_chronological_adjacency,Immediate adjacency of nonoverlapping source-local intervals; not causality
sensor_event:SE_00684,PRECEDES,sensor_event:SE_00685,85.0,metropt3,results/sensor/events.csv,deterministic_chronological_adjacency,Immediate adjacency of nonoverlapping source-local intervals; not causality
sensor_event:SE_00685,PRECEDES,sensor_event:SE_00686,25.0,metropt3,results/sensor/events.csv,deterministic_chronological_adjacency,Immediate adjacency of nonoverlapping source-local intervals; not causality
sensor_event:SE_00686,PRECEDES,sensor_event:SE_00687,30.0,metropt3,results/sensor/events.csv,deterministic_chronological_adjacency,Immediate adjacency of nonoverlapping source-local intervals; not causality
sensor_event:SE_00687,PRECEDES,sensor_event:SE_00688,100.0,metropt3,results/sensor/events.csv,deterministic_chronological_adjacency,Immediate adjacency of nonoverlapping source-local intervals; not causality
sensor_event:SE_00688,PRECEDES,sensor_event:SE_00689,130.0,metropt3,results/sensor/events.csv,deterministic_chronological_adjacency,Immediate adjacency of nonoverlapping source-local intervals; not causality
sensor_event:SE_00689,PRECEDES,sensor_event:SE_00690,505.0,metropt3,results/sensor/events.csv,deterministic_chronological_adjacency,Immediate adjacency of nonoverlapping source-local intervals; not causality
sensor_event:SE_00690,PRECEDES,sensor_event:SE_00691,70.0,metropt3,results/sensor/events.csv,deterministic_chronological_adjacency,Immediate adjacency of nonoverlapping source-local intervals; not causality
sensor_event:SE_00691,PRECEDES,sensor_event:SE_00692,100.0,metropt3,results/sensor/events.csv,deterministic_chronological_adjacency,Immediate adjacency of nonoverlapping source-local intervals; not causality
sensor_event:SE_00692,PRECEDES,sensor_event:SE_00693,265.0,metropt3,results/sensor/events.csv,deterministic_chronological_adjacency,Immediate adjacency of nonoverlapping source-local intervals; not causality
sensor_event:SE_00693,PRECEDES,sensor_event:SE_00694,390.0,metropt3,results/sensor/events.csv,deterministic_chronological_adjacency,Immediate adjacency of nonoverlapping source-local intervals; not causality
sensor_event:SE_00694,PRECEDES,sensor_event:SE_00695,105.0,metropt3,results/sensor/events.csv,deterministic_chronological_adjacency,Immediate adjacency of nonoverlapping source-local intervals; not causality
sensor_event:SE_00695,PRECEDES,sensor_event:SE_00696,60.0,metropt3,results/sensor/events.csv,deterministic_chronological_adjacency,Immediate adjacency of nonoverlapping source-local intervals; not causality
sensor_event:SE_00696,PRECEDES,sensor_event:SE_00697,65.0,metropt3,results/sensor/events.csv,deterministic_chronological_adjacency,Immediate adjacency of nonoverlapping source-local intervals; not causality
sensor_event:SE_00697,PRECEDES,sensor_event:SE_00698,30.0,metropt3,results/sensor/events.csv,deterministic_chronological_adjacency,Immediate adjacency of nonoverlapping source-local intervals; not causality
sensor_event:SE_00698,PRECEDES,sensor_event:SE_00699,125.0,metropt3,results/sensor/events.csv,deterministic_chronological_adjacency,Immediate adjacency of nonoverlapping source-local intervals; not causality
sensor_event:SE_00699,PRECEDES,sensor_event:SE_00700,410.0,metropt3,results/sensor/events.csv,deterministic_chronological_adjacency,Immediate adjacency of nonoverlapping source-local intervals; not causality
sensor_event:SE_00700,PRECEDES,sensor_event:SE_00701,15.0,metropt3,results/sensor/events.csv,deterministic_chronological_adjacency,Immediate adjacency of nonoverlapping source-local intervals; not causality
sensor_event:SE_00701,PRECEDES,sensor_event:SE_00702,2940.0,metropt3,results/sensor/events.csv,deterministic_chronological_adjacency,Immediate adjacency of nonoverlapping source-local intervals; not causality
sensor_event:SE_00702,PRECEDES,sensor_event:SE_00703,145.0,metropt3,results/sensor/events.csv,deterministic_chronological_adjacency,Immediate adjacency of nonoverlapping source-local intervals; not causality
sensor_event:SE_00703,PRECEDES,sensor_event:SE_00704,100.0,metropt3,results/sensor/events.csv,deterministic_chronological_adjacency,Immediate adjacency of nonoverlapping source-local intervals; not causality
sensor_event:SE_00704,PRECEDES,sensor_event:SE_00705,105.0,metropt3,results/sensor/events.csv,deterministic_chronological_adjacency,Immediate adjacency of nonoverlapping source-local intervals; not causality
sensor_event:SE_00705,PRECEDES,sensor_event:SE_00706,265.0,metropt3,results/sensor/events.csv,deterministic_chronological_adjacency,Immediate adjacency of nonoverlapping source-local intervals; not causality
sensor_event:SE_00706,PRECEDES,sensor_event:SE_00707,25.0,metropt3,results/sensor/events.csv,deterministic_chronological_adjacency,Immediate adjacency of nonoverlapping source-local intervals; not causality
sensor_event:SE_00707,PRECEDES,sensor_event:SE_00708,30.0,metropt3,results/sensor/events.csv,deterministic_chronological_adjacency,Immediate adjacency of nonoverlapping source-local intervals; not causality
sensor_event:SE_00708,PRECEDES,sensor_event:SE_00709,25.0,metropt3,results/sensor/events.csv,deterministic_chronological_adjacency,Immediate adjacency of nonoverlapping source-local intervals; not causality
sensor_event:SE_00709,PRECEDES,sensor_event:SE_00710,220.0,metropt3,results/sensor/events.csv,deterministic_chronological_adjacency,Immediate adjacency of nonoverlapping source-local intervals; not causality
sensor_event:SE_00710,PRECEDES,sensor_event:SE_00711,25.0,metropt3,results/sensor/events.csv,deterministic_chronological_adjacency,Immediate adjacency of nonoverlapping source-local intervals; not causality
sensor_event:SE_00711,PRECEDES,sensor_event:SE_00712,230.0,metropt3,results/sensor/events.csv,deterministic_chronological_adjacency,Immediate adjacency of nonoverlapping source-local intervals; not causality
sensor_event:SE_00712,PRECEDES,sensor_event:SE_00713,25.0,metropt3,results/sensor/events.csv,deterministic_chronological_adjacency,Immediate adjacency of nonoverlapping source-local intervals; not causality
sensor_event:SE_00713,PRECEDES,sensor_event:SE_00714,95.0,metropt3,results/sensor/events.csv,deterministic_chronological_adjacency,Immediate adjacency of nonoverlapping source-local intervals; not causality
sensor_event:SE_00714,PRECEDES,sensor_event:SE_00715,25.0,metropt3,results/sensor/events.csv,deterministic_chronological_adjacency,Immediate adjacency of nonoverlapping source-local intervals; not causality
sensor_event:SE_00715,PRECEDES,sensor_event:SE_00716,55.0,metropt3,results/sensor/events.csv,deterministic_chronological_adjacency,Immediate adjacency of nonoverlapping source-local intervals; not causality
sensor_event:SE_00716,PRECEDES,sensor_event:SE_00717,120.0,metropt3,results/sensor/events.csv,deterministic_chronological_adjacency,Immediate adjacency of nonoverlapping source-local intervals; not causality
sensor_event:SE_00717,PRECEDES,sensor_event:SE_00718,20.0,metropt3,results/sensor/events.csv,deterministic_chronological_adjacency,Immediate adjacency of nonoverlapping source-local intervals; not causality
sensor_event:SE_00718,PRECEDES,sensor_event:SE_00719,285.0,metropt3,results/sensor/events.csv,deterministic_chronological_adjacency,Immediate adjacency of nonoverlapping source-local intervals; not causality
sensor_event:SE_00719,PRECEDES,sensor_event:SE_00720,80.0,metropt3,results/sensor/events.csv,deterministic_chronological_adjacency,Immediate adjacency of nonoverlapping source-local intervals; not causality
sensor_event:SE_00720,PRECEDES,sensor_event:SE_00721,265.0,metropt3,results/sensor/events.csv,deterministic_chronological_adjacency,Immediate adjacency of nonoverlapping source-local intervals; not causality
sensor_event:SE_00721,PRECEDES,sensor_event:SE_00722,20.0,metropt3,results/sensor/events.csv,deterministic_chronological_adjacency,Immediate adjacency of nonoverlapping source-local intervals; not causality
sensor_event:SE_00722,PRECEDES,sensor_event:SE_00723,110.0,metropt3,results/sensor/events.csv,deterministic_chronological_adjacency,Immediate adjacency of nonoverlapping source-local intervals; not causality
sensor_event:SE_00723,PRECEDES,sensor_event:SE_00724,30.0,metropt3,results/sensor/events.csv,deterministic_chronological_adjacency,Immediate adjacency of nonoverlapping source-local intervals; not causality
sensor_event:SE_00724,PRECEDES,sensor_event:SE_00725,460.0,metropt3,results/sensor/events.csv,deterministic_chronological_adjacency,Immediate adjacency of nonoverlapping source-local intervals; not causality
sensor_event:SE_00725,PRECEDES,sensor_event:SE_00726,30.0,metropt3,results/sensor/events.csv,deterministic_chronological_adjacency,Immediate adjacency of nonoverlapping source-local intervals; not causality
sensor_event:SE_00726,PRECEDES,sensor_event:SE_00727,25.0,metropt3,results/sensor/events.csv,deterministic_chronological_adjacency,Immediate adjacency of nonoverlapping source-local intervals; not causality
sensor_event:SE_00727,PRECEDES,sensor_event:SE_00728,25.0,metropt3,results/sensor/events.csv,deterministic_chronological_adjacency,Immediate adjacency of nonoverlapping source-local intervals; not causality
sensor_event:SE_00728,PRECEDES,sensor_event:SE_00729,20.0,metropt3,results/sensor/events.csv,deterministic_chronological_adjacency,Immediate adjacency of nonoverlapping source-local intervals; not causality
sensor_event:SE_00729,PRECEDES,sensor_event:SE_00730,105.0,metropt3,results/sensor/events.csv,deterministic_chronological_adjacency,Immediate adjacency of nonoverlapping source-local intervals; not causality
sensor_event:SE_00730,PRECEDES,sensor_event:SE_00731,85.0,metropt3,results/sensor/events.csv,deterministic_chronological_adjacency,Immediate adjacency of nonoverlapping source-local intervals; not causality
sensor_event:SE_00731,PRECEDES,sensor_event:SE_00732,375.0,metropt3,results/sensor/events.csv,deterministic_chronological_adjacency,Immediate adjacency of nonoverlapping source-local intervals; not causality
sensor_event:SE_00732,PRECEDES,sensor_event:SE_00733,110.0,metropt3,results/sensor/events.csv,deterministic_chronological_adjacency,Immediate adjacency of nonoverlapping source-local intervals; not causality
sensor_event:SE_00733,PRECEDES,sensor_event:SE_00734,55.0,metropt3,results/sensor/events.csv,deterministic_chronological_adjacency,Immediate adjacency of nonoverlapping source-local intervals; not causality
sensor_event:SE_00734,PRECEDES,sensor_event:SE_00735,20.0,metropt3,results/sensor/events.csv,deterministic_chronological_adjacency,Immediate adjacency of nonoverlapping source-local intervals; not causality
sensor_event:SE_00735,PRECEDES,sensor_event:SE_00736,120.0,metropt3,results/sensor/events.csv,deterministic_chronological_adjacency,Immediate adjacency of nonoverlapping source-local intervals; not causality
sensor_event:SE_00736,PRECEDES,sensor_event:SE_00737,15.0,metropt3,results/sensor/events.csv,deterministic_chronological_adjacency,Immediate adjacency of nonoverlapping source-local intervals; not causality
sensor_event:SE_00737,PRECEDES,sensor_event:SE_00738,40.0,metropt3,results/sensor/events.csv,deterministic_chronological_adjacency,Immediate adjacency of nonoverlapping source-local intervals; not causality
sensor_event:SE_00738,PRECEDES,sensor_event:SE_00739,45.0,metropt3,results/sensor/events.csv,deterministic_chronological_adjacency,Immediate adjacency of nonoverlapping source-local intervals; not causality
sensor_event:SE_00739,PRECEDES,sensor_event:SE_00740,20.0,metropt3,results/sensor/events.csv,deterministic_chronological_adjacency,Immediate adjacency of nonoverlapping source-local intervals; not causality
sensor_event:SE_00740,PRECEDES,sensor_event:SE_00741,20.0,metropt3,results/sensor/events.csv,deterministic_chronological_adjacency,Immediate adjacency of nonoverlapping source-local intervals; not causality
sensor_event:SE_00741,PRECEDES,sensor_event:SE_00742,15.0,metropt3,results/sensor/events.csv,deterministic_chronological_adjacency,Immediate adjacency of nonoverlapping source-local intervals; not causality
sensor_event:SE_00742,PRECEDES,sensor_event:SE_00743,115.0,metropt3,results/sensor/events.csv,deterministic_chronological_adjacency,Immediate adjacency of nonoverlapping source-local intervals; not causality
sensor_event:SE_00743,PRECEDES,sensor_event:SE_00744,125.0,metropt3,results/sensor/events.csv,deterministic_chronological_adjacency,Immediate adjacency of nonoverlapping source-local intervals; not causality
sensor_event:SE_00744,PRECEDES,sensor_event:SE_00745,240.0,metropt3,results/sensor/events.csv,deterministic_chronological_adjacency,Immediate adjacency of nonoverlapping source-local intervals; not causality
sensor_event:SE_00745,PRECEDES,sensor_event:SE_00746,85.0,metropt3,results/sensor/events.csv,deterministic_chronological_adjacency,Immediate adjacency of nonoverlapping source-local intervals; not causality
sensor_event:SE_00746,PRECEDES,sensor_event:SE_00747,240.0,metropt3,results/sensor/events.csv,deterministic_chronological_adjacency,Immediate adjacency of nonoverlapping source-local intervals; not causality
sensor_event:SE_00747,PRECEDES,sensor_event:SE_00748,20.0,metropt3,results/sensor/events.csv,deterministic_chronological_adjacency,Immediate adjacency of nonoverlapping source-local intervals; not causality
sensor_event:SE_00748,PRECEDES,sensor_event:SE_00749,1840.0,metropt3,results/sensor/events.csv,deterministic_chronological_adjacency,Immediate adjacency of nonoverlapping source-local intervals; not causality
sensor_event:SE_00749,PRECEDES,sensor_event:SE_00750,640.0,metropt3,results/sensor/events.csv,deterministic_chronological_adjacency,Immediate adjacency of nonoverlapping source-local intervals; not causality
sensor_event:SE_00750,PRECEDES,sensor_event:SE_00751,160.0,metropt3,results/sensor/events.csv,deterministic_chronological_adjacency,Immediate adjacency of nonoverlapping source-local intervals; not causality
sensor_event:SE_00751,PRECEDES,sensor_event:SE_00752,190.0,metropt3,results/sensor/events.csv,deterministic_chronological_adjacency,Immediate adjacency of nonoverlapping source-local intervals; not causality
sensor_event:SE_00752,PRECEDES,sensor_event:SE_00753,35.0,metropt3,results/sensor/events.csv,deterministic_chronological_adjacency,Immediate adjacency of nonoverlapping source-local intervals; not causality
sensor_event:SE_00753,PRECEDES,sensor_event:SE_00754,85.0,metropt3,results/sensor/events.csv,deterministic_chronological_adjacency,Immediate adjacency of nonoverlapping source-local intervals; not causality
sensor_event:SE_00754,PRECEDES,sensor_event:SE_00755,50.0,metropt3,results/sensor/events.csv,deterministic_chronological_adjacency,Immediate adjacency of nonoverlapping source-local intervals; not causality
sensor_event:SE_00755,PRECEDES,sensor_event:SE_00756,105.0,metropt3,results/sensor/events.csv,deterministic_chronological_adjacency,Immediate adjacency of nonoverlapping source-local intervals; not causality
sensor_event:SE_00756,PRECEDES,sensor_event:SE_00757,180.0,metropt3,results/sensor/events.csv,deterministic_chronological_adjacency,Immediate adjacency of nonoverlapping source-local intervals; not causality
sensor_event:SE_00757,PRECEDES,sensor_event:SE_00758,265.0,metropt3,results/sensor/events.csv,deterministic_chronological_adjacency,Immediate adjacency of nonoverlapping source-local intervals; not causality
sensor_event:SE_00758,PRECEDES,sensor_event:SE_00759,20.0,metropt3,results/sensor/events.csv,deterministic_chronological_adjacency,Immediate adjacency of nonoverlapping source-local intervals; not causality
sensor_event:SE_00759,PRECEDES,sensor_event:SE_00760,120.0,metropt3,results/sensor/events.csv,deterministic_chronological_adjacency,Immediate adjacency of nonoverlapping source-local intervals; not causality
sensor_event:SE_00760,PRECEDES,sensor_event:SE_00761,120.0,metropt3,results/sensor/events.csv,deterministic_chronological_adjacency,Immediate adjacency of nonoverlapping source-local intervals; not causality
sensor_event:SE_00761,PRECEDES,sensor_event:SE_00762,150.0,metropt3,results/sensor/events.csv,deterministic_chronological_adjacency,Immediate adjacency of nonoverlapping source-local intervals; not causality
sensor_event:SE_00762,PRECEDES,sensor_event:SE_00763,30.0,metropt3,results/sensor/events.csv,deterministic_chronological_adjacency,Immediate adjacency of nonoverlapping source-local intervals; not causality
sensor_event:SE_00763,PRECEDES,sensor_event:SE_00764,60.0,metropt3,results/sensor/events.csv,deterministic_chronological_adjacency,Immediate adjacency of nonoverlapping source-local intervals; not causality
sensor_event:SE_00764,PRECEDES,sensor_event:SE_00765,20.0,metropt3,results/sensor/events.csv,deterministic_chronological_adjacency,Immediate adjacency of nonoverlapping source-local intervals; not causality
sensor_event:SE_00765,PRECEDES,sensor_event:SE_00766,15.0,metropt3,results/sensor/events.csv,deterministic_chronological_adjacency,Immediate adjacency of nonoverlapping source-local intervals; not causality
sensor_event:SE_00766,PRECEDES,sensor_event:SE_00767,70.0,metropt3,results/sensor/events.csv,deterministic_chronological_adjacency,Immediate adjacency of nonoverlapping source-local intervals; not causality
sensor_event:SE_00767,PRECEDES,sensor_event:SE_00768,20.0,metropt3,results/sensor/events.csv,deterministic_chronological_adjacency,Immediate adjacency of nonoverlapping source-local intervals; not causality
sensor_event:SE_00768,PRECEDES,sensor_event:SE_00769,180.0,metropt3,results/sensor/events.csv,deterministic_chronological_adjacency,Immediate adjacency of nonoverlapping source-local intervals; not causality
sensor_event:SE_00769,PRECEDES,sensor_event:SE_00770,40.0,metropt3,results/sensor/events.csv,deterministic_chronological_adjacency,Immediate adjacency of nonoverlapping source-local intervals; not causality
sensor_event:SE_00770,PRECEDES,sensor_event:SE_00771,45.0,metropt3,results/sensor/events.csv,deterministic_chronological_adjacency,Immediate adjacency of nonoverlapping source-local intervals; not causality
sensor_event:SE_00771,PRECEDES,sensor_event:SE_00772,130.0,metropt3,results/sensor/events.csv,deterministic_chronological_adjacency,Immediate adjacency of nonoverlapping source-local intervals; not causality
sensor_event:SE_00772,PRECEDES,sensor_event:SE_00773,120.0,metropt3,results/sensor/events.csv,deterministic_chronological_adjacency,Immediate adjacency of nonoverlapping source-local intervals; not causality
sensor_event:SE_00773,PRECEDES,sensor_event:SE_00774,25.0,metropt3,results/sensor/events.csv,deterministic_chronological_adjacency,Immediate adjacency of nonoverlapping source-local intervals; not causality
sensor_event:SE_00774,PRECEDES,sensor_event:SE_00775,785.0,metropt3,results/sensor/events.csv,deterministic_chronological_adjacency,Immediate adjacency of nonoverlapping source-local intervals; not causality
sensor_event:SE_00775,PRECEDES,sensor_event:SE_00776,390.0,metropt3,results/sensor/events.csv,deterministic_chronological_adjacency,Immediate adjacency of nonoverlapping source-local intervals; not causality
sensor_event:SE_00776,PRECEDES,sensor_event:SE_00777,25.0,metropt3,results/sensor/events.csv,deterministic_chronological_adjacency,Immediate adjacency of nonoverlapping source-local intervals; not causality
sensor_event:SE_00777,PRECEDES,sensor_event:SE_00778,20.0,metropt3,results/sensor/events.csv,deterministic_chronological_adjacency,Immediate adjacency of nonoverlapping source-local intervals; not causality
sensor_event:SE_00778,PRECEDES,sensor_event:SE_00779,120.0,metropt3,results/sensor/events.csv,deterministic_chronological_adjacency,Immediate adjacency of nonoverlapping source-local intervals; not causality
sensor_event:SE_00779,PRECEDES,sensor_event:SE_00780,680.0,metropt3,results/sensor/events.csv,deterministic_chronological_adjacency,Immediate adjacency of nonoverlapping source-local intervals; not causality
sensor_event:SE_00780,PRECEDES,sensor_event:SE_00781,100.0,metropt3,results/sensor/events.csv,deterministic_chronological_adjacency,Immediate adjacency of nonoverlapping source-local intervals; not causality
sensor_event:SE_00781,PRECEDES,sensor_event:SE_00782,100.0,metropt3,results/sensor/events.csv,deterministic_chronological_adjacency,Immediate adjacency of nonoverlapping source-local intervals; not causality
sensor_event:SE_00782,PRECEDES,sensor_event:SE_00783,190.0,metropt3,results/sensor/events.csv,deterministic_chronological_adjacency,Immediate adjacency of nonoverlapping source-local intervals; not causality
sensor_event:SE_00783,PRECEDES,sensor_event:SE_00784,30.0,metropt3,results/sensor/events.csv,deterministic_chronological_adjacency,Immediate adjacency of nonoverlapping source-local intervals; not causality
sensor_event:SE_00784,PRECEDES,sensor_event:SE_00785,195.0,metropt3,results/sensor/events.csv,deterministic_chronological_adjacency,Immediate adjacency of nonoverlapping source-local intervals; not causality
sensor_event:SE_00785,PRECEDES,sensor_event:SE_00786,150.0,metropt3,results/sensor/events.csv,deterministic_chronological_adjacency,Immediate adjacency of nonoverlapping source-local intervals; not causality
sensor_event:SE_00786,PRECEDES,sensor_event:SE_00787,210.0,metropt3,results/sensor/events.csv,deterministic_chronological_adjacency,Immediate adjacency of nonoverlapping source-local intervals; not causality
sensor_event:SE_00787,PRECEDES,sensor_event:SE_00788,60.0,metropt3,results/sensor/events.csv,deterministic_chronological_adjacency,Immediate adjacency of nonoverlapping source-local intervals; not causality
sensor_event:SE_00788,PRECEDES,sensor_event:SE_00789,280.0,metropt3,results/sensor/events.csv,deterministic_chronological_adjacency,Immediate adjacency of nonoverlapping source-local intervals; not causality
sensor_event:SE_00789,PRECEDES,sensor_event:SE_00790,65.0,metropt3,results/sensor/events.csv,deterministic_chronological_adjacency,Immediate adjacency of nonoverlapping source-local intervals; not causality
sensor_event:SE_00790,PRECEDES,sensor_event:SE_00791,175.0,metropt3,results/sensor/events.csv,deterministic_chronological_adjacency,Immediate adjacency of nonoverlapping source-local intervals; not causality
sensor_event:SE_00791,PRECEDES,sensor_event:SE_00792,120.0,metropt3,results/sensor/events.csv,deterministic_chronological_adjacency,Immediate adjacency of nonoverlapping source-local intervals; not causality
sensor_event:SE_00792,PRECEDES,sensor_event:SE_00793,55.0,metropt3,results/sensor/events.csv,deterministic_chronological_adjacency,Immediate adjacency of nonoverlapping source-local intervals; not causality
sensor_event:SE_00793,PRECEDES,sensor_event:SE_00794,150.0,metropt3,results/sensor/events.csv,deterministic_chronological_adjacency,Immediate adjacency of nonoverlapping source-local intervals; not causality
sensor_event:SE_00794,PRECEDES,sensor_event:SE_00795,75.0,metropt3,results/sensor/events.csv,deterministic_chronological_adjacency,Immediate adjacency of nonoverlapping source-local intervals; not causality
sensor_event:SE_00795,PRECEDES,sensor_event:SE_00796,50.0,metropt3,results/sensor/events.csv,deterministic_chronological_adjacency,Immediate adjacency of nonoverlapping source-local intervals; not causality
sensor_event:SE_00796,PRECEDES,sensor_event:SE_00797,25.0,metropt3,results/sensor/events.csv,deterministic_chronological_adjacency,Immediate adjacency of nonoverlapping source-local intervals; not causality
sensor_event:SE_00797,PRECEDES,sensor_event:SE_00798,75.0,metropt3,results/sensor/events.csv,deterministic_chronological_adjacency,Immediate adjacency of nonoverlapping source-local intervals; not causality
sensor_event:SE_00798,PRECEDES,sensor_event:SE_00799,265.0,metropt3,results/sensor/events.csv,deterministic_chronological_adjacency,Immediate adjacency of nonoverlapping source-local intervals; not causality
sensor_event:SE_00799,PRECEDES,sensor_event:SE_00800,35.0,metropt3,results/sensor/events.csv,deterministic_chronological_adjacency,Immediate adjacency of nonoverlapping source-local intervals; not causality
sensor_event:SE_00800,PRECEDES,sensor_event:SE_00801,85.0,metropt3,results/sensor/events.csv,deterministic_chronological_adjacency,Immediate adjacency of nonoverlapping source-local intervals; not causality
sensor_event:SE_00801,PRECEDES,sensor_event:SE_00802,95.0,metropt3,results/sensor/events.csv,deterministic_chronological_adjacency,Immediate adjacency of nonoverlapping source-local intervals; not causality
sensor_event:SE_00802,PRECEDES,sensor_event:SE_00803,470.0,metropt3,results/sensor/events.csv,deterministic_chronological_adjacency,Immediate adjacency of nonoverlapping source-local intervals; not causality
sensor_event:SE_00803,PRECEDES,sensor_event:SE_00804,30.0,metropt3,results/sensor/events.csv,deterministic_chronological_adjacency,Immediate adjacency of nonoverlapping source-local intervals; not causality
sensor_event:SE_00804,PRECEDES,sensor_event:SE_00805,25.0,metropt3,results/sensor/events.csv,deterministic_chronological_adjacency,Immediate adjacency of nonoverlapping source-local intervals; not causality
sensor_event:SE_00805,PRECEDES,sensor_event:SE_00806,275.0,metropt3,results/sensor/events.csv,deterministic_chronological_adjacency,Immediate adjacency of nonoverlapping source-local intervals; not causality
sensor_event:SE_00806,PRECEDES,sensor_event:SE_00807,80.0,metropt3,results/sensor/events.csv,deterministic_chronological_adjacency,Immediate adjacency of nonoverlapping source-local intervals; not causality
sensor_event:SE_00807,PRECEDES,sensor_event:SE_00808,70.0,metropt3,results/sensor/events.csv,deterministic_chronological_adjacency,Immediate adjacency of nonoverlapping source-local intervals; not causality
sensor_event:SE_00808,PRECEDES,sensor_event:SE_00809,295.0,metropt3,results/sensor/events.csv,deterministic_chronological_adjacency,Immediate adjacency of nonoverlapping source-local intervals; not causality
sensor_event:SE_00809,PRECEDES,sensor_event:SE_00810,125.0,metropt3,results/sensor/events.csv,deterministic_chronological_adjacency,Immediate adjacency of nonoverlapping source-local intervals; not causality
sensor_event:SE_00810,PRECEDES,sensor_event:SE_00811,60.0,metropt3,results/sensor/events.csv,deterministic_chronological_adjacency,Immediate adjacency of nonoverlapping source-local intervals; not causality
sensor_event:SE_00811,PRECEDES,sensor_event:SE_00812,355.0,metropt3,results/sensor/events.csv,deterministic_chronological_adjacency,Immediate adjacency of nonoverlapping source-local intervals; not causality
sensor_event:SE_00812,PRECEDES,sensor_event:SE_00813,125.0,metropt3,results/sensor/events.csv,deterministic_chronological_adjacency,Immediate adjacency of nonoverlapping source-local intervals; not causality
sensor_event:SE_00813,PRECEDES,sensor_event:SE_00814,335.0,metropt3,results/sensor/events.csv,deterministic_chronological_adjacency,Immediate adjacency of nonoverlapping source-local intervals; not causality
sensor_event:SE_00814,PRECEDES,sensor_event:SE_00815,25.0,metropt3,results/sensor/events.csv,deterministic_chronological_adjacency,Immediate adjacency of nonoverlapping source-local intervals; not causality
sensor_event:SE_00815,PRECEDES,sensor_event:SE_00816,1050.0,metropt3,results/sensor/events.csv,deterministic_chronological_adjacency,Immediate adjacency of nonoverlapping source-local intervals; not causality
sensor_event:SE_00816,PRECEDES,sensor_event:SE_00817,240.0,metropt3,results/sensor/events.csv,deterministic_chronological_adjacency,Immediate adjacency of nonoverlapping source-local intervals; not causality
sensor_event:SE_00817,PRECEDES,sensor_event:SE_00818,1555.0,metropt3,results/sensor/events.csv,deterministic_chronological_adjacency,Immediate adjacency of nonoverlapping source-local intervals; not causality
sensor_event:SE_00818,PRECEDES,sensor_event:SE_00819,135.0,metropt3,results/sensor/events.csv,deterministic_chronological_adjacency,Immediate adjacency of nonoverlapping source-local intervals; not causality
sensor_event:SE_00819,PRECEDES,sensor_event:SE_00820,30.0,metropt3,results/sensor/events.csv,deterministic_chronological_adjacency,Immediate adjacency of nonoverlapping source-local intervals; not causality
sensor_event:SE_00820,PRECEDES,sensor_event:SE_00821,30.0,metropt3,results/sensor/events.csv,deterministic_chronological_adjacency,Immediate adjacency of nonoverlapping source-local intervals; not causality
sensor_event:SE_00821,PRECEDES,sensor_event:SE_00822,130.0,metropt3,results/sensor/events.csv,deterministic_chronological_adjacency,Immediate adjacency of nonoverlapping source-local intervals; not causality
sensor_event:SE_00822,PRECEDES,sensor_event:SE_00823,30.0,metropt3,results/sensor/events.csv,deterministic_chronological_adjacency,Immediate adjacency of nonoverlapping source-local intervals; not causality
sensor_event:SE_00823,PRECEDES,sensor_event:SE_00824,90.0,metropt3,results/sensor/events.csv,deterministic_chronological_adjacency,Immediate adjacency of nonoverlapping source-local intervals; not causality
sensor_event:SE_00824,PRECEDES,sensor_event:SE_00825,60.0,metropt3,results/sensor/events.csv,deterministic_chronological_adjacency,Immediate adjacency of nonoverlapping source-local intervals; not causality
sensor_event:SE_00825,PRECEDES,sensor_event:SE_00826,95.0,metropt3,results/sensor/events.csv,deterministic_chronological_adjacency,Immediate adjacency of nonoverlapping source-local intervals; not causality
sensor_event:SE_00826,PRECEDES,sensor_event:SE_00827,135.0,metropt3,results/sensor/events.csv,deterministic_chronological_adjacency,Immediate adjacency of nonoverlapping source-local intervals; not causality
sensor_event:SE_00827,PRECEDES,sensor_event:SE_00828,155.0,metropt3,results/sensor/events.csv,deterministic_chronological_adjacency,Immediate adjacency of nonoverlapping source-local intervals; not causality
sensor_event:SE_00828,PRECEDES,sensor_event:SE_00829,270.0,metropt3,results/sensor/events.csv,deterministic_chronological_adjacency,Immediate adjacency of nonoverlapping source-local intervals; not causality
sensor_event:SE_00829,PRECEDES,sensor_event:SE_00830,300.0,metropt3,results/sensor/events.csv,deterministic_chronological_adjacency,Immediate adjacency of nonoverlapping source-local intervals; not causality
sensor_event:SE_00830,PRECEDES,sensor_event:SE_00831,230.0,metropt3,results/sensor/events.csv,deterministic_chronological_adjacency,Immediate adjacency of nonoverlapping source-local intervals; not causality
sensor_event:SE_00831,PRECEDES,sensor_event:SE_00832,30.0,metropt3,results/sensor/events.csv,deterministic_chronological_adjacency,Immediate adjacency of nonoverlapping source-local intervals; not causality
sensor_event:SE_00832,PRECEDES,sensor_event:SE_00833,215.0,metropt3,results/sensor/events.csv,deterministic_chronological_adjacency,Immediate adjacency of nonoverlapping source-local intervals; not causality
sensor_event:SE_00833,PRECEDES,sensor_event:SE_00834,100.0,metropt3,results/sensor/events.csv,deterministic_chronological_adjacency,Immediate adjacency of nonoverlapping source-local intervals; not causality
sensor_event:SE_00834,PRECEDES,sensor_event:SE_00835,160.0,metropt3,results/sensor/events.csv,deterministic_chronological_adjacency,Immediate adjacency of nonoverlapping source-local intervals; not causality
sensor_event:SE_00835,PRECEDES,sensor_event:SE_00836,65.0,metropt3,results/sensor/events.csv,deterministic_chronological_adjacency,Immediate adjacency of nonoverlapping source-local intervals; not causality
sensor_event:SE_00836,PRECEDES,sensor_event:SE_00837,225.0,metropt3,results/sensor/events.csv,deterministic_chronological_adjacency,Immediate adjacency of nonoverlapping source-local intervals; not causality
sensor_event:SE_00837,PRECEDES,sensor_event:SE_00838,275.0,metropt3,results/sensor/events.csv,deterministic_chronological_adjacency,Immediate adjacency of nonoverlapping source-local intervals; not causality
sensor_event:SE_00838,PRECEDES,sensor_event:SE_00839,210.0,metropt3,results/sensor/events.csv,deterministic_chronological_adjacency,Immediate adjacency of nonoverlapping source-local intervals; not causality
sensor_event:SE_00839,PRECEDES,sensor_event:SE_00840,335.0,metropt3,results/sensor/events.csv,deterministic_chronological_adjacency,Immediate adjacency of nonoverlapping source-local intervals; not causality
sensor_event:SE_00840,PRECEDES,sensor_event:SE_00841,290.0,metropt3,results/sensor/events.csv,deterministic_chronological_adjacency,Immediate adjacency of nonoverlapping source-local intervals; not causality
sensor_event:SE_00841,PRECEDES,sensor_event:SE_00842,25.0,metropt3,results/sensor/events.csv,deterministic_chronological_adjacency,Immediate adjacency of nonoverlapping source-local intervals; not causality
sensor_event:SE_00842,PRECEDES,sensor_event:SE_00843,15.0,metropt3,results/sensor/events.csv,deterministic_chronological_adjacency,Immediate adjacency of nonoverlapping source-local intervals; not causality
sensor_event:SE_00843,PRECEDES,sensor_event:SE_00844,745.0,metropt3,results/sensor/events.csv,deterministic_chronological_adjacency,Immediate adjacency of nonoverlapping source-local intervals; not causality
sensor_event:SE_00844,PRECEDES,sensor_event:SE_00845,1435.0,metropt3,results/sensor/events.csv,deterministic_chronological_adjacency,Immediate adjacency of nonoverlapping source-local intervals; not causality
sensor_event:SE_00845,PRECEDES,sensor_event:SE_00846,330.0,metropt3,results/sensor/events.csv,deterministic_chronological_adjacency,Immediate adjacency of nonoverlapping source-local intervals; not causality
sensor_event:SE_00846,PRECEDES,sensor_event:SE_00847,110.0,metropt3,results/sensor/events.csv,deterministic_chronological_adjacency,Immediate adjacency of nonoverlapping source-local intervals; not causality
sensor_event:SE_00847,PRECEDES,sensor_event:SE_00848,475.0,metropt3,results/sensor/events.csv,deterministic_chronological_adjacency,Immediate adjacency of nonoverlapping source-local intervals; not causality
sensor_event:SE_00848,PRECEDES,sensor_event:SE_00849,95.0,metropt3,results/sensor/events.csv,deterministic_chronological_adjacency,Immediate adjacency of nonoverlapping source-local intervals; not causality
sensor_event:SE_00849,PRECEDES,sensor_event:SE_00850,130.0,metropt3,results/sensor/events.csv,deterministic_chronological_adjacency,Immediate adjacency of nonoverlapping source-local intervals; not causality
sensor_event:SE_00850,PRECEDES,sensor_event:SE_00851,50.0,metropt3,results/sensor/events.csv,deterministic_chronological_adjacency,Immediate adjacency of nonoverlapping source-local intervals; not causality
sensor_event:SE_00851,PRECEDES,sensor_event:SE_00852,55.0,metropt3,results/sensor/events.csv,deterministic_chronological_adjacency,Immediate adjacency of nonoverlapping source-local intervals; not causality
sensor_event:SE_00852,PRECEDES,sensor_event:SE_00853,20.0,metropt3,results/sensor/events.csv,deterministic_chronological_adjacency,Immediate adjacency of nonoverlapping source-local intervals; not causality
sensor_event:SE_00853,PRECEDES,sensor_event:SE_00854,155.0,metropt3,results/sensor/events.csv,deterministic_chronological_adjacency,Immediate adjacency of nonoverlapping source-local intervals; not causality
sensor_event:SE_00854,PRECEDES,sensor_event:SE_00855,155.0,metropt3,results/sensor/events.csv,deterministic_chronological_adjacency,Immediate adjacency of nonoverlapping source-local intervals; not causality
sensor_event:SE_00855,PRECEDES,sensor_event:SE_00856,100.0,metropt3,results/sensor/events.csv,deterministic_chronological_adjacency,Immediate adjacency of nonoverlapping source-local intervals; not causality
sensor_event:SE_00856,PRECEDES,sensor_event:SE_00857,50.0,metropt3,results/sensor/events.csv,deterministic_chronological_adjacency,Immediate adjacency of nonoverlapping source-local intervals; not causality
sensor_event:SE_00857,PRECEDES,sensor_event:SE_00858,160.0,metropt3,results/sensor/events.csv,deterministic_chronological_adjacency,Immediate adjacency of nonoverlapping source-local intervals; not causality
sensor_event:SE_00858,PRECEDES,sensor_event:SE_00859,20.0,metropt3,results/sensor/events.csv,deterministic_chronological_adjacency,Immediate adjacency of nonoverlapping source-local intervals; not causality
sensor_event:SE_00859,PRECEDES,sensor_event:SE_00860,25.0,metropt3,results/sensor/events.csv,deterministic_chronological_adjacency,Immediate adjacency of nonoverlapping source-local intervals; not causality
sensor_event:SE_00860,PRECEDES,sensor_event:SE_00861,265.0,metropt3,results/sensor/events.csv,deterministic_chronological_adjacency,Immediate adjacency of nonoverlapping source-local intervals; not causality
sensor_event:SE_00861,PRECEDES,sensor_event:SE_00862,105.0,metropt3,results/sensor/events.csv,deterministic_chronological_adjacency,Immediate adjacency of nonoverlapping source-local intervals; not causality
sensor_event:SE_00862,PRECEDES,sensor_event:SE_00863,50.0,metropt3,results/sensor/events.csv,deterministic_chronological_adjacency,Immediate adjacency of nonoverlapping source-local intervals; not causality
sensor_event:SE_00863,PRECEDES,sensor_event:SE_00864,90.0,metropt3,results/sensor/events.csv,deterministic_chronological_adjacency,Immediate adjacency of nonoverlapping source-local intervals; not causality
sensor_event:SE_00864,PRECEDES,sensor_event:SE_00865,30.0,metropt3,results/sensor/events.csv,deterministic_chronological_adjacency,Immediate adjacency of nonoverlapping source-local intervals; not causality
sensor_event:SE_00865,PRECEDES,sensor_event:SE_00866,765.0,metropt3,results/sensor/events.csv,deterministic_chronological_adjacency,Immediate adjacency of nonoverlapping source-local intervals; not causality
sensor_event:SE_00866,PRECEDES,sensor_event:SE_00867,110.0,metropt3,results/sensor/events.csv,deterministic_chronological_adjacency,Immediate adjacency of nonoverlapping source-local intervals; not causality
sensor_event:SE_00867,PRECEDES,sensor_event:SE_00868,195.0,metropt3,results/sensor/events.csv,deterministic_chronological_adjacency,Immediate adjacency of nonoverlapping source-local intervals; not causality
sensor_event:SE_00868,PRECEDES,sensor_event:SE_00869,295.0,metropt3,results/sensor/events.csv,deterministic_chronological_adjacency,Immediate adjacency of nonoverlapping source-local intervals; not causality
sensor_event:SE_00869,PRECEDES,sensor_event:SE_00870,35.0,metropt3,results/sensor/events.csv,deterministic_chronological_adjacency,Immediate adjacency of nonoverlapping source-local intervals; not causality
sensor_event:SE_00870,PRECEDES,sensor_event:SE_00871,55.0,metropt3,results/sensor/events.csv,deterministic_chronological_adjacency,Immediate adjacency of nonoverlapping source-local intervals; not causality
sensor_event:SE_00871,PRECEDES,sensor_event:SE_00872,20.0,metropt3,results/sensor/events.csv,deterministic_chronological_adjacency,Immediate adjacency of nonoverlapping source-local intervals; not causality
sensor_event:SE_00872,PRECEDES,sensor_event:SE_00873,25.0,metropt3,results/sensor/events.csv,deterministic_chronological_adjacency,Immediate adjacency of nonoverlapping source-local intervals; not causality
sensor_event:SE_00873,PRECEDES,sensor_event:SE_00874,25.0,metropt3,results/sensor/events.csv,deterministic_chronological_adjacency,Immediate adjacency of nonoverlapping source-local intervals; not causality
sensor_event:SE_00874,PRECEDES,sensor_event:SE_00875,25.0,metropt3,results/sensor/events.csv,deterministic_chronological_adjacency,Immediate adjacency of nonoverlapping source-local intervals; not causality
sensor_event:SE_00875,PRECEDES,sensor_event:SE_00876,20.0,metropt3,results/sensor/events.csv,deterministic_chronological_adjacency,Immediate adjacency of nonoverlapping source-local intervals; not causality
sensor_event:SE_00876,PRECEDES,sensor_event:SE_00877,20.0,metropt3,results/sensor/events.csv,deterministic_chronological_adjacency,Immediate adjacency of nonoverlapping source-local intervals; not causality
sensor_event:SE_00877,PRECEDES,sensor_event:SE_00878,25.0,metropt3,results/sensor/events.csv,deterministic_chronological_adjacency,Immediate adjacency of nonoverlapping source-local intervals; not causality
sensor_event:SE_00878,PRECEDES,sensor_event:SE_00879,25.0,metropt3,results/sensor/events.csv,deterministic_chronological_adjacency,Immediate adjacency of nonoverlapping source-local intervals; not causality
sensor_event:SE_00879,PRECEDES,sensor_event:SE_00880,115.0,metropt3,results/sensor/events.csv,deterministic_chronological_adjacency,Immediate adjacency of nonoverlapping source-local intervals; not causality
sensor_event:SE_00880,PRECEDES,sensor_event:SE_00881,95.0,metropt3,results/sensor/events.csv,deterministic_chronological_adjacency,Immediate adjacency of nonoverlapping source-local intervals; not causality
sensor_event:SE_00881,PRECEDES,sensor_event:SE_00882,80.0,metropt3,results/sensor/events.csv,deterministic_chronological_adjacency,Immediate adjacency of nonoverlapping source-local intervals; not causality
sensor_event:SE_00882,PRECEDES,sensor_event:SE_00883,35.0,metropt3,results/sensor/events.csv,deterministic_chronological_adjacency,Immediate adjacency of nonoverlapping source-local intervals; not causality
sensor_event:SE_00883,PRECEDES,sensor_event:SE_00884,105.0,metropt3,results/sensor/events.csv,deterministic_chronological_adjacency,Immediate adjacency of nonoverlapping source-local intervals; not causality
sensor_event:SE_00884,PRECEDES,sensor_event:SE_00885,200.0,metropt3,results/sensor/events.csv,deterministic_chronological_adjacency,Immediate adjacency of nonoverlapping source-local intervals; not causality
sensor_event:SE_00885,PRECEDES,sensor_event:SE_00886,40.0,metropt3,results/sensor/events.csv,deterministic_chronological_adjacency,Immediate adjacency of nonoverlapping source-local intervals; not causality
sensor_event:SE_00886,PRECEDES,sensor_event:SE_00887,25.0,metropt3,results/sensor/events.csv,deterministic_chronological_adjacency,Immediate adjacency of nonoverlapping source-local intervals; not causality
sensor_event:SE_00887,PRECEDES,sensor_event:SE_00888,165.0,metropt3,results/sensor/events.csv,deterministic_chronological_adjacency,Immediate adjacency of nonoverlapping source-local intervals; not causality
sensor_event:SE_00888,PRECEDES,sensor_event:SE_00889,115.0,metropt3,results/sensor/events.csv,deterministic_chronological_adjacency,Immediate adjacency of nonoverlapping source-local intervals; not causality
sensor_event:SE_00889,PRECEDES,sensor_event:SE_00890,30.0,metropt3,results/sensor/events.csv,deterministic_chronological_adjacency,Immediate adjacency of nonoverlapping source-local intervals; not causality
sensor_event:SE_00890,PRECEDES,sensor_event:SE_00891,55.0,metropt3,results/sensor/events.csv,deterministic_chronological_adjacency,Immediate adjacency of nonoverlapping source-local intervals; not causality
sensor_event:SE_00891,PRECEDES,sensor_event:SE_00892,195.0,metropt3,results/sensor/events.csv,deterministic_chronological_adjacency,Immediate adjacency of nonoverlapping source-local intervals; not causality
sensor_event:SE_00892,PRECEDES,sensor_event:SE_00893,415.0,metropt3,results/sensor/events.csv,deterministic_chronological_adjacency,Immediate adjacency of nonoverlapping source-local intervals; not causality
sensor_event:SE_00893,PRECEDES,sensor_event:SE_00894,230.0,metropt3,results/sensor/events.csv,deterministic_chronological_adjacency,Immediate adjacency of nonoverlapping source-local intervals; not causality
sensor_event:SE_00894,PRECEDES,sensor_event:SE_00895,25.0,metropt3,results/sensor/events.csv,deterministic_chronological_adjacency,Immediate adjacency of nonoverlapping source-local intervals; not causality
sensor_event:SE_00895,PRECEDES,sensor_event:SE_00896,35.0,metropt3,results/sensor/events.csv,deterministic_chronological_adjacency,Immediate adjacency of nonoverlapping source-local intervals; not causality
sensor_event:SE_00896,PRECEDES,sensor_event:SE_00897,25.0,metropt3,results/sensor/events.csv,deterministic_chronological_adjacency,Immediate adjacency of nonoverlapping source-local intervals; not causality
sensor_event:SE_00897,PRECEDES,sensor_event:SE_00898,45.0,metropt3,results/sensor/events.csv,deterministic_chronological_adjacency,Immediate adjacency of nonoverlapping source-local intervals; not causality
sensor_event:SE_00898,PRECEDES,sensor_event:SE_00899,35.0,metropt3,results/sensor/events.csv,deterministic_chronological_adjacency,Immediate adjacency of nonoverlapping source-local intervals; not causality
sensor_event:SE_00899,PRECEDES,sensor_event:SE_00900,35.0,metropt3,results/sensor/events.csv,deterministic_chronological_adjacency,Immediate adjacency of nonoverlapping source-local intervals; not causality
sensor_event:SE_00900,PRECEDES,sensor_event:SE_00901,25.0,metropt3,results/sensor/events.csv,deterministic_chronological_adjacency,Immediate adjacency of nonoverlapping source-local intervals; not causality
sensor_event:SE_00901,PRECEDES,sensor_event:SE_00902,65.0,metropt3,results/sensor/events.csv,deterministic_chronological_adjacency,Immediate adjacency of nonoverlapping source-local intervals; not causality
sensor_event:SE_00902,PRECEDES,sensor_event:SE_00903,25.0,metropt3,results/sensor/events.csv,deterministic_chronological_adjacency,Immediate adjacency of nonoverlapping source-local intervals; not causality
sensor_event:SE_00903,PRECEDES,sensor_event:SE_00904,20.0,metropt3,results/sensor/events.csv,deterministic_chronological_adjacency,Immediate adjacency of nonoverlapping source-local intervals; not causality
sensor_event:SE_00904,PRECEDES,sensor_event:SE_00905,25.0,metropt3,results/sensor/events.csv,deterministic_chronological_adjacency,Immediate adjacency of nonoverlapping source-local intervals; not causality
sensor_event:SE_00905,PRECEDES,sensor_event:SE_00906,60.0,metropt3,results/sensor/events.csv,deterministic_chronological_adjacency,Immediate adjacency of nonoverlapping source-local intervals; not causality
sensor_event:SE_00906,PRECEDES,sensor_event:SE_00907,540.0,metropt3,results/sensor/events.csv,deterministic_chronological_adjacency,Immediate adjacency of nonoverlapping source-local intervals; not causality
sensor_event:SE_00907,PRECEDES,sensor_event:SE_00908,20.0,metropt3,results/sensor/events.csv,deterministic_chronological_adjacency,Immediate adjacency of nonoverlapping source-local intervals; not causality
sensor_event:SE_00908,PRECEDES,sensor_event:SE_00909,20.0,metropt3,results/sensor/events.csv,deterministic_chronological_adjacency,Immediate adjacency of nonoverlapping source-local intervals; not causality
sensor_event:SE_00909,PRECEDES,sensor_event:SE_00910,50.0,metropt3,results/sensor/events.csv,deterministic_chronological_adjacency,Immediate adjacency of nonoverlapping source-local intervals; not causality
sensor_event:SE_00910,PRECEDES,sensor_event:SE_00911,60.0,metropt3,results/sensor/events.csv,deterministic_chronological_adjacency,Immediate adjacency of nonoverlapping source-local intervals; not causality
sensor_event:SE_00911,PRECEDES,sensor_event:SE_00912,30.0,metropt3,results/sensor/events.csv,deterministic_chronological_adjacency,Immediate adjacency of nonoverlapping source-local intervals; not causality
sensor_event:SE_00912,PRECEDES,sensor_event:SE_00913,15.0,metropt3,results/sensor/events.csv,deterministic_chronological_adjacency,Immediate adjacency of nonoverlapping source-local intervals; not causality
sensor_event:SE_00913,PRECEDES,sensor_event:SE_00914,25.0,metropt3,results/sensor/events.csv,deterministic_chronological_adjacency,Immediate adjacency of nonoverlapping source-local intervals; not causality
sensor_event:SE_00914,PRECEDES,sensor_event:SE_00915,630.0,metropt3,results/sensor/events.csv,deterministic_chronological_adjacency,Immediate adjacency of nonoverlapping source-local intervals; not causality
sensor_event:SE_00915,PRECEDES,sensor_event:SE_00916,145.0,metropt3,results/sensor/events.csv,deterministic_chronological_adjacency,Immediate adjacency of nonoverlapping source-local intervals; not causality
sensor_event:SE_00916,PRECEDES,sensor_event:SE_00917,30.0,metropt3,results/sensor/events.csv,deterministic_chronological_adjacency,Immediate adjacency of nonoverlapping source-local intervals; not causality
sensor_event:SE_00917,PRECEDES,sensor_event:SE_00918,1490.0,metropt3,results/sensor/events.csv,deterministic_chronological_adjacency,Immediate adjacency of nonoverlapping source-local intervals; not causality
sensor_event:SE_00918,PRECEDES,sensor_event:SE_00919,35.0,metropt3,results/sensor/events.csv,deterministic_chronological_adjacency,Immediate adjacency of nonoverlapping source-local intervals; not causality
sensor_event:SE_00919,PRECEDES,sensor_event:SE_00920,40.0,metropt3,results/sensor/events.csv,deterministic_chronological_adjacency,Immediate adjacency of nonoverlapping source-local intervals; not causality
sensor_event:SE_00920,PRECEDES,sensor_event:SE_00921,145.0,metropt3,results/sensor/events.csv,deterministic_chronological_adjacency,Immediate adjacency of nonoverlapping source-local intervals; not causality
sensor_event:SE_00921,PRECEDES,sensor_event:SE_00922,65.0,metropt3,results/sensor/events.csv,deterministic_chronological_adjacency,Immediate adjacency of nonoverlapping source-local intervals; not causality
sensor_event:SE_00922,PRECEDES,sensor_event:SE_00923,30.0,metropt3,results/sensor/events.csv,deterministic_chronological_adjacency,Immediate adjacency of nonoverlapping source-local intervals; not causality
sensor_event:SE_00923,PRECEDES,sensor_event:SE_00924,30.0,metropt3,results/sensor/events.csv,deterministic_chronological_adjacency,Immediate adjacency of nonoverlapping source-local intervals; not causality
sensor_event:SE_00924,PRECEDES,sensor_event:SE_00925,15.0,metropt3,results/sensor/events.csv,deterministic_chronological_adjacency,Immediate adjacency of nonoverlapping source-local intervals; not causality
sensor_event:SE_00925,PRECEDES,sensor_event:SE_00926,15.0,metropt3,results/sensor/events.csv,deterministic_chronological_adjacency,Immediate adjacency of nonoverlapping source-local intervals; not causality
sensor_event:SE_00926,PRECEDES,sensor_event:SE_00927,15.0,metropt3,results/sensor/events.csv,deterministic_chronological_adjacency,Immediate adjacency of nonoverlapping source-local intervals; not causality
sensor_event:SE_00927,PRECEDES,sensor_event:SE_00928,235.0,metropt3,results/sensor/events.csv,deterministic_chronological_adjacency,Immediate adjacency of nonoverlapping source-local intervals; not causality
sensor_event:SE_00928,PRECEDES,sensor_event:SE_00929,370.0,metropt3,results/sensor/events.csv,deterministic_chronological_adjacency,Immediate adjacency of nonoverlapping source-local intervals; not causality
sensor_event:SE_00929,PRECEDES,sensor_event:SE_00930,15.0,metropt3,results/sensor/events.csv,deterministic_chronological_adjacency,Immediate adjacency of nonoverlapping source-local intervals; not causality
sensor_event:SE_00930,PRECEDES,sensor_event:SE_00931,40.0,metropt3,results/sensor/events.csv,deterministic_chronological_adjacency,Immediate adjacency of nonoverlapping source-local intervals; not causality
sensor_event:SE_00931,PRECEDES,sensor_event:SE_00932,2560.0,metropt3,results/sensor/events.csv,deterministic_chronological_adjacency,Immediate adjacency of nonoverlapping source-local intervals; not causality
sensor_event:SE_00932,PRECEDES,sensor_event:SE_00933,15.0,metropt3,results/sensor/events.csv,deterministic_chronological_adjacency,Immediate adjacency of nonoverlapping source-local intervals; not causality
sensor_event:SE_00933,PRECEDES,sensor_event:SE_00934,15.0,metropt3,results/sensor/events.csv,deterministic_chronological_adjacency,Immediate adjacency of nonoverlapping source-local intervals; not causality
sensor_event:SE_00934,PRECEDES,sensor_event:SE_00935,15.0,metropt3,results/sensor/events.csv,deterministic_chronological_adjacency,Immediate adjacency of nonoverlapping source-local intervals; not causality
sensor_event:SE_00935,PRECEDES,sensor_event:SE_00936,15.0,metropt3,results/sensor/events.csv,deterministic_chronological_adjacency,Immediate adjacency of nonoverlapping source-local intervals; not causality
sensor_event:SE_00936,PRECEDES,sensor_event:SE_00937,35.0,metropt3,results/sensor/events.csv,deterministic_chronological_adjacency,Immediate adjacency of nonoverlapping source-local intervals; not causality
sensor_event:SE_00937,PRECEDES,sensor_event:SE_00938,30.0,metropt3,results/sensor/events.csv,deterministic_chronological_adjacency,Immediate adjacency of nonoverlapping source-local intervals; not causality
sensor_event:SE_00938,PRECEDES,sensor_event:SE_00939,15.0,metropt3,results/sensor/events.csv,deterministic_chronological_adjacency,Immediate adjacency of nonoverlapping source-local intervals; not causality
sensor_event:SE_00939,PRECEDES,sensor_event:SE_00940,15.0,metropt3,results/sensor/events.csv,deterministic_chronological_adjacency,Immediate adjacency of nonoverlapping source-local intervals; not causality
sensor_event:SE_00940,PRECEDES,sensor_event:SE_00941,15.0,metropt3,results/sensor/events.csv,deterministic_chronological_adjacency,Immediate adjacency of nonoverlapping source-local intervals; not causality
sensor_event:SE_00941,PRECEDES,sensor_event:SE_00942,15.0,metropt3,results/sensor/events.csv,deterministic_chronological_adjacency,Immediate adjacency of nonoverlapping source-local intervals; not causality
sensor_event:SE_00942,PRECEDES,sensor_event:SE_00943,15.0,metropt3,results/sensor/events.csv,deterministic_chronological_adjacency,Immediate adjacency of nonoverlapping source-local intervals; not causality
sensor_event:SE_00943,PRECEDES,sensor_event:SE_00944,15.0,metropt3,results/sensor/events.csv,deterministic_chronological_adjacency,Immediate adjacency of nonoverlapping source-local intervals; not causality
sensor_event:SE_00944,PRECEDES,sensor_event:SE_00945,15.0,metropt3,results/sensor/events.csv,deterministic_chronological_adjacency,Immediate adjacency of nonoverlapping source-local intervals; not causality
sensor_event:SE_00945,PRECEDES,sensor_event:SE_00946,15.0,metropt3,results/sensor/events.csv,deterministic_chronological_adjacency,Immediate adjacency of nonoverlapping source-local intervals; not causality
sensor_event:SE_00946,PRECEDES,sensor_event:SE_00947,15.0,metropt3,results/sensor/events.csv,deterministic_chronological_adjacency,Immediate adjacency of nonoverlapping source-local intervals; not causality
sensor_event:SE_00947,PRECEDES,sensor_event:SE_00948,15.0,metropt3,results/sensor/events.csv,deterministic_chronological_adjacency,Immediate adjacency of nonoverlapping source-local intervals; not causality
sensor_event:SE_00948,PRECEDES,sensor_event:SE_00949,15.0,metropt3,results/sensor/events.csv,deterministic_chronological_adjacency,Immediate adjacency of nonoverlapping source-local intervals; not causality
sensor_event:SE_00949,PRECEDES,sensor_event:SE_00950,15.0,metropt3,results/sensor/events.csv,deterministic_chronological_adjacency,Immediate adjacency of nonoverlapping source-local intervals; not causality
sensor_event:SE_00950,PRECEDES,sensor_event:SE_00951,15.0,metropt3,results/sensor/events.csv,deterministic_chronological_adjacency,Immediate adjacency of nonoverlapping source-local intervals; not causality
sensor_event:SE_00951,PRECEDES,sensor_event:SE_00952,15.0,metropt3,results/sensor/events.csv,deterministic_chronological_adjacency,Immediate adjacency of nonoverlapping source-local intervals; not causality
sensor_event:SE_00952,PRECEDES,sensor_event:SE_00953,270.0,metropt3,results/sensor/events.csv,deterministic_chronological_adjacency,Immediate adjacency of nonoverlapping source-local intervals; not causality
sensor_event:SE_00953,PRECEDES,sensor_event:SE_00954,15.0,metropt3,results/sensor/events.csv,deterministic_chronological_adjacency,Immediate adjacency of nonoverlapping source-local intervals; not causality
sensor_event:SE_00954,PRECEDES,sensor_event:SE_00955,25.0,metropt3,results/sensor/events.csv,deterministic_chronological_adjacency,Immediate adjacency of nonoverlapping source-local intervals; not causality
sensor_event:SE_00955,PRECEDES,sensor_event:SE_00956,15.0,metropt3,results/sensor/events.csv,deterministic_chronological_adjacency,Immediate adjacency of nonoverlapping source-local intervals; not causality
sensor_event:SE_00956,PRECEDES,sensor_event:SE_00957,30.0,metropt3,results/sensor/events.csv,deterministic_chronological_adjacency,Immediate adjacency of nonoverlapping source-local intervals; not causality
sensor_event:SE_00957,PRECEDES,sensor_event:SE_00958,15.0,metropt3,results/sensor/events.csv,deterministic_chronological_adjacency,Immediate adjacency of nonoverlapping source-local intervals; not causality
sensor_event:SE_00958,PRECEDES,sensor_event:SE_00959,15.0,metropt3,results/sensor/events.csv,deterministic_chronological_adjacency,Immediate adjacency of nonoverlapping source-local intervals; not causality
sensor_event:SE_00959,PRECEDES,sensor_event:SE_00960,15.0,metropt3,results/sensor/events.csv,deterministic_chronological_adjacency,Immediate adjacency of nonoverlapping source-local intervals; not causality
sensor_event:SE_00960,PRECEDES,sensor_event:SE_00961,15.0,metropt3,results/sensor/events.csv,deterministic_chronological_adjacency,Immediate adjacency of nonoverlapping source-local intervals; not causality
sensor_event:SE_00961,PRECEDES,sensor_event:SE_00962,15.0,metropt3,results/sensor/events.csv,deterministic_chronological_adjacency,Immediate adjacency of nonoverlapping source-local intervals; not causality
sensor_event:SE_00962,PRECEDES,sensor_event:SE_00963,15.0,metropt3,results/sensor/events.csv,deterministic_chronological_adjacency,Immediate adjacency of nonoverlapping source-local intervals; not causality
sensor_event:SE_00963,PRECEDES,sensor_event:SE_00964,15.0,metropt3,results/sensor/events.csv,deterministic_chronological_adjacency,Immediate adjacency of nonoverlapping source-local intervals; not causality
sensor_event:SE_00964,PRECEDES,sensor_event:SE_00965,15.0,metropt3,results/sensor/events.csv,deterministic_chronological_adjacency,Immediate adjacency of nonoverlapping source-local intervals; not causality
sensor_event:SE_00965,PRECEDES,sensor_event:SE_00966,15.0,metropt3,results/sensor/events.csv,deterministic_chronological_adjacency,Immediate adjacency of nonoverlapping source-local intervals; not causality
sensor_event:SE_00966,PRECEDES,sensor_event:SE_00967,15.0,metropt3,results/sensor/events.csv,deterministic_chronological_adjacency,Immediate adjacency of nonoverlapping source-local intervals; not causality
sensor_event:SE_00967,PRECEDES,sensor_event:SE_00968,15.0,metropt3,results/sensor/events.csv,deterministic_chronological_adjacency,Immediate adjacency of nonoverlapping source-local intervals; not causality
sensor_event:SE_00968,PRECEDES,sensor_event:SE_00969,15.0,metropt3,results/sensor/events.csv,deterministic_chronological_adjacency,Immediate adjacency of nonoverlapping source-local intervals; not causality
sensor_event:SE_00969,PRECEDES,sensor_event:SE_00970,15.0,metropt3,results/sensor/events.csv,deterministic_chronological_adjacency,Immediate adjacency of nonoverlapping source-local intervals; not causality
sensor_event:SE_00970,PRECEDES,sensor_event:SE_00971,15.0,metropt3,results/sensor/events.csv,deterministic_chronological_adjacency,Immediate adjacency of nonoverlapping source-local intervals; not causality
sensor_event:SE_00971,PRECEDES,sensor_event:SE_00972,15.0,metropt3,results/sensor/events.csv,deterministic_chronological_adjacency,Immediate adjacency of nonoverlapping source-local intervals; not causality
sensor_event:SE_00972,PRECEDES,sensor_event:SE_00973,15.0,metropt3,results/sensor/events.csv,deterministic_chronological_adjacency,Immediate adjacency of nonoverlapping source-local intervals; not causality
sensor_event:SE_00973,PRECEDES,sensor_event:SE_00974,15.0,metropt3,results/sensor/events.csv,deterministic_chronological_adjacency,Immediate adjacency of nonoverlapping source-local intervals; not causality
sensor_event:SE_00974,PRECEDES,sensor_event:SE_00975,20.0,metropt3,results/sensor/events.csv,deterministic_chronological_adjacency,Immediate adjacency of nonoverlapping source-local intervals; not causality
sensor_event:SE_00975,PRECEDES,sensor_event:SE_00976,40.0,metropt3,results/sensor/events.csv,deterministic_chronological_adjacency,Immediate adjacency of nonoverlapping source-local intervals; not causality
sensor_event:SE_00976,PRECEDES,sensor_event:SE_00977,15.0,metropt3,results/sensor/events.csv,deterministic_chronological_adjacency,Immediate adjacency of nonoverlapping source-local intervals; not causality
sensor_event:SE_00977,PRECEDES,sensor_event:SE_00978,15.0,metropt3,results/sensor/events.csv,deterministic_chronological_adjacency,Immediate adjacency of nonoverlapping source-local intervals; not causality
sensor_event:SE_00978,PRECEDES,sensor_event:SE_00979,135.0,metropt3,results/sensor/events.csv,deterministic_chronological_adjacency,Immediate adjacency of nonoverlapping source-local intervals; not causality
sensor_event:SE_00979,PRECEDES,sensor_event:SE_00980,25.0,metropt3,results/sensor/events.csv,deterministic_chronological_adjacency,Immediate adjacency of nonoverlapping source-local intervals; not causality
sensor_event:SE_00980,PRECEDES,sensor_event:SE_00981,70.0,metropt3,results/sensor/events.csv,deterministic_chronological_adjacency,Immediate adjacency of nonoverlapping source-local intervals; not causality
sensor_event:SE_00981,PRECEDES,sensor_event:SE_00982,20.0,metropt3,results/sensor/events.csv,deterministic_chronological_adjacency,Immediate adjacency of nonoverlapping source-local intervals; not causality
sensor_event:SE_00982,PRECEDES,sensor_event:SE_00983,15.0,metropt3,results/sensor/events.csv,deterministic_chronological_adjacency,Immediate adjacency of nonoverlapping source-local intervals; not causality
sensor_event:SE_00983,PRECEDES,sensor_event:SE_00984,15.0,metropt3,results/sensor/events.csv,deterministic_chronological_adjacency,Immediate adjacency of nonoverlapping source-local intervals; not causality
sensor_event:SE_00984,PRECEDES,sensor_event:SE_00985,15.0,metropt3,results/sensor/events.csv,deterministic_chronological_adjacency,Immediate adjacency of nonoverlapping source-local intervals; not causality
sensor_event:SE_00985,PRECEDES,sensor_event:SE_00986,15.0,metropt3,results/sensor/events.csv,deterministic_chronological_adjacency,Immediate adjacency of nonoverlapping source-local intervals; not causality
sensor_event:SE_00986,PRECEDES,sensor_event:SE_00987,25.0,metropt3,results/sensor/events.csv,deterministic_chronological_adjacency,Immediate adjacency of nonoverlapping source-local intervals; not causality
sensor_event:SE_00987,PRECEDES,sensor_event:SE_00988,170.0,metropt3,results/sensor/events.csv,deterministic_chronological_adjacency,Immediate adjacency of nonoverlapping source-local intervals; not causality
sensor_event:SE_00988,PRECEDES,sensor_event:SE_00989,20.0,metropt3,results/sensor/events.csv,deterministic_chronological_adjacency,Immediate adjacency of nonoverlapping source-local intervals; not causality
sensor_event:SE_00989,PRECEDES,sensor_event:SE_00990,100.0,metropt3,results/sensor/events.csv,deterministic_chronological_adjacency,Immediate adjacency of nonoverlapping source-local intervals; not causality
sensor_event:SE_00990,PRECEDES,sensor_event:SE_00991,20.0,metropt3,results/sensor/events.csv,deterministic_chronological_adjacency,Immediate adjacency of nonoverlapping source-local intervals; not causality
sensor_event:SE_00991,PRECEDES,sensor_event:SE_00992,15.0,metropt3,results/sensor/events.csv,deterministic_chronological_adjacency,Immediate adjacency of nonoverlapping source-local intervals; not causality
sensor_event:SE_00992,PRECEDES,sensor_event:SE_00993,15.0,metropt3,results/sensor/events.csv,deterministic_chronological_adjacency,Immediate adjacency of nonoverlapping source-local intervals; not causality
sensor_event:SE_00993,PRECEDES,sensor_event:SE_00994,15.0,metropt3,results/sensor/events.csv,deterministic_chronological_adjacency,Immediate adjacency of nonoverlapping source-local intervals; not causality
sensor_event:SE_00994,PRECEDES,sensor_event:SE_00995,15.0,metropt3,results/sensor/events.csv,deterministic_chronological_adjacency,Immediate adjacency of nonoverlapping source-local intervals; not causality
sensor_event:SE_00995,PRECEDES,sensor_event:SE_00996,15.0,metropt3,results/sensor/events.csv,deterministic_chronological_adjacency,Immediate adjacency of nonoverlapping source-local intervals; not causality
sensor_event:SE_00996,PRECEDES,sensor_event:SE_00997,20.0,metropt3,results/sensor/events.csv,deterministic_chronological_adjacency,Immediate adjacency of nonoverlapping source-local intervals; not causality
sensor_event:SE_00997,PRECEDES,sensor_event:SE_00998,15.0,metropt3,results/sensor/events.csv,deterministic_chronological_adjacency,Immediate adjacency of nonoverlapping source-local intervals; not causality
sensor_event:SE_00998,PRECEDES,sensor_event:SE_00999,15.0,metropt3,results/sensor/events.csv,deterministic_chronological_adjacency,Immediate adjacency of nonoverlapping source-local intervals; not causality
sensor_event:SE_00999,PRECEDES,sensor_event:SE_01000,20.0,metropt3,results/sensor/events.csv,deterministic_chronological_adjacency,Immediate adjacency of nonoverlapping source-local intervals; not causality
sensor_event:SE_01000,PRECEDES,sensor_event:SE_01001,80.0,metropt3,results/sensor/events.csv,deterministic_chronological_adjacency,Immediate adjacency of nonoverlapping source-local intervals; not causality
sensor_event:SE_01001,PRECEDES,sensor_event:SE_01002,160.0,metropt3,results/sensor/events.csv,deterministic_chronological_adjacency,Immediate adjacency of nonoverlapping source-local intervals; not causality
sensor_event:SE_01002,PRECEDES,sensor_event:SE_01003,15.0,metropt3,results/sensor/events.csv,deterministic_chronological_adjacency,Immediate adjacency of nonoverlapping source-local intervals; not causality
sensor_event:SE_01003,PRECEDES,sensor_event:SE_01004,30.0,metropt3,results/sensor/events.csv,deterministic_chronological_adjacency,Immediate adjacency of nonoverlapping source-local intervals; not causality
sensor_event:SE_01004,PRECEDES,sensor_event:SE_01005,410.0,metropt3,results/sensor/events.csv,deterministic_chronological_adjacency,Immediate adjacency of nonoverlapping source-local intervals; not causality
sensor_event:SE_01005,PRECEDES,sensor_event:SE_01006,15.0,metropt3,results/sensor/events.csv,deterministic_chronological_adjacency,Immediate adjacency of nonoverlapping source-local intervals; not causality
sensor_event:SE_01006,PRECEDES,sensor_event:SE_01007,20.0,metropt3,results/sensor/events.csv,deterministic_chronological_adjacency,Immediate adjacency of nonoverlapping source-local intervals; not causality
sensor_event:SE_01007,PRECEDES,sensor_event:SE_01008,15.0,metropt3,results/sensor/events.csv,deterministic_chronological_adjacency,Immediate adjacency of nonoverlapping source-local intervals; not causality
sensor_event:SE_01008,PRECEDES,sensor_event:SE_01009,65.0,metropt3,results/sensor/events.csv,deterministic_chronological_adjacency,Immediate adjacency of nonoverlapping source-local intervals; not causality
sensor_event:SE_01009,PRECEDES,sensor_event:SE_01010,40.0,metropt3,results/sensor/events.csv,deterministic_chronological_adjacency,Immediate adjacency of nonoverlapping source-local intervals; not causality
sensor_event:SE_01010,PRECEDES,sensor_event:SE_01011,20.0,metropt3,results/sensor/events.csv,deterministic_chronological_adjacency,Immediate adjacency of nonoverlapping source-local intervals; not causality
sensor_event:SE_01011,PRECEDES,sensor_event:SE_01012,65.0,metropt3,results/sensor/events.csv,deterministic_chronological_adjacency,Immediate adjacency of nonoverlapping source-local intervals; not causality
sensor_event:SE_01012,PRECEDES,sensor_event:SE_01013,65.0,metropt3,results/sensor/events.csv,deterministic_chronological_adjacency,Immediate adjacency of nonoverlapping source-local intervals; not causality
sensor_event:SE_01013,PRECEDES,sensor_event:SE_01014,65.0,metropt3,results/sensor/events.csv,deterministic_chronological_adjacency,Immediate adjacency of nonoverlapping source-local intervals; not causality
sensor_event:SE_01014,PRECEDES,sensor_event:SE_01015,15.0,metropt3,results/sensor/events.csv,deterministic_chronological_adjacency,Immediate adjacency of nonoverlapping source-local intervals; not causality
sensor_event:SE_01015,PRECEDES,sensor_event:SE_01016,20.0,metropt3,results/sensor/events.csv,deterministic_chronological_adjacency,Immediate adjacency of nonoverlapping source-local intervals; not causality
sensor_event:SE_01016,PRECEDES,sensor_event:SE_01017,15.0,metropt3,results/sensor/events.csv,deterministic_chronological_adjacency,Immediate adjacency of nonoverlapping source-local intervals; not causality
sensor_event:SE_01017,PRECEDES,sensor_event:SE_01018,15.0,metropt3,results/sensor/events.csv,deterministic_chronological_adjacency,Immediate adjacency of nonoverlapping source-local intervals; not causality
sensor_event:SE_01018,PRECEDES,sensor_event:SE_01019,20.0,metropt3,results/sensor/events.csv,deterministic_chronological_adjacency,Immediate adjacency of nonoverlapping source-local intervals; not causality
sensor_event:SE_01019,PRECEDES,sensor_event:SE_01020,35.0,metropt3,results/sensor/events.csv,deterministic_chronological_adjacency,Immediate adjacency of nonoverlapping source-local intervals; not causality
sensor_event:SE_01020,PRECEDES,sensor_event:SE_01021,60.0,metropt3,results/sensor/events.csv,deterministic_chronological_adjacency,Immediate adjacency of nonoverlapping source-local intervals; not causality
sensor_event:SE_01021,PRECEDES,sensor_event:SE_01022,60.0,metropt3,results/sensor/events.csv,deterministic_chronological_adjacency,Immediate adjacency of nonoverlapping source-local intervals; not causality
sensor_event:SE_01022,PRECEDES,sensor_event:SE_01023,65.0,metropt3,results/sensor/events.csv,deterministic_chronological_adjacency,Immediate adjacency of nonoverlapping source-local intervals; not causality
sensor_event:SE_01023,PRECEDES,sensor_event:SE_01024,15.0,metropt3,results/sensor/events.csv,deterministic_chronological_adjacency,Immediate adjacency of nonoverlapping source-local intervals; not causality
sensor_event:SE_01024,PRECEDES,sensor_event:SE_01025,35.0,metropt3,results/sensor/events.csv,deterministic_chronological_adjacency,Immediate adjacency of nonoverlapping source-local intervals; not causality
sensor_event:SE_01025,PRECEDES,sensor_event:SE_01026,60.0,metropt3,results/sensor/events.csv,deterministic_chronological_adjacency,Immediate adjacency of nonoverlapping source-local intervals; not causality
sensor_event:SE_01026,PRECEDES,sensor_event:SE_01027,535.0,metropt3,results/sensor/events.csv,deterministic_chronological_adjacency,Immediate adjacency of nonoverlapping source-local intervals; not causality
sensor_event:SE_01027,PRECEDES,sensor_event:SE_01028,20.0,metropt3,results/sensor/events.csv,deterministic_chronological_adjacency,Immediate adjacency of nonoverlapping source-local intervals; not causality
sensor_event:SE_01028,PRECEDES,sensor_event:SE_01029,35.0,metropt3,results/sensor/events.csv,deterministic_chronological_adjacency,Immediate adjacency of nonoverlapping source-local intervals; not causality
sensor_event:SE_01029,PRECEDES,sensor_event:SE_01030,20.0,metropt3,results/sensor/events.csv,deterministic_chronological_adjacency,Immediate adjacency of nonoverlapping source-local intervals; not causality
sensor_event:SE_01030,PRECEDES,sensor_event:SE_01031,35.0,metropt3,results/sensor/events.csv,deterministic_chronological_adjacency,Immediate adjacency of nonoverlapping source-local intervals; not causality
sensor_event:SE_01031,PRECEDES,sensor_event:SE_01032,70.0,metropt3,results/sensor/events.csv,deterministic_chronological_adjacency,Immediate adjacency of nonoverlapping source-local intervals; not causality
sensor_event:SE_01032,PRECEDES,sensor_event:SE_01033,20.0,metropt3,results/sensor/events.csv,deterministic_chronological_adjacency,Immediate adjacency of nonoverlapping source-local intervals; not causality
sensor_event:SE_01033,PRECEDES,sensor_event:SE_01034,25.0,metropt3,results/sensor/events.csv,deterministic_chronological_adjacency,Immediate adjacency of nonoverlapping source-local intervals; not causality
sensor_event:SE_01034,PRECEDES,sensor_event:SE_01035,15.0,metropt3,results/sensor/events.csv,deterministic_chronological_adjacency,Immediate adjacency of nonoverlapping source-local intervals; not causality
sensor_event:SE_01035,PRECEDES,sensor_event:SE_01036,20.0,metropt3,results/sensor/events.csv,deterministic_chronological_adjacency,Immediate adjacency of nonoverlapping source-local intervals; not causality
sensor_event:SE_01036,PRECEDES,sensor_event:SE_01037,15.0,metropt3,results/sensor/events.csv,deterministic_chronological_adjacency,Immediate adjacency of nonoverlapping source-local intervals; not causality
sensor_event:SE_01037,PRECEDES,sensor_event:SE_01038,15.0,metropt3,results/sensor/events.csv,deterministic_chronological_adjacency,Immediate adjacency of nonoverlapping source-local intervals; not causality
sensor_event:SE_01038,PRECEDES,sensor_event:SE_01039,15.0,metropt3,results/sensor/events.csv,deterministic_chronological_adjacency,Immediate adjacency of nonoverlapping source-local intervals; not causality
sensor_event:SE_01039,PRECEDES,sensor_event:SE_01040,20.0,metropt3,results/sensor/events.csv,deterministic_chronological_adjacency,Immediate adjacency of nonoverlapping source-local intervals; not causality
sensor_event:SE_01040,PRECEDES,sensor_event:SE_01041,15.0,metropt3,results/sensor/events.csv,deterministic_chronological_adjacency,Immediate adjacency of nonoverlapping source-local intervals; not causality
sensor_event:SE_01041,PRECEDES,sensor_event:SE_01042,35.0,metropt3,results/sensor/events.csv,deterministic_chronological_adjacency,Immediate adjacency of nonoverlapping source-local intervals; not causality
sensor_event:SE_01042,PRECEDES,sensor_event:SE_01043,15.0,metropt3,results/sensor/events.csv,deterministic_chronological_adjacency,Immediate adjacency of nonoverlapping source-local intervals; not causality
sensor_event:SE_01043,PRECEDES,sensor_event:SE_01044,20.0,metropt3,results/sensor/events.csv,deterministic_chronological_adjacency,Immediate adjacency of nonoverlapping source-local intervals; not causality
sensor_event:SE_01044,PRECEDES,sensor_event:SE_01045,45.0,metropt3,results/sensor/events.csv,deterministic_chronological_adjacency,Immediate adjacency of nonoverlapping source-local intervals; not causality
sensor_event:SE_01045,PRECEDES,sensor_event:SE_01046,460.0,metropt3,results/sensor/events.csv,deterministic_chronological_adjacency,Immediate adjacency of nonoverlapping source-local intervals; not causality
sensor_event:SE_01046,PRECEDES,sensor_event:SE_01047,20.0,metropt3,results/sensor/events.csv,deterministic_chronological_adjacency,Immediate adjacency of nonoverlapping source-local intervals; not causality
sensor_event:SE_01047,PRECEDES,sensor_event:SE_01048,15.0,metropt3,results/sensor/events.csv,deterministic_chronological_adjacency,Immediate adjacency of nonoverlapping source-local intervals; not causality
sensor_event:SE_01048,PRECEDES,sensor_event:SE_01049,20.0,metropt3,results/sensor/events.csv,deterministic_chronological_adjacency,Immediate adjacency of nonoverlapping source-local intervals; not causality
sensor_event:SE_01049,PRECEDES,sensor_event:SE_01050,15.0,metropt3,results/sensor/events.csv,deterministic_chronological_adjacency,Immediate adjacency of nonoverlapping source-local intervals; not causality
sensor_event:SE_01050,PRECEDES,sensor_event:SE_01051,35.0,metropt3,results/sensor/events.csv,deterministic_chronological_adjacency,Immediate adjacency of nonoverlapping source-local intervals; not causality
sensor_event:SE_01051,PRECEDES,sensor_event:SE_01052,20.0,metropt3,results/sensor/events.csv,deterministic_chronological_adjacency,Immediate adjacency of nonoverlapping source-local intervals; not causality
sensor_event:SE_01052,PRECEDES,sensor_event:SE_01053,60.0,metropt3,results/sensor/events.csv,deterministic_chronological_adjacency,Immediate adjacency of nonoverlapping source-local intervals; not causality
sensor_event:SE_01053,PRECEDES,sensor_event:SE_01054,615.0,metropt3,results/sensor/events.csv,deterministic_chronological_adjacency,Immediate adjacency of nonoverlapping source-local intervals; not causality
sensor_event:SE_01054,PRECEDES,sensor_event:SE_01055,185.0,metropt3,results/sensor/events.csv,deterministic_chronological_adjacency,Immediate adjacency of nonoverlapping source-local intervals; not causality
sensor_event:SE_01055,PRECEDES,sensor_event:SE_01056,65.0,metropt3,results/sensor/events.csv,deterministic_chronological_adjacency,Immediate adjacency of nonoverlapping source-local intervals; not causality
sensor_event:SE_01056,PRECEDES,sensor_event:SE_01057,185.0,metropt3,results/sensor/events.csv,deterministic_chronological_adjacency,Immediate adjacency of nonoverlapping source-local intervals; not causality
sensor_event:SE_01057,PRECEDES,sensor_event:SE_01058,40.0,metropt3,results/sensor/events.csv,deterministic_chronological_adjacency,Immediate adjacency of nonoverlapping source-local intervals; not causality
sensor_event:SE_01058,PRECEDES,sensor_event:SE_01059,40.0,metropt3,results/sensor/events.csv,deterministic_chronological_adjacency,Immediate adjacency of nonoverlapping source-local intervals; not causality
sensor_event:SE_01059,PRECEDES,sensor_event:SE_01060,15.0,metropt3,results/sensor/events.csv,deterministic_chronological_adjacency,Immediate adjacency of nonoverlapping source-local intervals; not causality
sensor_event:SE_01060,PRECEDES,sensor_event:SE_01061,15.0,metropt3,results/sensor/events.csv,deterministic_chronological_adjacency,Immediate adjacency of nonoverlapping source-local intervals; not causality
sensor_event:SE_01061,PRECEDES,sensor_event:SE_01062,20.0,metropt3,results/sensor/events.csv,deterministic_chronological_adjacency,Immediate adjacency of nonoverlapping source-local intervals; not causality
sensor_event:SE_01062,PRECEDES,sensor_event:SE_01063,55.0,metropt3,results/sensor/events.csv,deterministic_chronological_adjacency,Immediate adjacency of nonoverlapping source-local intervals; not causality
sensor_event:SE_01063,PRECEDES,sensor_event:SE_01064,40.0,metropt3,results/sensor/events.csv,deterministic_chronological_adjacency,Immediate adjacency of nonoverlapping source-local intervals; not causality
sensor_event:SE_01064,PRECEDES,sensor_event:SE_01065,15.0,metropt3,results/sensor/events.csv,deterministic_chronological_adjacency,Immediate adjacency of nonoverlapping source-local intervals; not causality
sensor_event:SE_01065,PRECEDES,sensor_event:SE_01066,40.0,metropt3,results/sensor/events.csv,deterministic_chronological_adjacency,Immediate adjacency of nonoverlapping source-local intervals; not causality
sensor_event:SE_01066,PRECEDES,sensor_event:SE_01067,40.0,metropt3,results/sensor/events.csv,deterministic_chronological_adjacency,Immediate adjacency of nonoverlapping source-local intervals; not causality
sensor_event:SE_01067,PRECEDES,sensor_event:SE_01068,15.0,metropt3,results/sensor/events.csv,deterministic_chronological_adjacency,Immediate adjacency of nonoverlapping source-local intervals; not causality
sensor_event:SE_01068,PRECEDES,sensor_event:SE_01069,15.0,metropt3,results/sensor/events.csv,deterministic_chronological_adjacency,Immediate adjacency of nonoverlapping source-local intervals; not causality
sensor_event:SE_01069,PRECEDES,sensor_event:SE_01070,20.0,metropt3,results/sensor/events.csv,deterministic_chronological_adjacency,Immediate adjacency of nonoverlapping source-local intervals; not causality
sensor_event:SE_01070,PRECEDES,sensor_event:SE_01071,20.0,metropt3,results/sensor/events.csv,deterministic_chronological_adjacency,Immediate adjacency of nonoverlapping source-local intervals; not causality
sensor_event:SE_01071,PRECEDES,sensor_event:SE_01072,20.0,metropt3,results/sensor/events.csv,deterministic_chronological_adjacency,Immediate adjacency of nonoverlapping source-local intervals; not causality
sensor_event:SE_01072,PRECEDES,sensor_event:SE_01073,25.0,metropt3,results/sensor/events.csv,deterministic_chronological_adjacency,Immediate adjacency of nonoverlapping source-local intervals; not causality
sensor_event:SE_01073,PRECEDES,sensor_event:SE_01074,35.0,metropt3,results/sensor/events.csv,deterministic_chronological_adjacency,Immediate adjacency of nonoverlapping source-local intervals; not causality
sensor_event:SE_01074,PRECEDES,sensor_event:SE_01075,20.0,metropt3,results/sensor/events.csv,deterministic_chronological_adjacency,Immediate adjacency of nonoverlapping source-local intervals; not causality
sensor_event:SE_01075,PRECEDES,sensor_event:SE_01076,30.0,metropt3,results/sensor/events.csv,deterministic_chronological_adjacency,Immediate adjacency of nonoverlapping source-local intervals; not causality
sensor_event:SE_01076,PRECEDES,sensor_event:SE_01077,20.0,metropt3,results/sensor/events.csv,deterministic_chronological_adjacency,Immediate adjacency of nonoverlapping source-local intervals; not causality
sensor_event:SE_01077,PRECEDES,sensor_event:SE_01078,35.0,metropt3,results/sensor/events.csv,deterministic_chronological_adjacency,Immediate adjacency of nonoverlapping source-local intervals; not causality
sensor_event:SE_01078,PRECEDES,sensor_event:SE_01079,20.0,metropt3,results/sensor/events.csv,deterministic_chronological_adjacency,Immediate adjacency of nonoverlapping source-local intervals; not causality
sensor_event:SE_01079,PRECEDES,sensor_event:SE_01080,30.0,metropt3,results/sensor/events.csv,deterministic_chronological_adjacency,Immediate adjacency of nonoverlapping source-local intervals; not causality
sensor_event:SE_01080,PRECEDES,sensor_event:SE_01081,20.0,metropt3,results/sensor/events.csv,deterministic_chronological_adjacency,Immediate adjacency of nonoverlapping source-local intervals; not causality
sensor_event:SE_01081,PRECEDES,sensor_event:SE_01082,525.0,metropt3,results/sensor/events.csv,deterministic_chronological_adjacency,Immediate adjacency of nonoverlapping source-local intervals; not causality
sensor_event:SE_01082,PRECEDES,sensor_event:SE_01083,155.0,metropt3,results/sensor/events.csv,deterministic_chronological_adjacency,Immediate adjacency of nonoverlapping source-local intervals; not causality
sensor_event:SE_01083,PRECEDES,sensor_event:SE_01084,35.0,metropt3,results/sensor/events.csv,deterministic_chronological_adjacency,Immediate adjacency of nonoverlapping source-local intervals; not causality
sensor_event:SE_01084,PRECEDES,sensor_event:SE_01085,20.0,metropt3,results/sensor/events.csv,deterministic_chronological_adjacency,Immediate adjacency of nonoverlapping source-local intervals; not causality
sensor_event:SE_01085,PRECEDES,sensor_event:SE_01086,60.0,metropt3,results/sensor/events.csv,deterministic_chronological_adjacency,Immediate adjacency of nonoverlapping source-local intervals; not causality
sensor_event:SE_01086,PRECEDES,sensor_event:SE_01087,60.0,metropt3,results/sensor/events.csv,deterministic_chronological_adjacency,Immediate adjacency of nonoverlapping source-local intervals; not causality
sensor_event:SE_01087,PRECEDES,sensor_event:SE_01088,60.0,metropt3,results/sensor/events.csv,deterministic_chronological_adjacency,Immediate adjacency of nonoverlapping source-local intervals; not causality
sensor_event:SE_01088,PRECEDES,sensor_event:SE_01089,60.0,metropt3,results/sensor/events.csv,deterministic_chronological_adjacency,Immediate adjacency of nonoverlapping source-local intervals; not causality
sensor_event:SE_01089,PRECEDES,sensor_event:SE_01090,15.0,metropt3,results/sensor/events.csv,deterministic_chronological_adjacency,Immediate adjacency of nonoverlapping source-local intervals; not causality
sensor_event:SE_01090,PRECEDES,sensor_event:SE_01091,40.0,metropt3,results/sensor/events.csv,deterministic_chronological_adjacency,Immediate adjacency of nonoverlapping source-local intervals; not causality
sensor_event:SE_01091,PRECEDES,sensor_event:SE_01092,15.0,metropt3,results/sensor/events.csv,deterministic_chronological_adjacency,Immediate adjacency of nonoverlapping source-local intervals; not causality
sensor_event:SE_01092,PRECEDES,sensor_event:SE_01093,20.0,metropt3,results/sensor/events.csv,deterministic_chronological_adjacency,Immediate adjacency of nonoverlapping source-local intervals; not causality
sensor_event:SE_01093,PRECEDES,sensor_event:SE_01094,20.0,metropt3,results/sensor/events.csv,deterministic_chronological_adjacency,Immediate adjacency of nonoverlapping source-local intervals; not causality
sensor_event:SE_01094,PRECEDES,sensor_event:SE_01095,20.0,metropt3,results/sensor/events.csv,deterministic_chronological_adjacency,Immediate adjacency of nonoverlapping source-local intervals; not causality
sensor_event:SE_01095,PRECEDES,sensor_event:SE_01096,20.0,metropt3,results/sensor/events.csv,deterministic_chronological_adjacency,Immediate adjacency of nonoverlapping source-local intervals; not causality
sensor_event:SE_01096,PRECEDES,sensor_event:SE_01097,20.0,metropt3,results/sensor/events.csv,deterministic_chronological_adjacency,Immediate adjacency of nonoverlapping source-local intervals; not causality
sensor_event:SE_01097,PRECEDES,sensor_event:SE_01098,20.0,metropt3,results/sensor/events.csv,deterministic_chronological_adjacency,Immediate adjacency of nonoverlapping source-local intervals; not causality
sensor_event:SE_01098,PRECEDES,sensor_event:SE_01099,20.0,metropt3,results/sensor/events.csv,deterministic_chronological_adjacency,Immediate adjacency of nonoverlapping source-local intervals; not causality
sensor_event:SE_01099,PRECEDES,sensor_event:SE_01100,15.0,metropt3,results/sensor/events.csv,deterministic_chronological_adjacency,Immediate adjacency of nonoverlapping source-local intervals; not causality
sensor_event:SE_01100,PRECEDES,sensor_event:SE_01101,175.0,metropt3,results/sensor/events.csv,deterministic_chronological_adjacency,Immediate adjacency of nonoverlapping source-local intervals; not causality
sensor_event:SE_01101,PRECEDES,sensor_event:SE_01102,75.0,metropt3,results/sensor/events.csv,deterministic_chronological_adjacency,Immediate adjacency of nonoverlapping source-local intervals; not causality
sensor_event:SE_01102,PRECEDES,sensor_event:SE_01103,155.0,metropt3,results/sensor/events.csv,deterministic_chronological_adjacency,Immediate adjacency of nonoverlapping source-local intervals; not causality
sensor_event:SE_01103,PRECEDES,sensor_event:SE_01104,20.0,metropt3,results/sensor/events.csv,deterministic_chronological_adjacency,Immediate adjacency of nonoverlapping source-local intervals; not causality
sensor_event:SE_01104,PRECEDES,sensor_event:SE_01105,170.0,metropt3,results/sensor/events.csv,deterministic_chronological_adjacency,Immediate adjacency of nonoverlapping source-local intervals; not causality
sensor_event:SE_01105,PRECEDES,sensor_event:SE_01106,45.0,metropt3,results/sensor/events.csv,deterministic_chronological_adjacency,Immediate adjacency of nonoverlapping source-local intervals; not causality
sensor_event:SE_01106,PRECEDES,sensor_event:SE_01107,20.0,metropt3,results/sensor/events.csv,deterministic_chronological_adjacency,Immediate adjacency of nonoverlapping source-local intervals; not causality
sensor_event:SE_01107,PRECEDES,sensor_event:SE_01108,15.0,metropt3,results/sensor/events.csv,deterministic_chronological_adjacency,Immediate adjacency of nonoverlapping source-local intervals; not causality
sensor_event:SE_01108,PRECEDES,sensor_event:SE_01109,50.0,metropt3,results/sensor/events.csv,deterministic_chronological_adjacency,Immediate adjacency of nonoverlapping source-local intervals; not causality
sensor_event:SE_01109,PRECEDES,sensor_event:SE_01110,20.0,metropt3,results/sensor/events.csv,deterministic_chronological_adjacency,Immediate adjacency of nonoverlapping source-local intervals; not causality
sensor_event:SE_01110,PRECEDES,sensor_event:SE_01111,60.0,metropt3,results/sensor/events.csv,deterministic_chronological_adjacency,Immediate adjacency of nonoverlapping source-local intervals; not causality
sensor_event:SE_01111,PRECEDES,sensor_event:SE_01112,60.0,metropt3,results/sensor/events.csv,deterministic_chronological_adjacency,Immediate adjacency of nonoverlapping source-local intervals; not causality
sensor_event:SE_01112,PRECEDES,sensor_event:SE_01113,230.0,metropt3,results/sensor/events.csv,deterministic_chronological_adjacency,Immediate adjacency of nonoverlapping source-local intervals; not causality
sensor_event:SE_01113,PRECEDES,sensor_event:SE_01114,60.0,metropt3,results/sensor/events.csv,deterministic_chronological_adjacency,Immediate adjacency of nonoverlapping source-local intervals; not causality
sensor_event:SE_01114,PRECEDES,sensor_event:SE_01115,1295.0,metropt3,results/sensor/events.csv,deterministic_chronological_adjacency,Immediate adjacency of nonoverlapping source-local intervals; not causality
sensor_event:SE_01115,PRECEDES,sensor_event:SE_01116,40.0,metropt3,results/sensor/events.csv,deterministic_chronological_adjacency,Immediate adjacency of nonoverlapping source-local intervals; not causality
sensor_event:SE_01116,PRECEDES,sensor_event:SE_01117,15.0,metropt3,results/sensor/events.csv,deterministic_chronological_adjacency,Immediate adjacency of nonoverlapping source-local intervals; not causality
sensor_event:SE_01117,PRECEDES,sensor_event:SE_01118,15.0,metropt3,results/sensor/events.csv,deterministic_chronological_adjacency,Immediate adjacency of nonoverlapping source-local intervals; not causality
sensor_event:SE_01118,PRECEDES,sensor_event:SE_01119,15.0,metropt3,results/sensor/events.csv,deterministic_chronological_adjacency,Immediate adjacency of nonoverlapping source-local intervals; not causality
sensor_event:SE_01119,PRECEDES,sensor_event:SE_01120,15.0,metropt3,results/sensor/events.csv,deterministic_chronological_adjacency,Immediate adjacency of nonoverlapping source-local intervals; not causality
sensor_event:SE_01120,PRECEDES,sensor_event:SE_01121,15.0,metropt3,results/sensor/events.csv,deterministic_chronological_adjacency,Immediate adjacency of nonoverlapping source-local intervals; not causality
sensor_event:SE_01121,PRECEDES,sensor_event:SE_01122,715.0,metropt3,results/sensor/events.csv,deterministic_chronological_adjacency,Immediate adjacency of nonoverlapping source-local intervals; not causality
sensor_event:SE_01122,PRECEDES,sensor_event:SE_01123,60.0,metropt3,results/sensor/events.csv,deterministic_chronological_adjacency,Immediate adjacency of nonoverlapping source-local intervals; not causality
sensor_event:SE_01123,PRECEDES,sensor_event:SE_01124,35.0,metropt3,results/sensor/events.csv,deterministic_chronological_adjacency,Immediate adjacency of nonoverlapping source-local intervals; not causality
sensor_event:SE_01124,PRECEDES,sensor_event:SE_01125,55.0,metropt3,results/sensor/events.csv,deterministic_chronological_adjacency,Immediate adjacency of nonoverlapping source-local intervals; not causality
sensor_event:SE_01125,PRECEDES,sensor_event:SE_01126,30.0,metropt3,results/sensor/events.csv,deterministic_chronological_adjacency,Immediate adjacency of nonoverlapping source-local intervals; not causality
sensor_event:SE_01126,PRECEDES,sensor_event:SE_01127,15.0,metropt3,results/sensor/events.csv,deterministic_chronological_adjacency,Immediate adjacency of nonoverlapping source-local intervals; not causality
sensor_event:SE_01127,PRECEDES,sensor_event:SE_01128,30.0,metropt3,results/sensor/events.csv,deterministic_chronological_adjacency,Immediate adjacency of nonoverlapping source-local intervals; not causality
sensor_event:SE_01128,PRECEDES,sensor_event:SE_01129,15.0,metropt3,results/sensor/events.csv,deterministic_chronological_adjacency,Immediate adjacency of nonoverlapping source-local intervals; not causality
sensor_event:SE_01129,PRECEDES,sensor_event:SE_01130,55.0,metropt3,results/sensor/events.csv,deterministic_chronological_adjacency,Immediate adjacency of nonoverlapping source-local intervals; not causality
sensor_event:SE_01130,PRECEDES,sensor_event:SE_01131,20.0,metropt3,results/sensor/events.csv,deterministic_chronological_adjacency,Immediate adjacency of nonoverlapping source-local intervals; not causality
sensor_event:SE_01131,PRECEDES,sensor_event:SE_01132,30.0,metropt3,results/sensor/events.csv,deterministic_chronological_adjacency,Immediate adjacency of nonoverlapping source-local intervals; not causality
sensor_event:SE_01132,PRECEDES,sensor_event:SE_01133,55.0,metropt3,results/sensor/events.csv,deterministic_chronological_adjacency,Immediate adjacency of nonoverlapping source-local intervals; not causality
sensor_event:SE_01133,PRECEDES,sensor_event:SE_01134,15.0,metropt3,results/sensor/events.csv,deterministic_chronological_adjacency,Immediate adjacency of nonoverlapping source-local intervals; not causality
sensor_event:SE_01134,PRECEDES,sensor_event:SE_01135,20.0,metropt3,results/sensor/events.csv,deterministic_chronological_adjacency,Immediate adjacency of nonoverlapping source-local intervals; not causality
sensor_event:SE_01135,PRECEDES,sensor_event:SE_01136,15.0,metropt3,results/sensor/events.csv,deterministic_chronological_adjacency,Immediate adjacency of nonoverlapping source-local intervals; not causality
sensor_event:SE_01136,PRECEDES,sensor_event:SE_01137,20.0,metropt3,results/sensor/events.csv,deterministic_chronological_adjacency,Immediate adjacency of nonoverlapping source-local intervals; not causality
sensor_event:SE_01137,PRECEDES,sensor_event:SE_01138,15.0,metropt3,results/sensor/events.csv,deterministic_chronological_adjacency,Immediate adjacency of nonoverlapping source-local intervals; not causality
sensor_event:SE_01138,PRECEDES,sensor_event:SE_01139,20.0,metropt3,results/sensor/events.csv,deterministic_chronological_adjacency,Immediate adjacency of nonoverlapping source-local intervals; not causality
sensor_event:SE_01139,PRECEDES,sensor_event:SE_01140,15.0,metropt3,results/sensor/events.csv,deterministic_chronological_adjacency,Immediate adjacency of nonoverlapping source-local intervals; not causality
sensor_event:SE_01140,PRECEDES,sensor_event:SE_01141,15.0,metropt3,results/sensor/events.csv,deterministic_chronological_adjacency,Immediate adjacency of nonoverlapping source-local intervals; not causality
sensor_event:SE_01141,PRECEDES,sensor_event:SE_01142,15.0,metropt3,results/sensor/events.csv,deterministic_chronological_adjacency,Immediate adjacency of nonoverlapping source-local intervals; not causality
sensor_event:SE_01142,PRECEDES,sensor_event:SE_01143,20.0,metropt3,results/sensor/events.csv,deterministic_chronological_adjacency,Immediate adjacency of nonoverlapping source-local intervals; not causality
sensor_event:SE_01143,PRECEDES,sensor_event:SE_01144,30.0,metropt3,results/sensor/events.csv,deterministic_chronological_adjacency,Immediate adjacency of nonoverlapping source-local intervals; not causality
sensor_event:SE_01144,PRECEDES,sensor_event:SE_01145,40.0,metropt3,results/sensor/events.csv,deterministic_chronological_adjacency,Immediate adjacency of nonoverlapping source-local intervals; not causality
sensor_event:SE_01145,PRECEDES,sensor_event:SE_01146,15.0,metropt3,results/sensor/events.csv,deterministic_chronological_adjacency,Immediate adjacency of nonoverlapping source-local intervals; not causality
sensor_event:SE_01146,PRECEDES,sensor_event:SE_01147,315.0,metropt3,results/sensor/events.csv,deterministic_chronological_adjacency,Immediate adjacency of nonoverlapping source-local intervals; not causality
sensor_event:SE_01147,PRECEDES,sensor_event:SE_01148,470.0,metropt3,results/sensor/events.csv,deterministic_chronological_adjacency,Immediate adjacency of nonoverlapping source-local intervals; not causality
sensor_event:SE_01148,PRECEDES,sensor_event:SE_01149,70.0,metropt3,results/sensor/events.csv,deterministic_chronological_adjacency,Immediate adjacency of nonoverlapping source-local intervals; not causality
sensor_event:SE_01149,PRECEDES,sensor_event:SE_01150,20.0,metropt3,results/sensor/events.csv,deterministic_chronological_adjacency,Immediate adjacency of nonoverlapping source-local intervals; not causality
sensor_event:SE_01150,PRECEDES,sensor_event:SE_01151,35.0,metropt3,results/sensor/events.csv,deterministic_chronological_adjacency,Immediate adjacency of nonoverlapping source-local intervals; not causality
sensor_event:SE_01151,PRECEDES,sensor_event:SE_01152,60.0,metropt3,results/sensor/events.csv,deterministic_chronological_adjacency,Immediate adjacency of nonoverlapping source-local intervals; not causality
sensor_event:SE_01152,PRECEDES,sensor_event:SE_01153,15.0,metropt3,results/sensor/events.csv,deterministic_chronological_adjacency,Immediate adjacency of nonoverlapping source-local intervals; not causality
sensor_event:SE_01153,PRECEDES,sensor_event:SE_01154,55.0,metropt3,results/sensor/events.csv,deterministic_chronological_adjacency,Immediate adjacency of nonoverlapping source-local intervals; not causality
sensor_event:SE_01154,PRECEDES,sensor_event:SE_01155,20.0,metropt3,results/sensor/events.csv,deterministic_chronological_adjacency,Immediate adjacency of nonoverlapping source-local intervals; not causality
sensor_event:SE_01155,PRECEDES,sensor_event:SE_01156,30.0,metropt3,results/sensor/events.csv,deterministic_chronological_adjacency,Immediate adjacency of nonoverlapping source-local intervals; not causality
sensor_event:SE_01156,PRECEDES,sensor_event:SE_01157,15.0,metropt3,results/sensor/events.csv,deterministic_chronological_adjacency,Immediate adjacency of nonoverlapping source-local intervals; not causality
sensor_event:SE_01157,PRECEDES,sensor_event:SE_01158,15.0,metropt3,results/sensor/events.csv,deterministic_chronological_adjacency,Immediate adjacency of nonoverlapping source-local intervals; not causality
sensor_event:SE_01158,PRECEDES,sensor_event:SE_01159,15.0,metropt3,results/sensor/events.csv,deterministic_chronological_adjacency,Immediate adjacency of nonoverlapping source-local intervals; not causality
sensor_event:SE_01159,PRECEDES,sensor_event:SE_01160,65.0,metropt3,results/sensor/events.csv,deterministic_chronological_adjacency,Immediate adjacency of nonoverlapping source-local intervals; not causality
sensor_event:SE_01160,PRECEDES,sensor_event:SE_01161,30.0,metropt3,results/sensor/events.csv,deterministic_chronological_adjacency,Immediate adjacency of nonoverlapping source-local intervals; not causality
sensor_event:SE_01161,PRECEDES,sensor_event:SE_01162,15.0,metropt3,results/sensor/events.csv,deterministic_chronological_adjacency,Immediate adjacency of nonoverlapping source-local intervals; not causality
sensor_event:SE_01162,PRECEDES,sensor_event:SE_01163,30.0,metropt3,results/sensor/events.csv,deterministic_chronological_adjacency,Immediate adjacency of nonoverlapping source-local intervals; not causality
sensor_event:SE_01163,PRECEDES,sensor_event:SE_01164,630.0,metropt3,results/sensor/events.csv,deterministic_chronological_adjacency,Immediate adjacency of nonoverlapping source-local intervals; not causality
sensor_event:SE_01164,PRECEDES,sensor_event:SE_01165,30.0,metropt3,results/sensor/events.csv,deterministic_chronological_adjacency,Immediate adjacency of nonoverlapping source-local intervals; not causality
sensor_event:SE_01165,PRECEDES,sensor_event:SE_01166,15.0,metropt3,results/sensor/events.csv,deterministic_chronological_adjacency,Immediate adjacency of nonoverlapping source-local intervals; not causality
sensor_event:SE_01166,PRECEDES,sensor_event:SE_01167,25.0,metropt3,results/sensor/events.csv,deterministic_chronological_adjacency,Immediate adjacency of nonoverlapping source-local intervals; not causality
sensor_event:SE_01167,PRECEDES,sensor_event:SE_01168,110.0,metropt3,results/sensor/events.csv,deterministic_chronological_adjacency,Immediate adjacency of nonoverlapping source-local intervals; not causality
sensor_event:SE_01168,PRECEDES,sensor_event:SE_01169,125.0,metropt3,results/sensor/events.csv,deterministic_chronological_adjacency,Immediate adjacency of nonoverlapping source-local intervals; not causality
sensor_event:SE_01169,PRECEDES,sensor_event:SE_01170,30.0,metropt3,results/sensor/events.csv,deterministic_chronological_adjacency,Immediate adjacency of nonoverlapping source-local intervals; not causality
sensor_event:SE_01170,PRECEDES,sensor_event:SE_01171,80.0,metropt3,results/sensor/events.csv,deterministic_chronological_adjacency,Immediate adjacency of nonoverlapping source-local intervals; not causality
sensor_event:SE_01171,PRECEDES,sensor_event:SE_01172,55.0,metropt3,results/sensor/events.csv,deterministic_chronological_adjacency,Immediate adjacency of nonoverlapping source-local intervals; not causality
sensor_event:SE_01172,PRECEDES,sensor_event:SE_01173,35.0,metropt3,results/sensor/events.csv,deterministic_chronological_adjacency,Immediate adjacency of nonoverlapping source-local intervals; not causality
sensor_event:SE_01173,PRECEDES,sensor_event:SE_01174,35.0,metropt3,results/sensor/events.csv,deterministic_chronological_adjacency,Immediate adjacency of nonoverlapping source-local intervals; not causality
sensor_event:SE_01174,PRECEDES,sensor_event:SE_01175,20.0,metropt3,results/sensor/events.csv,deterministic_chronological_adjacency,Immediate adjacency of nonoverlapping source-local intervals; not causality
sensor_event:SE_01175,PRECEDES,sensor_event:SE_01176,95.0,metropt3,results/sensor/events.csv,deterministic_chronological_adjacency,Immediate adjacency of nonoverlapping source-local intervals; not causality
sensor_event:SE_01176,PRECEDES,sensor_event:SE_01177,15.0,metropt3,results/sensor/events.csv,deterministic_chronological_adjacency,Immediate adjacency of nonoverlapping source-local intervals; not causality
sensor_event:SE_01177,PRECEDES,sensor_event:SE_01178,15.0,metropt3,results/sensor/events.csv,deterministic_chronological_adjacency,Immediate adjacency of nonoverlapping source-local intervals; not causality
sensor_event:SE_01178,PRECEDES,sensor_event:SE_01179,60.0,metropt3,results/sensor/events.csv,deterministic_chronological_adjacency,Immediate adjacency of nonoverlapping source-local intervals; not causality
sensor_event:SE_01179,PRECEDES,sensor_event:SE_01180,35.0,metropt3,results/sensor/events.csv,deterministic_chronological_adjacency,Immediate adjacency of nonoverlapping source-local intervals; not causality
sensor_event:SE_01180,PRECEDES,sensor_event:SE_01181,295.0,metropt3,results/sensor/events.csv,deterministic_chronological_adjacency,Immediate adjacency of nonoverlapping source-local intervals; not causality
sensor_event:SE_01181,PRECEDES,sensor_event:SE_01182,1025.0,metropt3,results/sensor/events.csv,deterministic_chronological_adjacency,Immediate adjacency of nonoverlapping source-local intervals; not causality
sensor_event:SE_01182,PRECEDES,sensor_event:SE_01183,45.0,metropt3,results/sensor/events.csv,deterministic_chronological_adjacency,Immediate adjacency of nonoverlapping source-local intervals; not causality
sensor_event:SE_01183,PRECEDES,sensor_event:SE_01184,30.0,metropt3,results/sensor/events.csv,deterministic_chronological_adjacency,Immediate adjacency of nonoverlapping source-local intervals; not causality
sensor_event:SE_01184,PRECEDES,sensor_event:SE_01185,25.0,metropt3,results/sensor/events.csv,deterministic_chronological_adjacency,Immediate adjacency of nonoverlapping source-local intervals; not causality
sensor_event:SE_01185,PRECEDES,sensor_event:SE_01186,30.0,metropt3,results/sensor/events.csv,deterministic_chronological_adjacency,Immediate adjacency of nonoverlapping source-local intervals; not causality
sensor_event:SE_01186,PRECEDES,sensor_event:SE_01187,25.0,metropt3,results/sensor/events.csv,deterministic_chronological_adjacency,Immediate adjacency of nonoverlapping source-local intervals; not causality
sensor_event:SE_01187,PRECEDES,sensor_event:SE_01188,50.0,metropt3,results/sensor/events.csv,deterministic_chronological_adjacency,Immediate adjacency of nonoverlapping source-local intervals; not causality
sensor_event:SE_01188,PRECEDES,sensor_event:SE_01189,45.0,metropt3,results/sensor/events.csv,deterministic_chronological_adjacency,Immediate adjacency of nonoverlapping source-local intervals; not causality
sensor_event:SE_01189,PRECEDES,sensor_event:SE_01190,15.0,metropt3,results/sensor/events.csv,deterministic_chronological_adjacency,Immediate adjacency of nonoverlapping source-local intervals; not causality
sensor_event:SE_01190,PRECEDES,sensor_event:SE_01191,240.0,metropt3,results/sensor/events.csv,deterministic_chronological_adjacency,Immediate adjacency of nonoverlapping source-local intervals; not causality
sensor_event:SE_01191,PRECEDES,sensor_event:SE_01192,75.0,metropt3,results/sensor/events.csv,deterministic_chronological_adjacency,Immediate adjacency of nonoverlapping source-local intervals; not causality
sensor_event:SE_01192,PRECEDES,sensor_event:SE_01193,20.0,metropt3,results/sensor/events.csv,deterministic_chronological_adjacency,Immediate adjacency of nonoverlapping source-local intervals; not causality
sensor_event:SE_01193,PRECEDES,sensor_event:SE_01194,20.0,metropt3,results/sensor/events.csv,deterministic_chronological_adjacency,Immediate adjacency of nonoverlapping source-local intervals; not causality
sensor_event:SE_01194,PRECEDES,sensor_event:SE_01195,15.0,metropt3,results/sensor/events.csv,deterministic_chronological_adjacency,Immediate adjacency of nonoverlapping source-local intervals; not causality
sensor_event:SE_01195,PRECEDES,sensor_event:SE_01196,15.0,metropt3,results/sensor/events.csv,deterministic_chronological_adjacency,Immediate adjacency of nonoverlapping source-local intervals; not causality
sensor_event:SE_01196,PRECEDES,sensor_event:SE_01197,25.0,metropt3,results/sensor/events.csv,deterministic_chronological_adjacency,Immediate adjacency of nonoverlapping source-local intervals; not causality
sensor_event:SE_01197,PRECEDES,sensor_event:SE_01198,15.0,metropt3,results/sensor/events.csv,deterministic_chronological_adjacency,Immediate adjacency of nonoverlapping source-local intervals; not causality
sensor_event:SE_01198,PRECEDES,sensor_event:SE_01199,15.0,metropt3,results/sensor/events.csv,deterministic_chronological_adjacency,Immediate adjacency of nonoverlapping source-local intervals; not causality
sensor_event:SE_01199,PRECEDES,sensor_event:SE_01200,15.0,metropt3,results/sensor/events.csv,deterministic_chronological_adjacency,Immediate adjacency of nonoverlapping source-local intervals; not causality
sensor_event:SE_01200,PRECEDES,sensor_event:SE_01201,15.0,metropt3,results/sensor/events.csv,deterministic_chronological_adjacency,Immediate adjacency of nonoverlapping source-local intervals; not causality
sensor_event:SE_01201,PRECEDES,sensor_event:SE_01202,20.0,metropt3,results/sensor/events.csv,deterministic_chronological_adjacency,Immediate adjacency of nonoverlapping source-local intervals; not causality
sensor_event:SE_01202,PRECEDES,sensor_event:SE_01203,15.0,metropt3,results/sensor/events.csv,deterministic_chronological_adjacency,Immediate adjacency of nonoverlapping source-local intervals; not causality
sensor_event:SE_01203,PRECEDES,sensor_event:SE_01204,15.0,metropt3,results/sensor/events.csv,deterministic_chronological_adjacency,Immediate adjacency of nonoverlapping source-local intervals; not causality
sensor_event:SE_01204,PRECEDES,sensor_event:SE_01205,20.0,metropt3,results/sensor/events.csv,deterministic_chronological_adjacency,Immediate adjacency of nonoverlapping source-local intervals; not causality
sensor_event:SE_01205,PRECEDES,sensor_event:SE_01206,15.0,metropt3,results/sensor/events.csv,deterministic_chronological_adjacency,Immediate adjacency of nonoverlapping source-local intervals; not causality
sensor_event:SE_01206,PRECEDES,sensor_event:SE_01207,15.0,metropt3,results/sensor/events.csv,deterministic_chronological_adjacency,Immediate adjacency of nonoverlapping source-local intervals; not causality
sensor_event:SE_01207,PRECEDES,sensor_event:SE_01208,15.0,metropt3,results/sensor/events.csv,deterministic_chronological_adjacency,Immediate adjacency of nonoverlapping source-local intervals; not causality
sensor_event:SE_01208,PRECEDES,sensor_event:SE_01209,35.0,metropt3,results/sensor/events.csv,deterministic_chronological_adjacency,Immediate adjacency of nonoverlapping source-local intervals; not causality
sensor_event:SE_01209,PRECEDES,sensor_event:SE_01210,15.0,metropt3,results/sensor/events.csv,deterministic_chronological_adjacency,Immediate adjacency of nonoverlapping source-local intervals; not causality
sensor_event:SE_01210,PRECEDES,sensor_event:SE_01211,35.0,metropt3,results/sensor/events.csv,deterministic_chronological_adjacency,Immediate adjacency of nonoverlapping source-local intervals; not causality
sensor_event:SE_01211,PRECEDES,sensor_event:SE_01212,15.0,metropt3,results/sensor/events.csv,deterministic_chronological_adjacency,Immediate adjacency of nonoverlapping source-local intervals; not causality
sensor_event:SE_01212,PRECEDES,sensor_event:SE_01213,30.0,metropt3,results/sensor/events.csv,deterministic_chronological_adjacency,Immediate adjacency of nonoverlapping source-local intervals; not causality
sensor_event:SE_01213,PRECEDES,sensor_event:SE_01214,20.0,metropt3,results/sensor/events.csv,deterministic_chronological_adjacency,Immediate adjacency of nonoverlapping source-local intervals; not causality
sensor_event:SE_01214,PRECEDES,sensor_event:SE_01215,15.0,metropt3,results/sensor/events.csv,deterministic_chronological_adjacency,Immediate adjacency of nonoverlapping source-local intervals; not causality
sensor_event:SE_01215,PRECEDES,sensor_event:SE_01216,265.0,metropt3,results/sensor/events.csv,deterministic_chronological_adjacency,Immediate adjacency of nonoverlapping source-local intervals; not causality
sensor_event:SE_01216,PRECEDES,sensor_event:SE_01217,420.0,metropt3,results/sensor/events.csv,deterministic_chronological_adjacency,Immediate adjacency of nonoverlapping source-local intervals; not causality
sensor_event:SE_01217,PRECEDES,sensor_event:SE_01218,90.0,metropt3,results/sensor/events.csv,deterministic_chronological_adjacency,Immediate adjacency of nonoverlapping source-local intervals; not causality
sensor_event:SE_01218,PRECEDES,sensor_event:SE_01219,45.0,metropt3,results/sensor/events.csv,deterministic_chronological_adjacency,Immediate adjacency of nonoverlapping source-local intervals; not causality
sensor_event:SE_01219,PRECEDES,sensor_event:SE_01220,15.0,metropt3,results/sensor/events.csv,deterministic_chronological_adjacency,Immediate adjacency of nonoverlapping source-local intervals; not causality
sensor_event:SE_01220,PRECEDES,sensor_event:SE_01221,15.0,metropt3,results/sensor/events.csv,deterministic_chronological_adjacency,Immediate adjacency of nonoverlapping source-local intervals; not causality
sensor_event:SE_01221,PRECEDES,sensor_event:SE_01222,35.0,metropt3,results/sensor/events.csv,deterministic_chronological_adjacency,Immediate adjacency of nonoverlapping source-local intervals; not causality
sensor_event:SE_01222,PRECEDES,sensor_event:SE_01223,70.0,metropt3,results/sensor/events.csv,deterministic_chronological_adjacency,Immediate adjacency of nonoverlapping source-local intervals; not causality
sensor_event:SE_01223,PRECEDES,sensor_event:SE_01224,15.0,metropt3,results/sensor/events.csv,deterministic_chronological_adjacency,Immediate adjacency of nonoverlapping source-local intervals; not causality
sensor_event:SE_01224,PRECEDES,sensor_event:SE_01225,20.0,metropt3,results/sensor/events.csv,deterministic_chronological_adjacency,Immediate adjacency of nonoverlapping source-local intervals; not causality
sensor_event:SE_01225,PRECEDES,sensor_event:SE_01226,20.0,metropt3,results/sensor/events.csv,deterministic_chronological_adjacency,Immediate adjacency of nonoverlapping source-local intervals; not causality
sensor_event:SE_01226,PRECEDES,sensor_event:SE_01227,15.0,metropt3,results/sensor/events.csv,deterministic_chronological_adjacency,Immediate adjacency of nonoverlapping source-local intervals; not causality
sensor_event:SE_01227,PRECEDES,sensor_event:SE_01228,15.0,metropt3,results/sensor/events.csv,deterministic_chronological_adjacency,Immediate adjacency of nonoverlapping source-local intervals; not causality
sensor_event:SE_01228,PRECEDES,sensor_event:SE_01229,50.0,metropt3,results/sensor/events.csv,deterministic_chronological_adjacency,Immediate adjacency of nonoverlapping source-local intervals; not causality
sensor_event:SE_01229,PRECEDES,sensor_event:SE_01230,15.0,metropt3,results/sensor/events.csv,deterministic_chronological_adjacency,Immediate adjacency of nonoverlapping source-local intervals; not causality
sensor_event:SE_01230,PRECEDES,sensor_event:SE_01231,45.0,metropt3,results/sensor/events.csv,deterministic_chronological_adjacency,Immediate adjacency of nonoverlapping source-local intervals; not causality
sensor_event:SE_01231,PRECEDES,sensor_event:SE_01232,15.0,metropt3,results/sensor/events.csv,deterministic_chronological_adjacency,Immediate adjacency of nonoverlapping source-local intervals; not causality
sensor_event:SE_01232,PRECEDES,sensor_event:SE_01233,45.0,metropt3,results/sensor/events.csv,deterministic_chronological_adjacency,Immediate adjacency of nonoverlapping source-local intervals; not causality
sensor_event:SE_01233,PRECEDES,sensor_event:SE_01234,20.0,metropt3,results/sensor/events.csv,deterministic_chronological_adjacency,Immediate adjacency of nonoverlapping source-local intervals; not causality
sensor_event:SE_01234,PRECEDES,sensor_event:SE_01235,15.0,metropt3,results/sensor/events.csv,deterministic_chronological_adjacency,Immediate adjacency of nonoverlapping source-local intervals; not causality
sensor_event:SE_01235,PRECEDES,sensor_event:SE_01236,15.0,metropt3,results/sensor/events.csv,deterministic_chronological_adjacency,Immediate adjacency of nonoverlapping source-local intervals; not causality
sensor_event:SE_01236,PRECEDES,sensor_event:SE_01237,20.0,metropt3,results/sensor/events.csv,deterministic_chronological_adjacency,Immediate adjacency of nonoverlapping source-local intervals; not causality
sensor_event:SE_01237,PRECEDES,sensor_event:SE_01238,15.0,metropt3,results/sensor/events.csv,deterministic_chronological_adjacency,Immediate adjacency of nonoverlapping source-local intervals; not causality
sensor_event:SE_01238,PRECEDES,sensor_event:SE_01239,415.0,metropt3,results/sensor/events.csv,deterministic_chronological_adjacency,Immediate adjacency of nonoverlapping source-local intervals; not causality
sensor_event:SE_01239,PRECEDES,sensor_event:SE_01240,15.0,metropt3,results/sensor/events.csv,deterministic_chronological_adjacency,Immediate adjacency of nonoverlapping source-local intervals; not causality
sensor_event:SE_01240,PRECEDES,sensor_event:SE_01241,20.0,metropt3,results/sensor/events.csv,deterministic_chronological_adjacency,Immediate adjacency of nonoverlapping source-local intervals; not causality
sensor_event:SE_01241,PRECEDES,sensor_event:SE_01242,20.0,metropt3,results/sensor/events.csv,deterministic_chronological_adjacency,Immediate adjacency of nonoverlapping source-local intervals; not causality
sensor_event:SE_01242,PRECEDES,sensor_event:SE_01243,15.0,metropt3,results/sensor/events.csv,deterministic_chronological_adjacency,Immediate adjacency of nonoverlapping source-local intervals; not causality
sensor_event:SE_01243,PRECEDES,sensor_event:SE_01244,15.0,metropt3,results/sensor/events.csv,deterministic_chronological_adjacency,Immediate adjacency of nonoverlapping source-local intervals; not causality
sensor_event:SE_01244,PRECEDES,sensor_event:SE_01245,15.0,metropt3,results/sensor/events.csv,deterministic_chronological_adjacency,Immediate adjacency of nonoverlapping source-local intervals; not causality
sensor_event:SE_01245,PRECEDES,sensor_event:SE_01246,35.0,metropt3,results/sensor/events.csv,deterministic_chronological_adjacency,Immediate adjacency of nonoverlapping source-local intervals; not causality
sensor_event:SE_01246,PRECEDES,sensor_event:SE_01247,55.0,metropt3,results/sensor/events.csv,deterministic_chronological_adjacency,Immediate adjacency of nonoverlapping source-local intervals; not causality
sensor_event:SE_01247,PRECEDES,sensor_event:SE_01248,15.0,metropt3,results/sensor/events.csv,deterministic_chronological_adjacency,Immediate adjacency of nonoverlapping source-local intervals; not causality
sensor_event:SE_01248,PRECEDES,sensor_event:SE_01249,20.0,metropt3,results/sensor/events.csv,deterministic_chronological_adjacency,Immediate adjacency of nonoverlapping source-local intervals; not causality
sensor_event:SE_01249,PRECEDES,sensor_event:SE_01250,15.0,metropt3,results/sensor/events.csv,deterministic_chronological_adjacency,Immediate adjacency of nonoverlapping source-local intervals; not causality
sensor_event:SE_01250,PRECEDES,sensor_event:SE_01251,15.0,metropt3,results/sensor/events.csv,deterministic_chronological_adjacency,Immediate adjacency of nonoverlapping source-local intervals; not causality
sensor_event:SE_01251,PRECEDES,sensor_event:SE_01252,30.0,metropt3,results/sensor/events.csv,deterministic_chronological_adjacency,Immediate adjacency of nonoverlapping source-local intervals; not causality
sensor_event:SE_01252,PRECEDES,sensor_event:SE_01253,30.0,metropt3,results/sensor/events.csv,deterministic_chronological_adjacency,Immediate adjacency of nonoverlapping source-local intervals; not causality
sensor_event:SE_01253,PRECEDES,sensor_event:SE_01254,15.0,metropt3,results/sensor/events.csv,deterministic_chronological_adjacency,Immediate adjacency of nonoverlapping source-local intervals; not causality
sensor_event:SE_01254,PRECEDES,sensor_event:SE_01255,45.0,metropt3,results/sensor/events.csv,deterministic_chronological_adjacency,Immediate adjacency of nonoverlapping source-local intervals; not causality
sensor_event:SE_01255,PRECEDES,sensor_event:SE_01256,35.0,metropt3,results/sensor/events.csv,deterministic_chronological_adjacency,Immediate adjacency of nonoverlapping source-local intervals; not causality
sensor_event:SE_01256,PRECEDES,sensor_event:SE_01257,15.0,metropt3,results/sensor/events.csv,deterministic_chronological_adjacency,Immediate adjacency of nonoverlapping source-local intervals; not causality
sensor_event:SE_01257,PRECEDES,sensor_event:SE_01258,15.0,metropt3,results/sensor/events.csv,deterministic_chronological_adjacency,Immediate adjacency of nonoverlapping source-local intervals; not causality
sensor_event:SE_01258,PRECEDES,sensor_event:SE_01259,15.0,metropt3,results/sensor/events.csv,deterministic_chronological_adjacency,Immediate adjacency of nonoverlapping source-local intervals; not causality
sensor_event:SE_01259,PRECEDES,sensor_event:SE_01260,15.0,metropt3,results/sensor/events.csv,deterministic_chronological_adjacency,Immediate adjacency of nonoverlapping source-local intervals; not causality
sensor_event:SE_01260,PRECEDES,sensor_event:SE_01261,40.0,metropt3,results/sensor/events.csv,deterministic_chronological_adjacency,Immediate adjacency of nonoverlapping source-local intervals; not causality
sensor_event:SE_01261,PRECEDES,sensor_event:SE_01262,585.0,metropt3,results/sensor/events.csv,deterministic_chronological_adjacency,Immediate adjacency of nonoverlapping source-local intervals; not causality
sensor_event:SE_01262,PRECEDES,sensor_event:SE_01263,15.0,metropt3,results/sensor/events.csv,deterministic_chronological_adjacency,Immediate adjacency of nonoverlapping source-local intervals; not causality
sensor_event:SE_01263,PRECEDES,sensor_event:SE_01264,15.0,metropt3,results/sensor/events.csv,deterministic_chronological_adjacency,Immediate adjacency of nonoverlapping source-local intervals; not causality
sensor_event:SE_01264,PRECEDES,sensor_event:SE_01265,30.0,metropt3,results/sensor/events.csv,deterministic_chronological_adjacency,Immediate adjacency of nonoverlapping source-local intervals; not causality
sensor_event:SE_01265,PRECEDES,sensor_event:SE_01266,25.0,metropt3,results/sensor/events.csv,deterministic_chronological_adjacency,Immediate adjacency of nonoverlapping source-local intervals; not causality
sensor_event:SE_01266,PRECEDES,sensor_event:SE_01267,30.0,metropt3,results/sensor/events.csv,deterministic_chronological_adjacency,Immediate adjacency of nonoverlapping source-local intervals; not causality
sensor_event:SE_01267,PRECEDES,sensor_event:SE_01268,130.0,metropt3,results/sensor/events.csv,deterministic_chronological_adjacency,Immediate adjacency of nonoverlapping source-local intervals; not causality
sensor_event:SE_01268,PRECEDES,sensor_event:SE_01269,15.0,metropt3,results/sensor/events.csv,deterministic_chronological_adjacency,Immediate adjacency of nonoverlapping source-local intervals; not causality
sensor_event:SE_01269,PRECEDES,sensor_event:SE_01270,15.0,metropt3,results/sensor/events.csv,deterministic_chronological_adjacency,Immediate adjacency of nonoverlapping source-local intervals; not causality
sensor_event:SE_01270,PRECEDES,sensor_event:SE_01271,70.0,metropt3,results/sensor/events.csv,deterministic_chronological_adjacency,Immediate adjacency of nonoverlapping source-local intervals; not causality
sensor_event:SE_01271,PRECEDES,sensor_event:SE_01272,15.0,metropt3,results/sensor/events.csv,deterministic_chronological_adjacency,Immediate adjacency of nonoverlapping source-local intervals; not causality
sensor_event:SE_01272,PRECEDES,sensor_event:SE_01273,15.0,metropt3,results/sensor/events.csv,deterministic_chronological_adjacency,Immediate adjacency of nonoverlapping source-local intervals; not causality
sensor_event:SE_01273,PRECEDES,sensor_event:SE_01274,35.0,metropt3,results/sensor/events.csv,deterministic_chronological_adjacency,Immediate adjacency of nonoverlapping source-local intervals; not causality
sensor_event:SE_01274,PRECEDES,sensor_event:SE_01275,15.0,metropt3,results/sensor/events.csv,deterministic_chronological_adjacency,Immediate adjacency of nonoverlapping source-local intervals; not causality
sensor_event:SE_01275,PRECEDES,sensor_event:SE_01276,15.0,metropt3,results/sensor/events.csv,deterministic_chronological_adjacency,Immediate adjacency of nonoverlapping source-local intervals; not causality
sensor_event:SE_01276,PRECEDES,sensor_event:SE_01277,15.0,metropt3,results/sensor/events.csv,deterministic_chronological_adjacency,Immediate adjacency of nonoverlapping source-local intervals; not causality
sensor_event:SE_01277,PRECEDES,sensor_event:SE_01278,20.0,metropt3,results/sensor/events.csv,deterministic_chronological_adjacency,Immediate adjacency of nonoverlapping source-local intervals; not causality
sensor_event:SE_01278,PRECEDES,sensor_event:SE_01279,15.0,metropt3,results/sensor/events.csv,deterministic_chronological_adjacency,Immediate adjacency of nonoverlapping source-local intervals; not causality
sensor_event:SE_01279,PRECEDES,sensor_event:SE_01280,15.0,metropt3,results/sensor/events.csv,deterministic_chronological_adjacency,Immediate adjacency of nonoverlapping source-local intervals; not causality
sensor_event:SE_01280,PRECEDES,sensor_event:SE_01281,180.0,metropt3,results/sensor/events.csv,deterministic_chronological_adjacency,Immediate adjacency of nonoverlapping source-local intervals; not causality
sensor_event:SE_01281,PRECEDES,sensor_event:SE_01282,15.0,metropt3,results/sensor/events.csv,deterministic_chronological_adjacency,Immediate adjacency of nonoverlapping source-local intervals; not causality
sensor_event:SE_01282,PRECEDES,sensor_event:SE_01283,35.0,metropt3,results/sensor/events.csv,deterministic_chronological_adjacency,Immediate adjacency of nonoverlapping source-local intervals; not causality
sensor_event:SE_01283,PRECEDES,sensor_event:SE_01284,35.0,metropt3,results/sensor/events.csv,deterministic_chronological_adjacency,Immediate adjacency of nonoverlapping source-local intervals; not causality
sensor_event:SE_01284,PRECEDES,sensor_event:SE_01285,15.0,metropt3,results/sensor/events.csv,deterministic_chronological_adjacency,Immediate adjacency of nonoverlapping source-local intervals; not causality
sensor_event:SE_01285,PRECEDES,sensor_event:SE_01286,15.0,metropt3,results/sensor/events.csv,deterministic_chronological_adjacency,Immediate adjacency of nonoverlapping source-local intervals; not causality
sensor_event:SE_01286,PRECEDES,sensor_event:SE_01287,15.0,metropt3,results/sensor/events.csv,deterministic_chronological_adjacency,Immediate adjacency of nonoverlapping source-local intervals; not causality
sensor_event:SE_01287,PRECEDES,sensor_event:SE_01288,15.0,metropt3,results/sensor/events.csv,deterministic_chronological_adjacency,Immediate adjacency of nonoverlapping source-local intervals; not causality
sensor_event:SE_01288,PRECEDES,sensor_event:SE_01289,15.0,metropt3,results/sensor/events.csv,deterministic_chronological_adjacency,Immediate adjacency of nonoverlapping source-local intervals; not causality
sensor_event:SE_01289,PRECEDES,sensor_event:SE_01290,15.0,metropt3,results/sensor/events.csv,deterministic_chronological_adjacency,Immediate adjacency of nonoverlapping source-local intervals; not causality
sensor_event:SE_01290,PRECEDES,sensor_event:SE_01291,15.0,metropt3,results/sensor/events.csv,deterministic_chronological_adjacency,Immediate adjacency of nonoverlapping source-local intervals; not causality
sensor_event:SE_01291,PRECEDES,sensor_event:SE_01292,115.0,metropt3,results/sensor/events.csv,deterministic_chronological_adjacency,Immediate adjacency of nonoverlapping source-local intervals; not causality
sensor_event:SE_01292,PRECEDES,sensor_event:SE_01293,15.0,metropt3,results/sensor/events.csv,deterministic_chronological_adjacency,Immediate adjacency of nonoverlapping source-local intervals; not causality
sensor_event:SE_01293,PRECEDES,sensor_event:SE_01294,15.0,metropt3,results/sensor/events.csv,deterministic_chronological_adjacency,Immediate adjacency of nonoverlapping source-local intervals; not causality
sensor_event:SE_01294,PRECEDES,sensor_event:SE_01295,15.0,metropt3,results/sensor/events.csv,deterministic_chronological_adjacency,Immediate adjacency of nonoverlapping source-local intervals; not causality
sensor_event:SE_01295,PRECEDES,sensor_event:SE_01296,340.0,metropt3,results/sensor/events.csv,deterministic_chronological_adjacency,Immediate adjacency of nonoverlapping source-local intervals; not causality
sensor_event:SE_01296,PRECEDES,sensor_event:SE_01297,455.0,metropt3,results/sensor/events.csv,deterministic_chronological_adjacency,Immediate adjacency of nonoverlapping source-local intervals; not causality
sensor_event:SE_01297,PRECEDES,sensor_event:SE_01298,45.0,metropt3,results/sensor/events.csv,deterministic_chronological_adjacency,Immediate adjacency of nonoverlapping source-local intervals; not causality
sensor_event:SE_01298,PRECEDES,sensor_event:SE_01299,15.0,metropt3,results/sensor/events.csv,deterministic_chronological_adjacency,Immediate adjacency of nonoverlapping source-local intervals; not causality
sensor_event:SE_01299,PRECEDES,sensor_event:SE_01300,15.0,metropt3,results/sensor/events.csv,deterministic_chronological_adjacency,Immediate adjacency of nonoverlapping source-local intervals; not causality
sensor_event:SE_01300,PRECEDES,sensor_event:SE_01301,15.0,metropt3,results/sensor/events.csv,deterministic_chronological_adjacency,Immediate adjacency of nonoverlapping source-local intervals; not causality
sensor_event:SE_01301,PRECEDES,sensor_event:SE_01302,15.0,metropt3,results/sensor/events.csv,deterministic_chronological_adjacency,Immediate adjacency of nonoverlapping source-local intervals; not causality
sensor_event:SE_01302,PRECEDES,sensor_event:SE_01303,15.0,metropt3,results/sensor/events.csv,deterministic_chronological_adjacency,Immediate adjacency of nonoverlapping source-local intervals; not causality
sensor_event:SE_01303,PRECEDES,sensor_event:SE_01304,15.0,metropt3,results/sensor/events.csv,deterministic_chronological_adjacency,Immediate adjacency of nonoverlapping source-local intervals; not causality
sensor_event:SE_01304,PRECEDES,sensor_event:SE_01305,15.0,metropt3,results/sensor/events.csv,deterministic_chronological_adjacency,Immediate adjacency of nonoverlapping source-local intervals; not causality
sensor_event:SE_01305,PRECEDES,sensor_event:SE_01306,15.0,metropt3,results/sensor/events.csv,deterministic_chronological_adjacency,Immediate adjacency of nonoverlapping source-local intervals; not causality
sensor_event:SE_01306,PRECEDES,sensor_event:SE_01307,15.0,metropt3,results/sensor/events.csv,deterministic_chronological_adjacency,Immediate adjacency of nonoverlapping source-local intervals; not causality
sensor_event:SE_01307,PRECEDES,sensor_event:SE_01308,15.0,metropt3,results/sensor/events.csv,deterministic_chronological_adjacency,Immediate adjacency of nonoverlapping source-local intervals; not causality
sensor_event:SE_01308,PRECEDES,sensor_event:SE_01309,15.0,metropt3,results/sensor/events.csv,deterministic_chronological_adjacency,Immediate adjacency of nonoverlapping source-local intervals; not causality
sensor_event:SE_01309,PRECEDES,sensor_event:SE_01310,15.0,metropt3,results/sensor/events.csv,deterministic_chronological_adjacency,Immediate adjacency of nonoverlapping source-local intervals; not causality
sensor_event:SE_01310,PRECEDES,sensor_event:SE_01311,15.0,metropt3,results/sensor/events.csv,deterministic_chronological_adjacency,Immediate adjacency of nonoverlapping source-local intervals; not causality
sensor_event:SE_01311,PRECEDES,sensor_event:SE_01312,65.0,metropt3,results/sensor/events.csv,deterministic_chronological_adjacency,Immediate adjacency of nonoverlapping source-local intervals; not causality
sensor_event:SE_01312,PRECEDES,sensor_event:SE_01313,15.0,metropt3,results/sensor/events.csv,deterministic_chronological_adjacency,Immediate adjacency of nonoverlapping source-local intervals; not causality
sensor_event:SE_01313,PRECEDES,sensor_event:SE_01314,15.0,metropt3,results/sensor/events.csv,deterministic_chronological_adjacency,Immediate adjacency of nonoverlapping source-local intervals; not causality
sensor_event:SE_01314,PRECEDES,sensor_event:SE_01315,15.0,metropt3,results/sensor/events.csv,deterministic_chronological_adjacency,Immediate adjacency of nonoverlapping source-local intervals; not causality
sensor_event:SE_01315,PRECEDES,sensor_event:SE_01316,15.0,metropt3,results/sensor/events.csv,deterministic_chronological_adjacency,Immediate adjacency of nonoverlapping source-local intervals; not causality
sensor_event:SE_01316,PRECEDES,sensor_event:SE_01317,15.0,metropt3,results/sensor/events.csv,deterministic_chronological_adjacency,Immediate adjacency of nonoverlapping source-local intervals; not causality
sensor_event:SE_01317,PRECEDES,sensor_event:SE_01318,15.0,metropt3,results/sensor/events.csv,deterministic_chronological_adjacency,Immediate adjacency of nonoverlapping source-local intervals; not causality
sensor_event:SE_01318,PRECEDES,sensor_event:SE_01319,15.0,metropt3,results/sensor/events.csv,deterministic_chronological_adjacency,Immediate adjacency of nonoverlapping source-local intervals; not causality
sensor_event:SE_01319,PRECEDES,sensor_event:SE_01320,15.0,metropt3,results/sensor/events.csv,deterministic_chronological_adjacency,Immediate adjacency of nonoverlapping source-local intervals; not causality
sensor_event:SE_01320,PRECEDES,sensor_event:SE_01321,15.0,metropt3,results/sensor/events.csv,deterministic_chronological_adjacency,Immediate adjacency of nonoverlapping source-local intervals; not causality
sensor_event:SE_01321,PRECEDES,sensor_event:SE_01322,15.0,metropt3,results/sensor/events.csv,deterministic_chronological_adjacency,Immediate adjacency of nonoverlapping source-local intervals; not causality
sensor_event:SE_01322,PRECEDES,sensor_event:SE_01323,15.0,metropt3,results/sensor/events.csv,deterministic_chronological_adjacency,Immediate adjacency of nonoverlapping source-local intervals; not causality
sensor_event:SE_01323,PRECEDES,sensor_event:SE_01324,30.0,metropt3,results/sensor/events.csv,deterministic_chronological_adjacency,Immediate adjacency of nonoverlapping source-local intervals; not causality
sensor_event:SE_01324,PRECEDES,sensor_event:SE_01325,50.0,metropt3,results/sensor/events.csv,deterministic_chronological_adjacency,Immediate adjacency of nonoverlapping source-local intervals; not causality
sensor_event:SE_01325,PRECEDES,sensor_event:SE_01326,50.0,metropt3,results/sensor/events.csv,deterministic_chronological_adjacency,Immediate adjacency of nonoverlapping source-local intervals; not causality
sensor_event:SE_01326,PRECEDES,sensor_event:SE_01327,15.0,metropt3,results/sensor/events.csv,deterministic_chronological_adjacency,Immediate adjacency of nonoverlapping source-local intervals; not causality
sensor_event:SE_01327,PRECEDES,sensor_event:SE_01328,15.0,metropt3,results/sensor/events.csv,deterministic_chronological_adjacency,Immediate adjacency of nonoverlapping source-local intervals; not causality
sensor_event:SE_01328,PRECEDES,sensor_event:SE_01329,15.0,metropt3,results/sensor/events.csv,deterministic_chronological_adjacency,Immediate adjacency of nonoverlapping source-local intervals; not causality
sensor_event:SE_01329,PRECEDES,sensor_event:SE_01330,35.0,metropt3,results/sensor/events.csv,deterministic_chronological_adjacency,Immediate adjacency of nonoverlapping source-local intervals; not causality
sensor_event:SE_01330,PRECEDES,sensor_event:SE_01331,15.0,metropt3,results/sensor/events.csv,deterministic_chronological_adjacency,Immediate adjacency of nonoverlapping source-local intervals; not causality
sensor_event:SE_01331,PRECEDES,sensor_event:SE_01332,15.0,metropt3,results/sensor/events.csv,deterministic_chronological_adjacency,Immediate adjacency of nonoverlapping source-local intervals; not causality
sensor_event:SE_01332,PRECEDES,sensor_event:SE_01333,15.0,metropt3,results/sensor/events.csv,deterministic_chronological_adjacency,Immediate adjacency of nonoverlapping source-local intervals; not causality
sensor_event:SE_01333,PRECEDES,sensor_event:SE_01334,15.0,metropt3,results/sensor/events.csv,deterministic_chronological_adjacency,Immediate adjacency of nonoverlapping source-local intervals; not causality
sensor_event:SE_01334,PRECEDES,sensor_event:SE_01335,15.0,metropt3,results/sensor/events.csv,deterministic_chronological_adjacency,Immediate adjacency of nonoverlapping source-local intervals; not causality
sensor_event:SE_01335,PRECEDES,sensor_event:SE_01336,15.0,metropt3,results/sensor/events.csv,deterministic_chronological_adjacency,Immediate adjacency of nonoverlapping source-local intervals; not causality
sensor_event:SE_01336,PRECEDES,sensor_event:SE_01337,15.0,metropt3,results/sensor/events.csv,deterministic_chronological_adjacency,Immediate adjacency of nonoverlapping source-local intervals; not causality
sensor_event:SE_01337,PRECEDES,sensor_event:SE_01338,90.0,metropt3,results/sensor/events.csv,deterministic_chronological_adjacency,Immediate adjacency of nonoverlapping source-local intervals; not causality
sensor_event:SE_01338,PRECEDES,sensor_event:SE_01339,155.0,metropt3,results/sensor/events.csv,deterministic_chronological_adjacency,Immediate adjacency of nonoverlapping source-local intervals; not causality
sensor_event:SE_01339,PRECEDES,sensor_event:SE_01340,35.0,metropt3,results/sensor/events.csv,deterministic_chronological_adjacency,Immediate adjacency of nonoverlapping source-local intervals; not causality
sensor_event:SE_01340,PRECEDES,sensor_event:SE_01341,15.0,metropt3,results/sensor/events.csv,deterministic_chronological_adjacency,Immediate adjacency of nonoverlapping source-local intervals; not causality
sensor_event:SE_01341,PRECEDES,sensor_event:SE_01342,35.0,metropt3,results/sensor/events.csv,deterministic_chronological_adjacency,Immediate adjacency of nonoverlapping source-local intervals; not causality
sensor_event:SE_01342,PRECEDES,sensor_event:SE_01343,15.0,metropt3,results/sensor/events.csv,deterministic_chronological_adjacency,Immediate adjacency of nonoverlapping source-local intervals; not causality
sensor_event:SE_01343,PRECEDES,sensor_event:SE_01344,35.0,metropt3,results/sensor/events.csv,deterministic_chronological_adjacency,Immediate adjacency of nonoverlapping source-local intervals; not causality
sensor_event:SE_01344,PRECEDES,sensor_event:SE_01345,15.0,metropt3,results/sensor/events.csv,deterministic_chronological_adjacency,Immediate adjacency of nonoverlapping source-local intervals; not causality
sensor_event:SE_01345,PRECEDES,sensor_event:SE_01346,15.0,metropt3,results/sensor/events.csv,deterministic_chronological_adjacency,Immediate adjacency of nonoverlapping source-local intervals; not causality
sensor_event:SE_01346,PRECEDES,sensor_event:SE_01347,15.0,metropt3,results/sensor/events.csv,deterministic_chronological_adjacency,Immediate adjacency of nonoverlapping source-local intervals; not causality
sensor_event:SE_01347,PRECEDES,sensor_event:SE_01348,20.0,metropt3,results/sensor/events.csv,deterministic_chronological_adjacency,Immediate adjacency of nonoverlapping source-local intervals; not causality
sensor_event:SE_01348,PRECEDES,sensor_event:SE_01349,15.0,metropt3,results/sensor/events.csv,deterministic_chronological_adjacency,Immediate adjacency of nonoverlapping source-local intervals; not causality
sensor_event:SE_01349,PRECEDES,sensor_event:SE_01350,20.0,metropt3,results/sensor/events.csv,deterministic_chronological_adjacency,Immediate adjacency of nonoverlapping source-local intervals; not causality
sensor_event:SE_01350,PRECEDES,sensor_event:SE_01351,15.0,metropt3,results/sensor/events.csv,deterministic_chronological_adjacency,Immediate adjacency of nonoverlapping source-local intervals; not causality
sensor_event:SE_01351,PRECEDES,sensor_event:SE_01352,15.0,metropt3,results/sensor/events.csv,deterministic_chronological_adjacency,Immediate adjacency of nonoverlapping source-local intervals; not causality
sensor_event:SE_01352,PRECEDES,sensor_event:SE_01353,15.0,metropt3,results/sensor/events.csv,deterministic_chronological_adjacency,Immediate adjacency of nonoverlapping source-local intervals; not causality
sensor_event:SE_01353,PRECEDES,sensor_event:SE_01354,15.0,metropt3,results/sensor/events.csv,deterministic_chronological_adjacency,Immediate adjacency of nonoverlapping source-local intervals; not causality
sensor_event:SE_01354,PRECEDES,sensor_event:SE_01355,20.0,metropt3,results/sensor/events.csv,deterministic_chronological_adjacency,Immediate adjacency of nonoverlapping source-local intervals; not causality
sensor_event:SE_01355,PRECEDES,sensor_event:SE_01356,15.0,metropt3,results/sensor/events.csv,deterministic_chronological_adjacency,Immediate adjacency of nonoverlapping source-local intervals; not causality
sensor_event:SE_01356,PRECEDES,sensor_event:SE_01357,15.0,metropt3,results/sensor/events.csv,deterministic_chronological_adjacency,Immediate adjacency of nonoverlapping source-local intervals; not causality
sensor_event:SE_01357,PRECEDES,sensor_event:SE_01358,15.0,metropt3,results/sensor/events.csv,deterministic_chronological_adjacency,Immediate adjacency of nonoverlapping source-local intervals; not causality
sensor_event:SE_01358,PRECEDES,sensor_event:SE_01359,15.0,metropt3,results/sensor/events.csv,deterministic_chronological_adjacency,Immediate adjacency of nonoverlapping source-local intervals; not causality
sensor_event:SE_01359,PRECEDES,sensor_event:SE_01360,15.0,metropt3,results/sensor/events.csv,deterministic_chronological_adjacency,Immediate adjacency of nonoverlapping source-local intervals; not causality
sensor_event:SE_01360,PRECEDES,sensor_event:SE_01361,15.0,metropt3,results/sensor/events.csv,deterministic_chronological_adjacency,Immediate adjacency of nonoverlapping source-local intervals; not causality
sensor_event:SE_01361,PRECEDES,sensor_event:SE_01362,20.0,metropt3,results/sensor/events.csv,deterministic_chronological_adjacency,Immediate adjacency of nonoverlapping source-local intervals; not causality
sensor_event:SE_01362,PRECEDES,sensor_event:SE_01363,15.0,metropt3,results/sensor/events.csv,deterministic_chronological_adjacency,Immediate adjacency of nonoverlapping source-local intervals; not causality
sensor_event:SE_01363,PRECEDES,sensor_event:SE_01364,20.0,metropt3,results/sensor/events.csv,deterministic_chronological_adjacency,Immediate adjacency of nonoverlapping source-local intervals; not causality
sensor_event:SE_01364,PRECEDES,sensor_event:SE_01365,15.0,metropt3,results/sensor/events.csv,deterministic_chronological_adjacency,Immediate adjacency of nonoverlapping source-local intervals; not causality
sensor_event:SE_01365,PRECEDES,sensor_event:SE_01366,15.0,metropt3,results/sensor/events.csv,deterministic_chronological_adjacency,Immediate adjacency of nonoverlapping source-local intervals; not causality
sensor_event:SE_01366,PRECEDES,sensor_event:SE_01367,15.0,metropt3,results/sensor/events.csv,deterministic_chronological_adjacency,Immediate adjacency of nonoverlapping source-local intervals; not causality
sensor_event:SE_01367,PRECEDES,sensor_event:SE_01368,15.0,metropt3,results/sensor/events.csv,deterministic_chronological_adjacency,Immediate adjacency of nonoverlapping source-local intervals; not causality
sensor_event:SE_01368,PRECEDES,sensor_event:SE_01369,15.0,metropt3,results/sensor/events.csv,deterministic_chronological_adjacency,Immediate adjacency of nonoverlapping source-local intervals; not causality
sensor_event:SE_01369,PRECEDES,sensor_event:SE_01370,15.0,metropt3,results/sensor/events.csv,deterministic_chronological_adjacency,Immediate adjacency of nonoverlapping source-local intervals; not causality
sensor_event:SE_01370,PRECEDES,sensor_event:SE_01371,15.0,metropt3,results/sensor/events.csv,deterministic_chronological_adjacency,Immediate adjacency of nonoverlapping source-local intervals; not causality
sensor_event:SE_01371,PRECEDES,sensor_event:SE_01372,15.0,metropt3,results/sensor/events.csv,deterministic_chronological_adjacency,Immediate adjacency of nonoverlapping source-local intervals; not causality
sensor_event:SE_01372,PRECEDES,sensor_event:SE_01373,15.0,metropt3,results/sensor/events.csv,deterministic_chronological_adjacency,Immediate adjacency of nonoverlapping source-local intervals; not causality
sensor_event:SE_01373,PRECEDES,sensor_event:SE_01374,15.0,metropt3,results/sensor/events.csv,deterministic_chronological_adjacency,Immediate adjacency of nonoverlapping source-local intervals; not causality
sensor_event:SE_01374,PRECEDES,sensor_event:SE_01375,15.0,metropt3,results/sensor/events.csv,deterministic_chronological_adjacency,Immediate adjacency of nonoverlapping source-local intervals; not causality
sensor_event:SE_01375,PRECEDES,sensor_event:SE_01376,15.0,metropt3,results/sensor/events.csv,deterministic_chronological_adjacency,Immediate adjacency of nonoverlapping source-local intervals; not causality
sensor_event:SE_01376,PRECEDES,sensor_event:SE_01377,50.0,metropt3,results/sensor/events.csv,deterministic_chronological_adjacency,Immediate adjacency of nonoverlapping source-local intervals; not causality
sensor_event:SE_01377,PRECEDES,sensor_event:SE_01378,130.0,metropt3,results/sensor/events.csv,deterministic_chronological_adjacency,Immediate adjacency of nonoverlapping source-local intervals; not causality
sensor_event:SE_01378,PRECEDES,sensor_event:SE_01379,40.0,metropt3,results/sensor/events.csv,deterministic_chronological_adjacency,Immediate adjacency of nonoverlapping source-local intervals; not causality
sensor_event:SE_01379,PRECEDES,sensor_event:SE_01380,20.0,metropt3,results/sensor/events.csv,deterministic_chronological_adjacency,Immediate adjacency of nonoverlapping source-local intervals; not causality
sensor_event:SE_01380,PRECEDES,sensor_event:SE_01381,15.0,metropt3,results/sensor/events.csv,deterministic_chronological_adjacency,Immediate adjacency of nonoverlapping source-local intervals; not causality
sensor_event:SE_01381,PRECEDES,sensor_event:SE_01382,15.0,metropt3,results/sensor/events.csv,deterministic_chronological_adjacency,Immediate adjacency of nonoverlapping source-local intervals; not causality
sensor_event:SE_01382,PRECEDES,sensor_event:SE_01383,15.0,metropt3,results/sensor/events.csv,deterministic_chronological_adjacency,Immediate adjacency of nonoverlapping source-local intervals; not causality
sensor_event:SE_01383,PRECEDES,sensor_event:SE_01384,15.0,metropt3,results/sensor/events.csv,deterministic_chronological_adjacency,Immediate adjacency of nonoverlapping source-local intervals; not causality
sensor_event:SE_01384,PRECEDES,sensor_event:SE_01385,15.0,metropt3,results/sensor/events.csv,deterministic_chronological_adjacency,Immediate adjacency of nonoverlapping source-local intervals; not causality
sensor_event:SE_01385,PRECEDES,sensor_event:SE_01386,35.0,metropt3,results/sensor/events.csv,deterministic_chronological_adjacency,Immediate adjacency of nonoverlapping source-local intervals; not causality
sensor_event:SE_01386,PRECEDES,sensor_event:SE_01387,15.0,metropt3,results/sensor/events.csv,deterministic_chronological_adjacency,Immediate adjacency of nonoverlapping source-local intervals; not causality
sensor_event:SE_01387,PRECEDES,sensor_event:SE_01388,30.0,metropt3,results/sensor/events.csv,deterministic_chronological_adjacency,Immediate adjacency of nonoverlapping source-local intervals; not causality
sensor_event:SE_01388,PRECEDES,sensor_event:SE_01389,20.0,metropt3,results/sensor/events.csv,deterministic_chronological_adjacency,Immediate adjacency of nonoverlapping source-local intervals; not causality
sensor_event:SE_01389,PRECEDES,sensor_event:SE_01390,20.0,metropt3,results/sensor/events.csv,deterministic_chronological_adjacency,Immediate adjacency of nonoverlapping source-local intervals; not causality
sensor_event:SE_01390,PRECEDES,sensor_event:SE_01391,15.0,metropt3,results/sensor/events.csv,deterministic_chronological_adjacency,Immediate adjacency of nonoverlapping source-local intervals; not causality
sensor_event:SE_01391,PRECEDES,sensor_event:SE_01392,15.0,metropt3,results/sensor/events.csv,deterministic_chronological_adjacency,Immediate adjacency of nonoverlapping source-local intervals; not causality
sensor_event:SE_01392,PRECEDES,sensor_event:SE_01393,15.0,metropt3,results/sensor/events.csv,deterministic_chronological_adjacency,Immediate adjacency of nonoverlapping source-local intervals; not causality
sensor_event:SE_01393,PRECEDES,sensor_event:SE_01394,15.0,metropt3,results/sensor/events.csv,deterministic_chronological_adjacency,Immediate adjacency of nonoverlapping source-local intervals; not causality
sensor_event:SE_01394,PRECEDES,sensor_event:SE_01395,20.0,metropt3,results/sensor/events.csv,deterministic_chronological_adjacency,Immediate adjacency of nonoverlapping source-local intervals; not causality
sensor_event:SE_01395,PRECEDES,sensor_event:SE_01396,15.0,metropt3,results/sensor/events.csv,deterministic_chronological_adjacency,Immediate adjacency of nonoverlapping source-local intervals; not causality
sensor_event:SE_01396,PRECEDES,sensor_event:SE_01397,15.0,metropt3,results/sensor/events.csv,deterministic_chronological_adjacency,Immediate adjacency of nonoverlapping source-local intervals; not causality
sensor_event:SE_01397,PRECEDES,sensor_event:SE_01398,15.0,metropt3,results/sensor/events.csv,deterministic_chronological_adjacency,Immediate adjacency of nonoverlapping source-local intervals; not causality
sensor_event:SE_01398,PRECEDES,sensor_event:SE_01399,15.0,metropt3,results/sensor/events.csv,deterministic_chronological_adjacency,Immediate adjacency of nonoverlapping source-local intervals; not causality
sensor_event:SE_01399,PRECEDES,sensor_event:SE_01400,15.0,metropt3,results/sensor/events.csv,deterministic_chronological_adjacency,Immediate adjacency of nonoverlapping source-local intervals; not causality
sensor_event:SE_01400,PRECEDES,sensor_event:SE_01401,3745.0,metropt3,results/sensor/events.csv,deterministic_chronological_adjacency,Immediate adjacency of nonoverlapping source-local intervals; not causality
sensor_event:SE_01401,PRECEDES,sensor_event:SE_01402,65.0,metropt3,results/sensor/events.csv,deterministic_chronological_adjacency,Immediate adjacency of nonoverlapping source-local intervals; not causality
sensor_event:SE_01402,PRECEDES,sensor_event:SE_01403,30.0,metropt3,results/sensor/events.csv,deterministic_chronological_adjacency,Immediate adjacency of nonoverlapping source-local intervals; not causality
sensor_event:SE_01403,PRECEDES,sensor_event:SE_01404,15.0,metropt3,results/sensor/events.csv,deterministic_chronological_adjacency,Immediate adjacency of nonoverlapping source-local intervals; not causality
sensor_event:SE_01404,PRECEDES,sensor_event:SE_01405,20.0,metropt3,results/sensor/events.csv,deterministic_chronological_adjacency,Immediate adjacency of nonoverlapping source-local intervals; not causality
sensor_event:SE_01405,PRECEDES,sensor_event:SE_01406,15.0,metropt3,results/sensor/events.csv,deterministic_chronological_adjacency,Immediate adjacency of nonoverlapping source-local intervals; not causality
sensor_event:SE_01406,PRECEDES,sensor_event:SE_01407,15.0,metropt3,results/sensor/events.csv,deterministic_chronological_adjacency,Immediate adjacency of nonoverlapping source-local intervals; not causality
sensor_event:SE_01407,PRECEDES,sensor_event:SE_01408,35.0,metropt3,results/sensor/events.csv,deterministic_chronological_adjacency,Immediate adjacency of nonoverlapping source-local intervals; not causality
sensor_event:SE_01408,PRECEDES,sensor_event:SE_01409,20.0,metropt3,results/sensor/events.csv,deterministic_chronological_adjacency,Immediate adjacency of nonoverlapping source-local intervals; not causality
sensor_event:SE_01409,PRECEDES,sensor_event:SE_01410,15.0,metropt3,results/sensor/events.csv,deterministic_chronological_adjacency,Immediate adjacency of nonoverlapping source-local intervals; not causality
sensor_event:SE_01410,PRECEDES,sensor_event:SE_01411,15.0,metropt3,results/sensor/events.csv,deterministic_chronological_adjacency,Immediate adjacency of nonoverlapping source-local intervals; not causality
sensor_event:SE_01411,PRECEDES,sensor_event:SE_01412,30.0,metropt3,results/sensor/events.csv,deterministic_chronological_adjacency,Immediate adjacency of nonoverlapping source-local intervals; not causality
sensor_event:SE_01412,PRECEDES,sensor_event:SE_01413,20.0,metropt3,results/sensor/events.csv,deterministic_chronological_adjacency,Immediate adjacency of nonoverlapping source-local intervals; not causality
sensor_event:SE_01413,PRECEDES,sensor_event:SE_01414,15.0,metropt3,results/sensor/events.csv,deterministic_chronological_adjacency,Immediate adjacency of nonoverlapping source-local intervals; not causality
sensor_event:SE_01414,PRECEDES,sensor_event:SE_01415,15.0,metropt3,results/sensor/events.csv,deterministic_chronological_adjacency,Immediate adjacency of nonoverlapping source-local intervals; not causality
sensor_event:SE_01415,PRECEDES,sensor_event:SE_01416,15.0,metropt3,results/sensor/events.csv,deterministic_chronological_adjacency,Immediate adjacency of nonoverlapping source-local intervals; not causality
sensor_event:SE_01416,PRECEDES,sensor_event:SE_01417,15.0,metropt3,results/sensor/events.csv,deterministic_chronological_adjacency,Immediate adjacency of nonoverlapping source-local intervals; not causality
sensor_event:SE_01417,PRECEDES,sensor_event:SE_01418,15.0,metropt3,results/sensor/events.csv,deterministic_chronological_adjacency,Immediate adjacency of nonoverlapping source-local intervals; not causality
sensor_event:SE_01418,PRECEDES,sensor_event:SE_01419,15.0,metropt3,results/sensor/events.csv,deterministic_chronological_adjacency,Immediate adjacency of nonoverlapping source-local intervals; not causality
sensor_event:SE_01419,PRECEDES,sensor_event:SE_01420,15.0,metropt3,results/sensor/events.csv,deterministic_chronological_adjacency,Immediate adjacency of nonoverlapping source-local intervals; not causality
sensor_event:SE_01420,PRECEDES,sensor_event:SE_01421,15.0,metropt3,results/sensor/events.csv,deterministic_chronological_adjacency,Immediate adjacency of nonoverlapping source-local intervals; not causality
sensor_event:SE_01421,PRECEDES,sensor_event:SE_01422,40.0,metropt3,results/sensor/events.csv,deterministic_chronological_adjacency,Immediate adjacency of nonoverlapping source-local intervals; not causality
sensor_event:SE_01422,PRECEDES,sensor_event:SE_01423,15.0,metropt3,results/sensor/events.csv,deterministic_chronological_adjacency,Immediate adjacency of nonoverlapping source-local intervals; not causality
sensor_event:SE_01423,PRECEDES,sensor_event:SE_01424,20.0,metropt3,results/sensor/events.csv,deterministic_chronological_adjacency,Immediate adjacency of nonoverlapping source-local intervals; not causality
sensor_event:SE_01424,PRECEDES,sensor_event:SE_01425,20.0,metropt3,results/sensor/events.csv,deterministic_chronological_adjacency,Immediate adjacency of nonoverlapping source-local intervals; not causality
sensor_event:SE_01425,PRECEDES,sensor_event:SE_01426,40.0,metropt3,results/sensor/events.csv,deterministic_chronological_adjacency,Immediate adjacency of nonoverlapping source-local intervals; not causality
sensor_event:SE_01426,PRECEDES,sensor_event:SE_01427,15.0,metropt3,results/sensor/events.csv,deterministic_chronological_adjacency,Immediate adjacency of nonoverlapping source-local intervals; not causality
sensor_event:SE_01427,PRECEDES,sensor_event:SE_01428,15.0,metropt3,results/sensor/events.csv,deterministic_chronological_adjacency,Immediate adjacency of nonoverlapping source-local intervals; not causality
sensor_event:SE_01428,PRECEDES,sensor_event:SE_01429,15.0,metropt3,results/sensor/events.csv,deterministic_chronological_adjacency,Immediate adjacency of nonoverlapping source-local intervals; not causality
sensor_event:SE_01429,PRECEDES,sensor_event:SE_01430,15.0,metropt3,results/sensor/events.csv,deterministic_chronological_adjacency,Immediate adjacency of nonoverlapping source-local intervals; not causality
sensor_event:SE_01430,PRECEDES,sensor_event:SE_01431,15.0,metropt3,results/sensor/events.csv,deterministic_chronological_adjacency,Immediate adjacency of nonoverlapping source-local intervals; not causality
sensor_event:SE_01431,PRECEDES,sensor_event:SE_01432,15.0,metropt3,results/sensor/events.csv,deterministic_chronological_adjacency,Immediate adjacency of nonoverlapping source-local intervals; not causality
sensor_event:SE_01432,PRECEDES,sensor_event:SE_01433,15.0,metropt3,results/sensor/events.csv,deterministic_chronological_adjacency,Immediate adjacency of nonoverlapping source-local intervals; not causality
sensor_event:SE_01433,PRECEDES,sensor_event:SE_01434,20.0,metropt3,results/sensor/events.csv,deterministic_chronological_adjacency,Immediate adjacency of nonoverlapping source-local intervals; not causality
sensor_event:SE_01434,PRECEDES,sensor_event:SE_01435,15.0,metropt3,results/sensor/events.csv,deterministic_chronological_adjacency,Immediate adjacency of nonoverlapping source-local intervals; not causality
sensor_event:SE_01435,PRECEDES,sensor_event:SE_01436,15.0,metropt3,results/sensor/events.csv,deterministic_chronological_adjacency,Immediate adjacency of nonoverlapping source-local intervals; not causality
sensor_event:SE_01436,PRECEDES,sensor_event:SE_01437,15.0,metropt3,results/sensor/events.csv,deterministic_chronological_adjacency,Immediate adjacency of nonoverlapping source-local intervals; not causality
sensor_event:SE_01437,PRECEDES,sensor_event:SE_01438,15.0,metropt3,results/sensor/events.csv,deterministic_chronological_adjacency,Immediate adjacency of nonoverlapping source-local intervals; not causality
sensor_event:SE_01438,PRECEDES,sensor_event:SE_01439,225.0,metropt3,results/sensor/events.csv,deterministic_chronological_adjacency,Immediate adjacency of nonoverlapping source-local intervals; not causality
sensor_event:SE_01439,PRECEDES,sensor_event:SE_01440,55.0,metropt3,results/sensor/events.csv,deterministic_chronological_adjacency,Immediate adjacency of nonoverlapping source-local intervals; not causality
sensor_event:SE_01440,PRECEDES,sensor_event:SE_01441,60.0,metropt3,results/sensor/events.csv,deterministic_chronological_adjacency,Immediate adjacency of nonoverlapping source-local intervals; not causality
sensor_event:SE_01441,PRECEDES,sensor_event:SE_01442,40.0,metropt3,results/sensor/events.csv,deterministic_chronological_adjacency,Immediate adjacency of nonoverlapping source-local intervals; not causality
sensor_event:SE_01442,PRECEDES,sensor_event:SE_01443,15.0,metropt3,results/sensor/events.csv,deterministic_chronological_adjacency,Immediate adjacency of nonoverlapping source-local intervals; not causality
sensor_event:SE_01443,PRECEDES,sensor_event:SE_01444,15.0,metropt3,results/sensor/events.csv,deterministic_chronological_adjacency,Immediate adjacency of nonoverlapping source-local intervals; not causality
sensor_event:SE_01444,PRECEDES,sensor_event:SE_01445,60.0,metropt3,results/sensor/events.csv,deterministic_chronological_adjacency,Immediate adjacency of nonoverlapping source-local intervals; not causality
sensor_event:SE_01445,PRECEDES,sensor_event:SE_01446,15.0,metropt3,results/sensor/events.csv,deterministic_chronological_adjacency,Immediate adjacency of nonoverlapping source-local intervals; not causality
sensor_event:SE_01446,PRECEDES,sensor_event:SE_01447,20.0,metropt3,results/sensor/events.csv,deterministic_chronological_adjacency,Immediate adjacency of nonoverlapping source-local intervals; not causality
sensor_event:SE_01447,PRECEDES,sensor_event:SE_01448,15.0,metropt3,results/sensor/events.csv,deterministic_chronological_adjacency,Immediate adjacency of nonoverlapping source-local intervals; not causality
sensor_event:SE_01448,PRECEDES,sensor_event:SE_01449,15.0,metropt3,results/sensor/events.csv,deterministic_chronological_adjacency,Immediate adjacency of nonoverlapping source-local intervals; not causality
sensor_event:SE_01449,PRECEDES,sensor_event:SE_01450,20.0,metropt3,results/sensor/events.csv,deterministic_chronological_adjacency,Immediate adjacency of nonoverlapping source-local intervals; not causality
sensor_event:SE_01450,PRECEDES,sensor_event:SE_01451,35.0,metropt3,results/sensor/events.csv,deterministic_chronological_adjacency,Immediate adjacency of nonoverlapping source-local intervals; not causality
sensor_event:SE_01451,PRECEDES,sensor_event:SE_01452,15.0,metropt3,results/sensor/events.csv,deterministic_chronological_adjacency,Immediate adjacency of nonoverlapping source-local intervals; not causality
sensor_event:SE_01452,PRECEDES,sensor_event:SE_01453,15.0,metropt3,results/sensor/events.csv,deterministic_chronological_adjacency,Immediate adjacency of nonoverlapping source-local intervals; not causality
sensor_event:SE_01453,PRECEDES,sensor_event:SE_01454,15.0,metropt3,results/sensor/events.csv,deterministic_chronological_adjacency,Immediate adjacency of nonoverlapping source-local intervals; not causality
sensor_event:SE_01454,PRECEDES,sensor_event:SE_01455,20.0,metropt3,results/sensor/events.csv,deterministic_chronological_adjacency,Immediate adjacency of nonoverlapping source-local intervals; not causality
sensor_event:SE_01455,PRECEDES,sensor_event:SE_01456,15.0,metropt3,results/sensor/events.csv,deterministic_chronological_adjacency,Immediate adjacency of nonoverlapping source-local intervals; not causality
sensor_event:SE_01456,PRECEDES,sensor_event:SE_01457,20.0,metropt3,results/sensor/events.csv,deterministic_chronological_adjacency,Immediate adjacency of nonoverlapping source-local intervals; not causality
sensor_event:SE_01457,PRECEDES,sensor_event:SE_01458,35.0,metropt3,results/sensor/events.csv,deterministic_chronological_adjacency,Immediate adjacency of nonoverlapping source-local intervals; not causality
sensor_event:SE_01458,PRECEDES,sensor_event:SE_01459,15.0,metropt3,results/sensor/events.csv,deterministic_chronological_adjacency,Immediate adjacency of nonoverlapping source-local intervals; not causality
sensor_event:SE_01459,PRECEDES,sensor_event:SE_01460,15.0,metropt3,results/sensor/events.csv,deterministic_chronological_adjacency,Immediate adjacency of nonoverlapping source-local intervals; not causality
sensor_event:SE_01460,PRECEDES,sensor_event:SE_01461,15.0,metropt3,results/sensor/events.csv,deterministic_chronological_adjacency,Immediate adjacency of nonoverlapping source-local intervals; not causality
sensor_event:SE_01461,PRECEDES,sensor_event:SE_01462,20.0,metropt3,results/sensor/events.csv,deterministic_chronological_adjacency,Immediate adjacency of nonoverlapping source-local intervals; not causality
sensor_event:SE_01462,PRECEDES,sensor_event:SE_01463,20.0,metropt3,results/sensor/events.csv,deterministic_chronological_adjacency,Immediate adjacency of nonoverlapping source-local intervals; not causality
sensor_event:SE_01463,PRECEDES,sensor_event:SE_01464,15.0,metropt3,results/sensor/events.csv,deterministic_chronological_adjacency,Immediate adjacency of nonoverlapping source-local intervals; not causality
sensor_event:SE_01464,PRECEDES,sensor_event:SE_01465,15.0,metropt3,results/sensor/events.csv,deterministic_chronological_adjacency,Immediate adjacency of nonoverlapping source-local intervals; not causality
sensor_event:SE_01465,PRECEDES,sensor_event:SE_01466,15.0,metropt3,results/sensor/events.csv,deterministic_chronological_adjacency,Immediate adjacency of nonoverlapping source-local intervals; not causality
sensor_event:SE_01466,PRECEDES,sensor_event:SE_01467,20.0,metropt3,results/sensor/events.csv,deterministic_chronological_adjacency,Immediate adjacency of nonoverlapping source-local intervals; not causality
sensor_event:SE_01467,PRECEDES,sensor_event:SE_01468,15.0,metropt3,results/sensor/events.csv,deterministic_chronological_adjacency,Immediate adjacency of nonoverlapping source-local intervals; not causality
sensor_event:SE_01468,PRECEDES,sensor_event:SE_01469,15.0,metropt3,results/sensor/events.csv,deterministic_chronological_adjacency,Immediate adjacency of nonoverlapping source-local intervals; not causality
sensor_event:SE_01469,PRECEDES,sensor_event:SE_01470,15.0,metropt3,results/sensor/events.csv,deterministic_chronological_adjacency,Immediate adjacency of nonoverlapping source-local intervals; not causality
sensor_event:SE_01470,PRECEDES,sensor_event:SE_01471,15.0,metropt3,results/sensor/events.csv,deterministic_chronological_adjacency,Immediate adjacency of nonoverlapping source-local intervals; not causality
sensor_event:SE_01471,PRECEDES,sensor_event:SE_01472,15.0,metropt3,results/sensor/events.csv,deterministic_chronological_adjacency,Immediate adjacency of nonoverlapping source-local intervals; not causality
sensor_event:SE_01472,PRECEDES,sensor_event:SE_01473,15.0,metropt3,results/sensor/events.csv,deterministic_chronological_adjacency,Immediate adjacency of nonoverlapping source-local intervals; not causality
sensor_event:SE_01473,PRECEDES,sensor_event:SE_01474,15.0,metropt3,results/sensor/events.csv,deterministic_chronological_adjacency,Immediate adjacency of nonoverlapping source-local intervals; not causality
sensor_event:SE_01474,PRECEDES,sensor_event:SE_01475,15.0,metropt3,results/sensor/events.csv,deterministic_chronological_adjacency,Immediate adjacency of nonoverlapping source-local intervals; not causality
sensor_event:SE_01475,PRECEDES,sensor_event:SE_01476,15.0,metropt3,results/sensor/events.csv,deterministic_chronological_adjacency,Immediate adjacency of nonoverlapping source-local intervals; not causality
sensor_event:SE_01476,PRECEDES,sensor_event:SE_01477,15.0,metropt3,results/sensor/events.csv,deterministic_chronological_adjacency,Immediate adjacency of nonoverlapping source-local intervals; not causality
sensor_event:SE_01477,PRECEDES,sensor_event:SE_01478,20.0,metropt3,results/sensor/events.csv,deterministic_chronological_adjacency,Immediate adjacency of nonoverlapping source-local intervals; not causality
sensor_event:SE_01478,PRECEDES,sensor_event:SE_01479,15.0,metropt3,results/sensor/events.csv,deterministic_chronological_adjacency,Immediate adjacency of nonoverlapping source-local intervals; not causality
sensor_event:SE_01479,PRECEDES,sensor_event:SE_01480,15.0,metropt3,results/sensor/events.csv,deterministic_chronological_adjacency,Immediate adjacency of nonoverlapping source-local intervals; not causality
sensor_event:SE_01480,PRECEDES,sensor_event:SE_01481,15.0,metropt3,results/sensor/events.csv,deterministic_chronological_adjacency,Immediate adjacency of nonoverlapping source-local intervals; not causality
sensor_event:SE_01481,PRECEDES,sensor_event:SE_01482,15.0,metropt3,results/sensor/events.csv,deterministic_chronological_adjacency,Immediate adjacency of nonoverlapping source-local intervals; not causality
sensor_event:SE_01482,PRECEDES,sensor_event:SE_01483,15.0,metropt3,results/sensor/events.csv,deterministic_chronological_adjacency,Immediate adjacency of nonoverlapping source-local intervals; not causality
sensor_event:SE_01483,PRECEDES,sensor_event:SE_01484,20.0,metropt3,results/sensor/events.csv,deterministic_chronological_adjacency,Immediate adjacency of nonoverlapping source-local intervals; not causality
sensor_event:SE_01484,PRECEDES,sensor_event:SE_01485,15.0,metropt3,results/sensor/events.csv,deterministic_chronological_adjacency,Immediate adjacency of nonoverlapping source-local intervals; not causality
sensor_event:SE_01485,PRECEDES,sensor_event:SE_01486,15.0,metropt3,results/sensor/events.csv,deterministic_chronological_adjacency,Immediate adjacency of nonoverlapping source-local intervals; not causality
sensor_event:SE_01486,PRECEDES,sensor_event:SE_01487,15.0,metropt3,results/sensor/events.csv,deterministic_chronological_adjacency,Immediate adjacency of nonoverlapping source-local intervals; not causality
sensor_event:SE_01487,PRECEDES,sensor_event:SE_01488,15.0,metropt3,results/sensor/events.csv,deterministic_chronological_adjacency,Immediate adjacency of nonoverlapping source-local intervals; not causality
sensor_event:SE_01488,PRECEDES,sensor_event:SE_01489,15.0,metropt3,results/sensor/events.csv,deterministic_chronological_adjacency,Immediate adjacency of nonoverlapping source-local intervals; not causality
sensor_event:SE_01489,PRECEDES,sensor_event:SE_01490,15.0,metropt3,results/sensor/events.csv,deterministic_chronological_adjacency,Immediate adjacency of nonoverlapping source-local intervals; not causality
sensor_event:SE_01490,PRECEDES,sensor_event:SE_01491,15.0,metropt3,results/sensor/events.csv,deterministic_chronological_adjacency,Immediate adjacency of nonoverlapping source-local intervals; not causality
sensor_event:SE_01491,PRECEDES,sensor_event:SE_01492,15.0,metropt3,results/sensor/events.csv,deterministic_chronological_adjacency,Immediate adjacency of nonoverlapping source-local intervals; not causality
sensor_event:SE_01492,PRECEDES,sensor_event:SE_01493,15.0,metropt3,results/sensor/events.csv,deterministic_chronological_adjacency,Immediate adjacency of nonoverlapping source-local intervals; not causality
sensor_event:SE_01493,PRECEDES,sensor_event:SE_01494,15.0,metropt3,results/sensor/events.csv,deterministic_chronological_adjacency,Immediate adjacency of nonoverlapping source-local intervals; not causality
sensor_event:SE_01494,PRECEDES,sensor_event:SE_01495,15.0,metropt3,results/sensor/events.csv,deterministic_chronological_adjacency,Immediate adjacency of nonoverlapping source-local intervals; not causality
sensor_event:SE_01495,PRECEDES,sensor_event:SE_01496,15.0,metropt3,results/sensor/events.csv,deterministic_chronological_adjacency,Immediate adjacency of nonoverlapping source-local intervals; not causality
sensor_event:SE_01496,PRECEDES,sensor_event:SE_01497,15.0,metropt3,results/sensor/events.csv,deterministic_chronological_adjacency,Immediate adjacency of nonoverlapping source-local intervals; not causality
sensor_event:SE_01497,PRECEDES,sensor_event:SE_01498,15.0,metropt3,results/sensor/events.csv,deterministic_chronological_adjacency,Immediate adjacency of nonoverlapping source-local intervals; not causality
sensor_event:SE_01498,PRECEDES,sensor_event:SE_01499,120.0,metropt3,results/sensor/events.csv,deterministic_chronological_adjacency,Immediate adjacency of nonoverlapping source-local intervals; not causality
sensor_event:SE_01499,PRECEDES,sensor_event:SE_01500,30.0,metropt3,results/sensor/events.csv,deterministic_chronological_adjacency,Immediate adjacency of nonoverlapping source-local intervals; not causality
sensor_event:SE_01500,PRECEDES,sensor_event:SE_01501,2185.0,metropt3,results/sensor/events.csv,deterministic_chronological_adjacency,Immediate adjacency of nonoverlapping source-local intervals; not causality
sensor_event:SE_01501,PRECEDES,sensor_event:SE_01502,55.0,metropt3,results/sensor/events.csv,deterministic_chronological_adjacency,Immediate adjacency of nonoverlapping source-local intervals; not causality
sensor_event:SE_01502,PRECEDES,sensor_event:SE_01503,15.0,metropt3,results/sensor/events.csv,deterministic_chronological_adjacency,Immediate adjacency of nonoverlapping source-local intervals; not causality
sensor_event:SE_01503,PRECEDES,sensor_event:SE_01504,20.0,metropt3,results/sensor/events.csv,deterministic_chronological_adjacency,Immediate adjacency of nonoverlapping source-local intervals; not causality
sensor_event:SE_01504,PRECEDES,sensor_event:SE_01505,20.0,metropt3,results/sensor/events.csv,deterministic_chronological_adjacency,Immediate adjacency of nonoverlapping source-local intervals; not causality
sensor_event:SE_01505,PRECEDES,sensor_event:SE_01506,15.0,metropt3,results/sensor/events.csv,deterministic_chronological_adjacency,Immediate adjacency of nonoverlapping source-local intervals; not causality
sensor_event:SE_01506,PRECEDES,sensor_event:SE_01507,20.0,metropt3,results/sensor/events.csv,deterministic_chronological_adjacency,Immediate adjacency of nonoverlapping source-local intervals; not causality
sensor_event:SE_01507,PRECEDES,sensor_event:SE_01508,15.0,metropt3,results/sensor/events.csv,deterministic_chronological_adjacency,Immediate adjacency of nonoverlapping source-local intervals; not causality
sensor_event:SE_01508,PRECEDES,sensor_event:SE_01509,20.0,metropt3,results/sensor/events.csv,deterministic_chronological_adjacency,Immediate adjacency of nonoverlapping source-local intervals; not causality
sensor_event:SE_01509,PRECEDES,sensor_event:SE_01510,15.0,metropt3,results/sensor/events.csv,deterministic_chronological_adjacency,Immediate adjacency of nonoverlapping source-local intervals; not causality
sensor_event:SE_01510,PRECEDES,sensor_event:SE_01511,35.0,metropt3,results/sensor/events.csv,deterministic_chronological_adjacency,Immediate adjacency of nonoverlapping source-local intervals; not causality
sensor_event:SE_01511,PRECEDES,sensor_event:SE_01512,20.0,metropt3,results/sensor/events.csv,deterministic_chronological_adjacency,Immediate adjacency of nonoverlapping source-local intervals; not causality
sensor_event:SE_01512,PRECEDES,sensor_event:SE_01513,15.0,metropt3,results/sensor/events.csv,deterministic_chronological_adjacency,Immediate adjacency of nonoverlapping source-local intervals; not causality
sensor_event:SE_01513,PRECEDES,sensor_event:SE_01514,15.0,metropt3,results/sensor/events.csv,deterministic_chronological_adjacency,Immediate adjacency of nonoverlapping source-local intervals; not causality
sensor_event:SE_01514,PRECEDES,sensor_event:SE_01515,20.0,metropt3,results/sensor/events.csv,deterministic_chronological_adjacency,Immediate adjacency of nonoverlapping source-local intervals; not causality
sensor_event:SE_01515,PRECEDES,sensor_event:SE_01516,20.0,metropt3,results/sensor/events.csv,deterministic_chronological_adjacency,Immediate adjacency of nonoverlapping source-local intervals; not causality
sensor_event:SE_01516,PRECEDES,sensor_event:SE_01517,20.0,metropt3,results/sensor/events.csv,deterministic_chronological_adjacency,Immediate adjacency of nonoverlapping source-local intervals; not causality
sensor_event:SE_01517,PRECEDES,sensor_event:SE_01518,15.0,metropt3,results/sensor/events.csv,deterministic_chronological_adjacency,Immediate adjacency of nonoverlapping source-local intervals; not causality
sensor_event:SE_01518,PRECEDES,sensor_event:SE_01519,20.0,metropt3,results/sensor/events.csv,deterministic_chronological_adjacency,Immediate adjacency of nonoverlapping source-local intervals; not causality
sensor_event:SE_01519,PRECEDES,sensor_event:SE_01520,15.0,metropt3,results/sensor/events.csv,deterministic_chronological_adjacency,Immediate adjacency of nonoverlapping source-local intervals; not causality
sensor_event:SE_01520,PRECEDES,sensor_event:SE_01521,15.0,metropt3,results/sensor/events.csv,deterministic_chronological_adjacency,Immediate adjacency of nonoverlapping source-local intervals; not causality
sensor_event:SE_01521,PRECEDES,sensor_event:SE_01522,15.0,metropt3,results/sensor/events.csv,deterministic_chronological_adjacency,Immediate adjacency of nonoverlapping source-local intervals; not causality
sensor_event:SE_01522,PRECEDES,sensor_event:SE_01523,20.0,metropt3,results/sensor/events.csv,deterministic_chronological_adjacency,Immediate adjacency of nonoverlapping source-local intervals; not causality
sensor_event:SE_01523,PRECEDES,sensor_event:SE_01524,15.0,metropt3,results/sensor/events.csv,deterministic_chronological_adjacency,Immediate adjacency of nonoverlapping source-local intervals; not causality
sensor_event:SE_01524,PRECEDES,sensor_event:SE_01525,15.0,metropt3,results/sensor/events.csv,deterministic_chronological_adjacency,Immediate adjacency of nonoverlapping source-local intervals; not causality
sensor_event:SE_01525,PRECEDES,sensor_event:SE_01526,15.0,metropt3,results/sensor/events.csv,deterministic_chronological_adjacency,Immediate adjacency of nonoverlapping source-local intervals; not causality
sensor_event:SE_01526,PRECEDES,sensor_event:SE_01527,20.0,metropt3,results/sensor/events.csv,deterministic_chronological_adjacency,Immediate adjacency of nonoverlapping source-local intervals; not causality
sensor_event:SE_01527,PRECEDES,sensor_event:SE_01528,15.0,metropt3,results/sensor/events.csv,deterministic_chronological_adjacency,Immediate adjacency of nonoverlapping source-local intervals; not causality
sensor_event:SE_01528,PRECEDES,sensor_event:SE_01529,15.0,metropt3,results/sensor/events.csv,deterministic_chronological_adjacency,Immediate adjacency of nonoverlapping source-local intervals; not causality
sensor_event:SE_01529,PRECEDES,sensor_event:SE_01530,15.0,metropt3,results/sensor/events.csv,deterministic_chronological_adjacency,Immediate adjacency of nonoverlapping source-local intervals; not causality
sensor_event:SE_01530,PRECEDES,sensor_event:SE_01531,15.0,metropt3,results/sensor/events.csv,deterministic_chronological_adjacency,Immediate adjacency of nonoverlapping source-local intervals; not causality
sensor_event:SE_01531,PRECEDES,sensor_event:SE_01532,15.0,metropt3,results/sensor/events.csv,deterministic_chronological_adjacency,Immediate adjacency of nonoverlapping source-local intervals; not causality
sensor_event:SE_01532,PRECEDES,sensor_event:SE_01533,15.0,metropt3,results/sensor/events.csv,deterministic_chronological_adjacency,Immediate adjacency of nonoverlapping source-local intervals; not causality
sensor_event:SE_01533,PRECEDES,sensor_event:SE_01534,20.0,metropt3,results/sensor/events.csv,deterministic_chronological_adjacency,Immediate adjacency of nonoverlapping source-local intervals; not causality
sensor_event:SE_01534,PRECEDES,sensor_event:SE_01535,15.0,metropt3,results/sensor/events.csv,deterministic_chronological_adjacency,Immediate adjacency of nonoverlapping source-local intervals; not causality
sensor_event:SE_01535,PRECEDES,sensor_event:SE_01536,20.0,metropt3,results/sensor/events.csv,deterministic_chronological_adjacency,Immediate adjacency of nonoverlapping source-local intervals; not causality
sensor_event:SE_01536,PRECEDES,sensor_event:SE_01537,15.0,metropt3,results/sensor/events.csv,deterministic_chronological_adjacency,Immediate adjacency of nonoverlapping source-local intervals; not causality
sensor_event:SE_01537,PRECEDES,sensor_event:SE_01538,15.0,metropt3,results/sensor/events.csv,deterministic_chronological_adjacency,Immediate adjacency of nonoverlapping source-local intervals; not causality
sensor_event:SE_01538,PRECEDES,sensor_event:SE_01539,15.0,metropt3,results/sensor/events.csv,deterministic_chronological_adjacency,Immediate adjacency of nonoverlapping source-local intervals; not causality
sensor_event:SE_01539,PRECEDES,sensor_event:SE_01540,20.0,metropt3,results/sensor/events.csv,deterministic_chronological_adjacency,Immediate adjacency of nonoverlapping source-local intervals; not causality
sensor_event:SE_01540,PRECEDES,sensor_event:SE_01541,15.0,metropt3,results/sensor/events.csv,deterministic_chronological_adjacency,Immediate adjacency of nonoverlapping source-local intervals; not causality
sensor_event:SE_01541,PRECEDES,sensor_event:SE_01542,20.0,metropt3,results/sensor/events.csv,deterministic_chronological_adjacency,Immediate adjacency of nonoverlapping source-local intervals; not causality
sensor_event:SE_01542,PRECEDES,sensor_event:SE_01543,20.0,metropt3,results/sensor/events.csv,deterministic_chronological_adjacency,Immediate adjacency of nonoverlapping source-local intervals; not causality
sensor_event:SE_01543,PRECEDES,sensor_event:SE_01544,15.0,metropt3,results/sensor/events.csv,deterministic_chronological_adjacency,Immediate adjacency of nonoverlapping source-local intervals; not causality
sensor_event:SE_01544,PRECEDES,sensor_event:SE_01545,20.0,metropt3,results/sensor/events.csv,deterministic_chronological_adjacency,Immediate adjacency of nonoverlapping source-local intervals; not causality
sensor_event:SE_01545,PRECEDES,sensor_event:SE_01546,20.0,metropt3,results/sensor/events.csv,deterministic_chronological_adjacency,Immediate adjacency of nonoverlapping source-local intervals; not causality
sensor_event:SE_01546,PRECEDES,sensor_event:SE_01547,15.0,metropt3,results/sensor/events.csv,deterministic_chronological_adjacency,Immediate adjacency of nonoverlapping source-local intervals; not causality
sensor_event:SE_01547,PRECEDES,sensor_event:SE_01548,20.0,metropt3,results/sensor/events.csv,deterministic_chronological_adjacency,Immediate adjacency of nonoverlapping source-local intervals; not causality
sensor_event:SE_01548,PRECEDES,sensor_event:SE_01549,15.0,metropt3,results/sensor/events.csv,deterministic_chronological_adjacency,Immediate adjacency of nonoverlapping source-local intervals; not causality
sensor_event:SE_01549,PRECEDES,sensor_event:SE_01550,15.0,metropt3,results/sensor/events.csv,deterministic_chronological_adjacency,Immediate adjacency of nonoverlapping source-local intervals; not causality
sensor_event:SE_01550,PRECEDES,sensor_event:SE_01551,20.0,metropt3,results/sensor/events.csv,deterministic_chronological_adjacency,Immediate adjacency of nonoverlapping source-local intervals; not causality
sensor_event:SE_01551,PRECEDES,sensor_event:SE_01552,40.0,metropt3,results/sensor/events.csv,deterministic_chronological_adjacency,Immediate adjacency of nonoverlapping source-local intervals; not causality
sensor_event:SE_01552,PRECEDES,sensor_event:SE_01553,20.0,metropt3,results/sensor/events.csv,deterministic_chronological_adjacency,Immediate adjacency of nonoverlapping source-local intervals; not causality
sensor_event:SE_01553,PRECEDES,sensor_event:SE_01554,25.0,metropt3,results/sensor/events.csv,deterministic_chronological_adjacency,Immediate adjacency of nonoverlapping source-local intervals; not causality
sensor_event:SE_01554,PRECEDES,sensor_event:SE_01555,115.0,metropt3,results/sensor/events.csv,deterministic_chronological_adjacency,Immediate adjacency of nonoverlapping source-local intervals; not causality
sensor_event:SE_01555,PRECEDES,sensor_event:SE_01556,45.0,metropt3,results/sensor/events.csv,deterministic_chronological_adjacency,Immediate adjacency of nonoverlapping source-local intervals; not causality
sensor_event:SE_01556,PRECEDES,sensor_event:SE_01557,20.0,metropt3,results/sensor/events.csv,deterministic_chronological_adjacency,Immediate adjacency of nonoverlapping source-local intervals; not causality
sensor_event:SE_01557,PRECEDES,sensor_event:SE_01558,20.0,metropt3,results/sensor/events.csv,deterministic_chronological_adjacency,Immediate adjacency of nonoverlapping source-local intervals; not causality
sensor_event:SE_01558,PRECEDES,sensor_event:SE_01559,15.0,metropt3,results/sensor/events.csv,deterministic_chronological_adjacency,Immediate adjacency of nonoverlapping source-local intervals; not causality
sensor_event:SE_01559,PRECEDES,sensor_event:SE_01560,15.0,metropt3,results/sensor/events.csv,deterministic_chronological_adjacency,Immediate adjacency of nonoverlapping source-local intervals; not causality
sensor_event:SE_01560,PRECEDES,sensor_event:SE_01561,20.0,metropt3,results/sensor/events.csv,deterministic_chronological_adjacency,Immediate adjacency of nonoverlapping source-local intervals; not causality
sensor_event:SE_01561,PRECEDES,sensor_event:SE_01562,15.0,metropt3,results/sensor/events.csv,deterministic_chronological_adjacency,Immediate adjacency of nonoverlapping source-local intervals; not causality
sensor_event:SE_01562,PRECEDES,sensor_event:SE_01563,15.0,metropt3,results/sensor/events.csv,deterministic_chronological_adjacency,Immediate adjacency of nonoverlapping source-local intervals; not causality
sensor_event:SE_01563,PRECEDES,sensor_event:SE_01564,20.0,metropt3,results/sensor/events.csv,deterministic_chronological_adjacency,Immediate adjacency of nonoverlapping source-local intervals; not causality
sensor_event:SE_01564,PRECEDES,sensor_event:SE_01565,15.0,metropt3,results/sensor/events.csv,deterministic_chronological_adjacency,Immediate adjacency of nonoverlapping source-local intervals; not causality
sensor_event:SE_01565,PRECEDES,sensor_event:SE_01566,15.0,metropt3,results/sensor/events.csv,deterministic_chronological_adjacency,Immediate adjacency of nonoverlapping source-local intervals; not causality
sensor_event:SE_01566,PRECEDES,sensor_event:SE_01567,20.0,metropt3,results/sensor/events.csv,deterministic_chronological_adjacency,Immediate adjacency of nonoverlapping source-local intervals; not causality
sensor_event:SE_01567,PRECEDES,sensor_event:SE_01568,15.0,metropt3,results/sensor/events.csv,deterministic_chronological_adjacency,Immediate adjacency of nonoverlapping source-local intervals; not causality
sensor_event:SE_01568,PRECEDES,sensor_event:SE_01569,20.0,metropt3,results/sensor/events.csv,deterministic_chronological_adjacency,Immediate adjacency of nonoverlapping source-local intervals; not causality
sensor_event:SE_01569,PRECEDES,sensor_event:SE_01570,15.0,metropt3,results/sensor/events.csv,deterministic_chronological_adjacency,Immediate adjacency of nonoverlapping source-local intervals; not causality
sensor_event:SE_01570,PRECEDES,sensor_event:SE_01571,15.0,metropt3,results/sensor/events.csv,deterministic_chronological_adjacency,Immediate adjacency of nonoverlapping source-local intervals; not causality
sensor_event:SE_01571,PRECEDES,sensor_event:SE_01572,20.0,metropt3,results/sensor/events.csv,deterministic_chronological_adjacency,Immediate adjacency of nonoverlapping source-local intervals; not causality
sensor_event:SE_01572,PRECEDES,sensor_event:SE_01573,15.0,metropt3,results/sensor/events.csv,deterministic_chronological_adjacency,Immediate adjacency of nonoverlapping source-local intervals; not causality
sensor_event:SE_01573,PRECEDES,sensor_event:SE_01574,15.0,metropt3,results/sensor/events.csv,deterministic_chronological_adjacency,Immediate adjacency of nonoverlapping source-local intervals; not causality
sensor_event:SE_01574,PRECEDES,sensor_event:SE_01575,15.0,metropt3,results/sensor/events.csv,deterministic_chronological_adjacency,Immediate adjacency of nonoverlapping source-local intervals; not causality
sensor_event:SE_01575,PRECEDES,sensor_event:SE_01576,20.0,metropt3,results/sensor/events.csv,deterministic_chronological_adjacency,Immediate adjacency of nonoverlapping source-local intervals; not causality
sensor_event:SE_01576,PRECEDES,sensor_event:SE_01577,15.0,metropt3,results/sensor/events.csv,deterministic_chronological_adjacency,Immediate adjacency of nonoverlapping source-local intervals; not causality
sensor_event:SE_01577,PRECEDES,sensor_event:SE_01578,20.0,metropt3,results/sensor/events.csv,deterministic_chronological_adjacency,Immediate adjacency of nonoverlapping source-local intervals; not causality
sensor_event:SE_01578,PRECEDES,sensor_event:SE_01579,15.0,metropt3,results/sensor/events.csv,deterministic_chronological_adjacency,Immediate adjacency of nonoverlapping source-local intervals; not causality
sensor_event:SE_01579,PRECEDES,sensor_event:SE_01580,20.0,metropt3,results/sensor/events.csv,deterministic_chronological_adjacency,Immediate adjacency of nonoverlapping source-local intervals; not causality
sensor_event:SE_01580,PRECEDES,sensor_event:SE_01581,15.0,metropt3,results/sensor/events.csv,deterministic_chronological_adjacency,Immediate adjacency of nonoverlapping source-local intervals; not causality
sensor_event:SE_01581,PRECEDES,sensor_event:SE_01582,15.0,metropt3,results/sensor/events.csv,deterministic_chronological_adjacency,Immediate adjacency of nonoverlapping source-local intervals; not causality
sensor_event:SE_01582,PRECEDES,sensor_event:SE_01583,15.0,metropt3,results/sensor/events.csv,deterministic_chronological_adjacency,Immediate adjacency of nonoverlapping source-local intervals; not causality
sensor_event:SE_01583,PRECEDES,sensor_event:SE_01584,20.0,metropt3,results/sensor/events.csv,deterministic_chronological_adjacency,Immediate adjacency of nonoverlapping source-local intervals; not causality
sensor_event:SE_01584,PRECEDES,sensor_event:SE_01585,20.0,metropt3,results/sensor/events.csv,deterministic_chronological_adjacency,Immediate adjacency of nonoverlapping source-local intervals; not causality
sensor_event:SE_01585,PRECEDES,sensor_event:SE_01586,15.0,metropt3,results/sensor/events.csv,deterministic_chronological_adjacency,Immediate adjacency of nonoverlapping source-local intervals; not causality
sensor_event:SE_01586,PRECEDES,sensor_event:SE_01587,15.0,metropt3,results/sensor/events.csv,deterministic_chronological_adjacency,Immediate adjacency of nonoverlapping source-local intervals; not causality
sensor_event:SE_01587,PRECEDES,sensor_event:SE_01588,15.0,metropt3,results/sensor/events.csv,deterministic_chronological_adjacency,Immediate adjacency of nonoverlapping source-local intervals; not causality
sensor_event:SE_01588,PRECEDES,sensor_event:SE_01589,15.0,metropt3,results/sensor/events.csv,deterministic_chronological_adjacency,Immediate adjacency of nonoverlapping source-local intervals; not causality
sensor_event:SE_01589,PRECEDES,sensor_event:SE_01590,15.0,metropt3,results/sensor/events.csv,deterministic_chronological_adjacency,Immediate adjacency of nonoverlapping source-local intervals; not causality
sensor_event:SE_01590,PRECEDES,sensor_event:SE_01591,15.0,metropt3,results/sensor/events.csv,deterministic_chronological_adjacency,Immediate adjacency of nonoverlapping source-local intervals; not causality
sensor_event:SE_01591,PRECEDES,sensor_event:SE_01592,15.0,metropt3,results/sensor/events.csv,deterministic_chronological_adjacency,Immediate adjacency of nonoverlapping source-local intervals; not causality
sensor_event:SE_01592,PRECEDES,sensor_event:SE_01593,15.0,metropt3,results/sensor/events.csv,deterministic_chronological_adjacency,Immediate adjacency of nonoverlapping source-local intervals; not causality
sensor_event:SE_01593,PRECEDES,sensor_event:SE_01594,15.0,metropt3,results/sensor/events.csv,deterministic_chronological_adjacency,Immediate adjacency of nonoverlapping source-local intervals; not causality
sensor_event:SE_01594,PRECEDES,sensor_event:SE_01595,15.0,metropt3,results/sensor/events.csv,deterministic_chronological_adjacency,Immediate adjacency of nonoverlapping source-local intervals; not causality
sensor_event:SE_01595,PRECEDES,sensor_event:SE_01596,20.0,metropt3,results/sensor/events.csv,deterministic_chronological_adjacency,Immediate adjacency of nonoverlapping source-local intervals; not causality
sensor_event:SE_01596,PRECEDES,sensor_event:SE_01597,15.0,metropt3,results/sensor/events.csv,deterministic_chronological_adjacency,Immediate adjacency of nonoverlapping source-local intervals; not causality
sensor_event:SE_01597,PRECEDES,sensor_event:SE_01598,15.0,metropt3,results/sensor/events.csv,deterministic_chronological_adjacency,Immediate adjacency of nonoverlapping source-local intervals; not causality
sensor_event:SE_01598,PRECEDES,sensor_event:SE_01599,15.0,metropt3,results/sensor/events.csv,deterministic_chronological_adjacency,Immediate adjacency of nonoverlapping source-local intervals; not causality
sensor_event:SE_01599,PRECEDES,sensor_event:SE_01600,15.0,metropt3,results/sensor/events.csv,deterministic_chronological_adjacency,Immediate adjacency of nonoverlapping source-local intervals; not causality
sensor_event:SE_01600,PRECEDES,sensor_event:SE_01601,15.0,metropt3,results/sensor/events.csv,deterministic_chronological_adjacency,Immediate adjacency of nonoverlapping source-local intervals; not causality
sensor_event:SE_01601,PRECEDES,sensor_event:SE_01602,15.0,metropt3,results/sensor/events.csv,deterministic_chronological_adjacency,Immediate adjacency of nonoverlapping source-local intervals; not causality
sensor_event:SE_01602,PRECEDES,sensor_event:SE_01603,15.0,metropt3,results/sensor/events.csv,deterministic_chronological_adjacency,Immediate adjacency of nonoverlapping source-local intervals; not causality
sensor_event:SE_01603,PRECEDES,sensor_event:SE_01604,15.0,metropt3,results/sensor/events.csv,deterministic_chronological_adjacency,Immediate adjacency of nonoverlapping source-local intervals; not causality
sensor_event:SE_01604,PRECEDES,sensor_event:SE_01605,15.0,metropt3,results/sensor/events.csv,deterministic_chronological_adjacency,Immediate adjacency of nonoverlapping source-local intervals; not causality
sensor_event:SE_01605,PRECEDES,sensor_event:SE_01606,15.0,metropt3,results/sensor/events.csv,deterministic_chronological_adjacency,Immediate adjacency of nonoverlapping source-local intervals; not causality
sensor_event:SE_01606,PRECEDES,sensor_event:SE_01607,15.0,metropt3,results/sensor/events.csv,deterministic_chronological_adjacency,Immediate adjacency of nonoverlapping source-local intervals; not causality
sensor_event:SE_01607,PRECEDES,sensor_event:SE_01608,15.0,metropt3,results/sensor/events.csv,deterministic_chronological_adjacency,Immediate adjacency of nonoverlapping source-local intervals; not causality
sensor_event:SE_01608,PRECEDES,sensor_event:SE_01609,15.0,metropt3,results/sensor/events.csv,deterministic_chronological_adjacency,Immediate adjacency of nonoverlapping source-local intervals; not causality
sensor_event:SE_01609,PRECEDES,sensor_event:SE_01610,15.0,metropt3,results/sensor/events.csv,deterministic_chronological_adjacency,Immediate adjacency of nonoverlapping source-local intervals; not causality
sensor_event:SE_01610,PRECEDES,sensor_event:SE_01611,15.0,metropt3,results/sensor/events.csv,deterministic_chronological_adjacency,Immediate adjacency of nonoverlapping source-local intervals; not causality
sensor_event:SE_01611,PRECEDES,sensor_event:SE_01612,15.0,metropt3,results/sensor/events.csv,deterministic_chronological_adjacency,Immediate adjacency of nonoverlapping source-local intervals; not causality
sensor_event:SE_01612,PRECEDES,sensor_event:SE_01613,15.0,metropt3,results/sensor/events.csv,deterministic_chronological_adjacency,Immediate adjacency of nonoverlapping source-local intervals; not causality
sensor_event:SE_01613,PRECEDES,sensor_event:SE_01614,15.0,metropt3,results/sensor/events.csv,deterministic_chronological_adjacency,Immediate adjacency of nonoverlapping source-local intervals; not causality
sensor_event:SE_01614,PRECEDES,sensor_event:SE_01615,15.0,metropt3,results/sensor/events.csv,deterministic_chronological_adjacency,Immediate adjacency of nonoverlapping source-local intervals; not causality
sensor_event:SE_01615,PRECEDES,sensor_event:SE_01616,15.0,metropt3,results/sensor/events.csv,deterministic_chronological_adjacency,Immediate adjacency of nonoverlapping source-local intervals; not causality
sensor_event:SE_01616,PRECEDES,sensor_event:SE_01617,15.0,metropt3,results/sensor/events.csv,deterministic_chronological_adjacency,Immediate adjacency of nonoverlapping source-local intervals; not causality
sensor_event:SE_01617,PRECEDES,sensor_event:SE_01618,15.0,metropt3,results/sensor/events.csv,deterministic_chronological_adjacency,Immediate adjacency of nonoverlapping source-local intervals; not causality
sensor_event:SE_01618,PRECEDES,sensor_event:SE_01619,15.0,metropt3,results/sensor/events.csv,deterministic_chronological_adjacency,Immediate adjacency of nonoverlapping source-local intervals; not causality
sensor_event:SE_01619,PRECEDES,sensor_event:SE_01620,15.0,metropt3,results/sensor/events.csv,deterministic_chronological_adjacency,Immediate adjacency of nonoverlapping source-local intervals; not causality
sensor_event:SE_01620,PRECEDES,sensor_event:SE_01621,15.0,metropt3,results/sensor/events.csv,deterministic_chronological_adjacency,Immediate adjacency of nonoverlapping source-local intervals; not causality
sensor_event:SE_01621,PRECEDES,sensor_event:SE_01622,15.0,metropt3,results/sensor/events.csv,deterministic_chronological_adjacency,Immediate adjacency of nonoverlapping source-local intervals; not causality
sensor_event:SE_01622,PRECEDES,sensor_event:SE_01623,15.0,metropt3,results/sensor/events.csv,deterministic_chronological_adjacency,Immediate adjacency of nonoverlapping source-local intervals; not causality
sensor_event:SE_01623,PRECEDES,sensor_event:SE_01624,15.0,metropt3,results/sensor/events.csv,deterministic_chronological_adjacency,Immediate adjacency of nonoverlapping source-local intervals; not causality
sensor_event:SE_01624,PRECEDES,sensor_event:SE_01625,15.0,metropt3,results/sensor/events.csv,deterministic_chronological_adjacency,Immediate adjacency of nonoverlapping source-local intervals; not causality
sensor_event:SE_01625,PRECEDES,sensor_event:SE_01626,15.0,metropt3,results/sensor/events.csv,deterministic_chronological_adjacency,Immediate adjacency of nonoverlapping source-local intervals; not causality
sensor_event:SE_01626,PRECEDES,sensor_event:SE_01627,15.0,metropt3,results/sensor/events.csv,deterministic_chronological_adjacency,Immediate adjacency of nonoverlapping source-local intervals; not causality
sensor_event:SE_01627,PRECEDES,sensor_event:SE_01628,15.0,metropt3,results/sensor/events.csv,deterministic_chronological_adjacency,Immediate adjacency of nonoverlapping source-local intervals; not causality
sensor_event:SE_01628,PRECEDES,sensor_event:SE_01629,15.0,metropt3,results/sensor/events.csv,deterministic_chronological_adjacency,Immediate adjacency of nonoverlapping source-local intervals; not causality
sensor_event:SE_01629,PRECEDES,sensor_event:SE_01630,15.0,metropt3,results/sensor/events.csv,deterministic_chronological_adjacency,Immediate adjacency of nonoverlapping source-local intervals; not causality
sensor_event:SE_01630,PRECEDES,sensor_event:SE_01631,15.0,metropt3,results/sensor/events.csv,deterministic_chronological_adjacency,Immediate adjacency of nonoverlapping source-local intervals; not causality
sensor_event:SE_01631,PRECEDES,sensor_event:SE_01632,15.0,metropt3,results/sensor/events.csv,deterministic_chronological_adjacency,Immediate adjacency of nonoverlapping source-local intervals; not causality
sensor_event:SE_01632,PRECEDES,sensor_event:SE_01633,15.0,metropt3,results/sensor/events.csv,deterministic_chronological_adjacency,Immediate adjacency of nonoverlapping source-local intervals; not causality
sensor_event:SE_01633,PRECEDES,sensor_event:SE_01634,15.0,metropt3,results/sensor/events.csv,deterministic_chronological_adjacency,Immediate adjacency of nonoverlapping source-local intervals; not causality
sensor_event:SE_01634,PRECEDES,sensor_event:SE_01635,15.0,metropt3,results/sensor/events.csv,deterministic_chronological_adjacency,Immediate adjacency of nonoverlapping source-local intervals; not causality
sensor_event:SE_01635,PRECEDES,sensor_event:SE_01636,15.0,metropt3,results/sensor/events.csv,deterministic_chronological_adjacency,Immediate adjacency of nonoverlapping source-local intervals; not causality
sensor_event:SE_01636,PRECEDES,sensor_event:SE_01637,15.0,metropt3,results/sensor/events.csv,deterministic_chronological_adjacency,Immediate adjacency of nonoverlapping source-local intervals; not causality
sensor_event:SE_01637,PRECEDES,sensor_event:SE_01638,15.0,metropt3,results/sensor/events.csv,deterministic_chronological_adjacency,Immediate adjacency of nonoverlapping source-local intervals; not causality
sensor_event:SE_01638,PRECEDES,sensor_event:SE_01639,15.0,metropt3,results/sensor/events.csv,deterministic_chronological_adjacency,Immediate adjacency of nonoverlapping source-local intervals; not causality
sensor_event:SE_01639,PRECEDES,sensor_event:SE_01640,15.0,metropt3,results/sensor/events.csv,deterministic_chronological_adjacency,Immediate adjacency of nonoverlapping source-local intervals; not causality
sensor_event:SE_01640,PRECEDES,sensor_event:SE_01641,15.0,metropt3,results/sensor/events.csv,deterministic_chronological_adjacency,Immediate adjacency of nonoverlapping source-local intervals; not causality
sensor_event:SE_01641,PRECEDES,sensor_event:SE_01642,15.0,metropt3,results/sensor/events.csv,deterministic_chronological_adjacency,Immediate adjacency of nonoverlapping source-local intervals; not causality
sensor_event:SE_01642,PRECEDES,sensor_event:SE_01643,15.0,metropt3,results/sensor/events.csv,deterministic_chronological_adjacency,Immediate adjacency of nonoverlapping source-local intervals; not causality
sensor_event:SE_01643,PRECEDES,sensor_event:SE_01644,15.0,metropt3,results/sensor/events.csv,deterministic_chronological_adjacency,Immediate adjacency of nonoverlapping source-local intervals; not causality
sensor_event:SE_01644,PRECEDES,sensor_event:SE_01645,15.0,metropt3,results/sensor/events.csv,deterministic_chronological_adjacency,Immediate adjacency of nonoverlapping source-local intervals; not causality
sensor_event:SE_01645,PRECEDES,sensor_event:SE_01646,15.0,metropt3,results/sensor/events.csv,deterministic_chronological_adjacency,Immediate adjacency of nonoverlapping source-local intervals; not causality
sensor_event:SE_01646,PRECEDES,sensor_event:SE_01647,15.0,metropt3,results/sensor/events.csv,deterministic_chronological_adjacency,Immediate adjacency of nonoverlapping source-local intervals; not causality
sensor_event:SE_01647,PRECEDES,sensor_event:SE_01648,15.0,metropt3,results/sensor/events.csv,deterministic_chronological_adjacency,Immediate adjacency of nonoverlapping source-local intervals; not causality
sensor_event:SE_01648,PRECEDES,sensor_event:SE_01649,15.0,metropt3,results/sensor/events.csv,deterministic_chronological_adjacency,Immediate adjacency of nonoverlapping source-local intervals; not causality
sensor_event:SE_01649,PRECEDES,sensor_event:SE_01650,15.0,metropt3,results/sensor/events.csv,deterministic_chronological_adjacency,Immediate adjacency of nonoverlapping source-local intervals; not causality
sensor_event:SE_01650,PRECEDES,sensor_event:SE_01651,15.0,metropt3,results/sensor/events.csv,deterministic_chronological_adjacency,Immediate adjacency of nonoverlapping source-local intervals; not causality
sensor_event:SE_01651,PRECEDES,sensor_event:SE_01652,15.0,metropt3,results/sensor/events.csv,deterministic_chronological_adjacency,Immediate adjacency of nonoverlapping source-local intervals; not causality
sensor_event:SE_01652,PRECEDES,sensor_event:SE_01653,15.0,metropt3,results/sensor/events.csv,deterministic_chronological_adjacency,Immediate adjacency of nonoverlapping source-local intervals; not causality
sensor_event:SE_01653,PRECEDES,sensor_event:SE_01654,20.0,metropt3,results/sensor/events.csv,deterministic_chronological_adjacency,Immediate adjacency of nonoverlapping source-local intervals; not causality
sensor_event:SE_01654,PRECEDES,sensor_event:SE_01655,15.0,metropt3,results/sensor/events.csv,deterministic_chronological_adjacency,Immediate adjacency of nonoverlapping source-local intervals; not causality
sensor_event:SE_01655,PRECEDES,sensor_event:SE_01656,15.0,metropt3,results/sensor/events.csv,deterministic_chronological_adjacency,Immediate adjacency of nonoverlapping source-local intervals; not causality
sensor_event:SE_01656,PRECEDES,sensor_event:SE_01657,15.0,metropt3,results/sensor/events.csv,deterministic_chronological_adjacency,Immediate adjacency of nonoverlapping source-local intervals; not causality
sensor_event:SE_01657,PRECEDES,sensor_event:SE_01658,15.0,metropt3,results/sensor/events.csv,deterministic_chronological_adjacency,Immediate adjacency of nonoverlapping source-local intervals; not causality
sensor_event:SE_01658,PRECEDES,sensor_event:SE_01659,15.0,metropt3,results/sensor/events.csv,deterministic_chronological_adjacency,Immediate adjacency of nonoverlapping source-local intervals; not causality
sensor_event:SE_01659,PRECEDES,sensor_event:SE_01660,15.0,metropt3,results/sensor/events.csv,deterministic_chronological_adjacency,Immediate adjacency of nonoverlapping source-local intervals; not causality
sensor_event:SE_01660,PRECEDES,sensor_event:SE_01661,15.0,metropt3,results/sensor/events.csv,deterministic_chronological_adjacency,Immediate adjacency of nonoverlapping source-local intervals; not causality
sensor_event:SE_01661,PRECEDES,sensor_event:SE_01662,15.0,metropt3,results/sensor/events.csv,deterministic_chronological_adjacency,Immediate adjacency of nonoverlapping source-local intervals; not causality
sensor_event:SE_01662,PRECEDES,sensor_event:SE_01663,15.0,metropt3,results/sensor/events.csv,deterministic_chronological_adjacency,Immediate adjacency of nonoverlapping source-local intervals; not causality
sensor_event:SE_01663,PRECEDES,sensor_event:SE_01664,15.0,metropt3,results/sensor/events.csv,deterministic_chronological_adjacency,Immediate adjacency of nonoverlapping source-local intervals; not causality
sensor_event:SE_01664,PRECEDES,sensor_event:SE_01665,15.0,metropt3,results/sensor/events.csv,deterministic_chronological_adjacency,Immediate adjacency of nonoverlapping source-local intervals; not causality
sensor_event:SE_01665,PRECEDES,sensor_event:SE_01666,15.0,metropt3,results/sensor/events.csv,deterministic_chronological_adjacency,Immediate adjacency of nonoverlapping source-local intervals; not causality
sensor_event:SE_01666,PRECEDES,sensor_event:SE_01667,20.0,metropt3,results/sensor/events.csv,deterministic_chronological_adjacency,Immediate adjacency of nonoverlapping source-local intervals; not causality
sensor_event:SE_01667,PRECEDES,sensor_event:SE_01668,15.0,metropt3,results/sensor/events.csv,deterministic_chronological_adjacency,Immediate adjacency of nonoverlapping source-local intervals; not causality
sensor_event:SE_01668,PRECEDES,sensor_event:SE_01669,15.0,metropt3,results/sensor/events.csv,deterministic_chronological_adjacency,Immediate adjacency of nonoverlapping source-local intervals; not causality
sensor_event:SE_01669,PRECEDES,sensor_event:SE_01670,20.0,metropt3,results/sensor/events.csv,deterministic_chronological_adjacency,Immediate adjacency of nonoverlapping source-local intervals; not causality
sensor_event:SE_01670,PRECEDES,sensor_event:SE_01671,15.0,metropt3,results/sensor/events.csv,deterministic_chronological_adjacency,Immediate adjacency of nonoverlapping source-local intervals; not causality
sensor_event:SE_01671,PRECEDES,sensor_event:SE_01672,20.0,metropt3,results/sensor/events.csv,deterministic_chronological_adjacency,Immediate adjacency of nonoverlapping source-local intervals; not causality
sensor_event:SE_01672,PRECEDES,sensor_event:SE_01673,15.0,metropt3,results/sensor/events.csv,deterministic_chronological_adjacency,Immediate adjacency of nonoverlapping source-local intervals; not causality
sensor_event:SE_01673,PRECEDES,sensor_event:SE_01674,20.0,metropt3,results/sensor/events.csv,deterministic_chronological_adjacency,Immediate adjacency of nonoverlapping source-local intervals; not causality
sensor_event:SE_01674,PRECEDES,sensor_event:SE_01675,15.0,metropt3,results/sensor/events.csv,deterministic_chronological_adjacency,Immediate adjacency of nonoverlapping source-local intervals; not causality
sensor_event:SE_01675,PRECEDES,sensor_event:SE_01676,15.0,metropt3,results/sensor/events.csv,deterministic_chronological_adjacency,Immediate adjacency of nonoverlapping source-local intervals; not causality
sensor_event:SE_01676,PRECEDES,sensor_event:SE_01677,15.0,metropt3,results/sensor/events.csv,deterministic_chronological_adjacency,Immediate adjacency of nonoverlapping source-local intervals; not causality
sensor_event:SE_01677,PRECEDES,sensor_event:SE_01678,20.0,metropt3,results/sensor/events.csv,deterministic_chronological_adjacency,Immediate adjacency of nonoverlapping source-local intervals; not causality
sensor_event:SE_01678,PRECEDES,sensor_event:SE_01679,15.0,metropt3,results/sensor/events.csv,deterministic_chronological_adjacency,Immediate adjacency of nonoverlapping source-local intervals; not causality
sensor_event:SE_01679,PRECEDES,sensor_event:SE_01680,15.0,metropt3,results/sensor/events.csv,deterministic_chronological_adjacency,Immediate adjacency of nonoverlapping source-local intervals; not causality
sensor_event:SE_01680,PRECEDES,sensor_event:SE_01681,15.0,metropt3,results/sensor/events.csv,deterministic_chronological_adjacency,Immediate adjacency of nonoverlapping source-local intervals; not causality
sensor_event:SE_01681,PRECEDES,sensor_event:SE_01682,15.0,metropt3,results/sensor/events.csv,deterministic_chronological_adjacency,Immediate adjacency of nonoverlapping source-local intervals; not causality
sensor_event:SE_01682,PRECEDES,sensor_event:SE_01683,20.0,metropt3,results/sensor/events.csv,deterministic_chronological_adjacency,Immediate adjacency of nonoverlapping source-local intervals; not causality
sensor_event:SE_01683,PRECEDES,sensor_event:SE_01684,15.0,metropt3,results/sensor/events.csv,deterministic_chronological_adjacency,Immediate adjacency of nonoverlapping source-local intervals; not causality
sensor_event:SE_01684,PRECEDES,sensor_event:SE_01685,15.0,metropt3,results/sensor/events.csv,deterministic_chronological_adjacency,Immediate adjacency of nonoverlapping source-local intervals; not causality
sensor_event:SE_01685,PRECEDES,sensor_event:SE_01686,15.0,metropt3,results/sensor/events.csv,deterministic_chronological_adjacency,Immediate adjacency of nonoverlapping source-local intervals; not causality
sensor_event:SE_01686,PRECEDES,sensor_event:SE_01687,15.0,metropt3,results/sensor/events.csv,deterministic_chronological_adjacency,Immediate adjacency of nonoverlapping source-local intervals; not causality
sensor_event:SE_01687,PRECEDES,sensor_event:SE_01688,15.0,metropt3,results/sensor/events.csv,deterministic_chronological_adjacency,Immediate adjacency of nonoverlapping source-local intervals; not causality
sensor_event:SE_01688,PRECEDES,sensor_event:SE_01689,15.0,metropt3,results/sensor/events.csv,deterministic_chronological_adjacency,Immediate adjacency of nonoverlapping source-local intervals; not causality
sensor_event:SE_01689,PRECEDES,sensor_event:SE_01690,15.0,metropt3,results/sensor/events.csv,deterministic_chronological_adjacency,Immediate adjacency of nonoverlapping source-local intervals; not causality
sensor_event:SE_01690,PRECEDES,sensor_event:SE_01691,15.0,metropt3,results/sensor/events.csv,deterministic_chronological_adjacency,Immediate adjacency of nonoverlapping source-local intervals; not causality
sensor_event:SE_01691,PRECEDES,sensor_event:SE_01692,15.0,metropt3,results/sensor/events.csv,deterministic_chronological_adjacency,Immediate adjacency of nonoverlapping source-local intervals; not causality
sensor_event:SE_01692,PRECEDES,sensor_event:SE_01693,15.0,metropt3,results/sensor/events.csv,deterministic_chronological_adjacency,Immediate adjacency of nonoverlapping source-local intervals; not causality
sensor_event:SE_01693,PRECEDES,sensor_event:SE_01694,15.0,metropt3,results/sensor/events.csv,deterministic_chronological_adjacency,Immediate adjacency of nonoverlapping source-local intervals; not causality
sensor_event:SE_01694,PRECEDES,sensor_event:SE_01695,125.0,metropt3,results/sensor/events.csv,deterministic_chronological_adjacency,Immediate adjacency of nonoverlapping source-local intervals; not causality
sensor_event:SE_01695,PRECEDES,sensor_event:SE_01696,15.0,metropt3,results/sensor/events.csv,deterministic_chronological_adjacency,Immediate adjacency of nonoverlapping source-local intervals; not causality
sensor_event:SE_01696,PRECEDES,sensor_event:SE_01697,15.0,metropt3,results/sensor/events.csv,deterministic_chronological_adjacency,Immediate adjacency of nonoverlapping source-local intervals; not causality
sensor_event:SE_01697,PRECEDES,sensor_event:SE_01698,15.0,metropt3,results/sensor/events.csv,deterministic_chronological_adjacency,Immediate adjacency of nonoverlapping source-local intervals; not causality
sensor_event:SE_01698,PRECEDES,sensor_event:SE_01699,15.0,metropt3,results/sensor/events.csv,deterministic_chronological_adjacency,Immediate adjacency of nonoverlapping source-local intervals; not causality
sensor_event:SE_01699,PRECEDES,sensor_event:SE_01700,15.0,metropt3,results/sensor/events.csv,deterministic_chronological_adjacency,Immediate adjacency of nonoverlapping source-local intervals; not causality
sensor_event:SE_01700,PRECEDES,sensor_event:SE_01701,15.0,metropt3,results/sensor/events.csv,deterministic_chronological_adjacency,Immediate adjacency of nonoverlapping source-local intervals; not causality
sensor_event:SE_01701,PRECEDES,sensor_event:SE_01702,15.0,metropt3,results/sensor/events.csv,deterministic_chronological_adjacency,Immediate adjacency of nonoverlapping source-local intervals; not causality
sensor_event:SE_01702,PRECEDES,sensor_event:SE_01703,15.0,metropt3,results/sensor/events.csv,deterministic_chronological_adjacency,Immediate adjacency of nonoverlapping source-local intervals; not causality
sensor_event:SE_01703,PRECEDES,sensor_event:SE_01704,15.0,metropt3,results/sensor/events.csv,deterministic_chronological_adjacency,Immediate adjacency of nonoverlapping source-local intervals; not causality
sensor_event:SE_01704,PRECEDES,sensor_event:SE_01705,15.0,metropt3,results/sensor/events.csv,deterministic_chronological_adjacency,Immediate adjacency of nonoverlapping source-local intervals; not causality
sensor_event:SE_01705,PRECEDES,sensor_event:SE_01706,20.0,metropt3,results/sensor/events.csv,deterministic_chronological_adjacency,Immediate adjacency of nonoverlapping source-local intervals; not causality
sensor_event:SE_01706,PRECEDES,sensor_event:SE_01707,20.0,metropt3,results/sensor/events.csv,deterministic_chronological_adjacency,Immediate adjacency of nonoverlapping source-local intervals; not causality
sensor_event:SE_01707,PRECEDES,sensor_event:SE_01708,15.0,metropt3,results/sensor/events.csv,deterministic_chronological_adjacency,Immediate adjacency of nonoverlapping source-local intervals; not causality
sensor_event:SE_01708,PRECEDES,sensor_event:SE_01709,15.0,metropt3,results/sensor/events.csv,deterministic_chronological_adjacency,Immediate adjacency of nonoverlapping source-local intervals; not causality
sensor_event:SE_01709,PRECEDES,sensor_event:SE_01710,20.0,metropt3,results/sensor/events.csv,deterministic_chronological_adjacency,Immediate adjacency of nonoverlapping source-local intervals; not causality
sensor_event:SE_01710,PRECEDES,sensor_event:SE_01711,15.0,metropt3,results/sensor/events.csv,deterministic_chronological_adjacency,Immediate adjacency of nonoverlapping source-local intervals; not causality
sensor_event:SE_01711,PRECEDES,sensor_event:SE_01712,15.0,metropt3,results/sensor/events.csv,deterministic_chronological_adjacency,Immediate adjacency of nonoverlapping source-local intervals; not causality
sensor_event:SE_01712,PRECEDES,sensor_event:SE_01713,15.0,metropt3,results/sensor/events.csv,deterministic_chronological_adjacency,Immediate adjacency of nonoverlapping source-local intervals; not causality
sensor_event:SE_01713,PRECEDES,sensor_event:SE_01714,15.0,metropt3,results/sensor/events.csv,deterministic_chronological_adjacency,Immediate adjacency of nonoverlapping source-local intervals; not causality
sensor_event:SE_01714,PRECEDES,sensor_event:SE_01715,15.0,metropt3,results/sensor/events.csv,deterministic_chronological_adjacency,Immediate adjacency of nonoverlapping source-local intervals; not causality
sensor_event:SE_01715,PRECEDES,sensor_event:SE_01716,15.0,metropt3,results/sensor/events.csv,deterministic_chronological_adjacency,Immediate adjacency of nonoverlapping source-local intervals; not causality
sensor_event:SE_01716,PRECEDES,sensor_event:SE_01717,20.0,metropt3,results/sensor/events.csv,deterministic_chronological_adjacency,Immediate adjacency of nonoverlapping source-local intervals; not causality
sensor_event:SE_01717,PRECEDES,sensor_event:SE_01718,15.0,metropt3,results/sensor/events.csv,deterministic_chronological_adjacency,Immediate adjacency of nonoverlapping source-local intervals; not causality
sensor_event:SE_01718,PRECEDES,sensor_event:SE_01719,15.0,metropt3,results/sensor/events.csv,deterministic_chronological_adjacency,Immediate adjacency of nonoverlapping source-local intervals; not causality
sensor_event:SE_01719,PRECEDES,sensor_event:SE_01720,15.0,metropt3,results/sensor/events.csv,deterministic_chronological_adjacency,Immediate adjacency of nonoverlapping source-local intervals; not causality
sensor_event:SE_01720,PRECEDES,sensor_event:SE_01721,20.0,metropt3,results/sensor/events.csv,deterministic_chronological_adjacency,Immediate adjacency of nonoverlapping source-local intervals; not causality
sensor_event:SE_01721,PRECEDES,sensor_event:SE_01722,15.0,metropt3,results/sensor/events.csv,deterministic_chronological_adjacency,Immediate adjacency of nonoverlapping source-local intervals; not causality
sensor_event:SE_01722,PRECEDES,sensor_event:SE_01723,15.0,metropt3,results/sensor/events.csv,deterministic_chronological_adjacency,Immediate adjacency of nonoverlapping source-local intervals; not causality
sensor_event:SE_01723,PRECEDES,sensor_event:SE_01724,15.0,metropt3,results/sensor/events.csv,deterministic_chronological_adjacency,Immediate adjacency of nonoverlapping source-local intervals; not causality
sensor_event:SE_01724,PRECEDES,sensor_event:SE_01725,15.0,metropt3,results/sensor/events.csv,deterministic_chronological_adjacency,Immediate adjacency of nonoverlapping source-local intervals; not causality
sensor_event:SE_01725,PRECEDES,sensor_event:SE_01726,15.0,metropt3,results/sensor/events.csv,deterministic_chronological_adjacency,Immediate adjacency of nonoverlapping source-local intervals; not causality
sensor_event:SE_01726,PRECEDES,sensor_event:SE_01727,20.0,metropt3,results/sensor/events.csv,deterministic_chronological_adjacency,Immediate adjacency of nonoverlapping source-local intervals; not causality
sensor_event:SE_01727,PRECEDES,sensor_event:SE_01728,20.0,metropt3,results/sensor/events.csv,deterministic_chronological_adjacency,Immediate adjacency of nonoverlapping source-local intervals; not causality
sensor_event:SE_01728,PRECEDES,sensor_event:SE_01729,15.0,metropt3,results/sensor/events.csv,deterministic_chronological_adjacency,Immediate adjacency of nonoverlapping source-local intervals; not causality
sensor_event:SE_01729,PRECEDES,sensor_event:SE_01730,15.0,metropt3,results/sensor/events.csv,deterministic_chronological_adjacency,Immediate adjacency of nonoverlapping source-local intervals; not causality
sensor_event:SE_01730,PRECEDES,sensor_event:SE_01731,20.0,metropt3,results/sensor/events.csv,deterministic_chronological_adjacency,Immediate adjacency of nonoverlapping source-local intervals; not causality
sensor_event:SE_01731,PRECEDES,sensor_event:SE_01732,20.0,metropt3,results/sensor/events.csv,deterministic_chronological_adjacency,Immediate adjacency of nonoverlapping source-local intervals; not causality
sensor_event:SE_01732,PRECEDES,sensor_event:SE_01733,20.0,metropt3,results/sensor/events.csv,deterministic_chronological_adjacency,Immediate adjacency of nonoverlapping source-local intervals; not causality
sensor_event:SE_01733,PRECEDES,sensor_event:SE_01734,20.0,metropt3,results/sensor/events.csv,deterministic_chronological_adjacency,Immediate adjacency of nonoverlapping source-local intervals; not causality
sensor_event:SE_01734,PRECEDES,sensor_event:SE_01735,15.0,metropt3,results/sensor/events.csv,deterministic_chronological_adjacency,Immediate adjacency of nonoverlapping source-local intervals; not causality
sensor_event:SE_01735,PRECEDES,sensor_event:SE_01736,15.0,metropt3,results/sensor/events.csv,deterministic_chronological_adjacency,Immediate adjacency of nonoverlapping source-local intervals; not causality
sensor_event:SE_01736,PRECEDES,sensor_event:SE_01737,20.0,metropt3,results/sensor/events.csv,deterministic_chronological_adjacency,Immediate adjacency of nonoverlapping source-local intervals; not causality
sensor_event:SE_01737,PRECEDES,sensor_event:SE_01738,20.0,metropt3,results/sensor/events.csv,deterministic_chronological_adjacency,Immediate adjacency of nonoverlapping source-local intervals; not causality
sensor_event:SE_01738,PRECEDES,sensor_event:SE_01739,20.0,metropt3,results/sensor/events.csv,deterministic_chronological_adjacency,Immediate adjacency of nonoverlapping source-local intervals; not causality
sensor_event:SE_01739,PRECEDES,sensor_event:SE_01740,15.0,metropt3,results/sensor/events.csv,deterministic_chronological_adjacency,Immediate adjacency of nonoverlapping source-local intervals; not causality
sensor_event:SE_01740,PRECEDES,sensor_event:SE_01741,15.0,metropt3,results/sensor/events.csv,deterministic_chronological_adjacency,Immediate adjacency of nonoverlapping source-local intervals; not causality
sensor_event:SE_01741,PRECEDES,sensor_event:SE_01742,15.0,metropt3,results/sensor/events.csv,deterministic_chronological_adjacency,Immediate adjacency of nonoverlapping source-local intervals; not causality
sensor_event:SE_01742,PRECEDES,sensor_event:SE_01743,15.0,metropt3,results/sensor/events.csv,deterministic_chronological_adjacency,Immediate adjacency of nonoverlapping source-local intervals; not causality
sensor_event:SE_01743,PRECEDES,sensor_event:SE_01744,15.0,metropt3,results/sensor/events.csv,deterministic_chronological_adjacency,Immediate adjacency of nonoverlapping source-local intervals; not causality
sensor_event:SE_01744,PRECEDES,sensor_event:SE_01745,20.0,metropt3,results/sensor/events.csv,deterministic_chronological_adjacency,Immediate adjacency of nonoverlapping source-local intervals; not causality
sensor_event:SE_01745,PRECEDES,sensor_event:SE_01746,15.0,metropt3,results/sensor/events.csv,deterministic_chronological_adjacency,Immediate adjacency of nonoverlapping source-local intervals; not causality
sensor_event:SE_01746,PRECEDES,sensor_event:SE_01747,20.0,metropt3,results/sensor/events.csv,deterministic_chronological_adjacency,Immediate adjacency of nonoverlapping source-local intervals; not causality
sensor_event:SE_01747,PRECEDES,sensor_event:SE_01748,15.0,metropt3,results/sensor/events.csv,deterministic_chronological_adjacency,Immediate adjacency of nonoverlapping source-local intervals; not causality
sensor_event:SE_01748,PRECEDES,sensor_event:SE_01749,40.0,metropt3,results/sensor/events.csv,deterministic_chronological_adjacency,Immediate adjacency of nonoverlapping source-local intervals; not causality
sensor_event:SE_01749,PRECEDES,sensor_event:SE_01750,60.0,metropt3,results/sensor/events.csv,deterministic_chronological_adjacency,Immediate adjacency of nonoverlapping source-local intervals; not causality
sensor_event:SE_01750,PRECEDES,sensor_event:SE_01751,20.0,metropt3,results/sensor/events.csv,deterministic_chronological_adjacency,Immediate adjacency of nonoverlapping source-local intervals; not causality
sensor_event:SE_01751,PRECEDES,sensor_event:SE_01752,15.0,metropt3,results/sensor/events.csv,deterministic_chronological_adjacency,Immediate adjacency of nonoverlapping source-local intervals; not causality
sensor_event:SE_01752,PRECEDES,sensor_event:SE_01753,15.0,metropt3,results/sensor/events.csv,deterministic_chronological_adjacency,Immediate adjacency of nonoverlapping source-local intervals; not causality
sensor_event:SE_01753,PRECEDES,sensor_event:SE_01754,15.0,metropt3,results/sensor/events.csv,deterministic_chronological_adjacency,Immediate adjacency of nonoverlapping source-local intervals; not causality
sensor_event:SE_01754,PRECEDES,sensor_event:SE_01755,15.0,metropt3,results/sensor/events.csv,deterministic_chronological_adjacency,Immediate adjacency of nonoverlapping source-local intervals; not causality
sensor_event:SE_01755,PRECEDES,sensor_event:SE_01756,15.0,metropt3,results/sensor/events.csv,deterministic_chronological_adjacency,Immediate adjacency of nonoverlapping source-local intervals; not causality
sensor_event:SE_01756,PRECEDES,sensor_event:SE_01757,15.0,metropt3,results/sensor/events.csv,deterministic_chronological_adjacency,Immediate adjacency of nonoverlapping source-local intervals; not causality
sensor_event:SE_01757,PRECEDES,sensor_event:SE_01758,15.0,metropt3,results/sensor/events.csv,deterministic_chronological_adjacency,Immediate adjacency of nonoverlapping source-local intervals; not causality
sensor_event:SE_01758,PRECEDES,sensor_event:SE_01759,20.0,metropt3,results/sensor/events.csv,deterministic_chronological_adjacency,Immediate adjacency of nonoverlapping source-local intervals; not causality
sensor_event:SE_01759,PRECEDES,sensor_event:SE_01760,15.0,metropt3,results/sensor/events.csv,deterministic_chronological_adjacency,Immediate adjacency of nonoverlapping source-local intervals; not causality
sensor_event:SE_01760,PRECEDES,sensor_event:SE_01761,20.0,metropt3,results/sensor/events.csv,deterministic_chronological_adjacency,Immediate adjacency of nonoverlapping source-local intervals; not causality
sensor_event:SE_01761,PRECEDES,sensor_event:SE_01762,15.0,metropt3,results/sensor/events.csv,deterministic_chronological_adjacency,Immediate adjacency of nonoverlapping source-local intervals; not causality
sensor_event:SE_01762,PRECEDES,sensor_event:SE_01763,15.0,metropt3,results/sensor/events.csv,deterministic_chronological_adjacency,Immediate adjacency of nonoverlapping source-local intervals; not causality
sensor_event:SE_01763,PRECEDES,sensor_event:SE_01764,15.0,metropt3,results/sensor/events.csv,deterministic_chronological_adjacency,Immediate adjacency of nonoverlapping source-local intervals; not causality
sensor_event:SE_01764,PRECEDES,sensor_event:SE_01765,20.0,metropt3,results/sensor/events.csv,deterministic_chronological_adjacency,Immediate adjacency of nonoverlapping source-local intervals; not causality
sensor_event:SE_01765,PRECEDES,sensor_event:SE_01766,15.0,metropt3,results/sensor/events.csv,deterministic_chronological_adjacency,Immediate adjacency of nonoverlapping source-local intervals; not causality
sensor_event:SE_01766,PRECEDES,sensor_event:SE_01767,15.0,metropt3,results/sensor/events.csv,deterministic_chronological_adjacency,Immediate adjacency of nonoverlapping source-local intervals; not causality
sensor_event:SE_01767,PRECEDES,sensor_event:SE_01768,15.0,metropt3,results/sensor/events.csv,deterministic_chronological_adjacency,Immediate adjacency of nonoverlapping source-local intervals; not causality
sensor_event:SE_01768,PRECEDES,sensor_event:SE_01769,15.0,metropt3,results/sensor/events.csv,deterministic_chronological_adjacency,Immediate adjacency of nonoverlapping source-local intervals; not causality
sensor_event:SE_01769,PRECEDES,sensor_event:SE_01770,20.0,metropt3,results/sensor/events.csv,deterministic_chronological_adjacency,Immediate adjacency of nonoverlapping source-local intervals; not causality
sensor_event:SE_01770,PRECEDES,sensor_event:SE_01771,15.0,metropt3,results/sensor/events.csv,deterministic_chronological_adjacency,Immediate adjacency of nonoverlapping source-local intervals; not causality
sensor_event:SE_01771,PRECEDES,sensor_event:SE_01772,20.0,metropt3,results/sensor/events.csv,deterministic_chronological_adjacency,Immediate adjacency of nonoverlapping source-local intervals; not causality
sensor_event:SE_01772,PRECEDES,sensor_event:SE_01773,15.0,metropt3,results/sensor/events.csv,deterministic_chronological_adjacency,Immediate adjacency of nonoverlapping source-local intervals; not causality
sensor_event:SE_01773,PRECEDES,sensor_event:SE_01774,15.0,metropt3,results/sensor/events.csv,deterministic_chronological_adjacency,Immediate adjacency of nonoverlapping source-local intervals; not causality
sensor_event:SE_01774,PRECEDES,sensor_event:SE_01775,20.0,metropt3,results/sensor/events.csv,deterministic_chronological_adjacency,Immediate adjacency of nonoverlapping source-local intervals; not causality
sensor_event:SE_01775,PRECEDES,sensor_event:SE_01776,20.0,metropt3,results/sensor/events.csv,deterministic_chronological_adjacency,Immediate adjacency of nonoverlapping source-local intervals; not causality
sensor_event:SE_01776,PRECEDES,sensor_event:SE_01777,15.0,metropt3,results/sensor/events.csv,deterministic_chronological_adjacency,Immediate adjacency of nonoverlapping source-local intervals; not causality
sensor_event:SE_01777,PRECEDES,sensor_event:SE_01778,15.0,metropt3,results/sensor/events.csv,deterministic_chronological_adjacency,Immediate adjacency of nonoverlapping source-local intervals; not causality
sensor_event:SE_01778,PRECEDES,sensor_event:SE_01779,15.0,metropt3,results/sensor/events.csv,deterministic_chronological_adjacency,Immediate adjacency of nonoverlapping source-local intervals; not causality
sensor_event:SE_01779,PRECEDES,sensor_event:SE_01780,15.0,metropt3,results/sensor/events.csv,deterministic_chronological_adjacency,Immediate adjacency of nonoverlapping source-local intervals; not causality
sensor_event:SE_01780,PRECEDES,sensor_event:SE_01781,15.0,metropt3,results/sensor/events.csv,deterministic_chronological_adjacency,Immediate adjacency of nonoverlapping source-local intervals; not causality
sensor_event:SE_01781,PRECEDES,sensor_event:SE_01782,15.0,metropt3,results/sensor/events.csv,deterministic_chronological_adjacency,Immediate adjacency of nonoverlapping source-local intervals; not causality
sensor_event:SE_01782,PRECEDES,sensor_event:SE_01783,15.0,metropt3,results/sensor/events.csv,deterministic_chronological_adjacency,Immediate adjacency of nonoverlapping source-local intervals; not causality
sensor_event:SE_01783,PRECEDES,sensor_event:SE_01784,15.0,metropt3,results/sensor/events.csv,deterministic_chronological_adjacency,Immediate adjacency of nonoverlapping source-local intervals; not causality
sensor_event:SE_01784,PRECEDES,sensor_event:SE_01785,15.0,metropt3,results/sensor/events.csv,deterministic_chronological_adjacency,Immediate adjacency of nonoverlapping source-local intervals; not causality
sensor_event:SE_01785,PRECEDES,sensor_event:SE_01786,15.0,metropt3,results/sensor/events.csv,deterministic_chronological_adjacency,Immediate adjacency of nonoverlapping source-local intervals; not causality
sensor_event:SE_01786,PRECEDES,sensor_event:SE_01787,15.0,metropt3,results/sensor/events.csv,deterministic_chronological_adjacency,Immediate adjacency of nonoverlapping source-local intervals; not causality
sensor_event:SE_01787,PRECEDES,sensor_event:SE_01788,15.0,metropt3,results/sensor/events.csv,deterministic_chronological_adjacency,Immediate adjacency of nonoverlapping source-local intervals; not causality
sensor_event:SE_01788,PRECEDES,sensor_event:SE_01789,15.0,metropt3,results/sensor/events.csv,deterministic_chronological_adjacency,Immediate adjacency of nonoverlapping source-local intervals; not causality
sensor_event:SE_01789,PRECEDES,sensor_event:SE_01790,15.0,metropt3,results/sensor/events.csv,deterministic_chronological_adjacency,Immediate adjacency of nonoverlapping source-local intervals; not causality
sensor_event:SE_01790,PRECEDES,sensor_event:SE_01791,15.0,metropt3,results/sensor/events.csv,deterministic_chronological_adjacency,Immediate adjacency of nonoverlapping source-local intervals; not causality
sensor_event:SE_01791,PRECEDES,sensor_event:SE_01792,15.0,metropt3,results/sensor/events.csv,deterministic_chronological_adjacency,Immediate adjacency of nonoverlapping source-local intervals; not causality
sensor_event:SE_01792,PRECEDES,sensor_event:SE_01793,15.0,metropt3,results/sensor/events.csv,deterministic_chronological_adjacency,Immediate adjacency of nonoverlapping source-local intervals; not causality
sensor_event:SE_01793,PRECEDES,sensor_event:SE_01794,15.0,metropt3,results/sensor/events.csv,deterministic_chronological_adjacency,Immediate adjacency of nonoverlapping source-local intervals; not causality
sensor_event:SE_01794,PRECEDES,sensor_event:SE_01795,15.0,metropt3,results/sensor/events.csv,deterministic_chronological_adjacency,Immediate adjacency of nonoverlapping source-local intervals; not causality
sensor_event:SE_01795,PRECEDES,sensor_event:SE_01796,15.0,metropt3,results/sensor/events.csv,deterministic_chronological_adjacency,Immediate adjacency of nonoverlapping source-local intervals; not causality
sensor_event:SE_01796,PRECEDES,sensor_event:SE_01797,15.0,metropt3,results/sensor/events.csv,deterministic_chronological_adjacency,Immediate adjacency of nonoverlapping source-local intervals; not causality
sensor_event:SE_01797,PRECEDES,sensor_event:SE_01798,15.0,metropt3,results/sensor/events.csv,deterministic_chronological_adjacency,Immediate adjacency of nonoverlapping source-local intervals; not causality
sensor_event:SE_01798,PRECEDES,sensor_event:SE_01799,15.0,metropt3,results/sensor/events.csv,deterministic_chronological_adjacency,Immediate adjacency of nonoverlapping source-local intervals; not causality
sensor_event:SE_01799,PRECEDES,sensor_event:SE_01800,15.0,metropt3,results/sensor/events.csv,deterministic_chronological_adjacency,Immediate adjacency of nonoverlapping source-local intervals; not causality
sensor_event:SE_01800,PRECEDES,sensor_event:SE_01801,15.0,metropt3,results/sensor/events.csv,deterministic_chronological_adjacency,Immediate adjacency of nonoverlapping source-local intervals; not causality
sensor_event:SE_01801,PRECEDES,sensor_event:SE_01802,15.0,metropt3,results/sensor/events.csv,deterministic_chronological_adjacency,Immediate adjacency of nonoverlapping source-local intervals; not causality
sensor_event:SE_01802,PRECEDES,sensor_event:SE_01803,15.0,metropt3,results/sensor/events.csv,deterministic_chronological_adjacency,Immediate adjacency of nonoverlapping source-local intervals; not causality
sensor_event:SE_01803,PRECEDES,sensor_event:SE_01804,15.0,metropt3,results/sensor/events.csv,deterministic_chronological_adjacency,Immediate adjacency of nonoverlapping source-local intervals; not causality
sensor_event:SE_01804,PRECEDES,sensor_event:SE_01805,15.0,metropt3,results/sensor/events.csv,deterministic_chronological_adjacency,Immediate adjacency of nonoverlapping source-local intervals; not causality
sensor_event:SE_01805,PRECEDES,sensor_event:SE_01806,15.0,metropt3,results/sensor/events.csv,deterministic_chronological_adjacency,Immediate adjacency of nonoverlapping source-local intervals; not causality
sensor_event:SE_01806,PRECEDES,sensor_event:SE_01807,15.0,metropt3,results/sensor/events.csv,deterministic_chronological_adjacency,Immediate adjacency of nonoverlapping source-local intervals; not causality
sensor_event:SE_01807,PRECEDES,sensor_event:SE_01808,15.0,metropt3,results/sensor/events.csv,deterministic_chronological_adjacency,Immediate adjacency of nonoverlapping source-local intervals; not causality
sensor_event:SE_01808,PRECEDES,sensor_event:SE_01809,15.0,metropt3,results/sensor/events.csv,deterministic_chronological_adjacency,Immediate adjacency of nonoverlapping source-local intervals; not causality
sensor_event:SE_01809,PRECEDES,sensor_event:SE_01810,15.0,metropt3,results/sensor/events.csv,deterministic_chronological_adjacency,Immediate adjacency of nonoverlapping source-local intervals; not causality
sensor_event:SE_01810,PRECEDES,sensor_event:SE_01811,15.0,metropt3,results/sensor/events.csv,deterministic_chronological_adjacency,Immediate adjacency of nonoverlapping source-local intervals; not causality
sensor_event:SE_01811,PRECEDES,sensor_event:SE_01812,15.0,metropt3,results/sensor/events.csv,deterministic_chronological_adjacency,Immediate adjacency of nonoverlapping source-local intervals; not causality
sensor_event:SE_01812,PRECEDES,sensor_event:SE_01813,15.0,metropt3,results/sensor/events.csv,deterministic_chronological_adjacency,Immediate adjacency of nonoverlapping source-local intervals; not causality
sensor_event:SE_01813,PRECEDES,sensor_event:SE_01814,15.0,metropt3,results/sensor/events.csv,deterministic_chronological_adjacency,Immediate adjacency of nonoverlapping source-local intervals; not causality
sensor_event:SE_01814,PRECEDES,sensor_event:SE_01815,15.0,metropt3,results/sensor/events.csv,deterministic_chronological_adjacency,Immediate adjacency of nonoverlapping source-local intervals; not causality
sensor_event:SE_01815,PRECEDES,sensor_event:SE_01816,15.0,metropt3,results/sensor/events.csv,deterministic_chronological_adjacency,Immediate adjacency of nonoverlapping source-local intervals; not causality
sensor_event:SE_01816,PRECEDES,sensor_event:SE_01817,15.0,metropt3,results/sensor/events.csv,deterministic_chronological_adjacency,Immediate adjacency of nonoverlapping source-local intervals; not causality
sensor_event:SE_01817,PRECEDES,sensor_event:SE_01818,15.0,metropt3,results/sensor/events.csv,deterministic_chronological_adjacency,Immediate adjacency of nonoverlapping source-local intervals; not causality
sensor_event:SE_01818,PRECEDES,sensor_event:SE_01819,15.0,metropt3,results/sensor/events.csv,deterministic_chronological_adjacency,Immediate adjacency of nonoverlapping source-local intervals; not causality
sensor_event:SE_01819,PRECEDES,sensor_event:SE_01820,15.0,metropt3,results/sensor/events.csv,deterministic_chronological_adjacency,Immediate adjacency of nonoverlapping source-local intervals; not causality
sensor_event:SE_01820,PRECEDES,sensor_event:SE_01821,15.0,metropt3,results/sensor/events.csv,deterministic_chronological_adjacency,Immediate adjacency of nonoverlapping source-local intervals; not causality
sensor_event:SE_01821,PRECEDES,sensor_event:SE_01822,15.0,metropt3,results/sensor/events.csv,deterministic_chronological_adjacency,Immediate adjacency of nonoverlapping source-local intervals; not causality
sensor_event:SE_01822,PRECEDES,sensor_event:SE_01823,15.0,metropt3,results/sensor/events.csv,deterministic_chronological_adjacency,Immediate adjacency of nonoverlapping source-local intervals; not causality
sensor_event:SE_01823,PRECEDES,sensor_event:SE_01824,15.0,metropt3,results/sensor/events.csv,deterministic_chronological_adjacency,Immediate adjacency of nonoverlapping source-local intervals; not causality
sensor_event:SE_01824,PRECEDES,sensor_event:SE_01825,15.0,metropt3,results/sensor/events.csv,deterministic_chronological_adjacency,Immediate adjacency of nonoverlapping source-local intervals; not causality
sensor_event:SE_01825,PRECEDES,sensor_event:SE_01826,15.0,metropt3,results/sensor/events.csv,deterministic_chronological_adjacency,Immediate adjacency of nonoverlapping source-local intervals; not causality
sensor_event:SE_01826,PRECEDES,sensor_event:SE_01827,15.0,metropt3,results/sensor/events.csv,deterministic_chronological_adjacency,Immediate adjacency of nonoverlapping source-local intervals; not causality
sensor_event:SE_01827,PRECEDES,sensor_event:SE_01828,15.0,metropt3,results/sensor/events.csv,deterministic_chronological_adjacency,Immediate adjacency of nonoverlapping source-local intervals; not causality
sensor_event:SE_01828,PRECEDES,sensor_event:SE_01829,15.0,metropt3,results/sensor/events.csv,deterministic_chronological_adjacency,Immediate adjacency of nonoverlapping source-local intervals; not causality
sensor_event:SE_01829,PRECEDES,sensor_event:SE_01830,15.0,metropt3,results/sensor/events.csv,deterministic_chronological_adjacency,Immediate adjacency of nonoverlapping source-local intervals; not causality
sensor_event:SE_01830,PRECEDES,sensor_event:SE_01831,15.0,metropt3,results/sensor/events.csv,deterministic_chronological_adjacency,Immediate adjacency of nonoverlapping source-local intervals; not causality
sensor_event:SE_01831,PRECEDES,sensor_event:SE_01832,15.0,metropt3,results/sensor/events.csv,deterministic_chronological_adjacency,Immediate adjacency of nonoverlapping source-local intervals; not causality
sensor_event:SE_01832,PRECEDES,sensor_event:SE_01833,15.0,metropt3,results/sensor/events.csv,deterministic_chronological_adjacency,Immediate adjacency of nonoverlapping source-local intervals; not causality
sensor_event:SE_01833,PRECEDES,sensor_event:SE_01834,15.0,metropt3,results/sensor/events.csv,deterministic_chronological_adjacency,Immediate adjacency of nonoverlapping source-local intervals; not causality
sensor_event:SE_01834,PRECEDES,sensor_event:SE_01835,165.0,metropt3,results/sensor/events.csv,deterministic_chronological_adjacency,Immediate adjacency of nonoverlapping source-local intervals; not causality
sensor_event:SE_01835,PRECEDES,sensor_event:SE_01836,345.0,metropt3,results/sensor/events.csv,deterministic_chronological_adjacency,Immediate adjacency of nonoverlapping source-local intervals; not causality
sensor_event:SE_01836,PRECEDES,sensor_event:SE_01837,15.0,metropt3,results/sensor/events.csv,deterministic_chronological_adjacency,Immediate adjacency of nonoverlapping source-local intervals; not causality
sensor_event:SE_01837,PRECEDES,sensor_event:SE_01838,15.0,metropt3,results/sensor/events.csv,deterministic_chronological_adjacency,Immediate adjacency of nonoverlapping source-local intervals; not causality
sensor_event:SE_01838,PRECEDES,sensor_event:SE_01839,15.0,metropt3,results/sensor/events.csv,deterministic_chronological_adjacency,Immediate adjacency of nonoverlapping source-local intervals; not causality
sensor_event:SE_01839,PRECEDES,sensor_event:SE_01840,15.0,metropt3,results/sensor/events.csv,deterministic_chronological_adjacency,Immediate adjacency of nonoverlapping source-local intervals; not causality
sensor_event:SE_01840,PRECEDES,sensor_event:SE_01841,15.0,metropt3,results/sensor/events.csv,deterministic_chronological_adjacency,Immediate adjacency of nonoverlapping source-local intervals; not causality
sensor_event:SE_01841,PRECEDES,sensor_event:SE_01842,15.0,metropt3,results/sensor/events.csv,deterministic_chronological_adjacency,Immediate adjacency of nonoverlapping source-local intervals; not causality
sensor_event:SE_01842,PRECEDES,sensor_event:SE_01843,15.0,metropt3,results/sensor/events.csv,deterministic_chronological_adjacency,Immediate adjacency of nonoverlapping source-local intervals; not causality
sensor_event:SE_01843,PRECEDES,sensor_event:SE_01844,15.0,metropt3,results/sensor/events.csv,deterministic_chronological_adjacency,Immediate adjacency of nonoverlapping source-local intervals; not causality
sensor_event:SE_01844,PRECEDES,sensor_event:SE_01845,240.0,metropt3,results/sensor/events.csv,deterministic_chronological_adjacency,Immediate adjacency of nonoverlapping source-local intervals; not causality
sensor_event:SE_01845,PRECEDES,sensor_event:SE_01846,35.0,metropt3,results/sensor/events.csv,deterministic_chronological_adjacency,Immediate adjacency of nonoverlapping source-local intervals; not causality
sensor_event:SE_01846,PRECEDES,sensor_event:SE_01847,25.0,metropt3,results/sensor/events.csv,deterministic_chronological_adjacency,Immediate adjacency of nonoverlapping source-local intervals; not causality
sensor_event:SE_01847,PRECEDES,sensor_event:SE_01848,30.0,metropt3,results/sensor/events.csv,deterministic_chronological_adjacency,Immediate adjacency of nonoverlapping source-local intervals; not causality
sensor_event:SE_01848,PRECEDES,sensor_event:SE_01849,1485.0,metropt3,results/sensor/events.csv,deterministic_chronological_adjacency,Immediate adjacency of nonoverlapping source-local intervals; not causality
sensor_event:SE_01849,PRECEDES,sensor_event:SE_01850,25.0,metropt3,results/sensor/events.csv,deterministic_chronological_adjacency,Immediate adjacency of nonoverlapping source-local intervals; not causality
sensor_event:SE_01850,PRECEDES,sensor_event:SE_01851,85.0,metropt3,results/sensor/events.csv,deterministic_chronological_adjacency,Immediate adjacency of nonoverlapping source-local intervals; not causality
sensor_event:SE_01851,PRECEDES,sensor_event:SE_01852,40.0,metropt3,results/sensor/events.csv,deterministic_chronological_adjacency,Immediate adjacency of nonoverlapping source-local intervals; not causality
sensor_event:SE_01852,PRECEDES,sensor_event:SE_01853,40.0,metropt3,results/sensor/events.csv,deterministic_chronological_adjacency,Immediate adjacency of nonoverlapping source-local intervals; not causality
sensor_event:SE_01853,PRECEDES,sensor_event:SE_01854,30.0,metropt3,results/sensor/events.csv,deterministic_chronological_adjacency,Immediate adjacency of nonoverlapping source-local intervals; not causality
sensor_event:SE_01854,PRECEDES,sensor_event:SE_01855,30.0,metropt3,results/sensor/events.csv,deterministic_chronological_adjacency,Immediate adjacency of nonoverlapping source-local intervals; not causality
sensor_event:SE_01855,PRECEDES,sensor_event:SE_01856,15.0,metropt3,results/sensor/events.csv,deterministic_chronological_adjacency,Immediate adjacency of nonoverlapping source-local intervals; not causality
sensor_event:SE_01856,PRECEDES,sensor_event:SE_01857,15.0,metropt3,results/sensor/events.csv,deterministic_chronological_adjacency,Immediate adjacency of nonoverlapping source-local intervals; not causality
sensor_event:SE_01857,PRECEDES,sensor_event:SE_01858,15.0,metropt3,results/sensor/events.csv,deterministic_chronological_adjacency,Immediate adjacency of nonoverlapping source-local intervals; not causality
sensor_event:SE_01858,PRECEDES,sensor_event:SE_01859,15.0,metropt3,results/sensor/events.csv,deterministic_chronological_adjacency,Immediate adjacency of nonoverlapping source-local intervals; not causality
sensor_event:SE_01859,PRECEDES,sensor_event:SE_01860,215.0,metropt3,results/sensor/events.csv,deterministic_chronological_adjacency,Immediate adjacency of nonoverlapping source-local intervals; not causality
sensor_event:SE_01860,PRECEDES,sensor_event:SE_01861,30.0,metropt3,results/sensor/events.csv,deterministic_chronological_adjacency,Immediate adjacency of nonoverlapping source-local intervals; not causality
sensor_event:SE_01861,PRECEDES,sensor_event:SE_01862,60.0,metropt3,results/sensor/events.csv,deterministic_chronological_adjacency,Immediate adjacency of nonoverlapping source-local intervals; not causality
sensor_event:SE_01862,PRECEDES,sensor_event:SE_01863,225.0,metropt3,results/sensor/events.csv,deterministic_chronological_adjacency,Immediate adjacency of nonoverlapping source-local intervals; not causality
sensor_event:SE_01863,PRECEDES,sensor_event:SE_01864,30.0,metropt3,results/sensor/events.csv,deterministic_chronological_adjacency,Immediate adjacency of nonoverlapping source-local intervals; not causality
sensor_event:SE_01864,PRECEDES,sensor_event:SE_01865,350.0,metropt3,results/sensor/events.csv,deterministic_chronological_adjacency,Immediate adjacency of nonoverlapping source-local intervals; not causality
sensor_event:SE_01865,PRECEDES,sensor_event:SE_01866,30.0,metropt3,results/sensor/events.csv,deterministic_chronological_adjacency,Immediate adjacency of nonoverlapping source-local intervals; not causality
sensor_event:SE_01866,PRECEDES,sensor_event:SE_01867,15.0,metropt3,results/sensor/events.csv,deterministic_chronological_adjacency,Immediate adjacency of nonoverlapping source-local intervals; not causality
sensor_event:SE_01867,PRECEDES,sensor_event:SE_01868,550.0,metropt3,results/sensor/events.csv,deterministic_chronological_adjacency,Immediate adjacency of nonoverlapping source-local intervals; not causality
sensor_event:SE_01868,PRECEDES,sensor_event:SE_01869,30.0,metropt3,results/sensor/events.csv,deterministic_chronological_adjacency,Immediate adjacency of nonoverlapping source-local intervals; not causality
sensor_event:SE_01869,PRECEDES,sensor_event:SE_01870,15.0,metropt3,results/sensor/events.csv,deterministic_chronological_adjacency,Immediate adjacency of nonoverlapping source-local intervals; not causality
sensor_event:SE_01870,PRECEDES,sensor_event:SE_01871,15.0,metropt3,results/sensor/events.csv,deterministic_chronological_adjacency,Immediate adjacency of nonoverlapping source-local intervals; not causality
sensor_event:SE_01871,PRECEDES,sensor_event:SE_01872,15.0,metropt3,results/sensor/events.csv,deterministic_chronological_adjacency,Immediate adjacency of nonoverlapping source-local intervals; not causality
sensor_event:SE_01872,PRECEDES,sensor_event:SE_01873,15.0,metropt3,results/sensor/events.csv,deterministic_chronological_adjacency,Immediate adjacency of nonoverlapping source-local intervals; not causality
sensor_event:SE_01873,PRECEDES,sensor_event:SE_01874,15.0,metropt3,results/sensor/events.csv,deterministic_chronological_adjacency,Immediate adjacency of nonoverlapping source-local intervals; not causality
sensor_event:SE_01874,PRECEDES,sensor_event:SE_01875,15.0,metropt3,results/sensor/events.csv,deterministic_chronological_adjacency,Immediate adjacency of nonoverlapping source-local intervals; not causality
sensor_event:SE_01875,PRECEDES,sensor_event:SE_01876,355.0,metropt3,results/sensor/events.csv,deterministic_chronological_adjacency,Immediate adjacency of nonoverlapping source-local intervals; not causality
sensor_event:SE_01876,PRECEDES,sensor_event:SE_01877,15.0,metropt3,results/sensor/events.csv,deterministic_chronological_adjacency,Immediate adjacency of nonoverlapping source-local intervals; not causality
sensor_event:SE_01877,PRECEDES,sensor_event:SE_01878,15.0,metropt3,results/sensor/events.csv,deterministic_chronological_adjacency,Immediate adjacency of nonoverlapping source-local intervals; not causality
sensor_event:SE_01878,PRECEDES,sensor_event:SE_01879,15.0,metropt3,results/sensor/events.csv,deterministic_chronological_adjacency,Immediate adjacency of nonoverlapping source-local intervals; not causality
sensor_event:SE_01879,PRECEDES,sensor_event:SE_01880,15.0,metropt3,results/sensor/events.csv,deterministic_chronological_adjacency,Immediate adjacency of nonoverlapping source-local intervals; not causality
sensor_event:SE_01880,PRECEDES,sensor_event:SE_01881,15.0,metropt3,results/sensor/events.csv,deterministic_chronological_adjacency,Immediate adjacency of nonoverlapping source-local intervals; not causality
sensor_event:SE_01881,PRECEDES,sensor_event:SE_01882,15.0,metropt3,results/sensor/events.csv,deterministic_chronological_adjacency,Immediate adjacency of nonoverlapping source-local intervals; not causality
sensor_event:SE_01882,PRECEDES,sensor_event:SE_01883,115.0,metropt3,results/sensor/events.csv,deterministic_chronological_adjacency,Immediate adjacency of nonoverlapping source-local intervals; not causality
sensor_event:SE_01883,PRECEDES,sensor_event:SE_01884,15.0,metropt3,results/sensor/events.csv,deterministic_chronological_adjacency,Immediate adjacency of nonoverlapping source-local intervals; not causality
sensor_event:SE_01884,PRECEDES,sensor_event:SE_01885,35.0,metropt3,results/sensor/events.csv,deterministic_chronological_adjacency,Immediate adjacency of nonoverlapping source-local intervals; not causality
sensor_event:SE_01885,PRECEDES,sensor_event:SE_01886,15.0,metropt3,results/sensor/events.csv,deterministic_chronological_adjacency,Immediate adjacency of nonoverlapping source-local intervals; not causality
sensor_event:SE_01886,PRECEDES,sensor_event:SE_01887,15.0,metropt3,results/sensor/events.csv,deterministic_chronological_adjacency,Immediate adjacency of nonoverlapping source-local intervals; not causality
sensor_event:SE_01887,PRECEDES,sensor_event:SE_01888,15.0,metropt3,results/sensor/events.csv,deterministic_chronological_adjacency,Immediate adjacency of nonoverlapping source-local intervals; not causality
sensor_event:SE_01888,PRECEDES,sensor_event:SE_01889,15.0,metropt3,results/sensor/events.csv,deterministic_chronological_adjacency,Immediate adjacency of nonoverlapping source-local intervals; not causality
sensor_event:SE_01889,PRECEDES,sensor_event:SE_01890,15.0,metropt3,results/sensor/events.csv,deterministic_chronological_adjacency,Immediate adjacency of nonoverlapping source-local intervals; not causality
sensor_event:SE_01890,PRECEDES,sensor_event:SE_01891,15.0,metropt3,results/sensor/events.csv,deterministic_chronological_adjacency,Immediate adjacency of nonoverlapping source-local intervals; not causality
sensor_event:SE_01891,PRECEDES,sensor_event:SE_01892,15.0,metropt3,results/sensor/events.csv,deterministic_chronological_adjacency,Immediate adjacency of nonoverlapping source-local intervals; not causality
sensor_event:SE_01892,PRECEDES,sensor_event:SE_01893,15.0,metropt3,results/sensor/events.csv,deterministic_chronological_adjacency,Immediate adjacency of nonoverlapping source-local intervals; not causality
sensor_event:SE_01893,PRECEDES,sensor_event:SE_01894,15.0,metropt3,results/sensor/events.csv,deterministic_chronological_adjacency,Immediate adjacency of nonoverlapping source-local intervals; not causality
sensor_event:SE_01894,PRECEDES,sensor_event:SE_01895,15.0,metropt3,results/sensor/events.csv,deterministic_chronological_adjacency,Immediate adjacency of nonoverlapping source-local intervals; not causality
sensor_event:SE_01895,PRECEDES,sensor_event:SE_01896,15.0,metropt3,results/sensor/events.csv,deterministic_chronological_adjacency,Immediate adjacency of nonoverlapping source-local intervals; not causality
sensor_event:SE_01896,PRECEDES,sensor_event:SE_01897,15.0,metropt3,results/sensor/events.csv,deterministic_chronological_adjacency,Immediate adjacency of nonoverlapping source-local intervals; not causality
sensor_event:SE_01897,PRECEDES,sensor_event:SE_01898,15.0,metropt3,results/sensor/events.csv,deterministic_chronological_adjacency,Immediate adjacency of nonoverlapping source-local intervals; not causality
sensor_event:SE_01898,PRECEDES,sensor_event:SE_01899,15.0,metropt3,results/sensor/events.csv,deterministic_chronological_adjacency,Immediate adjacency of nonoverlapping source-local intervals; not causality
sensor_event:SE_01899,PRECEDES,sensor_event:SE_01900,15.0,metropt3,results/sensor/events.csv,deterministic_chronological_adjacency,Immediate adjacency of nonoverlapping source-local intervals; not causality
sensor_event:SE_01900,PRECEDES,sensor_event:SE_01901,15.0,metropt3,results/sensor/events.csv,deterministic_chronological_adjacency,Immediate adjacency of nonoverlapping source-local intervals; not causality
sensor_event:SE_01901,PRECEDES,sensor_event:SE_01902,20.0,metropt3,results/sensor/events.csv,deterministic_chronological_adjacency,Immediate adjacency of nonoverlapping source-local intervals; not causality
sensor_event:SE_01902,PRECEDES,sensor_event:SE_01903,15.0,metropt3,results/sensor/events.csv,deterministic_chronological_adjacency,Immediate adjacency of nonoverlapping source-local intervals; not causality
sensor_event:SE_01903,PRECEDES,sensor_event:SE_01904,15.0,metropt3,results/sensor/events.csv,deterministic_chronological_adjacency,Immediate adjacency of nonoverlapping source-local intervals; not causality
sensor_event:SE_01904,PRECEDES,sensor_event:SE_01905,20.0,metropt3,results/sensor/events.csv,deterministic_chronological_adjacency,Immediate adjacency of nonoverlapping source-local intervals; not causality
sensor_event:SE_01905,PRECEDES,sensor_event:SE_01906,20.0,metropt3,results/sensor/events.csv,deterministic_chronological_adjacency,Immediate adjacency of nonoverlapping source-local intervals; not causality
sensor_event:SE_01906,PRECEDES,sensor_event:SE_01907,15.0,metropt3,results/sensor/events.csv,deterministic_chronological_adjacency,Immediate adjacency of nonoverlapping source-local intervals; not causality
sensor_event:SE_01907,PRECEDES,sensor_event:SE_01908,1130.0,metropt3,results/sensor/events.csv,deterministic_chronological_adjacency,Immediate adjacency of nonoverlapping source-local intervals; not causality
sensor_event:SE_01908,PRECEDES,sensor_event:SE_01909,15.0,metropt3,results/sensor/events.csv,deterministic_chronological_adjacency,Immediate adjacency of nonoverlapping source-local intervals; not causality
sensor_event:SE_01909,PRECEDES,sensor_event:SE_01910,15.0,metropt3,results/sensor/events.csv,deterministic_chronological_adjacency,Immediate adjacency of nonoverlapping source-local intervals; not causality
sensor_event:SE_01910,PRECEDES,sensor_event:SE_01911,20.0,metropt3,results/sensor/events.csv,deterministic_chronological_adjacency,Immediate adjacency of nonoverlapping source-local intervals; not causality
sensor_event:SE_01911,PRECEDES,sensor_event:SE_01912,15.0,metropt3,results/sensor/events.csv,deterministic_chronological_adjacency,Immediate adjacency of nonoverlapping source-local intervals; not causality
sensor_event:SE_01912,PRECEDES,sensor_event:SE_01913,15.0,metropt3,results/sensor/events.csv,deterministic_chronological_adjacency,Immediate adjacency of nonoverlapping source-local intervals; not causality
sensor_event:SE_01913,PRECEDES,sensor_event:SE_01914,15.0,metropt3,results/sensor/events.csv,deterministic_chronological_adjacency,Immediate adjacency of nonoverlapping source-local intervals; not causality
sensor_event:SE_01914,PRECEDES,sensor_event:SE_01915,15.0,metropt3,results/sensor/events.csv,deterministic_chronological_adjacency,Immediate adjacency of nonoverlapping source-local intervals; not causality
sensor_event:SE_01915,PRECEDES,sensor_event:SE_01916,115.0,metropt3,results/sensor/events.csv,deterministic_chronological_adjacency,Immediate adjacency of nonoverlapping source-local intervals; not causality
sensor_event:SE_01916,PRECEDES,sensor_event:SE_01917,35.0,metropt3,results/sensor/events.csv,deterministic_chronological_adjacency,Immediate adjacency of nonoverlapping source-local intervals; not causality
sensor_event:SE_01917,PRECEDES,sensor_event:SE_01918,30.0,metropt3,results/sensor/events.csv,deterministic_chronological_adjacency,Immediate adjacency of nonoverlapping source-local intervals; not causality
sensor_event:SE_01918,PRECEDES,sensor_event:SE_01919,15.0,metropt3,results/sensor/events.csv,deterministic_chronological_adjacency,Immediate adjacency of nonoverlapping source-local intervals; not causality
sensor_event:SE_01919,PRECEDES,sensor_event:SE_01920,15.0,metropt3,results/sensor/events.csv,deterministic_chronological_adjacency,Immediate adjacency of nonoverlapping source-local intervals; not causality
sensor_event:SE_01920,PRECEDES,sensor_event:SE_01921,15.0,metropt3,results/sensor/events.csv,deterministic_chronological_adjacency,Immediate adjacency of nonoverlapping source-local intervals; not causality
sensor_event:SE_01921,PRECEDES,sensor_event:SE_01922,15.0,metropt3,results/sensor/events.csv,deterministic_chronological_adjacency,Immediate adjacency of nonoverlapping source-local intervals; not causality
sensor_event:SE_01922,PRECEDES,sensor_event:SE_01923,15.0,metropt3,results/sensor/events.csv,deterministic_chronological_adjacency,Immediate adjacency of nonoverlapping source-local intervals; not causality
sensor_event:SE_01923,PRECEDES,sensor_event:SE_01924,15.0,metropt3,results/sensor/events.csv,deterministic_chronological_adjacency,Immediate adjacency of nonoverlapping source-local intervals; not causality
sensor_event:SE_01924,PRECEDES,sensor_event:SE_01925,15.0,metropt3,results/sensor/events.csv,deterministic_chronological_adjacency,Immediate adjacency of nonoverlapping source-local intervals; not causality
sensor_event:SE_01925,PRECEDES,sensor_event:SE_01926,20.0,metropt3,results/sensor/events.csv,deterministic_chronological_adjacency,Immediate adjacency of nonoverlapping source-local intervals; not causality
sensor_event:SE_01926,PRECEDES,sensor_event:SE_01927,15.0,metropt3,results/sensor/events.csv,deterministic_chronological_adjacency,Immediate adjacency of nonoverlapping source-local intervals; not causality
sensor_event:SE_01927,PRECEDES,sensor_event:SE_01928,15.0,metropt3,results/sensor/events.csv,deterministic_chronological_adjacency,Immediate adjacency of nonoverlapping source-local intervals; not causality
sensor_event:SE_01928,PRECEDES,sensor_event:SE_01929,250.0,metropt3,results/sensor/events.csv,deterministic_chronological_adjacency,Immediate adjacency of nonoverlapping source-local intervals; not causality
sensor_event:SE_01929,PRECEDES,sensor_event:SE_01930,15.0,metropt3,results/sensor/events.csv,deterministic_chronological_adjacency,Immediate adjacency of nonoverlapping source-local intervals; not causality
sensor_event:SE_01930,PRECEDES,sensor_event:SE_01931,15.0,metropt3,results/sensor/events.csv,deterministic_chronological_adjacency,Immediate adjacency of nonoverlapping source-local intervals; not causality
sensor_event:SE_01931,PRECEDES,sensor_event:SE_01932,25.0,metropt3,results/sensor/events.csv,deterministic_chronological_adjacency,Immediate adjacency of nonoverlapping source-local intervals; not causality
sensor_event:SE_01932,PRECEDES,sensor_event:SE_01933,15.0,metropt3,results/sensor/events.csv,deterministic_chronological_adjacency,Immediate adjacency of nonoverlapping source-local intervals; not causality
sensor_event:SE_01933,PRECEDES,sensor_event:SE_01934,15.0,metropt3,results/sensor/events.csv,deterministic_chronological_adjacency,Immediate adjacency of nonoverlapping source-local intervals; not causality
sensor_event:SE_01934,PRECEDES,sensor_event:SE_01935,15.0,metropt3,results/sensor/events.csv,deterministic_chronological_adjacency,Immediate adjacency of nonoverlapping source-local intervals; not causality
sensor_event:SE_01935,PRECEDES,sensor_event:SE_01936,15.0,metropt3,results/sensor/events.csv,deterministic_chronological_adjacency,Immediate adjacency of nonoverlapping source-local intervals; not causality
sensor_event:SE_01936,PRECEDES,sensor_event:SE_01937,15.0,metropt3,results/sensor/events.csv,deterministic_chronological_adjacency,Immediate adjacency of nonoverlapping source-local intervals; not causality
sensor_event:SE_01937,PRECEDES,sensor_event:SE_01938,15.0,metropt3,results/sensor/events.csv,deterministic_chronological_adjacency,Immediate adjacency of nonoverlapping source-local intervals; not causality
sensor_event:SE_01938,PRECEDES,sensor_event:SE_01939,20.0,metropt3,results/sensor/events.csv,deterministic_chronological_adjacency,Immediate adjacency of nonoverlapping source-local intervals; not causality
sensor_event:SE_01939,PRECEDES,sensor_event:SE_01940,20.0,metropt3,results/sensor/events.csv,deterministic_chronological_adjacency,Immediate adjacency of nonoverlapping source-local intervals; not causality
sensor_event:SE_01940,PRECEDES,sensor_event:SE_01941,20.0,metropt3,results/sensor/events.csv,deterministic_chronological_adjacency,Immediate adjacency of nonoverlapping source-local intervals; not causality
sensor_event:SE_01941,PRECEDES,sensor_event:SE_01942,40.0,metropt3,results/sensor/events.csv,deterministic_chronological_adjacency,Immediate adjacency of nonoverlapping source-local intervals; not causality
sensor_event:SE_01942,PRECEDES,sensor_event:SE_01943,15.0,metropt3,results/sensor/events.csv,deterministic_chronological_adjacency,Immediate adjacency of nonoverlapping source-local intervals; not causality
sensor_event:SE_01943,PRECEDES,sensor_event:SE_01944,15.0,metropt3,results/sensor/events.csv,deterministic_chronological_adjacency,Immediate adjacency of nonoverlapping source-local intervals; not causality
sensor_event:SE_01944,PRECEDES,sensor_event:SE_01945,55.0,metropt3,results/sensor/events.csv,deterministic_chronological_adjacency,Immediate adjacency of nonoverlapping source-local intervals; not causality
sensor_event:SE_01945,PRECEDES,sensor_event:SE_01946,15.0,metropt3,results/sensor/events.csv,deterministic_chronological_adjacency,Immediate adjacency of nonoverlapping source-local intervals; not causality
sensor_event:SE_01946,PRECEDES,sensor_event:SE_01947,25.0,metropt3,results/sensor/events.csv,deterministic_chronological_adjacency,Immediate adjacency of nonoverlapping source-local intervals; not causality
sensor_event:SE_01947,PRECEDES,sensor_event:SE_01948,15.0,metropt3,results/sensor/events.csv,deterministic_chronological_adjacency,Immediate adjacency of nonoverlapping source-local intervals; not causality
sensor_event:SE_01948,PRECEDES,sensor_event:SE_01949,15.0,metropt3,results/sensor/events.csv,deterministic_chronological_adjacency,Immediate adjacency of nonoverlapping source-local intervals; not causality
sensor_event:SE_01949,PRECEDES,sensor_event:SE_01950,15.0,metropt3,results/sensor/events.csv,deterministic_chronological_adjacency,Immediate adjacency of nonoverlapping source-local intervals; not causality
sensor_event:SE_01950,PRECEDES,sensor_event:SE_01951,15.0,metropt3,results/sensor/events.csv,deterministic_chronological_adjacency,Immediate adjacency of nonoverlapping source-local intervals; not causality
sensor_event:SE_01951,PRECEDES,sensor_event:SE_01952,15.0,metropt3,results/sensor/events.csv,deterministic_chronological_adjacency,Immediate adjacency of nonoverlapping source-local intervals; not causality
sensor_event:SE_01952,PRECEDES,sensor_event:SE_01953,15.0,metropt3,results/sensor/events.csv,deterministic_chronological_adjacency,Immediate adjacency of nonoverlapping source-local intervals; not causality
sensor_event:SE_01953,PRECEDES,sensor_event:SE_01954,15.0,metropt3,results/sensor/events.csv,deterministic_chronological_adjacency,Immediate adjacency of nonoverlapping source-local intervals; not causality
sensor_event:SE_01954,PRECEDES,sensor_event:SE_01955,15.0,metropt3,results/sensor/events.csv,deterministic_chronological_adjacency,Immediate adjacency of nonoverlapping source-local intervals; not causality
sensor_event:SE_01955,PRECEDES,sensor_event:SE_01956,15.0,metropt3,results/sensor/events.csv,deterministic_chronological_adjacency,Immediate adjacency of nonoverlapping source-local intervals; not causality
sensor_event:SE_01956,PRECEDES,sensor_event:SE_01957,15.0,metropt3,results/sensor/events.csv,deterministic_chronological_adjacency,Immediate adjacency of nonoverlapping source-local intervals; not causality
sensor_event:SE_01957,PRECEDES,sensor_event:SE_01958,15.0,metropt3,results/sensor/events.csv,deterministic_chronological_adjacency,Immediate adjacency of nonoverlapping source-local intervals; not causality
sensor_event:SE_01958,PRECEDES,sensor_event:SE_01959,15.0,metropt3,results/sensor/events.csv,deterministic_chronological_adjacency,Immediate adjacency of nonoverlapping source-local intervals; not causality
sensor_event:SE_01959,PRECEDES,sensor_event:SE_01960,15.0,metropt3,results/sensor/events.csv,deterministic_chronological_adjacency,Immediate adjacency of nonoverlapping source-local intervals; not causality
sensor_event:SE_01960,PRECEDES,sensor_event:SE_01961,20.0,metropt3,results/sensor/events.csv,deterministic_chronological_adjacency,Immediate adjacency of nonoverlapping source-local intervals; not causality
sensor_event:SE_01961,PRECEDES,sensor_event:SE_01962,15.0,metropt3,results/sensor/events.csv,deterministic_chronological_adjacency,Immediate adjacency of nonoverlapping source-local intervals; not causality
sensor_event:SE_01962,PRECEDES,sensor_event:SE_01963,15.0,metropt3,results/sensor/events.csv,deterministic_chronological_adjacency,Immediate adjacency of nonoverlapping source-local intervals; not causality
sensor_event:SE_01963,PRECEDES,sensor_event:SE_01964,15.0,metropt3,results/sensor/events.csv,deterministic_chronological_adjacency,Immediate adjacency of nonoverlapping source-local intervals; not causality
sensor_event:SE_01964,PRECEDES,sensor_event:SE_01965,20.0,metropt3,results/sensor/events.csv,deterministic_chronological_adjacency,Immediate adjacency of nonoverlapping source-local intervals; not causality
sensor_event:SE_01965,PRECEDES,sensor_event:SE_01966,260.0,metropt3,results/sensor/events.csv,deterministic_chronological_adjacency,Immediate adjacency of nonoverlapping source-local intervals; not causality
sensor_event:SE_01966,PRECEDES,sensor_event:SE_01967,245.0,metropt3,results/sensor/events.csv,deterministic_chronological_adjacency,Immediate adjacency of nonoverlapping source-local intervals; not causality
sensor_event:SE_01967,PRECEDES,sensor_event:SE_01968,55.0,metropt3,results/sensor/events.csv,deterministic_chronological_adjacency,Immediate adjacency of nonoverlapping source-local intervals; not causality
sensor_event:SE_01968,PRECEDES,sensor_event:SE_01969,15.0,metropt3,results/sensor/events.csv,deterministic_chronological_adjacency,Immediate adjacency of nonoverlapping source-local intervals; not causality
sensor_event:SE_01969,PRECEDES,sensor_event:SE_01970,15.0,metropt3,results/sensor/events.csv,deterministic_chronological_adjacency,Immediate adjacency of nonoverlapping source-local intervals; not causality
sensor_event:SE_01970,PRECEDES,sensor_event:SE_01971,15.0,metropt3,results/sensor/events.csv,deterministic_chronological_adjacency,Immediate adjacency of nonoverlapping source-local intervals; not causality
sensor_event:SE_01971,PRECEDES,sensor_event:SE_01972,15.0,metropt3,results/sensor/events.csv,deterministic_chronological_adjacency,Immediate adjacency of nonoverlapping source-local intervals; not causality
sensor_event:SE_01972,PRECEDES,sensor_event:SE_01973,15.0,metropt3,results/sensor/events.csv,deterministic_chronological_adjacency,Immediate adjacency of nonoverlapping source-local intervals; not causality
sensor_event:SE_01973,PRECEDES,sensor_event:SE_01974,15.0,metropt3,results/sensor/events.csv,deterministic_chronological_adjacency,Immediate adjacency of nonoverlapping source-local intervals; not causality
sensor_event:SE_01974,PRECEDES,sensor_event:SE_01975,15.0,metropt3,results/sensor/events.csv,deterministic_chronological_adjacency,Immediate adjacency of nonoverlapping source-local intervals; not causality
sensor_event:SE_01975,PRECEDES,sensor_event:SE_01976,30.0,metropt3,results/sensor/events.csv,deterministic_chronological_adjacency,Immediate adjacency of nonoverlapping source-local intervals; not causality
sensor_event:SE_01976,PRECEDES,sensor_event:SE_01977,15.0,metropt3,results/sensor/events.csv,deterministic_chronological_adjacency,Immediate adjacency of nonoverlapping source-local intervals; not causality
sensor_event:SE_01977,PRECEDES,sensor_event:SE_01978,15.0,metropt3,results/sensor/events.csv,deterministic_chronological_adjacency,Immediate adjacency of nonoverlapping source-local intervals; not causality
sensor_event:SE_01978,PRECEDES,sensor_event:SE_01979,15.0,metropt3,results/sensor/events.csv,deterministic_chronological_adjacency,Immediate adjacency of nonoverlapping source-local intervals; not causality
sensor_event:SE_01979,PRECEDES,sensor_event:SE_01980,15.0,metropt3,results/sensor/events.csv,deterministic_chronological_adjacency,Immediate adjacency of nonoverlapping source-local intervals; not causality
sensor_event:SE_01980,PRECEDES,sensor_event:SE_01981,15.0,metropt3,results/sensor/events.csv,deterministic_chronological_adjacency,Immediate adjacency of nonoverlapping source-local intervals; not causality
sensor_event:SE_01981,PRECEDES,sensor_event:SE_01982,15.0,metropt3,results/sensor/events.csv,deterministic_chronological_adjacency,Immediate adjacency of nonoverlapping source-local intervals; not causality
sensor_event:SE_01982,PRECEDES,sensor_event:SE_01983,15.0,metropt3,results/sensor/events.csv,deterministic_chronological_adjacency,Immediate adjacency of nonoverlapping source-local intervals; not causality
sensor_event:SE_01983,PRECEDES,sensor_event:SE_01984,15.0,metropt3,results/sensor/events.csv,deterministic_chronological_adjacency,Immediate adjacency of nonoverlapping source-local intervals; not causality
sensor_event:SE_01984,PRECEDES,sensor_event:SE_01985,15.0,metropt3,results/sensor/events.csv,deterministic_chronological_adjacency,Immediate adjacency of nonoverlapping source-local intervals; not causality
sensor_event:SE_01985,PRECEDES,sensor_event:SE_01986,15.0,metropt3,results/sensor/events.csv,deterministic_chronological_adjacency,Immediate adjacency of nonoverlapping source-local intervals; not causality
sensor_event:SE_01986,PRECEDES,sensor_event:SE_01987,15.0,metropt3,results/sensor/events.csv,deterministic_chronological_adjacency,Immediate adjacency of nonoverlapping source-local intervals; not causality
sensor_event:SE_01987,PRECEDES,sensor_event:SE_01988,15.0,metropt3,results/sensor/events.csv,deterministic_chronological_adjacency,Immediate adjacency of nonoverlapping source-local intervals; not causality
sensor_event:SE_01988,PRECEDES,sensor_event:SE_01989,15.0,metropt3,results/sensor/events.csv,deterministic_chronological_adjacency,Immediate adjacency of nonoverlapping source-local intervals; not causality
sensor_event:SE_01989,PRECEDES,sensor_event:SE_01990,15.0,metropt3,results/sensor/events.csv,deterministic_chronological_adjacency,Immediate adjacency of nonoverlapping source-local intervals; not causality
sensor_event:SE_01990,PRECEDES,sensor_event:SE_01991,15.0,metropt3,results/sensor/events.csv,deterministic_chronological_adjacency,Immediate adjacency of nonoverlapping source-local intervals; not causality
sensor_event:SE_01991,PRECEDES,sensor_event:SE_01992,15.0,metropt3,results/sensor/events.csv,deterministic_chronological_adjacency,Immediate adjacency of nonoverlapping source-local intervals; not causality
sensor_event:SE_01992,PRECEDES,sensor_event:SE_01993,15.0,metropt3,results/sensor/events.csv,deterministic_chronological_adjacency,Immediate adjacency of nonoverlapping source-local intervals; not causality
sensor_event:SE_01993,PRECEDES,sensor_event:SE_01994,625.0,metropt3,results/sensor/events.csv,deterministic_chronological_adjacency,Immediate adjacency of nonoverlapping source-local intervals; not causality
sensor_event:SE_01994,PRECEDES,sensor_event:SE_01995,15.0,metropt3,results/sensor/events.csv,deterministic_chronological_adjacency,Immediate adjacency of nonoverlapping source-local intervals; not causality
sensor_event:SE_01995,PRECEDES,sensor_event:SE_01996,20.0,metropt3,results/sensor/events.csv,deterministic_chronological_adjacency,Immediate adjacency of nonoverlapping source-local intervals; not causality
sensor_event:SE_01996,PRECEDES,sensor_event:SE_01997,15.0,metropt3,results/sensor/events.csv,deterministic_chronological_adjacency,Immediate adjacency of nonoverlapping source-local intervals; not causality
sensor_event:SE_01997,PRECEDES,sensor_event:SE_01998,40.0,metropt3,results/sensor/events.csv,deterministic_chronological_adjacency,Immediate adjacency of nonoverlapping source-local intervals; not causality
sensor_event:SE_01998,PRECEDES,sensor_event:SE_01999,15.0,metropt3,results/sensor/events.csv,deterministic_chronological_adjacency,Immediate adjacency of nonoverlapping source-local intervals; not causality
sensor_event:SE_01999,PRECEDES,sensor_event:SE_02000,15.0,metropt3,results/sensor/events.csv,deterministic_chronological_adjacency,Immediate adjacency of nonoverlapping source-local intervals; not causality
sensor_event:SE_02000,PRECEDES,sensor_event:SE_02001,40.0,metropt3,results/sensor/events.csv,deterministic_chronological_adjacency,Immediate adjacency of nonoverlapping source-local intervals; not causality
sensor_event:SE_02001,PRECEDES,sensor_event:SE_02002,15.0,metropt3,results/sensor/events.csv,deterministic_chronological_adjacency,Immediate adjacency of nonoverlapping source-local intervals; not causality
sensor_event:SE_02002,PRECEDES,sensor_event:SE_02003,15.0,metropt3,results/sensor/events.csv,deterministic_chronological_adjacency,Immediate adjacency of nonoverlapping source-local intervals; not causality
sensor_event:SE_02003,PRECEDES,sensor_event:SE_02004,15.0,metropt3,results/sensor/events.csv,deterministic_chronological_adjacency,Immediate adjacency of nonoverlapping source-local intervals; not causality
sensor_event:SE_02004,PRECEDES,sensor_event:SE_02005,20.0,metropt3,results/sensor/events.csv,deterministic_chronological_adjacency,Immediate adjacency of nonoverlapping source-local intervals; not causality
sensor_event:SE_02005,PRECEDES,sensor_event:SE_02006,15.0,metropt3,results/sensor/events.csv,deterministic_chronological_adjacency,Immediate adjacency of nonoverlapping source-local intervals; not causality
sensor_event:SE_02006,PRECEDES,sensor_event:SE_02007,15.0,metropt3,results/sensor/events.csv,deterministic_chronological_adjacency,Immediate adjacency of nonoverlapping source-local intervals; not causality
sensor_event:SE_02007,PRECEDES,sensor_event:SE_02008,15.0,metropt3,results/sensor/events.csv,deterministic_chronological_adjacency,Immediate adjacency of nonoverlapping source-local intervals; not causality
sensor_event:SE_02008,PRECEDES,sensor_event:SE_02009,15.0,metropt3,results/sensor/events.csv,deterministic_chronological_adjacency,Immediate adjacency of nonoverlapping source-local intervals; not causality
sensor_event:SE_02009,PRECEDES,sensor_event:SE_02010,15.0,metropt3,results/sensor/events.csv,deterministic_chronological_adjacency,Immediate adjacency of nonoverlapping source-local intervals; not causality
sensor_event:SE_02010,PRECEDES,sensor_event:SE_02011,15.0,metropt3,results/sensor/events.csv,deterministic_chronological_adjacency,Immediate adjacency of nonoverlapping source-local intervals; not causality
sensor_event:SE_02011,PRECEDES,sensor_event:SE_02012,15.0,metropt3,results/sensor/events.csv,deterministic_chronological_adjacency,Immediate adjacency of nonoverlapping source-local intervals; not causality
sensor_event:SE_02012,PRECEDES,sensor_event:SE_02013,15.0,metropt3,results/sensor/events.csv,deterministic_chronological_adjacency,Immediate adjacency of nonoverlapping source-local intervals; not causality
sensor_event:SE_02013,PRECEDES,sensor_event:SE_02014,15.0,metropt3,results/sensor/events.csv,deterministic_chronological_adjacency,Immediate adjacency of nonoverlapping source-local intervals; not causality
sensor_event:SE_02014,PRECEDES,sensor_event:SE_02015,15.0,metropt3,results/sensor/events.csv,deterministic_chronological_adjacency,Immediate adjacency of nonoverlapping source-local intervals; not causality
sensor_event:SE_02015,PRECEDES,sensor_event:SE_02016,15.0,metropt3,results/sensor/events.csv,deterministic_chronological_adjacency,Immediate adjacency of nonoverlapping source-local intervals; not causality
sensor_event:SE_02016,PRECEDES,sensor_event:SE_02017,15.0,metropt3,results/sensor/events.csv,deterministic_chronological_adjacency,Immediate adjacency of nonoverlapping source-local intervals; not causality
sensor_event:SE_02017,PRECEDES,sensor_event:SE_02018,15.0,metropt3,results/sensor/events.csv,deterministic_chronological_adjacency,Immediate adjacency of nonoverlapping source-local intervals; not causality
sensor_event:SE_02018,PRECEDES,sensor_event:SE_02019,15.0,metropt3,results/sensor/events.csv,deterministic_chronological_adjacency,Immediate adjacency of nonoverlapping source-local intervals; not causality
sensor_event:SE_02019,PRECEDES,sensor_event:SE_02020,15.0,metropt3,results/sensor/events.csv,deterministic_chronological_adjacency,Immediate adjacency of nonoverlapping source-local intervals; not causality
sensor_event:SE_02020,PRECEDES,sensor_event:SE_02021,15.0,metropt3,results/sensor/events.csv,deterministic_chronological_adjacency,Immediate adjacency of nonoverlapping source-local intervals; not causality
sensor_event:SE_02021,PRECEDES,sensor_event:SE_02022,15.0,metropt3,results/sensor/events.csv,deterministic_chronological_adjacency,Immediate adjacency of nonoverlapping source-local intervals; not causality
sensor_event:SE_02022,PRECEDES,sensor_event:SE_02023,15.0,metropt3,results/sensor/events.csv,deterministic_chronological_adjacency,Immediate adjacency of nonoverlapping source-local intervals; not causality
sensor_event:SE_02023,PRECEDES,sensor_event:SE_02024,15.0,metropt3,results/sensor/events.csv,deterministic_chronological_adjacency,Immediate adjacency of nonoverlapping source-local intervals; not causality
sensor_event:SE_02024,PRECEDES,sensor_event:SE_02025,15.0,metropt3,results/sensor/events.csv,deterministic_chronological_adjacency,Immediate adjacency of nonoverlapping source-local intervals; not causality
sensor_event:SE_02025,PRECEDES,sensor_event:SE_02026,20.0,metropt3,results/sensor/events.csv,deterministic_chronological_adjacency,Immediate adjacency of nonoverlapping source-local intervals; not causality
sensor_event:SE_02026,PRECEDES,sensor_event:SE_02027,15.0,metropt3,results/sensor/events.csv,deterministic_chronological_adjacency,Immediate adjacency of nonoverlapping source-local intervals; not causality
sensor_event:SE_02027,PRECEDES,sensor_event:SE_02028,20.0,metropt3,results/sensor/events.csv,deterministic_chronological_adjacency,Immediate adjacency of nonoverlapping source-local intervals; not causality
sensor_event:SE_02028,PRECEDES,sensor_event:SE_02029,15.0,metropt3,results/sensor/events.csv,deterministic_chronological_adjacency,Immediate adjacency of nonoverlapping source-local intervals; not causality
sensor_event:SE_02029,PRECEDES,sensor_event:SE_02030,20.0,metropt3,results/sensor/events.csv,deterministic_chronological_adjacency,Immediate adjacency of nonoverlapping source-local intervals; not causality
sensor_event:SE_02030,PRECEDES,sensor_event:SE_02031,40.0,metropt3,results/sensor/events.csv,deterministic_chronological_adjacency,Immediate adjacency of nonoverlapping source-local intervals; not causality
sensor_event:SE_02031,PRECEDES,sensor_event:SE_02032,40.0,metropt3,results/sensor/events.csv,deterministic_chronological_adjacency,Immediate adjacency of nonoverlapping source-local intervals; not causality
sensor_event:SE_02032,PRECEDES,sensor_event:SE_02033,15.0,metropt3,results/sensor/events.csv,deterministic_chronological_adjacency,Immediate adjacency of nonoverlapping source-local intervals; not causality
sensor_event:SE_02033,PRECEDES,sensor_event:SE_02034,15.0,metropt3,results/sensor/events.csv,deterministic_chronological_adjacency,Immediate adjacency of nonoverlapping source-local intervals; not causality
sensor_event:SE_02034,PRECEDES,sensor_event:SE_02035,20.0,metropt3,results/sensor/events.csv,deterministic_chronological_adjacency,Immediate adjacency of nonoverlapping source-local intervals; not causality
sensor_event:SE_02035,PRECEDES,sensor_event:SE_02036,35.0,metropt3,results/sensor/events.csv,deterministic_chronological_adjacency,Immediate adjacency of nonoverlapping source-local intervals; not causality
sensor_event:SE_02036,PRECEDES,sensor_event:SE_02037,35.0,metropt3,results/sensor/events.csv,deterministic_chronological_adjacency,Immediate adjacency of nonoverlapping source-local intervals; not causality
sensor_event:SE_02037,PRECEDES,sensor_event:SE_02038,20.0,metropt3,results/sensor/events.csv,deterministic_chronological_adjacency,Immediate adjacency of nonoverlapping source-local intervals; not causality
sensor_event:SE_02038,PRECEDES,sensor_event:SE_02039,15.0,metropt3,results/sensor/events.csv,deterministic_chronological_adjacency,Immediate adjacency of nonoverlapping source-local intervals; not causality
sensor_event:SE_02039,PRECEDES,sensor_event:SE_02040,170.0,metropt3,results/sensor/events.csv,deterministic_chronological_adjacency,Immediate adjacency of nonoverlapping source-local intervals; not causality
sensor_event:SE_02040,PRECEDES,sensor_event:SE_02041,20.0,metropt3,results/sensor/events.csv,deterministic_chronological_adjacency,Immediate adjacency of nonoverlapping source-local intervals; not causality
sensor_event:SE_02041,PRECEDES,sensor_event:SE_02042,15.0,metropt3,results/sensor/events.csv,deterministic_chronological_adjacency,Immediate adjacency of nonoverlapping source-local intervals; not causality
sensor_event:SE_02042,PRECEDES,sensor_event:SE_02043,25.0,metropt3,results/sensor/events.csv,deterministic_chronological_adjacency,Immediate adjacency of nonoverlapping source-local intervals; not causality
sensor_event:SE_02043,PRECEDES,sensor_event:SE_02044,15.0,metropt3,results/sensor/events.csv,deterministic_chronological_adjacency,Immediate adjacency of nonoverlapping source-local intervals; not causality
sensor_event:SE_02044,PRECEDES,sensor_event:SE_02045,30.0,metropt3,results/sensor/events.csv,deterministic_chronological_adjacency,Immediate adjacency of nonoverlapping source-local intervals; not causality
sensor_event:SE_02045,PRECEDES,sensor_event:SE_02046,15.0,metropt3,results/sensor/events.csv,deterministic_chronological_adjacency,Immediate adjacency of nonoverlapping source-local intervals; not causality
sensor_event:SE_02046,PRECEDES,sensor_event:SE_02047,20.0,metropt3,results/sensor/events.csv,deterministic_chronological_adjacency,Immediate adjacency of nonoverlapping source-local intervals; not causality
sensor_event:SE_02047,PRECEDES,sensor_event:SE_02048,15.0,metropt3,results/sensor/events.csv,deterministic_chronological_adjacency,Immediate adjacency of nonoverlapping source-local intervals; not causality
sensor_event:SE_02048,PRECEDES,sensor_event:SE_02049,15.0,metropt3,results/sensor/events.csv,deterministic_chronological_adjacency,Immediate adjacency of nonoverlapping source-local intervals; not causality
sensor_event:SE_02049,PRECEDES,sensor_event:SE_02050,20.0,metropt3,results/sensor/events.csv,deterministic_chronological_adjacency,Immediate adjacency of nonoverlapping source-local intervals; not causality
sensor_event:SE_02050,PRECEDES,sensor_event:SE_02051,15.0,metropt3,results/sensor/events.csv,deterministic_chronological_adjacency,Immediate adjacency of nonoverlapping source-local intervals; not causality
sensor_event:SE_02051,PRECEDES,sensor_event:SE_02052,15.0,metropt3,results/sensor/events.csv,deterministic_chronological_adjacency,Immediate adjacency of nonoverlapping source-local intervals; not causality
sensor_event:SE_02052,PRECEDES,sensor_event:SE_02053,15.0,metropt3,results/sensor/events.csv,deterministic_chronological_adjacency,Immediate adjacency of nonoverlapping source-local intervals; not causality
sensor_event:SE_02053,PRECEDES,sensor_event:SE_02054,515.0,metropt3,results/sensor/events.csv,deterministic_chronological_adjacency,Immediate adjacency of nonoverlapping source-local intervals; not causality
sensor_event:SE_02054,PRECEDES,sensor_event:SE_02055,40.0,metropt3,results/sensor/events.csv,deterministic_chronological_adjacency,Immediate adjacency of nonoverlapping source-local intervals; not causality
sensor_event:SE_02055,PRECEDES,sensor_event:SE_02056,20.0,metropt3,results/sensor/events.csv,deterministic_chronological_adjacency,Immediate adjacency of nonoverlapping source-local intervals; not causality
sensor_event:SE_02056,PRECEDES,sensor_event:SE_02057,15.0,metropt3,results/sensor/events.csv,deterministic_chronological_adjacency,Immediate adjacency of nonoverlapping source-local intervals; not causality
sensor_event:SE_02057,PRECEDES,sensor_event:SE_02058,45.0,metropt3,results/sensor/events.csv,deterministic_chronological_adjacency,Immediate adjacency of nonoverlapping source-local intervals; not causality
sensor_event:SE_02058,PRECEDES,sensor_event:SE_02059,40.0,metropt3,results/sensor/events.csv,deterministic_chronological_adjacency,Immediate adjacency of nonoverlapping source-local intervals; not causality
sensor_event:SE_02059,PRECEDES,sensor_event:SE_02060,40.0,metropt3,results/sensor/events.csv,deterministic_chronological_adjacency,Immediate adjacency of nonoverlapping source-local intervals; not causality
sensor_event:SE_02060,PRECEDES,sensor_event:SE_02061,40.0,metropt3,results/sensor/events.csv,deterministic_chronological_adjacency,Immediate adjacency of nonoverlapping source-local intervals; not causality
sensor_event:SE_02061,PRECEDES,sensor_event:SE_02062,65.0,metropt3,results/sensor/events.csv,deterministic_chronological_adjacency,Immediate adjacency of nonoverlapping source-local intervals; not causality
sensor_event:SE_02062,PRECEDES,sensor_event:SE_02063,35.0,metropt3,results/sensor/events.csv,deterministic_chronological_adjacency,Immediate adjacency of nonoverlapping source-local intervals; not causality
sensor_event:SE_02063,PRECEDES,sensor_event:SE_02064,15.0,metropt3,results/sensor/events.csv,deterministic_chronological_adjacency,Immediate adjacency of nonoverlapping source-local intervals; not causality
sensor_event:SE_02064,PRECEDES,sensor_event:SE_02065,30.0,metropt3,results/sensor/events.csv,deterministic_chronological_adjacency,Immediate adjacency of nonoverlapping source-local intervals; not causality
sensor_event:SE_02065,PRECEDES,sensor_event:SE_02066,30.0,metropt3,results/sensor/events.csv,deterministic_chronological_adjacency,Immediate adjacency of nonoverlapping source-local intervals; not causality
sensor_event:SE_02066,PRECEDES,sensor_event:SE_02067,15.0,metropt3,results/sensor/events.csv,deterministic_chronological_adjacency,Immediate adjacency of nonoverlapping source-local intervals; not causality
sensor_event:SE_02067,PRECEDES,sensor_event:SE_02068,385.0,metropt3,results/sensor/events.csv,deterministic_chronological_adjacency,Immediate adjacency of nonoverlapping source-local intervals; not causality
sensor_event:SE_02068,PRECEDES,sensor_event:SE_02069,15.0,metropt3,results/sensor/events.csv,deterministic_chronological_adjacency,Immediate adjacency of nonoverlapping source-local intervals; not causality
sensor_event:SE_02069,PRECEDES,sensor_event:SE_02070,15.0,metropt3,results/sensor/events.csv,deterministic_chronological_adjacency,Immediate adjacency of nonoverlapping source-local intervals; not causality
sensor_event:SE_02070,PRECEDES,sensor_event:SE_02071,15.0,metropt3,results/sensor/events.csv,deterministic_chronological_adjacency,Immediate adjacency of nonoverlapping source-local intervals; not causality
sensor_event:SE_02071,PRECEDES,sensor_event:SE_02072,15.0,metropt3,results/sensor/events.csv,deterministic_chronological_adjacency,Immediate adjacency of nonoverlapping source-local intervals; not causality
sensor_event:SE_02072,PRECEDES,sensor_event:SE_02073,15.0,metropt3,results/sensor/events.csv,deterministic_chronological_adjacency,Immediate adjacency of nonoverlapping source-local intervals; not causality
sensor_event:SE_02073,PRECEDES,sensor_event:SE_02074,15.0,metropt3,results/sensor/events.csv,deterministic_chronological_adjacency,Immediate adjacency of nonoverlapping source-local intervals; not causality
sensor_event:SE_02074,PRECEDES,sensor_event:SE_02075,15.0,metropt3,results/sensor/events.csv,deterministic_chronological_adjacency,Immediate adjacency of nonoverlapping source-local intervals; not causality
sensor_event:SE_02075,PRECEDES,sensor_event:SE_02076,15.0,metropt3,results/sensor/events.csv,deterministic_chronological_adjacency,Immediate adjacency of nonoverlapping source-local intervals; not causality
sensor_event:SE_02076,PRECEDES,sensor_event:SE_02077,15.0,metropt3,results/sensor/events.csv,deterministic_chronological_adjacency,Immediate adjacency of nonoverlapping source-local intervals; not causality
sensor_event:SE_02077,PRECEDES,sensor_event:SE_02078,20.0,metropt3,results/sensor/events.csv,deterministic_chronological_adjacency,Immediate adjacency of nonoverlapping source-local intervals; not causality
sensor_event:SE_02078,PRECEDES,sensor_event:SE_02079,15.0,metropt3,results/sensor/events.csv,deterministic_chronological_adjacency,Immediate adjacency of nonoverlapping source-local intervals; not causality
sensor_event:SE_02079,PRECEDES,sensor_event:SE_02080,20.0,metropt3,results/sensor/events.csv,deterministic_chronological_adjacency,Immediate adjacency of nonoverlapping source-local intervals; not causality
sensor_event:SE_02080,PRECEDES,sensor_event:SE_02081,15.0,metropt3,results/sensor/events.csv,deterministic_chronological_adjacency,Immediate adjacency of nonoverlapping source-local intervals; not causality
sensor_event:SE_02081,PRECEDES,sensor_event:SE_02082,15.0,metropt3,results/sensor/events.csv,deterministic_chronological_adjacency,Immediate adjacency of nonoverlapping source-local intervals; not causality
sensor_event:SE_02082,PRECEDES,sensor_event:SE_02083,15.0,metropt3,results/sensor/events.csv,deterministic_chronological_adjacency,Immediate adjacency of nonoverlapping source-local intervals; not causality
sensor_event:SE_02083,PRECEDES,sensor_event:SE_02084,15.0,metropt3,results/sensor/events.csv,deterministic_chronological_adjacency,Immediate adjacency of nonoverlapping source-local intervals; not causality
sensor_event:SE_02084,PRECEDES,sensor_event:SE_02085,15.0,metropt3,results/sensor/events.csv,deterministic_chronological_adjacency,Immediate adjacency of nonoverlapping source-local intervals; not causality
sensor_event:SE_02085,PRECEDES,sensor_event:SE_02086,15.0,metropt3,results/sensor/events.csv,deterministic_chronological_adjacency,Immediate adjacency of nonoverlapping source-local intervals; not causality
sensor_event:SE_02086,PRECEDES,sensor_event:SE_02087,15.0,metropt3,results/sensor/events.csv,deterministic_chronological_adjacency,Immediate adjacency of nonoverlapping source-local intervals; not causality
sensor_event:SE_02087,PRECEDES,sensor_event:SE_02088,100.0,metropt3,results/sensor/events.csv,deterministic_chronological_adjacency,Immediate adjacency of nonoverlapping source-local intervals; not causality
sensor_event:SE_02088,PRECEDES,sensor_event:SE_02089,240.0,metropt3,results/sensor/events.csv,deterministic_chronological_adjacency,Immediate adjacency of nonoverlapping source-local intervals; not causality
sensor_event:SE_02089,PRECEDES,sensor_event:SE_02090,25.0,metropt3,results/sensor/events.csv,deterministic_chronological_adjacency,Immediate adjacency of nonoverlapping source-local intervals; not causality
sensor_event:SE_02090,PRECEDES,sensor_event:SE_02091,110.0,metropt3,results/sensor/events.csv,deterministic_chronological_adjacency,Immediate adjacency of nonoverlapping source-local intervals; not causality
sensor_event:SE_02091,PRECEDES,sensor_event:SE_02092,60.0,metropt3,results/sensor/events.csv,deterministic_chronological_adjacency,Immediate adjacency of nonoverlapping source-local intervals; not causality
sensor_event:SE_02092,PRECEDES,sensor_event:SE_02093,15.0,metropt3,results/sensor/events.csv,deterministic_chronological_adjacency,Immediate adjacency of nonoverlapping source-local intervals; not causality
sensor_event:SE_02093,PRECEDES,sensor_event:SE_02094,15.0,metropt3,results/sensor/events.csv,deterministic_chronological_adjacency,Immediate adjacency of nonoverlapping source-local intervals; not causality
sensor_event:SE_02094,PRECEDES,sensor_event:SE_02095,15.0,metropt3,results/sensor/events.csv,deterministic_chronological_adjacency,Immediate adjacency of nonoverlapping source-local intervals; not causality
sensor_event:SE_02095,PRECEDES,sensor_event:SE_02096,15.0,metropt3,results/sensor/events.csv,deterministic_chronological_adjacency,Immediate adjacency of nonoverlapping source-local intervals; not causality
sensor_event:SE_02096,PRECEDES,sensor_event:SE_02097,15.0,metropt3,results/sensor/events.csv,deterministic_chronological_adjacency,Immediate adjacency of nonoverlapping source-local intervals; not causality
sensor_event:SE_02097,PRECEDES,sensor_event:SE_02098,15.0,metropt3,results/sensor/events.csv,deterministic_chronological_adjacency,Immediate adjacency of nonoverlapping source-local intervals; not causality
sensor_event:SE_02098,PRECEDES,sensor_event:SE_02099,15.0,metropt3,results/sensor/events.csv,deterministic_chronological_adjacency,Immediate adjacency of nonoverlapping source-local intervals; not causality
sensor_event:SE_02099,PRECEDES,sensor_event:SE_02100,15.0,metropt3,results/sensor/events.csv,deterministic_chronological_adjacency,Immediate adjacency of nonoverlapping source-local intervals; not causality
sensor_event:SE_02100,PRECEDES,sensor_event:SE_02101,15.0,metropt3,results/sensor/events.csv,deterministic_chronological_adjacency,Immediate adjacency of nonoverlapping source-local intervals; not causality
sensor_event:SE_02101,PRECEDES,sensor_event:SE_02102,15.0,metropt3,results/sensor/events.csv,deterministic_chronological_adjacency,Immediate adjacency of nonoverlapping source-local intervals; not causality
sensor_event:SE_02102,PRECEDES,sensor_event:SE_02103,15.0,metropt3,results/sensor/events.csv,deterministic_chronological_adjacency,Immediate adjacency of nonoverlapping source-local intervals; not causality
sensor_event:SE_02103,PRECEDES,sensor_event:SE_02104,15.0,metropt3,results/sensor/events.csv,deterministic_chronological_adjacency,Immediate adjacency of nonoverlapping source-local intervals; not causality
sensor_event:SE_02104,PRECEDES,sensor_event:SE_02105,15.0,metropt3,results/sensor/events.csv,deterministic_chronological_adjacency,Immediate adjacency of nonoverlapping source-local intervals; not causality
sensor_event:SE_02105,PRECEDES,sensor_event:SE_02106,15.0,metropt3,results/sensor/events.csv,deterministic_chronological_adjacency,Immediate adjacency of nonoverlapping source-local intervals; not causality
sensor_event:SE_02106,PRECEDES,sensor_event:SE_02107,15.0,metropt3,results/sensor/events.csv,deterministic_chronological_adjacency,Immediate adjacency of nonoverlapping source-local intervals; not causality
sensor_event:SE_02107,PRECEDES,sensor_event:SE_02108,15.0,metropt3,results/sensor/events.csv,deterministic_chronological_adjacency,Immediate adjacency of nonoverlapping source-local intervals; not causality
sensor_event:SE_02108,PRECEDES,sensor_event:SE_02109,15.0,metropt3,results/sensor/events.csv,deterministic_chronological_adjacency,Immediate adjacency of nonoverlapping source-local intervals; not causality
sensor_event:SE_02109,PRECEDES,sensor_event:SE_02110,15.0,metropt3,results/sensor/events.csv,deterministic_chronological_adjacency,Immediate adjacency of nonoverlapping source-local intervals; not causality
sensor_event:SE_02110,PRECEDES,sensor_event:SE_02111,330.0,metropt3,results/sensor/events.csv,deterministic_chronological_adjacency,Immediate adjacency of nonoverlapping source-local intervals; not causality
sensor_event:SE_02111,PRECEDES,sensor_event:SE_02112,320.0,metropt3,results/sensor/events.csv,deterministic_chronological_adjacency,Immediate adjacency of nonoverlapping source-local intervals; not causality
sensor_event:SE_02112,PRECEDES,sensor_event:SE_02113,20.0,metropt3,results/sensor/events.csv,deterministic_chronological_adjacency,Immediate adjacency of nonoverlapping source-local intervals; not causality
sensor_event:SE_02113,PRECEDES,sensor_event:SE_02114,20.0,metropt3,results/sensor/events.csv,deterministic_chronological_adjacency,Immediate adjacency of nonoverlapping source-local intervals; not causality
sensor_event:SE_02114,PRECEDES,sensor_event:SE_02115,15.0,metropt3,results/sensor/events.csv,deterministic_chronological_adjacency,Immediate adjacency of nonoverlapping source-local intervals; not causality
sensor_event:SE_02115,PRECEDES,sensor_event:SE_02116,15.0,metropt3,results/sensor/events.csv,deterministic_chronological_adjacency,Immediate adjacency of nonoverlapping source-local intervals; not causality
sensor_event:SE_02116,PRECEDES,sensor_event:SE_02117,45.0,metropt3,results/sensor/events.csv,deterministic_chronological_adjacency,Immediate adjacency of nonoverlapping source-local intervals; not causality
sensor_event:SE_02117,PRECEDES,sensor_event:SE_02118,15.0,metropt3,results/sensor/events.csv,deterministic_chronological_adjacency,Immediate adjacency of nonoverlapping source-local intervals; not causality
sensor_event:SE_02118,PRECEDES,sensor_event:SE_02119,20.0,metropt3,results/sensor/events.csv,deterministic_chronological_adjacency,Immediate adjacency of nonoverlapping source-local intervals; not causality
sensor_event:SE_02119,PRECEDES,sensor_event:SE_02120,15.0,metropt3,results/sensor/events.csv,deterministic_chronological_adjacency,Immediate adjacency of nonoverlapping source-local intervals; not causality
sensor_event:SE_02120,PRECEDES,sensor_event:SE_02121,15.0,metropt3,results/sensor/events.csv,deterministic_chronological_adjacency,Immediate adjacency of nonoverlapping source-local intervals; not causality
sensor_event:SE_02121,PRECEDES,sensor_event:SE_02122,15.0,metropt3,results/sensor/events.csv,deterministic_chronological_adjacency,Immediate adjacency of nonoverlapping source-local intervals; not causality
sensor_event:SE_02122,PRECEDES,sensor_event:SE_02123,15.0,metropt3,results/sensor/events.csv,deterministic_chronological_adjacency,Immediate adjacency of nonoverlapping source-local intervals; not causality
sensor_event:SE_02123,PRECEDES,sensor_event:SE_02124,15.0,metropt3,results/sensor/events.csv,deterministic_chronological_adjacency,Immediate adjacency of nonoverlapping source-local intervals; not causality
sensor_event:SE_02124,PRECEDES,sensor_event:SE_02125,15.0,metropt3,results/sensor/events.csv,deterministic_chronological_adjacency,Immediate adjacency of nonoverlapping source-local intervals; not causality
sensor_event:SE_02125,PRECEDES,sensor_event:SE_02126,15.0,metropt3,results/sensor/events.csv,deterministic_chronological_adjacency,Immediate adjacency of nonoverlapping source-local intervals; not causality
sensor_event:SE_02126,PRECEDES,sensor_event:SE_02127,15.0,metropt3,results/sensor/events.csv,deterministic_chronological_adjacency,Immediate adjacency of nonoverlapping source-local intervals; not causality
sensor_event:SE_02127,PRECEDES,sensor_event:SE_02128,15.0,metropt3,results/sensor/events.csv,deterministic_chronological_adjacency,Immediate adjacency of nonoverlapping source-local intervals; not causality
sensor_event:SE_02128,PRECEDES,sensor_event:SE_02129,645.0,metropt3,results/sensor/events.csv,deterministic_chronological_adjacency,Immediate adjacency of nonoverlapping source-local intervals; not causality
sensor_event:SE_02129,PRECEDES,sensor_event:SE_02130,15.0,metropt3,results/sensor/events.csv,deterministic_chronological_adjacency,Immediate adjacency of nonoverlapping source-local intervals; not causality
sensor_event:SE_02130,PRECEDES,sensor_event:SE_02131,15.0,metropt3,results/sensor/events.csv,deterministic_chronological_adjacency,Immediate adjacency of nonoverlapping source-local intervals; not causality
sensor_event:SE_02131,PRECEDES,sensor_event:SE_02132,35.0,metropt3,results/sensor/events.csv,deterministic_chronological_adjacency,Immediate adjacency of nonoverlapping source-local intervals; not causality
sensor_event:SE_02132,PRECEDES,sensor_event:SE_02133,30.0,metropt3,results/sensor/events.csv,deterministic_chronological_adjacency,Immediate adjacency of nonoverlapping source-local intervals; not causality
sensor_event:SE_02133,PRECEDES,sensor_event:SE_02134,20.0,metropt3,results/sensor/events.csv,deterministic_chronological_adjacency,Immediate adjacency of nonoverlapping source-local intervals; not causality
sensor_event:SE_02134,PRECEDES,sensor_event:SE_02135,15.0,metropt3,results/sensor/events.csv,deterministic_chronological_adjacency,Immediate adjacency of nonoverlapping source-local intervals; not causality
sensor_event:SE_02135,PRECEDES,sensor_event:SE_02136,20.0,metropt3,results/sensor/events.csv,deterministic_chronological_adjacency,Immediate adjacency of nonoverlapping source-local intervals; not causality
sensor_event:SE_02136,PRECEDES,sensor_event:SE_02137,15.0,metropt3,results/sensor/events.csv,deterministic_chronological_adjacency,Immediate adjacency of nonoverlapping source-local intervals; not causality
sensor_event:SE_02137,PRECEDES,sensor_event:SE_02138,15.0,metropt3,results/sensor/events.csv,deterministic_chronological_adjacency,Immediate adjacency of nonoverlapping source-local intervals; not causality
sensor_event:SE_02138,PRECEDES,sensor_event:SE_02139,15.0,metropt3,results/sensor/events.csv,deterministic_chronological_adjacency,Immediate adjacency of nonoverlapping source-local intervals; not causality
sensor_event:SE_02139,PRECEDES,sensor_event:SE_02140,20.0,metropt3,results/sensor/events.csv,deterministic_chronological_adjacency,Immediate adjacency of nonoverlapping source-local intervals; not causality
sensor_event:SE_02140,PRECEDES,sensor_event:SE_02141,15.0,metropt3,results/sensor/events.csv,deterministic_chronological_adjacency,Immediate adjacency of nonoverlapping source-local intervals; not causality
sensor_event:SE_02141,PRECEDES,sensor_event:SE_02142,15.0,metropt3,results/sensor/events.csv,deterministic_chronological_adjacency,Immediate adjacency of nonoverlapping source-local intervals; not causality
sensor_event:SE_02142,PRECEDES,sensor_event:SE_02143,15.0,metropt3,results/sensor/events.csv,deterministic_chronological_adjacency,Immediate adjacency of nonoverlapping source-local intervals; not causality
sensor_event:SE_02143,PRECEDES,sensor_event:SE_02144,20.0,metropt3,results/sensor/events.csv,deterministic_chronological_adjacency,Immediate adjacency of nonoverlapping source-local intervals; not causality
sensor_event:SE_02144,PRECEDES,sensor_event:SE_02145,15.0,metropt3,results/sensor/events.csv,deterministic_chronological_adjacency,Immediate adjacency of nonoverlapping source-local intervals; not causality
sensor_event:SE_02145,PRECEDES,sensor_event:SE_02146,35.0,metropt3,results/sensor/events.csv,deterministic_chronological_adjacency,Immediate adjacency of nonoverlapping source-local intervals; not causality
sensor_event:SE_02146,PRECEDES,sensor_event:SE_02147,15.0,metropt3,results/sensor/events.csv,deterministic_chronological_adjacency,Immediate adjacency of nonoverlapping source-local intervals; not causality
sensor_event:SE_02147,PRECEDES,sensor_event:SE_02148,20.0,metropt3,results/sensor/events.csv,deterministic_chronological_adjacency,Immediate adjacency of nonoverlapping source-local intervals; not causality
sensor_event:SE_02148,PRECEDES,sensor_event:SE_02149,15.0,metropt3,results/sensor/events.csv,deterministic_chronological_adjacency,Immediate adjacency of nonoverlapping source-local intervals; not causality
sensor_event:SE_02149,PRECEDES,sensor_event:SE_02150,15.0,metropt3,results/sensor/events.csv,deterministic_chronological_adjacency,Immediate adjacency of nonoverlapping source-local intervals; not causality
sensor_event:SE_02150,PRECEDES,sensor_event:SE_02151,580.0,metropt3,results/sensor/events.csv,deterministic_chronological_adjacency,Immediate adjacency of nonoverlapping source-local intervals; not causality
sensor_event:SE_02151,PRECEDES,sensor_event:SE_02152,115.0,metropt3,results/sensor/events.csv,deterministic_chronological_adjacency,Immediate adjacency of nonoverlapping source-local intervals; not causality
sensor_event:SE_02152,PRECEDES,sensor_event:SE_02153,60.0,metropt3,results/sensor/events.csv,deterministic_chronological_adjacency,Immediate adjacency of nonoverlapping source-local intervals; not causality
sensor_event:SE_02153,PRECEDES,sensor_event:SE_02154,45.0,metropt3,results/sensor/events.csv,deterministic_chronological_adjacency,Immediate adjacency of nonoverlapping source-local intervals; not causality
sensor_event:SE_02154,PRECEDES,sensor_event:SE_02155,15.0,metropt3,results/sensor/events.csv,deterministic_chronological_adjacency,Immediate adjacency of nonoverlapping source-local intervals; not causality
sensor_event:SE_02155,PRECEDES,sensor_event:SE_02156,20.0,metropt3,results/sensor/events.csv,deterministic_chronological_adjacency,Immediate adjacency of nonoverlapping source-local intervals; not causality
sensor_event:SE_02156,PRECEDES,sensor_event:SE_02157,15.0,metropt3,results/sensor/events.csv,deterministic_chronological_adjacency,Immediate adjacency of nonoverlapping source-local intervals; not causality
sensor_event:SE_02157,PRECEDES,sensor_event:SE_02158,15.0,metropt3,results/sensor/events.csv,deterministic_chronological_adjacency,Immediate adjacency of nonoverlapping source-local intervals; not causality
sensor_event:SE_02158,PRECEDES,sensor_event:SE_02159,20.0,metropt3,results/sensor/events.csv,deterministic_chronological_adjacency,Immediate adjacency of nonoverlapping source-local intervals; not causality
sensor_event:SE_02159,PRECEDES,sensor_event:SE_02160,20.0,metropt3,results/sensor/events.csv,deterministic_chronological_adjacency,Immediate adjacency of nonoverlapping source-local intervals; not causality
sensor_event:SE_02160,PRECEDES,sensor_event:SE_02161,15.0,metropt3,results/sensor/events.csv,deterministic_chronological_adjacency,Immediate adjacency of nonoverlapping source-local intervals; not causality
sensor_event:SE_02161,PRECEDES,sensor_event:SE_02162,15.0,metropt3,results/sensor/events.csv,deterministic_chronological_adjacency,Immediate adjacency of nonoverlapping source-local intervals; not causality
sensor_event:SE_02162,PRECEDES,sensor_event:SE_02163,15.0,metropt3,results/sensor/events.csv,deterministic_chronological_adjacency,Immediate adjacency of nonoverlapping source-local intervals; not causality
sensor_event:SE_02163,PRECEDES,sensor_event:SE_02164,20.0,metropt3,results/sensor/events.csv,deterministic_chronological_adjacency,Immediate adjacency of nonoverlapping source-local intervals; not causality
sensor_event:SE_02164,PRECEDES,sensor_event:SE_02165,15.0,metropt3,results/sensor/events.csv,deterministic_chronological_adjacency,Immediate adjacency of nonoverlapping source-local intervals; not causality
sensor_event:SE_02165,PRECEDES,sensor_event:SE_02166,15.0,metropt3,results/sensor/events.csv,deterministic_chronological_adjacency,Immediate adjacency of nonoverlapping source-local intervals; not causality
sensor_event:SE_02166,PRECEDES,sensor_event:SE_02167,20.0,metropt3,results/sensor/events.csv,deterministic_chronological_adjacency,Immediate adjacency of nonoverlapping source-local intervals; not causality
sensor_event:SE_02167,PRECEDES,sensor_event:SE_02168,15.0,metropt3,results/sensor/events.csv,deterministic_chronological_adjacency,Immediate adjacency of nonoverlapping source-local intervals; not causality
sensor_event:SE_02168,PRECEDES,sensor_event:SE_02169,15.0,metropt3,results/sensor/events.csv,deterministic_chronological_adjacency,Immediate adjacency of nonoverlapping source-local intervals; not causality
sensor_event:SE_02169,PRECEDES,sensor_event:SE_02170,15.0,metropt3,results/sensor/events.csv,deterministic_chronological_adjacency,Immediate adjacency of nonoverlapping source-local intervals; not causality
sensor_event:SE_02170,PRECEDES,sensor_event:SE_02171,35.0,metropt3,results/sensor/events.csv,deterministic_chronological_adjacency,Immediate adjacency of nonoverlapping source-local intervals; not causality
sensor_event:SE_02171,PRECEDES,sensor_event:SE_02172,15.0,metropt3,results/sensor/events.csv,deterministic_chronological_adjacency,Immediate adjacency of nonoverlapping source-local intervals; not causality
sensor_event:SE_02172,PRECEDES,sensor_event:SE_02173,75.0,metropt3,results/sensor/events.csv,deterministic_chronological_adjacency,Immediate adjacency of nonoverlapping source-local intervals; not causality
sensor_event:SE_02173,PRECEDES,sensor_event:SE_02174,400.0,metropt3,results/sensor/events.csv,deterministic_chronological_adjacency,Immediate adjacency of nonoverlapping source-local intervals; not causality
sensor_event:SE_02174,PRECEDES,sensor_event:SE_02175,15.0,metropt3,results/sensor/events.csv,deterministic_chronological_adjacency,Immediate adjacency of nonoverlapping source-local intervals; not causality
sensor_event:SE_02175,PRECEDES,sensor_event:SE_02176,135.0,metropt3,results/sensor/events.csv,deterministic_chronological_adjacency,Immediate adjacency of nonoverlapping source-local intervals; not causality
sensor_event:SE_02176,PRECEDES,sensor_event:SE_02177,15.0,metropt3,results/sensor/events.csv,deterministic_chronological_adjacency,Immediate adjacency of nonoverlapping source-local intervals; not causality
sensor_event:SE_02177,PRECEDES,sensor_event:SE_02178,25.0,metropt3,results/sensor/events.csv,deterministic_chronological_adjacency,Immediate adjacency of nonoverlapping source-local intervals; not causality
sensor_event:SE_02178,PRECEDES,sensor_event:SE_02179,15.0,metropt3,results/sensor/events.csv,deterministic_chronological_adjacency,Immediate adjacency of nonoverlapping source-local intervals; not causality
sensor_event:SE_02179,PRECEDES,sensor_event:SE_02180,15.0,metropt3,results/sensor/events.csv,deterministic_chronological_adjacency,Immediate adjacency of nonoverlapping source-local intervals; not causality
sensor_event:SE_02180,PRECEDES,sensor_event:SE_02181,25.0,metropt3,results/sensor/events.csv,deterministic_chronological_adjacency,Immediate adjacency of nonoverlapping source-local intervals; not causality
sensor_event:SE_02181,PRECEDES,sensor_event:SE_02182,50.0,metropt3,results/sensor/events.csv,deterministic_chronological_adjacency,Immediate adjacency of nonoverlapping source-local intervals; not causality
sensor_event:SE_02182,PRECEDES,sensor_event:SE_02183,15.0,metropt3,results/sensor/events.csv,deterministic_chronological_adjacency,Immediate adjacency of nonoverlapping source-local intervals; not causality
sensor_event:SE_02183,PRECEDES,sensor_event:SE_02184,15.0,metropt3,results/sensor/events.csv,deterministic_chronological_adjacency,Immediate adjacency of nonoverlapping source-local intervals; not causality
sensor_event:SE_02184,PRECEDES,sensor_event:SE_02185,15.0,metropt3,results/sensor/events.csv,deterministic_chronological_adjacency,Immediate adjacency of nonoverlapping source-local intervals; not causality
sensor_event:SE_02185,PRECEDES,sensor_event:SE_02186,15.0,metropt3,results/sensor/events.csv,deterministic_chronological_adjacency,Immediate adjacency of nonoverlapping source-local intervals; not causality
sensor_event:SE_02186,PRECEDES,sensor_event:SE_02187,15.0,metropt3,results/sensor/events.csv,deterministic_chronological_adjacency,Immediate adjacency of nonoverlapping source-local intervals; not causality
sensor_event:SE_02187,PRECEDES,sensor_event:SE_02188,15.0,metropt3,results/sensor/events.csv,deterministic_chronological_adjacency,Immediate adjacency of nonoverlapping source-local intervals; not causality
sensor_event:SE_02188,PRECEDES,sensor_event:SE_02189,15.0,metropt3,results/sensor/events.csv,deterministic_chronological_adjacency,Immediate adjacency of nonoverlapping source-local intervals; not causality
sensor_event:SE_02189,PRECEDES,sensor_event:SE_02190,15.0,metropt3,results/sensor/events.csv,deterministic_chronological_adjacency,Immediate adjacency of nonoverlapping source-local intervals; not causality
sensor_event:SE_02190,PRECEDES,sensor_event:SE_02191,15.0,metropt3,results/sensor/events.csv,deterministic_chronological_adjacency,Immediate adjacency of nonoverlapping source-local intervals; not causality
sensor_event:SE_02191,PRECEDES,sensor_event:SE_02192,15.0,metropt3,results/sensor/events.csv,deterministic_chronological_adjacency,Immediate adjacency of nonoverlapping source-local intervals; not causality
sensor_event:SE_02192,PRECEDES,sensor_event:SE_02193,15.0,metropt3,results/sensor/events.csv,deterministic_chronological_adjacency,Immediate adjacency of nonoverlapping source-local intervals; not causality
sensor_event:SE_02193,PRECEDES,sensor_event:SE_02194,15.0,metropt3,results/sensor/events.csv,deterministic_chronological_adjacency,Immediate adjacency of nonoverlapping source-local intervals; not causality
sensor_event:SE_02194,PRECEDES,sensor_event:SE_02195,15.0,metropt3,results/sensor/events.csv,deterministic_chronological_adjacency,Immediate adjacency of nonoverlapping source-local intervals; not causality
sensor_event:SE_02195,PRECEDES,sensor_event:SE_02196,15.0,metropt3,results/sensor/events.csv,deterministic_chronological_adjacency,Immediate adjacency of nonoverlapping source-local intervals; not causality
sensor_event:SE_02196,PRECEDES,sensor_event:SE_02197,15.0,metropt3,results/sensor/events.csv,deterministic_chronological_adjacency,Immediate adjacency of nonoverlapping source-local intervals; not causality
sensor_event:SE_02197,PRECEDES,sensor_event:SE_02198,15.0,metropt3,results/sensor/events.csv,deterministic_chronological_adjacency,Immediate adjacency of nonoverlapping source-local intervals; not causality
sensor_event:SE_02198,PRECEDES,sensor_event:SE_02199,25.0,metropt3,results/sensor/events.csv,deterministic_chronological_adjacency,Immediate adjacency of nonoverlapping source-local intervals; not causality
sensor_event:SE_02199,PRECEDES,sensor_event:SE_02200,290.0,metropt3,results/sensor/events.csv,deterministic_chronological_adjacency,Immediate adjacency of nonoverlapping source-local intervals; not causality
sensor_event:SE_02200,PRECEDES,sensor_event:SE_02201,155.0,metropt3,results/sensor/events.csv,deterministic_chronological_adjacency,Immediate adjacency of nonoverlapping source-local intervals; not causality
sensor_event:SE_02201,PRECEDES,sensor_event:SE_02202,135.0,metropt3,results/sensor/events.csv,deterministic_chronological_adjacency,Immediate adjacency of nonoverlapping source-local intervals; not causality
sensor_event:SE_02202,PRECEDES,sensor_event:SE_02203,25.0,metropt3,results/sensor/events.csv,deterministic_chronological_adjacency,Immediate adjacency of nonoverlapping source-local intervals; not causality
sensor_event:SE_02203,PRECEDES,sensor_event:SE_02204,25.0,metropt3,results/sensor/events.csv,deterministic_chronological_adjacency,Immediate adjacency of nonoverlapping source-local intervals; not causality
sensor_event:SE_02204,PRECEDES,sensor_event:SE_02205,15.0,metropt3,results/sensor/events.csv,deterministic_chronological_adjacency,Immediate adjacency of nonoverlapping source-local intervals; not causality
sensor_event:SE_02205,PRECEDES,sensor_event:SE_02206,15.0,metropt3,results/sensor/events.csv,deterministic_chronological_adjacency,Immediate adjacency of nonoverlapping source-local intervals; not causality
sensor_event:SE_02206,PRECEDES,sensor_event:SE_02207,15.0,metropt3,results/sensor/events.csv,deterministic_chronological_adjacency,Immediate adjacency of nonoverlapping source-local intervals; not causality
sensor_event:SE_02207,PRECEDES,sensor_event:SE_02208,25.0,metropt3,results/sensor/events.csv,deterministic_chronological_adjacency,Immediate adjacency of nonoverlapping source-local intervals; not causality
sensor_event:SE_02208,PRECEDES,sensor_event:SE_02209,15.0,metropt3,results/sensor/events.csv,deterministic_chronological_adjacency,Immediate adjacency of nonoverlapping source-local intervals; not causality
sensor_event:SE_02209,PRECEDES,sensor_event:SE_02210,15.0,metropt3,results/sensor/events.csv,deterministic_chronological_adjacency,Immediate adjacency of nonoverlapping source-local intervals; not causality
sensor_event:SE_02210,PRECEDES,sensor_event:SE_02211,15.0,metropt3,results/sensor/events.csv,deterministic_chronological_adjacency,Immediate adjacency of nonoverlapping source-local intervals; not causality
sensor_event:SE_02211,PRECEDES,sensor_event:SE_02212,15.0,metropt3,results/sensor/events.csv,deterministic_chronological_adjacency,Immediate adjacency of nonoverlapping source-local intervals; not causality
sensor_event:SE_02212,PRECEDES,sensor_event:SE_02213,15.0,metropt3,results/sensor/events.csv,deterministic_chronological_adjacency,Immediate adjacency of nonoverlapping source-local intervals; not causality
sensor_event:SE_02213,PRECEDES,sensor_event:SE_02214,15.0,metropt3,results/sensor/events.csv,deterministic_chronological_adjacency,Immediate adjacency of nonoverlapping source-local intervals; not causality
sensor_event:SE_02214,PRECEDES,sensor_event:SE_02215,15.0,metropt3,results/sensor/events.csv,deterministic_chronological_adjacency,Immediate adjacency of nonoverlapping source-local intervals; not causality
sensor_event:SE_02215,PRECEDES,sensor_event:SE_02216,15.0,metropt3,results/sensor/events.csv,deterministic_chronological_adjacency,Immediate adjacency of nonoverlapping source-local intervals; not causality
sensor_event:SE_02216,PRECEDES,sensor_event:SE_02217,15.0,metropt3,results/sensor/events.csv,deterministic_chronological_adjacency,Immediate adjacency of nonoverlapping source-local intervals; not causality
sensor_event:SE_02217,PRECEDES,sensor_event:SE_02218,20.0,metropt3,results/sensor/events.csv,deterministic_chronological_adjacency,Immediate adjacency of nonoverlapping source-local intervals; not causality
sensor_event:SE_02218,PRECEDES,sensor_event:SE_02219,15.0,metropt3,results/sensor/events.csv,deterministic_chronological_adjacency,Immediate adjacency of nonoverlapping source-local intervals; not causality
sensor_event:SE_02219,PRECEDES,sensor_event:SE_02220,15.0,metropt3,results/sensor/events.csv,deterministic_chronological_adjacency,Immediate adjacency of nonoverlapping source-local intervals; not causality
sensor_event:SE_02220,PRECEDES,sensor_event:SE_02221,15.0,metropt3,results/sensor/events.csv,deterministic_chronological_adjacency,Immediate adjacency of nonoverlapping source-local intervals; not causality
sensor_event:SE_02221,PRECEDES,sensor_event:SE_02222,15.0,metropt3,results/sensor/events.csv,deterministic_chronological_adjacency,Immediate adjacency of nonoverlapping source-local intervals; not causality
sensor_event:SE_02222,PRECEDES,sensor_event:SE_02223,15.0,metropt3,results/sensor/events.csv,deterministic_chronological_adjacency,Immediate adjacency of nonoverlapping source-local intervals; not causality
sensor_event:SE_02223,PRECEDES,sensor_event:SE_02224,160.0,metropt3,results/sensor/events.csv,deterministic_chronological_adjacency,Immediate adjacency of nonoverlapping source-local intervals; not causality
sensor_event:SE_02224,PRECEDES,sensor_event:SE_02225,55.0,metropt3,results/sensor/events.csv,deterministic_chronological_adjacency,Immediate adjacency of nonoverlapping source-local intervals; not causality
sensor_event:SE_02225,PRECEDES,sensor_event:SE_02226,55.0,metropt3,results/sensor/events.csv,deterministic_chronological_adjacency,Immediate adjacency of nonoverlapping source-local intervals; not causality
sensor_event:SE_02226,PRECEDES,sensor_event:SE_02227,240.0,metropt3,results/sensor/events.csv,deterministic_chronological_adjacency,Immediate adjacency of nonoverlapping source-local intervals; not causality
sensor_event:SE_02227,PRECEDES,sensor_event:SE_02228,115.0,metropt3,results/sensor/events.csv,deterministic_chronological_adjacency,Immediate adjacency of nonoverlapping source-local intervals; not causality
sensor_event:SE_02228,PRECEDES,sensor_event:SE_02229,15.0,metropt3,results/sensor/events.csv,deterministic_chronological_adjacency,Immediate adjacency of nonoverlapping source-local intervals; not causality
sensor_event:SE_02229,PRECEDES,sensor_event:SE_02230,15.0,metropt3,results/sensor/events.csv,deterministic_chronological_adjacency,Immediate adjacency of nonoverlapping source-local intervals; not causality
sensor_event:SE_02230,PRECEDES,sensor_event:SE_02231,25.0,metropt3,results/sensor/events.csv,deterministic_chronological_adjacency,Immediate adjacency of nonoverlapping source-local intervals; not causality
sensor_event:SE_02231,PRECEDES,sensor_event:SE_02232,35.0,metropt3,results/sensor/events.csv,deterministic_chronological_adjacency,Immediate adjacency of nonoverlapping source-local intervals; not causality
sensor_event:SE_02232,PRECEDES,sensor_event:SE_02233,15.0,metropt3,results/sensor/events.csv,deterministic_chronological_adjacency,Immediate adjacency of nonoverlapping source-local intervals; not causality
sensor_event:SE_02233,PRECEDES,sensor_event:SE_02234,15.0,metropt3,results/sensor/events.csv,deterministic_chronological_adjacency,Immediate adjacency of nonoverlapping source-local intervals; not causality
sensor_event:SE_02234,PRECEDES,sensor_event:SE_02235,15.0,metropt3,results/sensor/events.csv,deterministic_chronological_adjacency,Immediate adjacency of nonoverlapping source-local intervals; not causality
sensor_event:SE_02235,PRECEDES,sensor_event:SE_02236,15.0,metropt3,results/sensor/events.csv,deterministic_chronological_adjacency,Immediate adjacency of nonoverlapping source-local intervals; not causality
sensor_event:SE_02236,PRECEDES,sensor_event:SE_02237,20.0,metropt3,results/sensor/events.csv,deterministic_chronological_adjacency,Immediate adjacency of nonoverlapping source-local intervals; not causality
sensor_event:SE_02237,PRECEDES,sensor_event:SE_02238,15.0,metropt3,results/sensor/events.csv,deterministic_chronological_adjacency,Immediate adjacency of nonoverlapping source-local intervals; not causality
sensor_event:SE_02238,PRECEDES,sensor_event:SE_02239,15.0,metropt3,results/sensor/events.csv,deterministic_chronological_adjacency,Immediate adjacency of nonoverlapping source-local intervals; not causality
sensor_event:SE_02239,PRECEDES,sensor_event:SE_02240,15.0,metropt3,results/sensor/events.csv,deterministic_chronological_adjacency,Immediate adjacency of nonoverlapping source-local intervals; not causality
sensor_event:SE_02240,PRECEDES,sensor_event:SE_02241,15.0,metropt3,results/sensor/events.csv,deterministic_chronological_adjacency,Immediate adjacency of nonoverlapping source-local intervals; not causality
sensor_event:SE_02241,PRECEDES,sensor_event:SE_02242,15.0,metropt3,results/sensor/events.csv,deterministic_chronological_adjacency,Immediate adjacency of nonoverlapping source-local intervals; not causality
sensor_event:SE_02242,PRECEDES,sensor_event:SE_02243,15.0,metropt3,results/sensor/events.csv,deterministic_chronological_adjacency,Immediate adjacency of nonoverlapping source-local intervals; not causality
sensor_event:SE_02243,PRECEDES,sensor_event:SE_02244,15.0,metropt3,results/sensor/events.csv,deterministic_chronological_adjacency,Immediate adjacency of nonoverlapping source-local intervals; not causality
sensor_event:SE_02244,PRECEDES,sensor_event:SE_02245,15.0,metropt3,results/sensor/events.csv,deterministic_chronological_adjacency,Immediate adjacency of nonoverlapping source-local intervals; not causality
sensor_event:SE_02245,PRECEDES,sensor_event:SE_02246,15.0,metropt3,results/sensor/events.csv,deterministic_chronological_adjacency,Immediate adjacency of nonoverlapping source-local intervals; not causality
sensor_event:SE_02246,PRECEDES,sensor_event:SE_02247,15.0,metropt3,results/sensor/events.csv,deterministic_chronological_adjacency,Immediate adjacency of nonoverlapping source-local intervals; not causality
sensor_event:SE_02247,PRECEDES,sensor_event:SE_02248,15.0,metropt3,results/sensor/events.csv,deterministic_chronological_adjacency,Immediate adjacency of nonoverlapping source-local intervals; not causality
sensor_event:SE_02248,PRECEDES,sensor_event:SE_02249,15.0,metropt3,results/sensor/events.csv,deterministic_chronological_adjacency,Immediate adjacency of nonoverlapping source-local intervals; not causality
sensor_event:SE_02249,PRECEDES,sensor_event:SE_02250,20.0,metropt3,results/sensor/events.csv,deterministic_chronological_adjacency,Immediate adjacency of nonoverlapping source-local intervals; not causality
sensor_event:SE_02250,PRECEDES,sensor_event:SE_02251,530.0,metropt3,results/sensor/events.csv,deterministic_chronological_adjacency,Immediate adjacency of nonoverlapping source-local intervals; not causality
sensor_event:SE_02251,PRECEDES,sensor_event:SE_02252,45.0,metropt3,results/sensor/events.csv,deterministic_chronological_adjacency,Immediate adjacency of nonoverlapping source-local intervals; not causality
sensor_event:SE_02252,PRECEDES,sensor_event:SE_02253,30.0,metropt3,results/sensor/events.csv,deterministic_chronological_adjacency,Immediate adjacency of nonoverlapping source-local intervals; not causality
sensor_event:SE_02253,PRECEDES,sensor_event:SE_02254,50.0,metropt3,results/sensor/events.csv,deterministic_chronological_adjacency,Immediate adjacency of nonoverlapping source-local intervals; not causality
sensor_event:SE_02254,PRECEDES,sensor_event:SE_02255,30.0,metropt3,results/sensor/events.csv,deterministic_chronological_adjacency,Immediate adjacency of nonoverlapping source-local intervals; not causality
sensor_event:SE_02255,PRECEDES,sensor_event:SE_02256,50.0,metropt3,results/sensor/events.csv,deterministic_chronological_adjacency,Immediate adjacency of nonoverlapping source-local intervals; not causality
sensor_event:SE_02256,PRECEDES,sensor_event:SE_02257,15.0,metropt3,results/sensor/events.csv,deterministic_chronological_adjacency,Immediate adjacency of nonoverlapping source-local intervals; not causality
sensor_event:SE_02257,PRECEDES,sensor_event:SE_02258,15.0,metropt3,results/sensor/events.csv,deterministic_chronological_adjacency,Immediate adjacency of nonoverlapping source-local intervals; not causality
sensor_event:SE_02258,PRECEDES,sensor_event:SE_02259,15.0,metropt3,results/sensor/events.csv,deterministic_chronological_adjacency,Immediate adjacency of nonoverlapping source-local intervals; not causality
sensor_event:SE_02259,PRECEDES,sensor_event:SE_02260,15.0,metropt3,results/sensor/events.csv,deterministic_chronological_adjacency,Immediate adjacency of nonoverlapping source-local intervals; not causality
sensor_event:SE_02260,PRECEDES,sensor_event:SE_02261,40.0,metropt3,results/sensor/events.csv,deterministic_chronological_adjacency,Immediate adjacency of nonoverlapping source-local intervals; not causality
sensor_event:SE_02261,PRECEDES,sensor_event:SE_02262,15.0,metropt3,results/sensor/events.csv,deterministic_chronological_adjacency,Immediate adjacency of nonoverlapping source-local intervals; not causality
sensor_event:SE_02262,PRECEDES,sensor_event:SE_02263,15.0,metropt3,results/sensor/events.csv,deterministic_chronological_adjacency,Immediate adjacency of nonoverlapping source-local intervals; not causality
sensor_event:SE_02263,PRECEDES,sensor_event:SE_02264,15.0,metropt3,results/sensor/events.csv,deterministic_chronological_adjacency,Immediate adjacency of nonoverlapping source-local intervals; not causality
sensor_event:SE_02264,PRECEDES,sensor_event:SE_02265,15.0,metropt3,results/sensor/events.csv,deterministic_chronological_adjacency,Immediate adjacency of nonoverlapping source-local intervals; not causality
sensor_event:SE_02265,PRECEDES,sensor_event:SE_02266,15.0,metropt3,results/sensor/events.csv,deterministic_chronological_adjacency,Immediate adjacency of nonoverlapping source-local intervals; not causality
sensor_event:SE_02266,PRECEDES,sensor_event:SE_02267,15.0,metropt3,results/sensor/events.csv,deterministic_chronological_adjacency,Immediate adjacency of nonoverlapping source-local intervals; not causality
sensor_event:SE_02267,PRECEDES,sensor_event:SE_02268,15.0,metropt3,results/sensor/events.csv,deterministic_chronological_adjacency,Immediate adjacency of nonoverlapping source-local intervals; not causality
sensor_event:SE_02268,PRECEDES,sensor_event:SE_02269,15.0,metropt3,results/sensor/events.csv,deterministic_chronological_adjacency,Immediate adjacency of nonoverlapping source-local intervals; not causality
sensor_event:SE_02269,PRECEDES,sensor_event:SE_02270,225.0,metropt3,results/sensor/events.csv,deterministic_chronological_adjacency,Immediate adjacency of nonoverlapping source-local intervals; not causality
sensor_event:SE_02270,PRECEDES,sensor_event:SE_02271,100.0,metropt3,results/sensor/events.csv,deterministic_chronological_adjacency,Immediate adjacency of nonoverlapping source-local intervals; not causality
sensor_event:SE_02271,PRECEDES,sensor_event:SE_02272,235.0,metropt3,results/sensor/events.csv,deterministic_chronological_adjacency,Immediate adjacency of nonoverlapping source-local intervals; not causality
sensor_event:SE_02272,PRECEDES,sensor_event:SE_02273,65.0,metropt3,results/sensor/events.csv,deterministic_chronological_adjacency,Immediate adjacency of nonoverlapping source-local intervals; not causality
sensor_event:SE_02273,PRECEDES,sensor_event:SE_02274,30.0,metropt3,results/sensor/events.csv,deterministic_chronological_adjacency,Immediate adjacency of nonoverlapping source-local intervals; not causality
sensor_event:SE_02274,PRECEDES,sensor_event:SE_02275,55.0,metropt3,results/sensor/events.csv,deterministic_chronological_adjacency,Immediate adjacency of nonoverlapping source-local intervals; not causality
sensor_event:SE_02275,PRECEDES,sensor_event:SE_02276,15.0,metropt3,results/sensor/events.csv,deterministic_chronological_adjacency,Immediate adjacency of nonoverlapping source-local intervals; not causality
sensor_event:SE_02276,PRECEDES,sensor_event:SE_02277,30.0,metropt3,results/sensor/events.csv,deterministic_chronological_adjacency,Immediate adjacency of nonoverlapping source-local intervals; not causality
sensor_event:SE_02277,PRECEDES,sensor_event:SE_02278,15.0,metropt3,results/sensor/events.csv,deterministic_chronological_adjacency,Immediate adjacency of nonoverlapping source-local intervals; not causality
sensor_event:SE_02278,PRECEDES,sensor_event:SE_02279,15.0,metropt3,results/sensor/events.csv,deterministic_chronological_adjacency,Immediate adjacency of nonoverlapping source-local intervals; not causality
sensor_event:SE_02279,PRECEDES,sensor_event:SE_02280,30.0,metropt3,results/sensor/events.csv,deterministic_chronological_adjacency,Immediate adjacency of nonoverlapping source-local intervals; not causality
sensor_event:SE_02280,PRECEDES,sensor_event:SE_02281,15.0,metropt3,results/sensor/events.csv,deterministic_chronological_adjacency,Immediate adjacency of nonoverlapping source-local intervals; not causality
sensor_event:SE_02281,PRECEDES,sensor_event:SE_02282,15.0,metropt3,results/sensor/events.csv,deterministic_chronological_adjacency,Immediate adjacency of nonoverlapping source-local intervals; not causality
sensor_event:SE_02282,PRECEDES,sensor_event:SE_02283,15.0,metropt3,results/sensor/events.csv,deterministic_chronological_adjacency,Immediate adjacency of nonoverlapping source-local intervals; not causality
sensor_event:SE_02283,PRECEDES,sensor_event:SE_02284,15.0,metropt3,results/sensor/events.csv,deterministic_chronological_adjacency,Immediate adjacency of nonoverlapping source-local intervals; not causality
sensor_event:SE_02284,PRECEDES,sensor_event:SE_02285,15.0,metropt3,results/sensor/events.csv,deterministic_chronological_adjacency,Immediate adjacency of nonoverlapping source-local intervals; not causality
sensor_event:SE_02285,PRECEDES,sensor_event:SE_02286,15.0,metropt3,results/sensor/events.csv,deterministic_chronological_adjacency,Immediate adjacency of nonoverlapping source-local intervals; not causality
sensor_event:SE_02286,PRECEDES,sensor_event:SE_02287,15.0,metropt3,results/sensor/events.csv,deterministic_chronological_adjacency,Immediate adjacency of nonoverlapping source-local intervals; not causality
sensor_event:SE_02287,PRECEDES,sensor_event:SE_02288,20.0,metropt3,results/sensor/events.csv,deterministic_chronological_adjacency,Immediate adjacency of nonoverlapping source-local intervals; not causality
sensor_event:SE_02288,PRECEDES,sensor_event:SE_02289,30.0,metropt3,results/sensor/events.csv,deterministic_chronological_adjacency,Immediate adjacency of nonoverlapping source-local intervals; not causality
sensor_event:SE_02289,PRECEDES,sensor_event:SE_02290,15.0,metropt3,results/sensor/events.csv,deterministic_chronological_adjacency,Immediate adjacency of nonoverlapping source-local intervals; not causality
sensor_event:SE_02290,PRECEDES,sensor_event:SE_02291,20.0,metropt3,results/sensor/events.csv,deterministic_chronological_adjacency,Immediate adjacency of nonoverlapping source-local intervals; not causality
sensor_event:SE_02291,PRECEDES,sensor_event:SE_02292,15.0,metropt3,results/sensor/events.csv,deterministic_chronological_adjacency,Immediate adjacency of nonoverlapping source-local intervals; not causality
sensor_event:SE_02292,PRECEDES,sensor_event:SE_02293,40.0,metropt3,results/sensor/events.csv,deterministic_chronological_adjacency,Immediate adjacency of nonoverlapping source-local intervals; not causality
sensor_event:SE_02293,PRECEDES,sensor_event:SE_02294,15.0,metropt3,results/sensor/events.csv,deterministic_chronological_adjacency,Immediate adjacency of nonoverlapping source-local intervals; not causality
sensor_event:SE_02294,PRECEDES,sensor_event:SE_02295,15.0,metropt3,results/sensor/events.csv,deterministic_chronological_adjacency,Immediate adjacency of nonoverlapping source-local intervals; not causality
sensor_event:SE_02295,PRECEDES,sensor_event:SE_02296,20.0,metropt3,results/sensor/events.csv,deterministic_chronological_adjacency,Immediate adjacency of nonoverlapping source-local intervals; not causality
sensor_event:SE_02296,PRECEDES,sensor_event:SE_02297,15.0,metropt3,results/sensor/events.csv,deterministic_chronological_adjacency,Immediate adjacency of nonoverlapping source-local intervals; not causality
sensor_event:SE_02297,PRECEDES,sensor_event:SE_02298,15.0,metropt3,results/sensor/events.csv,deterministic_chronological_adjacency,Immediate adjacency of nonoverlapping source-local intervals; not causality
sensor_event:SE_02298,PRECEDES,sensor_event:SE_02299,20.0,metropt3,results/sensor/events.csv,deterministic_chronological_adjacency,Immediate adjacency of nonoverlapping source-local intervals; not causality
sensor_event:SE_02299,PRECEDES,sensor_event:SE_02300,60.0,metropt3,results/sensor/events.csv,deterministic_chronological_adjacency,Immediate adjacency of nonoverlapping source-local intervals; not causality
sensor_event:SE_02300,PRECEDES,sensor_event:SE_02301,30.0,metropt3,results/sensor/events.csv,deterministic_chronological_adjacency,Immediate adjacency of nonoverlapping source-local intervals; not causality
sensor_event:SE_02301,PRECEDES,sensor_event:SE_02302,155.0,metropt3,results/sensor/events.csv,deterministic_chronological_adjacency,Immediate adjacency of nonoverlapping source-local intervals; not causality
sensor_event:SE_02302,PRECEDES,sensor_event:SE_02303,15.0,metropt3,results/sensor/events.csv,deterministic_chronological_adjacency,Immediate adjacency of nonoverlapping source-local intervals; not causality
sensor_event:SE_02303,PRECEDES,sensor_event:SE_02304,35.0,metropt3,results/sensor/events.csv,deterministic_chronological_adjacency,Immediate adjacency of nonoverlapping source-local intervals; not causality
sensor_event:SE_02304,PRECEDES,sensor_event:SE_02305,15.0,metropt3,results/sensor/events.csv,deterministic_chronological_adjacency,Immediate adjacency of nonoverlapping source-local intervals; not causality
sensor_event:SE_02305,PRECEDES,sensor_event:SE_02306,50.0,metropt3,results/sensor/events.csv,deterministic_chronological_adjacency,Immediate adjacency of nonoverlapping source-local intervals; not causality
sensor_event:SE_02306,PRECEDES,sensor_event:SE_02307,15.0,metropt3,results/sensor/events.csv,deterministic_chronological_adjacency,Immediate adjacency of nonoverlapping source-local intervals; not causality
sensor_event:SE_02307,PRECEDES,sensor_event:SE_02308,40.0,metropt3,results/sensor/events.csv,deterministic_chronological_adjacency,Immediate adjacency of nonoverlapping source-local intervals; not causality
sensor_event:SE_02308,PRECEDES,sensor_event:SE_02309,55.0,metropt3,results/sensor/events.csv,deterministic_chronological_adjacency,Immediate adjacency of nonoverlapping source-local intervals; not causality
sensor_event:SE_02309,PRECEDES,sensor_event:SE_02310,15.0,metropt3,results/sensor/events.csv,deterministic_chronological_adjacency,Immediate adjacency of nonoverlapping source-local intervals; not causality
sensor_event:SE_02310,PRECEDES,sensor_event:SE_02311,15.0,metropt3,results/sensor/events.csv,deterministic_chronological_adjacency,Immediate adjacency of nonoverlapping source-local intervals; not causality
sensor_event:SE_02311,PRECEDES,sensor_event:SE_02312,45.0,metropt3,results/sensor/events.csv,deterministic_chronological_adjacency,Immediate adjacency of nonoverlapping source-local intervals; not causality
sensor_event:SE_02312,PRECEDES,sensor_event:SE_02313,15.0,metropt3,results/sensor/events.csv,deterministic_chronological_adjacency,Immediate adjacency of nonoverlapping source-local intervals; not causality
sensor_event:SE_02313,PRECEDES,sensor_event:SE_02314,15.0,metropt3,results/sensor/events.csv,deterministic_chronological_adjacency,Immediate adjacency of nonoverlapping source-local intervals; not causality
sensor_event:SE_02314,PRECEDES,sensor_event:SE_02315,40.0,metropt3,results/sensor/events.csv,deterministic_chronological_adjacency,Immediate adjacency of nonoverlapping source-local intervals; not causality
sensor_event:SE_02315,PRECEDES,sensor_event:SE_02316,15.0,metropt3,results/sensor/events.csv,deterministic_chronological_adjacency,Immediate adjacency of nonoverlapping source-local intervals; not causality
sensor_event:SE_02316,PRECEDES,sensor_event:SE_02317,15.0,metropt3,results/sensor/events.csv,deterministic_chronological_adjacency,Immediate adjacency of nonoverlapping source-local intervals; not causality
sensor_event:SE_02317,PRECEDES,sensor_event:SE_02318,15.0,metropt3,results/sensor/events.csv,deterministic_chronological_adjacency,Immediate adjacency of nonoverlapping source-local intervals; not causality
sensor_event:SE_02318,PRECEDES,sensor_event:SE_02319,20.0,metropt3,results/sensor/events.csv,deterministic_chronological_adjacency,Immediate adjacency of nonoverlapping source-local intervals; not causality
sensor_event:SE_02319,PRECEDES,sensor_event:SE_02320,20.0,metropt3,results/sensor/events.csv,deterministic_chronological_adjacency,Immediate adjacency of nonoverlapping source-local intervals; not causality
sensor_event:SE_02320,PRECEDES,sensor_event:SE_02321,15.0,metropt3,results/sensor/events.csv,deterministic_chronological_adjacency,Immediate adjacency of nonoverlapping source-local intervals; not causality
sensor_event:SE_02321,PRECEDES,sensor_event:SE_02322,20.0,metropt3,results/sensor/events.csv,deterministic_chronological_adjacency,Immediate adjacency of nonoverlapping source-local intervals; not causality
sensor_event:SE_02322,PRECEDES,sensor_event:SE_02323,15.0,metropt3,results/sensor/events.csv,deterministic_chronological_adjacency,Immediate adjacency of nonoverlapping source-local intervals; not causality
sensor_event:SE_02323,PRECEDES,sensor_event:SE_02324,15.0,metropt3,results/sensor/events.csv,deterministic_chronological_adjacency,Immediate adjacency of nonoverlapping source-local intervals; not causality
sensor_event:SE_02324,PRECEDES,sensor_event:SE_02325,15.0,metropt3,results/sensor/events.csv,deterministic_chronological_adjacency,Immediate adjacency of nonoverlapping source-local intervals; not causality
sensor_event:SE_02325,PRECEDES,sensor_event:SE_02326,15.0,metropt3,results/sensor/events.csv,deterministic_chronological_adjacency,Immediate adjacency of nonoverlapping source-local intervals; not causality
sensor_event:SE_02326,PRECEDES,sensor_event:SE_02327,20.0,metropt3,results/sensor/events.csv,deterministic_chronological_adjacency,Immediate adjacency of nonoverlapping source-local intervals; not causality
sensor_event:SE_02327,PRECEDES,sensor_event:SE_02328,600.0,metropt3,results/sensor/events.csv,deterministic_chronological_adjacency,Immediate adjacency of nonoverlapping source-local intervals; not causality
sensor_event:SE_02328,PRECEDES,sensor_event:SE_02329,50.0,metropt3,results/sensor/events.csv,deterministic_chronological_adjacency,Immediate adjacency of nonoverlapping source-local intervals; not causality
sensor_event:SE_02329,PRECEDES,sensor_event:SE_02330,50.0,metropt3,results/sensor/events.csv,deterministic_chronological_adjacency,Immediate adjacency of nonoverlapping source-local intervals; not causality
sensor_event:SE_02330,PRECEDES,sensor_event:SE_02331,50.0,metropt3,results/sensor/events.csv,deterministic_chronological_adjacency,Immediate adjacency of nonoverlapping source-local intervals; not causality
sensor_event:SE_02331,PRECEDES,sensor_event:SE_02332,15.0,metropt3,results/sensor/events.csv,deterministic_chronological_adjacency,Immediate adjacency of nonoverlapping source-local intervals; not causality
sensor_event:SE_02332,PRECEDES,sensor_event:SE_02333,20.0,metropt3,results/sensor/events.csv,deterministic_chronological_adjacency,Immediate adjacency of nonoverlapping source-local intervals; not causality
sensor_event:SE_02333,PRECEDES,sensor_event:SE_02334,55.0,metropt3,results/sensor/events.csv,deterministic_chronological_adjacency,Immediate adjacency of nonoverlapping source-local intervals; not causality
sensor_event:SE_02334,PRECEDES,sensor_event:SE_02335,15.0,metropt3,results/sensor/events.csv,deterministic_chronological_adjacency,Immediate adjacency of nonoverlapping source-local intervals; not causality
sensor_event:SE_02335,PRECEDES,sensor_event:SE_02336,40.0,metropt3,results/sensor/events.csv,deterministic_chronological_adjacency,Immediate adjacency of nonoverlapping source-local intervals; not causality
sensor_event:SE_02336,PRECEDES,sensor_event:SE_02337,15.0,metropt3,results/sensor/events.csv,deterministic_chronological_adjacency,Immediate adjacency of nonoverlapping source-local intervals; not causality
sensor_event:SE_02337,PRECEDES,sensor_event:SE_02338,20.0,metropt3,results/sensor/events.csv,deterministic_chronological_adjacency,Immediate adjacency of nonoverlapping source-local intervals; not causality
sensor_event:SE_02338,PRECEDES,sensor_event:SE_02339,15.0,metropt3,results/sensor/events.csv,deterministic_chronological_adjacency,Immediate adjacency of nonoverlapping source-local intervals; not causality
sensor_event:SE_02339,PRECEDES,sensor_event:SE_02340,55.0,metropt3,results/sensor/events.csv,deterministic_chronological_adjacency,Immediate adjacency of nonoverlapping source-local intervals; not causality
sensor_event:SE_02340,PRECEDES,sensor_event:SE_02341,15.0,metropt3,results/sensor/events.csv,deterministic_chronological_adjacency,Immediate adjacency of nonoverlapping source-local intervals; not causality
sensor_event:SE_02341,PRECEDES,sensor_event:SE_02342,25.0,metropt3,results/sensor/events.csv,deterministic_chronological_adjacency,Immediate adjacency of nonoverlapping source-local intervals; not causality
sensor_event:SE_02342,PRECEDES,sensor_event:SE_02343,15.0,metropt3,results/sensor/events.csv,deterministic_chronological_adjacency,Immediate adjacency of nonoverlapping source-local intervals; not causality
sensor_event:SE_02343,PRECEDES,sensor_event:SE_02344,20.0,metropt3,results/sensor/events.csv,deterministic_chronological_adjacency,Immediate adjacency of nonoverlapping source-local intervals; not causality
sensor_event:SE_02344,PRECEDES,sensor_event:SE_02345,805.0,metropt3,results/sensor/events.csv,deterministic_chronological_adjacency,Immediate adjacency of nonoverlapping source-local intervals; not causality
sensor_event:SE_02345,PRECEDES,sensor_event:SE_02346,35.0,metropt3,results/sensor/events.csv,deterministic_chronological_adjacency,Immediate adjacency of nonoverlapping source-local intervals; not causality
sensor_event:SE_02346,PRECEDES,sensor_event:SE_02347,330.0,metropt3,results/sensor/events.csv,deterministic_chronological_adjacency,Immediate adjacency of nonoverlapping source-local intervals; not causality
sensor_event:SE_02347,PRECEDES,sensor_event:SE_02348,15.0,metropt3,results/sensor/events.csv,deterministic_chronological_adjacency,Immediate adjacency of nonoverlapping source-local intervals; not causality
sensor_event:SE_02348,PRECEDES,sensor_event:SE_02349,15.0,metropt3,results/sensor/events.csv,deterministic_chronological_adjacency,Immediate adjacency of nonoverlapping source-local intervals; not causality
sensor_event:SE_02349,PRECEDES,sensor_event:SE_02350,20.0,metropt3,results/sensor/events.csv,deterministic_chronological_adjacency,Immediate adjacency of nonoverlapping source-local intervals; not causality
sensor_event:SE_02350,PRECEDES,sensor_event:SE_02351,15.0,metropt3,results/sensor/events.csv,deterministic_chronological_adjacency,Immediate adjacency of nonoverlapping source-local intervals; not causality
sensor_event:SE_02351,PRECEDES,sensor_event:SE_02352,15.0,metropt3,results/sensor/events.csv,deterministic_chronological_adjacency,Immediate adjacency of nonoverlapping source-local intervals; not causality
sensor_event:SE_02352,PRECEDES,sensor_event:SE_02353,15.0,metropt3,results/sensor/events.csv,deterministic_chronological_adjacency,Immediate adjacency of nonoverlapping source-local intervals; not causality
sensor_event:SE_02353,PRECEDES,sensor_event:SE_02354,15.0,metropt3,results/sensor/events.csv,deterministic_chronological_adjacency,Immediate adjacency of nonoverlapping source-local intervals; not causality
sensor_event:SE_02354,PRECEDES,sensor_event:SE_02355,20.0,metropt3,results/sensor/events.csv,deterministic_chronological_adjacency,Immediate adjacency of nonoverlapping source-local intervals; not causality
sensor_event:SE_02355,PRECEDES,sensor_event:SE_02356,15.0,metropt3,results/sensor/events.csv,deterministic_chronological_adjacency,Immediate adjacency of nonoverlapping source-local intervals; not causality
sensor_event:SE_02356,PRECEDES,sensor_event:SE_02357,35.0,metropt3,results/sensor/events.csv,deterministic_chronological_adjacency,Immediate adjacency of nonoverlapping source-local intervals; not causality
sensor_event:SE_02357,PRECEDES,sensor_event:SE_02358,15.0,metropt3,results/sensor/events.csv,deterministic_chronological_adjacency,Immediate adjacency of nonoverlapping source-local intervals; not causality
sensor_event:SE_02358,PRECEDES,sensor_event:SE_02359,15.0,metropt3,results/sensor/events.csv,deterministic_chronological_adjacency,Immediate adjacency of nonoverlapping source-local intervals; not causality
sensor_event:SE_02359,PRECEDES,sensor_event:SE_02360,15.0,metropt3,results/sensor/events.csv,deterministic_chronological_adjacency,Immediate adjacency of nonoverlapping source-local intervals; not causality
sensor_event:SE_02360,PRECEDES,sensor_event:SE_02361,35.0,metropt3,results/sensor/events.csv,deterministic_chronological_adjacency,Immediate adjacency of nonoverlapping source-local intervals; not causality
sensor_event:SE_02361,PRECEDES,sensor_event:SE_02362,60.0,metropt3,results/sensor/events.csv,deterministic_chronological_adjacency,Immediate adjacency of nonoverlapping source-local intervals; not causality
sensor_event:SE_02362,PRECEDES,sensor_event:SE_02363,15.0,metropt3,results/sensor/events.csv,deterministic_chronological_adjacency,Immediate adjacency of nonoverlapping source-local intervals; not causality
sensor_event:SE_02363,PRECEDES,sensor_event:SE_02364,40.0,metropt3,results/sensor/events.csv,deterministic_chronological_adjacency,Immediate adjacency of nonoverlapping source-local intervals; not causality
sensor_event:SE_02364,PRECEDES,sensor_event:SE_02365,35.0,metropt3,results/sensor/events.csv,deterministic_chronological_adjacency,Immediate adjacency of nonoverlapping source-local intervals; not causality
sensor_event:SE_02365,PRECEDES,sensor_event:SE_02366,15.0,metropt3,results/sensor/events.csv,deterministic_chronological_adjacency,Immediate adjacency of nonoverlapping source-local intervals; not causality
sensor_event:SE_02366,PRECEDES,sensor_event:SE_02367,15.0,metropt3,results/sensor/events.csv,deterministic_chronological_adjacency,Immediate adjacency of nonoverlapping source-local intervals; not causality
sensor_event:SE_02367,PRECEDES,sensor_event:SE_02368,15.0,metropt3,results/sensor/events.csv,deterministic_chronological_adjacency,Immediate adjacency of nonoverlapping source-local intervals; not causality
sensor_event:SE_02368,PRECEDES,sensor_event:SE_02369,60.0,metropt3,results/sensor/events.csv,deterministic_chronological_adjacency,Immediate adjacency of nonoverlapping source-local intervals; not causality
sensor_event:SE_02369,PRECEDES,sensor_event:SE_02370,1790.0,metropt3,results/sensor/events.csv,deterministic_chronological_adjacency,Immediate adjacency of nonoverlapping source-local intervals; not causality
sensor_event:SE_02370,PRECEDES,sensor_event:SE_02371,125.0,metropt3,results/sensor/events.csv,deterministic_chronological_adjacency,Immediate adjacency of nonoverlapping source-local intervals; not causality
sensor_event:SE_02371,PRECEDES,sensor_event:SE_02372,40.0,metropt3,results/sensor/events.csv,deterministic_chronological_adjacency,Immediate adjacency of nonoverlapping source-local intervals; not causality
sensor_event:SE_02372,PRECEDES,sensor_event:SE_02373,15.0,metropt3,results/sensor/events.csv,deterministic_chronological_adjacency,Immediate adjacency of nonoverlapping source-local intervals; not causality
sensor_event:SE_02373,PRECEDES,sensor_event:SE_02374,15.0,metropt3,results/sensor/events.csv,deterministic_chronological_adjacency,Immediate adjacency of nonoverlapping source-local intervals; not causality
sensor_event:SE_02374,PRECEDES,sensor_event:SE_02375,15.0,metropt3,results/sensor/events.csv,deterministic_chronological_adjacency,Immediate adjacency of nonoverlapping source-local intervals; not causality
sensor_event:SE_02375,PRECEDES,sensor_event:SE_02376,15.0,metropt3,results/sensor/events.csv,deterministic_chronological_adjacency,Immediate adjacency of nonoverlapping source-local intervals; not causality
sensor_event:SE_02376,PRECEDES,sensor_event:SE_02377,15.0,metropt3,results/sensor/events.csv,deterministic_chronological_adjacency,Immediate adjacency of nonoverlapping source-local intervals; not causality
sensor_event:SE_02377,PRECEDES,sensor_event:SE_02378,15.0,metropt3,results/sensor/events.csv,deterministic_chronological_adjacency,Immediate adjacency of nonoverlapping source-local intervals; not causality
sensor_event:SE_02378,PRECEDES,sensor_event:SE_02379,15.0,metropt3,results/sensor/events.csv,deterministic_chronological_adjacency,Immediate adjacency of nonoverlapping source-local intervals; not causality
sensor_event:SE_02379,PRECEDES,sensor_event:SE_02380,15.0,metropt3,results/sensor/events.csv,deterministic_chronological_adjacency,Immediate adjacency of nonoverlapping source-local intervals; not causality
sensor_event:SE_02380,PRECEDES,sensor_event:SE_02381,15.0,metropt3,results/sensor/events.csv,deterministic_chronological_adjacency,Immediate adjacency of nonoverlapping source-local intervals; not causality
sensor_event:SE_02381,PRECEDES,sensor_event:SE_02382,15.0,metropt3,results/sensor/events.csv,deterministic_chronological_adjacency,Immediate adjacency of nonoverlapping source-local intervals; not causality
sensor_event:SE_02382,PRECEDES,sensor_event:SE_02383,15.0,metropt3,results/sensor/events.csv,deterministic_chronological_adjacency,Immediate adjacency of nonoverlapping source-local intervals; not causality
sensor_event:SE_02383,PRECEDES,sensor_event:SE_02384,15.0,metropt3,results/sensor/events.csv,deterministic_chronological_adjacency,Immediate adjacency of nonoverlapping source-local intervals; not causality
sensor_event:SE_02384,PRECEDES,sensor_event:SE_02385,15.0,metropt3,results/sensor/events.csv,deterministic_chronological_adjacency,Immediate adjacency of nonoverlapping source-local intervals; not causality
sensor_event:SE_02385,PRECEDES,sensor_event:SE_02386,15.0,metropt3,results/sensor/events.csv,deterministic_chronological_adjacency,Immediate adjacency of nonoverlapping source-local intervals; not causality
sensor_event:SE_02386,PRECEDES,sensor_event:SE_02387,15.0,metropt3,results/sensor/events.csv,deterministic_chronological_adjacency,Immediate adjacency of nonoverlapping source-local intervals; not causality
sensor_event:SE_02387,PRECEDES,sensor_event:SE_02388,15.0,metropt3,results/sensor/events.csv,deterministic_chronological_adjacency,Immediate adjacency of nonoverlapping source-local intervals; not causality
sensor_event:SE_02388,PRECEDES,sensor_event:SE_02389,15.0,metropt3,results/sensor/events.csv,deterministic_chronological_adjacency,Immediate adjacency of nonoverlapping source-local intervals; not causality
sensor_event:SE_02389,PRECEDES,sensor_event:SE_02390,15.0,metropt3,results/sensor/events.csv,deterministic_chronological_adjacency,Immediate adjacency of nonoverlapping source-local intervals; not causality
sensor_event:SE_02390,PRECEDES,sensor_event:SE_02391,15.0,metropt3,results/sensor/events.csv,deterministic_chronological_adjacency,Immediate adjacency of nonoverlapping source-local intervals; not causality
sensor_event:SE_02391,PRECEDES,sensor_event:SE_02392,15.0,metropt3,results/sensor/events.csv,deterministic_chronological_adjacency,Immediate adjacency of nonoverlapping source-local intervals; not causality
sensor_event:SE_02392,PRECEDES,sensor_event:SE_02393,15.0,metropt3,results/sensor/events.csv,deterministic_chronological_adjacency,Immediate adjacency of nonoverlapping source-local intervals; not causality
sensor_event:SE_02393,PRECEDES,sensor_event:SE_02394,15.0,metropt3,results/sensor/events.csv,deterministic_chronological_adjacency,Immediate adjacency of nonoverlapping source-local intervals; not causality
sensor_event:SE_02394,PRECEDES,sensor_event:SE_02395,15.0,metropt3,results/sensor/events.csv,deterministic_chronological_adjacency,Immediate adjacency of nonoverlapping source-local intervals; not causality
sensor_event:SE_02395,PRECEDES,sensor_event:SE_02396,15.0,metropt3,results/sensor/events.csv,deterministic_chronological_adjacency,Immediate adjacency of nonoverlapping source-local intervals; not causality
sensor_event:SE_02396,PRECEDES,sensor_event:SE_02397,15.0,metropt3,results/sensor/events.csv,deterministic_chronological_adjacency,Immediate adjacency of nonoverlapping source-local intervals; not causality
sensor_event:SE_02397,PRECEDES,sensor_event:SE_02398,15.0,metropt3,results/sensor/events.csv,deterministic_chronological_adjacency,Immediate adjacency of nonoverlapping source-local intervals; not causality
sensor_event:SE_02398,PRECEDES,sensor_event:SE_02399,15.0,metropt3,results/sensor/events.csv,deterministic_chronological_adjacency,Immediate adjacency of nonoverlapping source-local intervals; not causality
sensor_event:SE_02399,PRECEDES,sensor_event:SE_02400,15.0,metropt3,results/sensor/events.csv,deterministic_chronological_adjacency,Immediate adjacency of nonoverlapping source-local intervals; not causality
sensor_event:SE_02400,PRECEDES,sensor_event:SE_02401,15.0,metropt3,results/sensor/events.csv,deterministic_chronological_adjacency,Immediate adjacency of nonoverlapping source-local intervals; not causality
sensor_event:SE_02401,PRECEDES,sensor_event:SE_02402,15.0,metropt3,results/sensor/events.csv,deterministic_chronological_adjacency,Immediate adjacency of nonoverlapping source-local intervals; not causality
sensor_event:SE_02402,PRECEDES,sensor_event:SE_02403,15.0,metropt3,results/sensor/events.csv,deterministic_chronological_adjacency,Immediate adjacency of nonoverlapping source-local intervals; not causality
sensor_event:SE_02403,PRECEDES,sensor_event:SE_02404,15.0,metropt3,results/sensor/events.csv,deterministic_chronological_adjacency,Immediate adjacency of nonoverlapping source-local intervals; not causality
sensor_event:SE_02404,PRECEDES,sensor_event:SE_02405,15.0,metropt3,results/sensor/events.csv,deterministic_chronological_adjacency,Immediate adjacency of nonoverlapping source-local intervals; not causality
sensor_event:SE_02405,PRECEDES,sensor_event:SE_02406,15.0,metropt3,results/sensor/events.csv,deterministic_chronological_adjacency,Immediate adjacency of nonoverlapping source-local intervals; not causality
sensor_event:SE_02406,PRECEDES,sensor_event:SE_02407,15.0,metropt3,results/sensor/events.csv,deterministic_chronological_adjacency,Immediate adjacency of nonoverlapping source-local intervals; not causality
sensor_event:SE_02407,PRECEDES,sensor_event:SE_02408,15.0,metropt3,results/sensor/events.csv,deterministic_chronological_adjacency,Immediate adjacency of nonoverlapping source-local intervals; not causality
sensor_event:SE_02408,PRECEDES,sensor_event:SE_02409,15.0,metropt3,results/sensor/events.csv,deterministic_chronological_adjacency,Immediate adjacency of nonoverlapping source-local intervals; not causality
sensor_event:SE_02409,PRECEDES,sensor_event:SE_02410,15.0,metropt3,results/sensor/events.csv,deterministic_chronological_adjacency,Immediate adjacency of nonoverlapping source-local intervals; not causality
sensor_event:SE_02410,PRECEDES,sensor_event:SE_02411,70.0,metropt3,results/sensor/events.csv,deterministic_chronological_adjacency,Immediate adjacency of nonoverlapping source-local intervals; not causality
sensor_event:SE_02411,PRECEDES,sensor_event:SE_02412,15.0,metropt3,results/sensor/events.csv,deterministic_chronological_adjacency,Immediate adjacency of nonoverlapping source-local intervals; not causality
sensor_event:SE_02412,PRECEDES,sensor_event:SE_02413,15.0,metropt3,results/sensor/events.csv,deterministic_chronological_adjacency,Immediate adjacency of nonoverlapping source-local intervals; not causality
sensor_event:SE_02413,PRECEDES,sensor_event:SE_02414,15.0,metropt3,results/sensor/events.csv,deterministic_chronological_adjacency,Immediate adjacency of nonoverlapping source-local intervals; not causality
sensor_event:SE_02414,PRECEDES,sensor_event:SE_02415,15.0,metropt3,results/sensor/events.csv,deterministic_chronological_adjacency,Immediate adjacency of nonoverlapping source-local intervals; not causality
sensor_event:SE_02415,PRECEDES,sensor_event:SE_02416,35.0,metropt3,results/sensor/events.csv,deterministic_chronological_adjacency,Immediate adjacency of nonoverlapping source-local intervals; not causality
sensor_event:SE_02416,PRECEDES,sensor_event:SE_02417,60.0,metropt3,results/sensor/events.csv,deterministic_chronological_adjacency,Immediate adjacency of nonoverlapping source-local intervals; not causality
sensor_event:SE_02417,PRECEDES,sensor_event:SE_02418,30.0,metropt3,results/sensor/events.csv,deterministic_chronological_adjacency,Immediate adjacency of nonoverlapping source-local intervals; not causality
sensor_event:SE_02418,PRECEDES,sensor_event:SE_02419,50.0,metropt3,results/sensor/events.csv,deterministic_chronological_adjacency,Immediate adjacency of nonoverlapping source-local intervals; not causality
sensor_event:SE_02419,PRECEDES,sensor_event:SE_02420,15.0,metropt3,results/sensor/events.csv,deterministic_chronological_adjacency,Immediate adjacency of nonoverlapping source-local intervals; not causality
sensor_event:SE_02420,PRECEDES,sensor_event:SE_02421,15.0,metropt3,results/sensor/events.csv,deterministic_chronological_adjacency,Immediate adjacency of nonoverlapping source-local intervals; not causality
sensor_event:SE_02421,PRECEDES,sensor_event:SE_02422,15.0,metropt3,results/sensor/events.csv,deterministic_chronological_adjacency,Immediate adjacency of nonoverlapping source-local intervals; not causality
sensor_event:SE_02422,PRECEDES,sensor_event:SE_02423,15.0,metropt3,results/sensor/events.csv,deterministic_chronological_adjacency,Immediate adjacency of nonoverlapping source-local intervals; not causality
sensor_event:SE_02423,PRECEDES,sensor_event:SE_02424,15.0,metropt3,results/sensor/events.csv,deterministic_chronological_adjacency,Immediate adjacency of nonoverlapping source-local intervals; not causality
sensor_event:SE_02424,PRECEDES,sensor_event:SE_02425,15.0,metropt3,results/sensor/events.csv,deterministic_chronological_adjacency,Immediate adjacency of nonoverlapping source-local intervals; not causality
sensor_event:SE_02425,PRECEDES,sensor_event:SE_02426,15.0,metropt3,results/sensor/events.csv,deterministic_chronological_adjacency,Immediate adjacency of nonoverlapping source-local intervals; not causality
sensor_event:SE_02426,PRECEDES,sensor_event:SE_02427,15.0,metropt3,results/sensor/events.csv,deterministic_chronological_adjacency,Immediate adjacency of nonoverlapping source-local intervals; not causality
sensor_event:SE_02427,PRECEDES,sensor_event:SE_02428,15.0,metropt3,results/sensor/events.csv,deterministic_chronological_adjacency,Immediate adjacency of nonoverlapping source-local intervals; not causality
sensor_event:SE_02428,PRECEDES,sensor_event:SE_02429,15.0,metropt3,results/sensor/events.csv,deterministic_chronological_adjacency,Immediate adjacency of nonoverlapping source-local intervals; not causality
sensor_event:SE_02429,PRECEDES,sensor_event:SE_02430,15.0,metropt3,results/sensor/events.csv,deterministic_chronological_adjacency,Immediate adjacency of nonoverlapping source-local intervals; not causality
sensor_event:SE_02430,PRECEDES,sensor_event:SE_02431,15.0,metropt3,results/sensor/events.csv,deterministic_chronological_adjacency,Immediate adjacency of nonoverlapping source-local intervals; not causality
sensor_event:SE_02431,PRECEDES,sensor_event:SE_02432,15.0,metropt3,results/sensor/events.csv,deterministic_chronological_adjacency,Immediate adjacency of nonoverlapping source-local intervals; not causality
sensor_event:SE_02432,PRECEDES,sensor_event:SE_02433,15.0,metropt3,results/sensor/events.csv,deterministic_chronological_adjacency,Immediate adjacency of nonoverlapping source-local intervals; not causality
sensor_event:SE_02433,PRECEDES,sensor_event:SE_02434,15.0,metropt3,results/sensor/events.csv,deterministic_chronological_adjacency,Immediate adjacency of nonoverlapping source-local intervals; not causality
sensor_event:SE_02434,PRECEDES,sensor_event:SE_02435,15.0,metropt3,results/sensor/events.csv,deterministic_chronological_adjacency,Immediate adjacency of nonoverlapping source-local intervals; not causality
sensor_event:SE_02435,PRECEDES,sensor_event:SE_02436,15.0,metropt3,results/sensor/events.csv,deterministic_chronological_adjacency,Immediate adjacency of nonoverlapping source-local intervals; not causality
sensor_event:SE_02436,PRECEDES,sensor_event:SE_02437,15.0,metropt3,results/sensor/events.csv,deterministic_chronological_adjacency,Immediate adjacency of nonoverlapping source-local intervals; not causality
sensor_event:SE_02437,PRECEDES,sensor_event:SE_02438,15.0,metropt3,results/sensor/events.csv,deterministic_chronological_adjacency,Immediate adjacency of nonoverlapping source-local intervals; not causality
sensor_event:SE_02438,PRECEDES,sensor_event:SE_02439,15.0,metropt3,results/sensor/events.csv,deterministic_chronological_adjacency,Immediate adjacency of nonoverlapping source-local intervals; not causality
sensor_event:SE_02439,PRECEDES,sensor_event:SE_02440,15.0,metropt3,results/sensor/events.csv,deterministic_chronological_adjacency,Immediate adjacency of nonoverlapping source-local intervals; not causality
sensor_event:SE_02440,PRECEDES,sensor_event:SE_02441,15.0,metropt3,results/sensor/events.csv,deterministic_chronological_adjacency,Immediate adjacency of nonoverlapping source-local intervals; not causality
sensor_event:SE_02441,PRECEDES,sensor_event:SE_02442,15.0,metropt3,results/sensor/events.csv,deterministic_chronological_adjacency,Immediate adjacency of nonoverlapping source-local intervals; not causality
sensor_event:SE_02442,PRECEDES,sensor_event:SE_02443,15.0,metropt3,results/sensor/events.csv,deterministic_chronological_adjacency,Immediate adjacency of nonoverlapping source-local intervals; not causality
sensor_event:SE_02443,PRECEDES,sensor_event:SE_02444,15.0,metropt3,results/sensor/events.csv,deterministic_chronological_adjacency,Immediate adjacency of nonoverlapping source-local intervals; not causality
sensor_event:SE_02444,PRECEDES,sensor_event:SE_02445,15.0,metropt3,results/sensor/events.csv,deterministic_chronological_adjacency,Immediate adjacency of nonoverlapping source-local intervals; not causality
sensor_event:SE_02445,PRECEDES,sensor_event:SE_02446,15.0,metropt3,results/sensor/events.csv,deterministic_chronological_adjacency,Immediate adjacency of nonoverlapping source-local intervals; not causality
sensor_event:SE_02446,PRECEDES,sensor_event:SE_02447,15.0,metropt3,results/sensor/events.csv,deterministic_chronological_adjacency,Immediate adjacency of nonoverlapping source-local intervals; not causality
sensor_event:SE_02447,PRECEDES,sensor_event:SE_02448,15.0,metropt3,results/sensor/events.csv,deterministic_chronological_adjacency,Immediate adjacency of nonoverlapping source-local intervals; not causality
sensor_event:SE_02448,PRECEDES,sensor_event:SE_02449,15.0,metropt3,results/sensor/events.csv,deterministic_chronological_adjacency,Immediate adjacency of nonoverlapping source-local intervals; not causality
sensor_event:SE_02449,PRECEDES,sensor_event:SE_02450,15.0,metropt3,results/sensor/events.csv,deterministic_chronological_adjacency,Immediate adjacency of nonoverlapping source-local intervals; not causality
sensor_event:SE_02450,PRECEDES,sensor_event:SE_02451,15.0,metropt3,results/sensor/events.csv,deterministic_chronological_adjacency,Immediate adjacency of nonoverlapping source-local intervals; not causality
sensor_event:SE_02451,PRECEDES,sensor_event:SE_02452,15.0,metropt3,results/sensor/events.csv,deterministic_chronological_adjacency,Immediate adjacency of nonoverlapping source-local intervals; not causality
sensor_event:SE_02452,PRECEDES,sensor_event:SE_02453,15.0,metropt3,results/sensor/events.csv,deterministic_chronological_adjacency,Immediate adjacency of nonoverlapping source-local intervals; not causality
sensor_event:SE_02453,PRECEDES,sensor_event:SE_02454,15.0,metropt3,results/sensor/events.csv,deterministic_chronological_adjacency,Immediate adjacency of nonoverlapping source-local intervals; not causality
sensor_event:SE_02454,PRECEDES,sensor_event:SE_02455,15.0,metropt3,results/sensor/events.csv,deterministic_chronological_adjacency,Immediate adjacency of nonoverlapping source-local intervals; not causality
sensor_event:SE_02455,PRECEDES,sensor_event:SE_02456,15.0,metropt3,results/sensor/events.csv,deterministic_chronological_adjacency,Immediate adjacency of nonoverlapping source-local intervals; not causality
sensor_event:SE_02456,PRECEDES,sensor_event:SE_02457,15.0,metropt3,results/sensor/events.csv,deterministic_chronological_adjacency,Immediate adjacency of nonoverlapping source-local intervals; not causality
sensor_event:SE_02457,PRECEDES,sensor_event:SE_02458,15.0,metropt3,results/sensor/events.csv,deterministic_chronological_adjacency,Immediate adjacency of nonoverlapping source-local intervals; not causality
sensor_event:SE_02458,PRECEDES,sensor_event:SE_02459,15.0,metropt3,results/sensor/events.csv,deterministic_chronological_adjacency,Immediate adjacency of nonoverlapping source-local intervals; not causality
sensor_event:SE_02459,PRECEDES,sensor_event:SE_02460,15.0,metropt3,results/sensor/events.csv,deterministic_chronological_adjacency,Immediate adjacency of nonoverlapping source-local intervals; not causality
sensor_event:SE_02460,PRECEDES,sensor_event:SE_02461,15.0,metropt3,results/sensor/events.csv,deterministic_chronological_adjacency,Immediate adjacency of nonoverlapping source-local intervals; not causality
sensor_event:SE_02461,PRECEDES,sensor_event:SE_02462,15.0,metropt3,results/sensor/events.csv,deterministic_chronological_adjacency,Immediate adjacency of nonoverlapping source-local intervals; not causality
sensor_event:SE_02462,PRECEDES,sensor_event:SE_02463,15.0,metropt3,results/sensor/events.csv,deterministic_chronological_adjacency,Immediate adjacency of nonoverlapping source-local intervals; not causality
sensor_event:SE_02463,PRECEDES,sensor_event:SE_02464,15.0,metropt3,results/sensor/events.csv,deterministic_chronological_adjacency,Immediate adjacency of nonoverlapping source-local intervals; not causality
sensor_event:SE_02464,PRECEDES,sensor_event:SE_02465,15.0,metropt3,results/sensor/events.csv,deterministic_chronological_adjacency,Immediate adjacency of nonoverlapping source-local intervals; not causality
sensor_event:SE_02465,PRECEDES,sensor_event:SE_02466,15.0,metropt3,results/sensor/events.csv,deterministic_chronological_adjacency,Immediate adjacency of nonoverlapping source-local intervals; not causality
sensor_event:SE_02466,PRECEDES,sensor_event:SE_02467,15.0,metropt3,results/sensor/events.csv,deterministic_chronological_adjacency,Immediate adjacency of nonoverlapping source-local intervals; not causality
sensor_event:SE_02467,PRECEDES,sensor_event:SE_02468,15.0,metropt3,results/sensor/events.csv,deterministic_chronological_adjacency,Immediate adjacency of nonoverlapping source-local intervals; not causality
sensor_event:SE_02468,PRECEDES,sensor_event:SE_02469,15.0,metropt3,results/sensor/events.csv,deterministic_chronological_adjacency,Immediate adjacency of nonoverlapping source-local intervals; not causality
sensor_event:SE_02469,PRECEDES,sensor_event:SE_02470,15.0,metropt3,results/sensor/events.csv,deterministic_chronological_adjacency,Immediate adjacency of nonoverlapping source-local intervals; not causality
sensor_event:SE_02470,PRECEDES,sensor_event:SE_02471,15.0,metropt3,results/sensor/events.csv,deterministic_chronological_adjacency,Immediate adjacency of nonoverlapping source-local intervals; not causality
sensor_event:SE_02471,PRECEDES,sensor_event:SE_02472,15.0,metropt3,results/sensor/events.csv,deterministic_chronological_adjacency,Immediate adjacency of nonoverlapping source-local intervals; not causality
sensor_event:SE_02472,PRECEDES,sensor_event:SE_02473,15.0,metropt3,results/sensor/events.csv,deterministic_chronological_adjacency,Immediate adjacency of nonoverlapping source-local intervals; not causality
sensor_event:SE_02473,PRECEDES,sensor_event:SE_02474,15.0,metropt3,results/sensor/events.csv,deterministic_chronological_adjacency,Immediate adjacency of nonoverlapping source-local intervals; not causality
sensor_event:SE_02474,PRECEDES,sensor_event:SE_02475,15.0,metropt3,results/sensor/events.csv,deterministic_chronological_adjacency,Immediate adjacency of nonoverlapping source-local intervals; not causality
sensor_event:SE_02475,PRECEDES,sensor_event:SE_02476,15.0,metropt3,results/sensor/events.csv,deterministic_chronological_adjacency,Immediate adjacency of nonoverlapping source-local intervals; not causality
sensor_event:SE_02476,PRECEDES,sensor_event:SE_02477,15.0,metropt3,results/sensor/events.csv,deterministic_chronological_adjacency,Immediate adjacency of nonoverlapping source-local intervals; not causality
sensor_event:SE_02477,PRECEDES,sensor_event:SE_02478,15.0,metropt3,results/sensor/events.csv,deterministic_chronological_adjacency,Immediate adjacency of nonoverlapping source-local intervals; not causality
sensor_event:SE_02478,PRECEDES,sensor_event:SE_02479,15.0,metropt3,results/sensor/events.csv,deterministic_chronological_adjacency,Immediate adjacency of nonoverlapping source-local intervals; not causality
sensor_event:SE_02479,PRECEDES,sensor_event:SE_02480,15.0,metropt3,results/sensor/events.csv,deterministic_chronological_adjacency,Immediate adjacency of nonoverlapping source-local intervals; not causality
sensor_event:SE_02480,PRECEDES,sensor_event:SE_02481,15.0,metropt3,results/sensor/events.csv,deterministic_chronological_adjacency,Immediate adjacency of nonoverlapping source-local intervals; not causality
sensor_event:SE_02481,PRECEDES,sensor_event:SE_02482,15.0,metropt3,results/sensor/events.csv,deterministic_chronological_adjacency,Immediate adjacency of nonoverlapping source-local intervals; not causality
sensor_event:SE_02482,PRECEDES,sensor_event:SE_02483,15.0,metropt3,results/sensor/events.csv,deterministic_chronological_adjacency,Immediate adjacency of nonoverlapping source-local intervals; not causality
sensor_event:SE_02483,PRECEDES,sensor_event:SE_02484,15.0,metropt3,results/sensor/events.csv,deterministic_chronological_adjacency,Immediate adjacency of nonoverlapping source-local intervals; not causality
sensor_event:SE_02484,PRECEDES,sensor_event:SE_02485,15.0,metropt3,results/sensor/events.csv,deterministic_chronological_adjacency,Immediate adjacency of nonoverlapping source-local intervals; not causality
sensor_event:SE_02485,PRECEDES,sensor_event:SE_02486,15.0,metropt3,results/sensor/events.csv,deterministic_chronological_adjacency,Immediate adjacency of nonoverlapping source-local intervals; not causality
sensor_event:SE_02486,PRECEDES,sensor_event:SE_02487,15.0,metropt3,results/sensor/events.csv,deterministic_chronological_adjacency,Immediate adjacency of nonoverlapping source-local intervals; not causality
sensor_event:SE_02487,PRECEDES,sensor_event:SE_02488,15.0,metropt3,results/sensor/events.csv,deterministic_chronological_adjacency,Immediate adjacency of nonoverlapping source-local intervals; not causality
sensor_event:SE_02488,PRECEDES,sensor_event:SE_02489,15.0,metropt3,results/sensor/events.csv,deterministic_chronological_adjacency,Immediate adjacency of nonoverlapping source-local intervals; not causality
sensor_event:SE_02489,PRECEDES,sensor_event:SE_02490,15.0,metropt3,results/sensor/events.csv,deterministic_chronological_adjacency,Immediate adjacency of nonoverlapping source-local intervals; not causality
sensor_event:SE_02490,PRECEDES,sensor_event:SE_02491,15.0,metropt3,results/sensor/events.csv,deterministic_chronological_adjacency,Immediate adjacency of nonoverlapping source-local intervals; not causality
sensor_event:SE_02491,PRECEDES,sensor_event:SE_02492,15.0,metropt3,results/sensor/events.csv,deterministic_chronological_adjacency,Immediate adjacency of nonoverlapping source-local intervals; not causality
sensor_event:SE_02492,PRECEDES,sensor_event:SE_02493,15.0,metropt3,results/sensor/events.csv,deterministic_chronological_adjacency,Immediate adjacency of nonoverlapping source-local intervals; not causality
sensor_event:SE_02493,PRECEDES,sensor_event:SE_02494,450.0,metropt3,results/sensor/events.csv,deterministic_chronological_adjacency,Immediate adjacency of nonoverlapping source-local intervals; not causality
sensor_event:SE_02494,PRECEDES,sensor_event:SE_02495,440.0,metropt3,results/sensor/events.csv,deterministic_chronological_adjacency,Immediate adjacency of nonoverlapping source-local intervals; not causality
sensor_event:SE_02495,PRECEDES,sensor_event:SE_02496,15.0,metropt3,results/sensor/events.csv,deterministic_chronological_adjacency,Immediate adjacency of nonoverlapping source-local intervals; not causality
sensor_event:SE_02496,PRECEDES,sensor_event:SE_02497,15.0,metropt3,results/sensor/events.csv,deterministic_chronological_adjacency,Immediate adjacency of nonoverlapping source-local intervals; not causality
sensor_event:SE_02497,PRECEDES,sensor_event:SE_02498,15.0,metropt3,results/sensor/events.csv,deterministic_chronological_adjacency,Immediate adjacency of nonoverlapping source-local intervals; not causality
sensor_event:SE_02498,PRECEDES,sensor_event:SE_02499,15.0,metropt3,results/sensor/events.csv,deterministic_chronological_adjacency,Immediate adjacency of nonoverlapping source-local intervals; not causality
sensor_event:SE_02499,PRECEDES,sensor_event:SE_02500,15.0,metropt3,results/sensor/events.csv,deterministic_chronological_adjacency,Immediate adjacency of nonoverlapping source-local intervals; not causality
sensor_event:SE_02500,PRECEDES,sensor_event:SE_02501,15.0,metropt3,results/sensor/events.csv,deterministic_chronological_adjacency,Immediate adjacency of nonoverlapping source-local intervals; not causality
sensor_event:SE_02501,PRECEDES,sensor_event:SE_02502,15.0,metropt3,results/sensor/events.csv,deterministic_chronological_adjacency,Immediate adjacency of nonoverlapping source-local intervals; not causality
sensor_event:SE_02502,PRECEDES,sensor_event:SE_02503,15.0,metropt3,results/sensor/events.csv,deterministic_chronological_adjacency,Immediate adjacency of nonoverlapping source-local intervals; not causality
sensor_event:SE_02503,PRECEDES,sensor_event:SE_02504,15.0,metropt3,results/sensor/events.csv,deterministic_chronological_adjacency,Immediate adjacency of nonoverlapping source-local intervals; not causality
sensor_event:SE_02504,PRECEDES,sensor_event:SE_02505,15.0,metropt3,results/sensor/events.csv,deterministic_chronological_adjacency,Immediate adjacency of nonoverlapping source-local intervals; not causality
sensor_event:SE_02505,PRECEDES,sensor_event:SE_02506,15.0,metropt3,results/sensor/events.csv,deterministic_chronological_adjacency,Immediate adjacency of nonoverlapping source-local intervals; not causality
sensor_event:SE_02506,PRECEDES,sensor_event:SE_02507,15.0,metropt3,results/sensor/events.csv,deterministic_chronological_adjacency,Immediate adjacency of nonoverlapping source-local intervals; not causality
sensor_event:SE_02507,PRECEDES,sensor_event:SE_02508,15.0,metropt3,results/sensor/events.csv,deterministic_chronological_adjacency,Immediate adjacency of nonoverlapping source-local intervals; not causality
sensor_event:SE_02508,PRECEDES,sensor_event:SE_02509,15.0,metropt3,results/sensor/events.csv,deterministic_chronological_adjacency,Immediate adjacency of nonoverlapping source-local intervals; not causality
sensor_event:SE_02509,PRECEDES,sensor_event:SE_02510,15.0,metropt3,results/sensor/events.csv,deterministic_chronological_adjacency,Immediate adjacency of nonoverlapping source-local intervals; not causality
sensor_event:SE_02510,PRECEDES,sensor_event:SE_02511,15.0,metropt3,results/sensor/events.csv,deterministic_chronological_adjacency,Immediate adjacency of nonoverlapping source-local intervals; not causality
sensor_event:SE_02511,PRECEDES,sensor_event:SE_02512,15.0,metropt3,results/sensor/events.csv,deterministic_chronological_adjacency,Immediate adjacency of nonoverlapping source-local intervals; not causality
sensor_event:SE_02512,PRECEDES,sensor_event:SE_02513,15.0,metropt3,results/sensor/events.csv,deterministic_chronological_adjacency,Immediate adjacency of nonoverlapping source-local intervals; not causality
sensor_event:SE_02513,PRECEDES,sensor_event:SE_02514,15.0,metropt3,results/sensor/events.csv,deterministic_chronological_adjacency,Immediate adjacency of nonoverlapping source-local intervals; not causality
sensor_event:SE_02514,PRECEDES,sensor_event:SE_02515,15.0,metropt3,results/sensor/events.csv,deterministic_chronological_adjacency,Immediate adjacency of nonoverlapping source-local intervals; not causality
sensor_event:SE_02515,PRECEDES,sensor_event:SE_02516,15.0,metropt3,results/sensor/events.csv,deterministic_chronological_adjacency,Immediate adjacency of nonoverlapping source-local intervals; not causality
sensor_event:SE_02516,PRECEDES,sensor_event:SE_02517,15.0,metropt3,results/sensor/events.csv,deterministic_chronological_adjacency,Immediate adjacency of nonoverlapping source-local intervals; not causality
sensor_event:SE_02517,PRECEDES,sensor_event:SE_02518,15.0,metropt3,results/sensor/events.csv,deterministic_chronological_adjacency,Immediate adjacency of nonoverlapping source-local intervals; not causality
sensor_event:SE_02518,PRECEDES,sensor_event:SE_02519,15.0,metropt3,results/sensor/events.csv,deterministic_chronological_adjacency,Immediate adjacency of nonoverlapping source-local intervals; not causality
sensor_event:SE_02519,PRECEDES,sensor_event:SE_02520,15.0,metropt3,results/sensor/events.csv,deterministic_chronological_adjacency,Immediate adjacency of nonoverlapping source-local intervals; not causality
sensor_event:SE_02520,PRECEDES,sensor_event:SE_02521,15.0,metropt3,results/sensor/events.csv,deterministic_chronological_adjacency,Immediate adjacency of nonoverlapping source-local intervals; not causality
sensor_event:SE_02521,PRECEDES,sensor_event:SE_02522,620.0,metropt3,results/sensor/events.csv,deterministic_chronological_adjacency,Immediate adjacency of nonoverlapping source-local intervals; not causality
sensor_event:SE_02522,PRECEDES,sensor_event:SE_02523,15.0,metropt3,results/sensor/events.csv,deterministic_chronological_adjacency,Immediate adjacency of nonoverlapping source-local intervals; not causality
sensor_event:SE_02523,PRECEDES,sensor_event:SE_02524,30.0,metropt3,results/sensor/events.csv,deterministic_chronological_adjacency,Immediate adjacency of nonoverlapping source-local intervals; not causality
sensor_event:SE_02524,PRECEDES,sensor_event:SE_02525,60.0,metropt3,results/sensor/events.csv,deterministic_chronological_adjacency,Immediate adjacency of nonoverlapping source-local intervals; not causality
sensor_event:SE_02525,PRECEDES,sensor_event:SE_02526,15.0,metropt3,results/sensor/events.csv,deterministic_chronological_adjacency,Immediate adjacency of nonoverlapping source-local intervals; not causality
sensor_event:SE_02526,PRECEDES,sensor_event:SE_02527,55.0,metropt3,results/sensor/events.csv,deterministic_chronological_adjacency,Immediate adjacency of nonoverlapping source-local intervals; not causality
sensor_event:SE_02527,PRECEDES,sensor_event:SE_02528,55.0,metropt3,results/sensor/events.csv,deterministic_chronological_adjacency,Immediate adjacency of nonoverlapping source-local intervals; not causality
sensor_event:SE_02528,PRECEDES,sensor_event:SE_02529,20.0,metropt3,results/sensor/events.csv,deterministic_chronological_adjacency,Immediate adjacency of nonoverlapping source-local intervals; not causality
sensor_event:SE_02529,PRECEDES,sensor_event:SE_02530,35.0,metropt3,results/sensor/events.csv,deterministic_chronological_adjacency,Immediate adjacency of nonoverlapping source-local intervals; not causality
sensor_event:SE_02530,PRECEDES,sensor_event:SE_02531,20.0,metropt3,results/sensor/events.csv,deterministic_chronological_adjacency,Immediate adjacency of nonoverlapping source-local intervals; not causality
sensor_event:SE_02531,PRECEDES,sensor_event:SE_02532,50.0,metropt3,results/sensor/events.csv,deterministic_chronological_adjacency,Immediate adjacency of nonoverlapping source-local intervals; not causality
sensor_event:SE_02532,PRECEDES,sensor_event:SE_02533,35.0,metropt3,results/sensor/events.csv,deterministic_chronological_adjacency,Immediate adjacency of nonoverlapping source-local intervals; not causality
sensor_event:SE_02533,PRECEDES,sensor_event:SE_02534,50.0,metropt3,results/sensor/events.csv,deterministic_chronological_adjacency,Immediate adjacency of nonoverlapping source-local intervals; not causality
sensor_event:SE_02534,PRECEDES,sensor_event:SE_02535,60.0,metropt3,results/sensor/events.csv,deterministic_chronological_adjacency,Immediate adjacency of nonoverlapping source-local intervals; not causality
sensor_event:SE_02535,PRECEDES,sensor_event:SE_02536,570.0,metropt3,results/sensor/events.csv,deterministic_chronological_adjacency,Immediate adjacency of nonoverlapping source-local intervals; not causality
sensor_event:SE_02536,PRECEDES,sensor_event:SE_02537,15.0,metropt3,results/sensor/events.csv,deterministic_chronological_adjacency,Immediate adjacency of nonoverlapping source-local intervals; not causality
sensor_event:SE_02537,PRECEDES,sensor_event:SE_02538,25.0,metropt3,results/sensor/events.csv,deterministic_chronological_adjacency,Immediate adjacency of nonoverlapping source-local intervals; not causality
sensor_event:SE_02538,PRECEDES,sensor_event:SE_02539,25.0,metropt3,results/sensor/events.csv,deterministic_chronological_adjacency,Immediate adjacency of nonoverlapping source-local intervals; not causality
sensor_event:SE_02539,PRECEDES,sensor_event:SE_02540,15.0,metropt3,results/sensor/events.csv,deterministic_chronological_adjacency,Immediate adjacency of nonoverlapping source-local intervals; not causality
sensor_event:SE_02540,PRECEDES,sensor_event:SE_02541,30.0,metropt3,results/sensor/events.csv,deterministic_chronological_adjacency,Immediate adjacency of nonoverlapping source-local intervals; not causality
sensor_event:SE_02541,PRECEDES,sensor_event:SE_02542,55.0,metropt3,results/sensor/events.csv,deterministic_chronological_adjacency,Immediate adjacency of nonoverlapping source-local intervals; not causality
sensor_event:SE_02542,PRECEDES,sensor_event:SE_02543,15.0,metropt3,results/sensor/events.csv,deterministic_chronological_adjacency,Immediate adjacency of nonoverlapping source-local intervals; not causality
sensor_event:SE_02543,PRECEDES,sensor_event:SE_02544,15.0,metropt3,results/sensor/events.csv,deterministic_chronological_adjacency,Immediate adjacency of nonoverlapping source-local intervals; not causality
sensor_event:SE_02544,PRECEDES,sensor_event:SE_02545,55.0,metropt3,results/sensor/events.csv,deterministic_chronological_adjacency,Immediate adjacency of nonoverlapping source-local intervals; not causality
sensor_event:SE_02545,PRECEDES,sensor_event:SE_02546,15.0,metropt3,results/sensor/events.csv,deterministic_chronological_adjacency,Immediate adjacency of nonoverlapping source-local intervals; not causality
sensor_event:SE_02546,PRECEDES,sensor_event:SE_02547,15.0,metropt3,results/sensor/events.csv,deterministic_chronological_adjacency,Immediate adjacency of nonoverlapping source-local intervals; not causality
sensor_event:SE_02547,PRECEDES,sensor_event:SE_02548,15.0,metropt3,results/sensor/events.csv,deterministic_chronological_adjacency,Immediate adjacency of nonoverlapping source-local intervals; not causality
sensor_event:SE_02548,PRECEDES,sensor_event:SE_02549,35.0,metropt3,results/sensor/events.csv,deterministic_chronological_adjacency,Immediate adjacency of nonoverlapping source-local intervals; not causality
sensor_event:SE_02549,PRECEDES,sensor_event:SE_02550,15.0,metropt3,results/sensor/events.csv,deterministic_chronological_adjacency,Immediate adjacency of nonoverlapping source-local intervals; not causality
sensor_event:SE_02550,PRECEDES,sensor_event:SE_02551,30.0,metropt3,results/sensor/events.csv,deterministic_chronological_adjacency,Immediate adjacency of nonoverlapping source-local intervals; not causality
sensor_event:SE_02551,PRECEDES,sensor_event:SE_02552,15.0,metropt3,results/sensor/events.csv,deterministic_chronological_adjacency,Immediate adjacency of nonoverlapping source-local intervals; not causality
sensor_event:SE_02552,PRECEDES,sensor_event:SE_02553,15.0,metropt3,results/sensor/events.csv,deterministic_chronological_adjacency,Immediate adjacency of nonoverlapping source-local intervals; not causality
sensor_event:SE_02553,PRECEDES,sensor_event:SE_02554,20.0,metropt3,results/sensor/events.csv,deterministic_chronological_adjacency,Immediate adjacency of nonoverlapping source-local intervals; not causality
sensor_event:SE_02554,PRECEDES,sensor_event:SE_02555,515.0,metropt3,results/sensor/events.csv,deterministic_chronological_adjacency,Immediate adjacency of nonoverlapping source-local intervals; not causality
sensor_event:SE_02555,PRECEDES,sensor_event:SE_02556,50.0,metropt3,results/sensor/events.csv,deterministic_chronological_adjacency,Immediate adjacency of nonoverlapping source-local intervals; not causality
sensor_event:SE_02556,PRECEDES,sensor_event:SE_02557,15.0,metropt3,results/sensor/events.csv,deterministic_chronological_adjacency,Immediate adjacency of nonoverlapping source-local intervals; not causality
sensor_event:SE_02557,PRECEDES,sensor_event:SE_02558,25.0,metropt3,results/sensor/events.csv,deterministic_chronological_adjacency,Immediate adjacency of nonoverlapping source-local intervals; not causality
sensor_event:SE_02558,PRECEDES,sensor_event:SE_02559,15.0,metropt3,results/sensor/events.csv,deterministic_chronological_adjacency,Immediate adjacency of nonoverlapping source-local intervals; not causality
sensor_event:SE_02559,PRECEDES,sensor_event:SE_02560,15.0,metropt3,results/sensor/events.csv,deterministic_chronological_adjacency,Immediate adjacency of nonoverlapping source-local intervals; not causality
sensor_event:SE_02560,PRECEDES,sensor_event:SE_02561,15.0,metropt3,results/sensor/events.csv,deterministic_chronological_adjacency,Immediate adjacency of nonoverlapping source-local intervals; not causality
sensor_event:SE_02561,PRECEDES,sensor_event:SE_02562,15.0,metropt3,results/sensor/events.csv,deterministic_chronological_adjacency,Immediate adjacency of nonoverlapping source-local intervals; not causality
sensor_event:SE_02562,PRECEDES,sensor_event:SE_02563,15.0,metropt3,results/sensor/events.csv,deterministic_chronological_adjacency,Immediate adjacency of nonoverlapping source-local intervals; not causality
sensor_event:SE_02563,PRECEDES,sensor_event:SE_02564,20.0,metropt3,results/sensor/events.csv,deterministic_chronological_adjacency,Immediate adjacency of nonoverlapping source-local intervals; not causality
sensor_event:SE_02564,PRECEDES,sensor_event:SE_02565,20.0,metropt3,results/sensor/events.csv,deterministic_chronological_adjacency,Immediate adjacency of nonoverlapping source-local intervals; not causality
sensor_event:SE_02565,PRECEDES,sensor_event:SE_02566,150.0,metropt3,results/sensor/events.csv,deterministic_chronological_adjacency,Immediate adjacency of nonoverlapping source-local intervals; not causality
sensor_event:SE_02566,PRECEDES,sensor_event:SE_02567,20.0,metropt3,results/sensor/events.csv,deterministic_chronological_adjacency,Immediate adjacency of nonoverlapping source-local intervals; not causality
sensor_event:SE_02567,PRECEDES,sensor_event:SE_02568,15.0,metropt3,results/sensor/events.csv,deterministic_chronological_adjacency,Immediate adjacency of nonoverlapping source-local intervals; not causality
sensor_event:SE_02568,PRECEDES,sensor_event:SE_02569,15.0,metropt3,results/sensor/events.csv,deterministic_chronological_adjacency,Immediate adjacency of nonoverlapping source-local intervals; not causality
sensor_event:SE_02569,PRECEDES,sensor_event:SE_02570,15.0,metropt3,results/sensor/events.csv,deterministic_chronological_adjacency,Immediate adjacency of nonoverlapping source-local intervals; not causality
sensor_event:SE_02570,PRECEDES,sensor_event:SE_02571,15.0,metropt3,results/sensor/events.csv,deterministic_chronological_adjacency,Immediate adjacency of nonoverlapping source-local intervals; not causality
sensor_event:SE_02571,PRECEDES,sensor_event:SE_02572,50.0,metropt3,results/sensor/events.csv,deterministic_chronological_adjacency,Immediate adjacency of nonoverlapping source-local intervals; not causality
sensor_event:SE_02572,PRECEDES,sensor_event:SE_02573,15.0,metropt3,results/sensor/events.csv,deterministic_chronological_adjacency,Immediate adjacency of nonoverlapping source-local intervals; not causality
sensor_event:SE_02573,PRECEDES,sensor_event:SE_02574,15.0,metropt3,results/sensor/events.csv,deterministic_chronological_adjacency,Immediate adjacency of nonoverlapping source-local intervals; not causality
sensor_event:SE_02574,PRECEDES,sensor_event:SE_02575,15.0,metropt3,results/sensor/events.csv,deterministic_chronological_adjacency,Immediate adjacency of nonoverlapping source-local intervals; not causality
sensor_event:SE_02575,PRECEDES,sensor_event:SE_02576,45.0,metropt3,results/sensor/events.csv,deterministic_chronological_adjacency,Immediate adjacency of nonoverlapping source-local intervals; not causality
sensor_event:SE_02576,PRECEDES,sensor_event:SE_02577,265.0,metropt3,results/sensor/events.csv,deterministic_chronological_adjacency,Immediate adjacency of nonoverlapping source-local intervals; not causality
sensor_event:SE_02577,PRECEDES,sensor_event:SE_02578,290.0,metropt3,results/sensor/events.csv,deterministic_chronological_adjacency,Immediate adjacency of nonoverlapping source-local intervals; not causality
sensor_event:SE_02578,PRECEDES,sensor_event:SE_02579,15.0,metropt3,results/sensor/events.csv,deterministic_chronological_adjacency,Immediate adjacency of nonoverlapping source-local intervals; not causality
sensor_event:SE_02579,PRECEDES,sensor_event:SE_02580,65.0,metropt3,results/sensor/events.csv,deterministic_chronological_adjacency,Immediate adjacency of nonoverlapping source-local intervals; not causality
sensor_event:SE_02580,PRECEDES,sensor_event:SE_02581,15.0,metropt3,results/sensor/events.csv,deterministic_chronological_adjacency,Immediate adjacency of nonoverlapping source-local intervals; not causality
sensor_event:SE_02581,PRECEDES,sensor_event:SE_02582,25.0,metropt3,results/sensor/events.csv,deterministic_chronological_adjacency,Immediate adjacency of nonoverlapping source-local intervals; not causality
sensor_event:SE_02582,PRECEDES,sensor_event:SE_02583,15.0,metropt3,results/sensor/events.csv,deterministic_chronological_adjacency,Immediate adjacency of nonoverlapping source-local intervals; not causality
sensor_event:SE_02583,PRECEDES,sensor_event:SE_02584,20.0,metropt3,results/sensor/events.csv,deterministic_chronological_adjacency,Immediate adjacency of nonoverlapping source-local intervals; not causality
sensor_event:SE_02584,PRECEDES,sensor_event:SE_02585,15.0,metropt3,results/sensor/events.csv,deterministic_chronological_adjacency,Immediate adjacency of nonoverlapping source-local intervals; not causality
sensor_event:SE_02585,PRECEDES,sensor_event:SE_02586,15.0,metropt3,results/sensor/events.csv,deterministic_chronological_adjacency,Immediate adjacency of nonoverlapping source-local intervals; not causality
sensor_event:SE_02586,PRECEDES,sensor_event:SE_02587,30.0,metropt3,results/sensor/events.csv,deterministic_chronological_adjacency,Immediate adjacency of nonoverlapping source-local intervals; not causality
sensor_event:SE_02587,PRECEDES,sensor_event:SE_02588,15.0,metropt3,results/sensor/events.csv,deterministic_chronological_adjacency,Immediate adjacency of nonoverlapping source-local intervals; not causality
sensor_event:SE_02588,PRECEDES,sensor_event:SE_02589,35.0,metropt3,results/sensor/events.csv,deterministic_chronological_adjacency,Immediate adjacency of nonoverlapping source-local intervals; not causality
sensor_event:SE_02589,PRECEDES,sensor_event:SE_02590,15.0,metropt3,results/sensor/events.csv,deterministic_chronological_adjacency,Immediate adjacency of nonoverlapping source-local intervals; not causality
sensor_event:SE_02590,PRECEDES,sensor_event:SE_02591,30.0,metropt3,results/sensor/events.csv,deterministic_chronological_adjacency,Immediate adjacency of nonoverlapping source-local intervals; not causality
sensor_event:SE_02591,PRECEDES,sensor_event:SE_02592,15.0,metropt3,results/sensor/events.csv,deterministic_chronological_adjacency,Immediate adjacency of nonoverlapping source-local intervals; not causality
sensor_event:SE_02592,PRECEDES,sensor_event:SE_02593,15.0,metropt3,results/sensor/events.csv,deterministic_chronological_adjacency,Immediate adjacency of nonoverlapping source-local intervals; not causality
sensor_event:SE_02593,PRECEDES,sensor_event:SE_02594,15.0,metropt3,results/sensor/events.csv,deterministic_chronological_adjacency,Immediate adjacency of nonoverlapping source-local intervals; not causality
sensor_event:SE_02594,PRECEDES,sensor_event:SE_02595,15.0,metropt3,results/sensor/events.csv,deterministic_chronological_adjacency,Immediate adjacency of nonoverlapping source-local intervals; not causality
sensor_event:SE_02595,PRECEDES,sensor_event:SE_02596,15.0,metropt3,results/sensor/events.csv,deterministic_chronological_adjacency,Immediate adjacency of nonoverlapping source-local intervals; not causality
sensor_event:SE_02596,PRECEDES,sensor_event:SE_02597,15.0,metropt3,results/sensor/events.csv,deterministic_chronological_adjacency,Immediate adjacency of nonoverlapping source-local intervals; not causality
sensor_event:SE_02597,PRECEDES,sensor_event:SE_02598,20.0,metropt3,results/sensor/events.csv,deterministic_chronological_adjacency,Immediate adjacency of nonoverlapping source-local intervals; not causality
sensor_event:SE_02598,PRECEDES,sensor_event:SE_02599,630.0,metropt3,results/sensor/events.csv,deterministic_chronological_adjacency,Immediate adjacency of nonoverlapping source-local intervals; not causality
sensor_event:SE_02599,PRECEDES,sensor_event:SE_02600,20.0,metropt3,results/sensor/events.csv,deterministic_chronological_adjacency,Immediate adjacency of nonoverlapping source-local intervals; not causality
sensor_event:SE_02600,PRECEDES,sensor_event:SE_02601,30.0,metropt3,results/sensor/events.csv,deterministic_chronological_adjacency,Immediate adjacency of nonoverlapping source-local intervals; not causality
sensor_event:SE_02601,PRECEDES,sensor_event:SE_02602,25.0,metropt3,results/sensor/events.csv,deterministic_chronological_adjacency,Immediate adjacency of nonoverlapping source-local intervals; not causality
sensor_event:SE_02602,PRECEDES,sensor_event:SE_02603,30.0,metropt3,results/sensor/events.csv,deterministic_chronological_adjacency,Immediate adjacency of nonoverlapping source-local intervals; not causality
sensor_event:SE_02603,PRECEDES,sensor_event:SE_02604,40.0,metropt3,results/sensor/events.csv,deterministic_chronological_adjacency,Immediate adjacency of nonoverlapping source-local intervals; not causality
sensor_event:SE_02604,PRECEDES,sensor_event:SE_02605,15.0,metropt3,results/sensor/events.csv,deterministic_chronological_adjacency,Immediate adjacency of nonoverlapping source-local intervals; not causality
sensor_event:SE_02605,PRECEDES,sensor_event:SE_02606,30.0,metropt3,results/sensor/events.csv,deterministic_chronological_adjacency,Immediate adjacency of nonoverlapping source-local intervals; not causality
sensor_event:SE_02606,PRECEDES,sensor_event:SE_02607,20.0,metropt3,results/sensor/events.csv,deterministic_chronological_adjacency,Immediate adjacency of nonoverlapping source-local intervals; not causality
sensor_event:SE_02607,PRECEDES,sensor_event:SE_02608,15.0,metropt3,results/sensor/events.csv,deterministic_chronological_adjacency,Immediate adjacency of nonoverlapping source-local intervals; not causality
sensor_event:SE_02608,PRECEDES,sensor_event:SE_02609,15.0,metropt3,results/sensor/events.csv,deterministic_chronological_adjacency,Immediate adjacency of nonoverlapping source-local intervals; not causality
sensor_event:SE_02609,PRECEDES,sensor_event:SE_02610,15.0,metropt3,results/sensor/events.csv,deterministic_chronological_adjacency,Immediate adjacency of nonoverlapping source-local intervals; not causality
sensor_event:SE_02610,PRECEDES,sensor_event:SE_02611,15.0,metropt3,results/sensor/events.csv,deterministic_chronological_adjacency,Immediate adjacency of nonoverlapping source-local intervals; not causality
sensor_event:SE_02611,PRECEDES,sensor_event:SE_02612,15.0,metropt3,results/sensor/events.csv,deterministic_chronological_adjacency,Immediate adjacency of nonoverlapping source-local intervals; not causality
sensor_event:SE_02612,PRECEDES,sensor_event:SE_02613,15.0,metropt3,results/sensor/events.csv,deterministic_chronological_adjacency,Immediate adjacency of nonoverlapping source-local intervals; not causality
sensor_event:SE_02613,PRECEDES,sensor_event:SE_02614,20.0,metropt3,results/sensor/events.csv,deterministic_chronological_adjacency,Immediate adjacency of nonoverlapping source-local intervals; not causality
sensor_event:SE_02614,PRECEDES,sensor_event:SE_02615,15.0,metropt3,results/sensor/events.csv,deterministic_chronological_adjacency,Immediate adjacency of nonoverlapping source-local intervals; not causality
sensor_event:SE_02615,PRECEDES,sensor_event:SE_02616,15.0,metropt3,results/sensor/events.csv,deterministic_chronological_adjacency,Immediate adjacency of nonoverlapping source-local intervals; not causality
sensor_event:SE_02616,PRECEDES,sensor_event:SE_02617,15.0,metropt3,results/sensor/events.csv,deterministic_chronological_adjacency,Immediate adjacency of nonoverlapping source-local intervals; not causality
sensor_event:SE_02617,PRECEDES,sensor_event:SE_02618,360.0,metropt3,results/sensor/events.csv,deterministic_chronological_adjacency,Immediate adjacency of nonoverlapping source-local intervals; not causality
sensor_event:SE_02618,PRECEDES,sensor_event:SE_02619,15.0,metropt3,results/sensor/events.csv,deterministic_chronological_adjacency,Immediate adjacency of nonoverlapping source-local intervals; not causality
sensor_event:SE_02619,PRECEDES,sensor_event:SE_02620,45.0,metropt3,results/sensor/events.csv,deterministic_chronological_adjacency,Immediate adjacency of nonoverlapping source-local intervals; not causality
sensor_event:SE_02620,PRECEDES,sensor_event:SE_02621,50.0,metropt3,results/sensor/events.csv,deterministic_chronological_adjacency,Immediate adjacency of nonoverlapping source-local intervals; not causality
sensor_event:SE_02621,PRECEDES,sensor_event:SE_02622,50.0,metropt3,results/sensor/events.csv,deterministic_chronological_adjacency,Immediate adjacency of nonoverlapping source-local intervals; not causality
sensor_event:SE_02622,PRECEDES,sensor_event:SE_02623,35.0,metropt3,results/sensor/events.csv,deterministic_chronological_adjacency,Immediate adjacency of nonoverlapping source-local intervals; not causality
sensor_event:SE_02623,PRECEDES,sensor_event:SE_02624,15.0,metropt3,results/sensor/events.csv,deterministic_chronological_adjacency,Immediate adjacency of nonoverlapping source-local intervals; not causality
sensor_event:SE_02624,PRECEDES,sensor_event:SE_02625,35.0,metropt3,results/sensor/events.csv,deterministic_chronological_adjacency,Immediate adjacency of nonoverlapping source-local intervals; not causality
sensor_event:SE_02625,PRECEDES,sensor_event:SE_02626,20.0,metropt3,results/sensor/events.csv,deterministic_chronological_adjacency,Immediate adjacency of nonoverlapping source-local intervals; not causality
sensor_event:SE_02626,PRECEDES,sensor_event:SE_02627,15.0,metropt3,results/sensor/events.csv,deterministic_chronological_adjacency,Immediate adjacency of nonoverlapping source-local intervals; not causality
sensor_event:SE_02627,PRECEDES,sensor_event:SE_02628,55.0,metropt3,results/sensor/events.csv,deterministic_chronological_adjacency,Immediate adjacency of nonoverlapping source-local intervals; not causality
sensor_event:SE_02628,PRECEDES,sensor_event:SE_02629,15.0,metropt3,results/sensor/events.csv,deterministic_chronological_adjacency,Immediate adjacency of nonoverlapping source-local intervals; not causality
sensor_event:SE_02629,PRECEDES,sensor_event:SE_02630,15.0,metropt3,results/sensor/events.csv,deterministic_chronological_adjacency,Immediate adjacency of nonoverlapping source-local intervals; not causality
sensor_event:SE_02630,PRECEDES,sensor_event:SE_02631,15.0,metropt3,results/sensor/events.csv,deterministic_chronological_adjacency,Immediate adjacency of nonoverlapping source-local intervals; not causality
sensor_event:SE_02631,PRECEDES,sensor_event:SE_02632,15.0,metropt3,results/sensor/events.csv,deterministic_chronological_adjacency,Immediate adjacency of nonoverlapping source-local intervals; not causality
sensor_event:SE_02632,PRECEDES,sensor_event:SE_02633,15.0,metropt3,results/sensor/events.csv,deterministic_chronological_adjacency,Immediate adjacency of nonoverlapping source-local intervals; not causality
sensor_event:SE_02633,PRECEDES,sensor_event:SE_02634,20.0,metropt3,results/sensor/events.csv,deterministic_chronological_adjacency,Immediate adjacency of nonoverlapping source-local intervals; not causality
sensor_event:SE_02634,PRECEDES,sensor_event:SE_02635,15.0,metropt3,results/sensor/events.csv,deterministic_chronological_adjacency,Immediate adjacency of nonoverlapping source-local intervals; not causality
sensor_event:SE_02635,PRECEDES,sensor_event:SE_02636,15.0,metropt3,results/sensor/events.csv,deterministic_chronological_adjacency,Immediate adjacency of nonoverlapping source-local intervals; not causality
sensor_event:SE_02636,PRECEDES,sensor_event:SE_02637,15.0,metropt3,results/sensor/events.csv,deterministic_chronological_adjacency,Immediate adjacency of nonoverlapping source-local intervals; not causality
sensor_event:SE_02637,PRECEDES,sensor_event:SE_02638,25.0,metropt3,results/sensor/events.csv,deterministic_chronological_adjacency,Immediate adjacency of nonoverlapping source-local intervals; not causality
sensor_event:SE_02638,PRECEDES,sensor_event:SE_02639,275.0,metropt3,results/sensor/events.csv,deterministic_chronological_adjacency,Immediate adjacency of nonoverlapping source-local intervals; not causality
sensor_event:SE_02639,PRECEDES,sensor_event:SE_02640,210.0,metropt3,results/sensor/events.csv,deterministic_chronological_adjacency,Immediate adjacency of nonoverlapping source-local intervals; not causality
sensor_event:SE_02640,PRECEDES,sensor_event:SE_02641,110.0,metropt3,results/sensor/events.csv,deterministic_chronological_adjacency,Immediate adjacency of nonoverlapping source-local intervals; not causality
sensor_event:SE_02641,PRECEDES,sensor_event:SE_02642,15.0,metropt3,results/sensor/events.csv,deterministic_chronological_adjacency,Immediate adjacency of nonoverlapping source-local intervals; not causality
sensor_event:SE_02642,PRECEDES,sensor_event:SE_02643,15.0,metropt3,results/sensor/events.csv,deterministic_chronological_adjacency,Immediate adjacency of nonoverlapping source-local intervals; not causality
sensor_event:SE_02643,PRECEDES,sensor_event:SE_02644,105.0,metropt3,results/sensor/events.csv,deterministic_chronological_adjacency,Immediate adjacency of nonoverlapping source-local intervals; not causality
sensor_event:SE_02644,PRECEDES,sensor_event:SE_02645,15.0,metropt3,results/sensor/events.csv,deterministic_chronological_adjacency,Immediate adjacency of nonoverlapping source-local intervals; not causality
sensor_event:SE_02645,PRECEDES,sensor_event:SE_02646,30.0,metropt3,results/sensor/events.csv,deterministic_chronological_adjacency,Immediate adjacency of nonoverlapping source-local intervals; not causality
sensor_event:SE_02646,PRECEDES,sensor_event:SE_02647,40.0,metropt3,results/sensor/events.csv,deterministic_chronological_adjacency,Immediate adjacency of nonoverlapping source-local intervals; not causality
sensor_event:SE_02647,PRECEDES,sensor_event:SE_02648,30.0,metropt3,results/sensor/events.csv,deterministic_chronological_adjacency,Immediate adjacency of nonoverlapping source-local intervals; not causality
sensor_event:SE_02648,PRECEDES,sensor_event:SE_02649,15.0,metropt3,results/sensor/events.csv,deterministic_chronological_adjacency,Immediate adjacency of nonoverlapping source-local intervals; not causality
sensor_event:SE_02649,PRECEDES,sensor_event:SE_02650,35.0,metropt3,results/sensor/events.csv,deterministic_chronological_adjacency,Immediate adjacency of nonoverlapping source-local intervals; not causality
sensor_event:SE_02650,PRECEDES,sensor_event:SE_02651,70.0,metropt3,results/sensor/events.csv,deterministic_chronological_adjacency,Immediate adjacency of nonoverlapping source-local intervals; not causality
sensor_event:SE_02651,PRECEDES,sensor_event:SE_02652,35.0,metropt3,results/sensor/events.csv,deterministic_chronological_adjacency,Immediate adjacency of nonoverlapping source-local intervals; not causality
sensor_event:SE_02652,PRECEDES,sensor_event:SE_02653,15.0,metropt3,results/sensor/events.csv,deterministic_chronological_adjacency,Immediate adjacency of nonoverlapping source-local intervals; not causality
sensor_event:SE_02653,PRECEDES,sensor_event:SE_02654,35.0,metropt3,results/sensor/events.csv,deterministic_chronological_adjacency,Immediate adjacency of nonoverlapping source-local intervals; not causality
sensor_event:SE_02654,PRECEDES,sensor_event:SE_02655,35.0,metropt3,results/sensor/events.csv,deterministic_chronological_adjacency,Immediate adjacency of nonoverlapping source-local intervals; not causality
sensor_event:SE_02655,PRECEDES,sensor_event:SE_02656,15.0,metropt3,results/sensor/events.csv,deterministic_chronological_adjacency,Immediate adjacency of nonoverlapping source-local intervals; not causality
sensor_event:SE_02656,PRECEDES,sensor_event:SE_02657,15.0,metropt3,results/sensor/events.csv,deterministic_chronological_adjacency,Immediate adjacency of nonoverlapping source-local intervals; not causality
sensor_event:SE_02657,PRECEDES,sensor_event:SE_02658,15.0,metropt3,results/sensor/events.csv,deterministic_chronological_adjacency,Immediate adjacency of nonoverlapping source-local intervals; not causality
sensor_event:SE_02658,PRECEDES,sensor_event:SE_02659,15.0,metropt3,results/sensor/events.csv,deterministic_chronological_adjacency,Immediate adjacency of nonoverlapping source-local intervals; not causality
sensor_event:SE_02659,PRECEDES,sensor_event:SE_02660,15.0,metropt3,results/sensor/events.csv,deterministic_chronological_adjacency,Immediate adjacency of nonoverlapping source-local intervals; not causality
sensor_event:SE_02660,PRECEDES,sensor_event:SE_02661,475.0,metropt3,results/sensor/events.csv,deterministic_chronological_adjacency,Immediate adjacency of nonoverlapping source-local intervals; not causality
sensor_event:SE_02661,PRECEDES,sensor_event:SE_02662,140.0,metropt3,results/sensor/events.csv,deterministic_chronological_adjacency,Immediate adjacency of nonoverlapping source-local intervals; not causality
sensor_event:SE_02662,PRECEDES,sensor_event:SE_02663,50.0,metropt3,results/sensor/events.csv,deterministic_chronological_adjacency,Immediate adjacency of nonoverlapping source-local intervals; not causality
sensor_event:SE_02663,PRECEDES,sensor_event:SE_02664,15.0,metropt3,results/sensor/events.csv,deterministic_chronological_adjacency,Immediate adjacency of nonoverlapping source-local intervals; not causality
sensor_event:SE_02664,PRECEDES,sensor_event:SE_02665,15.0,metropt3,results/sensor/events.csv,deterministic_chronological_adjacency,Immediate adjacency of nonoverlapping source-local intervals; not causality
sensor_event:SE_02665,PRECEDES,sensor_event:SE_02666,15.0,metropt3,results/sensor/events.csv,deterministic_chronological_adjacency,Immediate adjacency of nonoverlapping source-local intervals; not causality
sensor_event:SE_02666,PRECEDES,sensor_event:SE_02667,15.0,metropt3,results/sensor/events.csv,deterministic_chronological_adjacency,Immediate adjacency of nonoverlapping source-local intervals; not causality
sensor_event:SE_02667,PRECEDES,sensor_event:SE_02668,30.0,metropt3,results/sensor/events.csv,deterministic_chronological_adjacency,Immediate adjacency of nonoverlapping source-local intervals; not causality
sensor_event:SE_02668,PRECEDES,sensor_event:SE_02669,70.0,metropt3,results/sensor/events.csv,deterministic_chronological_adjacency,Immediate adjacency of nonoverlapping source-local intervals; not causality
sensor_event:SE_02669,PRECEDES,sensor_event:SE_02670,35.0,metropt3,results/sensor/events.csv,deterministic_chronological_adjacency,Immediate adjacency of nonoverlapping source-local intervals; not causality
sensor_event:SE_02670,PRECEDES,sensor_event:SE_02671,15.0,metropt3,results/sensor/events.csv,deterministic_chronological_adjacency,Immediate adjacency of nonoverlapping source-local intervals; not causality
sensor_event:SE_02671,PRECEDES,sensor_event:SE_02672,20.0,metropt3,results/sensor/events.csv,deterministic_chronological_adjacency,Immediate adjacency of nonoverlapping source-local intervals; not causality
sensor_event:SE_02672,PRECEDES,sensor_event:SE_02673,30.0,metropt3,results/sensor/events.csv,deterministic_chronological_adjacency,Immediate adjacency of nonoverlapping source-local intervals; not causality
sensor_event:SE_02673,PRECEDES,sensor_event:SE_02674,40.0,metropt3,results/sensor/events.csv,deterministic_chronological_adjacency,Immediate adjacency of nonoverlapping source-local intervals; not causality
sensor_event:SE_02674,PRECEDES,sensor_event:SE_02675,15.0,metropt3,results/sensor/events.csv,deterministic_chronological_adjacency,Immediate adjacency of nonoverlapping source-local intervals; not causality
sensor_event:SE_02675,PRECEDES,sensor_event:SE_02676,15.0,metropt3,results/sensor/events.csv,deterministic_chronological_adjacency,Immediate adjacency of nonoverlapping source-local intervals; not causality
sensor_event:SE_02676,PRECEDES,sensor_event:SE_02677,15.0,metropt3,results/sensor/events.csv,deterministic_chronological_adjacency,Immediate adjacency of nonoverlapping source-local intervals; not causality
sensor_event:SE_02677,PRECEDES,sensor_event:SE_02678,15.0,metropt3,results/sensor/events.csv,deterministic_chronological_adjacency,Immediate adjacency of nonoverlapping source-local intervals; not causality
sensor_event:SE_02678,PRECEDES,sensor_event:SE_02679,30.0,metropt3,results/sensor/events.csv,deterministic_chronological_adjacency,Immediate adjacency of nonoverlapping source-local intervals; not causality
sensor_event:SE_02679,PRECEDES,sensor_event:SE_02680,15.0,metropt3,results/sensor/events.csv,deterministic_chronological_adjacency,Immediate adjacency of nonoverlapping source-local intervals; not causality
sensor_event:SE_02680,PRECEDES,sensor_event:SE_02681,50.0,metropt3,results/sensor/events.csv,deterministic_chronological_adjacency,Immediate adjacency of nonoverlapping source-local intervals; not causality
sensor_event:SE_02681,PRECEDES,sensor_event:SE_02682,55.0,metropt3,results/sensor/events.csv,deterministic_chronological_adjacency,Immediate adjacency of nonoverlapping source-local intervals; not causality
sensor_event:SE_02682,PRECEDES,sensor_event:SE_02683,15.0,metropt3,results/sensor/events.csv,deterministic_chronological_adjacency,Immediate adjacency of nonoverlapping source-local intervals; not causality
sensor_event:SE_02683,PRECEDES,sensor_event:SE_02684,35.0,metropt3,results/sensor/events.csv,deterministic_chronological_adjacency,Immediate adjacency of nonoverlapping source-local intervals; not causality
sensor_event:SE_02684,PRECEDES,sensor_event:SE_02685,15.0,metropt3,results/sensor/events.csv,deterministic_chronological_adjacency,Immediate adjacency of nonoverlapping source-local intervals; not causality
sensor_event:SE_02685,PRECEDES,sensor_event:SE_02686,355.0,metropt3,results/sensor/events.csv,deterministic_chronological_adjacency,Immediate adjacency of nonoverlapping source-local intervals; not causality
sensor_event:SE_02686,PRECEDES,sensor_event:SE_02687,285.0,metropt3,results/sensor/events.csv,deterministic_chronological_adjacency,Immediate adjacency of nonoverlapping source-local intervals; not causality
sensor_event:SE_02687,PRECEDES,sensor_event:SE_02688,40.0,metropt3,results/sensor/events.csv,deterministic_chronological_adjacency,Immediate adjacency of nonoverlapping source-local intervals; not causality
sensor_event:SE_02688,PRECEDES,sensor_event:SE_02689,15.0,metropt3,results/sensor/events.csv,deterministic_chronological_adjacency,Immediate adjacency of nonoverlapping source-local intervals; not causality
sensor_event:SE_02689,PRECEDES,sensor_event:SE_02690,15.0,metropt3,results/sensor/events.csv,deterministic_chronological_adjacency,Immediate adjacency of nonoverlapping source-local intervals; not causality
sensor_event:SE_02690,PRECEDES,sensor_event:SE_02691,90.0,metropt3,results/sensor/events.csv,deterministic_chronological_adjacency,Immediate adjacency of nonoverlapping source-local intervals; not causality
sensor_event:SE_02691,PRECEDES,sensor_event:SE_02692,15.0,metropt3,results/sensor/events.csv,deterministic_chronological_adjacency,Immediate adjacency of nonoverlapping source-local intervals; not causality
sensor_event:SE_02692,PRECEDES,sensor_event:SE_02693,15.0,metropt3,results/sensor/events.csv,deterministic_chronological_adjacency,Immediate adjacency of nonoverlapping source-local intervals; not causality
sensor_event:SE_02693,PRECEDES,sensor_event:SE_02694,15.0,metropt3,results/sensor/events.csv,deterministic_chronological_adjacency,Immediate adjacency of nonoverlapping source-local intervals; not causality
sensor_event:SE_02694,PRECEDES,sensor_event:SE_02695,45.0,metropt3,results/sensor/events.csv,deterministic_chronological_adjacency,Immediate adjacency of nonoverlapping source-local intervals; not causality
sensor_event:SE_02695,PRECEDES,sensor_event:SE_02696,65.0,metropt3,results/sensor/events.csv,deterministic_chronological_adjacency,Immediate adjacency of nonoverlapping source-local intervals; not causality
sensor_event:SE_02696,PRECEDES,sensor_event:SE_02697,70.0,metropt3,results/sensor/events.csv,deterministic_chronological_adjacency,Immediate adjacency of nonoverlapping source-local intervals; not causality
sensor_event:SE_02697,PRECEDES,sensor_event:SE_02698,15.0,metropt3,results/sensor/events.csv,deterministic_chronological_adjacency,Immediate adjacency of nonoverlapping source-local intervals; not causality
sensor_event:SE_02698,PRECEDES,sensor_event:SE_02699,30.0,metropt3,results/sensor/events.csv,deterministic_chronological_adjacency,Immediate adjacency of nonoverlapping source-local intervals; not causality
sensor_event:SE_02699,PRECEDES,sensor_event:SE_02700,35.0,metropt3,results/sensor/events.csv,deterministic_chronological_adjacency,Immediate adjacency of nonoverlapping source-local intervals; not causality
sensor_event:SE_02700,PRECEDES,sensor_event:SE_02701,25.0,metropt3,results/sensor/events.csv,deterministic_chronological_adjacency,Immediate adjacency of nonoverlapping source-local intervals; not causality
sensor_event:SE_02701,PRECEDES,sensor_event:SE_02702,15.0,metropt3,results/sensor/events.csv,deterministic_chronological_adjacency,Immediate adjacency of nonoverlapping source-local intervals; not causality
sensor_event:SE_02702,PRECEDES,sensor_event:SE_02703,15.0,metropt3,results/sensor/events.csv,deterministic_chronological_adjacency,Immediate adjacency of nonoverlapping source-local intervals; not causality
sensor_event:SE_02703,PRECEDES,sensor_event:SE_02704,15.0,metropt3,results/sensor/events.csv,deterministic_chronological_adjacency,Immediate adjacency of nonoverlapping source-local intervals; not causality
sensor_event:SE_02704,PRECEDES,sensor_event:SE_02705,30.0,metropt3,results/sensor/events.csv,deterministic_chronological_adjacency,Immediate adjacency of nonoverlapping source-local intervals; not causality
sensor_event:SE_02705,PRECEDES,sensor_event:SE_02706,665.0,metropt3,results/sensor/events.csv,deterministic_chronological_adjacency,Immediate adjacency of nonoverlapping source-local intervals; not causality
sensor_event:SE_02706,PRECEDES,sensor_event:SE_02707,35.0,metropt3,results/sensor/events.csv,deterministic_chronological_adjacency,Immediate adjacency of nonoverlapping source-local intervals; not causality
sensor_event:SE_02707,PRECEDES,sensor_event:SE_02708,100.0,metropt3,results/sensor/events.csv,deterministic_chronological_adjacency,Immediate adjacency of nonoverlapping source-local intervals; not causality
sensor_event:SE_02708,PRECEDES,sensor_event:SE_02709,15.0,metropt3,results/sensor/events.csv,deterministic_chronological_adjacency,Immediate adjacency of nonoverlapping source-local intervals; not causality
sensor_event:SE_02709,PRECEDES,sensor_event:SE_02710,175.0,metropt3,results/sensor/events.csv,deterministic_chronological_adjacency,Immediate adjacency of nonoverlapping source-local intervals; not causality
sensor_event:SE_02710,PRECEDES,sensor_event:SE_02711,30.0,metropt3,results/sensor/events.csv,deterministic_chronological_adjacency,Immediate adjacency of nonoverlapping source-local intervals; not causality
sensor_event:SE_02711,PRECEDES,sensor_event:SE_02712,15.0,metropt3,results/sensor/events.csv,deterministic_chronological_adjacency,Immediate adjacency of nonoverlapping source-local intervals; not causality
sensor_event:SE_02712,PRECEDES,sensor_event:SE_02713,70.0,metropt3,results/sensor/events.csv,deterministic_chronological_adjacency,Immediate adjacency of nonoverlapping source-local intervals; not causality
sensor_event:SE_02713,PRECEDES,sensor_event:SE_02714,15.0,metropt3,results/sensor/events.csv,deterministic_chronological_adjacency,Immediate adjacency of nonoverlapping source-local intervals; not causality
sensor_event:SE_02714,PRECEDES,sensor_event:SE_02715,15.0,metropt3,results/sensor/events.csv,deterministic_chronological_adjacency,Immediate adjacency of nonoverlapping source-local intervals; not causality
sensor_event:SE_02715,PRECEDES,sensor_event:SE_02716,15.0,metropt3,results/sensor/events.csv,deterministic_chronological_adjacency,Immediate adjacency of nonoverlapping source-local intervals; not causality
sensor_event:SE_02716,PRECEDES,sensor_event:SE_02717,15.0,metropt3,results/sensor/events.csv,deterministic_chronological_adjacency,Immediate adjacency of nonoverlapping source-local intervals; not causality
sensor_event:SE_02717,PRECEDES,sensor_event:SE_02718,15.0,metropt3,results/sensor/events.csv,deterministic_chronological_adjacency,Immediate adjacency of nonoverlapping source-local intervals; not causality
sensor_event:SE_02718,PRECEDES,sensor_event:SE_02719,15.0,metropt3,results/sensor/events.csv,deterministic_chronological_adjacency,Immediate adjacency of nonoverlapping source-local intervals; not causality
sensor_event:SE_02719,PRECEDES,sensor_event:SE_02720,15.0,metropt3,results/sensor/events.csv,deterministic_chronological_adjacency,Immediate adjacency of nonoverlapping source-local intervals; not causality
sensor_event:SE_02720,PRECEDES,sensor_event:SE_02721,180.0,metropt3,results/sensor/events.csv,deterministic_chronological_adjacency,Immediate adjacency of nonoverlapping source-local intervals; not causality
sensor_event:SE_02721,PRECEDES,sensor_event:SE_02722,380.0,metropt3,results/sensor/events.csv,deterministic_chronological_adjacency,Immediate adjacency of nonoverlapping source-local intervals; not causality
sensor_event:SE_02722,PRECEDES,sensor_event:SE_02723,50.0,metropt3,results/sensor/events.csv,deterministic_chronological_adjacency,Immediate adjacency of nonoverlapping source-local intervals; not causality
sensor_event:SE_02723,PRECEDES,sensor_event:SE_02724,15.0,metropt3,results/sensor/events.csv,deterministic_chronological_adjacency,Immediate adjacency of nonoverlapping source-local intervals; not causality
sensor_event:SE_02724,PRECEDES,sensor_event:SE_02725,15.0,metropt3,results/sensor/events.csv,deterministic_chronological_adjacency,Immediate adjacency of nonoverlapping source-local intervals; not causality
sensor_event:SE_02725,PRECEDES,sensor_event:SE_02726,25.0,metropt3,results/sensor/events.csv,deterministic_chronological_adjacency,Immediate adjacency of nonoverlapping source-local intervals; not causality
sensor_event:SE_02726,PRECEDES,sensor_event:SE_02727,35.0,metropt3,results/sensor/events.csv,deterministic_chronological_adjacency,Immediate adjacency of nonoverlapping source-local intervals; not causality
sensor_event:SE_02727,PRECEDES,sensor_event:SE_02728,15.0,metropt3,results/sensor/events.csv,deterministic_chronological_adjacency,Immediate adjacency of nonoverlapping source-local intervals; not causality
sensor_event:SE_02728,PRECEDES,sensor_event:SE_02729,30.0,metropt3,results/sensor/events.csv,deterministic_chronological_adjacency,Immediate adjacency of nonoverlapping source-local intervals; not causality
sensor_event:SE_02729,PRECEDES,sensor_event:SE_02730,15.0,metropt3,results/sensor/events.csv,deterministic_chronological_adjacency,Immediate adjacency of nonoverlapping source-local intervals; not causality
sensor_event:SE_02730,PRECEDES,sensor_event:SE_02731,15.0,metropt3,results/sensor/events.csv,deterministic_chronological_adjacency,Immediate adjacency of nonoverlapping source-local intervals; not causality
sensor_event:SE_02731,PRECEDES,sensor_event:SE_02732,15.0,metropt3,results/sensor/events.csv,deterministic_chronological_adjacency,Immediate adjacency of nonoverlapping source-local intervals; not causality
sensor_event:SE_02732,PRECEDES,sensor_event:SE_02733,15.0,metropt3,results/sensor/events.csv,deterministic_chronological_adjacency,Immediate adjacency of nonoverlapping source-local intervals; not causality
sensor_event:SE_02733,PRECEDES,sensor_event:SE_02734,15.0,metropt3,results/sensor/events.csv,deterministic_chronological_adjacency,Immediate adjacency of nonoverlapping source-local intervals; not causality
sensor_event:SE_02734,PRECEDES,sensor_event:SE_02735,15.0,metropt3,results/sensor/events.csv,deterministic_chronological_adjacency,Immediate adjacency of nonoverlapping source-local intervals; not causality
sensor_event:SE_02735,PRECEDES,sensor_event:SE_02736,20.0,metropt3,results/sensor/events.csv,deterministic_chronological_adjacency,Immediate adjacency of nonoverlapping source-local intervals; not causality
sensor_event:SE_02736,PRECEDES,sensor_event:SE_02737,15.0,metropt3,results/sensor/events.csv,deterministic_chronological_adjacency,Immediate adjacency of nonoverlapping source-local intervals; not causality
sensor_event:SE_02737,PRECEDES,sensor_event:SE_02738,15.0,metropt3,results/sensor/events.csv,deterministic_chronological_adjacency,Immediate adjacency of nonoverlapping source-local intervals; not causality
sensor_event:SE_02738,PRECEDES,sensor_event:SE_02739,625.0,metropt3,results/sensor/events.csv,deterministic_chronological_adjacency,Immediate adjacency of nonoverlapping source-local intervals; not causality
sensor_event:SE_02739,PRECEDES,sensor_event:SE_02740,40.0,metropt3,results/sensor/events.csv,deterministic_chronological_adjacency,Immediate adjacency of nonoverlapping source-local intervals; not causality
sensor_event:SE_02740,PRECEDES,sensor_event:SE_02741,65.0,metropt3,results/sensor/events.csv,deterministic_chronological_adjacency,Immediate adjacency of nonoverlapping source-local intervals; not causality
sensor_event:SE_02741,PRECEDES,sensor_event:SE_02742,70.0,metropt3,results/sensor/events.csv,deterministic_chronological_adjacency,Immediate adjacency of nonoverlapping source-local intervals; not causality
sensor_event:SE_02742,PRECEDES,sensor_event:SE_02743,15.0,metropt3,results/sensor/events.csv,deterministic_chronological_adjacency,Immediate adjacency of nonoverlapping source-local intervals; not causality
sensor_event:SE_02743,PRECEDES,sensor_event:SE_02744,15.0,metropt3,results/sensor/events.csv,deterministic_chronological_adjacency,Immediate adjacency of nonoverlapping source-local intervals; not causality
sensor_event:SE_02744,PRECEDES,sensor_event:SE_02745,20.0,metropt3,results/sensor/events.csv,deterministic_chronological_adjacency,Immediate adjacency of nonoverlapping source-local intervals; not causality
sensor_event:SE_02745,PRECEDES,sensor_event:SE_02746,15.0,metropt3,results/sensor/events.csv,deterministic_chronological_adjacency,Immediate adjacency of nonoverlapping source-local intervals; not causality
sensor_event:SE_02746,PRECEDES,sensor_event:SE_02747,50.0,metropt3,results/sensor/events.csv,deterministic_chronological_adjacency,Immediate adjacency of nonoverlapping source-local intervals; not causality
sensor_event:SE_02747,PRECEDES,sensor_event:SE_02748,15.0,metropt3,results/sensor/events.csv,deterministic_chronological_adjacency,Immediate adjacency of nonoverlapping source-local intervals; not causality
sensor_event:SE_02748,PRECEDES,sensor_event:SE_02749,40.0,metropt3,results/sensor/events.csv,deterministic_chronological_adjacency,Immediate adjacency of nonoverlapping source-local intervals; not causality
sensor_event:SE_02749,PRECEDES,sensor_event:SE_02750,35.0,metropt3,results/sensor/events.csv,deterministic_chronological_adjacency,Immediate adjacency of nonoverlapping source-local intervals; not causality
sensor_event:SE_02750,PRECEDES,sensor_event:SE_02751,20.0,metropt3,results/sensor/events.csv,deterministic_chronological_adjacency,Immediate adjacency of nonoverlapping source-local intervals; not causality
sensor_event:SE_02751,PRECEDES,sensor_event:SE_02752,55.0,metropt3,results/sensor/events.csv,deterministic_chronological_adjacency,Immediate adjacency of nonoverlapping source-local intervals; not causality
sensor_event:SE_02752,PRECEDES,sensor_event:SE_02753,735.0,metropt3,results/sensor/events.csv,deterministic_chronological_adjacency,Immediate adjacency of nonoverlapping source-local intervals; not causality
sensor_event:SE_02753,PRECEDES,sensor_event:SE_02754,20.0,metropt3,results/sensor/events.csv,deterministic_chronological_adjacency,Immediate adjacency of nonoverlapping source-local intervals; not causality
sensor_event:SE_02754,PRECEDES,sensor_event:SE_02755,15.0,metropt3,results/sensor/events.csv,deterministic_chronological_adjacency,Immediate adjacency of nonoverlapping source-local intervals; not causality
sensor_event:SE_02755,PRECEDES,sensor_event:SE_02756,55.0,metropt3,results/sensor/events.csv,deterministic_chronological_adjacency,Immediate adjacency of nonoverlapping source-local intervals; not causality
sensor_event:SE_02756,PRECEDES,sensor_event:SE_02757,15.0,metropt3,results/sensor/events.csv,deterministic_chronological_adjacency,Immediate adjacency of nonoverlapping source-local intervals; not causality
sensor_event:SE_02757,PRECEDES,sensor_event:SE_02758,55.0,metropt3,results/sensor/events.csv,deterministic_chronological_adjacency,Immediate adjacency of nonoverlapping source-local intervals; not causality
sensor_event:SE_02758,PRECEDES,sensor_event:SE_02759,15.0,metropt3,results/sensor/events.csv,deterministic_chronological_adjacency,Immediate adjacency of nonoverlapping source-local intervals; not causality
sensor_event:SE_02759,PRECEDES,sensor_event:SE_02760,40.0,metropt3,results/sensor/events.csv,deterministic_chronological_adjacency,Immediate adjacency of nonoverlapping source-local intervals; not causality
sensor_event:SE_02760,PRECEDES,sensor_event:SE_02761,15.0,metropt3,results/sensor/events.csv,deterministic_chronological_adjacency,Immediate adjacency of nonoverlapping source-local intervals; not causality
sensor_event:SE_02761,PRECEDES,sensor_event:SE_02762,40.0,metropt3,results/sensor/events.csv,deterministic_chronological_adjacency,Immediate adjacency of nonoverlapping source-local intervals; not causality
sensor_event:SE_02762,PRECEDES,sensor_event:SE_02763,70.0,metropt3,results/sensor/events.csv,deterministic_chronological_adjacency,Immediate adjacency of nonoverlapping source-local intervals; not causality
sensor_event:SE_02763,PRECEDES,sensor_event:SE_02764,40.0,metropt3,results/sensor/events.csv,deterministic_chronological_adjacency,Immediate adjacency of nonoverlapping source-local intervals; not causality
sensor_event:SE_02764,PRECEDES,sensor_event:SE_02765,30.0,metropt3,results/sensor/events.csv,deterministic_chronological_adjacency,Immediate adjacency of nonoverlapping source-local intervals; not causality
sensor_event:SE_02765,PRECEDES,sensor_event:SE_02766,305.0,metropt3,results/sensor/events.csv,deterministic_chronological_adjacency,Immediate adjacency of nonoverlapping source-local intervals; not causality
sensor_event:SE_02766,PRECEDES,sensor_event:SE_02767,325.0,metropt3,results/sensor/events.csv,deterministic_chronological_adjacency,Immediate adjacency of nonoverlapping source-local intervals; not causality
sensor_event:SE_02767,PRECEDES,sensor_event:SE_02768,245.0,metropt3,results/sensor/events.csv,deterministic_chronological_adjacency,Immediate adjacency of nonoverlapping source-local intervals; not causality
sensor_event:SE_02768,PRECEDES,sensor_event:SE_02769,40.0,metropt3,results/sensor/events.csv,deterministic_chronological_adjacency,Immediate adjacency of nonoverlapping source-local intervals; not causality
sensor_event:SE_02769,PRECEDES,sensor_event:SE_02770,20.0,metropt3,results/sensor/events.csv,deterministic_chronological_adjacency,Immediate adjacency of nonoverlapping source-local intervals; not causality
sensor_event:SE_02770,PRECEDES,sensor_event:SE_02771,20.0,metropt3,results/sensor/events.csv,deterministic_chronological_adjacency,Immediate adjacency of nonoverlapping source-local intervals; not causality
sensor_event:SE_02771,PRECEDES,sensor_event:SE_02772,25.0,metropt3,results/sensor/events.csv,deterministic_chronological_adjacency,Immediate adjacency of nonoverlapping source-local intervals; not causality
sensor_event:SE_02772,PRECEDES,sensor_event:SE_02773,15.0,metropt3,results/sensor/events.csv,deterministic_chronological_adjacency,Immediate adjacency of nonoverlapping source-local intervals; not causality
sensor_event:SE_02773,PRECEDES,sensor_event:SE_02774,20.0,metropt3,results/sensor/events.csv,deterministic_chronological_adjacency,Immediate adjacency of nonoverlapping source-local intervals; not causality
sensor_event:SE_02774,PRECEDES,sensor_event:SE_02775,30.0,metropt3,results/sensor/events.csv,deterministic_chronological_adjacency,Immediate adjacency of nonoverlapping source-local intervals; not causality
sensor_event:SE_02775,PRECEDES,sensor_event:SE_02776,20.0,metropt3,results/sensor/events.csv,deterministic_chronological_adjacency,Immediate adjacency of nonoverlapping source-local intervals; not causality
sensor_event:SE_02776,PRECEDES,sensor_event:SE_02777,55.0,metropt3,results/sensor/events.csv,deterministic_chronological_adjacency,Immediate adjacency of nonoverlapping source-local intervals; not causality
sensor_event:SE_02777,PRECEDES,sensor_event:SE_02778,15.0,metropt3,results/sensor/events.csv,deterministic_chronological_adjacency,Immediate adjacency of nonoverlapping source-local intervals; not causality
sensor_event:SE_02778,PRECEDES,sensor_event:SE_02779,50.0,metropt3,results/sensor/events.csv,deterministic_chronological_adjacency,Immediate adjacency of nonoverlapping source-local intervals; not causality
sensor_event:SE_02779,PRECEDES,sensor_event:SE_02780,1430.0,metropt3,results/sensor/events.csv,deterministic_chronological_adjacency,Immediate adjacency of nonoverlapping source-local intervals; not causality
sensor_event:SE_02780,PRECEDES,sensor_event:SE_02781,45.0,metropt3,results/sensor/events.csv,deterministic_chronological_adjacency,Immediate adjacency of nonoverlapping source-local intervals; not causality
sensor_event:SE_02781,PRECEDES,sensor_event:SE_02782,20.0,metropt3,results/sensor/events.csv,deterministic_chronological_adjacency,Immediate adjacency of nonoverlapping source-local intervals; not causality
sensor_event:SE_02782,PRECEDES,sensor_event:SE_02783,395.0,metropt3,results/sensor/events.csv,deterministic_chronological_adjacency,Immediate adjacency of nonoverlapping source-local intervals; not causality
sensor_event:SE_02783,PRECEDES,sensor_event:SE_02784,45.0,metropt3,results/sensor/events.csv,deterministic_chronological_adjacency,Immediate adjacency of nonoverlapping source-local intervals; not causality
sensor_event:SE_02784,PRECEDES,sensor_event:SE_02785,30.0,metropt3,results/sensor/events.csv,deterministic_chronological_adjacency,Immediate adjacency of nonoverlapping source-local intervals; not causality
sensor_event:SE_02785,PRECEDES,sensor_event:SE_02786,85.0,metropt3,results/sensor/events.csv,deterministic_chronological_adjacency,Immediate adjacency of nonoverlapping source-local intervals; not causality
sensor_event:SE_02786,PRECEDES,sensor_event:SE_02787,15.0,metropt3,results/sensor/events.csv,deterministic_chronological_adjacency,Immediate adjacency of nonoverlapping source-local intervals; not causality
sensor_event:SE_02787,PRECEDES,sensor_event:SE_02788,15.0,metropt3,results/sensor/events.csv,deterministic_chronological_adjacency,Immediate adjacency of nonoverlapping source-local intervals; not causality
sensor_event:SE_02788,PRECEDES,sensor_event:SE_02789,15.0,metropt3,results/sensor/events.csv,deterministic_chronological_adjacency,Immediate adjacency of nonoverlapping source-local intervals; not causality
sensor_event:SE_02789,PRECEDES,sensor_event:SE_02790,15.0,metropt3,results/sensor/events.csv,deterministic_chronological_adjacency,Immediate adjacency of nonoverlapping source-local intervals; not causality
sensor_event:SE_02790,PRECEDES,sensor_event:SE_02791,15.0,metropt3,results/sensor/events.csv,deterministic_chronological_adjacency,Immediate adjacency of nonoverlapping source-local intervals; not causality
sensor_event:SE_02791,PRECEDES,sensor_event:SE_02792,15.0,metropt3,results/sensor/events.csv,deterministic_chronological_adjacency,Immediate adjacency of nonoverlapping source-local intervals; not causality
sensor_event:SE_02792,PRECEDES,sensor_event:SE_02793,15.0,metropt3,results/sensor/events.csv,deterministic_chronological_adjacency,Immediate adjacency of nonoverlapping source-local intervals; not causality
sensor_event:SE_02793,PRECEDES,sensor_event:SE_02794,15.0,metropt3,results/sensor/events.csv,deterministic_chronological_adjacency,Immediate adjacency of nonoverlapping source-local intervals; not causality
sensor_event:SE_02794,PRECEDES,sensor_event:SE_02795,30.0,metropt3,results/sensor/events.csv,deterministic_chronological_adjacency,Immediate adjacency of nonoverlapping source-local intervals; not causality
sensor_event:SE_02795,PRECEDES,sensor_event:SE_02796,15.0,metropt3,results/sensor/events.csv,deterministic_chronological_adjacency,Immediate adjacency of nonoverlapping source-local intervals; not causality
sensor_event:SE_02796,PRECEDES,sensor_event:SE_02797,330.0,metropt3,results/sensor/events.csv,deterministic_chronological_adjacency,Immediate adjacency of nonoverlapping source-local intervals; not causality
sensor_event:SE_02797,PRECEDES,sensor_event:SE_02798,45.0,metropt3,results/sensor/events.csv,deterministic_chronological_adjacency,Immediate adjacency of nonoverlapping source-local intervals; not causality
sensor_event:SE_02798,PRECEDES,sensor_event:SE_02799,60.0,metropt3,results/sensor/events.csv,deterministic_chronological_adjacency,Immediate adjacency of nonoverlapping source-local intervals; not causality
sensor_event:SE_02799,PRECEDES,sensor_event:SE_02800,65.0,metropt3,results/sensor/events.csv,deterministic_chronological_adjacency,Immediate adjacency of nonoverlapping source-local intervals; not causality
sensor_event:SE_02800,PRECEDES,sensor_event:SE_02801,95.0,metropt3,results/sensor/events.csv,deterministic_chronological_adjacency,Immediate adjacency of nonoverlapping source-local intervals; not causality
sensor_event:SE_02801,PRECEDES,sensor_event:SE_02802,15.0,metropt3,results/sensor/events.csv,deterministic_chronological_adjacency,Immediate adjacency of nonoverlapping source-local intervals; not causality
sensor_event:SE_02802,PRECEDES,sensor_event:SE_02803,15.0,metropt3,results/sensor/events.csv,deterministic_chronological_adjacency,Immediate adjacency of nonoverlapping source-local intervals; not causality
sensor_event:SE_02803,PRECEDES,sensor_event:SE_02804,30.0,metropt3,results/sensor/events.csv,deterministic_chronological_adjacency,Immediate adjacency of nonoverlapping source-local intervals; not causality
sensor_event:SE_02804,PRECEDES,sensor_event:SE_02805,15.0,metropt3,results/sensor/events.csv,deterministic_chronological_adjacency,Immediate adjacency of nonoverlapping source-local intervals; not causality
sensor_event:SE_02805,PRECEDES,sensor_event:SE_02806,15.0,metropt3,results/sensor/events.csv,deterministic_chronological_adjacency,Immediate adjacency of nonoverlapping source-local intervals; not causality
sensor_event:SE_02806,PRECEDES,sensor_event:SE_02807,15.0,metropt3,results/sensor/events.csv,deterministic_chronological_adjacency,Immediate adjacency of nonoverlapping source-local intervals; not causality
sensor_event:SE_02807,PRECEDES,sensor_event:SE_02808,15.0,metropt3,results/sensor/events.csv,deterministic_chronological_adjacency,Immediate adjacency of nonoverlapping source-local intervals; not causality
sensor_event:SE_02808,PRECEDES,sensor_event:SE_02809,15.0,metropt3,results/sensor/events.csv,deterministic_chronological_adjacency,Immediate adjacency of nonoverlapping source-local intervals; not causality
sensor_event:SE_02809,PRECEDES,sensor_event:SE_02810,20.0,metropt3,results/sensor/events.csv,deterministic_chronological_adjacency,Immediate adjacency of nonoverlapping source-local intervals; not causality
sensor_event:SE_02810,PRECEDES,sensor_event:SE_02811,15.0,metropt3,results/sensor/events.csv,deterministic_chronological_adjacency,Immediate adjacency of nonoverlapping source-local intervals; not causality
sensor_event:SE_02811,PRECEDES,sensor_event:SE_02812,15.0,metropt3,results/sensor/events.csv,deterministic_chronological_adjacency,Immediate adjacency of nonoverlapping source-local intervals; not causality
sensor_event:SE_02812,PRECEDES,sensor_event:SE_02813,20.0,metropt3,results/sensor/events.csv,deterministic_chronological_adjacency,Immediate adjacency of nonoverlapping source-local intervals; not causality
sensor_event:SE_02813,PRECEDES,sensor_event:SE_02814,15.0,metropt3,results/sensor/events.csv,deterministic_chronological_adjacency,Immediate adjacency of nonoverlapping source-local intervals; not causality
sensor_event:SE_02814,PRECEDES,sensor_event:SE_02815,715.0,metropt3,results/sensor/events.csv,deterministic_chronological_adjacency,Immediate adjacency of nonoverlapping source-local intervals; not causality
sensor_event:SE_02815,PRECEDES,sensor_event:SE_02816,130.0,metropt3,results/sensor/events.csv,deterministic_chronological_adjacency,Immediate adjacency of nonoverlapping source-local intervals; not causality
sensor_event:SE_02816,PRECEDES,sensor_event:SE_02817,15.0,metropt3,results/sensor/events.csv,deterministic_chronological_adjacency,Immediate adjacency of nonoverlapping source-local intervals; not causality
sensor_event:SE_02817,PRECEDES,sensor_event:SE_02818,35.0,metropt3,results/sensor/events.csv,deterministic_chronological_adjacency,Immediate adjacency of nonoverlapping source-local intervals; not causality
sensor_event:SE_02818,PRECEDES,sensor_event:SE_02819,15.0,metropt3,results/sensor/events.csv,deterministic_chronological_adjacency,Immediate adjacency of nonoverlapping source-local intervals; not causality
sensor_event:SE_02819,PRECEDES,sensor_event:SE_02820,15.0,metropt3,results/sensor/events.csv,deterministic_chronological_adjacency,Immediate adjacency of nonoverlapping source-local intervals; not causality
sensor_event:SE_02820,PRECEDES,sensor_event:SE_02821,15.0,metropt3,results/sensor/events.csv,deterministic_chronological_adjacency,Immediate adjacency of nonoverlapping source-local intervals; not causality
sensor_event:SE_02821,PRECEDES,sensor_event:SE_02822,20.0,metropt3,results/sensor/events.csv,deterministic_chronological_adjacency,Immediate adjacency of nonoverlapping source-local intervals; not causality
sensor_event:SE_02822,PRECEDES,sensor_event:SE_02823,15.0,metropt3,results/sensor/events.csv,deterministic_chronological_adjacency,Immediate adjacency of nonoverlapping source-local intervals; not causality
sensor_event:SE_02823,PRECEDES,sensor_event:SE_02824,20.0,metropt3,results/sensor/events.csv,deterministic_chronological_adjacency,Immediate adjacency of nonoverlapping source-local intervals; not causality
sensor_event:SE_02824,PRECEDES,sensor_event:SE_02825,20.0,metropt3,results/sensor/events.csv,deterministic_chronological_adjacency,Immediate adjacency of nonoverlapping source-local intervals; not causality
sensor_event:SE_02825,PRECEDES,sensor_event:SE_02826,20.0,metropt3,results/sensor/events.csv,deterministic_chronological_adjacency,Immediate adjacency of nonoverlapping source-local intervals; not causality
sensor_event:SE_02826,PRECEDES,sensor_event:SE_02827,15.0,metropt3,results/sensor/events.csv,deterministic_chronological_adjacency,Immediate adjacency of nonoverlapping source-local intervals; not causality
sensor_event:SE_02827,PRECEDES,sensor_event:SE_02828,20.0,metropt3,results/sensor/events.csv,deterministic_chronological_adjacency,Immediate adjacency of nonoverlapping source-local intervals; not causality
sensor_event:SE_02828,PRECEDES,sensor_event:SE_02829,560.0,metropt3,results/sensor/events.csv,deterministic_chronological_adjacency,Immediate adjacency of nonoverlapping source-local intervals; not causality
sensor_event:SE_02829,PRECEDES,sensor_event:SE_02830,90.0,metropt3,results/sensor/events.csv,deterministic_chronological_adjacency,Immediate adjacency of nonoverlapping source-local intervals; not causality
sensor_event:SE_02830,PRECEDES,sensor_event:SE_02831,15.0,metropt3,results/sensor/events.csv,deterministic_chronological_adjacency,Immediate adjacency of nonoverlapping source-local intervals; not causality
sensor_event:SE_02831,PRECEDES,sensor_event:SE_02832,25.0,metropt3,results/sensor/events.csv,deterministic_chronological_adjacency,Immediate adjacency of nonoverlapping source-local intervals; not causality
sensor_event:SE_02832,PRECEDES,sensor_event:SE_02833,35.0,metropt3,results/sensor/events.csv,deterministic_chronological_adjacency,Immediate adjacency of nonoverlapping source-local intervals; not causality
sensor_event:SE_02833,PRECEDES,sensor_event:SE_02834,50.0,metropt3,results/sensor/events.csv,deterministic_chronological_adjacency,Immediate adjacency of nonoverlapping source-local intervals; not causality
sensor_event:SE_02834,PRECEDES,sensor_event:SE_02835,45.0,metropt3,results/sensor/events.csv,deterministic_chronological_adjacency,Immediate adjacency of nonoverlapping source-local intervals; not causality
sensor_event:SE_02835,PRECEDES,sensor_event:SE_02836,15.0,metropt3,results/sensor/events.csv,deterministic_chronological_adjacency,Immediate adjacency of nonoverlapping source-local intervals; not causality
sensor_event:SE_02836,PRECEDES,sensor_event:SE_02837,30.0,metropt3,results/sensor/events.csv,deterministic_chronological_adjacency,Immediate adjacency of nonoverlapping source-local intervals; not causality
sensor_event:SE_02837,PRECEDES,sensor_event:SE_02838,35.0,metropt3,results/sensor/events.csv,deterministic_chronological_adjacency,Immediate adjacency of nonoverlapping source-local intervals; not causality
sensor_event:SE_02838,PRECEDES,sensor_event:SE_02839,15.0,metropt3,results/sensor/events.csv,deterministic_chronological_adjacency,Immediate adjacency of nonoverlapping source-local intervals; not causality
sensor_event:SE_02839,PRECEDES,sensor_event:SE_02840,20.0,metropt3,results/sensor/events.csv,deterministic_chronological_adjacency,Immediate adjacency of nonoverlapping source-local intervals; not causality
sensor_event:SE_02840,PRECEDES,sensor_event:SE_02841,15.0,metropt3,results/sensor/events.csv,deterministic_chronological_adjacency,Immediate adjacency of nonoverlapping source-local intervals; not causality
sensor_event:SE_02841,PRECEDES,sensor_event:SE_02842,15.0,metropt3,results/sensor/events.csv,deterministic_chronological_adjacency,Immediate adjacency of nonoverlapping source-local intervals; not causality
sensor_event:SE_02842,PRECEDES,sensor_event:SE_02843,15.0,metropt3,results/sensor/events.csv,deterministic_chronological_adjacency,Immediate adjacency of nonoverlapping source-local intervals; not causality
sensor_event:SE_02843,PRECEDES,sensor_event:SE_02844,15.0,metropt3,results/sensor/events.csv,deterministic_chronological_adjacency,Immediate adjacency of nonoverlapping source-local intervals; not causality
sensor_event:SE_02844,PRECEDES,sensor_event:SE_02845,30.0,metropt3,results/sensor/events.csv,deterministic_chronological_adjacency,Immediate adjacency of nonoverlapping source-local intervals; not causality
sensor_event:SE_02845,PRECEDES,sensor_event:SE_02846,50.0,metropt3,results/sensor/events.csv,deterministic_chronological_adjacency,Immediate adjacency of nonoverlapping source-local intervals; not causality
sensor_event:SE_02846,PRECEDES,sensor_event:SE_02847,20.0,metropt3,results/sensor/events.csv,deterministic_chronological_adjacency,Immediate adjacency of nonoverlapping source-local intervals; not causality
sensor_event:SE_02847,PRECEDES,sensor_event:SE_02848,15.0,metropt3,results/sensor/events.csv,deterministic_chronological_adjacency,Immediate adjacency of nonoverlapping source-local intervals; not causality
sensor_event:SE_02848,PRECEDES,sensor_event:SE_02849,15.0,metropt3,results/sensor/events.csv,deterministic_chronological_adjacency,Immediate adjacency of nonoverlapping source-local intervals; not causality
sensor_event:SE_02849,PRECEDES,sensor_event:SE_02850,725.0,metropt3,results/sensor/events.csv,deterministic_chronological_adjacency,Immediate adjacency of nonoverlapping source-local intervals; not causality
sensor_event:SE_02850,PRECEDES,sensor_event:SE_02851,40.0,metropt3,results/sensor/events.csv,deterministic_chronological_adjacency,Immediate adjacency of nonoverlapping source-local intervals; not causality
sensor_event:SE_02851,PRECEDES,sensor_event:SE_02852,80.0,metropt3,results/sensor/events.csv,deterministic_chronological_adjacency,Immediate adjacency of nonoverlapping source-local intervals; not causality
sensor_event:SE_02852,PRECEDES,sensor_event:SE_02853,15.0,metropt3,results/sensor/events.csv,deterministic_chronological_adjacency,Immediate adjacency of nonoverlapping source-local intervals; not causality
sensor_event:SE_02853,PRECEDES,sensor_event:SE_02854,40.0,metropt3,results/sensor/events.csv,deterministic_chronological_adjacency,Immediate adjacency of nonoverlapping source-local intervals; not causality
sensor_event:SE_02854,PRECEDES,sensor_event:SE_02855,15.0,metropt3,results/sensor/events.csv,deterministic_chronological_adjacency,Immediate adjacency of nonoverlapping source-local intervals; not causality
sensor_event:SE_02855,PRECEDES,sensor_event:SE_02856,20.0,metropt3,results/sensor/events.csv,deterministic_chronological_adjacency,Immediate adjacency of nonoverlapping source-local intervals; not causality
sensor_event:SE_02856,PRECEDES,sensor_event:SE_02857,15.0,metropt3,results/sensor/events.csv,deterministic_chronological_adjacency,Immediate adjacency of nonoverlapping source-local intervals; not causality
sensor_event:SE_02857,PRECEDES,sensor_event:SE_02858,15.0,metropt3,results/sensor/events.csv,deterministic_chronological_adjacency,Immediate adjacency of nonoverlapping source-local intervals; not causality
sensor_event:SE_02858,PRECEDES,sensor_event:SE_02859,20.0,metropt3,results/sensor/events.csv,deterministic_chronological_adjacency,Immediate adjacency of nonoverlapping source-local intervals; not causality
sensor_event:SE_02859,PRECEDES,sensor_event:SE_02860,15.0,metropt3,results/sensor/events.csv,deterministic_chronological_adjacency,Immediate adjacency of nonoverlapping source-local intervals; not causality
sensor_event:SE_02860,PRECEDES,sensor_event:SE_02861,15.0,metropt3,results/sensor/events.csv,deterministic_chronological_adjacency,Immediate adjacency of nonoverlapping source-local intervals; not causality
sensor_event:SE_02861,PRECEDES,sensor_event:SE_02862,25.0,metropt3,results/sensor/events.csv,deterministic_chronological_adjacency,Immediate adjacency of nonoverlapping source-local intervals; not causality
sensor_event:SE_02862,PRECEDES,sensor_event:SE_02863,15.0,metropt3,results/sensor/events.csv,deterministic_chronological_adjacency,Immediate adjacency of nonoverlapping source-local intervals; not causality
sensor_event:SE_02863,PRECEDES,sensor_event:SE_02864,15.0,metropt3,results/sensor/events.csv,deterministic_chronological_adjacency,Immediate adjacency of nonoverlapping source-local intervals; not causality
sensor_event:SE_02864,PRECEDES,sensor_event:SE_02865,45.0,metropt3,results/sensor/events.csv,deterministic_chronological_adjacency,Immediate adjacency of nonoverlapping source-local intervals; not causality
sensor_event:SE_02865,PRECEDES,sensor_event:SE_02866,15.0,metropt3,results/sensor/events.csv,deterministic_chronological_adjacency,Immediate adjacency of nonoverlapping source-local intervals; not causality
sensor_event:SE_02866,PRECEDES,sensor_event:SE_02867,15.0,metropt3,results/sensor/events.csv,deterministic_chronological_adjacency,Immediate adjacency of nonoverlapping source-local intervals; not causality
sensor_event:SE_02867,PRECEDES,sensor_event:SE_02868,15.0,metropt3,results/sensor/events.csv,deterministic_chronological_adjacency,Immediate adjacency of nonoverlapping source-local intervals; not causality
sensor_event:SE_02868,PRECEDES,sensor_event:SE_02869,25.0,metropt3,results/sensor/events.csv,deterministic_chronological_adjacency,Immediate adjacency of nonoverlapping source-local intervals; not causality
sensor_event:SE_02869,PRECEDES,sensor_event:SE_02870,15.0,metropt3,results/sensor/events.csv,deterministic_chronological_adjacency,Immediate adjacency of nonoverlapping source-local intervals; not causality
sensor_event:SE_02870,PRECEDES,sensor_event:SE_02871,70.0,metropt3,results/sensor/events.csv,deterministic_chronological_adjacency,Immediate adjacency of nonoverlapping source-local intervals; not causality
sensor_event:SE_02871,PRECEDES,sensor_event:SE_02872,20.0,metropt3,results/sensor/events.csv,deterministic_chronological_adjacency,Immediate adjacency of nonoverlapping source-local intervals; not causality
sensor_event:SE_02872,PRECEDES,sensor_event:SE_02873,15.0,metropt3,results/sensor/events.csv,deterministic_chronological_adjacency,Immediate adjacency of nonoverlapping source-local intervals; not causality
sensor_event:SE_02873,PRECEDES,sensor_event:SE_02874,30.0,metropt3,results/sensor/events.csv,deterministic_chronological_adjacency,Immediate adjacency of nonoverlapping source-local intervals; not causality
sensor_event:SE_02874,PRECEDES,sensor_event:SE_02875,20.0,metropt3,results/sensor/events.csv,deterministic_chronological_adjacency,Immediate adjacency of nonoverlapping source-local intervals; not causality
sensor_event:SE_02875,PRECEDES,sensor_event:SE_02876,600.0,metropt3,results/sensor/events.csv,deterministic_chronological_adjacency,Immediate adjacency of nonoverlapping source-local intervals; not causality
sensor_event:SE_02876,PRECEDES,sensor_event:SE_02877,15.0,metropt3,results/sensor/events.csv,deterministic_chronological_adjacency,Immediate adjacency of nonoverlapping source-local intervals; not causality
sensor_event:SE_02877,PRECEDES,sensor_event:SE_02878,15.0,metropt3,results/sensor/events.csv,deterministic_chronological_adjacency,Immediate adjacency of nonoverlapping source-local intervals; not causality
sensor_event:SE_02878,PRECEDES,sensor_event:SE_02879,15.0,metropt3,results/sensor/events.csv,deterministic_chronological_adjacency,Immediate adjacency of nonoverlapping source-local intervals; not causality
sensor_event:SE_02879,PRECEDES,sensor_event:SE_02880,20.0,metropt3,results/sensor/events.csv,deterministic_chronological_adjacency,Immediate adjacency of nonoverlapping source-local intervals; not causality
sensor_event:SE_02880,PRECEDES,sensor_event:SE_02881,15.0,metropt3,results/sensor/events.csv,deterministic_chronological_adjacency,Immediate adjacency of nonoverlapping source-local intervals; not causality
sensor_event:SE_02881,PRECEDES,sensor_event:SE_02882,15.0,metropt3,results/sensor/events.csv,deterministic_chronological_adjacency,Immediate adjacency of nonoverlapping source-local intervals; not causality
sensor_event:SE_02882,PRECEDES,sensor_event:SE_02883,70.0,metropt3,results/sensor/events.csv,deterministic_chronological_adjacency,Immediate adjacency of nonoverlapping source-local intervals; not causality
sensor_event:SE_02883,PRECEDES,sensor_event:SE_02884,50.0,metropt3,results/sensor/events.csv,deterministic_chronological_adjacency,Immediate adjacency of nonoverlapping source-local intervals; not causality
sensor_event:SE_02884,PRECEDES,sensor_event:SE_02885,15.0,metropt3,results/sensor/events.csv,deterministic_chronological_adjacency,Immediate adjacency of nonoverlapping source-local intervals; not causality
sensor_event:SE_02885,PRECEDES,sensor_event:SE_02886,45.0,metropt3,results/sensor/events.csv,deterministic_chronological_adjacency,Immediate adjacency of nonoverlapping source-local intervals; not causality
sensor_event:SE_02886,PRECEDES,sensor_event:SE_02887,30.0,metropt3,results/sensor/events.csv,deterministic_chronological_adjacency,Immediate adjacency of nonoverlapping source-local intervals; not causality
sensor_event:SE_02887,PRECEDES,sensor_event:SE_02888,30.0,metropt3,results/sensor/events.csv,deterministic_chronological_adjacency,Immediate adjacency of nonoverlapping source-local intervals; not causality
sensor_event:SE_02888,PRECEDES,sensor_event:SE_02889,15.0,metropt3,results/sensor/events.csv,deterministic_chronological_adjacency,Immediate adjacency of nonoverlapping source-local intervals; not causality
sensor_event:SE_02889,PRECEDES,sensor_event:SE_02890,20.0,metropt3,results/sensor/events.csv,deterministic_chronological_adjacency,Immediate adjacency of nonoverlapping source-local intervals; not causality
sensor_event:SE_02890,PRECEDES,sensor_event:SE_02891,25.0,metropt3,results/sensor/events.csv,deterministic_chronological_adjacency,Immediate adjacency of nonoverlapping source-local intervals; not causality
sensor_event:SE_02891,PRECEDES,sensor_event:SE_02892,40.0,metropt3,results/sensor/events.csv,deterministic_chronological_adjacency,Immediate adjacency of nonoverlapping source-local intervals; not causality
sensor_event:SE_02892,PRECEDES,sensor_event:SE_02893,25.0,metropt3,results/sensor/events.csv,deterministic_chronological_adjacency,Immediate adjacency of nonoverlapping source-local intervals; not causality
sensor_event:SE_02893,PRECEDES,sensor_event:SE_02894,20.0,metropt3,results/sensor/events.csv,deterministic_chronological_adjacency,Immediate adjacency of nonoverlapping source-local intervals; not causality
sensor_event:SE_02894,PRECEDES,sensor_event:SE_02895,425.0,metropt3,results/sensor/events.csv,deterministic_chronological_adjacency,Immediate adjacency of nonoverlapping source-local intervals; not causality
sensor_event:SE_02895,PRECEDES,sensor_event:SE_02896,65.0,metropt3,results/sensor/events.csv,deterministic_chronological_adjacency,Immediate adjacency of nonoverlapping source-local intervals; not causality
sensor_event:SE_02896,PRECEDES,sensor_event:SE_02897,110.0,metropt3,results/sensor/events.csv,deterministic_chronological_adjacency,Immediate adjacency of nonoverlapping source-local intervals; not causality
sensor_event:SE_02897,PRECEDES,sensor_event:SE_02898,15.0,metropt3,results/sensor/events.csv,deterministic_chronological_adjacency,Immediate adjacency of nonoverlapping source-local intervals; not causality
sensor_event:SE_02898,PRECEDES,sensor_event:SE_02899,20.0,metropt3,results/sensor/events.csv,deterministic_chronological_adjacency,Immediate adjacency of nonoverlapping source-local intervals; not causality
sensor_event:SE_02899,PRECEDES,sensor_event:SE_02900,15.0,metropt3,results/sensor/events.csv,deterministic_chronological_adjacency,Immediate adjacency of nonoverlapping source-local intervals; not causality
sensor_event:SE_02900,PRECEDES,sensor_event:SE_02901,15.0,metropt3,results/sensor/events.csv,deterministic_chronological_adjacency,Immediate adjacency of nonoverlapping source-local intervals; not causality
sensor_event:SE_02901,PRECEDES,sensor_event:SE_02902,15.0,metropt3,results/sensor/events.csv,deterministic_chronological_adjacency,Immediate adjacency of nonoverlapping source-local intervals; not causality
sensor_event:SE_02902,PRECEDES,sensor_event:SE_02903,15.0,metropt3,results/sensor/events.csv,deterministic_chronological_adjacency,Immediate adjacency of nonoverlapping source-local intervals; not causality
sensor_event:SE_02903,PRECEDES,sensor_event:SE_02904,15.0,metropt3,results/sensor/events.csv,deterministic_chronological_adjacency,Immediate adjacency of nonoverlapping source-local intervals; not causality
sensor_event:SE_02904,PRECEDES,sensor_event:SE_02905,15.0,metropt3,results/sensor/events.csv,deterministic_chronological_adjacency,Immediate adjacency of nonoverlapping source-local intervals; not causality
sensor_event:SE_02905,PRECEDES,sensor_event:SE_02906,15.0,metropt3,results/sensor/events.csv,deterministic_chronological_adjacency,Immediate adjacency of nonoverlapping source-local intervals; not causality
sensor_event:SE_02906,PRECEDES,sensor_event:SE_02907,15.0,metropt3,results/sensor/events.csv,deterministic_chronological_adjacency,Immediate adjacency of nonoverlapping source-local intervals; not causality
sensor_event:SE_02907,PRECEDES,sensor_event:SE_02908,30.0,metropt3,results/sensor/events.csv,deterministic_chronological_adjacency,Immediate adjacency of nonoverlapping source-local intervals; not causality
sensor_event:SE_02908,PRECEDES,sensor_event:SE_02909,30.0,metropt3,results/sensor/events.csv,deterministic_chronological_adjacency,Immediate adjacency of nonoverlapping source-local intervals; not causality
sensor_event:SE_02909,PRECEDES,sensor_event:SE_02910,30.0,metropt3,results/sensor/events.csv,deterministic_chronological_adjacency,Immediate adjacency of nonoverlapping source-local intervals; not causality
sensor_event:SE_02910,PRECEDES,sensor_event:SE_02911,120.0,metropt3,results/sensor/events.csv,deterministic_chronological_adjacency,Immediate adjacency of nonoverlapping source-local intervals; not causality
sensor_event:SE_02911,PRECEDES,sensor_event:SE_02912,20.0,metropt3,results/sensor/events.csv,deterministic_chronological_adjacency,Immediate adjacency of nonoverlapping source-local intervals; not causality
sensor_event:SE_02912,PRECEDES,sensor_event:SE_02913,20.0,metropt3,results/sensor/events.csv,deterministic_chronological_adjacency,Immediate adjacency of nonoverlapping source-local intervals; not causality
sensor_event:SE_02913,PRECEDES,sensor_event:SE_02914,20.0,metropt3,results/sensor/events.csv,deterministic_chronological_adjacency,Immediate adjacency of nonoverlapping source-local intervals; not causality
sensor_event:SE_02914,PRECEDES,sensor_event:SE_02915,35.0,metropt3,results/sensor/events.csv,deterministic_chronological_adjacency,Immediate adjacency of nonoverlapping source-local intervals; not causality
sensor_event:SE_02915,PRECEDES,sensor_event:SE_02916,280.0,metropt3,results/sensor/events.csv,deterministic_chronological_adjacency,Immediate adjacency of nonoverlapping source-local intervals; not causality
sensor_event:SE_02916,PRECEDES,sensor_event:SE_02917,90.0,metropt3,results/sensor/events.csv,deterministic_chronological_adjacency,Immediate adjacency of nonoverlapping source-local intervals; not causality
sensor_event:SE_02917,PRECEDES,sensor_event:SE_02918,200.0,metropt3,results/sensor/events.csv,deterministic_chronological_adjacency,Immediate adjacency of nonoverlapping source-local intervals; not causality
sensor_event:SE_02918,PRECEDES,sensor_event:SE_02919,15.0,metropt3,results/sensor/events.csv,deterministic_chronological_adjacency,Immediate adjacency of nonoverlapping source-local intervals; not causality
sensor_event:SE_02919,PRECEDES,sensor_event:SE_02920,15.0,metropt3,results/sensor/events.csv,deterministic_chronological_adjacency,Immediate adjacency of nonoverlapping source-local intervals; not causality
sensor_event:SE_02920,PRECEDES,sensor_event:SE_02921,55.0,metropt3,results/sensor/events.csv,deterministic_chronological_adjacency,Immediate adjacency of nonoverlapping source-local intervals; not causality
sensor_event:SE_02921,PRECEDES,sensor_event:SE_02922,20.0,metropt3,results/sensor/events.csv,deterministic_chronological_adjacency,Immediate adjacency of nonoverlapping source-local intervals; not causality
sensor_event:SE_02922,PRECEDES,sensor_event:SE_02923,15.0,metropt3,results/sensor/events.csv,deterministic_chronological_adjacency,Immediate adjacency of nonoverlapping source-local intervals; not causality
sensor_event:SE_02923,PRECEDES,sensor_event:SE_02924,15.0,metropt3,results/sensor/events.csv,deterministic_chronological_adjacency,Immediate adjacency of nonoverlapping source-local intervals; not causality
sensor_event:SE_02924,PRECEDES,sensor_event:SE_02925,15.0,metropt3,results/sensor/events.csv,deterministic_chronological_adjacency,Immediate adjacency of nonoverlapping source-local intervals; not causality
sensor_event:SE_02925,PRECEDES,sensor_event:SE_02926,35.0,metropt3,results/sensor/events.csv,deterministic_chronological_adjacency,Immediate adjacency of nonoverlapping source-local intervals; not causality
sensor_event:SE_02926,PRECEDES,sensor_event:SE_02927,15.0,metropt3,results/sensor/events.csv,deterministic_chronological_adjacency,Immediate adjacency of nonoverlapping source-local intervals; not causality
sensor_event:SE_02927,PRECEDES,sensor_event:SE_02928,15.0,metropt3,results/sensor/events.csv,deterministic_chronological_adjacency,Immediate adjacency of nonoverlapping source-local intervals; not causality
sensor_event:SE_02928,PRECEDES,sensor_event:SE_02929,15.0,metropt3,results/sensor/events.csv,deterministic_chronological_adjacency,Immediate adjacency of nonoverlapping source-local intervals; not causality
sensor_event:SE_02929,PRECEDES,sensor_event:SE_02930,20.0,metropt3,results/sensor/events.csv,deterministic_chronological_adjacency,Immediate adjacency of nonoverlapping source-local intervals; not causality
sensor_event:SE_02930,PRECEDES,sensor_event:SE_02931,15.0,metropt3,results/sensor/events.csv,deterministic_chronological_adjacency,Immediate adjacency of nonoverlapping source-local intervals; not causality
sensor_event:SE_02931,PRECEDES,sensor_event:SE_02932,15.0,metropt3,results/sensor/events.csv,deterministic_chronological_adjacency,Immediate adjacency of nonoverlapping source-local intervals; not causality
sensor_event:SE_02932,PRECEDES,sensor_event:SE_02933,15.0,metropt3,results/sensor/events.csv,deterministic_chronological_adjacency,Immediate adjacency of nonoverlapping source-local intervals; not causality
sensor_event:SE_02933,PRECEDES,sensor_event:SE_02934,30.0,metropt3,results/sensor/events.csv,deterministic_chronological_adjacency,Immediate adjacency of nonoverlapping source-local intervals; not causality
