row_id,work_order,equipment_id,equipment_id_raw,order_type,maintenance_type,problem_text,action_text,combined_text,n_equipment_type,n_failure_mode,n_component,n_maintenance_action,n_asset_mention,identifier_concordance
155,0,P-132,P-132,PM,PM03,Centrifugal Pump P-102 quarterly lubrication service. Bearing grease replenishment and vibration baseline measurement.,Grease drive end and non-drive end bearings. Measure and record vibration signature. Check motor current at duty point. Inspect coupling spider for wear.,Centrifugal Pump P-102 quarterly lubrication service. Bearing grease replenishment and vibration baseline measurement. Grease drive end and non-drive end bearings. Measure and record vibration signature. Check motor current at duty point. Inspect coupling spider for wear.,1,0,4,3,1,False
428,0,BM-123,BM-123,PM,PM01,Ball Mill BM-01 six-monthly oil analysis and lubrication system inspection.,Take oil samples from all bearing reservoirs. Inspect filters and strainers. Check oil coolers. Replace oil if analysis shows degradation. Flush if metal contamination detected.,Ball Mill BM-01 six-monthly oil analysis and lubrication system inspection. Take oil samples from all bearing reservoirs. Inspect filters and strainers. Check oil coolers. Replace oil if analysis shows degradation. Flush if metal contamination detected.,0,0,2,3,1,False
565,20461896,GS-079,GS-079,CM,CM01,Gas Scrubber GS-01 high differential pressure alarm 91 mbar. Packing section flooding suspected.,Reduce gas flow rate to resolve flooding. Inspect liquid distribution nozzles for blockage. Clean packing. Verify liquid-to-gas ratio within design envelope. Investigate cause of flooding.,Gas Scrubber GS-01 high differential pressure alarm 91 mbar. Packing section flooding suspected. Reduce gas flow rate to resolve flooding. Inspect liquid distribution nozzles for blockage. Clean packing. Verify liquid-to-gas ratio within design envelope. Investigate cause of flooding.,0,0,0,2,1,False
787,0,K-055,K-055,PM,PM02,Compressor K-01 six-monthly lube oil analysis and filter change.,Drain lube oil. Replace filters. Refill with approved grade. Conduct oil analysis on drained oil. Check oil cooler condition. Update lubrication record.,Compressor K-01 six-monthly lube oil analysis and filter change. Drain lube oil. Replace filters. Refill with approved grade. Conduct oil analysis on drained oil. Check oil cooler condition. Update lubrication record.,1,0,2,3,1,False
867,0,K-047,K-047,CM,MC01,Compressor K-03 high discharge temperature alarm. Discharge temp 69 degC exceeding trip setpoint.,Inspect intercooler for fouling. Clean tube bundle. Check cooling water flow. Verify discharge valve seating. Retest at operating conditions.,Compressor K-03 high discharge temperature alarm. Discharge temp 69 degC exceeding trip setpoint. Inspect intercooler for fouling. Clean tube bundle. Check cooling water flow. Verify discharge valve seating. Retest at operating conditions.,1,1,2,3,1,False
985,0,TK-129,TK-129,PM,PM02,"Storage Tank TK-102 API 653 internal inspection. Floor, shell and roof condition assessment.",Drain and gas free tank. Internal inspection per API 653. Measure floor plate thickness using UT. Inspect shell for corrosion. Check annular plates. Write inspection report.,"Storage Tank TK-102 API 653 internal inspection. Floor, shell and roof condition assessment. Drain and gas free tank. Internal inspection per API 653. Measure floor plate thickness using UT. Inspect shell for corrosion. Check annular plates. Write inspection report.",0,0,0,2,1,False
1271,0,DC-122,DC-122,PM,PPM03,Distillation Column DC-02 annual reboiler and condenser inspection.,Open reboiler bundle. Eddy current tube inspection. Replace damaged tubes. Clean condenser tubes. Pressure test both vessels. Update inspection records.,Distillation Column DC-02 annual reboiler and condenser inspection. Open reboiler bundle. Eddy current tube inspection. Replace damaged tubes. Clean condenser tubes. Pressure test both vessels. Update inspection records.,0,0,0,4,1,False
1298,0,CV-117,CV-117,PM,PM02,"Belt Conveyor CV-03 quarterly roller, belt and structure inspection.",Walk full conveyor length. Inspect belt condition and splices. Replace damaged or seized idler rollers. Check belt tension. Lubricate all grease points. Test emergency pull cord.,"Belt Conveyor CV-03 quarterly roller, belt and structure inspection. Walk full conveyor length. Inspect belt condition and splices. Replace damaged or seized idler rollers. Check belt tension. Lubricate all grease points. Test emergency pull cord.",1,0,2,4,1,False
1495,0,,,CM,CM01,Agitator AG-101 gearbox oil temperature high. Temperature 185 degC above alarm setpoint.,Drain gearbox. Inspect internal gears and bearings for damage. Replace oil. Clean oil cooler if fitted. If bearing damaged replace and refill. Run up and monitor temperature.,Agitator AG-101 gearbox oil temperature high. Temperature 185 degC above alarm setpoint. Drain gearbox. Inspect internal gears and bearings for damage. Replace oil. Clean oil cooler if fitted. If bearing damaged replace and refill. Run up and monitor temperature.,1,0,2,4,1,False
2000,0,DRY-129,DRY-129,PM,PM03,Dryer DRY-101 six-monthly steam trap inspection and condenser cleaning.,Test all steam traps for correct operation. Replace failed traps. Clean condenser coils. Check vacuum pump condition. Verify all instruments are calibrated.,Dryer DRY-101 six-monthly steam trap inspection and condenser cleaning. Test all steam traps for correct operation. Replace failed traps. Clean condenser coils. Check vacuum pump condition. Verify all instruments are calibrated.,0,0,1,4,1,False
2137,0,EX-102,EX-102,PM,PM03,Extruder EX-02 annual screw and barrel wear inspection.,Remove screw. Measure screw flight wear profile against original drawing. Replace screw if worn beyond tolerance. Measure barrel bore wear. Replace barrel liner if required.,Extruder EX-02 annual screw and barrel wear inspection. Remove screw. Measure screw flight wear profile against original drawing. Replace screw if worn beyond tolerance. Measure barrel bore wear. Replace barrel liner if required.,0,1,1,1,1,False
2153,0,UF-101,UF-101,PM,PM01,Ultrafiltration Unit UF-01 quarterly membrane integrity test and chemical clean.,Perform air pressure decay integrity test on all modules. Record results. Chemical clean with citric acid and sodium hypochlorite per SOP. Re-test flux after cleaning.,Ultrafiltration Unit UF-01 quarterly membrane integrity test and chemical clean. Perform air pressure decay integrity test on all modules. Record results. Chemical clean with citric acid and sodium hypochlorite per SOP. Re-test flux after cleaning.,0,0,0,2,1,False
2715,0,P-203,P-203,PM,PM03,"Centrifugal Pump P-103 annual overhaul. Full disassembly, wear measurement, impeller and seal replacement.","Full pump disassembly. Measure all wear components against tolerances. Replace impeller, wear rings, bearings and mechanical seal. Reassemble, align, and performance test.","Centrifugal Pump P-103 annual overhaul. Full disassembly, wear measurement, impeller and seal replacement. Full pump disassembly. Measure all wear components against tolerances. Replace impeller, wear rings, bearings and mechanical seal. Reassemble, align, and performance test.",1,1,4,3,1,False
3475,0,HX-277,HX-277,PM,PM01,"Heat Exchanger HX-201 annual inspection. Tube bundle inspection, gasket replacement and pressure test.",Drain and open channel head. Inspect tube sheet and tubes using boroscope. Replace gaskets on both heads. Hdraulic pressure test. Reinstate and commission.,"Heat Exchanger HX-201 annual inspection. Tube bundle inspection, gasket replacement and pressure test. Drain and open channel head. Inspect tube sheet and tubes using boroscope. Replace gaskets on both heads. Hdraulic pressure test. Reinstate and commission.",0,0,0,3,1,False
4066,0,F-130,F-130,PM,PM01,Filter F-01 scheduled cartridge replacement at 6000 service hours.,Replace filter cartridges at planned interval regardless of differential pressure. Inspect housing internals. Record cartridge condition on removal. Update filter log.,Filter F-01 scheduled cartridge replacement at 6000 service hours. Replace filter cartridges at planned interval regardless of differential pressure. Inspect housing internals. Record cartridge condition on removal. Update filter log.,0,0,1,2,1,False
4105,0,P-433,P-433,PDM,PDM2,Centrifugal Pump P-401 vibration trending upward over 30 days. Broadband velocity 153.4 mm/s. Bearing defect frequency identified in spectrum.,Vibration analysis confirms bearing fault. Replace drive end bearing proactively. Re-baseline vibration signature after repair.,Centrifugal Pump P-401 vibration trending upward over 30 days. Broadband velocity 153.4 mm/s. Bearing defect frequency identified in spectrum. Vibration analysis confirms bearing fault. Replace drive end bearing proactively. Re-baseline vibration signature after repair.,1,0,2,2,1,False
4141,0,M-012,M-012,CM,CM02,Motor M-02 earth fault trip. Single phase to earth detected on stator winding.,Isolate Motor. Identify Faulted Phase Using Ir And Hipot Testing. Send Motor To Approved Rewind Shop. Install Inspected Spare. Verify Earth Continuity Post Installation.,Motor M-02 earth fault trip. Single phase to earth detected on stator winding. Isolate Motor. Identify Faulted Phase Using Ir And Hipot Testing. Send Motor To Approved Rewind Shop. Install Inspected Spare. Verify Earth Continuity Post Installation.,1,2,1,4,1,False
4168,0,BM-011,BM-011,PM,PM10,Ball Mill BM-01 six-monthly oil analysis and lubrication system inspection.,Take oil samples from all bearing reservoirs. Inspect filters and strainers. Check oil coolers. Replace oil if analysis shows degradation. Flush if metal contamination detected.,Ball Mill BM-01 six-monthly oil analysis and lubrication system inspection. Take oil samples from all bearing reservoirs. Inspect filters and strainers. Check oil coolers. Replace oil if analysis shows degradation. Flush if metal contamination detected.,0,0,2,3,1,False
4299,0,P-427,P-427,CM,CM01,Centrifugal Pump P-302 bearing temperature high alarm drive end. Temperature 161 degC above baseline.,Remove bearing housing end cover. Measure bearing clearance. Replace worn bearing. Re-grease per lubrication schedule. Monitor temperature for 2 hours post start.,Centrifugal Pump P-302 bearing temperature high alarm drive end. Temperature 161 degC above baseline. Remove bearing housing end cover. Measure bearing clearance. Replace worn bearing. Re-grease per lubrication schedule. Monitor temperature for 2 hours post start.,1,0,2,3,1,False
4311,20461896,M-092,M-092,PM,PM02,Motor M-05 six-monthly insulation resistance test and bearing grease replenishment.,IR test all three phases and record. Grease drive end and non-drive end bearings per lubrication schedule. Check terminal connections for heat damage. Document results.,Motor M-05 six-monthly insulation resistance test and bearing grease replenishment. IR test all three phases and record. Grease drive end and non-drive end bearings per lubrication schedule. Check terminal connections for heat damage. Document results.,1,0,2,2,1,False
5180,0,UF-090,UF-090,CM,CM01,Ultrafiltration Unit UF-02 normalised flux declining 226% versus baseline. Membrane fouling confirmed.,Perform enhanced CIP with citric acid 15% solution. Monitor flux recovery. If flux not restored replace fouled membrane modules. Rebaseline after chemical clean.,Ultrafiltration Unit UF-02 normalised flux declining 226% versus baseline. Membrane fouling confirmed. Perform enhanced CIP with citric acid 15% solution. Monitor flux recovery. If flux not restored replace fouled membrane modules. Rebaseline after chemical clean.,0,0,0,3,1,False
5590,0,GB-016,GB-016,PM,PM02,Gearbox GB-02 annual oil change and internal inspection.,Drain and replace oil. Open inspection covers. Inspect gear teeth for wear and pitting. Check all bearing clearances. Replace seals. Refill. Run up and verify temperature and noise.,Gearbox GB-02 annual oil change and internal inspection. Drain and replace oil. Open inspection covers. Inspect gear teeth for wear and pitting. Check all bearing clearances. Replace seals. Refill. Run up and verify temperature and noise.,1,0,3,3,1,False
5847,0,FCC-051,fcc-051,CM,CM03,Fluid Catalytic Cracker FCC-02 slide valve actuator failure. Catalyst flow control lost on 215% valve stroke.,Isolate slide valve. Replace hydraulic actuator and positioner. Stroke test under atmospheric conditions. Verify control loop response before return to feed.,Fluid Catalytic Cracker FCC-02 slide valve actuator failure. Catalyst flow control lost on 215% valve stroke. Isolate slide valve. Replace hydraulic actuator and positioner. Stroke test under atmospheric conditions. Verify control loop response before return to feed.,1,0,1,3,1,False
5962,0,MF-086,MF-086,CM,CM02,Fermentor FM-01 agitator current trending up 107% over 30 days. Impeller fouling or seal wear suspected.,After batch completion inspect agitator shaft seal assembly. Check impeller blade wear and fouling. Measure shaft runout. Replace lip seals. Clean impeller. Re-measure current baseline.,Fermentor FM-01 agitator current trending up 107% over 30 days. Impeller fouling or seal wear suspected. After batch completion inspect agitator shaft seal assembly. Check impeller blade wear and fouling. Measure shaft runout. Replace lip seals. Clean impeller. Re-measure current baseline.,0,1,3,4,1,False
6893,0,HX-105,HX-105,PM,PM03,"Heat Exchanger HX-03 annual inspection. Tube bundle inspection, gasket replacement and pressure test.",Drain and open channel head. Inspect tube sheet and tubes using boroscope. Replace gaskets on both heads. Hydraulic pressure test. Reinstate and commission.,"Heat Exchanger HX-03 annual inspection. Tube bundle inspection, gasket replacement and pressure test. Drain and open channel head. Inspect tube sheet and tubes using boroscope. Replace gaskets on both heads. Hydraulic pressure test. Reinstate and commission.",0,0,0,3,1,False
7376,0,F-136,F-136,CM,CM01,Filer F-01 differential pressure high-high alarm. DP 145.90 bar. Cartridges blocked. Production stopped.,Isolate filter. Drain housing. Remove and replace all 2 filter cartridges with grade 5 micron. Inspect housing for damage. Reassemble and pressure test.,Filer F-01 differential pressure high-high alarm. DP 145.90 bar. Cartridges blocked. Production stopped. Isolate filter. Drain housing. Remove and replace all 2 filter cartridges with grade 5 micron. Inspect housing for damage. Reassemble and pressure test.,0,1,1,4,1,False
7434,0,HV-038,HV-038,PM,PM03,HVAC Unit HV-02 annual AHU inspection including ductwork and damper verification.,Full AHU inspection. Check all damper actuators and blades. Inspect fan blades for wear. Clean heat exchange coil with biocide solution. Verify all interlocks.,HVAC Unit HV-02 annual AHU inspection including ductwork and damper verification. Full AHU inspection. Check all damper actuators and blades. Inspect fan blades for wear. Clean heat exchange coil with biocide solution. Verify all interlocks.,0,0,1,3,1,False
7824,0,P-518,P-518,PM,PM01,"Centrifugal Pump P-501 annual overhaul. Full disassembly, wear measurement, impeller and seal replacement.","Full pump disassembly. Measure all wear components against tolerances. Replace impeller, wear rings, bearings and mechanical seal. Reassemble, align, and performance test.","Centrifugal Pump P-501 annual overhaul. Full disassembly, wear measurement, impeller and seal replacement. Full pump disassembly. Measure all wear components against tolerances. Replace impeller, wear rings, bearings and mechanical seal. Reassemble, align, and performance test.",1,1,4,3,1,False
7868,0,R-127,R-127,PM,PM03,"Reactor R-03 annual shutdown inspection. Internal inspection, instrument calibration and gasket replacement.",Open reactor manways. Internal visual inspection for corrosion and erosion. Replace all manway gaskets. Calibrate all critical instruments. Update mechanical integrity record.,"Reactor R-03 annual shutdown inspection. Internal inspection, instrument calibration and gasket replacement. Open reactor manways. Internal visual inspection for corrosion and erosion. Replace all manway gaskets. Calibrate all critical instruments. Update mechanical integrity record.",0,0,0,3,1,False
7961,0,BM-105,BM-105,PM,PM01,Ball Mill BM-101 six-monthly oil analysis and lubrication system inspection.,Take oil samples from all bearing reservoirs. Inspect filters and strainers. Check oil coolers. Replace oil if analysis shows degradation. Flush if metal contamination detected.,Ball Mill BM-101 six-monthly oil analysis and lubrication system inspection. Take oil samples from all bearing reservoirs. Inspect filters and strainers. Check oil coolers. Replace oil if analysis shows degradation. Flush if metal contamination detected.,0,0,2,3,1,False
7964,0,GS-114,GS-114,CM,CM01,Gas Scrubber GS-02 high H2S outlet alarm 72 ppm. Scrubbing efficiency loss. Chemical depletion.,Increase caustic dosing rate. Check pH of scrubbing liquor. Top up caustic tank. Inspect spray nozzles for wear and blockage. Replace nozzles if worn. Verify outlet H2S after adjustment.,Gas Scrubber GS-02 high H2S outlet alarm 72 ppm. Scrubbing efficiency loss. Chemical depletion. Increase caustic dosing rate. Check pH of scrubbing liquor. Top up caustic tank. Inspect spray nozzles for wear and blockage. Replace nozzles if worn. Verify outlet H2S after adjustment.,0,0,0,4,1,False
8520,0,P-576,P-576,CM,CM03,Centrifugal Pump P-501 high vibration alarm on drive end bearing. Amplitude 177.7 mm/s RMS exceeding trip setpoint.,"Isolate pump, drain casing, disassemble bearing housing. Replace drive end bearing 22316E. Realign coupling to within 0.05mm TIR. Functional test at duty point.","Centrifugal Pump P-501 high vibration alarm on drive end bearing. Amplitude 177.7 mm/s RMS exceeding trip setpoint. Isolate pump, drain casing, disassemble bearing housing. Replace drive end bearing 22316E. Realign coupling to within 0.05mm TIR. Functional test at duty point.",1,2,3,3,1,False
8742,0,F-328,F-328,PM,PM01,Filter F-201 scheduled cartridge replacement at 4000 service hours.,Replace filter cartridges at planned interval regardless of differential pressure. Inspect housing internals. Record cartridge condition on removal. Update filter log.,Filter F-201 scheduled cartridge replacement at 4000 service hours. Replace filter cartridges at planned interval regardless of differential pressure. Inspect housing internals. Record cartridge condition on removal. Update filter log.,0,0,1,2,1,False
8824,0,F-228,F-228,CM,CM2,Filter F-101 housing O-ring failure. Bypass leakage detected downstream. Integrity breach.,Drain and disassemble filter housing. Replace O-ring with compatible elastomer. Inspect housing sealing faces for damage. Reassemble and perform integrity test.,Filter F-101 housing O-ring failure. Bypass leakage detected downstream. Integrity breach. Drain and disassemble filter housing. Replace O-ring with compatible elastomer. Inspect housing sealing faces for damage. Reassemble and perform integrity test.,0,1,1,3,1,False
8896,0,F-01,F-01,PM,PM03,Filter F-01 quarterly filter housing inspection and O-ring check.,Inspect O-ring condition and housing sealing surfaces. Replace O-ring as precautionary measure. Pressure test housing. Verify differential pressure indication.,Filter F-01 quarterly filter housing inspection and O-ring check. Inspect O-ring condition and housing sealing surfaces. Replace O-ring as precautionary measure. Pressure test housing. Verify differential pressure indication.,0,0,1,3,1,True
9056,0,GS-232,GS-232,CM,CM01,Gas Scrubber GS-101 high differential pressure alarm 152 mbar. Packing section flooding suspected.,Reduce gas flow rate to resolve flooding. Inspect liquid distribution nozzles for blockage. Clean packing. Verify liquid-to-gas ratio within design envelope. Investigate cause of flooding.,Gas Scrubber GS-101 high differential pressure alarm 152 mbar. Packing section flooding suspected. Reduce gas flow rate to resolve flooding. Inspect liquid distribution nozzles for blockage. Clean packing. Verify liquid-to-gas ratio within design envelope. Investigate cause of flooding.,0,0,0,2,1,False
9240,0,AG-143,AG-143,CM,CM01,Agitator AG-101 mechanical seal failure. Product leakage at shaft gland area.,Isolate vessel. Remove agitator shaft. Replace mechanical seal complete assembly. Inspect shaft for scoring. Reinstall. Pressure test seal chamber. Monitor seal flush post start.,Agitator AG-101 mechanical seal failure. Product leakage at shaft gland area. Isolate vessel. Remove agitator shaft. Replace mechanical seal complete assembly. Inspect shaft for scoring. Reinstall. Pressure test seal chamber. Monitor seal flush post start.,0,1,2,5,1,False
9344,0,BM-024,BM-024,CM,CM03,Ball Mill BM-01 liner bolt failure. Mill shell vibration elevated. Shutdown required.,Shut down mill. Inspect liner bolts for failure. Replace all suspect fasteners. Retorque all liner bolts to specification. Inspect liner plates for cracking. Trial run 2 hours.,Ball Mill BM-01 liner bolt failure. Mill shell vibration elevated. Shutdown required. Shut down mill. Inspect liner bolts for failure. Replace all suspect fasteners. Retorque all liner bolts to specification. Inspect liner plates for cracking. Trial run 2 hours.,0,0,1,2,1,False
9413,0,M-143,M-143,CM,CM02,Motor M-04 earth fault trip. Single phase to earth detected on stator winding.,Isolate motor. Identify faulted phase using IR and hipot testing. Send motor to approved rewind shop. Install inspected spare. Verify earth continuity post installation.,Motor M-04 earth fault trip. Single phase to earth detected on stator winding. Isolate motor. Identify faulted phase using IR and hipot testing. Send motor to approved rewind shop. Install inspected spare. Verify earth continuity post installation.,1,2,1,4,1,False
9480,0,HX-008,HX-008,CM,CM01,Heat Exchanger HX-03 outlet temperature low. Heat transfer coefficient 59 W/m2K below design 195 W/m2K.,Chemical clean tube side with citric acid 15% solution for 2 hours. Flush with demineralised water. Re-baseline heat transfer performance.,Heat Exchanger HX-03 outlet temperature low. Heat transfer coefficient 59 W/m2K below design 195 W/m2K. Chemical clean tube side with citric acid 15% solution for 2 hours. Flush with demineralised water. Re-baseline heat transfer performance.,0,0,0,1,1,False
9562,0,P-319,P-319,CM,CM01,Centrifugal Pump P-301 high vibration alarm on drive end bearing. Amplitude 141.5 mm/s RMS exceeding trip setpoint.,"Isolate pump, drain casing, disassemble bearing housing. Replace drive end bearing 6310-2Z. Realign coupling to within 0.05mm TIR. Functional test at duty point.","Centrifugal Pump P-301 high vibration alarm on drive end bearing. Amplitude 141.5 mm/s RMS exceeding trip setpoint. Isolate pump, drain casing, disassemble bearing housing. Replace drive end bearing 6310-2Z. Realign coupling to within 0.05mm TIR. Functional test at duty point.",1,2,3,3,1,False
9721,0,TK-245,TK-245,CM,CM01,Storage Tank TK-102 roof drain blockage causing water ingress to product.,Clear roof drain blockage. Inspect drain seal condition. Replace corroded drain fitting. Verify drain flow rate post repair.,Storage Tank TK-102 roof drain blockage causing water ingress to product. Clear roof drain blockage. Inspect drain seal condition. Replace corroded drain fitting. Verify drain flow rate post repair.,0,1,1,3,1,False
10009,0,TK-311,TK-311,CM,CM03,Storage Tank TK-301 outlet valve passing. Confirmed by downstream flow with valve closed.,Isolate valve. Disassemble. Inspect seat and ball/gate for erosion. Lap seat if minor damage. Replace valve internals if worn beyond tolerance.,Storage Tank TK-301 outlet valve passing. Confirmed by downstream flow with valve closed. Isolate valve. Disassemble. Inspect seat and ball/gate for erosion. Lap seat if minor damage. Replace valve internals if worn beyond tolerance.,1,0,1,3,1,False
10038,0,P-705,P-705,PM,PM03,Centrifugal Pump P-601 quarterly lubrication service. Bearing grease replenishment and vibration baseline measurement.,Grease drive end and non-drive end bearings. Measure and record vibration signature. Check motor current at duty point. Inspect coupling spider for wear.,Centrifugal Pump P-601 quarterly lubrication service. Bearing grease replenishment and vibration baseline measurement. Grease drive end and non-drive end bearings. Measure and record vibration signature. Check motor current at duty point. Inspect coupling spider for wear.,1,0,4,3,1,False
10048,0,AG-036,AG-036,PM,PM01,Agitator AG-02 annual agitator and impeller inspection.,Remove impeller. Inspect blades for erosion and corrosion. Measure blade thickness. Replace if below minimum thickness. Inspect shaft bearings. Reassemble.,Agitator AG-02 annual agitator and impeller inspection. Remove impeller. Inspect blades for erosion and corrosion. Measure blade thickness. Replace if below minimum thickness. Inspect shaft bearings. Reassemble.,0,0,3,2,1,False
10474,0,UF-140,UF-140,CM,CM02,Ultrafiltration Unit UF-01 integrity test failure on module 266. Hollow fibre breach detected.,Isolate and replace failed membrane module. Perform post replacement integrity test with pressurised air decay method. Verify rejection and flux within specification.,Ultrafiltration Unit UF-01 integrity test failure on module 266. Hollow fibre breach detected. Isolate and replace failed membrane module. Perform post replacement integrity test with pressurised air decay method. Verify rejection and flux within specification.,0,0,0,3,1,False
10793,0,R-028,R-028,PM,PM03,"Reactor R-03 annual shutdown inspection. Internal inspection, instrument calibration and gasket replacement.",Open reactor manways. Internal visual inspection for corrosion and erosion. Replace all manway gaskets. Calibrate all critical instruments. Update mechanical integrity record.,"Reactor R-03 annual shutdown inspection. Internal inspection, instrument calibration and gasket replacement. Open reactor manways. Internal visual inspection for corrosion and erosion. Replace all manway gaskets. Calibrate all critical instruments. Update mechanical integrity record.",0,0,0,3,1,False
10947,0,GS-055,GS-055,PM,PM03,Gas Scrubber GS-02 six-monthly sump inspection and recirculation pump service.,Drain and inspect sump for sediment and corrosion. Clean sump. Service recirculation pump. Replace mechanical seal. Clean recirculation strainer. Refill and verify liquid distribution.,Gas Scrubber GS-02 six-monthly sump inspection and recirculation pump service. Drain and inspect sump for sediment and corrosion. Clean sump. Service recirculation pump. Replace mechanical seal. Clean recirculation strainer. Refill and verify liquid distribution.,1,0,2,3,1,False
10953,0,TRB-063,TRB-063,CM,CM03,Steam Turbine TRB-02 lube oil low pressure alarm. Oil pump suction strainer blocked.,Clean oil pump suction strainer. Check oil pump relief valve setting. Inspect main oil pump for wear. Flush lubrication system. Verify pressure at all bearing oil supply points.,Steam Turbine TRB-02 lube oil low pressure alarm. Oil pump suction strainer blocked. Clean oil pump suction strainer. Check oil pump relief valve setting. Inspect main oil pump for wear. Flush lubrication system. Verify pressure at all bearing oil supply points.,1,2,3,4,1,False
11181,0,TK-155,TK-155,PM,PM02,Storage Tank TK-101 annual calibration of all level and temperature instruments.,Calibrate all level transmitters against certified reference. Check temperature sensor accuracy. Verify high level alarm setpoints. Update calibration records.,Storage Tank TK-101 annual calibration of all level and temperature instruments. Calibrate all level transmitters against certified reference. Check temperature sensor accuracy. Verify high level alarm setpoints. Update calibration records.,0,0,1,2,1,False
11411,0,GB-084,GB-084,PM,PM03,Gearbox GB-01 six-monthly oil sample analysis and external inspection.,Take oil sample for laboratory analysis. Inspect for external leaks. Check oil level. Inspect coupling for wear. Document condition. Oil analysis report to maintenance planner.,Gearbox GB-01 six-monthly oil sample analysis and external inspection. Take oil sample for laboratory analysis. Inspect for external leaks. Check oil level. Inspect coupling for wear. Document condition. Oil analysis report to maintenance planner.,1,0,2,2,1,False
11548,0,R-199,R-199,CM,CM03,Reactor R-101 agitator drive fault alarm. Motor current 6.3 A spike then trip.,Inspect agitator gearbox for damage. Check mechanical seal on agitator shaft. Replace failed seal assembly. Verify torque at rated speed.,Reactor R-101 agitator drive fault alarm. Motor current 6.3 A spike then trip. Inspect agitator gearbox for damage. Check mechanical seal on agitator shaft. Replace failed seal assembly. Verify torque at rated speed.,1,1,4,3,1,False
12260,0,M-145,M-145,CM,CM02,Motor M-08 VFD overcurrent fault. Drive tripped on F0002 at 296.4 A.,Check VFD parameters and fault log. Inspect motor terminal connections. Megger test windings. Check encoder feedback signal. Clear fault and trial run under reduced load.,Motor M-08 VFD overcurrent fault. Drive tripped on F0002 at 296.4 A. Check VFD parameters and fault log. Inspect motor terminal connections. Megger test windings. Check encoder feedback signal. Clear fault and trial run under reduced load.,1,1,1,2,1,False
12342,20741789,BM-241,BM-241,PM,PM02,Ball Mill BM-101 annual liner replacement and trunnion bearing inspection.,Drain mill. Remove worn liner plates. Install new liners to correct installation sequence. Torque all liner bolts. Inspect trunnion bearings. Refill with grinding media if required.,Ball Mill BM-101 annual liner replacement and trunnion bearing inspection. Drain mill. Remove worn liner plates. Install new liners to correct installation sequence. Torque all liner bolts. Inspect trunnion bearings. Refill with grinding media if required.,0,0,2,2,1,False
12729,0,K-073,K-073,PM,PM02,Compressor K-03 six-monthly lube oil analysis and filter change.,Drain lube oil. Replace filters. Refill with approved grade. Conduct oil analysis on drained oil. Check oil cooler condition. Update lubrication record.,Compressor K-03 six-monthly lube oil analysis and filter change. Drain lube oil. Replace filters. Refill with approved grade. Conduct oil analysis on drained oil. Check oil cooler condition. Update lubrication record.,1,0,2,3,1,False
12744,0,FM-130,FM-130,PM,PM01,Fermentor FM-02 six-monthly mechanical seal and pH probe service.,Replace agitator mechanical seal. Clean pH probe and calibrate with fresh buffer solutions. Replace DO membrane cap. Verify all alarm setpoints. Update GxP calibration records.,Fermentor FM-02 six-monthly mechanical seal and pH probe service. Replace agitator mechanical seal. Clean pH probe and calibrate with fresh buffer solutions. Replace DO membrane cap. Verify all alarm setpoints. Update GxP calibration records.,0,0,1,3,1,False
12792,0,BLR-053,BLR-053,CM,CM03,Boiler BLR-02 safety valve lifting at 83.0 bar below set pressure. Seat leakage suspected.,"Isolate safety valve. Remove and send to certified workshop for testing, reconditioning and recertification. Fit inspected spare valve. Update safety valve register.","Boiler BLR-02 safety valve lifting at 83.0 bar below set pressure. Seat leakage suspected. Isolate safety valve. Remove and send to certified workshop for testing, reconditioning and recertification. Fit inspected spare valve. Update safety valve register.",1,1,1,3,1,False
12882,0,AG-202,AG-202,CM,CM01,Agitator AG-101 mechanical seal failure. Product leakage at shaft gland area.,,Agitator AG-101 mechanical seal failure. Product leakage at shaft gland area.,0,1,2,0,1,False
13039,0,TK-137,TK-137,CM,,Storage Tank TK-05 outlet valve passing. Confirmed by downstream flow with valve closed.,Isolate valve. Disassemble. Inspect seat and ball/gate for erosion. Lap seat if minor damage. Replace valve internals if worn beyond tolerance.,Storage Tank TK-05 outlet valve passing. Confirmed by downstream flow with valve closed. Isolate valve. Disassemble. Inspect seat and ball/gate for erosion. Lap seat if minor damage. Replace valve internals if worn beyond tolerance.,1,0,1,3,1,False
13316,0,M-056,M-056,CM,CM02,Motor M-03 earth fault trip. Single phase to earth detected on stator winding.,Isolate motor. Identify faulted phase using IR and hipot testing. Send motor to approved rewind shop. Install inspected spare. Verify earth continuity post installation.,Motor M-03 earth fault trip. Single phase to earth detected on stator winding. Isolate motor. Identify faulted phase using IR and hipot testing. Send motor to approved rewind shop. Install inspected spare. Verify earth continuity post installation.,1,2,1,4,1,False
13738,0,HX-088,HX-088,CM,,Heat Exchanger HX-01 differential pressure high alarm. Tube side pressure drop 68.50 bar versus clean baseline 157.70 bar.,Isolate and drain tube side. Hydroblast tube bundle to remove fouling deposit. Inspect tube wall thickness using eddy current testing. Reassemble and pressure test.,Heat Exchanger HX-01 differential pressure high alarm. Tube side pressure drop 68.50 bar versus clean baseline 157.70 bar. Isolate and drain tube side. Hydroblast tube bundle to remove fouling deposit. Inspect tube wall thickness using eddy current testing. Reassemble and pressure test.,0,1,0,3,1,False
13751,0,M-011,M-011,CM,CM02,Motor M-01 VFD overcurrent fault. Drive tripped on F0002 at 47.3 A.,Check VFD parameters and fault log. Inspect motor terminal connections. Megger test windings. Check encoder feedback signal. Clear fault and trial run under reduced load.,Motor M-01 VFD overcurrent fault. Drive tripped on F0002 at 47.3 A. Check VFD parameters and fault log. Inspect motor terminal connections. Megger test windings. Check encoder feedback signal. Clear fault and trial run under reduced load.,1,1,1,2,1,False
13859,0,GT-082,GT-082,PM,PM03,Gas Turbinе GT-01 hot sесtion borеscoрe insреction pеr ОEM schedule.,Borescope inspection of all compressor and turbine stages. Record blade condition. Replace any blades with damage beyond serviceable limits. Update OEM inspection record.,Gas Turbinе GT-01 hot sесtion borеscoрe insреction pеr ОEM schedule. Borescope inspection of all compressor and turbine stages. Record blade condition. Replace any blades with damage beyond serviceable limits. Update OEM inspection record.,0,0,1,2,1,False
14327,0,SD-072,SD-072,CM,CM02,Spray Dryer SD-02 atomiser wheel bearing failure. Shaft vibration 205.8 mm/s. Emergency stop.,Replace atomiser wheel bearing assembly. Dynamically balance wheel after assembly. Run up at low speed to verify vibration before full speed operation. Monitor continuously for 24 hours.,Spray Dryer SD-02 atomiser wheel bearing failure. Shaft vibration 205.8 mm/s. Emergency stop. Replace atomiser wheel bearing assembly. Dynamically balance wheel after assembly. Run up at low speed to verify vibration before full speed operation. Monitor continuously for 24 hours.,0,1,2,2,1,False
14633,0,,,CM,CM03,Centrifugal Pump P-501 mechanical seal failure. Product leakage observed at gland area estimated 27.4 L/h.,"Replace complete mechanical seal cartridge. Flush seal chamber, pressure test at 11.8 bar. Return to service and monitor seal flush flow.","Centrifugal Pump P-501 mechanical seal failure. Product leakage observed at gland area estimated 27.4 L/h. Replace complete mechanical seal cartridge. Flush seal chamber, pressure test at 11.8 bar. Return to service and monitor seal flush flow.",1,1,2,3,1,False
14672,0,RLP-199,RLP-199,CM,CM02,Rotary Lobe Pump RLP-101 seal failure. Product leakage at front seal.,Drain pump. Remove front cover. Replace mechanical seal complete assembly. Inspect rotor faces and housing bore for scoring. Reassemble. Pressure test before returning to service.,Rotary Lobe Pump RLP-101 seal failure. Product leakage at front seal. Drain pump. Remove front cover. Replace mechanical seal complete assembly. Inspect rotor faces and housing bore for scoring. Reassemble. Pressure test before returning to service.,1,1,2,3,1,False
14767,0,P-383,P-383,CM,CM03,Centrifugal Pump P-301 cavitating intermittently. Suction pressure 155.70 bar below minimum NPSH required.,Check suction strainer differential pressure. Clean strainer basket. Verify suction vessel level. Adjust operating point to restore positive NPSH.,Centrifugal Pump P-301 cavitating intermittently. Suction pressure 155.70 bar below minimum NPSH required. Check suction strainer differential pressure. Clean strainer basket. Verify suction vessel level. Adjust operating point to restore positive NPSH.,1,0,1,3,1,False
15299,0,P-461,P-461,,CM01,Centrifugal Pump P-401 cavitating intermittently. Suction pressure 80.90 bar below minimum NPSH required.,Check suction strainer differential pressure. Clean strainer basket. Verify suction vessel level. Adjust operating point to restore positive NPSH.,Centrifugal Pump P-401 cavitating intermittently. Suction pressure 80.90 bar below minimum NPSH required. Check suction strainer differential pressure. Clean strainer basket. Verify suction vessel level. Adjust operating point to restore positive NPSH.,1,0,1,3,1,False
15307,0,DC-004,DC-004,CM,CM01,Distillation Column DC-01 reboiler steam control valve CV failure. Valve stuck at 56% open.,Isolate control valve. Remove actuator and positioner. Disassemble valve body. Inspect seat and plug for erosion. Replace trim if worn. Calibrate positioner and stroke test.,Distillation Column DC-01 reboiler steam control valve CV failure. Valve stuck at 56% open. Isolate control valve. Remove actuator and positioner. Disassemble valve body. Inspect seat and plug for erosion. Replace trim if worn. Calibrate positioner and stroke test.,1,0,1,5,1,False
15945,0,P-241,P-241,PM,PM03,Centrifugal Pump P-103 quarterly lubrication service. Bearing grease replenishment and vibration baseline measurement.,Grease drive end and non-drive end bearings. Measure and record vibration signature. Check motor current at duty point. Inspect coupling spider for wear.,Centrifugal Pump P-103 quarterly lubrication service. Bearing grease replenishment and vibration baseline measurement. Grease drive end and non-drive end bearings. Measure and record vibration signature. Check motor current at duty point. Inspect coupling spider for wear.,1,0,4,3,1,False
16191,0,DP-090,DP-090,CM,CM02,Diaphragm Pump DP-01 diaphragm rupture. Process fluid detected in air exhaust.,Isolate pump. Drain product side. Replace both diaphragms as a set. Inspect valve balls and seats. Reassemble. Test at low pressure before full service. Monitor exhaust for leakage.,Diaphragm Pump DP-01 diaphragm rupture. Process fluid detected in air exhaust. Isolate pump. Drain product side. Replace both diaphragms as a set. Inspect valve balls and seats. Reassemble. Test at low pressure before full service. Monitor exhaust for leakage.,1,0,2,5,1,False
16379,0,P-680,P-680,CM,,,"Replace complete mechanical seal cartridge. Flush seal chamber, pressure test at 3.3 bar. Return to service and monitor seal flush flow.","Replace complete mechanical seal cartridge. Flush seal chamber, pressure test at 3.3 bar. Return to service and monitor seal flush flow.",0,0,1,3,0,False
16450,0,HV-082,HV-082,PM,PM03,HVAC Unit HV-01 six-monthly filter change and coil inspection.,Replace primary and secondary filters. Clean cooling and heating coils. Check condensate drain tray and trap. Inspect ductwork connection flanges. Document filter changes.,HVAC Unit HV-01 six-monthly filter change and coil inspection. Replace primary and secondary filters. Clean cooling and heating coils. Check condensate drain tray and trap. Inspect ductwork connection flanges. Document filter changes.,0,0,1,4,1,False
16483,0,P-250,P-250,CM,CM02,Centrifugal Pump P-201 mechanical seal failure. Product leakage observed at gland area estimated 160.7 L/h.,"Replace complete mechanical seal cartridge. Flush seal chamber, pressure test at 12.8 bar. Return to service and monitor seal flush flow.","Centrifugal Pump P-201 mechanical seal failure. Product leakage observed at gland area estimated 160.7 L/h. Replace complete mechanical seal cartridge. Flush seal chamber, pressure test at 12.8 bar. Return to service and monitor seal flush flow.",1,1,2,3,1,False
16573,20453843,SC-087,SC-087,PM,PM01,Screw Conveyor SC-02 annual trough liner inspection and coupling check.,Inspect trough liner plates for wear. Replace worn liner sections. Check coupling condition and alignment. Verify all covers in place and safety guards serviceable.,Screw Conveyor SC-02 annual trough liner inspection and coupling check. Inspect trough liner plates for wear. Replace worn liner sections. Check coupling condition and alignment. Verify all covers in place and safety guards serviceable.,1,0,3,4,1,False
16789,0,RLP-126,RLP-126,PM,PM03,Rotary Lobe Pump RLP-01 annual overhaul including rotor and seal replacement.,Full disassembly. Replace rotors if worn beyond tolerance. Replace all seals and O-rings. Replace timing gears if backlash excessive. Reassemble and performance test.,Rotary Lobe Pump RLP-01 annual overhaul including rotor and seal replacement. Full disassembly. Replace rotors if worn beyond tolerance. Replace all seals and O-rings. Replace timing gears if backlash excessive. Reassemble and performance test.,1,0,2,2,1,False
16847,0,R-059,R-059,CM,CM03,Reactor R-03 pH probe AT failure. Reading frozen at 30.6 pH. Batch on hold.,Remove pH probe. Clean and bench calibrate using pH 4 and 7 buffer solutions. Replace if drifted beyond calibration tolerance. Reinstall and verify loop.,Reactor R-03 pH probe AT failure. Reading frozen at 30.6 pH. Batch on hold. Remove pH probe. Clean and bench calibrate using pH 4 and 7 buffer solutions. Replace if drifted beyond calibration tolerance. Reinstall and verify loop.,0,0,0,3,1,False
16897,0,CT-124,CT-124,CM,CM02,Cooling Tower CT-101 high conductivity alarm 199 uS/cm. Blowdown valve failed closed.,Manually open blowdown valve to flush system. Inspect valve actuator and replace if faulty. Verify automatic blowdown control loop functioning. Check water treatment dosing.,Cooling Tower CT-101 high conductivity alarm 199 uS/cm. Blowdown valve failed closed. Manually open blowdown valve to flush system. Inspect valve actuator and replace if faulty. Verify automatic blowdown control loop functioning. Check water treatment dosing.,1,0,1,3,1,False
16929,0,,VP1-13,PM,PM01,Vacuum Pump VP-01 annual internal inspection and vane replacement.,Disassemble pump body. Measure vane wear. Replace vanes if worn beyond tolerance. Inspect rotor and stator for scoring. Reassemble and test at rated vacuum level.,Vacuum Pump VP-01 annual internal inspection and vane replacement. Disassemble pump body. Measure vane wear. Replace vanes if worn beyond tolerance. Inspect rotor and stator for scoring. Reassemble and test at rated vacuum level.,1,0,1,3,1,False
17260,0,BLR-103,BLR-103,PM,PM02,Boiler BLR-02 six-monthly burner service and combustion efficiency test.,Service burner. Clean fuel nozzles. Check igniter electrode gap. Calibrate combustion analyser. Run combustion efficiency test. Adjust air-fuel ratio for optimum efficiency.,Boiler BLR-02 six-monthly burner service and combustion efficiency test. Service burner. Clean fuel nozzles. Check igniter electrode gap. Calibrate combustion analyser. Run combustion efficiency test. Adjust air-fuel ratio for optimum efficiency.,0,0,0,4,1,False
17682,0,P-384,P-384,CM,CM02,Centrifugal Pump P-301 bearing temperature high alarm drive end. Temperature 168 degC above baseline.,Remove bearing housing end cover. Measure bearing clearance. Replace worn bearing. Re-grease per lubrication schedule. Monitor temperature for 2 hours post start.,Centrifugal Pump P-301 bearing temperature high alarm drive end. Temperature 168 degC above baseline. Remove bearing housing end cover. Measure bearing clearance. Replace worn bearing. Re-grease per lubrication schedule. Monitor temperature for 2 hours post start.,1,0,2,3,1,False
17704,0,HV-313,HV-313,PM,PM01,HVAC Unit HV-201 six-monthly filter change and coil inspection.,Replace primary and secondary filters. Clean cooling and heating coils. Check condensate drain tray and trap. Inspect ductwork connection flanges. Document filter changes.,HVAC Unit HV-201 six-monthly filter change and coil inspection. Replace primary and secondary filters. Clean cooling and heating coils. Check condensate drain tray and trap. Inspect ductwork connection flanges. Document filter changes.,0,0,1,4,1,False
17845,0,TK-049,TK-049,CM,CM02,Storage Tank TK-03 roof drain blockage causing water ingress to product.,Clear roof drain blockage. Inspect drain seal condition. Replace corroded drain fitting. Verify drain flow rate post repair.,Storage Tank TK-03 roof drain blockage causing water ingress to product. Clear roof drain blockage. Inspect drain seal condition. Replace corroded drain fitting. Verify drain flow rate post repair.,0,1,1,3,1,False
17940,0,,,PM,PM03,"Storage Tank TK-201 API 653 internal inspection. Floor, shell and roof condition assessment.",Drain and gas free tank. Internal inspection per API 653. Measure floor plate thickness using UT. Inspect shell for corrosion. Check annular plates. Write inspection report.,"Storage Tank TK-201 API 653 internal inspection. Floor, shell and roof condition assessment. Drain and gas free tank. Internal inspection per API 653. Measure floor plate thickness using UT. Inspect shell for corrosion. Check annular plates. Write inspection report.",0,0,0,2,1,False
18434,0,F-277,F-277,PM,PM01,Filter F-201 quarterly filter housing inspection and O-ring check.,Inspect O-ring condition and housing sealing surfaces. Replace O-ring as precautionary measure. Pressure test housing. Verify differential pressure indication.,Filter F-201 quarterly filter housing inspection and O-ring check. Inspect O-ring condition and housing sealing surfaces. Replace O-ring as precautionary measure. Pressure test housing. Verify differential pressure indication.,0,0,1,3,1,False
19047,0,HX-137,HX-137,PM,PM02,Heat Exchanger HX-02 six-monthly fouling inspection based on duty criticality.,Measure differential pressure and calculate fouling factor. If above threshold clean tube bundle. Inspect sacrificial anodes. Document condition in RBI record.,Heat Exchanger HX-02 six-monthly fouling inspection based on duty criticality. Measure differential pressure and calculate fouling factor. If above threshold clean tube bundle. Inspect sacrificial anodes. Document condition in RBI record.,0,0,0,2,1,False
19316,20258659,GS-050,GS-050,PM,PM02,Gas Scrubber GS-02 annual packing inspection and nozzle replacement.,Drain scrubber. Inspect packing condition. Replace packing if fouled or damaged. Replace liquid distribution nozzles. Inspect sump for corrosion. Pressure test vessel. Recommission.,Gas Scrubber GS-02 annual packing inspection and nozzle replacement. Drain scrubber. Inspect packing condition. Replace packing if fouled or damaged. Replace liquid distribution nozzles. Inspect sump for corrosion. Pressure test vessel. Recommission.,0,0,0,3,1,False
19335,0,DOS-086,DOS-086,CM,CM03,Dosing Pump DOS-03 low flow alarm. Dosing rate 37.1 L/h below setpoint. Diaphragm or valve fault.,Inspect suction and discharge check valves for wear or debris. Replace valve balls and seats. Check diaphragm condition. Replace diaphragm if cracked. Calibrate stroke length. Verify flow rate.,Dosing Pump DOS-03 low flow alarm. Dosing rate 37.1 L/h below setpoint. Diaphragm or valve fault. Inspect suction and discharge check valves for wear or debris. Replace valve balls and seats. Check diaphragm condition. Replace diaphragm if cracked. Calibrate stroke length. Verify flow rate.,2,0,2,4,1,False
19366,0,CV-231,CV-231,CM,CM02,Belt Conveyor CV-201 blocked chute. Material buildup causing belt overload trip.,Clear chute blockage. Inspect chute liner wear. Replace worn liner plates. Investigate root cause of blockage. Adjust belt speed or chute geometry if required.,Belt Conveyor CV-201 blocked chute. Material buildup causing belt overload trip. Clear chute blockage. Inspect chute liner wear. Replace worn liner plates. Investigate root cause of blockage. Adjust belt speed or chute geometry if required.,1,2,3,3,1,False
19403,2074954,K-243,K-243,CM,CM01,Compressor K-101 low lube oil pressure alarm. Oil pressure 112.00 bar below minimum. Unit tripped.,Drain and inspect lube oil system. Replace oil filter cartridges. Check oil pump relief valve. Refill with approved oil grade. Run up and verify pressure.,Compressor K-101 low lube oil pressure alarm. Oil pressure 112.00 bar below minimum. Unit tripped. Drain and inspect lube oil system. Replace oil filter cartridges. Check oil pump relief valve. Refill with approved oil grade. Run up and verify pressure.,1,1,4,3,1,False
19497,20174413,SC-033,SC-033,CM,CM02,Screw Conveyor SC-01 end bearing failure. Screw shaft vibration detected.,Remove end bearing housing. Replace worn bearing. Inspect shaft journal for scoring. Check shaft alignment. Grease bearing per lubrication schedule. Trial run before loading.,Screw Conveyor SC-01 end bearing failure. Screw shaft vibration detected. Remove end bearing housing. Replace worn bearing. Inspect shaft journal for scoring. Check shaft alignment. Grease bearing per lubrication schedule. Trial run before loading.,1,1,3,5,1,False
19635,0,SD-084,SD-084,PM,PM02,sPRAY dRYER sd-02 SIX-MONTHLY AIR HEATER AND BAG FILTER INSPECTION.,Inspect air heater coils and clean. Replace bag filter elements. Check explosion relief valves and burst discs. Verify fire suppression system. Update inspection records.,sPRAY dRYER sd-02 SIX-MONTHLY AIR HEATER AND BAG FILTER INSPECTION. Inspect air heater coils and clean. Replace bag filter elements. Check explosion relief valves and burst discs. Verify fire suppression system. Update inspection records.,0,0,2,4,0,False
19821,0,K-209,K-209,PDM,PDM1,Comprеssοr K-201 lube oil аnаlysis shows elevated irοn pаrticles 122 ppm. Bearing wеаr suspеcted.,Inspect bearings and journal surfaces. Replace worn bearings. Flush and refill lube oil system. Repeat oil analysis after 200 hours runtime.,Comprеssοr K-201 lube oil аnаlysis shows elevated irοn pаrticles 122 ppm. Bearing wеаr suspеcted. Inspect bearings and journal surfaces. Replace worn bearings. Flush and refill lube oil system. Repeat oil analysis after 200 hours runtime.,0,0,1,2,1,False
19920,0,HV-126,HV-126,CM,CM01,HVAC Unit HV-01 supply fan drive belt failure. Airflow loss to controlled area.,Replace drive belt with correct specification. Check tension and alignment on pulleys. Run up and verify supply air volume. Check room pressures return to setpoint.,HVAC Unit HV-01 supply fan drive belt failure. Airflow loss to controlled area. Replace drive belt with correct specification. Check tension and alignment on pulleys. Run up and verify supply air volume. Check room pressures return to setpoint.,1,0,2,3,1,False
19976,0,RLP-214,RLP-214,CM,CM02,Rotary Lobe Pump RLP-101 seal failure. Product leakage at front seal.,Drain pump. Remove front cover. Replace mechanical seal complete assembly. Inspect rotor faces and housing bore for scoring. Reassemble. Pressure test before returning to service.,Rotary Lobe Pump RLP-101 seal failure. Product leakage at front seal. Drain pump. Remove front cover. Replace mechanical seal complete assembly. Inspect rotor faces and housing bore for scoring. Reassemble. Pressure test before returning to service.,1,1,2,3,1,False
20362,0,TK-035,TK-035,CM,CM02,,,,0,0,0,0,0,False
20580,0,HV-276,HV-276,PM,PM01,HVAC Unit HV-201 annual AHU inspection including ductwork and damper verification.,Full AHU inspection. Check all damper actuators and blades. Inspect fan blades for wear. Clean heat exchange coil with biocide solution. Verify all interlocks.,HVAC Unit HV-201 annual AHU inspection including ductwork and damper verification. Full AHU inspection. Check all damper actuators and blades. Inspect fan blades for wear. Clean heat exchange coil with biocide solution. Verify all interlocks.,0,0,1,3,1,False
20630,0,DRY-025,DRY-025,PM,PM02,Dryer DRY-02 annual vessel inspection and filter sock replacement.,Open dryer. Internal inspection for corrosion and erosion. Replace filter socks. Inspect agitator shaft seal. Replace if worn. Check heating coil integrity. Update inspection record.,Dryer DRY-02 annual vessel inspection and filter sock replacement. Open dryer. Internal inspection for corrosion and erosion. Replace filter socks. Inspect agitator shaft seal. Replace if worn. Check heating coil integrity. Update inspection record.,0,0,3,3,1,False
20952,2074954,VP-143,VP-143,CM,CM03,Vacuum Pump VP-02 oil temperature high alarm. Cooling water flow restricted.,Check cooling water supply valve and flow. Clean water cooler if fouled. Replace oil if discoloured. Verify oil level. Run up and monitor temperature recovery.,Vacuum Pump VP-02 oil temperature high alarm. Cooling water flow restricted. Check cooling water supply valve and flow. Clean water cooler if fouled. Replace oil if discoloured. Verify oil level. Run up and monitor temperature recovery.,1,0,2,4,1,False
21239,0,TK-103,TK-103,CM,CM01,Storage Tank TK-101 roof drain blockage causing water ingress t oproduct.,Clear Roof Drain Blockage. Inspect Drain Seal Condition. Replace Corroded Drain Fitting. Verify Drain Flow Rate Post Repair.,Storage Tank TK-101 roof drain blockage causing water ingress t oproduct. Clear Roof Drain Blockage. Inspect Drain Seal Condition. Replace Corroded Drain Fitting. Verify Drain Flow Rate Post Repair.,0,1,1,3,1,False
21320,0,CF-023,CF-023,PM,PM02,"Centrifuge CF-02 six-monthly basket, bearing and seal inspection.",Inspect basket condition. Measure bearing clearances. Check mechanical seal faces. Inspect braking system. Lubricate all grease points. Test safety interlock operation.,"Centrifuge CF-02 six-monthly basket, bearing and seal inspection. Inspect basket condition. Measure bearing clearances. Check mechanical seal faces. Inspect braking system. Lubricate all grease points. Test safety interlock operation.",0,0,2,3,1,False
21574,0,DC-097,DC-097,CM,CM03,DISTILLATION COLUMN DC-02 FLOODING INDICATED BY DIFFERENTIAL PRESSURE 222 MBAR ABOVE NORMAL 89 MBAR.,"Open column manways. Inspect trays 1 to 20 for fouling, damage and downcomer blockage. Clean trays with high pressure water. Inspect weir heights.","DISTILLATION COLUMN DC-02 FLOODING INDICATED BY DIFFERENTIAL PRESSURE 222 MBAR ABOVE NORMAL 89 MBAR. Open column manways. Inspect trays 1 to 20 for fouling, damage and downcomer blockage. Clean trays with high pressure water. Inspect weir heights.",0,0,0,2,1,False
21905,0,CV-027,CV-027,CM,CM01,Belt Conveyor CV-03 blocked chute. Material buildup causing belt overload trip.,Clear chute blockage. Inspect chute liner wear. Replace worn liner plates. Investigate root cause of blockage. Adjust belt speed or chute geometry if required.,Belt Conveyor CV-03 blocked chute. Material buildup causing belt overload trip. Clear chute blockage. Inspect chute liner wear. Replace worn liner plates. Investigate root cause of blockage. Adjust belt speed or chute geometry if required.,1,2,3,3,1,False
22324,0,TK-138,TK-138,CM,CM03,Storage Tank TK-03 level transmitter LT failure. Reading stuck at 86% suspect impulse line blockage.,Isolate and remove level transmitter. Blow down impulse lines. Clean displacer float. Bench calibrate. Reinstall and verify reading against dip measurement.,Storage Tank TK-03 level transmitter LT failure. Reading stuck at 86% suspect impulse line blockage. Isolate and remove level transmitter. Blow down impulse lines. Clean displacer float. Bench calibrate. Reinstall and verify reading against dip measurement.,0,1,0,3,1,False
22649,0,GS-111,GS-111,CM,CM01,Gas Scrubber GS-01 high differential pressure alarm 91 mbar. Packing section flooding suspected.,Reduce gas flow rate to resolve flooding. Inspect liquid distribution nozzles for blockage. Clean packing. Verify liquid-to-gas ratio within design envelope. Investigate cause of flooding.,Gas Scrubber GS-01 high differential pressure alarm 91 mbar. Packing section flooding suspected. Reduce gas flow rate to resolve flooding. Inspect liquid distribution nozzles for blockage. Clean packing. Verify liquid-to-gas ratio within design envelope. Investigate cause of flooding.,0,0,0,2,1,False
22663,0,EV-041,EV-041,CM,CM01,Evaporator EV-02 vacuum loss. Level dropping in vapour body. Steam ejector or vacuum pump fault suspected.,Inspect vacuum pump oil level and condition. Check all flanges and gaskets for air ingress using nitrogen pressure test. Replace failed gasket on vapour body flange. Re-establish vacuum.,Evaporator EV-02 vacuum loss. Level dropping in vapour body. Steam ejector or vacuum pump fault suspected. Inspect vacuum pump oil level and condition. Check all flanges and gaskets for air ingress using nitrogen pressure test. Replace failed gasket on vapour body flange. Re-establish vacuum.,1,0,1,3,1,False
22664,0,P-112,P-112,PM,PM01,"Centrifugal Pump P-101 six-monthly planned maintenance. Bearing inspection, mechanical seal check and coupling alignment verification.",Inspect bearing condition and clearances. Replenish grease per lubrication schedule Castrol Tribol 800. Check coupling alignment. Verify seal flush flow rate. Update maintenance record.,"Centrifugal Pump P-101 six-monthly planned maintenance. Bearing inspection, mechanical seal check and coupling alignment verification. Inspect bearing condition and clearances. Replenish grease per lubrication schedule Castrol Tribol 800. Check coupling alignment. Verify seal flush flow rate. Update maintenance record.",1,0,4,4,1,False
23178,0,K-045,K-045,CM,CM03,Compressor K-01 high discharge temperature alarm. Discharge temp 80 degC exceeding trip setpoint.,Inspect intercooler for fouling. Clean tube bundle. Check cooling water flow. Verify discharge valve seating. Retest at operating conditions.,Compressor K-01 high discharge temperature alarm. Discharge temp 80 degC exceeding trip setpoint. Inspect intercooler for fouling. Clean tube bundle. Check cooling water flow. Verify discharge valve seating. Retest at operating conditions.,1,1,2,3,1,False
23343,0,P-145,P-145,PM,PM01,"Centrifugal Pump P-101 six-monthly planned maintenance. Bearing inspection, mechanical seal check and coupling alignment verification.",,"Centrifugal Pump P-101 six-monthly planned maintenance. Bearing inspection, mechanical seal check and coupling alignment verification.",1,0,4,0,1,False
23890,0,HV-209,HV-209,,CM01,HVAC Unit HV-101 HEPA filter differential pressure high-high alarm. DP 194 Pa. Cleanroom qualification at risk.,Isolate HVAC unit. Replace HEPA filter cassette. Seal integrity test with particle counter. Verify room pressure recovery. Document in GxP qualification record.,HVAC Unit HV-101 HEPA filter differential pressure high-high alarm. DP 194 Pa. Cleanroom qualification at risk. Isolate HVAC unit. Replace HEPA filter cassette. Seal integrity test with particle counter. Verify room pressure recovery. Document in GxP qualification record.,0,0,2,3,1,False
24035,0,GS-118,GS-118,PM,,Gas Scrubber GS-01 annual packing inspection and nozzle replacement.,Drain scrubber. Inspect packing condition. Replace packing if fouled or damaged. Replace liquid distribution nozzles. Inspect sump for corrosion. Pressure test vessel. Recommission.,Gas Scrubber GS-01 annual packing inspection and nozzle replacement. Drain scrubber. Inspect packing condition. Replace packing if fouled or damaged. Replace liquid distribution nozzles. Inspect sump for corrosion. Pressure test vessel. Recommission.,0,0,0,3,1,False
24074,0,GB-037,GB-037,CM,CM01,Gearbox GB-03 oil temperature high alarm 146 degC. Possible bearing failure or oil degradation.,Drain gearbox. Inspect output shaft bearing for pitting and spalling. Replace bearing. Clean sump. Refill with correct oil grade. Commission and monitor temperature for 4 hours.,Gearbox GB-03 oil temperature high alarm 146 degC. Possible bearing failure or oil degradation. Drain gearbox. Inspect output shaft bearing for pitting and spalling. Replace bearing. Clean sump. Refill with correct oil grade. Commission and monitor temperature for 4 hours.,1,1,3,4,1,False
24141,0,GS-036,GS-036,PM,PM02,Gas Scrubbеr GS-02 аnnual раcking inspеction аnd nοzzle replacement.,Drain scrubber. Inspect packing condition. Replace packing if fouled or damaged. Replace liquid distribution nozzles. Inspect sump for corrosion. Pressure test vessel. Recommission.,Gas Scrubbеr GS-02 аnnual раcking inspеction аnd nοzzle replacement. Drain scrubber. Inspect packing condition. Replace packing if fouled or damaged. Replace liquid distribution nozzles. Inspect sump for corrosion. Pressure test vessel. Recommission.,0,0,0,3,1,False
24178,0,AG-073,AG-073,CM,CM02,,Isolate vessel. Remove agitator shaft. Replace mechanical seal complete assembly. Inspect shaft for scoring. Reinstall. Pressure test seal chamber. Monitor seal flush post start.,Isolate vessel. Remove agitator shaft. Replace mechanical seal complete assembly. Inspect shaft for scoring. Reinstall. Pressure test seal chamber. Monitor seal flush post start.,0,0,2,5,0,False
24208,0,P-173,P-173,PDM,PDM1,Centrifugal Pump P-103 vibration trending upward over 30 days. Broadband velocity 127.7 mm/s. Bearing defect frequency identified in spectrum.,Vibration analysis confirms bearing fault. Replace drive end bearing proactively. Re-baseline vibration signature after repair.,Centrifugal Pump P-103 vibration trending upward over 30 days. Broadband velocity 127.7 mm/s. Bearing defect frequency identified in spectrum. Vibration analysis confirms bearing fault. Replace drive end bearing proactively. Re-baseline vibration signature after repair.,1,0,2,2,1,False
24965,0,P-741,P-741,PM,PM02,"Centrifugal Pump P-601 annual overhaul. Full disassembly, wear measurement, impeller and seal replacement.","Full pump disassembly. Measure all wear components against tolerances. Replace impeller, wear rings, bearings and mechanical seal. Reassemble, align, and performance test.","Centrifugal Pump P-601 annual overhaul. Full disassembly, wear measurement, impeller and seal replacement. Full pump disassembly. Measure all wear components against tolerances. Replace impeller, wear rings, bearings and mechanical seal. Reassemble, align, and performance test.",1,1,4,3,1,False
25166,0,UF-044,UF-044,CM,CM01,,Perform enhanced CIP with citric acid 15% solution. Monitor flux recovery. If flux not restored replace fouled membrane modules. Rebaseline after chemical clean.,Perform enhanced CIP with citric acid 15% solution. Monitor flux recovery. If flux not restored replace fouled membrane modules. Rebaseline after chemical clean.,0,0,0,3,0,False
25321,0,BM-064,BM-064,CM,CM02,Ball Mill BM-01 trunnion bearing temperature high 122 degC. Oil supply pressure low.,Check oil supply pump and filters. Flush bearing lubrication circuit. Replace oil. Monitor trunnion temperature on restart. If bearing damaged remove mill from service for bearing replacement.,Ball Mill BM-01 trunnion bearing temperature high 122 degC. Oil supply pressure low. Check oil supply pump and filters. Flush bearing lubrication circuit. Replace oil. Monitor trunnion temperature on restart. If bearing damaged remove mill from service for bearing replacement.,0,0,3,4,1,False
25822,0,EX-131,EX-131,PM,PM02,Extruder EX-101 annual screw and barrel wear inspection.,Remove screw. Measure screw flight wear profile against original drawing. Replace screw if worn beyond tolerance. Measure barrel bore wear. Replace barrel liner if required.,Extruder EX-101 annual screw and barrel wear inspection. Remove screw. Measure screw flight wear profile against original drawing. Replace screw if worn beyond tolerance. Measure barrel bore wear. Replace barrel liner if required.,0,1,1,1,1,False
25908,0,AG-127,AG-127,PM,PM03,Agitator AG-01 annual agitator and impeller inspection.,Remove impeller. Inspect blades for erosion and corrosion. Measure blade thickness. Replace if below minimum thickness. Inspect shaft bearings. Reassemble.,Agitator AG-01 annual agitator and impeller inspection. Remove impeller. Inspect blades for erosion and corrosion. Measure blade thickness. Replace if below minimum thickness. Inspect shaft bearings. Reassemble.,0,0,3,2,1,False
26178,0,TK-071,TK-071,CM,CM01,Storage Tank TK-04 outlet valve passing. Confirmed by downstream flow with valve closed.,Isolate valve. Disassemble. Inspect seat and ball/gate for erosion. Lap seat if minor damage. Replace valve internals if worn beyond tolerance.,Storage Tank TK-04 outlet valve passing. Confirmed by downstream flow with valve closed. Isolate valve. Disassemble. Inspect seat and ball/gate for erosion. Lap seat if minor damage. Replace valve internals if worn beyond tolerance.,1,0,1,3,1,False
26969,0,FCC-074,FCC-074,CM,CM03,Fluid Catalytic Cracker FCC-02 slide valve actuator failure. Catalyst flow control lost on 215% valve stroke.,Isolate slide valve. Replace hydraulic actuator and positioner. Stroke test under atmospheric conditions. Verify control loop response before return to feed.,Fluid Catalytic Cracker FCC-02 slide valve actuator failure. Catalyst flow control lost on 215% valve stroke. Isolate slide valve. Replace hydraulic actuator and positioner. Stroke test under atmospheric conditions. Verify control loop response before return to feed.,1,0,1,3,1,False
27113,20305049,FM-058,FM-058,PM,PM01,"Fermentor FM-02 annual vessel inspection, agitator overhaul and instrument calibration.",Steam sterilise vessel. Open manways for internal inspection. Replace agitator seal. Calibrate pH and DO probes. Replace sparger if worn. Inspect jacket integrity. Document in batch record system.,"Fermentor FM-02 annual vessel inspection, agitator overhaul and instrument calibration. Steam sterilise vessel. Open manways for internal inspection. Replace agitator seal. Calibrate pH and DO probes. Replace sparger if worn. Inspect jacket integrity. Document in batch record system.",0,0,1,3,1,False
27182,0,UF-048,UF-048,CM,CM01,Ultrafiltration Unit UF-02 normalised flux declining 226% versus baseline. Membrane fouling confirmed.,Perform enhanced CIP with citric acid 15% solution. Monitor flux recovery. If flux not restored replace fouled membrane modules. Rebaseline after chemical clean.,Ultrafiltration Unit UF-02 normalised flux declining 226% versus baseline. Membrane fouling confirmed. Perform enhanced CIP with citric acid 15% solution. Monitor flux recovery. If flux not restored replace fouled membrane modules. Rebaseline after chemical clean.,0,0,0,3,1,False
27247,20456639,M-089,M-089,CM,CM01,Motor M-03 insulation resistance failure. Megger test 78 MOhm below minimum 1 MOhm. Winding degradation.,Disconnect motor and perform full IR test on all phases. Test confirms winding failure. Remove motor for rewind. Install spare motor. Align and commission.,Motor M-03 insulation resistance failure. Megger test 78 MOhm below minimum 1 MOhm. Winding degradation. Disconnect motor and perform full IR test on all phases. Test confirms winding failure. Remove motor for rewind. Install spare motor. Align and commission.,1,0,1,3,1,False
27385,0,SD-056,SD-056,PM,PM02,Spray Dryer SD-01 six-monthly air heater and bag filter inspection.,Inspect air heater coils and clean. Replace bag filter elements. Check explosion relief valves and burst discs. Verify fire suppression system. Update inspection records.,Spray Dryer SD-01 six-monthly air heater and bag filter inspection. Inspect air heater coils and clean. Replace bag filter elements. Check explosion relief valves and burst discs. Verify fire suppression system. Update inspection records.,0,0,2,4,1,False
27578,0,P-735,P-735,PM,PM03,"Centrifugal Pump P-601 six-monthly planned maintenance. Bearing inspection, mechanical seal check and coupling alignment verification.",Inspect bearing condition and clearances. Replenish grease per lubrication schedule Mobil SHC 220. Check coupling alignment. Verify seal flush flow rate. Update maintenance record.,"Centrifugal Pump P-601 six-monthly planned maintenance. Bearing inspection, mechanical seal check and coupling alignment verification. Inspect bearing condition and clearances. Replenish grease per lubrication schedule Mobil SHC 220. Check coupling alignment. Verify seal flush flow rate. Update maintenance record.",1,0,4,4,1,False
27800,0,M-132,M-132,PM,PM03,Motor M-08 six-monthly insulation resistance test and bearing grease replenishment.,IR test all three phases and record. Grease drive end and non-drive end bearings per lubrication schedule. Check terminal connections for heat damage. Document results.,Motor M-08 six-monthly insulation resistance test and bearing grease replenishment. IR test all three phases and record. Grease drive end and non-drive end bearings per lubrication schedule. Check terminal connections for heat damage. Document results.,1,0,2,2,1,False
28249,0,EX-155,EX-155,CM,CM01,Extruder EX-101 screw drive motor overload trip. Torque 98 Nm above maximum. Foreign object suspected.,Emergency purge extruder. Remove screw. Inspect for foreign object damage. Replace damaged screw flights if necessary. Inspect barrel bore for scoring. Purge and recommission.,Extruder EX-101 screw drive motor overload trip. Torque 98 Nm above maximum. Foreign object suspected. Emergency purge extruder. Remove screw. Inspect for foreign object damage. Replace damaged screw flights if necessary. Inspect barrel bore for scoring. Purge and recommission.,1,1,1,2,1,False
28298,0,GB-095,GB-095,PM,PM03,Gearbox GB-03 annual oil change and internal inspection.,Drain and replace oil. Open inspection covers. Inspect gear teeth for wear and pitting. Check all bearing clearances. Replace seals. Refill. Run up and verify temperature and noise.,Gearbox GB-03 annual oil change and internal inspection. Drain and replace oil. Open inspection covers. Inspect gear teeth for wear and pitting. Check all bearing clearances. Replace seals. Refill. Run up and verify temperature and noise.,1,0,3,3,1,False
28489,0,M-032,M-032,CM,CM02,Motor M-04 insulation resistance failure. Megger test 50 MOhm below minimum 1 MOhm. Winding degradation.,Disconnect motor and perform full IR test on all phases. Test confirms winding failure. Remove motor for rewind. Install spare motor. Align and commission.,Motor M-04 insulation resistance failure. Megger test 50 MOhm below minimum 1 MOhm. Winding degradation. Disconnect motor and perform full IR test on all phases. Test confirms winding failure. Remove motor for rewind. Install spare motor. Align and commission.,1,0,1,3,1,False
28554,0,P-243,P-243,CM,CM02,Centrifugal Pump P-201 motor overload trip. Overcurrent detected phase A 98.6 A above FLC.,Megger test motor windings. Check VFD parameters. Inspect terminal connections for heat damage. Replace overload relay if tripped beyond reset.,Centrifugal Pump P-201 motor overload trip. Overcurrent detected phase A 98.6 A above FLC. Megger test motor windings. Check VFD parameters. Inspect terminal connections for heat damage. Replace overload relay if tripped beyond reset.,2,1,2,4,1,False
28827,0,,,CM,CM02,Rotary Lobe Pump RLP-101 seal failure. Product leakage at front seal.,Drain pump. Remove front cover. Replace mechanical seal complete assembly. Inspect rotor faces and housing bore for scoring. Reassemble. Pressure test before returning to service.,Rotary Lobe Pump RLP-101 seal failure. Product leakage at front seal. Drain pump. Remove front cover. Replace mechanical seal complete assembly. Inspect rotor faces and housing bore for scoring. Reassemble. Pressure test before returning to service.,1,1,2,3,1,False
28964,0,DRY-183,DRY-183,PM,PM03,Dryer DRY-101 six-monthly steam trap inspection and condenser cleaning.,Test all steam traps for correct operation. Replace failed traps. Clean condenser coils. Check vacuum pump condition. Verify all instruments are calibrated.,Dryer DRY-101 six-monthly steam trap inspection and condenser cleaning. Test all steam traps for correct operation. Replace failed traps. Clean condenser coils. Check vacuum pump condition. Verify all instruments are calibrated.,0,0,1,4,1,False
29091,0,K-091,K-091,CM,CM01,Compressor K-03 high discharge temperature alarm. Discharge temp 69 degC exceeding trip setpoint.,Inspect intercooler for fouling. Clean tube bundle. Check cooling water flow. Verify discharge valve seating. Retest at operating conditions.,Compressor K-03 high discharge temperature alarm. Discharge temp 69 degC exceeding trip setpoint. Inspect intercooler for fouling. Clean tube bundle. Check cooling water flow. Verify discharge valve seating. Retest at operating conditions.,1,1,2,3,1,False
29202,0,HX-144,HX-144,CM,CM02,Heat Exchanger HX-04 differential pressure high alarm. Tube side pressure drop 196.60 bar versus clean baseline 181.30 bar.,Isolate and drain tube side. Hydroblast tube bundle to remove fouling deposit. Inspect tube wall thickness using eddy current testing. Reassemble and pressure test.,Heat Exchanger HX-04 differential pressure high alarm. Tube side pressure drop 196.60 bar versus clean baseline 181.30 bar. Isolate and drain tube side. Hydroblast tube bundle to remove fouling deposit. Inspect tube wall thickness using eddy current testing. Reassemble and pressure test.,0,1,0,3,1,False
29526,0,P-225,P-225,CM,CM02,Centrifugal Pump P-202 cavitating intermittently. Suction pressure 260.10 bar below minimum NPSH required.,Check suction strainer differential pressure. Clean strainer basket. Verify suction vessel level. Adjust operating point to restore positive NPSH.,Centrifugal Pump P-202 cavitating intermittently. Suction pressure 260.10 bar below minimum NPSH required. Check suction strainer differential pressure. Clean strainer basket. Verify suction vessel level. Adjust operating point to restore positive NPSH.,1,0,1,3,1,False
29663,0,HX-337,HX-337,CM,CM01,Heat Exchanger HX-201 differential pressure high alarm. Tube side pressure drop 252.50 bar versus clean baseline 7.60 bar.,Isolate and drain tube side. Hydroblast tube bundle to remove fouling deposit. Inspect tube wall thickness using eddy current testing. Reassemble and pressure test.,Heat Exchanger HX-201 differential pressure high alarm. Tube side pressure drop 252.50 bar versus clean baseline 7.60 bar. Isolate and drain tube side. Hydroblast tube bundle to remove fouling deposit. Inspect tube wall thickness using eddy current testing. Reassemble and pressure test.,0,1,0,3,1,False
29757,0,AG-122,AG-122,CM,CM01,Agitator AG-02 mechanical seal failure. Product leakage at shaft gland area.,Isolate vessel. Remove agitator shaft. Replace mechanical seal complete assembly. Inspect shaft for scoring. Reinstall. Pressure test seal chamber. Monitor seal flush post start.,Agitator AG-02 mechanical seal failure. Product leakage at shaft gland area. Isolate vessel. Remove agitator shaft. Replace mechanical seal complete assembly. Inspect shaft for scoring. Reinstall. Pressure test seal chamber. Monitor seal flush post start.,0,1,2,5,1,False
29985,0,K-130,K-130,PM,PM02,Compressor K-01 six-monthly lube oil analysis and filter change.,Drain lube oil. Replace filters. Refill with approved grade. Conduct oil analysis on drained oil. Check oil cooler condition. Update lubrication record.,Compressor K-01 six-monthly lube oil analysis and filter change. Drain lube oil. Replace filters. Refill with approved grade. Conduct oil analysis on drained oil. Check oil cooler condition. Update lubrication record.,1,0,2,3,1,False
30357,0,EX-120,EX-120,CM,CM03,Extruder EX-101 melt pressure high alarm at die head. Possible die blockage.,Stop extruder. Remove die head. Clear blockage with rod and heat gun. Inspect die land for damage. Clean die with solvent. Reassemble. Verify melt pressure on restart.,Extruder EX-101 melt pressure high alarm at die head. Possible die blockage. Stop extruder. Remove die head. Clear blockage with rod and heat gun. Inspect die land for damage. Clean die with solvent. Reassemble. Verify melt pressure on restart.,0,1,0,2,1,False
30471,20557060,M-111,M-111,CM,CM02,Motor M-06 insulation resistance failure. Megger test 289 MOhm below minimum 1 MOhm. Winding degradation.,Disconnect motor and perform full IR test on all phases. Test confirms winding failure. Remove motor for rewind. Install spare motor. Align and commission.,Motor M-06 insulation resistance failure. Megger test 289 MOhm below minimum 1 MOhm. Winding degradation. Disconnect motor and perform full IR test on all phases. Test confirms winding failure. Remove motor for rewind. Install spare motor. Align and commission.,1,0,1,3,1,False
30509,0,P-311,P-311,CM,CM03,Centrifugal Pump P-202 motor overload trip. Overcurrent detected phase A 148.8 A above FLC.,Megger test motor windings. Check VFD parameters. Inspect terminal connections for heat damage. Replace overload relay if tripped beyond reset.,Centrifugal Pump P-202 motor overload trip. Overcurrent detected phase A 148.8 A above FLC. Megger test motor windings. Check VFD parameters. Inspect terminal connections for heat damage. Replace overload relay if tripped beyond reset.,2,1,2,4,1,False
30584,0,P-204,P-204,CM,CM02,Centrifugal Pump P-103 mechanical seal failure. Product leakage observed at gland area estimated 276.2 L/h.,"Replace complete mechanical seal cartridge. Flush seal chamber, pressure test at 3.7 bar. Return to service and monitor seal flush flow.","Centrifugal Pump P-103 mechanical seal failure. Product leakage observed at gland area estimated 276.2 L/h. Replace complete mechanical seal cartridge. Flush seal chamber, pressure test at 3.7 bar. Return to service and monitor seal flush flow.",1,1,2,3,1,False
30613,0,M-093,M-093,CM,CM02,Motor M-07 VFD overcurrent fault. Drive tripped on F0002 at 80.7 A.,Check VFD parameters and fault log. Inspect motor terminal connections. Megger test windings. Check encoder feedback signal. Clear fault and trial run under reduced load.,Motor M-07 VFD overcurrent fault. Drive tripped on F0002 at 80.7 A. Check VFD parameters and fault log. Inspect motor terminal connections. Megger test windings. Check encoder feedback signal. Clear fault and trial run under reduced load.,1,1,1,2,1,False
30655,0,HX-218,HX-218,CM,CM02,Heat Exchanger HX-201 tube leak detected. Cross contamination confirmed by conductivity rise on shell side.,Pressure test tube bundle with nitrogen. Identify leaking tubes. Plug failed tubes or replace bundle. Hydrotest at 1.5x design pressure. Update mechanical integrity record.,Heat Exchanger HX-201 tube leak detected. Cross contamination confirmed by conductivity rise on shell side. Pressure test tube bundle with nitrogen. Identify leaking tubes. Plug failed tubes or replace bundle. Hydrotest at 1.5x design pressure. Update mechanical integrity record.,0,1,0,2,1,False
31117,0,P-139,P-139,CM,CM03,Centrifugal Pump P-102 high vibration alarm on drive end bearing. Amplitude 141.1 mm/s RMS exceeding trip setpoint.,"Isolate pump, drain casing, disassemble bearing housing. Replace drive end bearing NU2316. Realign coupling to within 0.05mm TIR. Functional test at duty point.","Centrifugal Pump P-102 high vibration alarm on drive end bearing. Amplitude 141.1 mm/s RMS exceeding trip setpoint. Isolate pump, drain casing, disassemble bearing housing. Replace drive end bearing NU2316. Realign coupling to within 0.05mm TIR. Functional test at duty point.",1,2,3,3,1,False
31153,0,GB-010,gb-010,PM,PM03,Gearbox GB-03 annual oil change and internal inspection.,Drain and replace oil. Open inspection covers. Inspect gear teeth for wear and pitting. Check all bearing clearances. Replace seals. Refill. Run up and verify temperature and noise.,Gearbox GB-03 annual oil change and internal inspection. Drain and replace oil. Open inspection covers. Inspect gear teeth for wear and pitting. Check all bearing clearances. Replace seals. Refill. Run up and verify temperature and noise.,1,0,3,3,1,False
31322,0,,,,PM02,"Heat Exchanger HX-101 annual inspection. Tube bundle inspection, gasket replacement and pressure test.",Drain and open channel head. Inspect tube sheet and tubes using boroscope. Replace gaskets on both heads. Hydraulic pressure test. Reinstate and commission.,"Heat Exchanger HX-101 annual inspection. Tube bundle inspection, gasket replacement and pressure test. Drain and open channel head. Inspect tube sheet and tubes using boroscope. Replace gaskets on both heads. Hydraulic pressure test. Reinstate and commission.",0,0,0,3,1,False
31410,0,BLR-116,BLR-116,CM,CM03,Boiler BLR-101 feedwater pump failure. Loss of boiler feed. Emergency shutdown initiated.,Start standby feedwater pump. Investigate duty pump failure. Replace mechanical seal and bearings on duty pump. Test duty pump before returning to service.,Boiler BLR-101 feedwater pump failure. Loss of boiler feed. Emergency shutdown initiated. Start standby feedwater pump. Investigate duty pump failure. Replace mechanical seal and bearings on duty pump. Test duty pump before returning to service.,1,0,3,2,1,False
31978,0,SEP-088,SEP-088,CM,CM03,Separator SEP-01 interface level control erratic. LT-209 suspected fouling on displacer.,Remove level transmitter. Clean displacer float. Calibrate instrument using water column. Replace isolation valves on bridle if passing. Reinstall and verify control response.,Separator SEP-01 interface level control erratic. LT-209 suspected fouling on displacer. Remove level transmitter. Clean displacer float. Calibrate instrument using water column. Replace isolation valves on bridle if passing. Reinstall and verify control response.,0,0,1,4,2,False
32145,0,CF-046,CF-046,PM,PM02,"Centrifuge CF-02 six-monthly basket, bearing and seal inspection.",Inspect basket condition. Measure bearing clearances. Check mechanical seal faces. Inspect braking system. Lubricate all grease points. Test safety interlock operation.,"Centrifuge CF-02 six-monthly basket, bearing and seal inspection. Inspect basket condition. Measure bearing clearances. Check mechanical seal faces. Inspect braking system. Lubricate all grease points. Test safety interlock operation.",0,0,2,3,1,False
32544,0,,,CM,CM03,Filter F-201 differential pressure high-high alarm. DP 265.20 bar. Cartridges blocked. Production stopped.,Isolate filter. Drain housing. Remove and replace all 1 filter cartridges with grade 0.2 micron. Inspect housing for damage. Reassemble and pressure test.,Filter F-201 differential pressure high-high alarm. DP 265.20 bar. Cartridges blocked. Production stopped. Isolate filter. Drain housing. Remove and replace all 1 filter cartridges with grade 0.2 micron. Inspect housing for damage. Reassemble and pressure test.,0,1,1,4,1,False
32781,0,AG-081,AG-081,CM,CM03,Agitator AG-01 gearbox oil temperature high. Temperature 34 degC above alarm setpoint.,Drain gearbox. Inspect internal gears and bearings for damage. Replace oil. Clean oil cooler if fitted. If bearing damaged replace and refill. Run up and monitor temperature.,Agitator AG-01 gearbox oil temperature high. Temperature 34 degC above alarm setpoint. Drain gearbox. Inspect internal gears and bearings for damage. Replace oil. Clean oil cooler if fitted. If bearing damaged replace and refill. Run up and monitor temperature.,1,0,2,4,1,False
32915,0,DOS-183,DOS-183,CM,CM02,Dosing Pump DOS-101 low flow alarm. Dosing rate 264.5 L/h below setpoint. Diaphragm or valve fault.,Inspect suction and discharge check valves for wear or debris. Replace valve balls and seats. Check diaphragm condition. Replace diaphragm if cracked. Calibrate stroke length. Verify flow rate.,Dosing Pump DOS-101 low flow alarm. Dosing rate 264.5 L/h below setpoint. Diaphragm or valve fault. Inspect suction and discharge check valves for wear or debris. Replace valve balls and seats. Check diaphragm condition. Replace diaphragm if cracked. Calibrate stroke length. Verify flow rate.,2,0,2,4,1,False
33027,0,BM-009,BM-009,PM,PM01,Ball Mill BM-01 six-monthly oil analysis and lubrication system inspection.,Take oil samples from all bearing reservoirs. Inspect filters and strainers. Check oil coolers. Replace oil if analysis shows degradation. Flush if metal contamination detected.,Ball Mill BM-01 six-monthly oil analysis and lubrication system inspection. Take oil samples from all bearing reservoirs. Inspect filters and strainers. Check oil coolers. Replace oil if analysis shows degradation. Flush if metal contamination detected.,0,0,2,3,1,False
33113,0,M-076,M-076,PM,PM01,Motor M-07 annual motor inspection including terminal box and cooling fan check.,Inspect terminal box for moisture ingress and loose connections. Clean cooling fins and fan guard. Check mounting bolts. Verify earthing continuity. Test run and measure current balance.,Motor M-07 annual motor inspection including terminal box and cooling fan check. Inspect terminal box for moisture ingress and loose connections. Clean cooling fins and fan guard. Check mounting bolts. Verify earthing continuity. Test run and measure current balance.,2,0,2,3,1,False
33196,0,K-229,K-229,CM,CMM01,Compressor K-201 low lube oil pressure alarm. Oil pressure 201.70 bar below minimum. Unit tripped.,Drain and inspect lube oil system. Replace oil filter cartridges. Check oil pump relief valve. Refill with approved oil grade. Run up and verify pressure.,Compressor K-201 low lube oil pressure alarm. Oil pressure 201.70 bar below minimum. Unit tripped. Drain and inspect lube oil system. Replace oil filter cartridges. Check oil pump relief valve. Refill with approved oil grade. Run up and verify pressure.,1,1,4,3,1,False
33523,0,P-728,P-728,CM,CM03,Centrifugal Pump P-601 mechanical seal failure. Product leakage observed at gland area estimated 5.5 L/h.,"Replace complete mechanical seal cartridge. Flush seal chamber, pressure test at 3.3 bar. Return to service and monitor seal flush flow.","Centrifugal Pump P-601 mechanical seal failure. Product leakage observed at gland area estimated 5.5 L/h. Replace complete mechanical seal cartridge. Flush seal chamber, pressure test at 3.3 bar. Return to service and monitor seal flush flow.",1,1,2,3,1,False
33677,0,DC-173,DC-173,PM,PM02,Distillation Column DC-101 planned turnaround tray inspection and cleaning.,Full internal inspection of all trays. Record tray conditions. Replace damaged tray panels. Clean downcomers and sumps. Inspect column internals for corrosion.,Distillation Column DC-101 planned turnaround tray inspection and cleaning. Full internal inspection of all trays. Record tray conditions. Replace damaged tray panels. Clean downcomers and sumps. Inspect column internals for corrosion.,0,0,0,3,1,False
33694,20174413,DOS-034,DOS-034,PM,PM02,Dosing Pump DOS-02 six-monthly diaphragm replacement and valve inspection.,Replace dosing diaphragm as preventive measure. Inspect suction and discharge valves. Replace worrn valve components. Flush dosing head. Calibrate stroke and verify flow rate.,Dosing Pump DOS-02 six-monthly diaphragm replacement and valve inspection. Replace dosing diaphragm as preventive measure. Inspect suction and discharge valves. Replace worrn valve components. Flush dosing head. Calibrate stroke and verify flow rate.,2,0,2,3,1,False
33750,0,TK-043,TK-043,PM,PM02,"Storage Tank TK-02 API 653 internal inspection. Floor, shell and roof condition assessment.",Drain and gas free tank. Internal inspection per API 653. Measure floor plate thickness using UT. Inspect shell for corrosion. Check annular plates. Write inspection report.,"Storage Tank TK-02 API 653 internal inspection. Floor, shell and roof condition assessment. Drain and gas free tank. Internal inspection per API 653. Measure floor plate thickness using UT. Inspect shell for corrosion. Check annular plates. Write inspection report.",0,0,0,2,1,False
34258,0,FCC-127,FCC-127,CM,CM01,Fluid Catalytic Cracker FCC-02 standpipe pluggage event. Catalyst circulation lost.,Implement catalyst aeration procedure to restore standpipe flow. Inspect aeration taps for blockage. Clear any aeration line pluggage. Monitor catalyst density profile after recovery.,Fluid Catalytic Cracker FCC-02 standpipe pluggage event. Catalyst circulation lost. Implement catalyst aeration procedure to restore standpipe flow. Inspect aeration taps for blockage. Clear any aeration line pluggage. Monitor catalyst density profile after recovery.,0,0,0,2,1,False
34360,0,HX-089,HX-089,PM,PM01,"Heat Exchanger HX-01 annual inspection. Tube bundle inspection, gasket replacement and pressure test.",Drain and open channel head. Inspect tube sheet and tubes using boroscope. Replace gaskets on both heads. Hydraulic pressure test. Reinstate and commission.,"Heat Exchanger HX-01 annual inspection. Tube bundle inspection, gasket replacement and pressure test. Drain and open channel head. Inspect tube sheet and tubes using boroscope. Replace gaskets on both heads. Hydraulic pressure test. Reinstate and commission.",0,0,0,3,1,False
34394,0,CV-043,CV-043,PM,PM01,Belt Conveyor CV-03 annual gearbox oil change and drive inspection.,Drain gearbox. Replace oil with approved grade. Inspect coupling and guard condition. Check brake adjustment. Verify all safety switches and interlocks operational.,Belt Conveyor CV-03 annual gearbox oil change and drive inspection. Drain gearbox. Replace oil with approved grade. Inspect coupling and guard condition. Check brake adjustment. Verify all safety switches and interlocks operational.,2,0,4,4,1,False
34739,0,M-103,M-103,PM,PM01,Motor M-07 six-monthly insulation resistance test and bearing grease replenishment.,IR test all three phases and record. Grease drive end and non-drive end bearings per lubrication schedule. Check terminal connections for heat damage. Document results.,Motor M-07 six-monthly insulation resistance test and bearing grease replenishment. IR test all three phases and record. Grease drive end and non-drive end bearings per lubrication schedule. Check terminal connections for heat damage. Document results.,1,0,2,2,1,False
34907,0,DC-037,DC-037,CM,CM03,Distillation Column DC-02 flooding indicated by differential pressure 222 mbar above normal 89 mbar.,"Open column manways. Inspect trays 1 to 20 for fouling, damage and downcomer blockage. Clean trays with high pressure water. Inspect weir heights.","Distillation Column DC-02 flooding indicated by differential pressure 222 mbar above normal 89 mbar. Open column manways. Inspect trays 1 to 20 for fouling, damage and downcomer blockage. Clean trays with high pressure water. Inspect weir heights.",0,0,0,2,1,False
34923,0,DP-006,DP-006,PM,PM01,Diaphragm Pump DP-01 annual diaphragm and valve inspection.,Inspect diaphragms for cracking and deformation. Replace both diaphragms preventively. Inspect ball valves and seats. Replace worn components. Test pump performance.,Diaphragm Pump DP-01 annual diaphragm and valve inspection. Inspect diaphragms for cracking and deformation. Replace both diaphragms preventively. Inspect ball valves and seats. Replace worn components. Test pump performance.,2,0,2,3,1,False
34976,0,TRB-130,TRB-130,PM,PM03,Steam Turbine TRB-02 annual steam turbine inspection and governor test.,"Partial disassembly inspection. Inspect blade condition, labyrinth seals and gland packing. Test governor and overspeed trip. Replace gland packing. Update inspection record.","Steam Turbine TRB-02 annual steam turbine inspection and governor test. Partial disassembly inspection. Inspect blade condition, labyrinth seals and gland packing. Test governor and overspeed trip. Replace gland packing. Update inspection record.",0,0,1,3,1,False
35060,0,HX-306,HX-306,PM,PM03,Heat Exchanger HX-201 six-monthly fouling inspection based on duty criticality.,Measure differential pressure and calculate fouling factor. If above threshold clean tube bundle. Inspect sacrificial anodes. Document condition in RBI record.,Heat Exchanger HX-201 six-monthly fouling inspection based on duty criticality. Measure differential pressure and calculate fouling factor. If above threshold clean tube bundle. Inspect sacrificial anodes. Document condition in RBI record.,0,0,0,2,1,False
35160,0,P-241,P-241,PM,PM01,"Centrifugal Pump P-103 six-monthly planned maintenance. Bearing inspection, mechanical seal check and coupling alignment verification.",Inspect bearing condition and clearances. Replenish grease per lubrication schedule Shell Omala 220. Check coupling alignment. Verify seal flush flow rate. Update maintenance record.,"Centrifugal Pump P-103 six-monthly planned maintenance. Bearing inspection, mechanical seal check and coupling alignment verification. Inspect bearing condition and clearances. Replenish grease per lubrication schedule Shell Omala 220. Check coupling alignment. Verify seal flush flow rate. Update maintenance record.",1,0,4,4,1,False
35428,0,FCC-075,FCC-075,CM,CM03,Fluid Catalytic Cracker FCC-01 standpipe pluggage event. Catalyst circulation lost.,Implement catalyst aeration procedure to restore standpipe flow. Inspect aeration taps for blockage. Clear any aeration line pluggage. Monitor catalyst density profile after recovery.,Fluid Catalytic Cracker FCC-01 standpipe pluggage event. Catalyst circulation lost. Implement catalyst aeration procedure to restore standpipe flow. Inspect aeration taps for blockage. Clear any aeration line pluggage. Monitor catalyst density profile after recovery.,0,0,0,2,1,False
35611,0,EV-119,EV-119,CM,CM02,Evaporator EV-02 product carryover into condenser. Entrainment separator fouled.,Remove and clean entrainment separator mesh pads. Inspect for damage. Replace if mesh is blocked or torn. Verify separator performance post cleaning.,Evaporator EV-02 product carryover into condenser. Entrainment separator fouled. Remove and clean entrainment separator mesh pads. Inspect for damage. Replace if mesh is blocked or torn. Verify separator performance post cleaning.,0,0,0,3,1,False
35715,0,HX-234,HX-234,CM,CM01,Heat Exchanger HX-201 differential pressure high alarm. Tube side pressure drop 252.50 bar versus clean baseline 7.60 bar.,Isolate and drain tube side. Hydroblast tube bundle to remove fouling deposit. Inspect tube wall thickness using eddy current testing. Reassemble and pressure test.,Heat Exchanger HX-201 differential pressure high alarm. Tube side pressure drop 252.50 bar versus clean baseline 7.60 bar. Isolate and drain tube side. Hydroblast tube bundle to remove fouling deposit. Inspect tube wall thickness using eddy current testing. Reassemble and pressure test.,0,1,0,3,1,False
35796,0,FM-235,FM-235,CM,CM01,Fermentor FM-101 agitator current trending up 12% over 30 days. Impeller fouling or seal wear suspected.,After batch completion inspect agitator shaft seal assembly. Check impeller blade wear and fouling. Measure shaft runout. Replace lip seals. Clean impeller. Re-measure current baseline.,Fermentor FM-101 agitator current trending up 12% over 30 days. Impeller fouling or seal wear suspected. After batch completion inspect agitator shaft seal assembly. Check impeller blade wear and fouling. Measure shaft runout. Replace lip seals. Clean impeller. Re-measure current baseline.,0,1,3,4,1,False
35983,0,TK-099,TK-099,CM,CM03,Storage Tank TK-02 roof drain blockage causing water ingress to product.,Clear roof drain blockage. Inspect drain seal condition. Replace corroded drain fitting. Verify drain flow rate post repair.,Storage Tank TK-02 roof drain blockage causing water ingress to product. Clear roof drain blockage. Inspect drain seal condition. Replace corroded drain fitting. Verify drain flow rate post repair.,0,1,1,3,1,False
36056,0,M-013,M-013,CM,CM02,Motor M-08 VFD overcurrent fault. Drive tripped on F0002 at 296.4 A.,Check VFD parameters and fault log. Inspect motor terminal connections. Megger test windings. Check encoder feedback signal. Clear fault and trial run under reduced load.,Motor M-08 VFD overcurrent fault. Drive tripped on F0002 at 296.4 A. Check VFD parameters and fault log. Inspect motor terminal connections. Megger test windings. Check encoder feedback signal. Clear fault and trial run under reduced load.,1,1,1,2,1,False
36210,0,P-287,P-287,CM,CM02,Centrifugal Pump P-202 high vibration alarm on drive end bearing. Amplitude 25.7 mm/s RMS exceeding trip setpoint.,"Isolate pump, drain casing, disassemble bearing housing. Replace drive end bearing 6308-2RS. Realign coupling to within 0.05mm TIR. Functional test at duty point.","Centrifugal Pump P-202 high vibration alarm on drive end bearing. Amplitude 25.7 mm/s RMS exceeding trip setpoint. Isolate pump, drain casing, disassemble bearing housing. Replace drive end bearing 6308-2RS. Realign coupling to within 0.05mm TIR. Functional test at duty point.",1,2,3,3,1,False
37221,0,P-131,P-131,CM,,Centrifugal Pump P-101 motor overload trip. Overcurrent detected phase A 230.0 A above FLC.,Megger test motor windings. Check VFD parameters. Inspect terminal connections for heat damage. Replace overload relay if tripped beyond reset.,Centrifugal Pump P-101 motor overload trip. Overcurrent detected phase A 230.0 A above FLC. Megger test motor windings. Check VFD parameters. Inspect terminal connections for heat damage. Replace overload relay if tripped beyond reset.,2,1,2,4,1,False
37294,0,DC-071,DC-071,PM,PM02,Distillation Column DC-01 planned turnaround tray inspection and cleaning.,Full internal inspection of all trays. Record tray conditions. Replace damaged tray panels. Clean downcomers and sumps. Inspect column internals for corrosion.,Distillation Column DC-01 planned turnaround tray inspection and cleaning. Full internal inspection of all trays. Record tray conditions. Replace damaged tray panels. Clean downcomers and sumps. Inspect column internals for corrosion.,0,0,0,3,1,False
37461,0,BLR-007,Blr-007,CM,CM02,Boiler BLR-01 feedwater pump failure. Loss of boiler feed. Emergency shutdown initiated.,Start standby feedwater pump. Investigate duty pump failure. Replace mechanical seal and bearings on duty pump. Test duty pump before returning to service.,Boiler BLR-01 feedwater pump failure. Loss of boiler feed. Emergency shutdown initiated. Start standby feedwater pump. Investigate duty pump failure. Replace mechanical seal and bearings on duty pump. Test duty pump before returning to service.,1,0,3,2,1,False
37513,20258659,GS-149,GS-149,PM,PM01,Gas Scrubber GS-101 six-monthly sump inspection and recirculation pump service.,Drain and inspect sump for sediment and corrosion. Clean sump. Service recirculation pump. Replace mechanical seal. Clean recirculation strainer. Refill and verify liquid distribution.,Gas Scrubber GS-101 six-monthly sump inspection and recirculation pump service. Drain and inspect sump for sediment and corrosion. Clean sump. Service recirculation pump. Replace mechanical seal. Clean recirculation strainer. Refill and verify liquid distribution.,1,0,2,3,1,False
37844,0,UF-092,UF-092,PM,PM01,Ultrafiltration Unit UF-01 annual module replacement based on service life.,Replace all membrane modules at planned service life interval. Perform full integrity test on replacement modules. Rebaseline flux and establish new performance record.,Ultrafiltration Unit UF-01 annual module replacement based on service life. Replace all membrane modules at planned service life interval. Perform full integrity test on replacement modules. Rebaseline flux and establish new performance record.,0,0,0,2,1,False
37889,0,F-225,F-225,CM,CM02,Filter F-101 housing O-ring failure. Bypass leakage detected downstream. Integrity breach.,Drain and disassemble filter housing. Replace O-ring with compatible elastomer. Inspect housing sealing faces for damage. Reassemble and perform integrity test.,Filter F-101 housing O-ring failure. Bypass leakage detected downstream. Integrity breach. Drain and disassemble filter housing. Replace O-ring with compatible elastomer. Inspect housing sealing faces for damage. Reassemble and perform integrity test.,0,1,1,3,1,False
37948,0,DRY-022,DRY-022,PM,PM02,Dryer DRY-01 annual vessel inspection and filter sock replacement.,,Dryer DRY-01 annual vessel inspection and filter sock replacement.,0,0,1,0,1,False
38214,0,SC-064,SC-064,CM,CM03,Screw Conveyor SC-01 blocked. Motor overload trip. Material compaction in trough.,Isolate and lockout. Access clean out ports to clear material compaction. Check for foreign material in product. Inspect screw for damage. Verify material properties within design spec.,Screw Conveyor SC-01 blocked. Motor overload trip. Material compaction in trough. Isolate and lockout. Access clean out ports to clear material compaction. Check for foreign material in product. Inspect screw for damage. Verify material properties within design spec.,2,2,2,4,1,False
38294,0,DC-134,DC-134,CM,CM01,Distillation Column DC-01 reboiler steam control valve CV failure. Valve stuck at 56% open.,Isolate control valve. Remove actuator and positioner. Disassemble valve body. Inspect seat and plug for erosion. Replace trim if worn. Calibrate positioner and stroke test.,Distillation Column DC-01 reboiler steam control valve CV failure. Valve stuck at 56% open. Isolate control valve. Remove actuator and positioner. Disassemble valve body. Inspect seat and plug for erosion. Replace trim if worn. Calibrate positioner and stroke test.,1,0,1,5,1,False
38299,0,HX-280,HX-280,PM,PM01,"Heat Exchanger HX-201 annual inspection. Tube bundle inspection, gasket replacemnt and pressure test.",Drain and open channel head. Inspect tube sheet and tubes using boroscope. Replace gaskets on both heads. Hydraulic pressure test. Reinstate and commission.,"Heat Exchanger HX-201 annual inspection. Tube bundle inspection, gasket replacemnt and pressure test. Drain and open channel head. Inspect tube sheet and tubes using boroscope. Replace gaskets on both heads. Hydraulic pressure test. Reinstate and commission.",0,0,0,3,1,False
38396,0,HV-055,HV-055,CM,CM01,HVAC Unit HV-01 supply fan drive belt failure. Airflow loss to controlled area.,replace drive belt with correct specification. check tension and alignment on pulleys. run up and verify supply air volume. check room pressures return to setpoint.,HVAC Unit HV-01 supply fan drive belt failure. Airflow loss to controlled area. replace drive belt with correct specification. check tension and alignment on pulleys. run up and verify supply air volume. check room pressures return to setpoint.,1,0,2,3,1,False
38552,0,UF-134,UF-134,CM,CM03,Ultrafiltration Unit UF-01 normalised flux declining 158% versus baseline. Membrane fouling confirmed.,Perform enhanced CIP with EDTA 15% solution. Monitor flux recovery. If flux not restored replace fouled membrane modules. Rebaseline after chemical clean.,Ultrafiltration Unit UF-01 normalised flux declining 158% versus baseline. Membrane fouling confirmed. Perform enhanced CIP with EDTA 15% solution. Monitor flux recovery. If flux not restored replace fouled membrane modules. Rebaseline after chemical clean.,0,0,0,3,1,False
39077,0,CT-229,CT-229,PM,PM02,Cooling Tower CT-101 six-monthly fan inspection and gearbox oil change.,Inspect fan blades for erosion. Check blade pitch angle uniformity. Change gearbox oil. Inspect gearbox for wear. Lubricate fan shaft bearings. Measure and record vibration.,Cooling Tower CT-101 six-monthly fan inspection and gearbox oil change. Inspect fan blades for erosion. Check blade pitch angle uniformity. Change gearbox oil. Inspect gearbox for wear. Lubricate fan shaft bearings. Measure and record vibration.,2,0,4,3,1,False
39520,0,P-434,P-434,PDM,PDM1,Centrifugal Pump P-301 motor current increasing trend. Current draw 281.5 A versus baseline 126.6 A. Possible internal wear.,Inspect impeller and wear rings for erosion. Measure internal clearances. Replace worn components. Re-test performance at duty conditions.,Centrifugal Pump P-301 motor current increasing trend. Current draw 281.5 A versus baseline 126.6 A. Possible internal wear. Inspect impeller and wear rings for erosion. Measure internal clearances. Replace worn components. Re-test performance at duty conditions.,2,1,3,3,1,False
39595,0,BLR-123,BLR-123,PM,PM02,Boiler BLR-02 six-monthly burner service and combustion efficiency test.,Service burner. Clean fuel nozzles. Check igniter electrode gap. Calibrate combustion analyser. Run combustion efficiency test. Adjust air-fuel ratio for optimum efficiency.,Boiler BLR-02 six-monthly burner service and combustion efficiency test. Service burner. Clean fuel nozzles. Check igniter electrode gap. Calibrate combustion analyser. Run combustion efficiency test. Adjust air-fuel ratio for optimum efficiency.,0,0,0,4,1,False
39922,0,F-045,F-045,CM,CM02,Filtеr F-03 differential рressure high-high alarm. DP 186.00 bar. Cartridgеs bloсked. Production stοpрed.,Isolate filter. Drain housing. Remove and replace all 3 filter cartridges with grade 25 micron. Inspect housing for damage. Reassemble and pressure test.,Filtеr F-03 differential рressure high-high alarm. DP 186.00 bar. Cartridgеs bloсked. Production stοpрed. Isolate filter. Drain housing. Remove and replace all 3 filter cartridges with grade 25 micron. Inspect housing for damage. Reassemble and pressure test.,0,0,1,4,1,False
39953,0,SEP-200,SEP-200,CM,CM03,Separator SEP-101 interface level control erratic. LT-209 suspected fouling on displacer.,Remove level transmitter. Clean displacer float. Calibrate instrument using water column. Replace isolation valves on bridle if passing. Reinstall and verify control response.,Separator SEP-101 interface level control erratic. LT-209 suspected fouling on displacer. Remove level transmitter. Clean displacer float. Calibrate instrument using water column. Replace isolation valves on bridle if passing. Reinstall and verify control response.,0,0,1,4,2,False
40085,0,HX-116,HX-116,CM,CM03,Heat Exchanger HX-101 differential pressure high alarm. Tube side pressure drop 278.00 bar versus clean baseline 121.60 bar.,Isolate and drain tube side. Hydroblast tube bundle to remove fouling deposit. Inspect tube wall thickness using eddy current testing. Reassemble and pressure test.,Heat Exchanger HX-101 differential pressure high alarm. Tube side pressure drop 278.00 bar versus clean baseline 121.60 bar. Isolate and drain tube side. Hydroblast tube bundle to remove fouling deposit. Inspect tube wall thickness using eddy current testing. Reassemble and pressure test.,0,1,0,3,1,False
40443,0,,,PM,PM01,HVAC Unit HV-02 six-monthly filter change and coil inspection.,Replace primary and secondary filters. Clean cooling and heating coils. Check condensate drain tray and trap. Inspect ductwork connection flanges. Document filter changes.,HVAC Unit HV-02 six-monthly filter change and coil inspection. Replace primary and secondary filters. Clean cooling and heating coils. Check condensate drain tray and trap. Inspect ductwork connection flanges. Document filter changes.,0,0,1,4,1,False
40556,0,HV-140,HV-140,CM,CM1,HVAC Unit HV-01 supply fan drive belt failure. Airflow loss to controlled area.,Replace drive belt with correct specification. Check tension and alignment on pulleys. Run up and verify supply air volume. Check room pressures return to setpoint.,HVAC Unit HV-01 supply fan drive belt failure. Airflow loss to controlled area. Replace drive belt with correct specification. Check tension and alignment on pulleys. Run up and verify supply air volume. Check room pressures return to setpoint.,1,0,2,3,1,False
40752,0,HV-013,HV-013,PM,PM02,HVAC Unit HV-01 annual AHU inspection including ductwork and damper verification.,Full AHU inspection. Check all damper actuators and blades. Inspect fan blades for wear. Clean heat exchange coil with biocide solution. Verify all interlocks.,HVAC Unit HV-01 annual AHU inspection including ductwork and damper verification. Full AHU inspection. Check all damper actuators and blades. Inspect fan blades for wear. Clean heat exchange coil with biocide solution. Verify all interlocks.,0,0,1,3,1,False
40873,0,HP-139,HP-139,PM,PM03,Hydraulic Press HP-02 annual hydraulic oil change and cylinder inspection.,Drain and replace hydraulic oil. Replace suction and return filters. Inspect cylinder rods and seals. Check all hydraulic hoses for condition. Verify accumulator precharge pressure.,Hydraulic Press HP-02 annual hydraulic oil change and cylinder inspection. Drain and replace hydraulic oil. Replace suction and return filters. Inspect cylinder rods and seals. Check all hydraulic hoses for condition. Verify accumulator precharge pressure.,0,0,4,3,1,False
40961,0,FM-212,FM-212,CM,CM01,Fermentor FM-101 agitator current trending up 12% over 30 days. Impeller fouling or seal wear suspected.,After batch completion inspect agitator shaft seal assembly. Check impeller blade wear and fouling. Measure shaft runout. Replace lip seals. Clean impeller. Re-measure current baseline.,Fermentor FM-101 agitator current trending up 12% over 30 days. Impeller fouling or seal wear suspected. After batch completion inspect agitator shaft seal assembly. Check impeller blade wear and fouling. Measure shaft runout. Replace lip seals. Clean impeller. Re-measure current baseline.,0,1,3,4,1,False
40997,0,DC-068,DC-068,CM,CM01,Distillation Column DC-01 flooding indicated by differential pressure 108 mbar above normal 77 mbar.,"Open column manways. Inspect trays 5 to 11 for fouling, damage and downcomer blockage. Clean trays with high pressure water. Inspect weir heights.","Distillation Column DC-01 flooding indicated by differential pressure 108 mbar above normal 77 mbar. Open column manways. Inspect trays 5 to 11 for fouling, damage and downcomer blockage. Clean trays with high pressure water. Inspect weir heights.",0,0,0,2,1,False
41032,20453843,SC-087,SC-087,PM,PM01,Screw Conveyor SC-02 six-monthly flight wear inspection and bearing lubrication.,Inspect screw flight wear profile. Measure flight thickness at wear points. Replace screw section if below minimum thickness. Lubricate all bearings. Check seals at inlet and outlet.,Screw Conveyor SC-02 six-monthly flight wear inspection and bearing lubrication. Inspect screw flight wear profile. Measure flight thickness at wear points. Replace screw section if below minimum thickness. Lubricate all bearings. Check seals at inlet and outlet.,1,1,3,4,1,False
41091,0,RLP-039,RLP-039,PM,PM03,"Rotary Lobe Pump RLP-02 six-monthly lobe inspection, gearbox oil change and seal check.",Drain gearbox. Replace oil. Inspect lobes for wear and damage. Check rotor tip clearances against tolerance. Replace front seals as preventive measure. Document lobe condition.,"Rotary Lobe Pump RLP-02 six-monthly lobe inspection, gearbox oil change and seal check. Drain gearbox. Replace oil. Inspect lobes for wear and damage. Check rotor tip clearances against tolerance. Replace front seals as preventive measure. Document lobe condition.",2,0,3,3,1,False
41181,20305049,VP-058,VP-058,,CM02,Vacuum Pump VP-01 oil temperature high alarm. Cooling water flow restricted.,Check cooling water supply valve and flow. Clean water cooler if fouled. Replace oil if discoloured. Verify oil level. Run up and monitor temperature recovery.,Vacuum Pump VP-01 oil temperature high alarm. Cooling water flow restricted. Check cooling water supply valve and flow. Clean water cooler if fouled. Replace oil if discoloured. Verify oil level. Run up and monitor temperature recovery.,1,0,2,4,1,False
41478,0,CT-068,CT-068,CM,CM01,Cooling Tower CT-02 fan bearing failure. High vibration 83.7 mm/s. Fan shutdown.,Isolate fan. Remove fan assembly. Replace fan shaft bearing. Check fan blade condition and balance. Reassemble. Verify vibration on restart below alarm setpoint.,Cooling Tower CT-02 fan bearing failure. High vibration 83.7 mm/s. Fan shutdown. Isolate fan. Remove fan assembly. Replace fan shaft bearing. Check fan blade condition and balance. Reassemble. Verify vibration on restart below alarm setpoint.,1,2,3,3,1,False
41600,0,F-079,F-079,PM,PM03,Filter F-01 quarterly filter housing inspection and O-ring check.,Inspect O-ring condition and housing sealing surfaces. Replace O-ring as precautionary measure. Pressure test housing. Verify differential pressure indication.,Filter F-01 quarterly filter housing inspection and O-ring check. Inspect O-ring condition and housing sealing surfaces. Replace O-ring as precautionary measure. Pressure test housing. Verify differential pressure indication.,0,0,1,3,1,False
42055,0,P-118,P-118,CM,CM03,Centrifugal Pump P-101 cavitating intermittently. Suction pressure 215.30 bar below minimum NPSH required.,Check suction strainer differential pressure. Clean strainer basket. Verify suction vessel level. Adjust operating point to restore positive NPSH.,Centrifugal Pump P-101 cavitating intermittently. Suction pressure 215.30 bar below minimum NPSH required. Check suction strainer differential pressure. Clean strainer basket. Verify suction vessel level. Adjust operating point to restore positive NPSH.,1,0,1,3,1,False
42159,0,HX-120,HX-120,CM,CM03,Heat Exchanger HX-101 tube leak detected. Cross contamination confirmed by conductivity rise on shell side.,Pressure test tube bundle with nitrogen. Identify leaking tubes. Plug failed tubes or replace bundle. Hydrotest at 1.5x design pressure. Update mechanical integrity record.,Heat Exchanger HX-101 tube leak detected. Cross contamination confirmed by conductivity rise on shell side. Pressure test tube bundle with nitrogen. Identify leaking tubes. Plug failed tubes or replace bundle. Hydrotest at 1.5x design pressure. Update mechanical integrity record.,0,1,0,2,1,False
42259,0,HX-093,HX-093,CM,CM01,Heat Exchanger HX-04 tube leak detected. Cross contamination confirmed by conductivity rise on shell side.,Pressure test tube bundle with nitrogen. Identify leaking tubes. Plug failed tubes or replace bundle. Hydrotest at 1.5x design pressure. Update mechanical integrity record.,Heat Exchanger HX-04 tube leak detected. Cross contamination confirmed by conductivity rise on shell side. Pressure test tube bundle with nitrogen. Identify leaking tubes. Plug failed tubes or replace bundle. Hydrotest at 1.5x design pressure. Update mechanical integrity record.,0,1,0,2,1,False
42449,0,SD-004,SD-004,CM,CM02,Spray Dryer SD-01 atomiser wheel bearing failure. Shaft vibration 215.2 mm/s. Emergency stop.,Replace atomiser wheel bearing assembly. Dynamically balance wheel after assembly. Run up at low speed to verify vibration before full speed operation. Monitor continuously for 24 hours.,Spray Dryer SD-01 atomiser wheel bearing failure. Shaft vibration 215.2 mm/s. Emergency stop. Replace atomiser wheel bearing assembly. Dynamically balance wheel after assembly. Run up at low speed to verify vibration before full speed operation. Monitor continuously for 24 hours.,0,1,2,2,1,False
42633,0,BBM-143,BBM-143,PM,PM01,Ball Mill BM-101 six-monthly oil analysis and lubrication system inspection.,Take oil samples from all bearing reservoirs. Inspect filters and strainers. Check oil coolers. Replace oil if analysis shows degradation. Flush if metal contamination detected.,Ball Mill BM-101 six-monthly oil analysis and lubrication system inspection. Take oil samples from all bearing reservoirs. Inspect filters and strainers. Check oil coolers. Replace oil if analysis shows degradation. Flush if metal contamination detected.,0,0,2,3,1,False
42671,0,DP-236,DP-236,CM,,Diaphragm Pump DP-101 pump stalled. Air inlet valve frozen open. No stroke detected.,Disassemble air distribution valve. Clean or replace frozen valve spool. Check air supply quality for moisture and contamination. Install air line filter-regulator-lubricator if not present.,Diaphragm Pump DP-101 pump stalled. Air inlet valve frozen open. No stroke detected. Disassemble air distribution valve. Clean or replace frozen valve spool. Check air supply quality for moisture and contamination. Install air line filter-regulator-lubricator if not present.,2,0,3,4,1,False
43253,0,P-74,P-74,,CM02,Centrifugal Pump P-501 cavitating intermittently. Suction pressure 271.30 bar below minimum NPSH required.,Check suction strainer differential pressure. Clean strainer basket. Verify suction vessel level. Adjust operating point to restore positive NPSH.,Centrifugal Pump P-501 cavitating intermittently. Suction pressure 271.30 bar below minimum NPSH required. Check suction strainer differential pressure. Clean strainer basket. Verify suction vessel level. Adjust operating point to restore positive NPSH.,1,0,1,3,1,False
43421,0,HV-006,HV-006,PM,PM01,HVAC Unit HV-02 six-monthly filter change and coil inspection.,Replace primary and secondary filters. Clean cooling and heating coils. Check condensate drain tray and trap. Inspect ductwork connection flanges. Document filter changes.,HVAC Unit HV-02 six-monthly filter change and coil inspection. Replace primary and secondary filters. Clean cooling and heating coils. Check condensate drain tray and trap. Inspect ductwork connection flanges. Document filter changes.,0,0,1,4,1,False
43753,0,M-050,M-050,CM,CM02,Motor M-01 VFD overсurrent fault. Drive tripрed on F0002 at 47.3 A.,Check VFD parameters and fault log. Inspect motor terminal connections. Megger test windings. Check encoder feedback signal. Clear fault and trial run under reduced load.,Motor M-01 VFD overсurrent fault. Drive tripрed on F0002 at 47.3 A. Check VFD parameters and fault log. Inspect motor terminal connections. Megger test windings. Check encoder feedback signal. Clear fault and trial run under reduced load.,1,0,1,2,1,False
43924,0,HX-134,HX-134,CM,CM02,Heat Exchanger HX-02 outlet temperature low. Heat transfer coefficient 164 W/m2K below design 173 W/m2K.,Chemical clean tube side with citric acid 20% solution for 12 hours. Flush with demineralised water. Re-baseline heat transfer performance.,Heat Exchanger HX-02 outlet temperature low. Heat transfer coefficient 164 W/m2K below design 173 W/m2K. Chemical clean tube side with citric acid 20% solution for 12 hours. Flush with demineralised water. Re-baseline heat transfer performance.,0,0,0,1,1,False
44364,0,FCC-128,FCC-128,CM,CM03,Fluid Catalytic Cracker FCC-02 slide valve actuator failure. Catalyst flow control lost on 215% valve stroke.,Isolate slide valve. Replace hydraulic actuator and positioner. Stroke test under atmospheric conditions. Verify control loop response before return to feed.,Fluid Catalytic Cracker FCC-02 slide valve actuator failure. Catalyst flow control lost on 215% valve stroke. Isolate slide valve. Replace hydraulic actuator and positioner. Stroke test under atmospheric conditions. Verify control loop response before return to feed.,1,0,1,3,1,False
44423,0,,,CM,CM01,Screw Conveyor SC-101 blocked. Motor overload trip. Material compaction in trough.,Isolate and lockout. Access clean out ports to clear material compaction. Check for foreign material in product. Inspect screw for damage. Verify material properties within design spec.,Screw Conveyor SC-101 blocked. Motor overload trip. Material compaction in trough. Isolate and lockout. Access clean out ports to clear material compaction. Check for foreign material in product. Inspect screw for damage. Verify material properties within design spec.,2,2,2,4,1,False
44693,0,CR-119,cr-119,PM,PM03,Crystalliser CR-01 annual internal inspection and agitator overhaul.,Drain vessel. Open manways. Internal inspection for scaling and corrosion. Replace agitator mechanical seal and bearings. Check jacket integrity. Inspect baffles.,Crystalliser CR-01 annual internal inspection and agitator overhaul. Drain vessel. Open manways. Internal inspection for scaling and corrosion. Replace agitator mechanical seal and bearings. Check jacket integrity. Inspect baffles.,0,0,2,3,1,False
45149,0,SEP-166,SEP-166,CM,CM02,Separator SEP-101 liquid dump valve failing to open. Liquid accumulation in vessel.,Isolate dump valve. Remove actuator. Inspect valve body for erosion and debris. Replace seat and trim. Actuator service. Stroke test under pressure. Verify automatic control.,Separator SEP-101 liquid dump valve failing to open. Liquid accumulation in vessel. Isolate dump valve. Remove actuator. Inspect valve body for erosion and debris. Replace seat and trim. Actuator service. Stroke test under pressure. Verify automatic control.,1,0,1,4,1,False
45154,0,K-022,K-022,PDM,PDM2,Compressor K-02 lube oil analysis shows elevated iron particles 211 ppm. Bearing wear suspected.,Inspect bearings and journal surfaces. Replace worn bearings. Flush and refill lube oil system. Repeat oil analysis after 200 hours runtime.,Compressor K-02 lube oil analysis shows elevated iron particles 211 ppm. Bearing wear suspected. Inspect bearings and journal surfaces. Replace worn bearings. Flush and refill lube oil system. Repeat oil analysis after 200 hours runtime.,1,1,2,2,1,False
45248,0,CF-145,CF-145,CM,CM03,Centrifuge CF-101 basket imbalance vibration trip. Vibration 185.9 mm/s peak. Product batch loss.,Balance basket assembly. Inspect screen for damage and blockage. Remove debris. Perform dynamic balance test. Trial run at 50% then 100% speed. Verify vibration within limits.,Centrifuge CF-101 basket imbalance vibration trip. Vibration 185.9 mm/s peak. Product batch loss. Balance basket assembly. Inspect screen for damage and blockage. Remove debris. Perform dynamic balance test. Trial run at 50% then 100% speed. Verify vibration within limits.,0,1,0,2,1,False
45269,0,GB-082,GB-082,,CM02,Gearbox GB-02 oil leak from output shaft seal. 99.0 L/h estimated loss rate.,Drain oil. Remove output shaft seal retainer. Replace lip seal and O-ring. Inspect shaft journal surface for scoring. Reinstall. Refill and check for leakage at operating pressure.,Gearbox GB-02 oil leak from output shaft seal. 99.0 L/h estimated loss rate. Drain oil. Remove output shaft seal retainer. Replace lip seal and O-ring. Inspect shaft journal surface for scoring. Reinstall. Refill and check for leakage at operating pressure.,1,1,3,3,1,False
45587,0,HP-134,HP-134,PM,PM03,Hydraulic Press HP-02 annual hydraulic oil change and cylinder inspection.,Drain and replace hydraulic oil. Replace suction and return filters. Inspect cylinder rods and seals. Check all hydraulic hoses for condition. Verify accumulatr precharge pressure.,Hydraulic Press HP-02 annual hydraulic oil change and cylinder inspection. Drain and replace hydraulic oil. Replace suction and return filters. Inspect cylinder rods and seals. Check all hydraulic hoses for condition. Verify accumulatr precharge pressure.,0,0,4,3,1,False
45789,20741789,BM-141,BM-141,CM,CM03,,Shut down mill. Inspect liner bolts for failure. Replace all suspect fasteners. Retorque all liner bolts to specification. Inspect liner plates for cracking. Trial run 2 hours.,Shut down mill. Inspect liner bolts for failure. Replace all suspect fasteners. Retorque all liner bolts to specification. Inspect liner plates for cracking. Trial run 2 hours.,0,0,1,2,0,False
45807,0,K-135,K-135,PDM,PDM2,Compressor K-03 lube oil analysis shows elevated iron particles 112 ppm. Bearing wear suspected.,Inspect bearings and journal surfaces. Replace worn bearings. Flush and refill lube oil system. Repeat oil analysis after 200 hours runtime.,Compressor K-03 lube oil analysis shows elevated iron particles 112 ppm. Bearing wear suspected. Inspect bearings and journal surfaces. Replace worn bearings. Flush and refill lube oil system. Repeat oil analysis after 200 hours runtime.,1,1,2,2,1,False
45900,0,P-396,P-396,CM,CM02,Centrifugal Pump P-301 motor overload trip. Overcurrent detected phase A 84.4 A above FLC.,Megger test motor windings. Check VFD parameters. Inspect terminal connections for heat damage. Replace overload relay if tripped beyond reset.,Centrifugal Pump P-301 motor overload trip. Overcurrent detected phase A 84.4 A above FLC. Megger test motor windings. Check VFD parameters. Inspect terminal connections for heat damage. Replace overload relay if tripped beyond reset.,2,1,2,4,1,False
46072,20456639,M-087,M-087,PM,PM01,Motor M-01 annual motor inspection including terminal box and cooling fan check.,Inspect terminal box for moisture ingress and loose connections. Clean cooling fins and fan guard. Check mounting bolts. Verify earthing continuity. Test run and measure current balance.,Motor M-01 annual motor inspection including terminal box and cooling fan check. Inspect terminal box for moisture ingress and loose connections. Clean cooling fins and fan guard. Check mounting bolts. Verify earthing continuity. Test run and measure current balance.,2,0,2,3,1,False
46221,0,P-444,P-444,CM,CM02,Centrifugal Pump P-401 low flow alarm active. Flow 66.7 m3/h below minimum process requirement.,Inspect impeller for wear and blockage. Remove any debris. Check wear ring clearance. Trim impeller if required. Verify system curve against pump curve.,Centrifugal Pump P-401 low flow alarm active. Flow 66.7 m3/h below minimum process requirement. Inspect impeller for wear and blockage. Remove any debris. Check wear ring clearance. Trim impeller if required. Verify system curve against pump curve.,1,0,2,2,1,False
46224,0,R-2112,R-2112,PM,PM03,Reactor R-101 quarterly agitator mechanical seal and gearbox oil service.,Drain gearbox. Replace oil with approved grade. Inspect mechanical seal faces for wear. Replace seal if face wear exceeds tolerance. Check impeller clearance.,Reactor R-101 quarterly agitator mechanical seal and gearbox oil service. Drain gearbox. Replace oil with approved grade. Inspect mechanical seal faces for wear. Replace seal if face wear exceeds tolerance. Check impeller clearance.,1,0,3,3,1,False
46551,0,CR-122,CR-122,PM,PM01,Crystalliser CR-101 six-monthly agitator seal and bearing service.,Remove agitator shaft. Replace mechanical seal assembly. Inspect shaft fors coring. Replenish gearbox oil. Re-install and verify seal flush flow.,Crystalliser CR-101 six-monthly agitator seal and bearing service. Remove agitator shaft. Replace mechanical seal assembly. Inspect shaft fors coring. Replenish gearbox oil. Re-install and verify seal flush flow.,0,0,4,3,1,False
46561,20557060,M-112,M-112,PM,PM01,Motor M-07 six-monthly insulation resistance test and bearing grease replenishment.,IR test all three phases and record. Grease drive end and non-drive end bearings per lubrication schedule. Check terminal connections for heat damage. Document results.,Motor M-07 six-monthly insulation resistance test and bearing grease replenishment. IR test all three phases and record. Grease drive end and non-drive end bearings per lubrication schedule. Check terminal connections for heat damage. Document results.,1,0,2,2,1,False
46734,0,M-136,M-136,CM,CM03,Motor M-03 Vfd Overcurrent Fault. Drive Tripped On F0002 At 175.0 A.,Check VFD parameters and fault log. Inspect motor terminal connections. Megger test windings. Check encoder feedback signal. Clear fault and trial run under reduced load.,Motor M-03 Vfd Overcurrent Fault. Drive Tripped On F0002 At 175.0 A. Check VFD parameters and fault log. Inspect motor terminal connections. Megger test windings. Check encoder feedback signal. Clear fault and trial run under reduced load.,1,1,1,2,1,False
47009,0,DRY-229,DRY-229,CM,CM02,Dryer DRY-101 high product moisture alarm 267.5% above specification. Steam pressure insufficient.,Check steam supply pressure and control valve operation. Inspect heating coils for fouling. Clean coils. Verify moisture analyser calibration. Adjust drying cycle time if required.,Dryer DRY-101 high product moisture alarm 267.5% above specification. Steam pressure insufficient. Check steam supply pressure and control valve operation. Inspect heating coils for fouling. Clean coils. Verify moisture analyser calibration. Adjust drying cycle time if required.,0,0,1,5,1,False
47131,0,SEP-214,SEP-214,PM,PM01,Separator SEP-101 six-monthly level instrument calibration.,Cаlibrate all lеvel transmitters. Vеrify high and low levеl alаrm setpoints. Cheсk interface level instrumеnts. Dοcument calibrаtiοn rеsults.,Separator SEP-101 six-monthly level instrument calibration. Cаlibrate all lеvel transmitters. Vеrify high and low levеl alаrm setpoints. Cheсk interface level instrumеnts. Dοcument calibrаtiοn rеsults.,0,0,0,0,1,False
47316,0,EV-081,EV-081,CM,CM01,Evaporator EV-01 vacuum loss. Level dropping in vapour body. Steam ejector or vacuum pump fault suspected.,Inspect vacuum pump oil level and condition. Check all flanges and gaskets for air ingress using nitrogen pressure test. Replace failed gasket on vapour body flange. Re-establish vacuum.,Evaporator EV-01 vacuum loss. Level dropping in vapour body. Steam ejector or vacuum pump fault suspected. Inspect vacuum pump oil level and condition. Check all flanges and gaskets for air ingress using nitrogen pressure test. Replace failed gasket on vapour body flange. Re-establish vacuum.,1,0,1,3,1,False
47684,0,HP-038,HP-038,CM,CM01,Hydraulic Press HP-02 hydraulic oil leak from cylinder rod seal. Estimated 32.6 L/h.,Depressurise hydraulic circuit fully. Replace cylinder rod seal and wiper ring. Inspect rod surface for scoring. Hone rod if minor scoring. Refill oil to correct level. Leak test at operating pressure.,Hydraulic Press HP-02 hydraulic oil leak from cylinder rod seal. Estimated 32.6 L/h. Depressurise hydraulic circuit fully. Replace cylinder rod seal and wiper ring. Inspect rod surface for scoring. Hone rod if minor scoring. Refill oil to correct level. Leak test at operating pressure.,0,1,2,3,1,False
48109,0,K-043,K-043,CM,CM01,Compressor K-03 high discharge temperature alarm. Discharge temp 69 degC exceeding trip setpoint.,Inspect intercooler for fouling. Clean tube bundle. Check cooling water flow. Verify discharge valve seating. Retest at operating conditions.,Compressor K-03 high discharge temperature alarm. Discharge temp 69 degC exceeding trip setpoint. Inspect intercooler for fouling. Clean tube bundle. Check cooling water flow. Verify discharge valve seating. Retest at operating conditions.,1,1,2,3,1,False
48131,0,HX-079,HX-079,PM,PM02,"Heat Exchanger HX-02 annual inspection. Tube bundle inspection, gasket replacement and pressure test.",Drain and open channel head. Inspect tube sheet and tubes using boroscope. Replace gaskets on both heads. Hydraulic pressure test. Reinstate and commission.,"Heat Exchanger HX-02 annual inspection. Tube bundle inspection, gasket replacement and pressure test. Drain and open channel head. Inspect tube sheet and tubes using boroscope. Replace gaskets on both heads. Hydraulic pressure test. Reinstate and commission.",0,0,0,3,1,False
48519,0,CF-037,CF-037,PM,PM02,"Centrifuge CF-02 six-monthly basket, bearing and seal inspection.",Inspect basket condition. Measure bearing clearances. Check mechanical seal faces. Inspect braking system. Lubricate all grease points. Test safety interlock operation.,"Centrifuge CF-02 six-monthly basket, bearing and seal inspection. Inspect basket condition. Measure bearing clearances. Check mechanical seal faces. Inspect braking system. Lubricate all grease points. Test safety interlock operation.",0,0,2,3,1,False
48718,0,,P107,PDM,PDM2,Centrifugal Pump P-101 motor current increasing trend. Current draw 124.1 A versus baseline 182.0 A. Possible internal wear.,Inspect impeller and wear rings for erosion. Measure internal clearances. Replace worn components. Re-test performance at duty conditions.,Centrifugal Pump P-101 motor current increasing trend. Current draw 124.1 A versus baseline 182.0 A. Possible internal wear. Inspect impeller and wear rings for erosion. Measure internal clearances. Replace worn components. Re-test performance at duty conditions.,2,1,3,3,1,False
48840,0,CF-104,CF-104,PM,PM02,Centrifuge CF-101 annual full overhaul including spindle bearing replacement.,"Full disassembly. Replace spindle bearings. Inspect basket for fatigue cracks. Replace all seals. Reassemble, balance basket, and perform no-load and loaded test run.","Centrifuge CF-101 annual full overhaul including spindle bearing replacement. Full disassembly. Replace spindle bearings. Inspect basket for fatigue cracks. Replace all seals. Reassemble, balance basket, and perform no-load and loaded test run.",0,0,2,3,1,False
48861,0,DC-220,DC-220,CM,,Distillation Column DC-101 reboiler steam control valve CV failure. Valve stuck at 194% open.,Isolate control valve. Remove actuator and positioner. Disassemble valve body. Inspect seat and plug for erosion. Replace trim if worn. Calibrate positioner and stroke test.,Distillation Column DC-101 reboiler steam control valve CV failure. Valve stuck at 194% open. Isolate control valve. Remove actuator and positioner. Disassemble valve body. Inspect seat and plug for erosion. Replace trim if worn. Calibrate positioner and stroke test.,1,0,1,5,1,False
49308,0,P-230,P-230,PM,PM03,Centrifugal Pump P-103 quarterly lubrication service. Bearing grease replenishment and vibration baseline measurement.,Grease drive end and non-drive end bearings. Measure and record vibration signature. Check motor current at duty point. Inspect coupling spider for wear.,Centrifugal Pump P-103 quarterly lubrication service. Bearing grease replenishment and vibration baseline measurement. Grease drive end and non-drive end bearings. Measure and record vibration signature. Check motor current at duty point. Inspect coupling spider for wear.,1,0,4,3,1,False
49578,0,M-089,M-089,PM,PM01,Motor M-07 annual motor inspection including terminal box and cooling fan check.,Inspect terminal box for moisture ingress and loose connections. Clean cooling fins and fan guard. Check mounting bolts. Verify earthing continuity. Test run and measure current balance.,Motor M-07 annual motor inspection including terminal box and cooling fan check. Inspect terminal box for moisture ingress and loose connections. Clean cooling fins and fan guard. Check mounting bolts. Verify earthing continuity. Test run and measure current balance.,2,0,2,3,1,False
49595,0,M-084,M-084,PM,PM01,Motor M-02 six-monthly insulation resistance test and bearing grease replenishment.,IR test all three phases and record. Grease drive end and non-drive end bearings per lubrication schedule. Check terminal connections for heat damage. Document results.,Motor M-02 six-monthly insulation resistance test and bearing grease replenishment. IR test all three phases and record. Grease drive end and non-drive end bearings per lubrication schedule. Check terminal connections for heat damage. Document results.,1,0,2,2,1,False
