method,query_id,equipment_id,hit@1,hit@5,hit@10,hit@20,hit@50,mrr@10,mrr@50
Masked TF-IDF,6,HX-301,0.0,0.0,0.0,0.0,0.0,0.0,0.0
Masked TF-IDF,92,DOS-081,0.0,0.0,0.0,0.0,1.0,0.0,0.047619047619047616
Masked TF-IDF,146,CR-118,0.0,0.0,0.0,0.0,0.0,0.0,0.0
Masked TF-IDF,192,FCC-018,0.0,0.0,0.0,0.0,0.0,0.0,0.0
Masked TF-IDF,260,EX-120,0.0,0.0,0.0,0.0,0.0,0.0,0.0
Masked TF-IDF,282,GS-059,0.0,0.0,0.0,0.0,0.0,0.0,0.0
Masked TF-IDF,322,TK-183,0.0,0.0,0.0,0.0,0.0,0.0,0.0
Masked TF-IDF,332,P-229,0.0,0.0,0.0,0.0,0.0,0.0,0.0
Masked TF-IDF,333,K-099,0.0,0.0,0.0,0.0,0.0,0.0,0.0
Masked TF-IDF,334,TK-082,0.0,0.0,0.0,0.0,0.0,0.0,0.0
Masked TF-IDF,342,HP-097,0.0,0.0,0.0,0.0,0.0,0.0,0.0
Masked TF-IDF,347,CV-009,0.0,0.0,0.0,0.0,1.0,0.0,0.043478260869565216
Masked TF-IDF,351,DRY-076,0.0,0.0,0.0,0.0,0.0,0.0,0.0
Masked TF-IDF,353,P-161,0.0,0.0,0.0,0.0,0.0,0.0,0.0
Masked TF-IDF,408,TK-306,0.0,0.0,0.0,0.0,0.0,0.0,0.0
Masked TF-IDF,409,BLR-076,0.0,0.0,0.0,0.0,0.0,0.0,0.0
Masked TF-IDF,436,CV-050,0.0,0.0,0.0,0.0,0.0,0.0,0.0
Masked TF-IDF,475,F-123,0.0,0.0,0.0,0.0,0.0,0.0,0.0
Masked TF-IDF,561,P-262,0.0,0.0,0.0,0.0,0.0,0.0,0.0
Masked TF-IDF,570,SC-215,0.0,0.0,0.0,0.0,0.0,0.0,0.0
Masked TF-IDF,594,HX-071,0.0,0.0,0.0,0.0,0.0,0.0,0.0
Masked TF-IDF,600,P-238,0.0,0.0,0.0,0.0,0.0,0.0,0.0
Masked TF-IDF,601,AG-101,0.0,1.0,1.0,1.0,1.0,0.3333333333333333,0.3333333333333333
Masked TF-IDF,622,HX-337,0.0,0.0,0.0,0.0,0.0,0.0,0.0
Masked TF-IDF,636,P-313,0.0,0.0,0.0,0.0,0.0,0.0,0.0
Masked TF-IDF,640,AG-107,0.0,0.0,0.0,0.0,0.0,0.0,0.0
Masked TF-IDF,645,SEP-079,0.0,0.0,0.0,0.0,0.0,0.0,0.0
Masked TF-IDF,673,DC-116,0.0,1.0,1.0,1.0,1.0,0.3333333333333333,0.3333333333333333
Masked TF-IDF,697,P-248,0.0,0.0,0.0,0.0,0.0,0.0,0.0
Masked TF-IDF,725,P-234,0.0,0.0,0.0,0.0,0.0,0.0,0.0
Masked TF-IDF,738,HX-133,0.0,0.0,1.0,1.0,1.0,0.125,0.125
Masked TF-IDF,739,UF-065,0.0,0.0,0.0,0.0,0.0,0.0,0.0
Masked TF-IDF,767,DP-074,0.0,0.0,0.0,0.0,1.0,0.0,0.03125
Masked TF-IDF,786,DOS-122,0.0,0.0,0.0,0.0,0.0,0.0,0.0
Masked TF-IDF,831,TK-386,0.0,0.0,0.0,0.0,0.0,0.0,0.0
Masked TF-IDF,877,R-117,0.0,0.0,0.0,0.0,0.0,0.0,0.0
Masked TF-IDF,939,P-207,0.0,0.0,0.0,0.0,0.0,0.0,0.0
Masked TF-IDF,1077,K-023,0.0,0.0,0.0,0.0,1.0,0.0,0.02702702702702703
Masked TF-IDF,1094,EX-077,0.0,0.0,0.0,0.0,0.0,0.0,0.0
Masked TF-IDF,1105,RLP-027,0.0,0.0,0.0,0.0,0.0,0.0,0.0
Masked TF-IDF,1129,K-179,0.0,0.0,0.0,0.0,0.0,0.0,0.0
Masked TF-IDF,1134,BLR-220,0.0,0.0,0.0,0.0,0.0,0.0,0.0
Masked TF-IDF,1187,CR-043,0.0,0.0,0.0,0.0,0.0,0.0,0.0
Masked TF-IDF,1189,HX-028,0.0,0.0,0.0,0.0,1.0,0.0,0.025
Masked TF-IDF,1210,HV-030,0.0,0.0,0.0,0.0,0.0,0.0,0.0
Masked TF-IDF,1221,HV-144,0.0,0.0,0.0,0.0,1.0,0.0,0.03571428571428571
Masked TF-IDF,1232,CF-141,0.0,0.0,0.0,0.0,0.0,0.0,0.0
Masked TF-IDF,1237,P-330,0.0,0.0,0.0,0.0,0.0,0.0,0.0
Masked TF-IDF,1316,EV-059,0.0,0.0,0.0,0.0,0.0,0.0,0.0
Masked TF-IDF,1327,F-137,0.0,0.0,0.0,0.0,0.0,0.0,0.0
Masked TF-IDF,1329,SC-121,0.0,0.0,0.0,0.0,0.0,0.0,0.0
Masked TF-IDF,1343,HP-120,0.0,0.0,0.0,0.0,0.0,0.0,0.0
Masked TF-IDF,1353,K-111,0.0,0.0,1.0,1.0,1.0,0.16666666666666666,0.16666666666666666
Masked TF-IDF,1396,DC-145,0.0,0.0,0.0,0.0,0.0,0.0,0.0
Masked TF-IDF,1416,SC-143,0.0,0.0,0.0,0.0,0.0,0.0,0.0
Masked TF-IDF,1418,P-207,0.0,0.0,0.0,0.0,0.0,0.0,0.0
Masked TF-IDF,1451,BM-138,0.0,0.0,0.0,0.0,0.0,0.0,0.0
Masked TF-IDF,1480,P-235,0.0,0.0,0.0,0.0,0.0,0.0,0.0
Masked TF-IDF,1488,M-135,0.0,0.0,0.0,0.0,0.0,0.0,0.0
Masked TF-IDF,1499,DC-140,0.0,0.0,0.0,0.0,0.0,0.0,0.0
Masked TF-IDF,1504,FM-061,0.0,0.0,0.0,0.0,0.0,0.0,0.0
Masked TF-IDF,1551,DOS-096,0.0,0.0,0.0,0.0,0.0,0.0,0.0
Masked TF-IDF,1577,K-268,0.0,0.0,0.0,0.0,0.0,0.0,0.0
Masked TF-IDF,1585,EV-115,0.0,0.0,0.0,0.0,0.0,0.0,0.0
Masked TF-IDF,1630,R-039,0.0,0.0,0.0,0.0,0.0,0.0,0.0
Masked TF-IDF,1639,TK-134,0.0,0.0,0.0,1.0,1.0,0.0,0.058823529411764705
Masked TF-IDF,1647,P-628,0.0,0.0,0.0,0.0,0.0,0.0,0.0
Masked TF-IDF,1661,DC-093,0.0,0.0,0.0,0.0,0.0,0.0,0.0
Masked TF-IDF,1700,TK-171,0.0,0.0,0.0,0.0,0.0,0.0,0.0
Masked TF-IDF,1710,CV-086,0.0,0.0,0.0,0.0,1.0,0.0,0.02564102564102564
Masked TF-IDF,1719,FCC-071,0.0,0.0,0.0,0.0,0.0,0.0,0.0
Masked TF-IDF,1788,P-368,0.0,0.0,0.0,0.0,0.0,0.0,0.0
Masked TF-IDF,1789,M-105,0.0,0.0,0.0,0.0,0.0,0.0,0.0
Masked TF-IDF,1814,K-021,0.0,0.0,0.0,0.0,0.0,0.0,0.0
Masked TF-IDF,1821,AG-119,0.0,0.0,0.0,0.0,0.0,0.0,0.0
Masked TF-IDF,1861,AG-110,0.0,0.0,0.0,0.0,0.0,0.0,0.0
Masked TF-IDF,1865,GB-122,0.0,0.0,0.0,0.0,0.0,0.0,0.0
Masked TF-IDF,1873,P-173,0.0,0.0,0.0,0.0,0.0,0.0,0.0
Masked TF-IDF,1898,SC-026,0.0,0.0,0.0,0.0,0.0,0.0,0.0
Masked TF-IDF,1901,TK-013,0.0,0.0,0.0,0.0,0.0,0.0,0.0
Masked TF-IDF,1983,TK-144,0.0,0.0,0.0,0.0,0.0,0.0,0.0
Masked TF-IDF,2010,VP-131,0.0,0.0,0.0,1.0,1.0,0.0,0.08333333333333333
Masked TF-IDF,2029,CT-050,0.0,0.0,0.0,1.0,1.0,0.0,0.05
Masked TF-IDF,2043,SEP-057,0.0,0.0,0.0,0.0,1.0,0.0,0.034482758620689655
Masked TF-IDF,2058,SEP-113,0.0,0.0,0.0,0.0,0.0,0.0,0.0
Masked TF-IDF,2090,P-170,0.0,0.0,0.0,0.0,0.0,0.0,0.0
Masked TF-IDF,2128,P-228,0.0,0.0,0.0,0.0,1.0,0.0,0.020833333333333332
Masked TF-IDF,2130,M-075,0.0,0.0,0.0,0.0,0.0,0.0,0.0
Masked TF-IDF,2133,GB-043,0.0,0.0,0.0,0.0,0.0,0.0,0.0
Masked TF-IDF,2146,P-622,0.0,0.0,0.0,0.0,0.0,0.0,0.0
Masked TF-IDF,2152,M-012,0.0,0.0,0.0,0.0,1.0,0.0,0.045454545454545456
Masked TF-IDF,2165,DC-141,0.0,0.0,0.0,0.0,0.0,0.0,0.0
Masked TF-IDF,2288,HX-023,0.0,0.0,0.0,0.0,0.0,0.0,0.0
Masked TF-IDF,2293,P-247,0.0,0.0,0.0,0.0,0.0,0.0,0.0
Masked TF-IDF,2307,P-315,0.0,0.0,0.0,0.0,0.0,0.0,0.0
Masked TF-IDF,2356,P-321,0.0,0.0,0.0,0.0,0.0,0.0,0.0
Masked TF-IDF,2392,K-121,0.0,0.0,0.0,0.0,0.0,0.0,0.0
Masked TF-IDF,2422,K-286,0.0,0.0,0.0,0.0,0.0,0.0,0.0
Masked TF-IDF,2433,CR-121,0.0,0.0,0.0,0.0,0.0,0.0,0.0
Masked TF-IDF,2458,P-309,0.0,0.0,0.0,0.0,0.0,0.0,0.0
Masked TF-IDF,2530,K-244,0.0,0.0,0.0,0.0,1.0,0.0,0.02127659574468085
Masked TF-IDF,2575,CV-244,0.0,0.0,1.0,1.0,1.0,0.1,0.1
Masked TF-IDF,2611,CT-016,0.0,0.0,0.0,0.0,0.0,0.0,0.0
Masked TF-IDF,2676,P-299,0.0,0.0,0.0,0.0,0.0,0.0,0.0
Masked TF-IDF,2684,UF-070,0.0,0.0,0.0,0.0,1.0,0.0,0.02
Masked TF-IDF,2685,SC-109,0.0,0.0,0.0,0.0,0.0,0.0,0.0
Masked TF-IDF,2706,CV-081,0.0,0.0,0.0,0.0,0.0,0.0,0.0
Masked TF-IDF,2716,HV-011,0.0,0.0,0.0,0.0,0.0,0.0,0.0
Masked TF-IDF,2783,DOS-094,0.0,0.0,0.0,0.0,0.0,0.0,0.0
Masked TF-IDF,2810,GB-133,0.0,0.0,0.0,0.0,1.0,0.0,0.029411764705882353
Masked TF-IDF,2847,BLR-101,0.0,0.0,0.0,0.0,0.0,0.0,0.0
Masked TF-IDF,2855,CV-032,0.0,0.0,0.0,0.0,1.0,0.0,0.047619047619047616
Masked TF-IDF,2858,TK-007,0.0,0.0,0.0,0.0,0.0,0.0,0.0
Masked TF-IDF,2890,DOS-093,0.0,0.0,0.0,0.0,0.0,0.0,0.0
Masked TF-IDF,2908,P-102,0.0,0.0,0.0,0.0,0.0,0.0,0.0
Masked TF-IDF,2922,TK-015,0.0,0.0,0.0,0.0,0.0,0.0,0.0
Masked TF-IDF,2932,P-289,0.0,0.0,0.0,0.0,0.0,0.0,0.0
Masked TF-IDF,2936,DP-091,0.0,0.0,1.0,1.0,1.0,0.14285714285714285,0.14285714285714285
Masked TF-IDF,2989,P-312,0.0,0.0,0.0,0.0,0.0,0.0,0.0
Masked TF-IDF,3121,TK-066,0.0,0.0,0.0,0.0,0.0,0.0,0.0
Masked TF-IDF,3147,P-143,0.0,0.0,0.0,0.0,0.0,0.0,0.0
Masked TF-IDF,3183,R-089,0.0,0.0,0.0,0.0,0.0,0.0,0.0
Masked TF-IDF,3218,UF-224,0.0,0.0,0.0,0.0,1.0,0.0,0.045454545454545456
Masked TF-IDF,3224,K-068,0.0,0.0,0.0,0.0,0.0,0.0,0.0
Masked TF-IDF,3226,CR-121,0.0,0.0,0.0,0.0,0.0,0.0,0.0
Masked TF-IDF,3240,EX-031,0.0,0.0,0.0,0.0,0.0,0.0,0.0
Masked TF-IDF,3320,CV-184,0.0,0.0,0.0,0.0,0.0,0.0,0.0
Masked TF-IDF,3380,DC-139,0.0,0.0,0.0,0.0,0.0,0.0,0.0
Masked TF-IDF,3505,P-217,0.0,0.0,0.0,0.0,0.0,0.0,0.0
Masked TF-IDF,3525,P-364,0.0,0.0,0.0,0.0,0.0,0.0,0.0
Masked TF-IDF,3541,HV-040,0.0,0.0,0.0,0.0,0.0,0.0,0.0
Masked TF-IDF,3595,TK-114,0.0,0.0,0.0,0.0,0.0,0.0,0.0
Masked TF-IDF,3608,DOS-032,1.0,1.0,1.0,1.0,1.0,1.0,1.0
Masked TF-IDF,3611,VP-076,0.0,0.0,1.0,1.0,1.0,0.16666666666666666,0.16666666666666666
Masked TF-IDF,3651,TK-187,0.0,0.0,0.0,0.0,0.0,0.0,0.0
Masked TF-IDF,3662,SC-110,0.0,0.0,0.0,0.0,0.0,0.0,0.0
Masked TF-IDF,3683,K-091,0.0,0.0,0.0,0.0,0.0,0.0,0.0
Masked TF-IDF,3709,P-228,0.0,0.0,0.0,0.0,0.0,0.0,0.0
Masked TF-IDF,3737,EV-015,0.0,0.0,0.0,1.0,1.0,0.0,0.0625
Masked TF-IDF,3818,SD-102,0.0,0.0,0.0,0.0,0.0,0.0,0.0
Masked TF-IDF,3855,M-112,0.0,0.0,0.0,0.0,0.0,0.0,0.0
Masked TF-IDF,3886,P-629,0.0,0.0,0.0,0.0,0.0,0.0,0.0
Masked TF-IDF,3903,F-023,0.0,0.0,0.0,0.0,0.0,0.0,0.0
Masked TF-IDF,3918,TK-143,0.0,0.0,0.0,0.0,0.0,0.0,0.0
Masked TF-IDF,3956,P-118,0.0,0.0,0.0,0.0,0.0,0.0,0.0
Masked TF-IDF,3958,TK-109,0.0,0.0,0.0,0.0,0.0,0.0,0.0
Masked TF-IDF,4316,CR-130,0.0,0.0,0.0,0.0,0.0,0.0,0.0
Masked TF-IDF,4326,P-337,0.0,0.0,0.0,0.0,0.0,0.0,0.0
Masked TF-IDF,4351,P-159,0.0,0.0,0.0,0.0,0.0,0.0,0.0
Masked TF-IDF,4353,EX-067,0.0,0.0,0.0,0.0,0.0,0.0,0.0
Masked TF-IDF,4461,EV-105,0.0,0.0,0.0,0.0,0.0,0.0,0.0
Masked TF-IDF,4476,GT-021,0.0,0.0,0.0,0.0,0.0,0.0,0.0
Masked TF-IDF,4485,GS-054,0.0,0.0,0.0,0.0,0.0,0.0,0.0
Masked TF-IDF,4494,DC-122,0.0,0.0,0.0,1.0,1.0,0.0,0.058823529411764705
Masked TF-IDF,4500,AG-027,0.0,0.0,0.0,0.0,0.0,0.0,0.0
Masked TF-IDF,4531,P-321,0.0,0.0,0.0,0.0,0.0,0.0,0.0
Masked TF-IDF,4551,RLP-007,0.0,0.0,0.0,0.0,0.0,0.0,0.0
Masked TF-IDF,4591,R-121,0.0,0.0,0.0,0.0,0.0,0.0,0.0
Masked TF-IDF,4628,VP-118,0.0,0.0,0.0,0.0,0.0,0.0,0.0
Masked TF-IDF,4737,P-312,0.0,0.0,0.0,0.0,0.0,0.0,0.0
Masked TF-IDF,4777,EX-070,0.0,0.0,0.0,0.0,0.0,0.0,0.0
Masked TF-IDF,4857,P-302,0.0,0.0,0.0,0.0,0.0,0.0,0.0
Masked TF-IDF,4883,CT-055,0.0,0.0,0.0,0.0,0.0,0.0,0.0
Masked TF-IDF,4902,K-033,0.0,0.0,0.0,0.0,0.0,0.0,0.0
Masked TF-IDF,4985,GT-136,0.0,0.0,0.0,0.0,0.0,0.0,0.0
Masked TF-IDF,5026,M-044,0.0,0.0,0.0,0.0,0.0,0.0,0.0
Masked TF-IDF,5040,R-127,0.0,0.0,0.0,0.0,0.0,0.0,0.0
Masked TF-IDF,5143,P-216,0.0,0.0,0.0,0.0,0.0,0.0,0.0
Masked TF-IDF,5151,BM-124,0.0,0.0,0.0,0.0,0.0,0.0,0.0
Masked TF-IDF,5159,P-517,0.0,0.0,0.0,0.0,0.0,0.0,0.0
Masked TF-IDF,5209,P-439,0.0,0.0,0.0,0.0,0.0,0.0,0.0
Masked TF-IDF,5223,CT-142,0.0,0.0,0.0,0.0,0.0,0.0,0.0
Masked TF-IDF,5298,HX-030,0.0,0.0,0.0,0.0,1.0,0.0,0.02702702702702703
Masked TF-IDF,5305,TK-075,0.0,0.0,0.0,0.0,0.0,0.0,0.0
Masked TF-IDF,5322,P-443,0.0,0.0,0.0,0.0,0.0,0.0,0.0
Masked TF-IDF,5401,SC-034,0.0,0.0,0.0,0.0,0.0,0.0,0.0
Masked TF-IDF,5407,HV-172,0.0,0.0,0.0,0.0,0.0,0.0,0.0
Masked TF-IDF,5451,F-107,0.0,0.0,0.0,0.0,0.0,0.0,0.0
Masked TF-IDF,5468,P-104,0.0,0.0,0.0,0.0,0.0,0.0,0.0
Masked TF-IDF,5549,CV-039,0.0,0.0,0.0,0.0,0.0,0.0,0.0
Masked TF-IDF,5604,CT-145,0.0,0.0,0.0,0.0,0.0,0.0,0.0
Masked TF-IDF,5616,HP-109,0.0,0.0,0.0,0.0,1.0,0.0,0.030303030303030304
Masked TF-IDF,5683,TK-054,0.0,0.0,0.0,0.0,0.0,0.0,0.0
Masked TF-IDF,5692,R-205,0.0,0.0,0.0,1.0,1.0,0.0,0.07142857142857142
Masked TF-IDF,5765,GT-144,0.0,0.0,0.0,0.0,0.0,0.0,0.0
Masked TF-IDF,5786,BLR-038,0.0,0.0,0.0,0.0,0.0,0.0,0.0
Masked TF-IDF,5846,FM-019,0.0,0.0,0.0,0.0,0.0,0.0,0.0
Masked TF-IDF,5859,M-058,0.0,0.0,0.0,0.0,0.0,0.0,0.0
Masked TF-IDF,5886,GS-013,1.0,1.0,1.0,1.0,1.0,1.0,1.0
Masked TF-IDF,5934,CR-016,0.0,0.0,0.0,0.0,0.0,0.0,0.0
Masked TF-IDF,5947,P-324,0.0,0.0,0.0,0.0,0.0,0.0,0.0
Masked TF-IDF,5983,R-038,0.0,0.0,0.0,0.0,0.0,0.0,0.0
Masked TF-IDF,6007,K-089,0.0,0.0,0.0,0.0,0.0,0.0,0.0
Masked TF-IDF,6019,DP-097,0.0,0.0,0.0,0.0,0.0,0.0,0.0
Masked TF-IDF,6028,DC-049,0.0,0.0,0.0,0.0,0.0,0.0,0.0
Masked TF-IDF,6072,EX-138,0.0,0.0,0.0,0.0,1.0,0.0,0.02702702702702703
Masked TF-IDF,6152,GS-126,0.0,0.0,0.0,0.0,0.0,0.0,0.0
Masked TF-IDF,6162,K-272,0.0,0.0,0.0,0.0,0.0,0.0,0.0
Masked TF-IDF,6210,FCC-039,0.0,0.0,0.0,0.0,0.0,0.0,0.0
Masked TF-IDF,6215,SEP-116,0.0,0.0,0.0,0.0,0.0,0.0,0.0
Masked TF-IDF,6265,HV-031,0.0,0.0,0.0,0.0,0.0,0.0,0.0
Masked TF-IDF,6283,M-044,0.0,0.0,0.0,0.0,0.0,0.0,0.0
Masked TF-IDF,6304,EX-129,0.0,0.0,0.0,0.0,0.0,0.0,0.0
Masked TF-IDF,6309,GB-007,0.0,0.0,0.0,0.0,0.0,0.0,0.0
Masked TF-IDF,6343,SC-104,0.0,0.0,0.0,0.0,0.0,0.0,0.0
Masked TF-IDF,6363,HV-107,0.0,0.0,0.0,1.0,1.0,0.0,0.07692307692307693
Masked TF-IDF,6431,SD-139,0.0,0.0,0.0,0.0,1.0,0.0,0.021739130434782608
Masked TF-IDF,6450,GB-107,0.0,0.0,0.0,0.0,0.0,0.0,0.0
Masked TF-IDF,6544,F-080,0.0,0.0,0.0,0.0,0.0,0.0,0.0
Masked TF-IDF,6573,TK-103,0.0,0.0,0.0,1.0,1.0,0.0,0.06666666666666667
Masked TF-IDF,6626,GB-033,0.0,0.0,0.0,0.0,0.0,0.0,0.0
Masked TF-IDF,6649,P-705,0.0,0.0,0.0,0.0,0.0,0.0,0.0
Masked TF-IDF,6663,R-046,0.0,0.0,0.0,0.0,0.0,0.0,0.0
Masked TF-IDF,6760,P-378,0.0,0.0,0.0,0.0,0.0,0.0,0.0
Masked TF-IDF,6765,EX-031,0.0,0.0,0.0,1.0,1.0,0.0,0.0625
Masked TF-IDF,6803,K-226,0.0,0.0,0.0,0.0,0.0,0.0,0.0
Masked TF-IDF,6807,F-055,0.0,0.0,0.0,0.0,0.0,0.0,0.0
Masked TF-IDF,6832,P-184,0.0,0.0,0.0,0.0,0.0,0.0,0.0
Masked TF-IDF,6835,CR-120,0.0,0.0,0.0,0.0,0.0,0.0,0.0
Masked TF-IDF,6867,HP-084,0.0,0.0,0.0,0.0,0.0,0.0,0.0
Masked TF-IDF,6883,UF-015,0.0,0.0,0.0,1.0,1.0,0.0,0.09090909090909091
Masked TF-IDF,6978,HX-125,0.0,0.0,0.0,0.0,0.0,0.0,0.0
Masked TF-IDF,7064,P-568,0.0,0.0,0.0,0.0,0.0,0.0,0.0
Masked TF-IDF,7091,SEP-210,0.0,0.0,0.0,0.0,0.0,0.0,0.0
Masked TF-IDF,7093,R-110,0.0,1.0,1.0,1.0,1.0,0.25,0.25
Masked TF-IDF,7124,P-524,0.0,0.0,0.0,0.0,0.0,0.0,0.0
Masked TF-IDF,7202,R-133,0.0,0.0,0.0,0.0,0.0,0.0,0.0
Masked TF-IDF,7224,AG-040,0.0,0.0,0.0,0.0,0.0,0.0,0.0
Masked TF-IDF,7232,HX-124,0.0,0.0,0.0,0.0,1.0,0.0,0.03333333333333333
Masked TF-IDF,7257,HP-138,0.0,0.0,0.0,0.0,0.0,0.0,0.0
Masked TF-IDF,7271,DC-115,0.0,0.0,0.0,0.0,0.0,0.0,0.0
Masked TF-IDF,7299,GB-017,0.0,0.0,0.0,0.0,0.0,0.0,0.0
Masked TF-IDF,7353,P-198,0.0,1.0,1.0,1.0,1.0,0.3333333333333333,0.3333333333333333
Masked TF-IDF,7359,P-613,0.0,0.0,0.0,0.0,0.0,0.0,0.0
Masked TF-IDF,7362,TK-179,0.0,0.0,1.0,1.0,1.0,0.125,0.125
Masked TF-IDF,7422,R-243,0.0,0.0,0.0,0.0,0.0,0.0,0.0
Masked TF-IDF,7432,P-275,0.0,0.0,0.0,1.0,1.0,0.0,0.07692307692307693
Masked TF-IDF,7457,P-296,0.0,0.0,0.0,0.0,0.0,0.0,0.0
Masked TF-IDF,7480,HP-112,0.0,0.0,0.0,0.0,1.0,0.0,0.03571428571428571
Masked TF-IDF,7520,K-075,0.0,0.0,0.0,0.0,0.0,0.0,0.0
Masked TF-IDF,7546,F-106,0.0,0.0,0.0,0.0,0.0,0.0,0.0
Masked TF-IDF,7553,FCC-083,0.0,0.0,0.0,0.0,0.0,0.0,0.0
Masked TF-IDF,7573,GB-142,0.0,0.0,0.0,0.0,0.0,0.0,0.0
Masked TF-IDF,7590,R-064,0.0,0.0,1.0,1.0,1.0,0.125,0.125
Masked TF-IDF,7639,GS-110,0.0,0.0,0.0,0.0,0.0,0.0,0.0
Masked TF-IDF,7686,SC-049,0.0,0.0,0.0,0.0,0.0,0.0,0.0
Masked TF-IDF,7709,P-211,0.0,0.0,0.0,0.0,0.0,0.0,0.0
Masked TF-IDF,7721,M-135,0.0,0.0,0.0,0.0,0.0,0.0,0.0
Masked TF-IDF,7726,EV-131,0.0,0.0,0.0,0.0,0.0,0.0,0.0
Masked TF-IDF,7753,GT-081,0.0,0.0,0.0,0.0,0.0,0.0,0.0
Masked TF-IDF,7798,M-117,0.0,0.0,0.0,0.0,0.0,0.0,0.0
Masked TF-IDF,7812,M-033,0.0,0.0,0.0,0.0,0.0,0.0,0.0
Masked TF-IDF,7862,HX-092,0.0,0.0,0.0,0.0,0.0,0.0,0.0
Masked TF-IDF,7885,CV-123,0.0,0.0,0.0,0.0,0.0,0.0,0.0
Masked TF-IDF,7930,HP-108,0.0,0.0,0.0,0.0,0.0,0.0,0.0
Masked TF-IDF,7942,P-695,0.0,0.0,0.0,0.0,0.0,0.0,0.0
Masked TF-IDF,7952,HX-059,0.0,0.0,0.0,0.0,0.0,0.0,0.0
Masked TF-IDF,7981,M-047,0.0,0.0,0.0,0.0,0.0,0.0,0.0
Masked TF-IDF,8038,TRB-140,0.0,0.0,0.0,1.0,1.0,0.0,0.07692307692307693
Masked TF-IDF,8057,CT-115,0.0,0.0,0.0,0.0,1.0,0.0,0.03333333333333333
Masked TF-IDF,8098,TK-111,0.0,0.0,0.0,0.0,0.0,0.0,0.0
Masked TF-IDF,8107,K-146,0.0,0.0,0.0,0.0,0.0,0.0,0.0
Masked TF-IDF,8226,GB-104,0.0,0.0,0.0,0.0,0.0,0.0,0.0
Masked TF-IDF,8303,GB-139,0.0,0.0,0.0,0.0,0.0,0.0,0.0
Masked TF-IDF,8310,M-110,0.0,0.0,0.0,0.0,0.0,0.0,0.0
Masked TF-IDF,8360,DOS-140,0.0,0.0,0.0,1.0,1.0,0.0,0.05555555555555555
Masked TF-IDF,8423,AG-013,0.0,0.0,0.0,1.0,1.0,0.0,0.0625
Masked TF-IDF,8455,P-591,0.0,0.0,0.0,0.0,0.0,0.0,0.0
Masked TF-IDF,8612,UF-084,0.0,0.0,0.0,0.0,0.0,0.0,0.0
Masked TF-IDF,8621,P-217,0.0,0.0,0.0,0.0,0.0,0.0,0.0
Masked TF-IDF,8643,VP-031,0.0,0.0,0.0,0.0,0.0,0.0,0.0
Masked TF-IDF,8709,DC-085,0.0,0.0,0.0,0.0,0.0,0.0,0.0
Masked TF-IDF,8748,DOS-103,0.0,0.0,0.0,0.0,0.0,0.0,0.0
Masked TF-IDF,8796,TK-158,0.0,0.0,0.0,0.0,0.0,0.0,0.0
Masked TF-IDF,8811,P-199,0.0,0.0,0.0,0.0,0.0,0.0,0.0
Masked TF-IDF,8817,P-326,0.0,0.0,0.0,0.0,0.0,0.0,0.0
Masked TF-IDF,8863,P-730,0.0,0.0,0.0,0.0,0.0,0.0,0.0
Masked TF-IDF,8908,P-729,0.0,0.0,0.0,0.0,0.0,0.0,0.0
Masked TF-IDF,8932,GB-091,0.0,0.0,0.0,0.0,0.0,0.0,0.0
Masked TF-IDF,8979,AG-137,0.0,0.0,0.0,0.0,0.0,0.0,0.0
Masked TF-IDF,9144,BM-124,0.0,0.0,0.0,0.0,0.0,0.0,0.0
Masked TF-IDF,9154,P-436,0.0,0.0,0.0,0.0,0.0,0.0,0.0
Masked TF-IDF,9244,TK-039,0.0,0.0,0.0,0.0,1.0,0.0,0.02857142857142857
Masked TF-IDF,9288,K-139,0.0,0.0,0.0,0.0,0.0,0.0,0.0
Masked TF-IDF,9355,SD-144,0.0,0.0,1.0,1.0,1.0,0.1111111111111111,0.1111111111111111
Masked TF-IDF,9384,BM-041,0.0,0.0,0.0,0.0,0.0,0.0,0.0
Masked TF-IDF,9389,M-003,0.0,0.0,0.0,0.0,0.0,0.0,0.0
Masked TF-IDF,9398,TK-034,0.0,0.0,0.0,0.0,0.0,0.0,0.0
Masked TF-IDF,9448,SC-007,0.0,0.0,0.0,0.0,0.0,0.0,0.0
Masked TF-IDF,9572,DOS-118,0.0,0.0,0.0,0.0,0.0,0.0,0.0
Masked TF-IDF,9615,R-245,0.0,0.0,0.0,0.0,0.0,0.0,0.0
Masked TF-IDF,9682,M-054,0.0,0.0,0.0,0.0,0.0,0.0,0.0
Masked TF-IDF,9696,SC-227,0.0,0.0,0.0,0.0,0.0,0.0,0.0
Masked TF-IDF,9700,FCC-047,0.0,0.0,0.0,0.0,0.0,0.0,0.0
Masked TF-IDF,9702,HX-107,0.0,0.0,0.0,0.0,0.0,0.0,0.0
Masked TF-IDF,9711,VP-115,0.0,0.0,0.0,0.0,0.0,0.0,0.0
Masked TF-IDF,9714,HX-083,0.0,0.0,0.0,0.0,0.0,0.0,0.0
Masked TF-IDF,9762,SC-143,0.0,0.0,0.0,0.0,0.0,0.0,0.0
Masked TF-IDF,9768,GS-074,0.0,0.0,0.0,0.0,1.0,0.0,0.022222222222222223
Masked TF-IDF,9806,FM-006,0.0,0.0,0.0,0.0,0.0,0.0,0.0
Masked TF-IDF,9892,P-436,0.0,0.0,0.0,0.0,0.0,0.0,0.0
Masked TF-IDF,9896,UF-029,0.0,0.0,0.0,0.0,0.0,0.0,0.0
Masked TF-IDF,9909,P-301,0.0,0.0,0.0,0.0,0.0,0.0,0.0
Masked TF-IDF,9920,P-243,0.0,0.0,0.0,0.0,0.0,0.0,0.0
Masked TF-IDF,9921,P-313,0.0,0.0,0.0,0.0,0.0,0.0,0.0
Masked TF-IDF,9928,GB-141,0.0,0.0,0.0,0.0,0.0,0.0,0.0
Masked TF-IDF,9947,P-481,0.0,0.0,0.0,0.0,0.0,0.0,0.0
Masked TF-IDF,10079,P-569,0.0,0.0,0.0,0.0,0.0,0.0,0.0
Masked TF-IDF,10118,HV-108,0.0,0.0,1.0,1.0,1.0,0.1,0.1
Masked TF-IDF,10130,K-178,0.0,0.0,0.0,0.0,0.0,0.0,0.0
Masked TF-IDF,10191,F-014,0.0,0.0,0.0,0.0,0.0,0.0,0.0
Masked TF-IDF,10199,K-203,0.0,0.0,0.0,0.0,0.0,0.0,0.0
Masked TF-IDF,10204,HV-034,0.0,0.0,0.0,0.0,0.0,0.0,0.0
Masked TF-IDF,10213,CV-128,0.0,0.0,0.0,0.0,1.0,0.0,0.030303030303030304
Masked TF-IDF,10223,VP-039,0.0,0.0,0.0,0.0,0.0,0.0,0.0
Masked TF-IDF,10252,P-408,0.0,0.0,0.0,0.0,0.0,0.0,0.0
Masked TF-IDF,10263,DRY-030,0.0,0.0,0.0,0.0,0.0,0.0,0.0
Masked TF-IDF,10269,SC-014,0.0,0.0,0.0,0.0,0.0,0.0,0.0
Masked TF-IDF,10344,M-073,0.0,0.0,0.0,0.0,1.0,0.0,0.022727272727272728
Masked TF-IDF,10380,TK-108,0.0,0.0,0.0,0.0,0.0,0.0,0.0
Masked TF-IDF,10421,CF-023,0.0,0.0,0.0,0.0,0.0,0.0,0.0
Masked TF-IDF,10444,K-288,0.0,0.0,0.0,0.0,0.0,0.0,0.0
Masked TF-IDF,10454,EX-065,0.0,0.0,0.0,0.0,0.0,0.0,0.0
Masked TF-IDF,10473,P-328,0.0,0.0,0.0,0.0,0.0,0.0,0.0
Masked TF-IDF,10493,HX-208,0.0,0.0,0.0,0.0,0.0,0.0,0.0
Masked TF-IDF,10526,P-169,0.0,0.0,0.0,0.0,0.0,0.0,0.0
Masked TF-IDF,10575,P-370,0.0,0.0,0.0,0.0,0.0,0.0,0.0
Masked TF-IDF,10590,HX-107,0.0,0.0,0.0,0.0,1.0,0.0,0.045454545454545456
Masked TF-IDF,10608,TK-106,0.0,0.0,0.0,0.0,0.0,0.0,0.0
Masked TF-IDF,10627,P-365,0.0,0.0,0.0,0.0,0.0,0.0,0.0
Masked TF-IDF,10630,HV-049,0.0,0.0,0.0,0.0,0.0,0.0,0.0
Masked TF-IDF,10632,P-262,0.0,0.0,0.0,0.0,0.0,0.0,0.0
Masked TF-IDF,10647,R-069,0.0,0.0,0.0,0.0,0.0,0.0,0.0
Masked TF-IDF,10704,CR-123,0.0,0.0,0.0,0.0,0.0,0.0,0.0
Masked TF-IDF,10755,BM-143,0.0,0.0,0.0,0.0,0.0,0.0,0.0
Masked TF-IDF,10780,P-234,0.0,0.0,0.0,0.0,0.0,0.0,0.0
Masked TF-IDF,10789,P-204,0.0,0.0,0.0,0.0,0.0,0.0,0.0
Masked TF-IDF,10825,HV-102,0.0,0.0,0.0,0.0,0.0,0.0,0.0
Masked TF-IDF,10828,M-014,0.0,0.0,0.0,0.0,0.0,0.0,0.0
Masked TF-IDF,10932,SC-014,0.0,0.0,0.0,0.0,0.0,0.0,0.0
Masked TF-IDF,10939,GT-104,0.0,0.0,0.0,0.0,0.0,0.0,0.0
Masked TF-IDF,10966,P-362,0.0,0.0,0.0,0.0,0.0,0.0,0.0
Masked TF-IDF,10970,CF-100,0.0,0.0,0.0,0.0,0.0,0.0,0.0
Masked TF-IDF,10981,GB-068,0.0,0.0,0.0,0.0,0.0,0.0,0.0
Masked TF-IDF,11002,VP-054,0.0,0.0,0.0,0.0,0.0,0.0,0.0
Masked TF-IDF,11009,TK-204,0.0,0.0,0.0,0.0,0.0,0.0,0.0
Masked TF-IDF,11068,SC-103,0.0,0.0,0.0,0.0,0.0,0.0,0.0
Masked TF-IDF,11101,CV-272,0.0,0.0,0.0,0.0,0.0,0.0,0.0
Masked TF-IDF,11149,P-602,0.0,0.0,0.0,0.0,0.0,0.0,0.0
Masked TF-IDF,11165,RLP-059,0.0,0.0,0.0,0.0,1.0,0.0,0.02702702702702703
Masked TF-IDF,11173,K-016,0.0,0.0,0.0,0.0,0.0,0.0,0.0
Masked TF-IDF,11200,AG-090,0.0,0.0,0.0,0.0,0.0,0.0,0.0
Masked TF-IDF,11221,TK-113,0.0,0.0,0.0,0.0,1.0,0.0,0.037037037037037035
Masked TF-IDF,11278,P-682,0.0,0.0,0.0,0.0,0.0,0.0,0.0
Masked TF-IDF,11282,M-039,0.0,0.0,0.0,0.0,0.0,0.0,0.0
Masked TF-IDF,11372,P-204,0.0,0.0,0.0,0.0,0.0,0.0,0.0
Masked TF-IDF,11373,UF-092,0.0,0.0,0.0,0.0,0.0,0.0,0.0
Masked TF-IDF,11385,CF-013,0.0,0.0,0.0,0.0,0.0,0.0,0.0
Masked TF-IDF,11400,P-228,0.0,0.0,0.0,0.0,0.0,0.0,0.0
Masked TF-IDF,11403,CV-050,0.0,0.0,0.0,0.0,0.0,0.0,0.0
Masked TF-IDF,11458,CV-241,0.0,0.0,0.0,0.0,0.0,0.0,0.0
Masked TF-IDF,11467,CF-102,0.0,0.0,0.0,0.0,0.0,0.0,0.0
Masked TF-IDF,11474,GB-112,0.0,0.0,0.0,0.0,0.0,0.0,0.0
Masked TF-IDF,11580,K-132,0.0,0.0,0.0,0.0,0.0,0.0,0.0
Masked TF-IDF,11584,BM-115,0.0,0.0,0.0,0.0,0.0,0.0,0.0
Masked TF-IDF,11622,M-146,0.0,0.0,0.0,1.0,1.0,0.0,0.058823529411764705
Masked TF-IDF,11673,SC-006,0.0,0.0,0.0,0.0,0.0,0.0,0.0
Masked TF-IDF,11701,HX-127,0.0,0.0,0.0,0.0,0.0,0.0,0.0
Masked TF-IDF,11713,BM-063,0.0,0.0,0.0,0.0,0.0,0.0,0.0
Masked TF-IDF,11820,FCC-040,1.0,1.0,1.0,1.0,1.0,1.0,1.0
Masked TF-IDF,11917,BLR-043,0.0,0.0,0.0,0.0,0.0,0.0,0.0
Masked TF-IDF,11959,P-501,0.0,0.0,0.0,0.0,0.0,0.0,0.0
Masked TF-IDF,11974,M-057,0.0,0.0,0.0,0.0,0.0,0.0,0.0
Masked TF-IDF,11997,P-224,0.0,0.0,0.0,0.0,1.0,0.0,0.020833333333333332
Masked TF-IDF,12047,F-011,0.0,0.0,0.0,0.0,0.0,0.0,0.0
Masked TF-IDF,12076,FM-056,0.0,0.0,0.0,0.0,0.0,0.0,0.0
Masked TF-IDF,12080,HP-056,0.0,0.0,0.0,0.0,1.0,0.0,0.047619047619047616
Masked TF-IDF,12214,P-271,0.0,0.0,0.0,0.0,0.0,0.0,0.0
Masked TF-IDF,12238,BLR-103,0.0,0.0,0.0,0.0,0.0,0.0,0.0
Masked TF-IDF,12262,P-287,0.0,0.0,0.0,0.0,0.0,0.0,0.0
Masked TF-IDF,12303,BLR-046,0.0,0.0,0.0,0.0,0.0,0.0,0.0
Masked TF-IDF,12316,SC-038,0.0,0.0,0.0,0.0,0.0,0.0,0.0
Masked TF-IDF,12330,P-596,0.0,0.0,0.0,0.0,0.0,0.0,0.0
Masked TF-IDF,12340,BLR-046,0.0,0.0,0.0,0.0,0.0,0.0,0.0
Masked TF-IDF,12437,K-064,0.0,0.0,0.0,0.0,0.0,0.0,0.0
Masked TF-IDF,12449,M-037,0.0,1.0,1.0,1.0,1.0,0.2,0.2
Masked TF-IDF,12468,P-536,0.0,0.0,0.0,0.0,1.0,0.0,0.02
Masked TF-IDF,12503,EV-136,0.0,0.0,0.0,0.0,0.0,0.0,0.0
Masked TF-IDF,12519,P-351,0.0,0.0,0.0,0.0,0.0,0.0,0.0
Masked TF-IDF,12533,GT-073,0.0,0.0,0.0,0.0,0.0,0.0,0.0
Masked TF-IDF,12567,P-245,0.0,0.0,0.0,0.0,1.0,0.0,0.022727272727272728
Masked TF-IDF,12738,M-074,0.0,0.0,0.0,0.0,0.0,0.0,0.0
Masked TF-IDF,12757,VP-092,0.0,0.0,0.0,0.0,0.0,0.0,0.0
Masked TF-IDF,12850,P-677,0.0,0.0,0.0,0.0,0.0,0.0,0.0
Masked TF-IDF,12890,SC-019,0.0,0.0,0.0,0.0,0.0,0.0,0.0
Masked TF-IDF,12907,P-309,0.0,0.0,0.0,0.0,0.0,0.0,0.0
Masked TF-IDF,13027,BM-004,0.0,0.0,0.0,0.0,0.0,0.0,0.0
Masked TF-IDF,13073,UF-093,0.0,0.0,0.0,0.0,1.0,0.0,0.047619047619047616
Masked TF-IDF,13091,TK-038,0.0,0.0,0.0,0.0,0.0,0.0,0.0
Masked TF-IDF,13158,TK-225,0.0,0.0,0.0,0.0,0.0,0.0,0.0
Masked TF-IDF,13168,TK-110,0.0,0.0,0.0,0.0,0.0,0.0,0.0
Masked TF-IDF,13229,K-108,0.0,0.0,0.0,0.0,0.0,0.0,0.0
Masked TF-IDF,13233,P-206,0.0,0.0,0.0,0.0,0.0,0.0,0.0
Masked TF-IDF,13319,GT-023,0.0,0.0,0.0,0.0,0.0,0.0,0.0
Masked TF-IDF,13337,CF-057,0.0,0.0,0.0,0.0,0.0,0.0,0.0
Masked TF-IDF,13346,P-218,0.0,0.0,0.0,0.0,0.0,0.0,0.0
Masked TF-IDF,13409,P-290,0.0,0.0,0.0,0.0,0.0,0.0,0.0
Masked TF-IDF,13481,GT-064,0.0,0.0,0.0,0.0,0.0,0.0,0.0
Masked TF-IDF,13541,K-031,0.0,0.0,0.0,0.0,0.0,0.0,0.0
Masked TF-IDF,13562,K-096,0.0,0.0,0.0,0.0,0.0,0.0,0.0
Masked TF-IDF,13581,VP-014,0.0,0.0,0.0,0.0,0.0,0.0,0.0
Masked TF-IDF,13585,P-415,0.0,0.0,0.0,0.0,0.0,0.0,0.0
Masked TF-IDF,13607,DC-022,0.0,0.0,0.0,0.0,0.0,0.0,0.0
Masked TF-IDF,13643,P-397,0.0,0.0,0.0,0.0,0.0,0.0,0.0
Masked TF-IDF,13651,P-719,0.0,0.0,0.0,0.0,0.0,0.0,0.0
Masked TF-IDF,13657,CT-022,0.0,0.0,0.0,0.0,0.0,0.0,0.0
Masked TF-IDF,13752,HX-059,0.0,0.0,0.0,0.0,0.0,0.0,0.0
Masked TF-IDF,13836,CF-145,0.0,0.0,0.0,0.0,0.0,0.0,0.0
Masked TF-IDF,13839,CV-230,0.0,0.0,0.0,0.0,0.0,0.0,0.0
Masked TF-IDF,13880,HP-047,0.0,0.0,0.0,0.0,0.0,0.0,0.0
Masked TF-IDF,13883,TK-144,0.0,0.0,0.0,0.0,0.0,0.0,0.0
Masked TF-IDF,13906,GB-006,0.0,0.0,0.0,0.0,0.0,0.0,0.0
Masked TF-IDF,13931,HX-061,0.0,0.0,0.0,0.0,0.0,0.0,0.0
Masked TF-IDF,13941,P-223,0.0,0.0,0.0,0.0,0.0,0.0,0.0
Masked TF-IDF,13956,F-243,0.0,0.0,0.0,0.0,0.0,0.0,0.0
Masked TF-IDF,14052,FM-107,0.0,0.0,0.0,0.0,0.0,0.0,0.0
Masked TF-IDF,14122,P-366,0.0,0.0,0.0,0.0,0.0,0.0,0.0
Masked TF-IDF,14132,M-134,0.0,0.0,0.0,0.0,1.0,0.0,0.023255813953488372
Masked TF-IDF,14140,DC-044,0.0,0.0,0.0,0.0,0.0,0.0,0.0
Masked TF-IDF,14188,CT-103,0.0,0.0,0.0,0.0,0.0,0.0,0.0
Masked TF-IDF,14229,R-138,0.0,0.0,0.0,0.0,0.0,0.0,0.0
Masked TF-IDF,14243,P-219,0.0,0.0,0.0,0.0,0.0,0.0,0.0
Masked TF-IDF,14298,P-313,0.0,0.0,0.0,0.0,0.0,0.0,0.0
Masked TF-IDF,14339,M-062,0.0,0.0,0.0,0.0,0.0,0.0,0.0
Masked TF-IDF,14428,VP-125,0.0,0.0,0.0,0.0,0.0,0.0,0.0
Masked TF-IDF,14483,P-476,0.0,0.0,0.0,0.0,0.0,0.0,0.0
Masked TF-IDF,14520,HX-050,0.0,0.0,0.0,0.0,0.0,0.0,0.0
Masked TF-IDF,14639,TRB-097,0.0,0.0,0.0,0.0,0.0,0.0,0.0
Masked TF-IDF,14660,SC-139,0.0,0.0,0.0,0.0,0.0,0.0,0.0
Masked TF-IDF,14683,BM-115,0.0,0.0,0.0,1.0,1.0,0.0,0.0625
Masked TF-IDF,14784,M-106,0.0,0.0,0.0,0.0,0.0,0.0,0.0
Masked TF-IDF,14788,P-308,0.0,0.0,0.0,0.0,0.0,0.0,0.0
Masked TF-IDF,14805,F-087,0.0,0.0,0.0,0.0,0.0,0.0,0.0
Masked TF-IDF,14820,TRB-133,0.0,0.0,0.0,0.0,0.0,0.0,0.0
Masked TF-IDF,14870,CT-058,0.0,0.0,0.0,0.0,0.0,0.0,0.0
Masked TF-IDF,14892,P-438,0.0,0.0,0.0,0.0,0.0,0.0,0.0
Masked TF-IDF,14904,CV-056,0.0,0.0,0.0,0.0,0.0,0.0,0.0
Masked TF-IDF,14930,P-244,0.0,0.0,0.0,0.0,0.0,0.0,0.0
Masked TF-IDF,15041,GB-087,0.0,0.0,0.0,1.0,1.0,0.0,0.07142857142857142
Masked TF-IDF,15044,TRB-136,0.0,0.0,0.0,0.0,0.0,0.0,0.0
Masked TF-IDF,15050,TRB-131,0.0,0.0,0.0,0.0,0.0,0.0,0.0
Masked TF-IDF,15084,F-176,0.0,0.0,0.0,0.0,0.0,0.0,0.0
Masked TF-IDF,15103,HP-133,0.0,0.0,0.0,0.0,0.0,0.0,0.0
Masked TF-IDF,15169,P-219,0.0,0.0,0.0,0.0,0.0,0.0,0.0
Masked TF-IDF,15181,GS-124,0.0,0.0,0.0,0.0,0.0,0.0,0.0
Masked TF-IDF,15232,TK-315,0.0,0.0,0.0,0.0,0.0,0.0,0.0
Masked TF-IDF,15318,R-082,0.0,0.0,0.0,0.0,0.0,0.0,0.0
Masked TF-IDF,15368,R-070,0.0,0.0,0.0,0.0,0.0,0.0,0.0
Masked TF-IDF,15413,VP-064,0.0,0.0,0.0,0.0,0.0,0.0,0.0
Masked TF-IDF,15416,HV-213,0.0,0.0,0.0,0.0,0.0,0.0,0.0
Masked TF-IDF,15453,DP-123,0.0,0.0,0.0,0.0,0.0,0.0,0.0
Masked TF-IDF,15472,TK-243,0.0,0.0,0.0,0.0,0.0,0.0,0.0
Masked TF-IDF,15481,P-159,0.0,0.0,0.0,0.0,0.0,0.0,0.0
Masked TF-IDF,15524,HX-125,0.0,0.0,0.0,0.0,0.0,0.0,0.0
Masked TF-IDF,15539,P-419,0.0,0.0,1.0,1.0,1.0,0.16666666666666666,0.16666666666666666
Masked TF-IDF,15619,CT-107,0.0,0.0,0.0,0.0,0.0,0.0,0.0
Masked TF-IDF,15677,TK-194,0.0,0.0,0.0,0.0,0.0,0.0,0.0
Masked TF-IDF,15721,CR-047,0.0,0.0,0.0,0.0,0.0,0.0,0.0
Masked TF-IDF,15723,P-592,0.0,0.0,0.0,0.0,0.0,0.0,0.0
Masked TF-IDF,15728,SD-121,0.0,0.0,0.0,0.0,0.0,0.0,0.0
Masked TF-IDF,15775,M-036,0.0,0.0,0.0,0.0,0.0,0.0,0.0
Masked TF-IDF,15786,CT-091,0.0,0.0,0.0,0.0,0.0,0.0,0.0
Masked TF-IDF,15844,GT-142,0.0,0.0,0.0,0.0,1.0,0.0,0.047619047619047616
Masked TF-IDF,15915,F-122,0.0,0.0,0.0,0.0,0.0,0.0,0.0
Masked TF-IDF,15938,TK-334,0.0,0.0,0.0,0.0,0.0,0.0,0.0
Masked TF-IDF,16020,M-025,0.0,0.0,0.0,0.0,1.0,0.0,0.03571428571428571
Masked TF-IDF,16042,DOS-083,0.0,0.0,0.0,0.0,0.0,0.0,0.0
Masked TF-IDF,16055,K-214,0.0,0.0,0.0,0.0,0.0,0.0,0.0
Masked TF-IDF,16059,HX-145,0.0,0.0,0.0,0.0,0.0,0.0,0.0
Masked TF-IDF,16087,P-743,0.0,0.0,0.0,0.0,0.0,0.0,0.0
Masked TF-IDF,16118,F-053,0.0,0.0,0.0,0.0,0.0,0.0,0.0
Masked TF-IDF,16133,HX-044,0.0,0.0,0.0,0.0,0.0,0.0,0.0
Masked TF-IDF,16181,K-015,0.0,0.0,0.0,0.0,0.0,0.0,0.0
Masked TF-IDF,16182,CV-079,0.0,0.0,0.0,0.0,1.0,0.0,0.023255813953488372
Masked TF-IDF,16188,DRY-128,0.0,0.0,0.0,0.0,0.0,0.0,0.0
Masked TF-IDF,16193,HP-047,0.0,0.0,0.0,0.0,0.0,0.0,0.0
Masked TF-IDF,16199,HX-068,0.0,0.0,0.0,0.0,0.0,0.0,0.0
Masked TF-IDF,16257,DC-065,0.0,0.0,0.0,0.0,0.0,0.0,0.0
Masked TF-IDF,16258,AG-049,1.0,1.0,1.0,1.0,1.0,1.0,1.0
Masked TF-IDF,16296,BM-108,0.0,0.0,0.0,0.0,0.0,0.0,0.0
Masked TF-IDF,16316,SD-033,0.0,0.0,0.0,0.0,0.0,0.0,0.0
Masked TF-IDF,16375,BLR-111,0.0,1.0,1.0,1.0,1.0,0.25,0.25
Masked TF-IDF,16402,P-534,0.0,0.0,0.0,0.0,0.0,0.0,0.0
Masked TF-IDF,16416,HV-116,0.0,0.0,0.0,0.0,0.0,0.0,0.0
Masked TF-IDF,16474,TK-046,0.0,0.0,0.0,0.0,0.0,0.0,0.0
Masked TF-IDF,16476,DC-137,0.0,0.0,0.0,0.0,0.0,0.0,0.0
Masked TF-IDF,16485,CT-106,0.0,0.0,1.0,1.0,1.0,0.125,0.125
Masked TF-IDF,16515,K-100,0.0,0.0,0.0,0.0,0.0,0.0,0.0
Masked TF-IDF,16519,TK-068,0.0,0.0,0.0,0.0,0.0,0.0,0.0
Masked TF-IDF,16601,P-546,0.0,0.0,0.0,0.0,0.0,0.0,0.0
Masked TF-IDF,16726,HV-032,0.0,0.0,0.0,0.0,0.0,0.0,0.0
Masked TF-IDF,16768,P-142,0.0,0.0,0.0,0.0,0.0,0.0,0.0
Masked TF-IDF,16778,DOS-078,0.0,0.0,0.0,0.0,0.0,0.0,0.0
Masked TF-IDF,16793,DP-108,0.0,0.0,0.0,0.0,0.0,0.0,0.0
Masked TF-IDF,16825,SD-105,0.0,0.0,0.0,0.0,1.0,0.0,0.03225806451612903
Masked TF-IDF,16858,HV-105,0.0,0.0,0.0,0.0,0.0,0.0,0.0
Masked TF-IDF,16901,P-402,0.0,0.0,0.0,0.0,0.0,0.0,0.0
Masked TF-IDF,16961,CV-058,0.0,0.0,0.0,0.0,0.0,0.0,0.0
Masked TF-IDF,16982,CV-046,0.0,0.0,0.0,0.0,0.0,0.0,0.0
Masked TF-IDF,16990,TK-229,0.0,0.0,0.0,0.0,0.0,0.0,0.0
Masked TF-IDF,17021,UF-110,0.0,0.0,0.0,1.0,1.0,0.0,0.05555555555555555
Masked TF-IDF,17112,P-501,0.0,0.0,0.0,0.0,0.0,0.0,0.0
Masked TF-IDF,17123,P-341,0.0,0.0,0.0,0.0,0.0,0.0,0.0
Masked TF-IDF,17154,TK-049,0.0,0.0,0.0,0.0,1.0,0.0,0.030303030303030304
Masked TF-IDF,17173,HX-206,0.0,0.0,0.0,0.0,0.0,0.0,0.0
Masked TF-IDF,17180,CV-071,0.0,0.0,0.0,0.0,0.0,0.0,0.0
Masked TF-IDF,17184,HV-127,0.0,0.0,0.0,0.0,0.0,0.0,0.0
Masked TF-IDF,17203,M-089,0.0,0.0,0.0,0.0,0.0,0.0,0.0
Masked TF-IDF,17283,P-479,0.0,0.0,0.0,0.0,0.0,0.0,0.0
Masked TF-IDF,17299,M-078,0.0,0.0,0.0,0.0,1.0,0.0,0.034482758620689655
Masked TF-IDF,17308,BLR-075,0.0,0.0,0.0,0.0,0.0,0.0,0.0
Masked TF-IDF,17318,GB-102,0.0,0.0,0.0,0.0,0.0,0.0,0.0
Masked TF-IDF,17326,P-209,0.0,0.0,0.0,0.0,0.0,0.0,0.0
Masked TF-IDF,17332,GB-079,0.0,0.0,0.0,0.0,0.0,0.0,0.0
Masked TF-IDF,17347,SC-052,0.0,0.0,0.0,0.0,0.0,0.0,0.0
Masked TF-IDF,17349,R-073,0.0,0.0,0.0,0.0,0.0,0.0,0.0
Masked TF-IDF,17369,M-133,0.0,0.0,0.0,1.0,1.0,0.0,0.05
Masked TF-IDF,17380,BLR-101,0.0,0.0,0.0,0.0,0.0,0.0,0.0
Masked TF-IDF,17385,CV-128,0.0,0.0,0.0,0.0,1.0,0.0,0.038461538461538464
Masked TF-IDF,17394,HV-052,0.0,0.0,0.0,0.0,0.0,0.0,0.0
Masked TF-IDF,17467,P-332,0.0,0.0,0.0,0.0,0.0,0.0,0.0
Masked TF-IDF,17592,TK-290,0.0,0.0,0.0,0.0,0.0,0.0,0.0
Masked TF-IDF,17597,P-582,0.0,0.0,0.0,0.0,0.0,0.0,0.0
Masked TF-IDF,17620,HV-031,0.0,0.0,0.0,0.0,0.0,0.0,0.0
Masked TF-IDF,17653,F-233,0.0,0.0,0.0,0.0,0.0,0.0,0.0
Masked TF-IDF,17664,P-215,0.0,0.0,0.0,0.0,0.0,0.0,0.0
Masked TF-IDF,17690,P-210,0.0,0.0,0.0,0.0,0.0,0.0,0.0
Masked TF-IDF,17749,P-338,0.0,0.0,0.0,0.0,0.0,0.0,0.0
Masked TF-IDF,17843,P-144,0.0,0.0,0.0,0.0,0.0,0.0,0.0
Masked TF-IDF,17864,F-054,0.0,0.0,0.0,0.0,0.0,0.0,0.0
Masked TF-IDF,17884,GB-069,0.0,0.0,0.0,0.0,0.0,0.0,0.0
Masked TF-IDF,17924,F-070,0.0,0.0,0.0,0.0,0.0,0.0,0.0
Masked TF-IDF,17985,GS-004,0.0,0.0,0.0,0.0,1.0,0.0,0.020833333333333332
Masked TF-IDF,18060,CT-108,0.0,0.0,0.0,0.0,0.0,0.0,0.0
Masked TF-IDF,18071,P-303,0.0,0.0,0.0,0.0,0.0,0.0,0.0
Masked TF-IDF,18093,TK-059,0.0,0.0,0.0,0.0,0.0,0.0,0.0
Masked TF-IDF,18101,BLR-143,0.0,0.0,0.0,0.0,0.0,0.0,0.0
Masked TF-IDF,18176,DRY-112,0.0,0.0,0.0,0.0,0.0,0.0,0.0
Masked TF-IDF,18184,FM-121,0.0,0.0,0.0,0.0,0.0,0.0,0.0
Masked TF-IDF,18230,CF-111,0.0,0.0,0.0,0.0,0.0,0.0,0.0
Masked TF-IDF,18250,SC-008,0.0,0.0,0.0,0.0,0.0,0.0,0.0
Masked TF-IDF,18256,F-013,0.0,0.0,0.0,0.0,1.0,0.0,0.02857142857142857
Masked TF-IDF,18291,CF-140,0.0,0.0,0.0,0.0,0.0,0.0,0.0
Masked TF-IDF,18354,GS-128,0.0,0.0,0.0,0.0,1.0,0.0,0.02631578947368421
Masked TF-IDF,18355,SC-101,0.0,0.0,0.0,0.0,0.0,0.0,0.0
Masked TF-IDF,18369,P-356,0.0,0.0,0.0,0.0,0.0,0.0,0.0
Masked TF-IDF,18394,DOS-067,0.0,0.0,0.0,0.0,1.0,0.0,0.024390243902439025
Masked TF-IDF,18437,CV-049,0.0,0.0,0.0,0.0,1.0,0.0,0.045454545454545456
Masked TF-IDF,18441,M-120,0.0,0.0,0.0,0.0,0.0,0.0,0.0
Masked TF-IDF,18451,AG-126,0.0,0.0,0.0,0.0,0.0,0.0,0.0
Masked TF-IDF,18477,P-264,0.0,0.0,0.0,0.0,0.0,0.0,0.0
Masked TF-IDF,18535,M-080,0.0,0.0,0.0,0.0,0.0,0.0,0.0
Masked TF-IDF,18548,M-077,0.0,0.0,0.0,0.0,0.0,0.0,0.0
Masked TF-IDF,18598,K-104,0.0,0.0,0.0,0.0,0.0,0.0,0.0
Masked TF-IDF,18648,CR-143,0.0,0.0,0.0,0.0,0.0,0.0,0.0
Masked TF-IDF,18671,UF-070,0.0,0.0,0.0,0.0,1.0,0.0,0.02127659574468085
Masked TF-IDF,18730,P-508,0.0,0.0,0.0,0.0,0.0,0.0,0.0
Masked TF-IDF,18741,TRB-104,0.0,0.0,0.0,0.0,0.0,0.0,0.0
Masked TF-IDF,18751,GS-104,0.0,0.0,0.0,0.0,0.0,0.0,0.0
Masked TF-IDF,18790,M-104,0.0,0.0,0.0,0.0,0.0,0.0,0.0
Masked TF-IDF,18799,K-144,0.0,0.0,1.0,1.0,1.0,0.16666666666666666,0.16666666666666666
Masked TF-IDF,18815,R-294,0.0,0.0,0.0,0.0,0.0,0.0,0.0
Masked TF-IDF,18818,P-665,0.0,0.0,0.0,0.0,0.0,0.0,0.0
Masked TF-IDF,18848,HX-075,0.0,0.0,0.0,0.0,0.0,0.0,0.0
Masked TF-IDF,18890,P-459,0.0,0.0,0.0,0.0,0.0,0.0,0.0
Masked TF-IDF,18951,F-212,0.0,0.0,0.0,0.0,0.0,0.0,0.0
Masked TF-IDF,19249,RLP-069,0.0,0.0,0.0,0.0,0.0,0.0,0.0
Masked TF-IDF,19272,CV-305,0.0,0.0,0.0,0.0,0.0,0.0,0.0
Masked TF-IDF,19351,HX-047,0.0,0.0,0.0,0.0,0.0,0.0,0.0
Masked TF-IDF,19463,BM-080,0.0,1.0,1.0,1.0,1.0,0.5,0.5
Masked TF-IDF,19467,K-039,0.0,0.0,0.0,0.0,0.0,0.0,0.0
Masked TF-IDF,19469,HX-136,0.0,0.0,0.0,0.0,0.0,0.0,0.0
Masked TF-IDF,19494,GB-125,0.0,0.0,0.0,0.0,0.0,0.0,0.0
Masked TF-IDF,19546,BLR-079,0.0,0.0,0.0,0.0,0.0,0.0,0.0
Masked TF-IDF,19676,P-667,0.0,0.0,0.0,0.0,0.0,0.0,0.0
Masked TF-IDF,19693,F-133,0.0,0.0,0.0,0.0,0.0,0.0,0.0
Masked TF-IDF,19704,HX-226,0.0,0.0,0.0,0.0,0.0,0.0,0.0
Masked TF-IDF,19732,EX-057,0.0,0.0,0.0,0.0,0.0,0.0,0.0
Masked TF-IDF,19754,P-692,0.0,0.0,0.0,0.0,0.0,0.0,0.0
Masked TF-IDF,19881,TK-199,0.0,0.0,0.0,0.0,0.0,0.0,0.0
Masked TF-IDF,19968,P-121,0.0,0.0,0.0,0.0,0.0,0.0,0.0
Masked TF-IDF,20016,GB-029,0.0,0.0,0.0,0.0,0.0,0.0,0.0
Masked TF-IDF,20085,P-125,0.0,0.0,0.0,0.0,0.0,0.0,0.0
Masked TF-IDF,20097,P-222,0.0,0.0,0.0,0.0,0.0,0.0,0.0
Masked TF-IDF,20102,P-134,0.0,0.0,0.0,0.0,0.0,0.0,0.0
Masked TF-IDF,20114,P-429,0.0,0.0,0.0,0.0,0.0,0.0,0.0
Masked TF-IDF,20158,HP-105,0.0,0.0,0.0,0.0,1.0,0.0,0.03571428571428571
Masked TF-IDF,20168,HX-032,0.0,0.0,0.0,0.0,0.0,0.0,0.0
Masked TF-IDF,20316,DRY-01,0.0,0.0,0.0,0.0,0.0,0.0,0.0
Masked TF-IDF,20360,TK-140,1.0,1.0,1.0,1.0,1.0,1.0,1.0
Masked TF-IDF,20385,P-182,0.0,0.0,0.0,0.0,0.0,0.0,0.0
Masked TF-IDF,20390,P-319,0.0,0.0,0.0,0.0,0.0,0.0,0.0
Masked TF-IDF,20406,F-015,0.0,0.0,0.0,0.0,0.0,0.0,0.0
Masked TF-IDF,20472,TK-254,0.0,0.0,0.0,0.0,0.0,0.0,0.0
Masked TF-IDF,20473,BM-080,0.0,0.0,0.0,0.0,0.0,0.0,0.0
Masked TF-IDF,20500,TRB-050,0.0,0.0,0.0,0.0,0.0,0.0,0.0
Masked TF-IDF,20539,F-216,0.0,0.0,0.0,0.0,0.0,0.0,0.0
Masked TF-IDF,20559,EV-076,0.0,0.0,0.0,0.0,0.0,0.0,0.0
Masked TF-IDF,20563,GT-104,0.0,0.0,0.0,0.0,0.0,0.0,0.0
Masked TF-IDF,20587,SD-062,0.0,0.0,0.0,0.0,1.0,0.0,0.02
Masked TF-IDF,20614,F-010,0.0,0.0,0.0,0.0,0.0,0.0,0.0
Masked TF-IDF,20622,M-133,0.0,0.0,0.0,0.0,0.0,0.0,0.0
Masked TF-IDF,20717,P-354,0.0,0.0,0.0,0.0,0.0,0.0,0.0
Masked TF-IDF,20723,HP-128,0.0,0.0,0.0,0.0,1.0,0.0,0.027777777777777776
Masked TF-IDF,20725,DOS-091,0.0,1.0,1.0,1.0,1.0,0.2,0.2
Masked TF-IDF,20730,K-149,0.0,0.0,0.0,0.0,0.0,0.0,0.0
Masked TF-IDF,20873,P-261,0.0,0.0,0.0,0.0,0.0,0.0,0.0
Masked TF-IDF,20887,TK-004,0.0,0.0,0.0,0.0,0.0,0.0,0.0
Masked TF-IDF,20920,EV-133,0.0,0.0,0.0,0.0,0.0,0.0,0.0
Masked TF-IDF,20921,P-517,0.0,0.0,0.0,0.0,0.0,0.0,0.0
Masked TF-IDF,20998,TK-103,0.0,0.0,0.0,0.0,0.0,0.0,0.0
Masked TF-IDF,21018,TK-118,0.0,0.0,0.0,0.0,0.0,0.0,0.0
Masked TF-IDF,21042,FM-023,0.0,0.0,0.0,0.0,0.0,0.0,0.0
Masked TF-IDF,21045,HX-341,0.0,0.0,0.0,0.0,0.0,0.0,0.0
Masked TF-IDF,21054,M-117,0.0,0.0,0.0,0.0,0.0,0.0,0.0
Masked TF-IDF,21055,AG-031,0.0,0.0,0.0,0.0,0.0,0.0,0.0
Masked TF-IDF,21148,R-126,0.0,0.0,0.0,0.0,0.0,0.0,0.0
Masked TF-IDF,21159,P-339,0.0,0.0,0.0,0.0,0.0,0.0,0.0
Masked TF-IDF,21194,K-102,0.0,0.0,0.0,0.0,0.0,0.0,0.0
Masked TF-IDF,21259,HX-090,0.0,0.0,0.0,0.0,0.0,0.0,0.0
Masked TF-IDF,21271,SEP-111,0.0,0.0,0.0,0.0,0.0,0.0,0.0
Masked TF-IDF,21306,P-262,0.0,0.0,0.0,0.0,0.0,0.0,0.0
Masked TF-IDF,21364,P-196,0.0,0.0,0.0,0.0,0.0,0.0,0.0
Masked TF-IDF,21389,P-114,0.0,0.0,0.0,0.0,0.0,0.0,0.0
Masked TF-IDF,21505,M-066,0.0,0.0,0.0,0.0,0.0,0.0,0.0
Masked TF-IDF,21519,CF-140,0.0,0.0,0.0,0.0,0.0,0.0,0.0
Masked TF-IDF,21532,TK-209,0.0,0.0,0.0,0.0,0.0,0.0,0.0
Masked TF-IDF,21539,P-133,0.0,0.0,0.0,0.0,0.0,0.0,0.0
Masked TF-IDF,21598,HV-061,0.0,0.0,0.0,0.0,0.0,0.0,0.0
Masked TF-IDF,21605,BM-107,0.0,0.0,0.0,0.0,0.0,0.0,0.0
Masked TF-IDF,21661,M-146,0.0,0.0,0.0,1.0,1.0,0.0,0.05
Masked TF-IDF,21662,FM-106,0.0,0.0,0.0,0.0,0.0,0.0,0.0
Masked TF-IDF,21689,VP-122,0.0,0.0,0.0,0.0,0.0,0.0,0.0
Masked TF-IDF,21698,M-081,0.0,0.0,0.0,0.0,0.0,0.0,0.0
Masked TF-IDF,21815,TK-120,0.0,0.0,0.0,0.0,0.0,0.0,0.0
Masked TF-IDF,21828,EX-132,0.0,0.0,0.0,0.0,0.0,0.0,0.0
Masked TF-IDF,21914,P-439,0.0,0.0,0.0,0.0,0.0,0.0,0.0
Masked TF-IDF,21945,P-472,0.0,0.0,0.0,0.0,0.0,0.0,0.0
Masked TF-IDF,22050,R-104,0.0,0.0,0.0,0.0,0.0,0.0,0.0
Masked TF-IDF,22106,K-236,0.0,0.0,0.0,0.0,0.0,0.0,0.0
Masked TF-IDF,22113,F-048,0.0,0.0,0.0,0.0,0.0,0.0,0.0
Masked TF-IDF,22164,DP-029,0.0,0.0,0.0,0.0,0.0,0.0,0.0
Masked TF-IDF,22171,BLR-100,0.0,0.0,0.0,0.0,0.0,0.0,0.0
Masked TF-IDF,22253,SEP-119,0.0,0.0,0.0,0.0,0.0,0.0,0.0
Masked TF-IDF,22283,FM-049,0.0,0.0,0.0,0.0,0.0,0.0,0.0
Masked TF-IDF,22289,M-114,0.0,0.0,0.0,0.0,0.0,0.0,0.0
Masked TF-IDF,22294,RLP-075,0.0,0.0,0.0,0.0,0.0,0.0,0.0
Masked TF-IDF,22331,SEP-101,0.0,0.0,0.0,0.0,0.0,0.0,0.0
Masked TF-IDF,22360,GB-199,0.0,0.0,0.0,0.0,0.0,0.0,0.0
Masked TF-IDF,22391,HX-433,0.0,0.0,0.0,0.0,0.0,0.0,0.0
Masked TF-IDF,22407,BLR-007,0.0,0.0,0.0,0.0,0.0,0.0,0.0
Masked TF-IDF,22433,CV-108,0.0,0.0,0.0,0.0,0.0,0.0,0.0
Masked TF-IDF,22461,F-107,0.0,0.0,0.0,0.0,0.0,0.0,0.0
Masked TF-IDF,22570,BLR-015,0.0,0.0,0.0,0.0,0.0,0.0,0.0
Masked TF-IDF,22599,SEP-030,0.0,0.0,0.0,0.0,0.0,0.0,0.0
Masked TF-IDF,22657,EV-101,0.0,0.0,0.0,0.0,0.0,0.0,0.0
Masked TF-IDF,22658,P-137,0.0,0.0,0.0,0.0,0.0,0.0,0.0
Masked TF-IDF,22714,DC-031,0.0,0.0,0.0,0.0,0.0,0.0,0.0
Masked TF-IDF,22716,TK-109,0.0,0.0,0.0,0.0,0.0,0.0,0.0
Masked TF-IDF,22844,CV-100,0.0,0.0,0.0,0.0,0.0,0.0,0.0
Masked TF-IDF,22859,P-164,0.0,0.0,0.0,0.0,0.0,0.0,0.0
Masked TF-IDF,22864,AG-125,0.0,0.0,0.0,0.0,0.0,0.0,0.0
Masked TF-IDF,22875,K-229,0.0,0.0,0.0,0.0,0.0,0.0,0.0
Masked TF-IDF,22900,SC-074,0.0,0.0,0.0,0.0,0.0,0.0,0.0
Masked TF-IDF,22904,DRY-068,0.0,0.0,0.0,0.0,0.0,0.0,0.0
Masked TF-IDF,22959,FM-009,0.0,0.0,0.0,0.0,0.0,0.0,0.0
Masked TF-IDF,22984,P-156,0.0,0.0,0.0,0.0,0.0,0.0,0.0
Masked TF-IDF,22992,P-528,0.0,0.0,0.0,0.0,0.0,0.0,0.0
Masked TF-IDF,23008,K-064,0.0,0.0,0.0,0.0,0.0,0.0,0.0
Masked TF-IDF,23048,GB-085,0.0,0.0,0.0,0.0,0.0,0.0,0.0
Masked TF-IDF,23058,CV-007,0.0,0.0,0.0,0.0,0.0,0.0,0.0
Masked TF-IDF,23074,EV-006,0.0,0.0,0.0,0.0,1.0,0.0,0.02857142857142857
Masked TF-IDF,23105,P-166,0.0,0.0,0.0,0.0,0.0,0.0,0.0
Masked TF-IDF,23173,EV-125,0.0,0.0,0.0,0.0,0.0,0.0,0.0
Masked TF-IDF,23184,CV-057,0.0,0.0,0.0,0.0,0.0,0.0,0.0
Masked TF-IDF,23309,HX-239,0.0,0.0,0.0,0.0,0.0,0.0,0.0
Masked TF-IDF,23327,SC-141,0.0,0.0,0.0,0.0,0.0,0.0,0.0
Masked TF-IDF,23370,P-228,0.0,1.0,1.0,1.0,1.0,0.2,0.2
Masked TF-IDF,23377,VP-133,0.0,0.0,0.0,0.0,1.0,0.0,0.024390243902439025
Masked TF-IDF,23403,P-155,0.0,0.0,0.0,0.0,0.0,0.0,0.0
Masked TF-IDF,23462,P-104,0.0,0.0,0.0,0.0,0.0,0.0,0.0
Masked TF-IDF,23502,K-207,0.0,0.0,0.0,0.0,0.0,0.0,0.0
Masked TF-IDF,23512,HX-017,0.0,0.0,0.0,0.0,1.0,0.0,0.03333333333333333
Masked TF-IDF,23519,M-041,0.0,0.0,0.0,0.0,1.0,0.0,0.022222222222222223
Masked TF-IDF,23526,P-674,0.0,0.0,0.0,0.0,0.0,0.0,0.0
Masked TF-IDF,23528,UF-126,0.0,0.0,0.0,0.0,0.0,0.0,0.0
Masked TF-IDF,23535,UF-043,0.0,0.0,0.0,1.0,1.0,0.0,0.07692307692307693
Masked TF-IDF,23547,CF-120,0.0,0.0,0.0,0.0,0.0,0.0,0.0
Masked TF-IDF,23554,CV-026,0.0,0.0,0.0,0.0,0.0,0.0,0.0
Masked TF-IDF,23585,TK-060,0.0,0.0,0.0,0.0,0.0,0.0,0.0
Masked TF-IDF,23605,P-153,0.0,0.0,0.0,0.0,0.0,0.0,0.0
Masked TF-IDF,23688,HV-093,0.0,0.0,0.0,0.0,0.0,0.0,0.0
Masked TF-IDF,23709,P-430,0.0,0.0,0.0,0.0,0.0,0.0,0.0
Masked TF-IDF,23736,SD-144,0.0,0.0,0.0,0.0,0.0,0.0,0.0
Masked TF-IDF,23785,P-362,0.0,0.0,0.0,0.0,0.0,0.0,0.0
Masked TF-IDF,23800,EV-015,0.0,0.0,0.0,0.0,0.0,0.0,0.0
Masked TF-IDF,23819,GB-116,0.0,0.0,0.0,0.0,0.0,0.0,0.0
Masked TF-IDF,23839,R-094,0.0,0.0,0.0,0.0,0.0,0.0,0.0
Masked TF-IDF,23847,M-053,0.0,0.0,0.0,0.0,0.0,0.0,0.0
Masked TF-IDF,23849,GB-142,0.0,0.0,1.0,1.0,1.0,0.1,0.1
Masked TF-IDF,23858,P-236,0.0,0.0,0.0,0.0,0.0,0.0,0.0
Masked TF-IDF,23862,DP-104,0.0,0.0,0.0,0.0,0.0,0.0,0.0
Masked TF-IDF,23863,BLR-125,0.0,0.0,0.0,0.0,0.0,0.0,0.0
Masked TF-IDF,23869,SD-035,0.0,0.0,1.0,1.0,1.0,0.1111111111111111,0.1111111111111111
Masked TF-IDF,23974,P-352,0.0,0.0,0.0,0.0,1.0,0.0,0.023809523809523808
Masked TF-IDF,24037,M-062,0.0,0.0,0.0,0.0,0.0,0.0,0.0
Masked TF-IDF,24091,P-442,0.0,0.0,0.0,0.0,0.0,0.0,0.0
Masked TF-IDF,24095,K-093,0.0,0.0,0.0,0.0,0.0,0.0,0.0
Masked TF-IDF,24165,TK-029,0.0,0.0,0.0,0.0,0.0,0.0,0.0
Masked TF-IDF,24183,TK-222,0.0,0.0,0.0,0.0,0.0,0.0,0.0
Masked TF-IDF,24203,TK-032,0.0,0.0,0.0,0.0,0.0,0.0,0.0
Masked TF-IDF,24274,TK-118,0.0,0.0,0.0,0.0,0.0,0.0,0.0
Masked TF-IDF,24288,AG-008,0.0,0.0,0.0,0.0,0.0,0.0,0.0
Masked TF-IDF,24306,SC-119,0.0,0.0,0.0,0.0,0.0,0.0,0.0
Masked TF-IDF,24308,VP-108,0.0,0.0,0.0,0.0,0.0,0.0,0.0
Masked TF-IDF,24340,DRY-035,0.0,0.0,0.0,0.0,0.0,0.0,0.0
Masked TF-IDF,24346,K-036,0.0,0.0,0.0,0.0,0.0,0.0,0.0
Masked TF-IDF,24381,GB-018,0.0,0.0,0.0,0.0,0.0,0.0,0.0
Masked TF-IDF,24396,R-007,0.0,0.0,0.0,0.0,0.0,0.0,0.0
Masked TF-IDF,24461,CV-013,0.0,0.0,0.0,0.0,0.0,0.0,0.0
Masked TF-IDF,24486,HX-050,0.0,0.0,0.0,0.0,0.0,0.0,0.0
Masked TF-IDF,24542,BLR-110,0.0,0.0,0.0,1.0,1.0,0.0,0.07692307692307693
Masked TF-IDF,24545,P-210,0.0,0.0,0.0,0.0,0.0,0.0,0.0
Masked TF-IDF,24551,P-158,0.0,0.0,0.0,0.0,0.0,0.0,0.0
Masked TF-IDF,24623,BM-118,0.0,0.0,0.0,0.0,0.0,0.0,0.0
Masked TF-IDF,24649,TK-037,0.0,0.0,0.0,1.0,1.0,0.0,0.0625
Masked TF-IDF,24715,P-674,0.0,0.0,0.0,0.0,0.0,0.0,0.0
Masked TF-IDF,24743,AG-106,0.0,0.0,0.0,0.0,0.0,0.0,0.0
Masked TF-IDF,24765,BLR-217,0.0,0.0,0.0,0.0,0.0,0.0,0.0
Masked TF-IDF,24775,BLR-110,0.0,0.0,0.0,0.0,0.0,0.0,0.0
Masked TF-IDF,24829,P-296,0.0,0.0,0.0,0.0,0.0,0.0,0.0
Masked TF-IDF,24914,TK-242,0.0,0.0,0.0,0.0,0.0,0.0,0.0
Masked TF-IDF,24916,DRY-009,0.0,0.0,0.0,0.0,0.0,0.0,0.0
Masked TF-IDF,24919,DP-025,0.0,0.0,0.0,0.0,1.0,0.0,0.04
Masked TF-IDF,24926,CR-031,0.0,0.0,0.0,0.0,0.0,0.0,0.0
Masked TF-IDF,24934,K-052,0.0,0.0,0.0,0.0,0.0,0.0,0.0
Masked TF-IDF,24994,GT-141,0.0,0.0,0.0,0.0,0.0,0.0,0.0
Masked TF-IDF,25020,BLR-086,0.0,0.0,0.0,0.0,0.0,0.0,0.0
Masked TF-IDF,25102,UF-092,0.0,0.0,0.0,0.0,0.0,0.0,0.0
Masked TF-IDF,25114,P-387,0.0,0.0,0.0,0.0,0.0,0.0,0.0
Masked TF-IDF,25136,P-521,0.0,0.0,0.0,0.0,0.0,0.0,0.0
Masked TF-IDF,25211,P-315,0.0,0.0,0.0,0.0,0.0,0.0,0.0
Masked TF-IDF,25253,HX-335,0.0,0.0,0.0,0.0,0.0,0.0,0.0
Masked TF-IDF,25259,VP-059,0.0,0.0,0.0,0.0,0.0,0.0,0.0
Masked TF-IDF,25282,GT-103,0.0,0.0,0.0,0.0,0.0,0.0,0.0
Masked TF-IDF,25297,P-490,0.0,0.0,0.0,0.0,0.0,0.0,0.0
Masked TF-IDF,25323,HX-230,0.0,0.0,0.0,0.0,0.0,0.0,0.0
Masked TF-IDF,25361,TK-112,0.0,0.0,0.0,1.0,1.0,0.0,0.07692307692307693
Masked TF-IDF,25392,P-186,0.0,0.0,0.0,0.0,0.0,0.0,0.0
Masked TF-IDF,25428,SD-102,0.0,0.0,0.0,0.0,0.0,0.0,0.0
Masked TF-IDF,25452,EX-136,0.0,0.0,0.0,0.0,0.0,0.0,0.0
Masked TF-IDF,25505,TK-243,0.0,0.0,0.0,0.0,0.0,0.0,0.0
Masked TF-IDF,25524,M-119,0.0,0.0,0.0,0.0,1.0,0.0,0.03225806451612903
Masked TF-IDF,25573,RLP-104,0.0,0.0,0.0,0.0,0.0,0.0,0.0
Masked TF-IDF,25585,GB-066,0.0,0.0,0.0,0.0,0.0,0.0,0.0
Masked TF-IDF,25596,HV-107,0.0,0.0,0.0,0.0,0.0,0.0,0.0
Masked TF-IDF,25607,M-045,0.0,0.0,0.0,0.0,0.0,0.0,0.0
Masked TF-IDF,25614,HP-084,0.0,0.0,0.0,0.0,0.0,0.0,0.0
Masked TF-IDF,25648,DRY-033,0.0,0.0,0.0,0.0,0.0,0.0,0.0
Masked TF-IDF,25658,DOS-112,0.0,0.0,0.0,0.0,0.0,0.0,0.0
Masked TF-IDF,25699,P-353,0.0,0.0,0.0,0.0,0.0,0.0,0.0
Masked TF-IDF,25777,HV-228,0.0,0.0,0.0,0.0,0.0,0.0,0.0
Masked TF-IDF,25806,CV-044,0.0,0.0,0.0,0.0,0.0,0.0,0.0
Masked TF-IDF,25813,CR-083,0.0,0.0,0.0,0.0,0.0,0.0,0.0
Masked TF-IDF,25885,AG-062,0.0,0.0,0.0,0.0,0.0,0.0,0.0
Masked TF-IDF,25934,P-610,0.0,0.0,0.0,0.0,0.0,0.0,0.0
Masked TF-IDF,25936,P-642,0.0,0.0,0.0,0.0,0.0,0.0,0.0
Masked TF-IDF,25950,EV-043,0.0,0.0,0.0,0.0,0.0,0.0,0.0
Masked TF-IDF,26084,TK-086,0.0,0.0,0.0,0.0,0.0,0.0,0.0
Masked TF-IDF,26125,P-169,0.0,0.0,0.0,0.0,0.0,0.0,0.0
Masked TF-IDF,26127,SD-016,0.0,0.0,0.0,0.0,0.0,0.0,0.0
Masked TF-IDF,26193,GS-015,0.0,0.0,0.0,0.0,0.0,0.0,0.0
Masked TF-IDF,26271,P-327,0.0,0.0,0.0,0.0,0.0,0.0,0.0
Masked TF-IDF,26302,TK-106,0.0,0.0,0.0,0.0,0.0,0.0,0.0
Masked TF-IDF,26303,SC-080,0.0,0.0,0.0,0.0,0.0,0.0,0.0
Masked TF-IDF,26384,UF-037,0.0,0.0,0.0,0.0,0.0,0.0,0.0
Masked TF-IDF,26404,EV-079,0.0,0.0,0.0,0.0,0.0,0.0,0.0
Masked TF-IDF,26467,DC-126,0.0,0.0,0.0,0.0,0.0,0.0,0.0
Masked TF-IDF,26568,K-081,0.0,0.0,0.0,0.0,0.0,0.0,0.0
Masked TF-IDF,26594,HP-118,0.0,0.0,0.0,1.0,1.0,0.0,0.07142857142857142
Masked TF-IDF,26640,TK-134,0.0,0.0,0.0,0.0,0.0,0.0,0.0
Masked TF-IDF,26667,M-104,0.0,0.0,0.0,0.0,0.0,0.0,0.0
Masked TF-IDF,26680,K-202,0.0,0.0,0.0,0.0,1.0,0.0,0.02127659574468085
Masked TF-IDF,26725,P-389,0.0,0.0,0.0,0.0,0.0,0.0,0.0
Masked TF-IDF,26727,TRB-119,0.0,0.0,0.0,0.0,0.0,0.0,0.0
Masked TF-IDF,26735,P-283,0.0,0.0,0.0,0.0,0.0,0.0,0.0
Masked TF-IDF,26791,CR-091,0.0,0.0,0.0,0.0,0.0,0.0,0.0
Masked TF-IDF,26839,CV-118,0.0,0.0,0.0,0.0,0.0,0.0,0.0
Masked TF-IDF,26888,P-213,0.0,0.0,0.0,0.0,0.0,0.0,0.0
Masked TF-IDF,26907,TK-140,0.0,0.0,0.0,0.0,0.0,0.0,0.0
Masked TF-IDF,26990,RLP-101,0.0,0.0,0.0,0.0,0.0,0.0,0.0
Masked TF-IDF,27027,P-238,0.0,0.0,0.0,0.0,0.0,0.0,0.0
Masked TF-IDF,27105,P-424,0.0,0.0,0.0,0.0,0.0,0.0,0.0
Masked TF-IDF,27108,M-136,0.0,0.0,0.0,0.0,0.0,0.0,0.0
Masked TF-IDF,27151,HX-108,0.0,0.0,0.0,0.0,0.0,0.0,0.0
Masked TF-IDF,27188,TK-077,0.0,1.0,1.0,1.0,1.0,0.5,0.5
Masked TF-IDF,27258,M-046,0.0,0.0,0.0,0.0,0.0,0.0,0.0
Masked TF-IDF,27265,P-313,0.0,0.0,0.0,0.0,0.0,0.0,0.0
Masked TF-IDF,27273,P-689,0.0,0.0,0.0,0.0,0.0,0.0,0.0
Masked TF-IDF,27328,GT-098,0.0,0.0,0.0,0.0,0.0,0.0,0.0
Masked TF-IDF,27391,K-153,0.0,0.0,0.0,0.0,0.0,0.0,0.0
Masked TF-IDF,27399,P-116,0.0,0.0,0.0,0.0,0.0,0.0,0.0
Masked TF-IDF,27431,DP-122,0.0,0.0,0.0,0.0,0.0,0.0,0.0
Masked TF-IDF,27447,M-028,0.0,0.0,0.0,0.0,0.0,0.0,0.0
Masked TF-IDF,27463,BM-046,0.0,0.0,0.0,0.0,0.0,0.0,0.0
Masked TF-IDF,27500,EX-036,0.0,0.0,0.0,0.0,0.0,0.0,0.0
Masked TF-IDF,27565,HP-042,0.0,0.0,0.0,0.0,0.0,0.0,0.0
Masked TF-IDF,27568,BLR-101,0.0,0.0,0.0,0.0,0.0,0.0,0.0
Masked TF-IDF,27618,DC-024,0.0,0.0,0.0,0.0,0.0,0.0,0.0
Masked TF-IDF,27639,SC-073,0.0,0.0,0.0,0.0,0.0,0.0,0.0
Masked TF-IDF,27644,GB-025,0.0,0.0,0.0,0.0,0.0,0.0,0.0
Masked TF-IDF,27650,BM-108,0.0,0.0,0.0,0.0,0.0,0.0,0.0
Masked TF-IDF,27669,TK-022,0.0,0.0,0.0,0.0,0.0,0.0,0.0
Masked TF-IDF,27677,M-105,0.0,0.0,0.0,0.0,1.0,0.0,0.034482758620689655
Masked TF-IDF,27678,BLR-127,0.0,0.0,0.0,0.0,0.0,0.0,0.0
Masked TF-IDF,27682,F-225,0.0,0.0,0.0,0.0,0.0,0.0,0.0
Masked TF-IDF,27714,DOS-128,0.0,0.0,0.0,0.0,0.0,0.0,0.0
Masked TF-IDF,27805,P-144,0.0,0.0,0.0,0.0,0.0,0.0,0.0
Masked TF-IDF,27837,F-146,0.0,0.0,0.0,0.0,0.0,0.0,0.0
Masked TF-IDF,27885,DC-008,0.0,0.0,0.0,0.0,0.0,0.0,0.0
Masked TF-IDF,27909,HX-018,0.0,0.0,0.0,0.0,0.0,0.0,0.0
Masked TF-IDF,27958,SEP-062,0.0,0.0,0.0,0.0,0.0,0.0,0.0
Masked TF-IDF,27981,DOS-137,0.0,0.0,0.0,1.0,1.0,0.0,0.07692307692307693
Masked TF-IDF,28083,P-154,0.0,0.0,0.0,0.0,0.0,0.0,0.0
Masked TF-IDF,28131,M-093,0.0,0.0,0.0,0.0,0.0,0.0,0.0
Masked TF-IDF,28279,P-218,0.0,0.0,0.0,0.0,0.0,0.0,0.0
Masked TF-IDF,28423,TK-096,0.0,0.0,0.0,0.0,0.0,0.0,0.0
Masked TF-IDF,28479,BLR-033,0.0,1.0,1.0,1.0,1.0,0.3333333333333333,0.3333333333333333
Masked TF-IDF,28481,P-227,0.0,0.0,0.0,0.0,0.0,0.0,0.0
Masked TF-IDF,28531,GB-040,0.0,0.0,0.0,0.0,0.0,0.0,0.0
Masked TF-IDF,28617,HP-113,0.0,0.0,0.0,1.0,1.0,0.0,0.08333333333333333
Masked TF-IDF,28628,M-020,0.0,0.0,0.0,0.0,0.0,0.0,0.0
Masked TF-IDF,28653,HX-007,0.0,0.0,0.0,0.0,1.0,0.0,0.047619047619047616
Masked TF-IDF,28655,HV-117,0.0,0.0,0.0,0.0,0.0,0.0,0.0
Masked TF-IDF,28679,M-041,0.0,0.0,0.0,0.0,0.0,0.0,0.0
Masked TF-IDF,28709,K-078,0.0,0.0,0.0,0.0,0.0,0.0,0.0
Masked TF-IDF,28726,TK-119,0.0,0.0,0.0,1.0,1.0,0.0,0.09090909090909091
Masked TF-IDF,28754,P-657,0.0,0.0,0.0,0.0,0.0,0.0,0.0
Masked TF-IDF,28805,M-113,0.0,0.0,0.0,0.0,0.0,0.0,0.0
Masked TF-IDF,28837,CF-126,0.0,0.0,0.0,0.0,0.0,0.0,0.0
Masked TF-IDF,28839,TK-142,0.0,0.0,0.0,0.0,0.0,0.0,0.0
Masked TF-IDF,28848,M-056,0.0,0.0,0.0,0.0,0.0,0.0,0.0
Masked TF-IDF,28852,BM-066,0.0,0.0,0.0,0.0,0.0,0.0,0.0
Masked TF-IDF,28911,DC-081,0.0,0.0,0.0,0.0,0.0,0.0,0.0
Masked TF-IDF,28919,HV-226,0.0,0.0,0.0,0.0,0.0,0.0,0.0
Masked TF-IDF,28929,P-323,0.0,0.0,0.0,0.0,0.0,0.0,0.0
Masked TF-IDF,29081,F-065,0.0,0.0,0.0,0.0,0.0,0.0,0.0
Masked TF-IDF,29136,TK-343,0.0,0.0,0.0,0.0,0.0,0.0,0.0
Masked TF-IDF,29157,K-012,0.0,0.0,0.0,0.0,0.0,0.0,0.0
Masked TF-IDF,29179,TRB-097,0.0,0.0,1.0,1.0,1.0,0.16666666666666666,0.16666666666666666
Masked TF-IDF,29237,P-139,0.0,0.0,0.0,0.0,0.0,0.0,0.0
Masked TF-IDF,29318,M-050,0.0,0.0,0.0,0.0,0.0,0.0,0.0
Masked TF-IDF,29369,HX-139,0.0,0.0,0.0,0.0,1.0,0.0,0.043478260869565216
Masked TF-IDF,29407,P-245,0.0,0.0,0.0,0.0,1.0,0.0,0.022727272727272728
Masked TF-IDF,29445,M-062,0.0,0.0,0.0,0.0,1.0,0.0,0.02127659574468085
Masked TF-IDF,29465,HP-128,0.0,0.0,0.0,0.0,0.0,0.0,0.0
Masked TF-IDF,29489,P-255,0.0,0.0,0.0,0.0,0.0,0.0,0.0
Masked TF-IDF,29497,FM-117,0.0,0.0,0.0,1.0,1.0,0.0,0.05555555555555555
Masked TF-IDF,29508,K-103,0.0,0.0,0.0,0.0,0.0,0.0,0.0
Masked TF-IDF,29543,K-081,0.0,0.0,0.0,0.0,0.0,0.0,0.0
Masked TF-IDF,29572,CV-145,0.0,0.0,0.0,0.0,0.0,0.0,0.0
Masked TF-IDF,29585,M-058,0.0,0.0,0.0,0.0,0.0,0.0,0.0
Masked TF-IDF,29602,HX-007,0.0,0.0,0.0,0.0,0.0,0.0,0.0
Masked TF-IDF,29636,TRB-131,0.0,0.0,0.0,0.0,0.0,0.0,0.0
Masked TF-IDF,29666,P-201,0.0,0.0,0.0,0.0,0.0,0.0,0.0
Masked TF-IDF,29674,TK-239,0.0,0.0,0.0,0.0,0.0,0.0,0.0
Masked TF-IDF,29683,AG-040,0.0,0.0,0.0,0.0,0.0,0.0,0.0
Masked TF-IDF,29702,TRB-131,0.0,0.0,0.0,0.0,0.0,0.0,0.0
Masked TF-IDF,29727,TK-403,0.0,0.0,0.0,0.0,0.0,0.0,0.0
Masked TF-IDF,29799,SD-038,0.0,0.0,0.0,0.0,0.0,0.0,0.0
Masked TF-IDF,29813,R-108,0.0,0.0,0.0,0.0,0.0,0.0,0.0
Masked TF-IDF,29821,BLR-126,0.0,0.0,0.0,0.0,0.0,0.0,0.0
Masked TF-IDF,29840,M-059,0.0,0.0,0.0,0.0,0.0,0.0,0.0
Masked TF-IDF,29896,CV-032,0.0,0.0,0.0,0.0,1.0,0.0,0.047619047619047616
Masked TF-IDF,29898,K-300,0.0,0.0,0.0,0.0,0.0,0.0,0.0
Masked TF-IDF,29975,F-055,0.0,0.0,0.0,0.0,0.0,0.0,0.0
Masked TF-IDF,30062,P-158,0.0,0.0,0.0,0.0,0.0,0.0,0.0
Masked TF-IDF,30083,P-132,0.0,0.0,0.0,0.0,0.0,0.0,0.0
Masked TF-IDF,30117,CV-135,0.0,0.0,0.0,0.0,1.0,0.0,0.02040816326530612
Masked TF-IDF,30154,TK-037,0.0,0.0,0.0,0.0,0.0,0.0,0.0
Masked TF-IDF,30174,M-080,0.0,0.0,0.0,0.0,0.0,0.0,0.0
Masked TF-IDF,30227,P-352,0.0,0.0,0.0,0.0,0.0,0.0,0.0
Masked TF-IDF,30258,K-099,0.0,0.0,0.0,0.0,0.0,0.0,0.0
Masked TF-IDF,30279,AG-049,0.0,0.0,0.0,0.0,0.0,0.0,0.0
Masked TF-IDF,30366,HV-051,0.0,0.0,0.0,0.0,0.0,0.0,0.0
Masked TF-IDF,30374,M-100,0.0,0.0,0.0,0.0,1.0,0.0,0.02702702702702703
Masked TF-IDF,30390,R-117,0.0,0.0,0.0,0.0,0.0,0.0,0.0
Masked TF-IDF,30399,F-094,0.0,0.0,0.0,0.0,0.0,0.0,0.0
Masked TF-IDF,30404,EV-033,0.0,0.0,0.0,0.0,0.0,0.0,0.0
Masked TF-IDF,30407,P-680,0.0,0.0,0.0,0.0,0.0,0.0,0.0
Masked TF-IDF,30428,BLR-117,0.0,0.0,0.0,1.0,1.0,0.0,0.05555555555555555
Masked TF-IDF,30467,FM-139,0.0,0.0,0.0,0.0,0.0,0.0,0.0
Masked TF-IDF,30480,P-321,0.0,0.0,0.0,0.0,0.0,0.0,0.0
Masked TF-IDF,30482,GS-111,0.0,1.0,1.0,1.0,1.0,0.3333333333333333,0.3333333333333333
Masked TF-IDF,30645,SEP-120,0.0,0.0,0.0,0.0,0.0,0.0,0.0
Masked TF-IDF,30654,SEP-117,0.0,0.0,0.0,0.0,0.0,0.0,0.0
Masked TF-IDF,30679,TK-068,0.0,0.0,0.0,0.0,0.0,0.0,0.0
Masked TF-IDF,30708,P-210,0.0,0.0,0.0,0.0,0.0,0.0,0.0
Masked TF-IDF,30757,HV-129,0.0,0.0,0.0,0.0,0.0,0.0,0.0
Masked TF-IDF,30792,CR-142,0.0,0.0,0.0,0.0,0.0,0.0,0.0
Masked TF-IDF,30862,HV-014,0.0,0.0,0.0,0.0,0.0,0.0,0.0
Masked TF-IDF,30864,GT-056,0.0,0.0,0.0,0.0,0.0,0.0,0.0
Masked TF-IDF,30872,M-083,0.0,0.0,0.0,0.0,0.0,0.0,0.0
Masked TF-IDF,30892,GT-005,0.0,0.0,0.0,0.0,0.0,0.0,0.0
Masked TF-IDF,30925,P-430,0.0,0.0,0.0,0.0,0.0,0.0,0.0
Masked TF-IDF,30931,K-212,0.0,0.0,0.0,0.0,0.0,0.0,0.0
Masked TF-IDF,30967,P-439,0.0,0.0,0.0,0.0,0.0,0.0,0.0
Masked TF-IDF,30992,TK-039,0.0,0.0,0.0,0.0,0.0,0.0,0.0
Masked TF-IDF,30999,DP-069,0.0,0.0,0.0,0.0,0.0,0.0,0.0
Masked TF-IDF,31040,HV-017,0.0,0.0,0.0,0.0,0.0,0.0,0.0
Masked TF-IDF,31058,HX-120,0.0,0.0,0.0,0.0,1.0,0.0,0.034482758620689655
Masked TF-IDF,31087,P-438,0.0,0.0,0.0,0.0,0.0,0.0,0.0
Masked TF-IDF,31088,M-083,0.0,0.0,0.0,0.0,0.0,0.0,0.0
Masked TF-IDF,31124,P-483,0.0,0.0,0.0,0.0,0.0,0.0,0.0
Masked TF-IDF,31177,P-503,0.0,0.0,0.0,0.0,0.0,0.0,0.0
Masked TF-IDF,31180,M-010,0.0,0.0,0.0,0.0,0.0,0.0,0.0
Masked TF-IDF,31258,EX-136,0.0,0.0,0.0,0.0,0.0,0.0,0.0
Masked TF-IDF,31301,DC-106,0.0,0.0,0.0,0.0,0.0,0.0,0.0
Masked TF-IDF,31313,CV-124,0.0,0.0,0.0,0.0,0.0,0.0,0.0
Masked TF-IDF,31389,P-242,0.0,0.0,0.0,0.0,0.0,0.0,0.0
Masked TF-IDF,31414,P-426,0.0,0.0,0.0,0.0,0.0,0.0,0.0
Masked TF-IDF,31543,P-388,0.0,0.0,0.0,0.0,0.0,0.0,0.0
Masked TF-IDF,31547,TK-173,0.0,0.0,0.0,0.0,0.0,0.0,0.0
Masked TF-IDF,31549,R-201,0.0,0.0,0.0,0.0,0.0,0.0,0.0
Masked TF-IDF,31568,DRY-013,0.0,0.0,0.0,1.0,1.0,0.0,0.0625
Masked TF-IDF,31579,P-517,0.0,0.0,0.0,0.0,0.0,0.0,0.0
Masked TF-IDF,31590,AG-128,0.0,0.0,0.0,0.0,0.0,0.0,0.0
Masked TF-IDF,31611,TK-151,0.0,0.0,0.0,0.0,0.0,0.0,0.0
Masked TF-IDF,31632,F-013,0.0,0.0,1.0,1.0,1.0,0.1,0.1
Masked TF-IDF,31720,HV-221,0.0,0.0,0.0,0.0,0.0,0.0,0.0
Masked TF-IDF,31739,SD-060,0.0,0.0,0.0,0.0,0.0,0.0,0.0
Masked TF-IDF,31764,P-528,0.0,0.0,0.0,0.0,0.0,0.0,0.0
Masked TF-IDF,31772,BLR-101,0.0,0.0,0.0,0.0,0.0,0.0,0.0
Masked TF-IDF,31785,DRY-089,0.0,0.0,0.0,0.0,0.0,0.0,0.0
Masked TF-IDF,31795,F-125,0.0,0.0,0.0,0.0,0.0,0.0,0.0
Masked TF-IDF,31808,FCC-052,0.0,0.0,0.0,0.0,0.0,0.0,0.0
Masked TF-IDF,31858,HX-209,0.0,0.0,0.0,0.0,0.0,0.0,0.0
Masked TF-IDF,31861,F-244,0.0,0.0,0.0,0.0,0.0,0.0,0.0
Masked TF-IDF,31865,SC-111,0.0,0.0,0.0,0.0,0.0,0.0,0.0
Masked TF-IDF,31893,M-070,0.0,0.0,0.0,0.0,0.0,0.0,0.0
Masked TF-IDF,31949,FCC-126,0.0,0.0,1.0,1.0,1.0,0.14285714285714285,0.14285714285714285
Masked TF-IDF,32042,HX-118,0.0,0.0,0.0,0.0,1.0,0.0,0.023809523809523808
Masked TF-IDF,32058,P-203,0.0,0.0,0.0,0.0,0.0,0.0,0.0
Masked TF-IDF,32081,FM-130,1.0,1.0,1.0,1.0,1.0,1.0,1.0
Masked TF-IDF,32210,TK-167,0.0,0.0,0.0,0.0,0.0,0.0,0.0
Masked TF-IDF,32278,FM-132,0.0,0.0,0.0,0.0,1.0,0.0,0.047619047619047616
Masked TF-IDF,32391,K-071,0.0,0.0,0.0,0.0,0.0,0.0,0.0
Masked TF-IDF,32446,K-261,0.0,0.0,0.0,0.0,0.0,0.0,0.0
Masked TF-IDF,32451,TK-047,0.0,0.0,0.0,0.0,0.0,0.0,0.0
Masked TF-IDF,32454,P-151,0.0,0.0,0.0,0.0,0.0,0.0,0.0
Masked TF-IDF,32528,P-316,0.0,0.0,0.0,0.0,0.0,0.0,0.0
Masked TF-IDF,32543,R-119,0.0,0.0,0.0,0.0,0.0,0.0,0.0
Masked TF-IDF,32591,CF-050,0.0,0.0,0.0,0.0,0.0,0.0,0.0
Masked TF-IDF,32620,R-047,0.0,0.0,0.0,0.0,0.0,0.0,0.0
Masked TF-IDF,32623,EV-057,0.0,0.0,0.0,0.0,0.0,0.0,0.0
Masked TF-IDF,32682,M-042,0.0,0.0,0.0,0.0,0.0,0.0,0.0
Masked TF-IDF,32764,CT-126,0.0,0.0,0.0,0.0,1.0,0.0,0.02631578947368421
Masked TF-IDF,32790,P-441,0.0,0.0,0.0,0.0,0.0,0.0,0.0
Masked TF-IDF,32801,DP-109,0.0,0.0,0.0,0.0,1.0,0.0,0.021739130434782608
Masked TF-IDF,32829,P-509,0.0,0.0,0.0,0.0,0.0,0.0,0.0
Masked TF-IDF,32877,CV-145,0.0,0.0,0.0,0.0,0.0,0.0,0.0
Masked TF-IDF,32892,P-409,0.0,0.0,0.0,0.0,0.0,0.0,0.0
Masked TF-IDF,32898,BLR-125,0.0,0.0,0.0,0.0,0.0,0.0,0.0
Masked TF-IDF,32907,HX-132,0.0,0.0,0.0,0.0,0.0,0.0,0.0
Masked TF-IDF,32910,DP-110,0.0,1.0,1.0,1.0,1.0,0.2,0.2
Masked TF-IDF,32936,AG-071,0.0,0.0,0.0,0.0,0.0,0.0,0.0
Masked TF-IDF,32986,DC-133,0.0,0.0,0.0,0.0,0.0,0.0,0.0
Masked TF-IDF,33017,R-026,0.0,0.0,0.0,0.0,0.0,0.0,0.0
Masked TF-IDF,33021,SEP-136,0.0,0.0,0.0,0.0,0.0,0.0,0.0
Masked TF-IDF,33098,P-502,0.0,0.0,0.0,0.0,0.0,0.0,0.0
Masked TF-IDF,33108,RLP-109,0.0,0.0,0.0,0.0,1.0,0.0,0.02127659574468085
Masked TF-IDF,33133,P-111,0.0,0.0,0.0,0.0,0.0,0.0,0.0
Masked TF-IDF,33150,FM-099,0.0,0.0,0.0,0.0,0.0,0.0,0.0
Masked TF-IDF,33216,DOS-140,0.0,0.0,0.0,0.0,0.0,0.0,0.0
Masked TF-IDF,33268,P-205,0.0,0.0,0.0,0.0,0.0,0.0,0.0
Masked TF-IDF,33312,P-271,0.0,0.0,0.0,0.0,0.0,0.0,0.0
Masked TF-IDF,33331,CF-083,0.0,0.0,0.0,0.0,0.0,0.0,0.0
Masked TF-IDF,33375,K-143,0.0,0.0,0.0,0.0,0.0,0.0,0.0
Masked TF-IDF,33414,P-121,0.0,0.0,0.0,0.0,0.0,0.0,0.0
Masked TF-IDF,33456,R-033,0.0,0.0,0.0,0.0,0.0,0.0,0.0
Masked TF-IDF,33520,P-271,0.0,0.0,0.0,0.0,0.0,0.0,0.0
Masked TF-IDF,33556,UF-074,0.0,0.0,0.0,0.0,0.0,0.0,0.0
Masked TF-IDF,33587,SD-139,0.0,0.0,0.0,0.0,0.0,0.0,0.0
Masked TF-IDF,33595,M-015,0.0,0.0,0.0,0.0,0.0,0.0,0.0
Masked TF-IDF,33661,P-660,0.0,0.0,0.0,0.0,0.0,0.0,0.0
Masked TF-IDF,33666,DP-132,0.0,0.0,0.0,0.0,0.0,0.0,0.0
Masked TF-IDF,33674,DOS-040,0.0,0.0,1.0,1.0,1.0,0.16666666666666666,0.16666666666666666
Masked TF-IDF,33679,K-112,0.0,0.0,0.0,0.0,0.0,0.0,0.0
Masked TF-IDF,33707,K-120,0.0,0.0,1.0,1.0,1.0,0.14285714285714285,0.14285714285714285
Masked TF-IDF,33769,M-081,0.0,0.0,0.0,1.0,1.0,0.0,0.07692307692307693
Masked TF-IDF,33786,P-246,0.0,0.0,0.0,0.0,0.0,0.0,0.0
Masked TF-IDF,33797,AG-129,0.0,0.0,0.0,0.0,0.0,0.0,0.0
Masked TF-IDF,33903,K-143,0.0,0.0,0.0,0.0,0.0,0.0,0.0
Masked TF-IDF,33949,TRB-046,0.0,0.0,0.0,0.0,0.0,0.0,0.0
Masked TF-IDF,33950,P-328,0.0,0.0,0.0,0.0,0.0,0.0,0.0
Masked TF-IDF,34003,SC-114,0.0,0.0,0.0,0.0,0.0,0.0,0.0
Masked TF-IDF,34004,HX-029,0.0,0.0,0.0,0.0,0.0,0.0,0.0
Masked TF-IDF,34087,P-240,0.0,0.0,0.0,0.0,0.0,0.0,0.0
Masked TF-IDF,34088,K-017,0.0,0.0,0.0,0.0,0.0,0.0,0.0
Masked TF-IDF,34122,DOS-138,0.0,0.0,0.0,0.0,1.0,0.0,0.02
Masked TF-IDF,34128,DRY-119,0.0,0.0,0.0,0.0,0.0,0.0,0.0
Masked TF-IDF,34262,P-346,0.0,0.0,0.0,0.0,0.0,0.0,0.0
Masked TF-IDF,34275,R-090,0.0,0.0,0.0,0.0,0.0,0.0,0.0
Masked TF-IDF,34290,TK-011,0.0,0.0,0.0,0.0,0.0,0.0,0.0
Masked TF-IDF,34369,P-441,0.0,0.0,0.0,0.0,0.0,0.0,0.0
Masked TF-IDF,34380,HX-133,0.0,0.0,0.0,0.0,0.0,0.0,0.0
Masked TF-IDF,34408,DC-041,0.0,0.0,0.0,0.0,0.0,0.0,0.0
Masked TF-IDF,34458,P-604,0.0,0.0,0.0,0.0,0.0,0.0,0.0
Masked TF-IDF,34466,K-105,0.0,0.0,0.0,0.0,0.0,0.0,0.0
Masked TF-IDF,34488,TRB-039,0.0,0.0,0.0,0.0,0.0,0.0,0.0
Masked TF-IDF,34505,M-013,0.0,0.0,0.0,0.0,0.0,0.0,0.0
Masked TF-IDF,34540,M-036,0.0,0.0,0.0,0.0,0.0,0.0,0.0
Masked TF-IDF,34542,GS-061,0.0,0.0,0.0,0.0,0.0,0.0,0.0
Masked TF-IDF,34613,DC-043,0.0,0.0,0.0,0.0,0.0,0.0,0.0
Masked TF-IDF,34636,RLP-075,0.0,0.0,0.0,0.0,0.0,0.0,0.0
Masked TF-IDF,34670,DRY-110,0.0,0.0,0.0,0.0,0.0,0.0,0.0
Masked TF-IDF,34683,HX-147,0.0,0.0,0.0,0.0,0.0,0.0,0.0
Masked TF-IDF,34708,HV-102,0.0,0.0,0.0,1.0,1.0,0.0,0.07692307692307693
Masked TF-IDF,34756,AG-027,0.0,0.0,0.0,0.0,0.0,0.0,0.0
Masked TF-IDF,34808,CT-055,0.0,0.0,0.0,0.0,0.0,0.0,0.0
Masked TF-IDF,34853,CV-008,0.0,0.0,0.0,0.0,0.0,0.0,0.0
Masked TF-IDF,34880,DRY-029,0.0,0.0,0.0,0.0,0.0,0.0,0.0
Masked TF-IDF,34900,CV-127,0.0,0.0,0.0,0.0,0.0,0.0,0.0
Masked TF-IDF,34914,HX-052,0.0,0.0,0.0,0.0,0.0,0.0,0.0
Masked TF-IDF,34934,HP-014,0.0,0.0,0.0,0.0,0.0,0.0,0.0
Masked TF-IDF,34967,M-007,0.0,0.0,0.0,0.0,0.0,0.0,0.0
Masked TF-IDF,35025,TK-230,0.0,0.0,0.0,1.0,1.0,0.0,0.08333333333333333
Masked TF-IDF,35030,K-127,0.0,0.0,0.0,0.0,0.0,0.0,0.0
Masked TF-IDF,35054,P-176,0.0,0.0,0.0,0.0,0.0,0.0,0.0
Masked TF-IDF,35078,M-048,0.0,0.0,0.0,0.0,0.0,0.0,0.0
Masked TF-IDF,35098,CV-115,0.0,0.0,0.0,0.0,0.0,0.0,0.0
Masked TF-IDF,35162,TK-133,0.0,0.0,0.0,0.0,1.0,0.0,0.020833333333333332
Masked TF-IDF,35201,P-192,0.0,0.0,0.0,0.0,0.0,0.0,0.0
Masked TF-IDF,35231,HX-125,0.0,0.0,0.0,0.0,0.0,0.0,0.0
Masked TF-IDF,35240,TK-223,0.0,0.0,0.0,0.0,0.0,0.0,0.0
Masked TF-IDF,35243,TK-207,0.0,0.0,0.0,0.0,0.0,0.0,0.0
Masked TF-IDF,35314,CR-030,0.0,0.0,0.0,0.0,0.0,0.0,0.0
Masked TF-IDF,35347,K-216,0.0,0.0,0.0,0.0,0.0,0.0,0.0
Masked TF-IDF,35353,M-021,0.0,0.0,0.0,0.0,0.0,0.0,0.0
Masked TF-IDF,35401,DOS-109,0.0,0.0,0.0,0.0,0.0,0.0,0.0
Masked TF-IDF,35475,F-098,0.0,0.0,0.0,0.0,0.0,0.0,0.0
Masked TF-IDF,35530,TK-318,0.0,0.0,0.0,0.0,0.0,0.0,0.0
Masked TF-IDF,35550,CV-120,0.0,0.0,0.0,0.0,0.0,0.0,0.0
Masked TF-IDF,35566,P-145,0.0,0.0,0.0,0.0,0.0,0.0,0.0
Masked TF-IDF,35591,RLP-134,0.0,0.0,0.0,0.0,0.0,0.0,0.0
Masked TF-IDF,35605,DC-145,0.0,0.0,0.0,0.0,0.0,0.0,0.0
Masked TF-IDF,35628,BM-112,0.0,0.0,0.0,0.0,0.0,0.0,0.0
Masked TF-IDF,35682,TK-109,0.0,0.0,0.0,0.0,0.0,0.0,0.0
Masked TF-IDF,35690,P-482,0.0,0.0,0.0,0.0,0.0,0.0,0.0
Masked TF-IDF,35708,TRB-075,0.0,0.0,0.0,0.0,0.0,0.0,0.0
Masked TF-IDF,35729,VP-106,0.0,0.0,0.0,0.0,0.0,0.0,0.0
Masked TF-IDF,35747,GS-110,0.0,0.0,0.0,0.0,0.0,0.0,0.0
Masked TF-IDF,35751,CV-082,0.0,0.0,0.0,1.0,1.0,0.0,0.06666666666666667
Masked TF-IDF,35763,HV-106,0.0,0.0,0.0,0.0,0.0,0.0,0.0
Masked TF-IDF,35773,K-118,0.0,0.0,0.0,0.0,0.0,0.0,0.0
Masked TF-IDF,35866,P-335,0.0,0.0,0.0,0.0,0.0,0.0,0.0
Masked TF-IDF,35918,P-154,0.0,0.0,0.0,0.0,0.0,0.0,0.0
Masked TF-IDF,35958,CT-109,0.0,0.0,0.0,0.0,0.0,0.0,0.0
Masked TF-IDF,35975,CF-062,0.0,0.0,0.0,0.0,0.0,0.0,0.0
Masked TF-IDF,36016,TRB-042,0.0,0.0,0.0,0.0,0.0,0.0,0.0
Masked TF-IDF,36093,AG-041,0.0,0.0,0.0,0.0,0.0,0.0,0.0
Masked TF-IDF,36106,P-535,0.0,0.0,0.0,0.0,0.0,0.0,0.0
Masked TF-IDF,36125,K-336,0.0,0.0,0.0,0.0,0.0,0.0,0.0
Masked TF-IDF,36138,EX-011,0.0,1.0,1.0,1.0,1.0,0.5,0.5
Masked TF-IDF,36166,K-147,0.0,0.0,0.0,1.0,1.0,0.0,0.06666666666666667
Masked TF-IDF,36189,K-061,0.0,0.0,0.0,0.0,0.0,0.0,0.0
Masked TF-IDF,36201,HX-062,0.0,0.0,0.0,0.0,0.0,0.0,0.0
Masked TF-IDF,36259,M-076,0.0,0.0,0.0,0.0,0.0,0.0,0.0
Masked TF-IDF,36318,BLR-019,0.0,0.0,0.0,0.0,0.0,0.0,0.0
Masked TF-IDF,36363,DC-090,0.0,0.0,0.0,0.0,0.0,0.0,0.0
Masked TF-IDF,36370,EX-060,0.0,0.0,0.0,0.0,0.0,0.0,0.0
Masked TF-IDF,36389,CV-011,0.0,0.0,0.0,1.0,1.0,0.0,0.07142857142857142
Masked TF-IDF,36394,F-129,0.0,0.0,0.0,0.0,0.0,0.0,0.0
Masked TF-IDF,36731,BM-127,0.0,0.0,0.0,0.0,0.0,0.0,0.0
Masked TF-IDF,36828,M-069,0.0,0.0,0.0,0.0,0.0,0.0,0.0
Masked TF-IDF,36832,DOS-129,0.0,1.0,1.0,1.0,1.0,0.25,0.25
Masked TF-IDF,36838,CV-032,0.0,0.0,0.0,0.0,0.0,0.0,0.0
Masked TF-IDF,36859,M-147,0.0,0.0,0.0,0.0,0.0,0.0,0.0
Masked TF-IDF,36884,BM-108,0.0,0.0,0.0,0.0,0.0,0.0,0.0
Masked TF-IDF,36977,SEP-109,0.0,0.0,0.0,1.0,1.0,0.0,0.07692307692307693
Masked TF-IDF,37030,CF-045,0.0,0.0,0.0,0.0,1.0,0.0,0.030303030303030304
Masked TF-IDF,37076,M-054,0.0,0.0,0.0,0.0,0.0,0.0,0.0
Masked TF-IDF,37080,TK-089,0.0,0.0,0.0,0.0,0.0,0.0,0.0
Masked TF-IDF,37102,M-142,0.0,0.0,0.0,0.0,1.0,0.0,0.02857142857142857
Masked TF-IDF,37149,DOS-011,0.0,0.0,0.0,0.0,1.0,0.0,0.025
Masked TF-IDF,37204,HX-095,0.0,0.0,0.0,0.0,0.0,0.0,0.0
Masked TF-IDF,37242,AG-106,0.0,0.0,0.0,0.0,0.0,0.0,0.0
Masked TF-IDF,37319,P-543,0.0,0.0,0.0,0.0,0.0,0.0,0.0
Masked TF-IDF,37339,K-142,0.0,0.0,0.0,0.0,0.0,0.0,0.0
Masked TF-IDF,37370,EV-010,0.0,1.0,1.0,1.0,1.0,0.3333333333333333,0.3333333333333333
Masked TF-IDF,37393,P-335,0.0,0.0,0.0,0.0,1.0,0.0,0.021739130434782608
Masked TF-IDF,37440,BLR-112,0.0,0.0,0.0,0.0,0.0,0.0,0.0
Masked TF-IDF,37476,P-742,0.0,0.0,0.0,0.0,0.0,0.0,0.0
Masked TF-IDF,37483,HX-027,0.0,0.0,0.0,0.0,0.0,0.0,0.0
Masked TF-IDF,37568,UF-098,0.0,0.0,0.0,0.0,0.0,0.0,0.0
Masked TF-IDF,37574,R-074,0.0,0.0,0.0,0.0,0.0,0.0,0.0
Masked TF-IDF,37577,P-335,0.0,0.0,0.0,0.0,0.0,0.0,0.0
Masked TF-IDF,37578,AG-136,0.0,0.0,0.0,0.0,0.0,0.0,0.0
Masked TF-IDF,37582,M-101,0.0,0.0,0.0,0.0,0.0,0.0,0.0
Masked TF-IDF,37592,DC-175,0.0,0.0,0.0,0.0,1.0,0.0,0.045454545454545456
Masked TF-IDF,37627,P-246,0.0,0.0,0.0,0.0,0.0,0.0,0.0
Masked TF-IDF,37656,M-097,0.0,0.0,0.0,0.0,0.0,0.0,0.0
Masked TF-IDF,37667,DOS-040,0.0,0.0,0.0,0.0,0.0,0.0,0.0
Masked TF-IDF,37692,GB-028,0.0,0.0,0.0,0.0,0.0,0.0,0.0
Masked TF-IDF,37760,CV-118,0.0,0.0,0.0,0.0,0.0,0.0,0.0
Masked TF-IDF,37835,CT-137,0.0,0.0,1.0,1.0,1.0,0.16666666666666666,0.16666666666666666
Masked TF-IDF,37904,TK-221,0.0,0.0,0.0,0.0,0.0,0.0,0.0
Masked TF-IDF,37936,M-135,0.0,0.0,0.0,0.0,0.0,0.0,0.0
Masked TF-IDF,37947,M-122,0.0,0.0,0.0,1.0,1.0,0.0,0.07142857142857142
Masked TF-IDF,37977,K-031,0.0,0.0,0.0,0.0,0.0,0.0,0.0
Masked TF-IDF,38003,BM-108,0.0,0.0,0.0,0.0,0.0,0.0,0.0
Masked TF-IDF,38052,TK-343,0.0,0.0,0.0,0.0,0.0,0.0,0.0
Masked TF-IDF,38095,AG-097,0.0,0.0,0.0,0.0,0.0,0.0,0.0
Masked TF-IDF,38181,P-222,0.0,0.0,0.0,0.0,0.0,0.0,0.0
Masked TF-IDF,38218,CR-103,0.0,0.0,0.0,0.0,0.0,0.0,0.0
Masked TF-IDF,38234,UF-124,0.0,0.0,0.0,0.0,0.0,0.0,0.0
Masked TF-IDF,38260,P-494,0.0,0.0,0.0,0.0,0.0,0.0,0.0
Masked TF-IDF,38277,GT-126,0.0,0.0,0.0,0.0,0.0,0.0,0.0
Masked TF-IDF,38323,P-506,0.0,0.0,0.0,0.0,0.0,0.0,0.0
Masked TF-IDF,38341,M-090,0.0,0.0,0.0,0.0,0.0,0.0,0.0
Masked TF-IDF,38360,P-699,0.0,0.0,0.0,0.0,0.0,0.0,0.0
Masked TF-IDF,38370,GB-052,0.0,0.0,0.0,0.0,0.0,0.0,0.0
Masked TF-IDF,38371,P-323,0.0,0.0,0.0,0.0,0.0,0.0,0.0
Masked TF-IDF,38410,AG-025,0.0,0.0,0.0,0.0,0.0,0.0,0.0
Masked TF-IDF,38471,HX-313,0.0,0.0,0.0,0.0,0.0,0.0,0.0
Masked TF-IDF,38535,CV-042,0.0,0.0,0.0,0.0,0.0,0.0,0.0
Masked TF-IDF,38567,HP-067,0.0,0.0,0.0,0.0,0.0,0.0,0.0
Masked TF-IDF,38596,TK-142,0.0,0.0,0.0,0.0,0.0,0.0,0.0
Masked TF-IDF,38610,HX-098,0.0,0.0,0.0,0.0,1.0,0.0,0.02564102564102564
Masked TF-IDF,38613,M-081,0.0,0.0,0.0,0.0,0.0,0.0,0.0
Masked TF-IDF,38642,P-495,0.0,0.0,0.0,0.0,0.0,0.0,0.0
Masked TF-IDF,38656,VP-132,0.0,0.0,0.0,0.0,0.0,0.0,0.0
Masked TF-IDF,38693,HX-102,0.0,0.0,0.0,0.0,0.0,0.0,0.0
Masked TF-IDF,38698,SD-091,0.0,0.0,0.0,0.0,0.0,0.0,0.0
Masked TF-IDF,38714,CV-042,0.0,0.0,0.0,0.0,0.0,0.0,0.0
Masked TF-IDF,38794,UF-010,0.0,0.0,0.0,0.0,0.0,0.0,0.0
Masked TF-IDF,38798,VP-141,0.0,0.0,0.0,0.0,0.0,0.0,0.0
Masked TF-IDF,38857,P-364,0.0,0.0,0.0,0.0,0.0,0.0,0.0
Masked TF-IDF,38862,CV-219,0.0,0.0,0.0,0.0,0.0,0.0,0.0
Masked TF-IDF,38890,P-658,0.0,0.0,0.0,0.0,0.0,0.0,0.0
Masked TF-IDF,38895,VP-096,0.0,0.0,0.0,0.0,0.0,0.0,0.0
Masked TF-IDF,38917,K-233,0.0,0.0,0.0,0.0,0.0,0.0,0.0
Masked TF-IDF,38950,P-155,0.0,0.0,0.0,0.0,0.0,0.0,0.0
Masked TF-IDF,38975,EX-081,0.0,0.0,0.0,0.0,0.0,0.0,0.0
Masked TF-IDF,39179,P-400,0.0,0.0,0.0,0.0,0.0,0.0,0.0
Masked TF-IDF,39229,EV-004,0.0,0.0,0.0,0.0,0.0,0.0,0.0
Masked TF-IDF,39339,P-743,0.0,0.0,0.0,0.0,0.0,0.0,0.0
Masked TF-IDF,39341,EX-105,0.0,0.0,0.0,0.0,0.0,0.0,0.0
Masked TF-IDF,39368,CT-109,0.0,0.0,0.0,0.0,0.0,0.0,0.0
Masked TF-IDF,39413,DP-125,0.0,0.0,0.0,0.0,0.0,0.0,0.0
Masked TF-IDF,39443,DRY-131,0.0,0.0,0.0,0.0,0.0,0.0,0.0
Masked TF-IDF,39452,P-708,0.0,0.0,0.0,0.0,0.0,0.0,0.0
Masked TF-IDF,39457,AG-119,0.0,0.0,0.0,0.0,0.0,0.0,0.0
Masked TF-IDF,39468,P-534,0.0,0.0,0.0,0.0,0.0,0.0,0.0
Masked TF-IDF,39469,TK-098,0.0,0.0,0.0,0.0,0.0,0.0,0.0
Masked TF-IDF,39627,P-176,0.0,0.0,0.0,0.0,0.0,0.0,0.0
Masked TF-IDF,39710,P-409,0.0,0.0,0.0,0.0,0.0,0.0,0.0
Masked TF-IDF,39754,DOS-033,0.0,0.0,0.0,1.0,1.0,0.0,0.09090909090909091
Masked TF-IDF,39756,CR-145,0.0,0.0,0.0,0.0,0.0,0.0,0.0
Masked TF-IDF,39807,P-302,0.0,0.0,0.0,0.0,1.0,0.0,0.027777777777777776
Masked TF-IDF,39827,DRY-048,0.0,0.0,0.0,0.0,0.0,0.0,0.0
Masked TF-IDF,39848,CR-041,0.0,0.0,0.0,0.0,0.0,0.0,0.0
Masked TF-IDF,39863,CF-076,0.0,0.0,0.0,0.0,0.0,0.0,0.0
Masked TF-IDF,39889,TK-314,0.0,0.0,0.0,0.0,0.0,0.0,0.0
Masked TF-IDF,39927,DC-014,0.0,0.0,0.0,0.0,0.0,0.0,0.0
Masked TF-IDF,39942,CR-023,0.0,0.0,0.0,0.0,0.0,0.0,0.0
Masked TF-IDF,39983,HV-310,0.0,0.0,0.0,0.0,0.0,0.0,0.0
Masked TF-IDF,40019,BM-040,0.0,0.0,0.0,0.0,1.0,0.0,0.02564102564102564
Masked TF-IDF,40037,P-689,0.0,0.0,0.0,0.0,0.0,0.0,0.0
Masked TF-IDF,40046,HV-123,0.0,0.0,0.0,0.0,0.0,0.0,0.0
Masked TF-IDF,40094,TK-129,0.0,0.0,0.0,0.0,0.0,0.0,0.0
Masked TF-IDF,40119,P-223,0.0,0.0,0.0,0.0,1.0,0.0,0.02
Masked TF-IDF,40141,UF-137,0.0,0.0,0.0,0.0,0.0,0.0,0.0
Masked TF-IDF,40156,CF-133,0.0,0.0,0.0,0.0,0.0,0.0,0.0
Masked TF-IDF,40210,TK-104,0.0,0.0,0.0,0.0,0.0,0.0,0.0
Masked TF-IDF,40284,P-685,0.0,0.0,0.0,0.0,0.0,0.0,0.0
Masked TF-IDF,40337,TK-046,0.0,0.0,0.0,0.0,0.0,0.0,0.0
Masked TF-IDF,40380,CV-328,0.0,0.0,0.0,0.0,0.0,0.0,0.0
Masked TF-IDF,40381,K-095,0.0,0.0,0.0,0.0,0.0,0.0,0.0
Masked TF-IDF,40395,HX-080,0.0,0.0,0.0,0.0,0.0,0.0,0.0
Masked TF-IDF,40432,DC-109,0.0,0.0,0.0,0.0,0.0,0.0,0.0
Masked TF-IDF,40441,GB-008,0.0,0.0,0.0,0.0,0.0,0.0,0.0
Masked TF-IDF,40554,P-244,0.0,0.0,0.0,0.0,0.0,0.0,0.0
Masked TF-IDF,40580,CT-124,0.0,0.0,0.0,0.0,0.0,0.0,0.0
Masked TF-IDF,40587,AG-139,0.0,0.0,0.0,1.0,1.0,0.0,0.09090909090909091
Masked TF-IDF,40618,BLR-085,0.0,0.0,0.0,0.0,0.0,0.0,0.0
Masked TF-IDF,40629,M-083,0.0,0.0,0.0,0.0,0.0,0.0,0.0
Masked TF-IDF,40695,P-217,0.0,0.0,0.0,0.0,0.0,0.0,0.0
Masked TF-IDF,40701,SEP-112,0.0,0.0,0.0,0.0,0.0,0.0,0.0
Masked TF-IDF,40707,P-222,0.0,0.0,0.0,0.0,0.0,0.0,0.0
Masked TF-IDF,40711,DOS-167,0.0,0.0,0.0,0.0,0.0,0.0,0.0
Masked TF-IDF,40849,P-340,0.0,0.0,0.0,0.0,0.0,0.0,0.0
Masked TF-IDF,40850,P-122,0.0,0.0,0.0,0.0,0.0,0.0,0.0
Masked TF-IDF,40876,P-395,0.0,0.0,0.0,0.0,0.0,0.0,0.0
Masked TF-IDF,40879,AG-116,0.0,0.0,1.0,1.0,1.0,0.125,0.125
Masked TF-IDF,40944,K-119,0.0,0.0,0.0,0.0,0.0,0.0,0.0
Masked TF-IDF,40965,M-125,0.0,0.0,0.0,0.0,0.0,0.0,0.0
Masked TF-IDF,40989,EX-071,0.0,0.0,0.0,0.0,0.0,0.0,0.0
Masked TF-IDF,41019,AG-143,0.0,0.0,0.0,0.0,0.0,0.0,0.0
Masked TF-IDF,41038,HX-104,0.0,0.0,0.0,0.0,0.0,0.0,0.0
Masked TF-IDF,41059,M-037,0.0,0.0,0.0,0.0,0.0,0.0,0.0
Masked TF-IDF,41086,P-215,0.0,0.0,0.0,0.0,0.0,0.0,0.0
Masked TF-IDF,41092,HP-099,0.0,0.0,0.0,0.0,1.0,0.0,0.02631578947368421
Masked TF-IDF,41103,CV-227,0.0,0.0,0.0,0.0,0.0,0.0,0.0
Masked TF-IDF,41120,HV-101,0.0,0.0,1.0,1.0,1.0,0.1,0.1
Masked TF-IDF,41141,UF-055,0.0,0.0,0.0,0.0,0.0,0.0,0.0
Masked TF-IDF,41161,DP-005,0.0,0.0,0.0,0.0,0.0,0.0,0.0
Masked TF-IDF,41237,BM-087,0.0,0.0,0.0,0.0,0.0,0.0,0.0
Masked TF-IDF,41330,P-529,0.0,0.0,0.0,0.0,0.0,0.0,0.0
Masked TF-IDF,41398,P-206,0.0,0.0,0.0,0.0,0.0,0.0,0.0
Masked TF-IDF,41417,FM-113,0.0,0.0,0.0,0.0,0.0,0.0,0.0
Masked TF-IDF,41497,DP-088,0.0,0.0,0.0,0.0,0.0,0.0,0.0
Masked TF-IDF,41502,P-156,0.0,0.0,0.0,0.0,0.0,0.0,0.0
Masked TF-IDF,41532,K-241,0.0,0.0,0.0,0.0,0.0,0.0,0.0
Masked TF-IDF,41580,SC-101,0.0,0.0,0.0,0.0,1.0,0.0,0.02
Masked TF-IDF,41596,DC-105,0.0,0.0,0.0,0.0,0.0,0.0,0.0
Masked TF-IDF,41665,M-023,0.0,0.0,0.0,0.0,0.0,0.0,0.0
Masked TF-IDF,41668,P-666,0.0,0.0,0.0,0.0,0.0,0.0,0.0
Masked TF-IDF,41704,F-121,0.0,0.0,0.0,0.0,0.0,0.0,0.0
Masked TF-IDF,41724,HV-052,0.0,0.0,0.0,0.0,0.0,0.0,0.0
Masked TF-IDF,41741,AG-147,0.0,0.0,0.0,0.0,0.0,0.0,0.0
Masked TF-IDF,41788,TRB-007,0.0,0.0,0.0,0.0,0.0,0.0,0.0
Masked TF-IDF,41804,TRB-109,0.0,0.0,0.0,0.0,0.0,0.0,0.0
Masked TF-IDF,41816,K-109,0.0,0.0,0.0,0.0,0.0,0.0,0.0
Masked TF-IDF,41824,K-206,0.0,0.0,0.0,0.0,0.0,0.0,0.0
Masked TF-IDF,41834,AG-005,0.0,0.0,0.0,0.0,0.0,0.0,0.0
Masked TF-IDF,41877,HX-031,0.0,0.0,0.0,0.0,0.0,0.0,0.0
Masked TF-IDF,41958,P-216,0.0,0.0,0.0,0.0,0.0,0.0,0.0
Masked TF-IDF,41976,K-105,0.0,0.0,0.0,0.0,0.0,0.0,0.0
Masked TF-IDF,42017,DC-083,0.0,0.0,0.0,0.0,0.0,0.0,0.0
Masked TF-IDF,42034,CT-063,0.0,0.0,0.0,0.0,0.0,0.0,0.0
Masked TF-IDF,42091,P-269,0.0,0.0,0.0,0.0,0.0,0.0,0.0
Masked TF-IDF,42116,EV-082,0.0,0.0,0.0,0.0,0.0,0.0,0.0
Masked TF-IDF,42125,P-696,0.0,0.0,0.0,0.0,0.0,0.0,0.0
Masked TF-IDF,42165,P-426,0.0,0.0,0.0,0.0,0.0,0.0,0.0
Masked TF-IDF,42256,TK-142,0.0,0.0,0.0,0.0,0.0,0.0,0.0
Masked TF-IDF,42262,P-152,0.0,0.0,0.0,0.0,0.0,0.0,0.0
Masked TF-IDF,42348,SC-110,0.0,0.0,0.0,0.0,0.0,0.0,0.0
Masked TF-IDF,42399,HX-072,0.0,0.0,0.0,0.0,0.0,0.0,0.0
Masked TF-IDF,42426,TK-052,0.0,0.0,0.0,0.0,0.0,0.0,0.0
Masked TF-IDF,42464,HV-036,0.0,0.0,0.0,0.0,0.0,0.0,0.0
Masked TF-IDF,42466,BLR-052,0.0,0.0,0.0,0.0,0.0,0.0,0.0
Masked TF-IDF,42490,AG-143,0.0,0.0,0.0,0.0,0.0,0.0,0.0
Masked TF-IDF,42543,P-342,0.0,0.0,0.0,0.0,0.0,0.0,0.0
Masked TF-IDF,42548,DRY-116,0.0,0.0,0.0,0.0,0.0,0.0,0.0
Masked TF-IDF,42590,F-307,0.0,0.0,0.0,0.0,0.0,0.0,0.0
Masked TF-IDF,42607,CF-067,0.0,0.0,0.0,0.0,0.0,0.0,0.0
Masked TF-IDF,42624,EX-082,0.0,0.0,0.0,0.0,0.0,0.0,0.0
Masked TF-IDF,42677,P-317,0.0,0.0,0.0,0.0,0.0,0.0,0.0
Masked TF-IDF,42684,TK-143,0.0,0.0,0.0,0.0,0.0,0.0,0.0
Masked TF-IDF,42707,DRY-086,0.0,0.0,0.0,0.0,0.0,0.0,0.0
Masked TF-IDF,42740,HX-145,0.0,0.0,0.0,1.0,1.0,0.0,0.058823529411764705
Masked TF-IDF,42745,P-316,0.0,0.0,0.0,0.0,0.0,0.0,0.0
Masked TF-IDF,42768,CV-090,0.0,0.0,0.0,0.0,0.0,0.0,0.0
Masked TF-IDF,42787,HX-079,0.0,0.0,0.0,0.0,0.0,0.0,0.0
Masked TF-IDF,42814,P-699,0.0,0.0,0.0,0.0,0.0,0.0,0.0
Masked TF-IDF,42818,K-126,0.0,0.0,0.0,0.0,1.0,0.0,0.02127659574468085
Masked TF-IDF,42826,M-082,0.0,0.0,0.0,0.0,0.0,0.0,0.0
Masked TF-IDF,42845,FM-129,0.0,0.0,0.0,0.0,0.0,0.0,0.0
Masked TF-IDF,42857,P-311,0.0,0.0,0.0,0.0,0.0,0.0,0.0
Masked TF-IDF,42867,BLR-113,0.0,0.0,0.0,0.0,0.0,0.0,0.0
Masked TF-IDF,42912,DOS-059,0.0,0.0,0.0,0.0,0.0,0.0,0.0
Masked TF-IDF,42943,K-191,0.0,0.0,0.0,0.0,0.0,0.0,0.0
Masked TF-IDF,42962,TK-221,0.0,0.0,0.0,1.0,1.0,0.0,0.07692307692307693
Masked TF-IDF,42978,K-075,0.0,0.0,0.0,0.0,0.0,0.0,0.0
Masked TF-IDF,42981,P-370,0.0,0.0,0.0,0.0,0.0,0.0,0.0
Masked TF-IDF,42997,DC-133,0.0,0.0,0.0,0.0,0.0,0.0,0.0
Masked TF-IDF,42998,R-115,0.0,0.0,0.0,0.0,0.0,0.0,0.0
Masked TF-IDF,43028,M-085,0.0,0.0,0.0,1.0,1.0,0.0,0.07692307692307693
Masked TF-IDF,43122,AG-064,0.0,0.0,0.0,0.0,0.0,0.0,0.0
Masked TF-IDF,43125,P-322,0.0,0.0,0.0,0.0,0.0,0.0,0.0
Masked TF-IDF,43141,P-539,0.0,0.0,0.0,0.0,0.0,0.0,0.0
Masked TF-IDF,43187,K-017,0.0,0.0,0.0,0.0,0.0,0.0,0.0
Masked TF-IDF,43207,M-136,0.0,0.0,0.0,0.0,0.0,0.0,0.0
Masked TF-IDF,43217,P-235,0.0,0.0,0.0,0.0,0.0,0.0,0.0
Masked TF-IDF,43266,P-420,0.0,0.0,0.0,0.0,0.0,0.0,0.0
Masked TF-IDF,43285,TK-054,0.0,0.0,0.0,0.0,0.0,0.0,0.0
Masked TF-IDF,43290,EX-062,0.0,0.0,0.0,0.0,0.0,0.0,0.0
Masked TF-IDF,43324,TK-078,0.0,0.0,0.0,0.0,0.0,0.0,0.0
Masked TF-IDF,43520,AG-040,0.0,0.0,0.0,0.0,0.0,0.0,0.0
Masked TF-IDF,43543,SC-118,0.0,0.0,0.0,0.0,0.0,0.0,0.0
Masked TF-IDF,43593,TK-125,0.0,0.0,0.0,0.0,0.0,0.0,0.0
Masked TF-IDF,43601,CT-114,0.0,0.0,1.0,1.0,1.0,0.1,0.1
Masked TF-IDF,43633,GB-211,0.0,0.0,0.0,0.0,0.0,0.0,0.0
Masked TF-IDF,43671,BLR-131,0.0,0.0,0.0,0.0,0.0,0.0,0.0
Masked TF-IDF,43695,CF-030,0.0,0.0,0.0,0.0,0.0,0.0,0.0
Masked TF-IDF,43768,P-410,0.0,0.0,0.0,0.0,0.0,0.0,0.0
Masked TF-IDF,43769,K-075,0.0,0.0,0.0,0.0,0.0,0.0,0.0
Masked TF-IDF,43774,GB-087,0.0,0.0,0.0,0.0,0.0,0.0,0.0
Masked TF-IDF,43793,HP-033,0.0,0.0,0.0,0.0,1.0,0.0,0.023809523809523808
Masked TF-IDF,43808,TK-139,0.0,0.0,0.0,0.0,0.0,0.0,0.0
Masked TF-IDF,43815,HP-055,0.0,0.0,0.0,0.0,0.0,0.0,0.0
Masked TF-IDF,43816,DC-110,0.0,0.0,0.0,0.0,0.0,0.0,0.0
Masked TF-IDF,43819,HX-351,0.0,0.0,0.0,0.0,0.0,0.0,0.0
Masked TF-IDF,43855,TK-208,0.0,0.0,0.0,0.0,0.0,0.0,0.0
Masked TF-IDF,43858,CF-039,0.0,0.0,0.0,0.0,0.0,0.0,0.0
Masked TF-IDF,43862,TK-137,0.0,0.0,0.0,0.0,0.0,0.0,0.0
Masked TF-IDF,43985,P-521,0.0,0.0,0.0,0.0,0.0,0.0,0.0
Masked TF-IDF,44072,GT-143,0.0,0.0,0.0,0.0,0.0,0.0,0.0
Masked TF-IDF,44095,R-005,0.0,0.0,0.0,0.0,0.0,0.0,0.0
Masked TF-IDF,44133,TK-237,0.0,0.0,0.0,0.0,0.0,0.0,0.0
Masked TF-IDF,44145,HX-145,0.0,0.0,0.0,0.0,0.0,0.0,0.0
Masked TF-IDF,44191,HX-015,0.0,1.0,1.0,1.0,1.0,0.2,0.2
Masked TF-IDF,44204,BLR-135,0.0,0.0,0.0,0.0,0.0,0.0,0.0
Masked TF-IDF,44241,AG-061,0.0,0.0,0.0,0.0,0.0,0.0,0.0
Masked TF-IDF,44293,R-090,0.0,0.0,0.0,0.0,0.0,0.0,0.0
Masked TF-IDF,44312,SEP-111,0.0,0.0,0.0,0.0,1.0,0.0,0.027777777777777776
Masked TF-IDF,44319,GB-129,0.0,0.0,0.0,0.0,0.0,0.0,0.0
Masked TF-IDF,44330,CV-342,0.0,0.0,0.0,0.0,0.0,0.0,0.0
Masked TF-IDF,44343,GB-091,0.0,0.0,0.0,0.0,0.0,0.0,0.0
Masked TF-IDF,44366,K-261,0.0,0.0,0.0,0.0,0.0,0.0,0.0
Masked TF-IDF,44374,EV-131,0.0,0.0,0.0,0.0,0.0,0.0,0.0
Masked TF-IDF,44424,R-119,0.0,0.0,0.0,0.0,0.0,0.0,0.0
Masked TF-IDF,44435,TK-101,0.0,0.0,0.0,0.0,0.0,0.0,0.0
Masked TF-IDF,44523,GB-091,0.0,0.0,0.0,0.0,0.0,0.0,0.0
Masked TF-IDF,44572,P-240,0.0,0.0,0.0,0.0,0.0,0.0,0.0
Masked TF-IDF,44576,TK-330,0.0,0.0,0.0,0.0,0.0,0.0,0.0
Masked TF-IDF,44610,BM-131,0.0,0.0,0.0,0.0,0.0,0.0,0.0
Masked TF-IDF,44625,HX-009,0.0,0.0,0.0,0.0,0.0,0.0,0.0
Masked TF-IDF,44639,SEP-110,0.0,0.0,0.0,0.0,0.0,0.0,0.0
Masked TF-IDF,44662,M-074,0.0,0.0,0.0,0.0,0.0,0.0,0.0
Masked TF-IDF,44735,M-112,0.0,0.0,0.0,0.0,0.0,0.0,0.0
Masked TF-IDF,44740,M-127,0.0,0.0,0.0,0.0,0.0,0.0,0.0
Masked TF-IDF,44851,AG-119,0.0,0.0,0.0,0.0,0.0,0.0,0.0
Masked TF-IDF,44886,CV-318,0.0,0.0,0.0,0.0,0.0,0.0,0.0
Masked TF-IDF,44946,HX-081,0.0,0.0,0.0,0.0,0.0,0.0,0.0
Masked TF-IDF,44991,HP-073,0.0,0.0,0.0,0.0,1.0,0.0,0.022727272727272728
Masked TF-IDF,44999,P-448,0.0,0.0,0.0,0.0,0.0,0.0,0.0
Masked TF-IDF,45013,RLP-103,0.0,0.0,0.0,0.0,0.0,0.0,0.0
Masked TF-IDF,45026,GB-046,0.0,0.0,0.0,0.0,0.0,0.0,0.0
Masked TF-IDF,45038,P-424,0.0,0.0,0.0,0.0,0.0,0.0,0.0
Masked TF-IDF,45055,F-145,0.0,0.0,0.0,0.0,1.0,0.0,0.045454545454545456
Masked TF-IDF,45095,K-143,0.0,0.0,0.0,0.0,0.0,0.0,0.0
Masked TF-IDF,45097,AG-074,0.0,0.0,0.0,0.0,0.0,0.0,0.0
Masked TF-IDF,45112,P-200,0.0,0.0,0.0,0.0,0.0,0.0,0.0
Masked TF-IDF,45155,P-294,0.0,0.0,0.0,0.0,0.0,0.0,0.0
Masked TF-IDF,45169,AG-053,0.0,0.0,0.0,0.0,0.0,0.0,0.0
Masked TF-IDF,45172,FM-018,0.0,0.0,0.0,0.0,0.0,0.0,0.0
Masked TF-IDF,45185,P-561,0.0,0.0,0.0,0.0,0.0,0.0,0.0
Masked TF-IDF,45238,M-124,0.0,0.0,0.0,0.0,1.0,0.0,0.02857142857142857
Masked TF-IDF,45244,FM-140,0.0,0.0,0.0,0.0,0.0,0.0,0.0
Masked TF-IDF,45320,P-532,0.0,0.0,0.0,0.0,0.0,0.0,0.0
Masked TF-IDF,45363,P-111,0.0,0.0,0.0,0.0,0.0,0.0,0.0
Masked TF-IDF,45427,P-262,0.0,0.0,0.0,0.0,0.0,0.0,0.0
Masked TF-IDF,45442,HX-031,0.0,0.0,0.0,0.0,0.0,0.0,0.0
Masked TF-IDF,45515,DOS-145,0.0,0.0,0.0,0.0,0.0,0.0,0.0
Masked TF-IDF,45525,K-080,0.0,0.0,0.0,0.0,0.0,0.0,0.0
Masked TF-IDF,45565,GS-129,0.0,0.0,0.0,0.0,0.0,0.0,0.0
Masked TF-IDF,45602,SC-137,0.0,0.0,0.0,0.0,0.0,0.0,0.0
Masked TF-IDF,45671,R-041,0.0,0.0,0.0,0.0,1.0,0.0,0.02631578947368421
Masked TF-IDF,45746,GT-073,0.0,0.0,0.0,0.0,0.0,0.0,0.0
Masked TF-IDF,45760,TRB-040,0.0,0.0,1.0,1.0,1.0,0.14285714285714285,0.14285714285714285
Masked TF-IDF,45811,TK-041,0.0,0.0,0.0,0.0,0.0,0.0,0.0
Masked TF-IDF,45814,P-338,0.0,0.0,0.0,0.0,0.0,0.0,0.0
Masked TF-IDF,45837,K-335,0.0,0.0,0.0,0.0,0.0,0.0,0.0
Masked TF-IDF,45852,P-270,0.0,0.0,0.0,0.0,0.0,0.0,0.0
Masked TF-IDF,45864,HX-212,0.0,0.0,0.0,0.0,0.0,0.0,0.0
Masked TF-IDF,45872,GB-130,0.0,0.0,0.0,0.0,0.0,0.0,0.0
Masked TF-IDF,45909,P-307,0.0,0.0,0.0,0.0,0.0,0.0,0.0
Masked TF-IDF,45947,BM-121,0.0,1.0,1.0,1.0,1.0,0.5,0.5
Masked TF-IDF,45953,AG-062,0.0,0.0,0.0,0.0,0.0,0.0,0.0
Masked TF-IDF,45966,EV-125,0.0,0.0,1.0,1.0,1.0,0.1111111111111111,0.1111111111111111
Masked TF-IDF,46031,R-015,0.0,0.0,0.0,0.0,0.0,0.0,0.0
Masked TF-IDF,46036,TK-143,0.0,0.0,0.0,0.0,0.0,0.0,0.0
Masked TF-IDF,46041,R-010,0.0,0.0,0.0,0.0,0.0,0.0,0.0
Masked TF-IDF,46053,K-103,0.0,0.0,0.0,0.0,0.0,0.0,0.0
Masked TF-IDF,46079,DP-068,0.0,0.0,0.0,0.0,1.0,0.0,0.024390243902439025
Masked TF-IDF,46080,GB-051,0.0,0.0,0.0,0.0,0.0,0.0,0.0
Masked TF-IDF,46092,HX-168,0.0,0.0,0.0,0.0,0.0,0.0,0.0
Masked TF-IDF,46138,AG-058,0.0,0.0,0.0,0.0,1.0,0.0,0.043478260869565216
Masked TF-IDF,46188,TK-022,0.0,0.0,0.0,0.0,0.0,0.0,0.0
Masked TF-IDF,46216,P-552,0.0,0.0,0.0,0.0,0.0,0.0,0.0
Masked TF-IDF,46250,FM-096,0.0,0.0,0.0,0.0,0.0,0.0,0.0
Masked TF-IDF,46268,P-248,0.0,0.0,0.0,0.0,0.0,0.0,0.0
Masked TF-IDF,46279,M-113,0.0,0.0,0.0,0.0,0.0,0.0,0.0
Masked TF-IDF,46299,P-740,0.0,0.0,0.0,0.0,0.0,0.0,0.0
Masked TF-IDF,46320,F-147,0.0,0.0,0.0,0.0,0.0,0.0,0.0
Masked TF-IDF,46355,DC-073,0.0,0.0,0.0,0.0,0.0,0.0,0.0
Masked TF-IDF,46361,SC-028,0.0,0.0,0.0,0.0,0.0,0.0,0.0
Masked TF-IDF,46375,EX-098,0.0,0.0,0.0,0.0,0.0,0.0,0.0
Masked TF-IDF,46393,K-085,0.0,0.0,0.0,0.0,0.0,0.0,0.0
Masked TF-IDF,46417,DC-116,0.0,0.0,0.0,0.0,0.0,0.0,0.0
Masked TF-IDF,46434,P-644,0.0,0.0,0.0,0.0,0.0,0.0,0.0
Masked TF-IDF,46458,K-059,0.0,0.0,0.0,0.0,0.0,0.0,0.0
Masked TF-IDF,46503,FCC-084,0.0,0.0,0.0,0.0,0.0,0.0,0.0
Masked TF-IDF,46506,P-105,0.0,0.0,0.0,0.0,0.0,0.0,0.0
Masked TF-IDF,46513,AG-027,0.0,0.0,0.0,0.0,0.0,0.0,0.0
Masked TF-IDF,46582,TK-158,0.0,0.0,0.0,0.0,0.0,0.0,0.0
Masked TF-IDF,46600,K-086,0.0,0.0,0.0,0.0,0.0,0.0,0.0
Masked TF-IDF,46625,FM-087,0.0,0.0,0.0,0.0,0.0,0.0,0.0
Masked TF-IDF,46626,SD-014,0.0,0.0,0.0,0.0,1.0,0.0,0.038461538461538464
Masked TF-IDF,46640,GB-114,0.0,0.0,0.0,0.0,0.0,0.0,0.0
Masked TF-IDF,46674,DOS-043,0.0,0.0,0.0,0.0,1.0,0.0,0.03333333333333333
Masked TF-IDF,46690,HX-129,0.0,0.0,0.0,0.0,1.0,0.0,0.025
Masked TF-IDF,46705,M-085,0.0,0.0,0.0,1.0,1.0,0.0,0.0625
Masked TF-IDF,46709,DOS-129,0.0,0.0,0.0,1.0,1.0,0.0,0.05555555555555555
Masked TF-IDF,46728,EX-053,0.0,0.0,0.0,0.0,0.0,0.0,0.0
Masked TF-IDF,46751,FM-116,0.0,0.0,0.0,0.0,0.0,0.0,0.0
Masked TF-IDF,46766,AG-035,0.0,0.0,0.0,0.0,0.0,0.0,0.0
Masked TF-IDF,46790,CF-043,0.0,0.0,0.0,0.0,0.0,0.0,0.0
Masked TF-IDF,46826,HX-095,0.0,0.0,0.0,0.0,0.0,0.0,0.0
Masked TF-IDF,46841,EX-125,0.0,0.0,0.0,0.0,0.0,0.0,0.0
Masked TF-IDF,46875,P-229,0.0,0.0,0.0,0.0,0.0,0.0,0.0
Masked TF-IDF,46908,P-332,0.0,0.0,0.0,0.0,0.0,0.0,0.0
Masked TF-IDF,46960,M-110,0.0,0.0,0.0,0.0,0.0,0.0,0.0
Masked TF-IDF,46976,K-098,0.0,0.0,0.0,0.0,0.0,0.0,0.0
Masked TF-IDF,47033,TK-047,0.0,0.0,0.0,0.0,0.0,0.0,0.0
Masked TF-IDF,47102,CV-093,0.0,0.0,0.0,0.0,0.0,0.0,0.0
Masked TF-IDF,47172,HV-141,0.0,0.0,0.0,0.0,0.0,0.0,0.0
Masked TF-IDF,47180,P-244,0.0,0.0,0.0,0.0,0.0,0.0,0.0
Masked TF-IDF,47244,P-117,0.0,0.0,0.0,1.0,1.0,0.0,0.05
Masked TF-IDF,47296,CF-068,0.0,0.0,0.0,0.0,0.0,0.0,0.0
Masked TF-IDF,47325,BM-142,0.0,0.0,0.0,0.0,0.0,0.0,0.0
Masked TF-IDF,47335,CF-117,0.0,0.0,0.0,0.0,0.0,0.0,0.0
Masked TF-IDF,47355,TK-185,0.0,0.0,0.0,0.0,0.0,0.0,0.0
Masked TF-IDF,47394,P-742,0.0,0.0,0.0,0.0,0.0,0.0,0.0
Masked TF-IDF,47474,FM-054,0.0,0.0,0.0,0.0,0.0,0.0,0.0
Masked TF-IDF,47534,TK-104,0.0,0.0,0.0,0.0,0.0,0.0,0.0
Masked TF-IDF,47568,P-609,0.0,0.0,0.0,0.0,0.0,0.0,0.0
Masked TF-IDF,47579,SEP-085,0.0,0.0,0.0,0.0,0.0,0.0,0.0
Masked TF-IDF,47593,F-048,0.0,0.0,0.0,0.0,0.0,0.0,0.0
Masked TF-IDF,47602,FM-015,0.0,0.0,0.0,0.0,0.0,0.0,0.0
Masked TF-IDF,47616,K-021,0.0,0.0,0.0,0.0,0.0,0.0,0.0
Masked TF-IDF,47620,F-017,0.0,0.0,0.0,0.0,0.0,0.0,0.0
Masked TF-IDF,47635,P-331,0.0,0.0,0.0,0.0,0.0,0.0,0.0
Masked TF-IDF,47674,TK-134,0.0,0.0,0.0,1.0,1.0,0.0,0.058823529411764705
Masked TF-IDF,47695,BM-059,0.0,0.0,0.0,0.0,0.0,0.0,0.0
Masked TF-IDF,47699,P-154,0.0,0.0,0.0,0.0,0.0,0.0,0.0
Masked TF-IDF,47755,P-344,0.0,0.0,0.0,0.0,0.0,0.0,0.0
Masked TF-IDF,47811,F-120,0.0,0.0,0.0,0.0,0.0,0.0,0.0
Masked TF-IDF,47848,P-179,0.0,0.0,0.0,0.0,0.0,0.0,0.0
Masked TF-IDF,47876,AG-098,0.0,0.0,0.0,0.0,0.0,0.0,0.0
Masked TF-IDF,47978,RLP-050,0.0,0.0,0.0,0.0,0.0,0.0,0.0
Masked TF-IDF,48020,DOS-084,0.0,0.0,0.0,0.0,0.0,0.0,0.0
Masked TF-IDF,48039,K-027,0.0,0.0,0.0,0.0,0.0,0.0,0.0
Masked TF-IDF,48093,DRY-019,0.0,0.0,0.0,0.0,0.0,0.0,0.0
Masked TF-IDF,48104,EV-076,0.0,0.0,0.0,0.0,0.0,0.0,0.0
Masked TF-IDF,48181,DOS-133,0.0,0.0,0.0,0.0,0.0,0.0,0.0
Masked TF-IDF,48191,P-658,0.0,0.0,0.0,0.0,0.0,0.0,0.0
Masked TF-IDF,48197,EX-109,0.0,0.0,0.0,0.0,0.0,0.0,0.0
Masked TF-IDF,48208,F-143,0.0,0.0,0.0,0.0,0.0,0.0,0.0
Masked TF-IDF,48223,EX-109,0.0,0.0,0.0,0.0,0.0,0.0,0.0
Masked TF-IDF,48271,TK-148,0.0,0.0,0.0,1.0,1.0,0.0,0.08333333333333333
Masked TF-IDF,48326,P-180,0.0,0.0,0.0,0.0,0.0,0.0,0.0
Masked TF-IDF,48371,P-198,0.0,0.0,0.0,0.0,0.0,0.0,0.0
Masked TF-IDF,48417,HV-210,0.0,0.0,0.0,0.0,0.0,0.0,0.0
Masked TF-IDF,48443,GB-006,0.0,0.0,0.0,0.0,0.0,0.0,0.0
Masked TF-IDF,48569,DC-069,0.0,0.0,0.0,0.0,0.0,0.0,0.0
Masked TF-IDF,48570,RLP-136,0.0,0.0,0.0,0.0,0.0,0.0,0.0
Masked TF-IDF,48636,AG-107,0.0,0.0,0.0,0.0,0.0,0.0,0.0
Masked TF-IDF,48730,DOS-027,0.0,0.0,0.0,0.0,0.0,0.0,0.0
Masked TF-IDF,48751,FCC-051,0.0,0.0,0.0,0.0,1.0,0.0,0.03333333333333333
Masked TF-IDF,48772,K-051,0.0,0.0,0.0,0.0,0.0,0.0,0.0
Masked TF-IDF,48774,DP-057,0.0,0.0,0.0,0.0,0.0,0.0,0.0
Masked TF-IDF,48809,M-068,0.0,0.0,0.0,0.0,1.0,0.0,0.045454545454545456
Masked TF-IDF,48839,FM-147,0.0,0.0,0.0,0.0,0.0,0.0,0.0
Masked TF-IDF,48895,P-176,0.0,0.0,0.0,0.0,0.0,0.0,0.0
Masked TF-IDF,48910,HX-049,0.0,0.0,0.0,0.0,0.0,0.0,0.0
Masked TF-IDF,48983,GB-027,0.0,0.0,0.0,0.0,0.0,0.0,0.0
Masked TF-IDF,48989,HX-041,0.0,0.0,0.0,0.0,0.0,0.0,0.0
Masked TF-IDF,49014,CR-123,0.0,0.0,0.0,0.0,0.0,0.0,0.0
Masked TF-IDF,49035,SEP-020,0.0,0.0,0.0,0.0,0.0,0.0,0.0
Masked TF-IDF,49101,TK-338,0.0,0.0,0.0,0.0,1.0,0.0,0.025
Masked TF-IDF,49144,GB-082,0.0,0.0,0.0,0.0,0.0,0.0,0.0
Masked TF-IDF,49203,R-024,0.0,0.0,0.0,0.0,0.0,0.0,0.0
Masked TF-IDF,49323,AG-031,0.0,0.0,0.0,0.0,0.0,0.0,0.0
Masked TF-IDF,49357,K-101,0.0,0.0,0.0,0.0,0.0,0.0,0.0
Masked TF-IDF,49362,DRY-006,0.0,0.0,0.0,0.0,0.0,0.0,0.0
Masked TF-IDF,49363,P-108,0.0,0.0,0.0,0.0,0.0,0.0,0.0
Masked TF-IDF,49373,HX-329,0.0,0.0,0.0,0.0,1.0,0.0,0.043478260869565216
Masked TF-IDF,49392,TK-131,0.0,0.0,0.0,0.0,0.0,0.0,0.0
Masked TF-IDF,49395,F-054,0.0,0.0,0.0,0.0,0.0,0.0,0.0
Masked TF-IDF,49401,BLR-011,0.0,0.0,0.0,0.0,0.0,0.0,0.0
Masked TF-IDF,49412,GB-128,0.0,0.0,0.0,0.0,0.0,0.0,0.0
Masked TF-IDF,49460,M-082,0.0,0.0,0.0,0.0,0.0,0.0,0.0
Masked TF-IDF,49478,R-063,0.0,0.0,0.0,0.0,0.0,0.0,0.0
Masked TF-IDF,49492,CV-133,0.0,1.0,1.0,1.0,1.0,0.25,0.25
Masked TF-IDF,49502,TK-006,0.0,0.0,0.0,0.0,0.0,0.0,0.0
Masked TF-IDF,49522,P-367,0.0,0.0,0.0,0.0,0.0,0.0,0.0
Masked TF-IDF,49537,M-071,0.0,0.0,0.0,0.0,1.0,0.0,0.02040816326530612
Masked TF-IDF,49574,EX-238,0.0,0.0,0.0,0.0,0.0,0.0,0.0
Masked TF-IDF,49581,K-121,0.0,0.0,0.0,0.0,0.0,0.0,0.0
Masked TF-IDF,49611,TK-062,0.0,0.0,0.0,0.0,0.0,0.0,0.0
Masked TF-IDF,49635,DC-022,0.0,0.0,0.0,0.0,0.0,0.0,0.0
Masked TF-IDF,49655,M-022,0.0,0.0,0.0,0.0,1.0,0.0,0.02702702702702703
Masked TF-IDF,49773,TK-205,0.0,0.0,0.0,0.0,0.0,0.0,0.0
Masked TF-IDF,49796,P-246,0.0,0.0,0.0,0.0,0.0,0.0,0.0
Masked TF-IDF,49878,F-032,0.0,0.0,0.0,0.0,0.0,0.0,0.0
Masked TF-IDF,49911,P-328,0.0,0.0,0.0,0.0,0.0,0.0,0.0
Masked TF-IDF,49938,TK-071,0.0,0.0,0.0,0.0,0.0,0.0,0.0
Graph context without failure_mode,6,HX-301,0.0,0.0,0.0,0.0,0.0,0.0,0.0
Graph context without failure_mode,92,DOS-081,0.0,0.0,0.0,1.0,1.0,0.0,0.05
Graph context without failure_mode,146,CR-118,0.0,0.0,0.0,0.0,0.0,0.0,0.0
Graph context without failure_mode,192,FCC-018,0.0,0.0,0.0,0.0,0.0,0.0,0.0
Graph context without failure_mode,260,EX-120,0.0,0.0,0.0,0.0,0.0,0.0,0.0
Graph context without failure_mode,282,GS-059,0.0,0.0,0.0,0.0,0.0,0.0,0.0
Graph context without failure_mode,322,TK-183,0.0,0.0,0.0,0.0,0.0,0.0,0.0
Graph context without failure_mode,332,P-229,0.0,0.0,0.0,0.0,0.0,0.0,0.0
Graph context without failure_mode,333,K-099,0.0,0.0,0.0,0.0,0.0,0.0,0.0
Graph context without failure_mode,334,TK-082,0.0,0.0,0.0,0.0,0.0,0.0,0.0
Graph context without failure_mode,342,HP-097,0.0,0.0,0.0,0.0,0.0,0.0,0.0
Graph context without failure_mode,347,CV-009,0.0,0.0,0.0,0.0,0.0,0.0,0.0
Graph context without failure_mode,351,DRY-076,0.0,0.0,0.0,0.0,0.0,0.0,0.0
Graph context without failure_mode,353,P-161,0.0,0.0,0.0,0.0,0.0,0.0,0.0
Graph context without failure_mode,408,TK-306,0.0,0.0,0.0,0.0,0.0,0.0,0.0
Graph context without failure_mode,409,BLR-076,0.0,0.0,0.0,0.0,0.0,0.0,0.0
Graph context without failure_mode,436,CV-050,0.0,0.0,0.0,0.0,0.0,0.0,0.0
Graph context without failure_mode,475,F-123,0.0,0.0,0.0,0.0,0.0,0.0,0.0
Graph context without failure_mode,561,P-262,0.0,0.0,0.0,0.0,0.0,0.0,0.0
Graph context without failure_mode,570,SC-215,0.0,0.0,0.0,0.0,0.0,0.0,0.0
Graph context without failure_mode,594,HX-071,0.0,0.0,0.0,0.0,0.0,0.0,0.0
Graph context without failure_mode,600,P-238,0.0,0.0,0.0,0.0,0.0,0.0,0.0
Graph context without failure_mode,601,AG-101,0.0,0.0,0.0,1.0,1.0,0.0,0.07692307692307693
Graph context without failure_mode,622,HX-337,0.0,0.0,0.0,0.0,0.0,0.0,0.0
Graph context without failure_mode,636,P-313,0.0,0.0,0.0,0.0,0.0,0.0,0.0
Graph context without failure_mode,640,AG-107,0.0,0.0,0.0,0.0,0.0,0.0,0.0
Graph context without failure_mode,645,SEP-079,0.0,0.0,0.0,0.0,0.0,0.0,0.0
Graph context without failure_mode,673,DC-116,0.0,1.0,1.0,1.0,1.0,0.25,0.25
Graph context without failure_mode,697,P-248,0.0,0.0,0.0,0.0,0.0,0.0,0.0
Graph context without failure_mode,725,P-234,0.0,0.0,0.0,0.0,0.0,0.0,0.0
Graph context without failure_mode,738,HX-133,0.0,0.0,0.0,0.0,0.0,0.0,0.0
Graph context without failure_mode,739,UF-065,0.0,0.0,0.0,0.0,0.0,0.0,0.0
Graph context without failure_mode,767,DP-074,0.0,0.0,0.0,0.0,0.0,0.0,0.0
Graph context without failure_mode,786,DOS-122,0.0,0.0,0.0,0.0,0.0,0.0,0.0
Graph context without failure_mode,831,TK-386,0.0,0.0,0.0,0.0,0.0,0.0,0.0
Graph context without failure_mode,877,R-117,0.0,0.0,0.0,0.0,0.0,0.0,0.0
Graph context without failure_mode,939,P-207,0.0,0.0,0.0,0.0,0.0,0.0,0.0
Graph context without failure_mode,1077,K-023,0.0,0.0,0.0,1.0,1.0,0.0,0.05
Graph context without failure_mode,1094,EX-077,0.0,0.0,0.0,0.0,0.0,0.0,0.0
Graph context without failure_mode,1105,RLP-027,0.0,0.0,0.0,0.0,0.0,0.0,0.0
Graph context without failure_mode,1129,K-179,0.0,0.0,0.0,0.0,0.0,0.0,0.0
Graph context without failure_mode,1134,BLR-220,0.0,0.0,0.0,0.0,0.0,0.0,0.0
Graph context without failure_mode,1187,CR-043,0.0,0.0,0.0,0.0,0.0,0.0,0.0
Graph context without failure_mode,1189,HX-028,0.0,0.0,0.0,0.0,0.0,0.0,0.0
Graph context without failure_mode,1210,HV-030,0.0,0.0,0.0,0.0,0.0,0.0,0.0
Graph context without failure_mode,1221,HV-144,0.0,0.0,0.0,1.0,1.0,0.0,0.058823529411764705
Graph context without failure_mode,1232,CF-141,0.0,0.0,0.0,0.0,0.0,0.0,0.0
Graph context without failure_mode,1237,P-330,0.0,0.0,0.0,0.0,0.0,0.0,0.0
Graph context without failure_mode,1316,EV-059,0.0,0.0,0.0,0.0,0.0,0.0,0.0
Graph context without failure_mode,1327,F-137,0.0,0.0,0.0,0.0,0.0,0.0,0.0
Graph context without failure_mode,1329,SC-121,0.0,0.0,0.0,0.0,0.0,0.0,0.0
Graph context without failure_mode,1343,HP-120,0.0,0.0,0.0,0.0,0.0,0.0,0.0
Graph context without failure_mode,1353,K-111,0.0,1.0,1.0,1.0,1.0,0.2,0.2
Graph context without failure_mode,1396,DC-145,0.0,0.0,0.0,0.0,0.0,0.0,0.0
Graph context without failure_mode,1416,SC-143,0.0,0.0,0.0,0.0,0.0,0.0,0.0
Graph context without failure_mode,1418,P-207,0.0,0.0,0.0,0.0,0.0,0.0,0.0
Graph context without failure_mode,1451,BM-138,0.0,0.0,0.0,0.0,0.0,0.0,0.0
Graph context without failure_mode,1480,P-235,0.0,0.0,0.0,0.0,0.0,0.0,0.0
Graph context without failure_mode,1488,M-135,0.0,0.0,0.0,0.0,0.0,0.0,0.0
Graph context without failure_mode,1499,DC-140,0.0,0.0,0.0,0.0,0.0,0.0,0.0
Graph context without failure_mode,1504,FM-061,0.0,0.0,0.0,0.0,0.0,0.0,0.0
Graph context without failure_mode,1551,DOS-096,0.0,0.0,0.0,0.0,0.0,0.0,0.0
Graph context without failure_mode,1577,K-268,0.0,0.0,0.0,0.0,0.0,0.0,0.0
Graph context without failure_mode,1585,EV-115,0.0,0.0,0.0,0.0,0.0,0.0,0.0
Graph context without failure_mode,1630,R-039,0.0,0.0,0.0,0.0,0.0,0.0,0.0
Graph context without failure_mode,1639,TK-134,0.0,0.0,0.0,0.0,0.0,0.0,0.0
Graph context without failure_mode,1647,P-628,0.0,0.0,0.0,0.0,0.0,0.0,0.0
Graph context without failure_mode,1661,DC-093,0.0,0.0,0.0,0.0,0.0,0.0,0.0
Graph context without failure_mode,1700,TK-171,0.0,0.0,0.0,0.0,0.0,0.0,0.0
Graph context without failure_mode,1710,CV-086,0.0,0.0,0.0,0.0,0.0,0.0,0.0
Graph context without failure_mode,1719,FCC-071,0.0,0.0,0.0,0.0,0.0,0.0,0.0
Graph context without failure_mode,1788,P-368,0.0,0.0,0.0,0.0,0.0,0.0,0.0
Graph context without failure_mode,1789,M-105,0.0,0.0,0.0,0.0,0.0,0.0,0.0
Graph context without failure_mode,1814,K-021,0.0,0.0,0.0,0.0,0.0,0.0,0.0
Graph context without failure_mode,1821,AG-119,0.0,0.0,0.0,0.0,0.0,0.0,0.0
Graph context without failure_mode,1861,AG-110,0.0,0.0,0.0,0.0,0.0,0.0,0.0
Graph context without failure_mode,1865,GB-122,0.0,0.0,0.0,0.0,0.0,0.0,0.0
Graph context without failure_mode,1873,P-173,0.0,0.0,0.0,0.0,0.0,0.0,0.0
Graph context without failure_mode,1898,SC-026,0.0,0.0,0.0,0.0,0.0,0.0,0.0
Graph context without failure_mode,1901,TK-013,0.0,0.0,0.0,0.0,0.0,0.0,0.0
Graph context without failure_mode,1983,TK-144,0.0,0.0,0.0,0.0,0.0,0.0,0.0
Graph context without failure_mode,2010,VP-131,0.0,0.0,0.0,0.0,0.0,0.0,0.0
Graph context without failure_mode,2029,CT-050,0.0,0.0,0.0,0.0,0.0,0.0,0.0
Graph context without failure_mode,2043,SEP-057,0.0,0.0,0.0,0.0,0.0,0.0,0.0
Graph context without failure_mode,2058,SEP-113,0.0,0.0,0.0,0.0,0.0,0.0,0.0
Graph context without failure_mode,2090,P-170,0.0,0.0,0.0,0.0,1.0,0.0,0.030303030303030304
Graph context without failure_mode,2128,P-228,0.0,0.0,0.0,0.0,1.0,0.0,0.034482758620689655
Graph context without failure_mode,2130,M-075,0.0,0.0,0.0,0.0,0.0,0.0,0.0
Graph context without failure_mode,2133,GB-043,0.0,0.0,0.0,0.0,0.0,0.0,0.0
Graph context without failure_mode,2146,P-622,0.0,0.0,0.0,0.0,0.0,0.0,0.0
Graph context without failure_mode,2152,M-012,0.0,0.0,0.0,0.0,1.0,0.0,0.041666666666666664
Graph context without failure_mode,2165,DC-141,0.0,0.0,0.0,0.0,1.0,0.0,0.041666666666666664
Graph context without failure_mode,2288,HX-023,0.0,0.0,0.0,0.0,0.0,0.0,0.0
Graph context without failure_mode,2293,P-247,0.0,0.0,0.0,0.0,0.0,0.0,0.0
Graph context without failure_mode,2307,P-315,0.0,0.0,0.0,0.0,0.0,0.0,0.0
Graph context without failure_mode,2356,P-321,0.0,0.0,0.0,0.0,0.0,0.0,0.0
Graph context without failure_mode,2392,K-121,0.0,0.0,0.0,0.0,0.0,0.0,0.0
Graph context without failure_mode,2422,K-286,0.0,0.0,0.0,0.0,0.0,0.0,0.0
Graph context without failure_mode,2433,CR-121,0.0,0.0,0.0,0.0,0.0,0.0,0.0
Graph context without failure_mode,2458,P-309,0.0,0.0,0.0,0.0,0.0,0.0,0.0
Graph context without failure_mode,2530,K-244,0.0,0.0,0.0,0.0,1.0,0.0,0.020833333333333332
Graph context without failure_mode,2575,CV-244,0.0,0.0,0.0,1.0,1.0,0.0,0.07142857142857142
Graph context without failure_mode,2611,CT-016,0.0,0.0,0.0,0.0,0.0,0.0,0.0
Graph context without failure_mode,2676,P-299,0.0,0.0,0.0,0.0,0.0,0.0,0.0
Graph context without failure_mode,2684,UF-070,0.0,0.0,0.0,0.0,0.0,0.0,0.0
Graph context without failure_mode,2685,SC-109,0.0,0.0,0.0,0.0,0.0,0.0,0.0
Graph context without failure_mode,2706,CV-081,0.0,0.0,0.0,0.0,0.0,0.0,0.0
Graph context without failure_mode,2716,HV-011,0.0,0.0,0.0,0.0,0.0,0.0,0.0
Graph context without failure_mode,2783,DOS-094,0.0,0.0,0.0,0.0,0.0,0.0,0.0
Graph context without failure_mode,2810,GB-133,0.0,0.0,0.0,0.0,0.0,0.0,0.0
Graph context without failure_mode,2847,BLR-101,0.0,0.0,0.0,0.0,0.0,0.0,0.0
Graph context without failure_mode,2855,CV-032,0.0,0.0,0.0,1.0,1.0,0.0,0.0625
Graph context without failure_mode,2858,TK-007,0.0,0.0,0.0,0.0,0.0,0.0,0.0
Graph context without failure_mode,2890,DOS-093,0.0,0.0,0.0,0.0,0.0,0.0,0.0
Graph context without failure_mode,2908,P-102,0.0,0.0,0.0,0.0,0.0,0.0,0.0
Graph context without failure_mode,2922,TK-015,0.0,0.0,0.0,0.0,0.0,0.0,0.0
Graph context without failure_mode,2932,P-289,0.0,0.0,0.0,0.0,0.0,0.0,0.0
Graph context without failure_mode,2936,DP-091,0.0,0.0,1.0,1.0,1.0,0.1111111111111111,0.1111111111111111
Graph context without failure_mode,2989,P-312,0.0,0.0,0.0,0.0,0.0,0.0,0.0
Graph context without failure_mode,3121,TK-066,0.0,0.0,0.0,0.0,0.0,0.0,0.0
Graph context without failure_mode,3147,P-143,0.0,0.0,0.0,0.0,0.0,0.0,0.0
Graph context without failure_mode,3183,R-089,0.0,0.0,0.0,0.0,0.0,0.0,0.0
Graph context without failure_mode,3218,UF-224,0.0,0.0,0.0,0.0,0.0,0.0,0.0
Graph context without failure_mode,3224,K-068,0.0,0.0,0.0,0.0,0.0,0.0,0.0
Graph context without failure_mode,3226,CR-121,0.0,0.0,0.0,0.0,0.0,0.0,0.0
Graph context without failure_mode,3240,EX-031,0.0,0.0,0.0,0.0,0.0,0.0,0.0
Graph context without failure_mode,3320,CV-184,0.0,0.0,0.0,0.0,0.0,0.0,0.0
Graph context without failure_mode,3380,DC-139,0.0,0.0,0.0,0.0,0.0,0.0,0.0
Graph context without failure_mode,3505,P-217,0.0,0.0,0.0,0.0,0.0,0.0,0.0
Graph context without failure_mode,3525,P-364,0.0,0.0,0.0,0.0,0.0,0.0,0.0
Graph context without failure_mode,3541,HV-040,0.0,0.0,0.0,0.0,0.0,0.0,0.0
Graph context without failure_mode,3595,TK-114,0.0,0.0,0.0,0.0,0.0,0.0,0.0
Graph context without failure_mode,3608,DOS-032,1.0,1.0,1.0,1.0,1.0,1.0,1.0
Graph context without failure_mode,3611,VP-076,0.0,0.0,0.0,0.0,0.0,0.0,0.0
Graph context without failure_mode,3651,TK-187,0.0,0.0,0.0,0.0,0.0,0.0,0.0
Graph context without failure_mode,3662,SC-110,0.0,0.0,0.0,0.0,0.0,0.0,0.0
Graph context without failure_mode,3683,K-091,0.0,0.0,0.0,0.0,0.0,0.0,0.0
Graph context without failure_mode,3709,P-228,0.0,0.0,0.0,0.0,0.0,0.0,0.0
Graph context without failure_mode,3737,EV-015,0.0,0.0,1.0,1.0,1.0,0.125,0.125
Graph context without failure_mode,3818,SD-102,0.0,0.0,0.0,0.0,0.0,0.0,0.0
Graph context without failure_mode,3855,M-112,0.0,0.0,0.0,0.0,0.0,0.0,0.0
Graph context without failure_mode,3886,P-629,0.0,0.0,0.0,0.0,0.0,0.0,0.0
Graph context without failure_mode,3903,F-023,0.0,0.0,0.0,0.0,0.0,0.0,0.0
Graph context without failure_mode,3918,TK-143,0.0,0.0,0.0,0.0,0.0,0.0,0.0
Graph context without failure_mode,3956,P-118,0.0,0.0,0.0,0.0,0.0,0.0,0.0
Graph context without failure_mode,3958,TK-109,0.0,0.0,0.0,0.0,0.0,0.0,0.0
Graph context without failure_mode,4316,CR-130,0.0,0.0,0.0,0.0,1.0,0.0,0.03333333333333333
Graph context without failure_mode,4326,P-337,0.0,0.0,0.0,0.0,0.0,0.0,0.0
Graph context without failure_mode,4351,P-159,0.0,0.0,0.0,0.0,0.0,0.0,0.0
Graph context without failure_mode,4353,EX-067,0.0,0.0,0.0,0.0,0.0,0.0,0.0
Graph context without failure_mode,4461,EV-105,0.0,0.0,0.0,0.0,0.0,0.0,0.0
Graph context without failure_mode,4476,GT-021,0.0,0.0,0.0,0.0,0.0,0.0,0.0
Graph context without failure_mode,4485,GS-054,0.0,0.0,0.0,0.0,0.0,0.0,0.0
Graph context without failure_mode,4494,DC-122,0.0,0.0,0.0,0.0,0.0,0.0,0.0
Graph context without failure_mode,4500,AG-027,0.0,0.0,0.0,0.0,0.0,0.0,0.0
Graph context without failure_mode,4531,P-321,0.0,0.0,0.0,0.0,1.0,0.0,0.023255813953488372
Graph context without failure_mode,4551,RLP-007,0.0,0.0,0.0,0.0,0.0,0.0,0.0
Graph context without failure_mode,4591,R-121,0.0,0.0,0.0,0.0,0.0,0.0,0.0
Graph context without failure_mode,4628,VP-118,0.0,0.0,0.0,0.0,0.0,0.0,0.0
Graph context without failure_mode,4737,P-312,0.0,0.0,0.0,0.0,0.0,0.0,0.0
Graph context without failure_mode,4777,EX-070,0.0,0.0,0.0,0.0,0.0,0.0,0.0
Graph context without failure_mode,4857,P-302,0.0,0.0,0.0,0.0,0.0,0.0,0.0
Graph context without failure_mode,4883,CT-055,0.0,0.0,0.0,0.0,0.0,0.0,0.0
Graph context without failure_mode,4902,K-033,0.0,0.0,0.0,0.0,0.0,0.0,0.0
Graph context without failure_mode,4985,GT-136,0.0,0.0,0.0,0.0,0.0,0.0,0.0
Graph context without failure_mode,5026,M-044,0.0,0.0,0.0,0.0,0.0,0.0,0.0
Graph context without failure_mode,5040,R-127,0.0,0.0,0.0,0.0,0.0,0.0,0.0
Graph context without failure_mode,5143,P-216,0.0,0.0,0.0,0.0,0.0,0.0,0.0
Graph context without failure_mode,5151,BM-124,0.0,0.0,0.0,0.0,0.0,0.0,0.0
Graph context without failure_mode,5159,P-517,0.0,0.0,0.0,0.0,0.0,0.0,0.0
Graph context without failure_mode,5209,P-439,0.0,0.0,0.0,0.0,0.0,0.0,0.0
Graph context without failure_mode,5223,CT-142,0.0,0.0,0.0,0.0,0.0,0.0,0.0
Graph context without failure_mode,5298,HX-030,0.0,0.0,0.0,1.0,1.0,0.0,0.07142857142857142
Graph context without failure_mode,5305,TK-075,0.0,0.0,0.0,0.0,0.0,0.0,0.0
Graph context without failure_mode,5322,P-443,0.0,0.0,0.0,0.0,0.0,0.0,0.0
Graph context without failure_mode,5401,SC-034,0.0,0.0,0.0,0.0,0.0,0.0,0.0
Graph context without failure_mode,5407,HV-172,0.0,0.0,0.0,0.0,0.0,0.0,0.0
Graph context without failure_mode,5451,F-107,0.0,0.0,0.0,0.0,0.0,0.0,0.0
Graph context without failure_mode,5468,P-104,0.0,0.0,0.0,0.0,0.0,0.0,0.0
Graph context without failure_mode,5549,CV-039,0.0,0.0,0.0,0.0,0.0,0.0,0.0
Graph context without failure_mode,5604,CT-145,0.0,0.0,0.0,0.0,0.0,0.0,0.0
Graph context without failure_mode,5616,HP-109,0.0,0.0,0.0,0.0,1.0,0.0,0.038461538461538464
Graph context without failure_mode,5683,TK-054,0.0,0.0,0.0,0.0,0.0,0.0,0.0
Graph context without failure_mode,5692,R-205,0.0,0.0,0.0,0.0,0.0,0.0,0.0
Graph context without failure_mode,5765,GT-144,0.0,0.0,0.0,0.0,0.0,0.0,0.0
Graph context without failure_mode,5786,BLR-038,0.0,0.0,0.0,0.0,0.0,0.0,0.0
Graph context without failure_mode,5846,FM-019,0.0,0.0,0.0,0.0,0.0,0.0,0.0
Graph context without failure_mode,5859,M-058,0.0,0.0,0.0,0.0,0.0,0.0,0.0
Graph context without failure_mode,5886,GS-013,0.0,0.0,0.0,0.0,0.0,0.0,0.0
Graph context without failure_mode,5934,CR-016,0.0,0.0,0.0,0.0,0.0,0.0,0.0
Graph context without failure_mode,5947,P-324,0.0,0.0,0.0,0.0,0.0,0.0,0.0
Graph context without failure_mode,5983,R-038,0.0,0.0,0.0,0.0,0.0,0.0,0.0
Graph context without failure_mode,6007,K-089,0.0,0.0,0.0,0.0,0.0,0.0,0.0
Graph context without failure_mode,6019,DP-097,0.0,0.0,0.0,0.0,0.0,0.0,0.0
Graph context without failure_mode,6028,DC-049,0.0,0.0,0.0,0.0,0.0,0.0,0.0
Graph context without failure_mode,6072,EX-138,0.0,0.0,0.0,0.0,0.0,0.0,0.0
Graph context without failure_mode,6152,GS-126,0.0,0.0,0.0,0.0,0.0,0.0,0.0
Graph context without failure_mode,6162,K-272,0.0,0.0,0.0,0.0,0.0,0.0,0.0
Graph context without failure_mode,6210,FCC-039,0.0,0.0,0.0,0.0,0.0,0.0,0.0
Graph context without failure_mode,6215,SEP-116,0.0,0.0,0.0,0.0,0.0,0.0,0.0
Graph context without failure_mode,6265,HV-031,0.0,0.0,0.0,0.0,0.0,0.0,0.0
Graph context without failure_mode,6283,M-044,0.0,0.0,0.0,0.0,0.0,0.0,0.0
Graph context without failure_mode,6304,EX-129,0.0,0.0,0.0,0.0,0.0,0.0,0.0
Graph context without failure_mode,6309,GB-007,0.0,0.0,0.0,0.0,0.0,0.0,0.0
Graph context without failure_mode,6343,SC-104,0.0,0.0,0.0,0.0,0.0,0.0,0.0
Graph context without failure_mode,6363,HV-107,0.0,0.0,1.0,1.0,1.0,0.125,0.125
Graph context without failure_mode,6431,SD-139,0.0,0.0,0.0,0.0,0.0,0.0,0.0
Graph context without failure_mode,6450,GB-107,0.0,0.0,0.0,0.0,0.0,0.0,0.0
Graph context without failure_mode,6544,F-080,0.0,0.0,0.0,0.0,0.0,0.0,0.0
Graph context without failure_mode,6573,TK-103,0.0,0.0,0.0,0.0,0.0,0.0,0.0
Graph context without failure_mode,6626,GB-033,0.0,0.0,0.0,0.0,0.0,0.0,0.0
Graph context without failure_mode,6649,P-705,0.0,0.0,0.0,0.0,0.0,0.0,0.0
Graph context without failure_mode,6663,R-046,0.0,0.0,0.0,0.0,0.0,0.0,0.0
Graph context without failure_mode,6760,P-378,0.0,0.0,0.0,0.0,0.0,0.0,0.0
Graph context without failure_mode,6765,EX-031,0.0,0.0,0.0,0.0,0.0,0.0,0.0
Graph context without failure_mode,6803,K-226,0.0,0.0,0.0,0.0,0.0,0.0,0.0
Graph context without failure_mode,6807,F-055,0.0,0.0,0.0,0.0,0.0,0.0,0.0
Graph context without failure_mode,6832,P-184,0.0,0.0,0.0,0.0,0.0,0.0,0.0
Graph context without failure_mode,6835,CR-120,0.0,0.0,0.0,0.0,0.0,0.0,0.0
Graph context without failure_mode,6867,HP-084,0.0,0.0,0.0,0.0,0.0,0.0,0.0
Graph context without failure_mode,6883,UF-015,0.0,0.0,0.0,0.0,0.0,0.0,0.0
Graph context without failure_mode,6978,HX-125,0.0,0.0,0.0,0.0,0.0,0.0,0.0
Graph context without failure_mode,7064,P-568,0.0,0.0,0.0,0.0,0.0,0.0,0.0
Graph context without failure_mode,7091,SEP-210,0.0,0.0,0.0,0.0,0.0,0.0,0.0
Graph context without failure_mode,7093,R-110,0.0,1.0,1.0,1.0,1.0,0.25,0.25
Graph context without failure_mode,7124,P-524,0.0,0.0,0.0,0.0,0.0,0.0,0.0
Graph context without failure_mode,7202,R-133,0.0,0.0,0.0,0.0,0.0,0.0,0.0
Graph context without failure_mode,7224,AG-040,0.0,0.0,0.0,0.0,0.0,0.0,0.0
Graph context without failure_mode,7232,HX-124,0.0,0.0,0.0,0.0,0.0,0.0,0.0
Graph context without failure_mode,7257,HP-138,0.0,0.0,0.0,0.0,0.0,0.0,0.0
Graph context without failure_mode,7271,DC-115,0.0,0.0,0.0,0.0,0.0,0.0,0.0
Graph context without failure_mode,7299,GB-017,0.0,0.0,0.0,0.0,0.0,0.0,0.0
Graph context without failure_mode,7353,P-198,0.0,0.0,0.0,0.0,1.0,0.0,0.04
Graph context without failure_mode,7359,P-613,0.0,0.0,0.0,0.0,0.0,0.0,0.0
Graph context without failure_mode,7362,TK-179,0.0,0.0,0.0,1.0,1.0,0.0,0.07692307692307693
Graph context without failure_mode,7422,R-243,0.0,0.0,0.0,0.0,0.0,0.0,0.0
Graph context without failure_mode,7432,P-275,0.0,0.0,0.0,0.0,0.0,0.0,0.0
Graph context without failure_mode,7457,P-296,0.0,0.0,0.0,0.0,0.0,0.0,0.0
Graph context without failure_mode,7480,HP-112,0.0,0.0,0.0,0.0,0.0,0.0,0.0
Graph context without failure_mode,7520,K-075,0.0,0.0,0.0,0.0,0.0,0.0,0.0
Graph context without failure_mode,7546,F-106,0.0,0.0,0.0,0.0,1.0,0.0,0.038461538461538464
Graph context without failure_mode,7553,FCC-083,0.0,0.0,0.0,0.0,0.0,0.0,0.0
Graph context without failure_mode,7573,GB-142,0.0,0.0,0.0,0.0,0.0,0.0,0.0
Graph context without failure_mode,7590,R-064,0.0,0.0,0.0,0.0,1.0,0.0,0.02702702702702703
Graph context without failure_mode,7639,GS-110,0.0,0.0,0.0,0.0,0.0,0.0,0.0
Graph context without failure_mode,7686,SC-049,0.0,0.0,0.0,0.0,0.0,0.0,0.0
Graph context without failure_mode,7709,P-211,0.0,0.0,0.0,0.0,0.0,0.0,0.0
Graph context without failure_mode,7721,M-135,0.0,0.0,0.0,0.0,0.0,0.0,0.0
Graph context without failure_mode,7726,EV-131,0.0,0.0,0.0,0.0,0.0,0.0,0.0
Graph context without failure_mode,7753,GT-081,0.0,0.0,0.0,0.0,0.0,0.0,0.0
Graph context without failure_mode,7798,M-117,0.0,0.0,0.0,0.0,0.0,0.0,0.0
Graph context without failure_mode,7812,M-033,0.0,0.0,0.0,0.0,0.0,0.0,0.0
Graph context without failure_mode,7862,HX-092,0.0,0.0,0.0,0.0,0.0,0.0,0.0
Graph context without failure_mode,7885,CV-123,0.0,0.0,0.0,0.0,0.0,0.0,0.0
Graph context without failure_mode,7930,HP-108,0.0,0.0,0.0,0.0,0.0,0.0,0.0
Graph context without failure_mode,7942,P-695,0.0,0.0,0.0,0.0,0.0,0.0,0.0
Graph context without failure_mode,7952,HX-059,0.0,0.0,0.0,0.0,0.0,0.0,0.0
Graph context without failure_mode,7981,M-047,0.0,0.0,0.0,0.0,0.0,0.0,0.0
Graph context without failure_mode,8038,TRB-140,0.0,0.0,0.0,0.0,0.0,0.0,0.0
Graph context without failure_mode,8057,CT-115,0.0,0.0,0.0,0.0,0.0,0.0,0.0
Graph context without failure_mode,8098,TK-111,0.0,0.0,0.0,0.0,0.0,0.0,0.0
Graph context without failure_mode,8107,K-146,0.0,0.0,0.0,0.0,0.0,0.0,0.0
Graph context without failure_mode,8226,GB-104,0.0,0.0,0.0,0.0,0.0,0.0,0.0
Graph context without failure_mode,8303,GB-139,0.0,0.0,0.0,0.0,0.0,0.0,0.0
Graph context without failure_mode,8310,M-110,0.0,0.0,0.0,0.0,0.0,0.0,0.0
Graph context without failure_mode,8360,DOS-140,0.0,0.0,0.0,0.0,0.0,0.0,0.0
Graph context without failure_mode,8423,AG-013,0.0,0.0,0.0,1.0,1.0,0.0,0.06666666666666667
Graph context without failure_mode,8455,P-591,0.0,0.0,0.0,0.0,0.0,0.0,0.0
Graph context without failure_mode,8612,UF-084,0.0,0.0,0.0,0.0,0.0,0.0,0.0
Graph context without failure_mode,8621,P-217,0.0,0.0,0.0,0.0,0.0,0.0,0.0
Graph context without failure_mode,8643,VP-031,0.0,0.0,0.0,0.0,0.0,0.0,0.0
Graph context without failure_mode,8709,DC-085,0.0,0.0,0.0,0.0,0.0,0.0,0.0
Graph context without failure_mode,8748,DOS-103,0.0,0.0,0.0,0.0,0.0,0.0,0.0
Graph context without failure_mode,8796,TK-158,0.0,0.0,0.0,0.0,0.0,0.0,0.0
Graph context without failure_mode,8811,P-199,0.0,0.0,0.0,0.0,0.0,0.0,0.0
Graph context without failure_mode,8817,P-326,0.0,0.0,0.0,0.0,0.0,0.0,0.0
Graph context without failure_mode,8863,P-730,0.0,0.0,0.0,0.0,0.0,0.0,0.0
Graph context without failure_mode,8908,P-729,0.0,0.0,0.0,0.0,0.0,0.0,0.0
Graph context without failure_mode,8932,GB-091,0.0,0.0,0.0,0.0,0.0,0.0,0.0
Graph context without failure_mode,8979,AG-137,0.0,0.0,0.0,0.0,0.0,0.0,0.0
Graph context without failure_mode,9144,BM-124,0.0,0.0,0.0,0.0,0.0,0.0,0.0
Graph context without failure_mode,9154,P-436,0.0,0.0,0.0,0.0,0.0,0.0,0.0
Graph context without failure_mode,9244,TK-039,0.0,0.0,0.0,0.0,0.0,0.0,0.0
Graph context without failure_mode,9288,K-139,0.0,0.0,0.0,0.0,0.0,0.0,0.0
Graph context without failure_mode,9355,SD-144,0.0,1.0,1.0,1.0,1.0,0.3333333333333333,0.3333333333333333
Graph context without failure_mode,9384,BM-041,0.0,0.0,0.0,0.0,0.0,0.0,0.0
Graph context without failure_mode,9389,M-003,0.0,0.0,0.0,0.0,0.0,0.0,0.0
Graph context without failure_mode,9398,TK-034,0.0,0.0,0.0,0.0,0.0,0.0,0.0
Graph context without failure_mode,9448,SC-007,0.0,0.0,0.0,0.0,0.0,0.0,0.0
Graph context without failure_mode,9572,DOS-118,0.0,0.0,0.0,0.0,0.0,0.0,0.0
Graph context without failure_mode,9615,R-245,0.0,0.0,0.0,0.0,0.0,0.0,0.0
Graph context without failure_mode,9682,M-054,0.0,0.0,0.0,1.0,1.0,0.0,0.05
Graph context without failure_mode,9696,SC-227,0.0,0.0,0.0,0.0,0.0,0.0,0.0
Graph context without failure_mode,9700,FCC-047,0.0,0.0,0.0,0.0,0.0,0.0,0.0
Graph context without failure_mode,9702,HX-107,0.0,0.0,0.0,0.0,0.0,0.0,0.0
Graph context without failure_mode,9711,VP-115,0.0,0.0,0.0,0.0,0.0,0.0,0.0
Graph context without failure_mode,9714,HX-083,0.0,0.0,0.0,0.0,0.0,0.0,0.0
Graph context without failure_mode,9762,SC-143,0.0,0.0,0.0,0.0,0.0,0.0,0.0
Graph context without failure_mode,9768,GS-074,0.0,0.0,0.0,0.0,0.0,0.0,0.0
Graph context without failure_mode,9806,FM-006,0.0,0.0,0.0,0.0,0.0,0.0,0.0
Graph context without failure_mode,9892,P-436,0.0,0.0,0.0,0.0,0.0,0.0,0.0
Graph context without failure_mode,9896,UF-029,0.0,0.0,0.0,0.0,0.0,0.0,0.0
Graph context without failure_mode,9909,P-301,0.0,0.0,0.0,0.0,0.0,0.0,0.0
Graph context without failure_mode,9920,P-243,0.0,0.0,0.0,0.0,0.0,0.0,0.0
Graph context without failure_mode,9921,P-313,0.0,0.0,0.0,0.0,0.0,0.0,0.0
Graph context without failure_mode,9928,GB-141,0.0,0.0,0.0,0.0,0.0,0.0,0.0
Graph context without failure_mode,9947,P-481,0.0,0.0,0.0,0.0,0.0,0.0,0.0
Graph context without failure_mode,10079,P-569,0.0,0.0,0.0,0.0,0.0,0.0,0.0
Graph context without failure_mode,10118,HV-108,0.0,0.0,0.0,0.0,0.0,0.0,0.0
Graph context without failure_mode,10130,K-178,0.0,0.0,0.0,0.0,0.0,0.0,0.0
Graph context without failure_mode,10191,F-014,0.0,0.0,0.0,1.0,1.0,0.0,0.08333333333333333
Graph context without failure_mode,10199,K-203,0.0,0.0,0.0,0.0,0.0,0.0,0.0
Graph context without failure_mode,10204,HV-034,0.0,0.0,0.0,0.0,0.0,0.0,0.0
Graph context without failure_mode,10213,CV-128,0.0,0.0,0.0,0.0,0.0,0.0,0.0
Graph context without failure_mode,10223,VP-039,0.0,0.0,0.0,0.0,0.0,0.0,0.0
Graph context without failure_mode,10252,P-408,0.0,0.0,0.0,0.0,0.0,0.0,0.0
Graph context without failure_mode,10263,DRY-030,0.0,0.0,0.0,0.0,0.0,0.0,0.0
Graph context without failure_mode,10269,SC-014,0.0,0.0,0.0,0.0,0.0,0.0,0.0
Graph context without failure_mode,10344,M-073,0.0,0.0,0.0,0.0,0.0,0.0,0.0
Graph context without failure_mode,10380,TK-108,0.0,0.0,0.0,0.0,0.0,0.0,0.0
Graph context without failure_mode,10421,CF-023,0.0,0.0,0.0,0.0,0.0,0.0,0.0
Graph context without failure_mode,10444,K-288,0.0,0.0,0.0,0.0,0.0,0.0,0.0
Graph context without failure_mode,10454,EX-065,0.0,0.0,0.0,0.0,0.0,0.0,0.0
Graph context without failure_mode,10473,P-328,0.0,0.0,0.0,0.0,0.0,0.0,0.0
Graph context without failure_mode,10493,HX-208,0.0,0.0,0.0,0.0,0.0,0.0,0.0
Graph context without failure_mode,10526,P-169,0.0,0.0,0.0,0.0,0.0,0.0,0.0
Graph context without failure_mode,10575,P-370,0.0,0.0,0.0,0.0,0.0,0.0,0.0
Graph context without failure_mode,10590,HX-107,0.0,0.0,0.0,0.0,0.0,0.0,0.0
Graph context without failure_mode,10608,TK-106,0.0,0.0,0.0,0.0,0.0,0.0,0.0
Graph context without failure_mode,10627,P-365,0.0,0.0,0.0,0.0,0.0,0.0,0.0
Graph context without failure_mode,10630,HV-049,0.0,0.0,0.0,0.0,0.0,0.0,0.0
Graph context without failure_mode,10632,P-262,0.0,0.0,0.0,0.0,0.0,0.0,0.0
Graph context without failure_mode,10647,R-069,0.0,0.0,0.0,0.0,0.0,0.0,0.0
Graph context without failure_mode,10704,CR-123,0.0,0.0,0.0,0.0,0.0,0.0,0.0
Graph context without failure_mode,10755,BM-143,0.0,0.0,0.0,0.0,0.0,0.0,0.0
Graph context without failure_mode,10780,P-234,0.0,0.0,0.0,0.0,0.0,0.0,0.0
Graph context without failure_mode,10789,P-204,0.0,0.0,0.0,0.0,0.0,0.0,0.0
Graph context without failure_mode,10825,HV-102,0.0,0.0,0.0,0.0,0.0,0.0,0.0
Graph context without failure_mode,10828,M-014,0.0,0.0,0.0,0.0,0.0,0.0,0.0
Graph context without failure_mode,10932,SC-014,0.0,0.0,0.0,0.0,0.0,0.0,0.0
Graph context without failure_mode,10939,GT-104,0.0,0.0,0.0,0.0,0.0,0.0,0.0
Graph context without failure_mode,10966,P-362,0.0,0.0,0.0,0.0,0.0,0.0,0.0
Graph context without failure_mode,10970,CF-100,0.0,0.0,0.0,0.0,0.0,0.0,0.0
Graph context without failure_mode,10981,GB-068,0.0,0.0,0.0,0.0,0.0,0.0,0.0
Graph context without failure_mode,11002,VP-054,0.0,0.0,0.0,0.0,0.0,0.0,0.0
Graph context without failure_mode,11009,TK-204,0.0,0.0,0.0,0.0,0.0,0.0,0.0
Graph context without failure_mode,11068,SC-103,0.0,0.0,0.0,0.0,0.0,0.0,0.0
Graph context without failure_mode,11101,CV-272,0.0,0.0,0.0,0.0,0.0,0.0,0.0
Graph context without failure_mode,11149,P-602,0.0,0.0,0.0,0.0,0.0,0.0,0.0
Graph context without failure_mode,11165,RLP-059,0.0,0.0,0.0,0.0,0.0,0.0,0.0
Graph context without failure_mode,11173,K-016,0.0,0.0,0.0,0.0,0.0,0.0,0.0
Graph context without failure_mode,11200,AG-090,0.0,0.0,0.0,0.0,0.0,0.0,0.0
Graph context without failure_mode,11221,TK-113,0.0,0.0,0.0,0.0,0.0,0.0,0.0
Graph context without failure_mode,11278,P-682,0.0,0.0,0.0,0.0,0.0,0.0,0.0
Graph context without failure_mode,11282,M-039,0.0,0.0,0.0,0.0,0.0,0.0,0.0
Graph context without failure_mode,11372,P-204,0.0,0.0,0.0,0.0,0.0,0.0,0.0
Graph context without failure_mode,11373,UF-092,0.0,0.0,0.0,0.0,0.0,0.0,0.0
Graph context without failure_mode,11385,CF-013,0.0,0.0,0.0,0.0,0.0,0.0,0.0
Graph context without failure_mode,11400,P-228,0.0,0.0,0.0,0.0,0.0,0.0,0.0
Graph context without failure_mode,11403,CV-050,0.0,0.0,0.0,0.0,1.0,0.0,0.02
Graph context without failure_mode,11458,CV-241,0.0,0.0,0.0,0.0,0.0,0.0,0.0
Graph context without failure_mode,11467,CF-102,0.0,0.0,0.0,0.0,0.0,0.0,0.0
Graph context without failure_mode,11474,GB-112,0.0,0.0,0.0,0.0,0.0,0.0,0.0
Graph context without failure_mode,11580,K-132,0.0,0.0,0.0,0.0,1.0,0.0,0.021739130434782608
Graph context without failure_mode,11584,BM-115,0.0,0.0,0.0,0.0,0.0,0.0,0.0
Graph context without failure_mode,11622,M-146,0.0,0.0,0.0,0.0,0.0,0.0,0.0
Graph context without failure_mode,11673,SC-006,0.0,0.0,0.0,0.0,0.0,0.0,0.0
Graph context without failure_mode,11701,HX-127,0.0,0.0,0.0,0.0,0.0,0.0,0.0
Graph context without failure_mode,11713,BM-063,0.0,0.0,0.0,0.0,0.0,0.0,0.0
Graph context without failure_mode,11820,FCC-040,0.0,0.0,0.0,0.0,0.0,0.0,0.0
Graph context without failure_mode,11917,BLR-043,0.0,0.0,0.0,0.0,0.0,0.0,0.0
Graph context without failure_mode,11959,P-501,0.0,0.0,0.0,0.0,0.0,0.0,0.0
Graph context without failure_mode,11974,M-057,0.0,0.0,0.0,0.0,0.0,0.0,0.0
Graph context without failure_mode,11997,P-224,0.0,0.0,1.0,1.0,1.0,0.14285714285714285,0.14285714285714285
Graph context without failure_mode,12047,F-011,0.0,0.0,0.0,0.0,1.0,0.0,0.022727272727272728
Graph context without failure_mode,12076,FM-056,0.0,0.0,0.0,0.0,0.0,0.0,0.0
Graph context without failure_mode,12080,HP-056,0.0,0.0,0.0,0.0,0.0,0.0,0.0
Graph context without failure_mode,12214,P-271,0.0,0.0,0.0,0.0,0.0,0.0,0.0
Graph context without failure_mode,12238,BLR-103,0.0,0.0,0.0,0.0,0.0,0.0,0.0
Graph context without failure_mode,12262,P-287,0.0,0.0,0.0,0.0,0.0,0.0,0.0
Graph context without failure_mode,12303,BLR-046,0.0,0.0,0.0,0.0,0.0,0.0,0.0
Graph context without failure_mode,12316,SC-038,0.0,0.0,0.0,0.0,0.0,0.0,0.0
Graph context without failure_mode,12330,P-596,0.0,0.0,0.0,0.0,0.0,0.0,0.0
Graph context without failure_mode,12340,BLR-046,0.0,0.0,0.0,0.0,0.0,0.0,0.0
Graph context without failure_mode,12437,K-064,0.0,0.0,0.0,0.0,0.0,0.0,0.0
Graph context without failure_mode,12449,M-037,0.0,0.0,0.0,0.0,1.0,0.0,0.03333333333333333
Graph context without failure_mode,12468,P-536,0.0,0.0,0.0,0.0,0.0,0.0,0.0
Graph context without failure_mode,12503,EV-136,0.0,0.0,0.0,0.0,0.0,0.0,0.0
Graph context without failure_mode,12519,P-351,0.0,0.0,0.0,0.0,0.0,0.0,0.0
Graph context without failure_mode,12533,GT-073,0.0,0.0,0.0,0.0,0.0,0.0,0.0
Graph context without failure_mode,12567,P-245,0.0,0.0,0.0,0.0,1.0,0.0,0.021739130434782608
Graph context without failure_mode,12738,M-074,0.0,0.0,0.0,0.0,0.0,0.0,0.0
Graph context without failure_mode,12757,VP-092,0.0,0.0,0.0,0.0,0.0,0.0,0.0
Graph context without failure_mode,12850,P-677,0.0,0.0,0.0,0.0,0.0,0.0,0.0
Graph context without failure_mode,12890,SC-019,0.0,0.0,0.0,0.0,0.0,0.0,0.0
Graph context without failure_mode,12907,P-309,0.0,0.0,0.0,0.0,0.0,0.0,0.0
Graph context without failure_mode,13027,BM-004,0.0,0.0,0.0,0.0,0.0,0.0,0.0
Graph context without failure_mode,13073,UF-093,0.0,0.0,0.0,0.0,0.0,0.0,0.0
Graph context without failure_mode,13091,TK-038,0.0,0.0,0.0,0.0,0.0,0.0,0.0
Graph context without failure_mode,13158,TK-225,0.0,0.0,0.0,0.0,0.0,0.0,0.0
Graph context without failure_mode,13168,TK-110,0.0,0.0,0.0,0.0,0.0,0.0,0.0
Graph context without failure_mode,13229,K-108,0.0,0.0,0.0,0.0,0.0,0.0,0.0
Graph context without failure_mode,13233,P-206,0.0,0.0,0.0,0.0,0.0,0.0,0.0
Graph context without failure_mode,13319,GT-023,0.0,0.0,0.0,0.0,0.0,0.0,0.0
Graph context without failure_mode,13337,CF-057,0.0,0.0,0.0,0.0,0.0,0.0,0.0
Graph context without failure_mode,13346,P-218,0.0,0.0,0.0,0.0,0.0,0.0,0.0
Graph context without failure_mode,13409,P-290,0.0,0.0,0.0,0.0,0.0,0.0,0.0
Graph context without failure_mode,13481,GT-064,0.0,0.0,0.0,0.0,0.0,0.0,0.0
Graph context without failure_mode,13541,K-031,0.0,0.0,0.0,0.0,0.0,0.0,0.0
Graph context without failure_mode,13562,K-096,0.0,0.0,0.0,0.0,0.0,0.0,0.0
Graph context without failure_mode,13581,VP-014,0.0,0.0,0.0,0.0,0.0,0.0,0.0
Graph context without failure_mode,13585,P-415,0.0,0.0,0.0,0.0,0.0,0.0,0.0
Graph context without failure_mode,13607,DC-022,0.0,0.0,0.0,0.0,0.0,0.0,0.0
Graph context without failure_mode,13643,P-397,0.0,0.0,0.0,0.0,0.0,0.0,0.0
Graph context without failure_mode,13651,P-719,0.0,0.0,0.0,0.0,0.0,0.0,0.0
Graph context without failure_mode,13657,CT-022,0.0,0.0,0.0,0.0,0.0,0.0,0.0
Graph context without failure_mode,13752,HX-059,0.0,0.0,0.0,0.0,1.0,0.0,0.02127659574468085
Graph context without failure_mode,13836,CF-145,0.0,0.0,0.0,0.0,1.0,0.0,0.03571428571428571
Graph context without failure_mode,13839,CV-230,0.0,0.0,0.0,0.0,0.0,0.0,0.0
Graph context without failure_mode,13880,HP-047,0.0,0.0,0.0,0.0,0.0,0.0,0.0
Graph context without failure_mode,13883,TK-144,0.0,0.0,0.0,0.0,0.0,0.0,0.0
Graph context without failure_mode,13906,GB-006,0.0,0.0,0.0,0.0,0.0,0.0,0.0
Graph context without failure_mode,13931,HX-061,0.0,0.0,0.0,0.0,0.0,0.0,0.0
Graph context without failure_mode,13941,P-223,0.0,0.0,0.0,0.0,0.0,0.0,0.0
Graph context without failure_mode,13956,F-243,0.0,0.0,0.0,0.0,0.0,0.0,0.0
Graph context without failure_mode,14052,FM-107,0.0,0.0,0.0,0.0,0.0,0.0,0.0
Graph context without failure_mode,14122,P-366,0.0,0.0,0.0,0.0,0.0,0.0,0.0
Graph context without failure_mode,14132,M-134,0.0,0.0,0.0,0.0,1.0,0.0,0.034482758620689655
Graph context without failure_mode,14140,DC-044,0.0,0.0,0.0,0.0,0.0,0.0,0.0
Graph context without failure_mode,14188,CT-103,0.0,0.0,0.0,0.0,0.0,0.0,0.0
Graph context without failure_mode,14229,R-138,0.0,0.0,0.0,0.0,0.0,0.0,0.0
Graph context without failure_mode,14243,P-219,0.0,0.0,0.0,0.0,0.0,0.0,0.0
Graph context without failure_mode,14298,P-313,0.0,0.0,0.0,0.0,0.0,0.0,0.0
Graph context without failure_mode,14339,M-062,0.0,0.0,0.0,0.0,0.0,0.0,0.0
Graph context without failure_mode,14428,VP-125,0.0,0.0,0.0,0.0,0.0,0.0,0.0
Graph context without failure_mode,14483,P-476,0.0,0.0,0.0,0.0,0.0,0.0,0.0
Graph context without failure_mode,14520,HX-050,0.0,0.0,0.0,0.0,0.0,0.0,0.0
Graph context without failure_mode,14639,TRB-097,0.0,0.0,0.0,0.0,0.0,0.0,0.0
Graph context without failure_mode,14660,SC-139,0.0,0.0,0.0,0.0,0.0,0.0,0.0
Graph context without failure_mode,14683,BM-115,0.0,0.0,0.0,0.0,0.0,0.0,0.0
Graph context without failure_mode,14784,M-106,0.0,0.0,0.0,0.0,1.0,0.0,0.020833333333333332
Graph context without failure_mode,14788,P-308,0.0,0.0,0.0,0.0,0.0,0.0,0.0
Graph context without failure_mode,14805,F-087,0.0,0.0,0.0,0.0,0.0,0.0,0.0
Graph context without failure_mode,14820,TRB-133,0.0,0.0,0.0,0.0,0.0,0.0,0.0
Graph context without failure_mode,14870,CT-058,0.0,0.0,0.0,0.0,0.0,0.0,0.0
Graph context without failure_mode,14892,P-438,0.0,0.0,0.0,0.0,0.0,0.0,0.0
Graph context without failure_mode,14904,CV-056,0.0,0.0,0.0,0.0,0.0,0.0,0.0
Graph context without failure_mode,14930,P-244,0.0,0.0,0.0,0.0,0.0,0.0,0.0
Graph context without failure_mode,15041,GB-087,0.0,0.0,0.0,0.0,0.0,0.0,0.0
Graph context without failure_mode,15044,TRB-136,0.0,0.0,0.0,0.0,0.0,0.0,0.0
Graph context without failure_mode,15050,TRB-131,0.0,0.0,0.0,0.0,0.0,0.0,0.0
Graph context without failure_mode,15084,F-176,0.0,0.0,0.0,0.0,0.0,0.0,0.0
Graph context without failure_mode,15103,HP-133,0.0,0.0,0.0,0.0,0.0,0.0,0.0
Graph context without failure_mode,15169,P-219,0.0,0.0,0.0,0.0,0.0,0.0,0.0
Graph context without failure_mode,15181,GS-124,0.0,0.0,0.0,0.0,0.0,0.0,0.0
Graph context without failure_mode,15232,TK-315,0.0,0.0,0.0,0.0,0.0,0.0,0.0
Graph context without failure_mode,15318,R-082,0.0,0.0,0.0,0.0,0.0,0.0,0.0
Graph context without failure_mode,15368,R-070,0.0,0.0,0.0,0.0,0.0,0.0,0.0
Graph context without failure_mode,15413,VP-064,0.0,0.0,0.0,0.0,0.0,0.0,0.0
Graph context without failure_mode,15416,HV-213,0.0,0.0,0.0,0.0,0.0,0.0,0.0
Graph context without failure_mode,15453,DP-123,0.0,0.0,0.0,0.0,0.0,0.0,0.0
Graph context without failure_mode,15472,TK-243,0.0,0.0,0.0,0.0,0.0,0.0,0.0
Graph context without failure_mode,15481,P-159,0.0,0.0,0.0,0.0,0.0,0.0,0.0
Graph context without failure_mode,15524,HX-125,0.0,0.0,0.0,0.0,0.0,0.0,0.0
Graph context without failure_mode,15539,P-419,0.0,0.0,0.0,1.0,1.0,0.0,0.058823529411764705
Graph context without failure_mode,15619,CT-107,0.0,0.0,0.0,0.0,0.0,0.0,0.0
Graph context without failure_mode,15677,TK-194,0.0,0.0,0.0,0.0,0.0,0.0,0.0
Graph context without failure_mode,15721,CR-047,0.0,0.0,0.0,0.0,0.0,0.0,0.0
Graph context without failure_mode,15723,P-592,0.0,0.0,0.0,0.0,0.0,0.0,0.0
Graph context without failure_mode,15728,SD-121,0.0,0.0,0.0,0.0,0.0,0.0,0.0
Graph context without failure_mode,15775,M-036,0.0,0.0,0.0,0.0,0.0,0.0,0.0
Graph context without failure_mode,15786,CT-091,0.0,0.0,0.0,0.0,0.0,0.0,0.0
Graph context without failure_mode,15844,GT-142,0.0,0.0,0.0,0.0,0.0,0.0,0.0
Graph context without failure_mode,15915,F-122,0.0,0.0,0.0,0.0,1.0,0.0,0.037037037037037035
Graph context without failure_mode,15938,TK-334,0.0,0.0,0.0,0.0,0.0,0.0,0.0
Graph context without failure_mode,16020,M-025,0.0,0.0,0.0,0.0,0.0,0.0,0.0
Graph context without failure_mode,16042,DOS-083,0.0,0.0,0.0,0.0,0.0,0.0,0.0
Graph context without failure_mode,16055,K-214,0.0,0.0,0.0,0.0,0.0,0.0,0.0
Graph context without failure_mode,16059,HX-145,0.0,0.0,0.0,0.0,0.0,0.0,0.0
Graph context without failure_mode,16087,P-743,0.0,0.0,0.0,0.0,0.0,0.0,0.0
Graph context without failure_mode,16118,F-053,0.0,0.0,0.0,0.0,0.0,0.0,0.0
Graph context without failure_mode,16133,HX-044,0.0,0.0,0.0,0.0,0.0,0.0,0.0
Graph context without failure_mode,16181,K-015,0.0,0.0,0.0,0.0,0.0,0.0,0.0
Graph context without failure_mode,16182,CV-079,0.0,0.0,0.0,0.0,0.0,0.0,0.0
Graph context without failure_mode,16188,DRY-128,0.0,0.0,0.0,0.0,0.0,0.0,0.0
Graph context without failure_mode,16193,HP-047,0.0,0.0,0.0,0.0,0.0,0.0,0.0
Graph context without failure_mode,16199,HX-068,0.0,0.0,0.0,0.0,0.0,0.0,0.0
Graph context without failure_mode,16257,DC-065,0.0,0.0,0.0,0.0,0.0,0.0,0.0
Graph context without failure_mode,16258,AG-049,0.0,0.0,0.0,1.0,1.0,0.0,0.07692307692307693
Graph context without failure_mode,16296,BM-108,0.0,0.0,0.0,0.0,0.0,0.0,0.0
Graph context without failure_mode,16316,SD-033,0.0,0.0,0.0,0.0,0.0,0.0,0.0
Graph context without failure_mode,16375,BLR-111,0.0,0.0,0.0,0.0,0.0,0.0,0.0
Graph context without failure_mode,16402,P-534,0.0,0.0,0.0,0.0,0.0,0.0,0.0
Graph context without failure_mode,16416,HV-116,0.0,0.0,0.0,0.0,0.0,0.0,0.0
Graph context without failure_mode,16474,TK-046,0.0,0.0,0.0,0.0,0.0,0.0,0.0
Graph context without failure_mode,16476,DC-137,0.0,0.0,0.0,0.0,0.0,0.0,0.0
Graph context without failure_mode,16485,CT-106,0.0,0.0,0.0,0.0,0.0,0.0,0.0
Graph context without failure_mode,16515,K-100,0.0,0.0,0.0,0.0,0.0,0.0,0.0
Graph context without failure_mode,16519,TK-068,0.0,0.0,0.0,0.0,0.0,0.0,0.0
Graph context without failure_mode,16601,P-546,0.0,0.0,0.0,0.0,0.0,0.0,0.0
Graph context without failure_mode,16726,HV-032,0.0,0.0,0.0,0.0,0.0,0.0,0.0
Graph context without failure_mode,16768,P-142,0.0,0.0,0.0,0.0,0.0,0.0,0.0
Graph context without failure_mode,16778,DOS-078,0.0,0.0,0.0,0.0,0.0,0.0,0.0
Graph context without failure_mode,16793,DP-108,0.0,0.0,0.0,0.0,0.0,0.0,0.0
Graph context without failure_mode,16825,SD-105,0.0,0.0,0.0,0.0,0.0,0.0,0.0
Graph context without failure_mode,16858,HV-105,0.0,1.0,1.0,1.0,1.0,0.5,0.5
Graph context without failure_mode,16901,P-402,0.0,0.0,0.0,0.0,0.0,0.0,0.0
Graph context without failure_mode,16961,CV-058,0.0,0.0,0.0,0.0,1.0,0.0,0.041666666666666664
Graph context without failure_mode,16982,CV-046,0.0,0.0,0.0,0.0,0.0,0.0,0.0
Graph context without failure_mode,16990,TK-229,0.0,0.0,0.0,0.0,0.0,0.0,0.0
Graph context without failure_mode,17021,UF-110,0.0,0.0,0.0,0.0,0.0,0.0,0.0
Graph context without failure_mode,17112,P-501,0.0,0.0,0.0,0.0,0.0,0.0,0.0
Graph context without failure_mode,17123,P-341,0.0,0.0,0.0,0.0,0.0,0.0,0.0
Graph context without failure_mode,17154,TK-049,0.0,0.0,0.0,1.0,1.0,0.0,0.05
Graph context without failure_mode,17173,HX-206,0.0,0.0,0.0,0.0,0.0,0.0,0.0
Graph context without failure_mode,17180,CV-071,0.0,0.0,0.0,0.0,0.0,0.0,0.0
Graph context without failure_mode,17184,HV-127,0.0,0.0,0.0,0.0,0.0,0.0,0.0
Graph context without failure_mode,17203,M-089,0.0,0.0,0.0,0.0,0.0,0.0,0.0
Graph context without failure_mode,17283,P-479,0.0,0.0,0.0,0.0,0.0,0.0,0.0
Graph context without failure_mode,17299,M-078,0.0,0.0,0.0,0.0,0.0,0.0,0.0
Graph context without failure_mode,17308,BLR-075,0.0,0.0,0.0,0.0,0.0,0.0,0.0
Graph context without failure_mode,17318,GB-102,0.0,0.0,0.0,0.0,0.0,0.0,0.0
Graph context without failure_mode,17326,P-209,0.0,0.0,0.0,0.0,0.0,0.0,0.0
Graph context without failure_mode,17332,GB-079,0.0,0.0,0.0,0.0,0.0,0.0,0.0
Graph context without failure_mode,17347,SC-052,0.0,0.0,0.0,0.0,0.0,0.0,0.0
Graph context without failure_mode,17349,R-073,0.0,0.0,0.0,0.0,0.0,0.0,0.0
Graph context without failure_mode,17369,M-133,0.0,0.0,0.0,0.0,0.0,0.0,0.0
Graph context without failure_mode,17380,BLR-101,0.0,0.0,0.0,0.0,0.0,0.0,0.0
Graph context without failure_mode,17385,CV-128,0.0,0.0,0.0,0.0,0.0,0.0,0.0
Graph context without failure_mode,17394,HV-052,0.0,0.0,0.0,0.0,0.0,0.0,0.0
Graph context without failure_mode,17467,P-332,0.0,0.0,0.0,0.0,0.0,0.0,0.0
Graph context without failure_mode,17592,TK-290,0.0,0.0,0.0,0.0,0.0,0.0,0.0
Graph context without failure_mode,17597,P-582,0.0,0.0,0.0,0.0,0.0,0.0,0.0
Graph context without failure_mode,17620,HV-031,0.0,0.0,0.0,0.0,0.0,0.0,0.0
Graph context without failure_mode,17653,F-233,0.0,0.0,0.0,0.0,0.0,0.0,0.0
Graph context without failure_mode,17664,P-215,0.0,0.0,0.0,0.0,0.0,0.0,0.0
Graph context without failure_mode,17690,P-210,0.0,0.0,0.0,0.0,0.0,0.0,0.0
Graph context without failure_mode,17749,P-338,0.0,0.0,0.0,0.0,0.0,0.0,0.0
Graph context without failure_mode,17843,P-144,0.0,0.0,0.0,0.0,0.0,0.0,0.0
Graph context without failure_mode,17864,F-054,0.0,0.0,0.0,0.0,1.0,0.0,0.03225806451612903
Graph context without failure_mode,17884,GB-069,0.0,0.0,0.0,0.0,0.0,0.0,0.0
Graph context without failure_mode,17924,F-070,0.0,0.0,0.0,0.0,0.0,0.0,0.0
Graph context without failure_mode,17985,GS-004,0.0,0.0,0.0,0.0,0.0,0.0,0.0
Graph context without failure_mode,18060,CT-108,0.0,0.0,0.0,0.0,0.0,0.0,0.0
Graph context without failure_mode,18071,P-303,0.0,0.0,0.0,0.0,0.0,0.0,0.0
Graph context without failure_mode,18093,TK-059,0.0,0.0,0.0,0.0,0.0,0.0,0.0
Graph context without failure_mode,18101,BLR-143,0.0,0.0,0.0,0.0,0.0,0.0,0.0
Graph context without failure_mode,18176,DRY-112,0.0,0.0,0.0,0.0,0.0,0.0,0.0
Graph context without failure_mode,18184,FM-121,0.0,0.0,0.0,0.0,0.0,0.0,0.0
Graph context without failure_mode,18230,CF-111,0.0,0.0,0.0,0.0,0.0,0.0,0.0
Graph context without failure_mode,18250,SC-008,0.0,0.0,0.0,0.0,0.0,0.0,0.0
Graph context without failure_mode,18256,F-013,0.0,0.0,0.0,0.0,0.0,0.0,0.0
Graph context without failure_mode,18291,CF-140,0.0,0.0,0.0,0.0,0.0,0.0,0.0
Graph context without failure_mode,18354,GS-128,0.0,0.0,0.0,0.0,0.0,0.0,0.0
Graph context without failure_mode,18355,SC-101,0.0,0.0,0.0,0.0,0.0,0.0,0.0
Graph context without failure_mode,18369,P-356,0.0,0.0,0.0,0.0,0.0,0.0,0.0
Graph context without failure_mode,18394,DOS-067,0.0,0.0,0.0,0.0,0.0,0.0,0.0
Graph context without failure_mode,18437,CV-049,0.0,0.0,0.0,0.0,0.0,0.0,0.0
Graph context without failure_mode,18441,M-120,0.0,0.0,0.0,0.0,0.0,0.0,0.0
Graph context without failure_mode,18451,AG-126,0.0,0.0,0.0,0.0,0.0,0.0,0.0
Graph context without failure_mode,18477,P-264,0.0,0.0,1.0,1.0,1.0,0.1111111111111111,0.1111111111111111
Graph context without failure_mode,18535,M-080,0.0,0.0,0.0,0.0,0.0,0.0,0.0
Graph context without failure_mode,18548,M-077,0.0,0.0,0.0,0.0,0.0,0.0,0.0
Graph context without failure_mode,18598,K-104,0.0,0.0,0.0,0.0,0.0,0.0,0.0
Graph context without failure_mode,18648,CR-143,0.0,0.0,0.0,0.0,0.0,0.0,0.0
Graph context without failure_mode,18671,UF-070,0.0,0.0,0.0,0.0,0.0,0.0,0.0
Graph context without failure_mode,18730,P-508,0.0,0.0,0.0,0.0,0.0,0.0,0.0
Graph context without failure_mode,18741,TRB-104,0.0,0.0,0.0,0.0,0.0,0.0,0.0
Graph context without failure_mode,18751,GS-104,0.0,0.0,0.0,0.0,0.0,0.0,0.0
Graph context without failure_mode,18790,M-104,0.0,0.0,0.0,0.0,0.0,0.0,0.0
Graph context without failure_mode,18799,K-144,0.0,0.0,0.0,1.0,1.0,0.0,0.08333333333333333
Graph context without failure_mode,18815,R-294,0.0,0.0,0.0,0.0,0.0,0.0,0.0
Graph context without failure_mode,18818,P-665,0.0,0.0,0.0,0.0,0.0,0.0,0.0
Graph context without failure_mode,18848,HX-075,0.0,0.0,0.0,0.0,0.0,0.0,0.0
Graph context without failure_mode,18890,P-459,0.0,0.0,0.0,0.0,0.0,0.0,0.0
Graph context without failure_mode,18951,F-212,0.0,0.0,0.0,0.0,0.0,0.0,0.0
Graph context without failure_mode,19249,RLP-069,0.0,0.0,0.0,0.0,0.0,0.0,0.0
Graph context without failure_mode,19272,CV-305,0.0,0.0,0.0,0.0,0.0,0.0,0.0
Graph context without failure_mode,19351,HX-047,0.0,0.0,0.0,0.0,0.0,0.0,0.0
Graph context without failure_mode,19463,BM-080,0.0,0.0,0.0,0.0,0.0,0.0,0.0
Graph context without failure_mode,19467,K-039,0.0,0.0,0.0,0.0,1.0,0.0,0.02127659574468085
Graph context without failure_mode,19469,HX-136,0.0,0.0,0.0,0.0,0.0,0.0,0.0
Graph context without failure_mode,19494,GB-125,0.0,0.0,0.0,0.0,0.0,0.0,0.0
Graph context without failure_mode,19546,BLR-079,0.0,0.0,0.0,0.0,0.0,0.0,0.0
Graph context without failure_mode,19676,P-667,0.0,0.0,0.0,0.0,0.0,0.0,0.0
Graph context without failure_mode,19693,F-133,0.0,0.0,0.0,0.0,0.0,0.0,0.0
Graph context without failure_mode,19704,HX-226,0.0,0.0,0.0,0.0,0.0,0.0,0.0
Graph context without failure_mode,19732,EX-057,0.0,0.0,0.0,0.0,0.0,0.0,0.0
Graph context without failure_mode,19754,P-692,0.0,0.0,0.0,0.0,0.0,0.0,0.0
Graph context without failure_mode,19881,TK-199,0.0,0.0,0.0,0.0,0.0,0.0,0.0
Graph context without failure_mode,19968,P-121,0.0,0.0,0.0,0.0,0.0,0.0,0.0
Graph context without failure_mode,20016,GB-029,0.0,0.0,0.0,0.0,0.0,0.0,0.0
Graph context without failure_mode,20085,P-125,0.0,0.0,0.0,0.0,0.0,0.0,0.0
Graph context without failure_mode,20097,P-222,0.0,0.0,0.0,0.0,0.0,0.0,0.0
Graph context without failure_mode,20102,P-134,0.0,0.0,0.0,0.0,0.0,0.0,0.0
Graph context without failure_mode,20114,P-429,0.0,0.0,0.0,0.0,0.0,0.0,0.0
Graph context without failure_mode,20158,HP-105,0.0,0.0,0.0,0.0,0.0,0.0,0.0
Graph context without failure_mode,20168,HX-032,0.0,0.0,0.0,0.0,0.0,0.0,0.0
Graph context without failure_mode,20316,DRY-01,0.0,0.0,0.0,0.0,0.0,0.0,0.0
Graph context without failure_mode,20360,TK-140,0.0,0.0,0.0,0.0,0.0,0.0,0.0
Graph context without failure_mode,20385,P-182,0.0,0.0,0.0,0.0,0.0,0.0,0.0
Graph context without failure_mode,20390,P-319,0.0,0.0,0.0,0.0,1.0,0.0,0.02631578947368421
Graph context without failure_mode,20406,F-015,0.0,0.0,0.0,0.0,0.0,0.0,0.0
Graph context without failure_mode,20472,TK-254,0.0,0.0,0.0,0.0,0.0,0.0,0.0
Graph context without failure_mode,20473,BM-080,0.0,0.0,0.0,0.0,0.0,0.0,0.0
Graph context without failure_mode,20500,TRB-050,0.0,0.0,0.0,0.0,0.0,0.0,0.0
Graph context without failure_mode,20539,F-216,0.0,0.0,0.0,0.0,0.0,0.0,0.0
Graph context without failure_mode,20559,EV-076,0.0,0.0,0.0,0.0,0.0,0.0,0.0
Graph context without failure_mode,20563,GT-104,0.0,0.0,0.0,0.0,0.0,0.0,0.0
Graph context without failure_mode,20587,SD-062,0.0,0.0,0.0,0.0,0.0,0.0,0.0
Graph context without failure_mode,20614,F-010,0.0,0.0,0.0,0.0,0.0,0.0,0.0
Graph context without failure_mode,20622,M-133,0.0,0.0,0.0,0.0,0.0,0.0,0.0
Graph context without failure_mode,20717,P-354,0.0,0.0,0.0,0.0,0.0,0.0,0.0
Graph context without failure_mode,20723,HP-128,0.0,0.0,0.0,0.0,0.0,0.0,0.0
Graph context without failure_mode,20725,DOS-091,0.0,0.0,1.0,1.0,1.0,0.1111111111111111,0.1111111111111111
Graph context without failure_mode,20730,K-149,0.0,0.0,0.0,0.0,0.0,0.0,0.0
Graph context without failure_mode,20873,P-261,0.0,0.0,0.0,0.0,0.0,0.0,0.0
Graph context without failure_mode,20887,TK-004,0.0,0.0,0.0,0.0,0.0,0.0,0.0
Graph context without failure_mode,20920,EV-133,0.0,0.0,0.0,0.0,0.0,0.0,0.0
Graph context without failure_mode,20921,P-517,0.0,0.0,0.0,0.0,0.0,0.0,0.0
Graph context without failure_mode,20998,TK-103,0.0,0.0,0.0,0.0,0.0,0.0,0.0
Graph context without failure_mode,21018,TK-118,0.0,0.0,0.0,0.0,0.0,0.0,0.0
Graph context without failure_mode,21042,FM-023,0.0,0.0,0.0,0.0,0.0,0.0,0.0
Graph context without failure_mode,21045,HX-341,0.0,0.0,0.0,0.0,0.0,0.0,0.0
Graph context without failure_mode,21054,M-117,0.0,0.0,0.0,0.0,0.0,0.0,0.0
Graph context without failure_mode,21055,AG-031,0.0,0.0,0.0,0.0,0.0,0.0,0.0
Graph context without failure_mode,21148,R-126,0.0,0.0,0.0,0.0,0.0,0.0,0.0
Graph context without failure_mode,21159,P-339,0.0,0.0,0.0,0.0,0.0,0.0,0.0
Graph context without failure_mode,21194,K-102,0.0,0.0,0.0,0.0,1.0,0.0,0.027777777777777776
Graph context without failure_mode,21259,HX-090,0.0,0.0,0.0,0.0,0.0,0.0,0.0
Graph context without failure_mode,21271,SEP-111,0.0,0.0,0.0,0.0,0.0,0.0,0.0
Graph context without failure_mode,21306,P-262,0.0,0.0,0.0,0.0,0.0,0.0,0.0
Graph context without failure_mode,21364,P-196,0.0,0.0,0.0,0.0,0.0,0.0,0.0
Graph context without failure_mode,21389,P-114,0.0,0.0,0.0,0.0,0.0,0.0,0.0
Graph context without failure_mode,21505,M-066,0.0,0.0,0.0,0.0,0.0,0.0,0.0
Graph context without failure_mode,21519,CF-140,0.0,0.0,0.0,0.0,0.0,0.0,0.0
Graph context without failure_mode,21532,TK-209,0.0,0.0,0.0,0.0,0.0,0.0,0.0
Graph context without failure_mode,21539,P-133,0.0,0.0,0.0,0.0,0.0,0.0,0.0
Graph context without failure_mode,21598,HV-061,0.0,0.0,0.0,0.0,0.0,0.0,0.0
Graph context without failure_mode,21605,BM-107,0.0,0.0,0.0,0.0,0.0,0.0,0.0
Graph context without failure_mode,21661,M-146,0.0,0.0,0.0,0.0,1.0,0.0,0.03571428571428571
Graph context without failure_mode,21662,FM-106,0.0,0.0,0.0,0.0,0.0,0.0,0.0
Graph context without failure_mode,21689,VP-122,0.0,0.0,0.0,0.0,0.0,0.0,0.0
Graph context without failure_mode,21698,M-081,0.0,0.0,0.0,0.0,0.0,0.0,0.0
Graph context without failure_mode,21815,TK-120,0.0,0.0,0.0,0.0,0.0,0.0,0.0
Graph context without failure_mode,21828,EX-132,0.0,0.0,0.0,0.0,0.0,0.0,0.0
Graph context without failure_mode,21914,P-439,0.0,0.0,0.0,0.0,0.0,0.0,0.0
Graph context without failure_mode,21945,P-472,0.0,0.0,0.0,0.0,0.0,0.0,0.0
Graph context without failure_mode,22050,R-104,0.0,0.0,0.0,0.0,0.0,0.0,0.0
Graph context without failure_mode,22106,K-236,0.0,0.0,0.0,0.0,0.0,0.0,0.0
Graph context without failure_mode,22113,F-048,0.0,0.0,0.0,0.0,0.0,0.0,0.0
Graph context without failure_mode,22164,DP-029,0.0,0.0,0.0,0.0,0.0,0.0,0.0
Graph context without failure_mode,22171,BLR-100,0.0,0.0,0.0,0.0,0.0,0.0,0.0
Graph context without failure_mode,22253,SEP-119,0.0,0.0,0.0,0.0,0.0,0.0,0.0
Graph context without failure_mode,22283,FM-049,0.0,0.0,0.0,0.0,0.0,0.0,0.0
Graph context without failure_mode,22289,M-114,0.0,0.0,0.0,0.0,0.0,0.0,0.0
Graph context without failure_mode,22294,RLP-075,0.0,0.0,0.0,0.0,0.0,0.0,0.0
Graph context without failure_mode,22331,SEP-101,0.0,0.0,0.0,0.0,0.0,0.0,0.0
Graph context without failure_mode,22360,GB-199,0.0,0.0,0.0,0.0,0.0,0.0,0.0
Graph context without failure_mode,22391,HX-433,0.0,0.0,0.0,0.0,0.0,0.0,0.0
Graph context without failure_mode,22407,BLR-007,0.0,0.0,0.0,0.0,0.0,0.0,0.0
Graph context without failure_mode,22433,CV-108,0.0,0.0,0.0,1.0,1.0,0.0,0.05555555555555555
Graph context without failure_mode,22461,F-107,0.0,0.0,0.0,0.0,0.0,0.0,0.0
Graph context without failure_mode,22570,BLR-015,0.0,0.0,0.0,0.0,0.0,0.0,0.0
Graph context without failure_mode,22599,SEP-030,0.0,0.0,0.0,0.0,0.0,0.0,0.0
Graph context without failure_mode,22657,EV-101,0.0,0.0,0.0,0.0,0.0,0.0,0.0
Graph context without failure_mode,22658,P-137,0.0,0.0,0.0,0.0,0.0,0.0,0.0
Graph context without failure_mode,22714,DC-031,0.0,0.0,0.0,0.0,0.0,0.0,0.0
Graph context without failure_mode,22716,TK-109,0.0,0.0,0.0,0.0,0.0,0.0,0.0
Graph context without failure_mode,22844,CV-100,0.0,0.0,0.0,0.0,0.0,0.0,0.0
Graph context without failure_mode,22859,P-164,0.0,0.0,0.0,0.0,0.0,0.0,0.0
Graph context without failure_mode,22864,AG-125,0.0,0.0,0.0,0.0,0.0,0.0,0.0
Graph context without failure_mode,22875,K-229,0.0,0.0,0.0,0.0,0.0,0.0,0.0
Graph context without failure_mode,22900,SC-074,0.0,0.0,0.0,0.0,0.0,0.0,0.0
Graph context without failure_mode,22904,DRY-068,0.0,0.0,0.0,0.0,0.0,0.0,0.0
Graph context without failure_mode,22959,FM-009,0.0,0.0,0.0,1.0,1.0,0.0,0.05263157894736842
Graph context without failure_mode,22984,P-156,0.0,0.0,0.0,0.0,0.0,0.0,0.0
Graph context without failure_mode,22992,P-528,0.0,0.0,0.0,0.0,0.0,0.0,0.0
Graph context without failure_mode,23008,K-064,0.0,0.0,0.0,0.0,0.0,0.0,0.0
Graph context without failure_mode,23048,GB-085,0.0,0.0,0.0,0.0,0.0,0.0,0.0
Graph context without failure_mode,23058,CV-007,0.0,0.0,0.0,0.0,1.0,0.0,0.043478260869565216
Graph context without failure_mode,23074,EV-006,0.0,0.0,0.0,0.0,0.0,0.0,0.0
Graph context without failure_mode,23105,P-166,0.0,0.0,0.0,0.0,0.0,0.0,0.0
Graph context without failure_mode,23173,EV-125,0.0,0.0,0.0,0.0,0.0,0.0,0.0
Graph context without failure_mode,23184,CV-057,0.0,0.0,0.0,0.0,0.0,0.0,0.0
Graph context without failure_mode,23309,HX-239,0.0,0.0,0.0,0.0,0.0,0.0,0.0
Graph context without failure_mode,23327,SC-141,0.0,0.0,0.0,0.0,0.0,0.0,0.0
Graph context without failure_mode,23370,P-228,1.0,1.0,1.0,1.0,1.0,1.0,1.0
Graph context without failure_mode,23377,VP-133,0.0,0.0,0.0,0.0,0.0,0.0,0.0
Graph context without failure_mode,23403,P-155,0.0,0.0,0.0,0.0,0.0,0.0,0.0
Graph context without failure_mode,23462,P-104,0.0,0.0,0.0,0.0,0.0,0.0,0.0
Graph context without failure_mode,23502,K-207,0.0,0.0,0.0,0.0,0.0,0.0,0.0
Graph context without failure_mode,23512,HX-017,0.0,0.0,0.0,0.0,0.0,0.0,0.0
Graph context without failure_mode,23519,M-041,0.0,0.0,0.0,0.0,0.0,0.0,0.0
Graph context without failure_mode,23526,P-674,0.0,0.0,0.0,0.0,0.0,0.0,0.0
Graph context without failure_mode,23528,UF-126,0.0,0.0,0.0,0.0,0.0,0.0,0.0
Graph context without failure_mode,23535,UF-043,0.0,0.0,1.0,1.0,1.0,0.1,0.1
Graph context without failure_mode,23547,CF-120,0.0,0.0,0.0,0.0,0.0,0.0,0.0
Graph context without failure_mode,23554,CV-026,0.0,0.0,0.0,0.0,0.0,0.0,0.0
Graph context without failure_mode,23585,TK-060,0.0,0.0,0.0,0.0,0.0,0.0,0.0
Graph context without failure_mode,23605,P-153,0.0,0.0,0.0,0.0,0.0,0.0,0.0
Graph context without failure_mode,23688,HV-093,0.0,0.0,0.0,0.0,0.0,0.0,0.0
Graph context without failure_mode,23709,P-430,0.0,0.0,0.0,0.0,0.0,0.0,0.0
Graph context without failure_mode,23736,SD-144,0.0,0.0,0.0,0.0,0.0,0.0,0.0
Graph context without failure_mode,23785,P-362,0.0,0.0,0.0,0.0,0.0,0.0,0.0
Graph context without failure_mode,23800,EV-015,0.0,0.0,0.0,0.0,0.0,0.0,0.0
Graph context without failure_mode,23819,GB-116,0.0,0.0,0.0,0.0,0.0,0.0,0.0
Graph context without failure_mode,23839,R-094,0.0,0.0,0.0,0.0,0.0,0.0,0.0
Graph context without failure_mode,23847,M-053,0.0,0.0,0.0,0.0,0.0,0.0,0.0
Graph context without failure_mode,23849,GB-142,0.0,0.0,0.0,0.0,0.0,0.0,0.0
Graph context without failure_mode,23858,P-236,0.0,0.0,0.0,0.0,0.0,0.0,0.0
Graph context without failure_mode,23862,DP-104,0.0,0.0,0.0,0.0,0.0,0.0,0.0
Graph context without failure_mode,23863,BLR-125,0.0,0.0,0.0,0.0,0.0,0.0,0.0
Graph context without failure_mode,23869,SD-035,0.0,0.0,0.0,0.0,0.0,0.0,0.0
Graph context without failure_mode,23974,P-352,0.0,0.0,0.0,0.0,0.0,0.0,0.0
Graph context without failure_mode,24037,M-062,0.0,0.0,0.0,0.0,0.0,0.0,0.0
Graph context without failure_mode,24091,P-442,0.0,0.0,0.0,0.0,0.0,0.0,0.0
Graph context without failure_mode,24095,K-093,0.0,0.0,0.0,0.0,0.0,0.0,0.0
Graph context without failure_mode,24165,TK-029,0.0,0.0,0.0,0.0,0.0,0.0,0.0
Graph context without failure_mode,24183,TK-222,0.0,0.0,0.0,0.0,0.0,0.0,0.0
Graph context without failure_mode,24203,TK-032,0.0,0.0,0.0,0.0,0.0,0.0,0.0
Graph context without failure_mode,24274,TK-118,0.0,0.0,0.0,0.0,0.0,0.0,0.0
Graph context without failure_mode,24288,AG-008,0.0,0.0,0.0,0.0,0.0,0.0,0.0
Graph context without failure_mode,24306,SC-119,0.0,0.0,0.0,0.0,0.0,0.0,0.0
Graph context without failure_mode,24308,VP-108,0.0,0.0,0.0,0.0,0.0,0.0,0.0
Graph context without failure_mode,24340,DRY-035,0.0,0.0,0.0,0.0,0.0,0.0,0.0
Graph context without failure_mode,24346,K-036,0.0,0.0,0.0,0.0,0.0,0.0,0.0
Graph context without failure_mode,24381,GB-018,0.0,0.0,0.0,0.0,0.0,0.0,0.0
Graph context without failure_mode,24396,R-007,0.0,0.0,0.0,0.0,0.0,0.0,0.0
Graph context without failure_mode,24461,CV-013,0.0,0.0,0.0,0.0,0.0,0.0,0.0
Graph context without failure_mode,24486,HX-050,0.0,0.0,0.0,0.0,0.0,0.0,0.0
Graph context without failure_mode,24542,BLR-110,0.0,0.0,0.0,0.0,0.0,0.0,0.0
Graph context without failure_mode,24545,P-210,0.0,0.0,0.0,0.0,0.0,0.0,0.0
Graph context without failure_mode,24551,P-158,0.0,0.0,0.0,0.0,0.0,0.0,0.0
Graph context without failure_mode,24623,BM-118,0.0,0.0,0.0,0.0,0.0,0.0,0.0
Graph context without failure_mode,24649,TK-037,0.0,0.0,0.0,0.0,0.0,0.0,0.0
Graph context without failure_mode,24715,P-674,0.0,0.0,0.0,0.0,0.0,0.0,0.0
Graph context without failure_mode,24743,AG-106,0.0,0.0,0.0,0.0,0.0,0.0,0.0
Graph context without failure_mode,24765,BLR-217,0.0,0.0,0.0,0.0,0.0,0.0,0.0
Graph context without failure_mode,24775,BLR-110,0.0,0.0,0.0,0.0,0.0,0.0,0.0
Graph context without failure_mode,24829,P-296,0.0,0.0,0.0,0.0,0.0,0.0,0.0
Graph context without failure_mode,24914,TK-242,0.0,0.0,0.0,0.0,0.0,0.0,0.0
Graph context without failure_mode,24916,DRY-009,0.0,0.0,0.0,0.0,0.0,0.0,0.0
Graph context without failure_mode,24919,DP-025,0.0,0.0,0.0,0.0,0.0,0.0,0.0
Graph context without failure_mode,24926,CR-031,0.0,0.0,0.0,0.0,0.0,0.0,0.0
Graph context without failure_mode,24934,K-052,0.0,0.0,0.0,0.0,0.0,0.0,0.0
Graph context without failure_mode,24994,GT-141,0.0,0.0,0.0,0.0,0.0,0.0,0.0
Graph context without failure_mode,25020,BLR-086,0.0,0.0,0.0,0.0,0.0,0.0,0.0
Graph context without failure_mode,25102,UF-092,0.0,0.0,0.0,0.0,0.0,0.0,0.0
Graph context without failure_mode,25114,P-387,0.0,0.0,0.0,0.0,0.0,0.0,0.0
Graph context without failure_mode,25136,P-521,0.0,0.0,0.0,0.0,0.0,0.0,0.0
Graph context without failure_mode,25211,P-315,0.0,0.0,0.0,0.0,0.0,0.0,0.0
Graph context without failure_mode,25253,HX-335,0.0,0.0,0.0,0.0,0.0,0.0,0.0
Graph context without failure_mode,25259,VP-059,0.0,0.0,0.0,0.0,0.0,0.0,0.0
Graph context without failure_mode,25282,GT-103,0.0,0.0,0.0,0.0,0.0,0.0,0.0
Graph context without failure_mode,25297,P-490,0.0,0.0,0.0,0.0,0.0,0.0,0.0
Graph context without failure_mode,25323,HX-230,0.0,0.0,0.0,0.0,0.0,0.0,0.0
Graph context without failure_mode,25361,TK-112,0.0,0.0,1.0,1.0,1.0,0.14285714285714285,0.14285714285714285
Graph context without failure_mode,25392,P-186,0.0,0.0,0.0,0.0,0.0,0.0,0.0
Graph context without failure_mode,25428,SD-102,0.0,0.0,0.0,0.0,0.0,0.0,0.0
Graph context without failure_mode,25452,EX-136,0.0,0.0,0.0,0.0,0.0,0.0,0.0
Graph context without failure_mode,25505,TK-243,0.0,0.0,0.0,0.0,0.0,0.0,0.0
Graph context without failure_mode,25524,M-119,0.0,0.0,0.0,0.0,1.0,0.0,0.023809523809523808
Graph context without failure_mode,25573,RLP-104,0.0,0.0,0.0,0.0,0.0,0.0,0.0
Graph context without failure_mode,25585,GB-066,0.0,0.0,0.0,0.0,0.0,0.0,0.0
Graph context without failure_mode,25596,HV-107,0.0,0.0,0.0,0.0,0.0,0.0,0.0
Graph context without failure_mode,25607,M-045,0.0,0.0,0.0,0.0,0.0,0.0,0.0
Graph context without failure_mode,25614,HP-084,0.0,0.0,0.0,0.0,0.0,0.0,0.0
Graph context without failure_mode,25648,DRY-033,0.0,0.0,0.0,0.0,0.0,0.0,0.0
Graph context without failure_mode,25658,DOS-112,0.0,0.0,0.0,0.0,0.0,0.0,0.0
Graph context without failure_mode,25699,P-353,0.0,0.0,0.0,0.0,0.0,0.0,0.0
Graph context without failure_mode,25777,HV-228,0.0,0.0,0.0,0.0,0.0,0.0,0.0
Graph context without failure_mode,25806,CV-044,0.0,0.0,0.0,0.0,0.0,0.0,0.0
Graph context without failure_mode,25813,CR-083,0.0,0.0,0.0,0.0,0.0,0.0,0.0
Graph context without failure_mode,25885,AG-062,0.0,0.0,0.0,0.0,0.0,0.0,0.0
Graph context without failure_mode,25934,P-610,0.0,0.0,0.0,0.0,0.0,0.0,0.0
Graph context without failure_mode,25936,P-642,0.0,0.0,0.0,0.0,0.0,0.0,0.0
Graph context without failure_mode,25950,EV-043,0.0,0.0,0.0,0.0,0.0,0.0,0.0
Graph context without failure_mode,26084,TK-086,0.0,0.0,0.0,0.0,0.0,0.0,0.0
Graph context without failure_mode,26125,P-169,0.0,0.0,0.0,0.0,0.0,0.0,0.0
Graph context without failure_mode,26127,SD-016,0.0,0.0,0.0,0.0,0.0,0.0,0.0
Graph context without failure_mode,26193,GS-015,0.0,0.0,0.0,0.0,0.0,0.0,0.0
Graph context without failure_mode,26271,P-327,0.0,0.0,0.0,0.0,0.0,0.0,0.0
Graph context without failure_mode,26302,TK-106,0.0,0.0,0.0,0.0,0.0,0.0,0.0
Graph context without failure_mode,26303,SC-080,0.0,0.0,0.0,0.0,0.0,0.0,0.0
Graph context without failure_mode,26384,UF-037,0.0,0.0,0.0,0.0,0.0,0.0,0.0
Graph context without failure_mode,26404,EV-079,0.0,0.0,0.0,0.0,0.0,0.0,0.0
Graph context without failure_mode,26467,DC-126,0.0,0.0,0.0,0.0,0.0,0.0,0.0
Graph context without failure_mode,26568,K-081,0.0,0.0,0.0,0.0,0.0,0.0,0.0
Graph context without failure_mode,26594,HP-118,0.0,0.0,0.0,0.0,0.0,0.0,0.0
Graph context without failure_mode,26640,TK-134,0.0,0.0,0.0,0.0,0.0,0.0,0.0
Graph context without failure_mode,26667,M-104,0.0,0.0,0.0,0.0,0.0,0.0,0.0
Graph context without failure_mode,26680,K-202,0.0,0.0,0.0,0.0,0.0,0.0,0.0
Graph context without failure_mode,26725,P-389,0.0,0.0,0.0,0.0,0.0,0.0,0.0
Graph context without failure_mode,26727,TRB-119,0.0,0.0,0.0,0.0,0.0,0.0,0.0
Graph context without failure_mode,26735,P-283,0.0,0.0,0.0,0.0,1.0,0.0,0.02127659574468085
Graph context without failure_mode,26791,CR-091,0.0,0.0,0.0,0.0,0.0,0.0,0.0
Graph context without failure_mode,26839,CV-118,0.0,0.0,0.0,0.0,0.0,0.0,0.0
Graph context without failure_mode,26888,P-213,0.0,0.0,0.0,0.0,0.0,0.0,0.0
Graph context without failure_mode,26907,TK-140,0.0,0.0,0.0,0.0,0.0,0.0,0.0
Graph context without failure_mode,26990,RLP-101,0.0,0.0,0.0,0.0,0.0,0.0,0.0
Graph context without failure_mode,27027,P-238,0.0,0.0,0.0,0.0,0.0,0.0,0.0
Graph context without failure_mode,27105,P-424,0.0,0.0,0.0,0.0,0.0,0.0,0.0
Graph context without failure_mode,27108,M-136,0.0,0.0,0.0,0.0,0.0,0.0,0.0
Graph context without failure_mode,27151,HX-108,0.0,0.0,0.0,0.0,0.0,0.0,0.0
Graph context without failure_mode,27188,TK-077,0.0,0.0,0.0,0.0,1.0,0.0,0.03571428571428571
Graph context without failure_mode,27258,M-046,0.0,0.0,0.0,0.0,1.0,0.0,0.022727272727272728
Graph context without failure_mode,27265,P-313,0.0,0.0,0.0,0.0,0.0,0.0,0.0
Graph context without failure_mode,27273,P-689,0.0,0.0,0.0,0.0,0.0,0.0,0.0
Graph context without failure_mode,27328,GT-098,0.0,0.0,0.0,0.0,0.0,0.0,0.0
Graph context without failure_mode,27391,K-153,0.0,0.0,0.0,0.0,0.0,0.0,0.0
Graph context without failure_mode,27399,P-116,0.0,0.0,0.0,0.0,0.0,0.0,0.0
Graph context without failure_mode,27431,DP-122,0.0,0.0,0.0,0.0,0.0,0.0,0.0
Graph context without failure_mode,27447,M-028,0.0,0.0,0.0,0.0,0.0,0.0,0.0
Graph context without failure_mode,27463,BM-046,0.0,0.0,0.0,0.0,0.0,0.0,0.0
Graph context without failure_mode,27500,EX-036,0.0,0.0,0.0,0.0,0.0,0.0,0.0
Graph context without failure_mode,27565,HP-042,0.0,0.0,0.0,0.0,0.0,0.0,0.0
Graph context without failure_mode,27568,BLR-101,0.0,0.0,0.0,0.0,0.0,0.0,0.0
Graph context without failure_mode,27618,DC-024,0.0,0.0,0.0,0.0,0.0,0.0,0.0
Graph context without failure_mode,27639,SC-073,0.0,0.0,0.0,0.0,0.0,0.0,0.0
Graph context without failure_mode,27644,GB-025,0.0,0.0,0.0,0.0,0.0,0.0,0.0
Graph context without failure_mode,27650,BM-108,0.0,0.0,0.0,0.0,0.0,0.0,0.0
Graph context without failure_mode,27669,TK-022,0.0,0.0,0.0,0.0,0.0,0.0,0.0
Graph context without failure_mode,27677,M-105,0.0,0.0,0.0,0.0,1.0,0.0,0.043478260869565216
Graph context without failure_mode,27678,BLR-127,0.0,0.0,0.0,0.0,0.0,0.0,0.0
Graph context without failure_mode,27682,F-225,0.0,0.0,0.0,0.0,0.0,0.0,0.0
Graph context without failure_mode,27714,DOS-128,0.0,0.0,0.0,0.0,0.0,0.0,0.0
Graph context without failure_mode,27805,P-144,0.0,0.0,0.0,0.0,1.0,0.0,0.02127659574468085
Graph context without failure_mode,27837,F-146,0.0,1.0,1.0,1.0,1.0,0.25,0.25
Graph context without failure_mode,27885,DC-008,0.0,0.0,0.0,0.0,0.0,0.0,0.0
Graph context without failure_mode,27909,HX-018,0.0,0.0,0.0,0.0,0.0,0.0,0.0
Graph context without failure_mode,27958,SEP-062,0.0,0.0,0.0,0.0,0.0,0.0,0.0
Graph context without failure_mode,27981,DOS-137,0.0,0.0,0.0,0.0,0.0,0.0,0.0
Graph context without failure_mode,28083,P-154,0.0,0.0,0.0,0.0,0.0,0.0,0.0
Graph context without failure_mode,28131,M-093,0.0,0.0,0.0,0.0,0.0,0.0,0.0
Graph context without failure_mode,28279,P-218,0.0,0.0,0.0,0.0,0.0,0.0,0.0
Graph context without failure_mode,28423,TK-096,0.0,0.0,0.0,0.0,0.0,0.0,0.0
Graph context without failure_mode,28479,BLR-033,0.0,1.0,1.0,1.0,1.0,0.3333333333333333,0.3333333333333333
Graph context without failure_mode,28481,P-227,0.0,0.0,0.0,0.0,0.0,0.0,0.0
Graph context without failure_mode,28531,GB-040,0.0,0.0,0.0,0.0,0.0,0.0,0.0
Graph context without failure_mode,28617,HP-113,0.0,0.0,0.0,0.0,0.0,0.0,0.0
Graph context without failure_mode,28628,M-020,0.0,0.0,0.0,0.0,0.0,0.0,0.0
Graph context without failure_mode,28653,HX-007,0.0,0.0,1.0,1.0,1.0,0.1,0.1
Graph context without failure_mode,28655,HV-117,0.0,0.0,0.0,0.0,0.0,0.0,0.0
Graph context without failure_mode,28679,M-041,0.0,0.0,0.0,0.0,0.0,0.0,0.0
Graph context without failure_mode,28709,K-078,0.0,0.0,0.0,0.0,0.0,0.0,0.0
Graph context without failure_mode,28726,TK-119,0.0,0.0,0.0,0.0,0.0,0.0,0.0
Graph context without failure_mode,28754,P-657,0.0,0.0,0.0,0.0,0.0,0.0,0.0
Graph context without failure_mode,28805,M-113,0.0,0.0,0.0,0.0,0.0,0.0,0.0
Graph context without failure_mode,28837,CF-126,0.0,0.0,0.0,0.0,0.0,0.0,0.0
Graph context without failure_mode,28839,TK-142,0.0,0.0,0.0,0.0,0.0,0.0,0.0
Graph context without failure_mode,28848,M-056,0.0,0.0,0.0,0.0,0.0,0.0,0.0
Graph context without failure_mode,28852,BM-066,0.0,0.0,0.0,0.0,0.0,0.0,0.0
Graph context without failure_mode,28911,DC-081,0.0,0.0,0.0,0.0,0.0,0.0,0.0
Graph context without failure_mode,28919,HV-226,0.0,0.0,0.0,0.0,0.0,0.0,0.0
Graph context without failure_mode,28929,P-323,0.0,0.0,0.0,0.0,0.0,0.0,0.0
Graph context without failure_mode,29081,F-065,0.0,0.0,0.0,0.0,1.0,0.0,0.030303030303030304
Graph context without failure_mode,29136,TK-343,0.0,0.0,0.0,0.0,0.0,0.0,0.0
Graph context without failure_mode,29157,K-012,0.0,0.0,0.0,0.0,0.0,0.0,0.0
Graph context without failure_mode,29179,TRB-097,0.0,0.0,0.0,0.0,0.0,0.0,0.0
Graph context without failure_mode,29237,P-139,0.0,0.0,0.0,0.0,0.0,0.0,0.0
Graph context without failure_mode,29318,M-050,0.0,0.0,0.0,0.0,0.0,0.0,0.0
Graph context without failure_mode,29369,HX-139,0.0,0.0,0.0,0.0,0.0,0.0,0.0
Graph context without failure_mode,29407,P-245,0.0,0.0,0.0,0.0,1.0,0.0,0.021739130434782608
Graph context without failure_mode,29445,M-062,0.0,1.0,1.0,1.0,1.0,0.3333333333333333,0.3333333333333333
Graph context without failure_mode,29465,HP-128,0.0,0.0,0.0,0.0,0.0,0.0,0.0
Graph context without failure_mode,29489,P-255,0.0,0.0,0.0,0.0,0.0,0.0,0.0
Graph context without failure_mode,29497,FM-117,0.0,0.0,0.0,0.0,0.0,0.0,0.0
Graph context without failure_mode,29508,K-103,0.0,0.0,0.0,0.0,0.0,0.0,0.0
Graph context without failure_mode,29543,K-081,0.0,0.0,0.0,0.0,0.0,0.0,0.0
Graph context without failure_mode,29572,CV-145,0.0,0.0,0.0,0.0,0.0,0.0,0.0
Graph context without failure_mode,29585,M-058,0.0,0.0,0.0,0.0,0.0,0.0,0.0
Graph context without failure_mode,29602,HX-007,0.0,0.0,0.0,0.0,0.0,0.0,0.0
Graph context without failure_mode,29636,TRB-131,0.0,0.0,0.0,0.0,0.0,0.0,0.0
Graph context without failure_mode,29666,P-201,0.0,0.0,0.0,0.0,0.0,0.0,0.0
Graph context without failure_mode,29674,TK-239,0.0,0.0,0.0,0.0,0.0,0.0,0.0
Graph context without failure_mode,29683,AG-040,0.0,0.0,0.0,0.0,0.0,0.0,0.0
Graph context without failure_mode,29702,TRB-131,0.0,0.0,0.0,0.0,0.0,0.0,0.0
Graph context without failure_mode,29727,TK-403,0.0,0.0,0.0,0.0,0.0,0.0,0.0
Graph context without failure_mode,29799,SD-038,0.0,0.0,0.0,0.0,0.0,0.0,0.0
Graph context without failure_mode,29813,R-108,0.0,0.0,0.0,0.0,0.0,0.0,0.0
Graph context without failure_mode,29821,BLR-126,0.0,0.0,0.0,0.0,0.0,0.0,0.0
Graph context without failure_mode,29840,M-059,0.0,0.0,0.0,0.0,0.0,0.0,0.0
Graph context without failure_mode,29896,CV-032,0.0,0.0,0.0,0.0,1.0,0.0,0.029411764705882353
Graph context without failure_mode,29898,K-300,0.0,0.0,0.0,0.0,0.0,0.0,0.0
Graph context without failure_mode,29975,F-055,0.0,0.0,0.0,0.0,0.0,0.0,0.0
Graph context without failure_mode,30062,P-158,0.0,0.0,0.0,0.0,0.0,0.0,0.0
Graph context without failure_mode,30083,P-132,0.0,0.0,0.0,0.0,0.0,0.0,0.0
Graph context without failure_mode,30117,CV-135,0.0,0.0,0.0,0.0,0.0,0.0,0.0
Graph context without failure_mode,30154,TK-037,0.0,0.0,0.0,0.0,0.0,0.0,0.0
Graph context without failure_mode,30174,M-080,0.0,0.0,0.0,0.0,0.0,0.0,0.0
Graph context without failure_mode,30227,P-352,0.0,0.0,0.0,0.0,0.0,0.0,0.0
Graph context without failure_mode,30258,K-099,0.0,0.0,0.0,0.0,0.0,0.0,0.0
Graph context without failure_mode,30279,AG-049,0.0,0.0,0.0,0.0,0.0,0.0,0.0
Graph context without failure_mode,30366,HV-051,0.0,0.0,0.0,0.0,0.0,0.0,0.0
Graph context without failure_mode,30374,M-100,0.0,0.0,0.0,1.0,1.0,0.0,0.08333333333333333
Graph context without failure_mode,30390,R-117,0.0,0.0,0.0,0.0,0.0,0.0,0.0
Graph context without failure_mode,30399,F-094,0.0,0.0,0.0,0.0,0.0,0.0,0.0
Graph context without failure_mode,30404,EV-033,0.0,0.0,0.0,0.0,0.0,0.0,0.0
Graph context without failure_mode,30407,P-680,0.0,0.0,0.0,0.0,0.0,0.0,0.0
Graph context without failure_mode,30428,BLR-117,0.0,0.0,0.0,0.0,0.0,0.0,0.0
Graph context without failure_mode,30467,FM-139,0.0,0.0,0.0,0.0,0.0,0.0,0.0
Graph context without failure_mode,30480,P-321,0.0,0.0,0.0,0.0,0.0,0.0,0.0
Graph context without failure_mode,30482,GS-111,0.0,0.0,0.0,0.0,0.0,0.0,0.0
Graph context without failure_mode,30645,SEP-120,0.0,0.0,0.0,0.0,0.0,0.0,0.0
Graph context without failure_mode,30654,SEP-117,0.0,0.0,0.0,0.0,0.0,0.0,0.0
Graph context without failure_mode,30679,TK-068,0.0,0.0,0.0,0.0,0.0,0.0,0.0
Graph context without failure_mode,30708,P-210,0.0,0.0,0.0,0.0,0.0,0.0,0.0
Graph context without failure_mode,30757,HV-129,0.0,0.0,0.0,0.0,0.0,0.0,0.0
Graph context without failure_mode,30792,CR-142,0.0,0.0,0.0,0.0,0.0,0.0,0.0
Graph context without failure_mode,30862,HV-014,0.0,0.0,0.0,0.0,0.0,0.0,0.0
Graph context without failure_mode,30864,GT-056,0.0,0.0,0.0,0.0,0.0,0.0,0.0
Graph context without failure_mode,30872,M-083,0.0,0.0,0.0,0.0,0.0,0.0,0.0
Graph context without failure_mode,30892,GT-005,0.0,0.0,0.0,0.0,0.0,0.0,0.0
Graph context without failure_mode,30925,P-430,0.0,0.0,0.0,0.0,0.0,0.0,0.0
Graph context without failure_mode,30931,K-212,0.0,0.0,0.0,0.0,0.0,0.0,0.0
Graph context without failure_mode,30967,P-439,0.0,0.0,0.0,0.0,0.0,0.0,0.0
Graph context without failure_mode,30992,TK-039,0.0,0.0,0.0,0.0,0.0,0.0,0.0
Graph context without failure_mode,30999,DP-069,0.0,0.0,0.0,0.0,0.0,0.0,0.0
Graph context without failure_mode,31040,HV-017,0.0,0.0,0.0,0.0,0.0,0.0,0.0
Graph context without failure_mode,31058,HX-120,0.0,0.0,0.0,1.0,1.0,0.0,0.05
Graph context without failure_mode,31087,P-438,0.0,0.0,0.0,0.0,0.0,0.0,0.0
Graph context without failure_mode,31088,M-083,0.0,0.0,0.0,0.0,0.0,0.0,0.0
Graph context without failure_mode,31124,P-483,0.0,0.0,0.0,0.0,0.0,0.0,0.0
Graph context without failure_mode,31177,P-503,0.0,0.0,0.0,0.0,0.0,0.0,0.0
Graph context without failure_mode,31180,M-010,0.0,0.0,0.0,0.0,0.0,0.0,0.0
Graph context without failure_mode,31258,EX-136,0.0,0.0,0.0,0.0,0.0,0.0,0.0
Graph context without failure_mode,31301,DC-106,0.0,0.0,0.0,0.0,0.0,0.0,0.0
Graph context without failure_mode,31313,CV-124,0.0,0.0,0.0,0.0,0.0,0.0,0.0
Graph context without failure_mode,31389,P-242,0.0,0.0,0.0,0.0,0.0,0.0,0.0
Graph context without failure_mode,31414,P-426,0.0,0.0,0.0,0.0,0.0,0.0,0.0
Graph context without failure_mode,31543,P-388,0.0,0.0,0.0,0.0,0.0,0.0,0.0
Graph context without failure_mode,31547,TK-173,0.0,0.0,0.0,0.0,0.0,0.0,0.0
Graph context without failure_mode,31549,R-201,0.0,0.0,0.0,0.0,0.0,0.0,0.0
Graph context without failure_mode,31568,DRY-013,0.0,0.0,0.0,0.0,0.0,0.0,0.0
Graph context without failure_mode,31579,P-517,0.0,0.0,0.0,0.0,0.0,0.0,0.0
Graph context without failure_mode,31590,AG-128,0.0,0.0,0.0,0.0,0.0,0.0,0.0
Graph context without failure_mode,31611,TK-151,0.0,0.0,0.0,0.0,0.0,0.0,0.0
Graph context without failure_mode,31632,F-013,0.0,0.0,1.0,1.0,1.0,0.16666666666666666,0.16666666666666666
Graph context without failure_mode,31720,HV-221,0.0,0.0,0.0,0.0,0.0,0.0,0.0
Graph context without failure_mode,31739,SD-060,0.0,0.0,0.0,0.0,0.0,0.0,0.0
Graph context without failure_mode,31764,P-528,0.0,0.0,0.0,0.0,0.0,0.0,0.0
Graph context without failure_mode,31772,BLR-101,0.0,0.0,0.0,0.0,0.0,0.0,0.0
Graph context without failure_mode,31785,DRY-089,0.0,0.0,0.0,0.0,0.0,0.0,0.0
Graph context without failure_mode,31795,F-125,0.0,0.0,0.0,0.0,0.0,0.0,0.0
Graph context without failure_mode,31808,FCC-052,0.0,0.0,0.0,0.0,0.0,0.0,0.0
Graph context without failure_mode,31858,HX-209,0.0,0.0,0.0,0.0,0.0,0.0,0.0
Graph context without failure_mode,31861,F-244,0.0,0.0,0.0,0.0,0.0,0.0,0.0
Graph context without failure_mode,31865,SC-111,0.0,0.0,0.0,0.0,0.0,0.0,0.0
Graph context without failure_mode,31893,M-070,0.0,0.0,0.0,0.0,0.0,0.0,0.0
Graph context without failure_mode,31949,FCC-126,0.0,0.0,0.0,0.0,0.0,0.0,0.0
Graph context without failure_mode,32042,HX-118,0.0,0.0,0.0,0.0,1.0,0.0,0.047619047619047616
Graph context without failure_mode,32058,P-203,0.0,0.0,0.0,0.0,0.0,0.0,0.0
Graph context without failure_mode,32081,FM-130,0.0,0.0,0.0,0.0,0.0,0.0,0.0
Graph context without failure_mode,32210,TK-167,0.0,0.0,0.0,0.0,0.0,0.0,0.0
Graph context without failure_mode,32278,FM-132,0.0,0.0,0.0,0.0,0.0,0.0,0.0
Graph context without failure_mode,32391,K-071,0.0,0.0,0.0,0.0,0.0,0.0,0.0
Graph context without failure_mode,32446,K-261,0.0,0.0,0.0,0.0,0.0,0.0,0.0
Graph context without failure_mode,32451,TK-047,0.0,0.0,0.0,0.0,0.0,0.0,0.0
Graph context without failure_mode,32454,P-151,0.0,0.0,0.0,0.0,0.0,0.0,0.0
Graph context without failure_mode,32528,P-316,0.0,0.0,0.0,0.0,0.0,0.0,0.0
Graph context without failure_mode,32543,R-119,0.0,0.0,0.0,0.0,0.0,0.0,0.0
Graph context without failure_mode,32591,CF-050,0.0,0.0,0.0,0.0,0.0,0.0,0.0
Graph context without failure_mode,32620,R-047,0.0,0.0,0.0,0.0,0.0,0.0,0.0
Graph context without failure_mode,32623,EV-057,0.0,0.0,0.0,0.0,0.0,0.0,0.0
Graph context without failure_mode,32682,M-042,0.0,0.0,0.0,0.0,0.0,0.0,0.0
Graph context without failure_mode,32764,CT-126,0.0,0.0,0.0,0.0,0.0,0.0,0.0
Graph context without failure_mode,32790,P-441,0.0,0.0,0.0,0.0,0.0,0.0,0.0
Graph context without failure_mode,32801,DP-109,0.0,0.0,0.0,0.0,0.0,0.0,0.0
Graph context without failure_mode,32829,P-509,0.0,0.0,0.0,0.0,0.0,0.0,0.0
Graph context without failure_mode,32877,CV-145,0.0,0.0,0.0,0.0,0.0,0.0,0.0
Graph context without failure_mode,32892,P-409,0.0,0.0,0.0,0.0,0.0,0.0,0.0
Graph context without failure_mode,32898,BLR-125,0.0,0.0,0.0,0.0,0.0,0.0,0.0
Graph context without failure_mode,32907,HX-132,0.0,0.0,0.0,0.0,0.0,0.0,0.0
Graph context without failure_mode,32910,DP-110,0.0,0.0,0.0,0.0,0.0,0.0,0.0
Graph context without failure_mode,32936,AG-071,0.0,0.0,0.0,0.0,0.0,0.0,0.0
Graph context without failure_mode,32986,DC-133,0.0,0.0,0.0,0.0,0.0,0.0,0.0
Graph context without failure_mode,33017,R-026,0.0,0.0,0.0,0.0,0.0,0.0,0.0
Graph context without failure_mode,33021,SEP-136,0.0,0.0,0.0,0.0,0.0,0.0,0.0
Graph context without failure_mode,33098,P-502,0.0,0.0,0.0,0.0,0.0,0.0,0.0
Graph context without failure_mode,33108,RLP-109,0.0,0.0,0.0,0.0,0.0,0.0,0.0
Graph context without failure_mode,33133,P-111,0.0,0.0,0.0,0.0,0.0,0.0,0.0
Graph context without failure_mode,33150,FM-099,0.0,0.0,0.0,0.0,0.0,0.0,0.0
Graph context without failure_mode,33216,DOS-140,0.0,0.0,0.0,0.0,0.0,0.0,0.0
Graph context without failure_mode,33268,P-205,0.0,0.0,0.0,0.0,0.0,0.0,0.0
Graph context without failure_mode,33312,P-271,0.0,0.0,0.0,0.0,0.0,0.0,0.0
Graph context without failure_mode,33331,CF-083,0.0,0.0,0.0,1.0,1.0,0.0,0.058823529411764705
Graph context without failure_mode,33375,K-143,0.0,0.0,0.0,0.0,0.0,0.0,0.0
Graph context without failure_mode,33414,P-121,0.0,0.0,0.0,0.0,0.0,0.0,0.0
Graph context without failure_mode,33456,R-033,0.0,0.0,0.0,0.0,0.0,0.0,0.0
Graph context without failure_mode,33520,P-271,0.0,0.0,0.0,0.0,0.0,0.0,0.0
Graph context without failure_mode,33556,UF-074,0.0,0.0,0.0,0.0,0.0,0.0,0.0
Graph context without failure_mode,33587,SD-139,0.0,0.0,0.0,0.0,0.0,0.0,0.0
Graph context without failure_mode,33595,M-015,0.0,0.0,0.0,0.0,0.0,0.0,0.0
Graph context without failure_mode,33661,P-660,0.0,0.0,0.0,0.0,0.0,0.0,0.0
Graph context without failure_mode,33666,DP-132,0.0,0.0,0.0,0.0,0.0,0.0,0.0
Graph context without failure_mode,33674,DOS-040,0.0,0.0,0.0,1.0,1.0,0.0,0.08333333333333333
Graph context without failure_mode,33679,K-112,0.0,0.0,0.0,0.0,0.0,0.0,0.0
Graph context without failure_mode,33707,K-120,0.0,0.0,1.0,1.0,1.0,0.1111111111111111,0.1111111111111111
Graph context without failure_mode,33769,M-081,0.0,0.0,0.0,1.0,1.0,0.0,0.08333333333333333
Graph context without failure_mode,33786,P-246,0.0,0.0,0.0,0.0,0.0,0.0,0.0
Graph context without failure_mode,33797,AG-129,0.0,0.0,0.0,0.0,0.0,0.0,0.0
Graph context without failure_mode,33903,K-143,0.0,0.0,0.0,0.0,0.0,0.0,0.0
Graph context without failure_mode,33949,TRB-046,0.0,0.0,0.0,0.0,0.0,0.0,0.0
Graph context without failure_mode,33950,P-328,0.0,0.0,0.0,0.0,0.0,0.0,0.0
Graph context without failure_mode,34003,SC-114,0.0,0.0,0.0,0.0,0.0,0.0,0.0
Graph context without failure_mode,34004,HX-029,0.0,0.0,0.0,0.0,0.0,0.0,0.0
Graph context without failure_mode,34087,P-240,0.0,0.0,0.0,0.0,1.0,0.0,0.021739130434782608
Graph context without failure_mode,34088,K-017,0.0,0.0,0.0,0.0,0.0,0.0,0.0
Graph context without failure_mode,34122,DOS-138,0.0,0.0,0.0,0.0,0.0,0.0,0.0
Graph context without failure_mode,34128,DRY-119,0.0,0.0,0.0,0.0,0.0,0.0,0.0
Graph context without failure_mode,34262,P-346,0.0,0.0,0.0,0.0,0.0,0.0,0.0
Graph context without failure_mode,34275,R-090,0.0,0.0,0.0,0.0,0.0,0.0,0.0
Graph context without failure_mode,34290,TK-011,0.0,0.0,0.0,0.0,0.0,0.0,0.0
Graph context without failure_mode,34369,P-441,0.0,0.0,0.0,0.0,0.0,0.0,0.0
Graph context without failure_mode,34380,HX-133,0.0,0.0,0.0,0.0,0.0,0.0,0.0
Graph context without failure_mode,34408,DC-041,0.0,0.0,0.0,0.0,0.0,0.0,0.0
Graph context without failure_mode,34458,P-604,0.0,0.0,0.0,0.0,0.0,0.0,0.0
Graph context without failure_mode,34466,K-105,0.0,0.0,0.0,0.0,0.0,0.0,0.0
Graph context without failure_mode,34488,TRB-039,0.0,0.0,0.0,0.0,0.0,0.0,0.0
Graph context without failure_mode,34505,M-013,0.0,0.0,0.0,0.0,0.0,0.0,0.0
Graph context without failure_mode,34540,M-036,0.0,0.0,0.0,0.0,0.0,0.0,0.0
Graph context without failure_mode,34542,GS-061,0.0,0.0,0.0,0.0,0.0,0.0,0.0
Graph context without failure_mode,34613,DC-043,0.0,0.0,0.0,0.0,0.0,0.0,0.0
Graph context without failure_mode,34636,RLP-075,0.0,0.0,0.0,0.0,0.0,0.0,0.0
Graph context without failure_mode,34670,DRY-110,0.0,0.0,0.0,0.0,0.0,0.0,0.0
Graph context without failure_mode,34683,HX-147,0.0,0.0,0.0,0.0,0.0,0.0,0.0
Graph context without failure_mode,34708,HV-102,0.0,0.0,1.0,1.0,1.0,0.1,0.1
Graph context without failure_mode,34756,AG-027,0.0,0.0,0.0,0.0,0.0,0.0,0.0
Graph context without failure_mode,34808,CT-055,0.0,0.0,0.0,0.0,0.0,0.0,0.0
Graph context without failure_mode,34853,CV-008,0.0,0.0,0.0,0.0,0.0,0.0,0.0
Graph context without failure_mode,34880,DRY-029,0.0,0.0,0.0,0.0,0.0,0.0,0.0
Graph context without failure_mode,34900,CV-127,0.0,0.0,0.0,0.0,0.0,0.0,0.0
Graph context without failure_mode,34914,HX-052,0.0,0.0,0.0,0.0,0.0,0.0,0.0
Graph context without failure_mode,34934,HP-014,0.0,0.0,0.0,0.0,0.0,0.0,0.0
Graph context without failure_mode,34967,M-007,0.0,0.0,0.0,0.0,0.0,0.0,0.0
Graph context without failure_mode,35025,TK-230,0.0,0.0,0.0,0.0,0.0,0.0,0.0
Graph context without failure_mode,35030,K-127,0.0,0.0,0.0,0.0,0.0,0.0,0.0
Graph context without failure_mode,35054,P-176,0.0,0.0,0.0,0.0,0.0,0.0,0.0
Graph context without failure_mode,35078,M-048,0.0,0.0,0.0,0.0,0.0,0.0,0.0
Graph context without failure_mode,35098,CV-115,0.0,0.0,0.0,0.0,1.0,0.0,0.022222222222222223
Graph context without failure_mode,35162,TK-133,0.0,0.0,0.0,0.0,0.0,0.0,0.0
Graph context without failure_mode,35201,P-192,0.0,0.0,0.0,0.0,0.0,0.0,0.0
Graph context without failure_mode,35231,HX-125,0.0,0.0,0.0,0.0,0.0,0.0,0.0
Graph context without failure_mode,35240,TK-223,0.0,0.0,0.0,0.0,0.0,0.0,0.0
Graph context without failure_mode,35243,TK-207,0.0,0.0,0.0,0.0,0.0,0.0,0.0
Graph context without failure_mode,35314,CR-030,0.0,0.0,0.0,0.0,0.0,0.0,0.0
Graph context without failure_mode,35347,K-216,0.0,0.0,0.0,0.0,0.0,0.0,0.0
Graph context without failure_mode,35353,M-021,0.0,0.0,0.0,0.0,0.0,0.0,0.0
Graph context without failure_mode,35401,DOS-109,0.0,0.0,0.0,0.0,0.0,0.0,0.0
Graph context without failure_mode,35475,F-098,0.0,0.0,0.0,0.0,0.0,0.0,0.0
Graph context without failure_mode,35530,TK-318,0.0,0.0,0.0,0.0,0.0,0.0,0.0
Graph context without failure_mode,35550,CV-120,0.0,0.0,0.0,0.0,1.0,0.0,0.047619047619047616
Graph context without failure_mode,35566,P-145,0.0,0.0,0.0,0.0,0.0,0.0,0.0
Graph context without failure_mode,35591,RLP-134,0.0,0.0,0.0,0.0,0.0,0.0,0.0
Graph context without failure_mode,35605,DC-145,0.0,0.0,0.0,0.0,0.0,0.0,0.0
Graph context without failure_mode,35628,BM-112,0.0,0.0,0.0,0.0,0.0,0.0,0.0
Graph context without failure_mode,35682,TK-109,0.0,0.0,0.0,0.0,0.0,0.0,0.0
Graph context without failure_mode,35690,P-482,0.0,0.0,0.0,0.0,0.0,0.0,0.0
Graph context without failure_mode,35708,TRB-075,0.0,0.0,0.0,0.0,0.0,0.0,0.0
Graph context without failure_mode,35729,VP-106,0.0,0.0,0.0,0.0,0.0,0.0,0.0
Graph context without failure_mode,35747,GS-110,0.0,0.0,0.0,0.0,0.0,0.0,0.0
Graph context without failure_mode,35751,CV-082,0.0,0.0,0.0,0.0,1.0,0.0,0.02631578947368421
Graph context without failure_mode,35763,HV-106,0.0,0.0,0.0,0.0,0.0,0.0,0.0
Graph context without failure_mode,35773,K-118,0.0,0.0,0.0,0.0,0.0,0.0,0.0
Graph context without failure_mode,35866,P-335,0.0,0.0,0.0,0.0,0.0,0.0,0.0
Graph context without failure_mode,35918,P-154,0.0,0.0,0.0,0.0,0.0,0.0,0.0
Graph context without failure_mode,35958,CT-109,0.0,0.0,0.0,0.0,0.0,0.0,0.0
Graph context without failure_mode,35975,CF-062,0.0,0.0,0.0,0.0,0.0,0.0,0.0
Graph context without failure_mode,36016,TRB-042,0.0,0.0,0.0,0.0,0.0,0.0,0.0
Graph context without failure_mode,36093,AG-041,0.0,0.0,0.0,0.0,0.0,0.0,0.0
Graph context without failure_mode,36106,P-535,0.0,0.0,0.0,0.0,0.0,0.0,0.0
Graph context without failure_mode,36125,K-336,0.0,0.0,0.0,0.0,0.0,0.0,0.0
Graph context without failure_mode,36138,EX-011,0.0,0.0,0.0,0.0,0.0,0.0,0.0
Graph context without failure_mode,36166,K-147,0.0,0.0,0.0,0.0,0.0,0.0,0.0
Graph context without failure_mode,36189,K-061,0.0,0.0,0.0,0.0,1.0,0.0,0.030303030303030304
Graph context without failure_mode,36201,HX-062,0.0,0.0,0.0,0.0,0.0,0.0,0.0
Graph context without failure_mode,36259,M-076,0.0,0.0,0.0,0.0,0.0,0.0,0.0
Graph context without failure_mode,36318,BLR-019,0.0,0.0,0.0,0.0,0.0,0.0,0.0
Graph context without failure_mode,36363,DC-090,0.0,0.0,0.0,0.0,0.0,0.0,0.0
Graph context without failure_mode,36370,EX-060,0.0,0.0,0.0,0.0,0.0,0.0,0.0
Graph context without failure_mode,36389,CV-011,0.0,1.0,1.0,1.0,1.0,0.2,0.2
Graph context without failure_mode,36394,F-129,0.0,0.0,0.0,0.0,0.0,0.0,0.0
Graph context without failure_mode,36731,BM-127,0.0,0.0,0.0,0.0,0.0,0.0,0.0
Graph context without failure_mode,36828,M-069,0.0,0.0,0.0,0.0,0.0,0.0,0.0
Graph context without failure_mode,36832,DOS-129,0.0,0.0,1.0,1.0,1.0,0.125,0.125
Graph context without failure_mode,36838,CV-032,0.0,0.0,0.0,0.0,1.0,0.0,0.029411764705882353
Graph context without failure_mode,36859,M-147,0.0,0.0,0.0,0.0,0.0,0.0,0.0
Graph context without failure_mode,36884,BM-108,0.0,0.0,0.0,0.0,0.0,0.0,0.0
Graph context without failure_mode,36977,SEP-109,0.0,0.0,0.0,0.0,0.0,0.0,0.0
Graph context without failure_mode,37030,CF-045,0.0,0.0,0.0,0.0,0.0,0.0,0.0
Graph context without failure_mode,37076,M-054,0.0,1.0,1.0,1.0,1.0,0.25,0.25
Graph context without failure_mode,37080,TK-089,0.0,0.0,0.0,0.0,0.0,0.0,0.0
Graph context without failure_mode,37102,M-142,0.0,0.0,0.0,1.0,1.0,0.0,0.05
Graph context without failure_mode,37149,DOS-011,0.0,0.0,0.0,0.0,0.0,0.0,0.0
Graph context without failure_mode,37204,HX-095,0.0,0.0,0.0,0.0,0.0,0.0,0.0
Graph context without failure_mode,37242,AG-106,0.0,0.0,0.0,0.0,0.0,0.0,0.0
Graph context without failure_mode,37319,P-543,0.0,0.0,0.0,0.0,0.0,0.0,0.0
Graph context without failure_mode,37339,K-142,0.0,0.0,0.0,0.0,0.0,0.0,0.0
Graph context without failure_mode,37370,EV-010,0.0,0.0,0.0,0.0,1.0,0.0,0.041666666666666664
Graph context without failure_mode,37393,P-335,0.0,0.0,0.0,0.0,0.0,0.0,0.0
Graph context without failure_mode,37440,BLR-112,0.0,0.0,0.0,0.0,0.0,0.0,0.0
Graph context without failure_mode,37476,P-742,0.0,0.0,0.0,0.0,0.0,0.0,0.0
Graph context without failure_mode,37483,HX-027,0.0,0.0,0.0,0.0,0.0,0.0,0.0
Graph context without failure_mode,37568,UF-098,0.0,0.0,0.0,0.0,0.0,0.0,0.0
Graph context without failure_mode,37574,R-074,0.0,0.0,0.0,0.0,0.0,0.0,0.0
Graph context without failure_mode,37577,P-335,0.0,0.0,0.0,0.0,0.0,0.0,0.0
Graph context without failure_mode,37578,AG-136,0.0,0.0,0.0,0.0,0.0,0.0,0.0
Graph context without failure_mode,37582,M-101,0.0,0.0,0.0,1.0,1.0,0.0,0.09090909090909091
Graph context without failure_mode,37592,DC-175,0.0,0.0,0.0,0.0,0.0,0.0,0.0
Graph context without failure_mode,37627,P-246,0.0,0.0,0.0,0.0,0.0,0.0,0.0
Graph context without failure_mode,37656,M-097,0.0,0.0,0.0,0.0,0.0,0.0,0.0
Graph context without failure_mode,37667,DOS-040,0.0,0.0,0.0,0.0,0.0,0.0,0.0
Graph context without failure_mode,37692,GB-028,0.0,0.0,0.0,0.0,0.0,0.0,0.0
Graph context without failure_mode,37760,CV-118,0.0,0.0,0.0,0.0,0.0,0.0,0.0
Graph context without failure_mode,37835,CT-137,0.0,0.0,1.0,1.0,1.0,0.125,0.125
Graph context without failure_mode,37904,TK-221,0.0,0.0,0.0,0.0,0.0,0.0,0.0
Graph context without failure_mode,37936,M-135,0.0,0.0,0.0,0.0,0.0,0.0,0.0
Graph context without failure_mode,37947,M-122,0.0,0.0,0.0,0.0,1.0,0.0,0.04
Graph context without failure_mode,37977,K-031,0.0,0.0,0.0,0.0,0.0,0.0,0.0
Graph context without failure_mode,38003,BM-108,0.0,0.0,0.0,0.0,0.0,0.0,0.0
Graph context without failure_mode,38052,TK-343,0.0,0.0,0.0,0.0,0.0,0.0,0.0
Graph context without failure_mode,38095,AG-097,0.0,0.0,0.0,0.0,0.0,0.0,0.0
Graph context without failure_mode,38181,P-222,0.0,0.0,0.0,0.0,0.0,0.0,0.0
Graph context without failure_mode,38218,CR-103,0.0,0.0,0.0,0.0,0.0,0.0,0.0
Graph context without failure_mode,38234,UF-124,0.0,0.0,0.0,0.0,0.0,0.0,0.0
Graph context without failure_mode,38260,P-494,0.0,0.0,0.0,0.0,0.0,0.0,0.0
Graph context without failure_mode,38277,GT-126,0.0,0.0,0.0,0.0,0.0,0.0,0.0
Graph context without failure_mode,38323,P-506,0.0,0.0,0.0,0.0,0.0,0.0,0.0
Graph context without failure_mode,38341,M-090,0.0,0.0,0.0,0.0,0.0,0.0,0.0
Graph context without failure_mode,38360,P-699,0.0,0.0,0.0,0.0,0.0,0.0,0.0
Graph context without failure_mode,38370,GB-052,0.0,0.0,0.0,0.0,0.0,0.0,0.0
Graph context without failure_mode,38371,P-323,0.0,0.0,0.0,0.0,0.0,0.0,0.0
Graph context without failure_mode,38410,AG-025,0.0,0.0,0.0,0.0,0.0,0.0,0.0
Graph context without failure_mode,38471,HX-313,0.0,0.0,0.0,0.0,0.0,0.0,0.0
Graph context without failure_mode,38535,CV-042,0.0,0.0,0.0,0.0,1.0,0.0,0.02127659574468085
Graph context without failure_mode,38567,HP-067,0.0,0.0,0.0,0.0,0.0,0.0,0.0
Graph context without failure_mode,38596,TK-142,0.0,0.0,0.0,0.0,0.0,0.0,0.0
Graph context without failure_mode,38610,HX-098,0.0,0.0,0.0,0.0,0.0,0.0,0.0
Graph context without failure_mode,38613,M-081,0.0,0.0,0.0,0.0,0.0,0.0,0.0
Graph context without failure_mode,38642,P-495,0.0,0.0,0.0,0.0,0.0,0.0,0.0
Graph context without failure_mode,38656,VP-132,0.0,0.0,0.0,0.0,0.0,0.0,0.0
Graph context without failure_mode,38693,HX-102,0.0,0.0,0.0,0.0,0.0,0.0,0.0
Graph context without failure_mode,38698,SD-091,0.0,0.0,0.0,0.0,0.0,0.0,0.0
Graph context without failure_mode,38714,CV-042,0.0,0.0,0.0,0.0,0.0,0.0,0.0
Graph context without failure_mode,38794,UF-010,0.0,0.0,0.0,0.0,0.0,0.0,0.0
Graph context without failure_mode,38798,VP-141,0.0,0.0,0.0,0.0,0.0,0.0,0.0
Graph context without failure_mode,38857,P-364,0.0,0.0,0.0,0.0,0.0,0.0,0.0
Graph context without failure_mode,38862,CV-219,0.0,0.0,0.0,0.0,0.0,0.0,0.0
Graph context without failure_mode,38890,P-658,0.0,0.0,0.0,0.0,0.0,0.0,0.0
Graph context without failure_mode,38895,VP-096,0.0,0.0,0.0,0.0,0.0,0.0,0.0
Graph context without failure_mode,38917,K-233,0.0,0.0,0.0,0.0,0.0,0.0,0.0
Graph context without failure_mode,38950,P-155,0.0,0.0,0.0,0.0,0.0,0.0,0.0
Graph context without failure_mode,38975,EX-081,0.0,0.0,0.0,0.0,0.0,0.0,0.0
Graph context without failure_mode,39179,P-400,0.0,0.0,0.0,0.0,0.0,0.0,0.0
Graph context without failure_mode,39229,EV-004,0.0,0.0,0.0,0.0,0.0,0.0,0.0
Graph context without failure_mode,39339,P-743,0.0,0.0,0.0,0.0,0.0,0.0,0.0
Graph context without failure_mode,39341,EX-105,0.0,0.0,0.0,0.0,0.0,0.0,0.0
Graph context without failure_mode,39368,CT-109,0.0,0.0,0.0,0.0,0.0,0.0,0.0
Graph context without failure_mode,39413,DP-125,0.0,0.0,0.0,0.0,0.0,0.0,0.0
Graph context without failure_mode,39443,DRY-131,0.0,0.0,0.0,0.0,0.0,0.0,0.0
Graph context without failure_mode,39452,P-708,0.0,0.0,0.0,0.0,0.0,0.0,0.0
Graph context without failure_mode,39457,AG-119,0.0,0.0,0.0,0.0,0.0,0.0,0.0
Graph context without failure_mode,39468,P-534,0.0,0.0,0.0,0.0,0.0,0.0,0.0
Graph context without failure_mode,39469,TK-098,0.0,0.0,0.0,0.0,0.0,0.0,0.0
Graph context without failure_mode,39627,P-176,0.0,0.0,0.0,0.0,0.0,0.0,0.0
Graph context without failure_mode,39710,P-409,0.0,0.0,0.0,0.0,0.0,0.0,0.0
Graph context without failure_mode,39754,DOS-033,0.0,0.0,0.0,1.0,1.0,0.0,0.05
Graph context without failure_mode,39756,CR-145,0.0,0.0,0.0,0.0,0.0,0.0,0.0
Graph context without failure_mode,39807,P-302,0.0,0.0,0.0,0.0,1.0,0.0,0.03125
Graph context without failure_mode,39827,DRY-048,0.0,0.0,0.0,0.0,0.0,0.0,0.0
Graph context without failure_mode,39848,CR-041,0.0,0.0,0.0,0.0,0.0,0.0,0.0
Graph context without failure_mode,39863,CF-076,0.0,0.0,0.0,0.0,0.0,0.0,0.0
Graph context without failure_mode,39889,TK-314,0.0,0.0,0.0,0.0,0.0,0.0,0.0
Graph context without failure_mode,39927,DC-014,0.0,0.0,0.0,0.0,0.0,0.0,0.0
Graph context without failure_mode,39942,CR-023,0.0,0.0,0.0,0.0,0.0,0.0,0.0
Graph context without failure_mode,39983,HV-310,0.0,0.0,0.0,0.0,0.0,0.0,0.0
Graph context without failure_mode,40019,BM-040,0.0,0.0,0.0,0.0,0.0,0.0,0.0
Graph context without failure_mode,40037,P-689,0.0,0.0,0.0,0.0,0.0,0.0,0.0
Graph context without failure_mode,40046,HV-123,0.0,0.0,0.0,0.0,0.0,0.0,0.0
Graph context without failure_mode,40094,TK-129,0.0,0.0,0.0,0.0,0.0,0.0,0.0
Graph context without failure_mode,40119,P-223,0.0,0.0,0.0,0.0,0.0,0.0,0.0
Graph context without failure_mode,40141,UF-137,0.0,0.0,0.0,0.0,0.0,0.0,0.0
Graph context without failure_mode,40156,CF-133,0.0,0.0,0.0,0.0,0.0,0.0,0.0
Graph context without failure_mode,40210,TK-104,0.0,0.0,0.0,0.0,0.0,0.0,0.0
Graph context without failure_mode,40284,P-685,0.0,0.0,0.0,0.0,0.0,0.0,0.0
Graph context without failure_mode,40337,TK-046,0.0,0.0,0.0,0.0,0.0,0.0,0.0
Graph context without failure_mode,40380,CV-328,0.0,0.0,0.0,0.0,0.0,0.0,0.0
Graph context without failure_mode,40381,K-095,0.0,0.0,0.0,0.0,0.0,0.0,0.0
Graph context without failure_mode,40395,HX-080,0.0,0.0,0.0,0.0,0.0,0.0,0.0
Graph context without failure_mode,40432,DC-109,0.0,0.0,0.0,0.0,0.0,0.0,0.0
Graph context without failure_mode,40441,GB-008,0.0,0.0,0.0,0.0,0.0,0.0,0.0
Graph context without failure_mode,40554,P-244,0.0,0.0,0.0,0.0,0.0,0.0,0.0
Graph context without failure_mode,40580,CT-124,0.0,0.0,0.0,0.0,0.0,0.0,0.0
Graph context without failure_mode,40587,AG-139,0.0,0.0,0.0,1.0,1.0,0.0,0.09090909090909091
Graph context without failure_mode,40618,BLR-085,0.0,0.0,0.0,0.0,0.0,0.0,0.0
Graph context without failure_mode,40629,M-083,0.0,0.0,0.0,0.0,0.0,0.0,0.0
Graph context without failure_mode,40695,P-217,0.0,0.0,0.0,0.0,0.0,0.0,0.0
Graph context without failure_mode,40701,SEP-112,0.0,0.0,0.0,0.0,0.0,0.0,0.0
Graph context without failure_mode,40707,P-222,0.0,0.0,0.0,0.0,0.0,0.0,0.0
Graph context without failure_mode,40711,DOS-167,0.0,0.0,0.0,0.0,0.0,0.0,0.0
Graph context without failure_mode,40849,P-340,0.0,0.0,0.0,0.0,0.0,0.0,0.0
Graph context without failure_mode,40850,P-122,0.0,0.0,0.0,0.0,1.0,0.0,0.027777777777777776
Graph context without failure_mode,40876,P-395,0.0,0.0,0.0,0.0,0.0,0.0,0.0
Graph context without failure_mode,40879,AG-116,0.0,0.0,1.0,1.0,1.0,0.16666666666666666,0.16666666666666666
Graph context without failure_mode,40944,K-119,0.0,0.0,0.0,0.0,1.0,0.0,0.029411764705882353
Graph context without failure_mode,40965,M-125,0.0,0.0,0.0,0.0,0.0,0.0,0.0
Graph context without failure_mode,40989,EX-071,0.0,0.0,0.0,0.0,0.0,0.0,0.0
Graph context without failure_mode,41019,AG-143,0.0,0.0,0.0,0.0,0.0,0.0,0.0
Graph context without failure_mode,41038,HX-104,0.0,0.0,0.0,0.0,0.0,0.0,0.0
Graph context without failure_mode,41059,M-037,0.0,0.0,0.0,0.0,0.0,0.0,0.0
Graph context without failure_mode,41086,P-215,0.0,0.0,0.0,1.0,1.0,0.0,0.09090909090909091
Graph context without failure_mode,41092,HP-099,0.0,0.0,0.0,0.0,0.0,0.0,0.0
Graph context without failure_mode,41103,CV-227,0.0,0.0,0.0,0.0,0.0,0.0,0.0
Graph context without failure_mode,41120,HV-101,0.0,0.0,0.0,0.0,1.0,0.0,0.03571428571428571
Graph context without failure_mode,41141,UF-055,0.0,0.0,0.0,0.0,0.0,0.0,0.0
Graph context without failure_mode,41161,DP-005,0.0,0.0,0.0,0.0,0.0,0.0,0.0
Graph context without failure_mode,41237,BM-087,0.0,0.0,0.0,0.0,0.0,0.0,0.0
Graph context without failure_mode,41330,P-529,0.0,0.0,0.0,0.0,0.0,0.0,0.0
Graph context without failure_mode,41398,P-206,0.0,0.0,0.0,0.0,0.0,0.0,0.0
Graph context without failure_mode,41417,FM-113,0.0,0.0,0.0,0.0,0.0,0.0,0.0
Graph context without failure_mode,41497,DP-088,0.0,0.0,0.0,0.0,0.0,0.0,0.0
Graph context without failure_mode,41502,P-156,0.0,0.0,0.0,0.0,0.0,0.0,0.0
Graph context without failure_mode,41532,K-241,0.0,0.0,0.0,0.0,0.0,0.0,0.0
Graph context without failure_mode,41580,SC-101,0.0,0.0,0.0,0.0,0.0,0.0,0.0
Graph context without failure_mode,41596,DC-105,0.0,0.0,0.0,0.0,0.0,0.0,0.0
Graph context without failure_mode,41665,M-023,0.0,0.0,0.0,0.0,0.0,0.0,0.0
Graph context without failure_mode,41668,P-666,0.0,0.0,0.0,0.0,0.0,0.0,0.0
Graph context without failure_mode,41704,F-121,0.0,0.0,0.0,0.0,0.0,0.0,0.0
Graph context without failure_mode,41724,HV-052,0.0,0.0,0.0,0.0,0.0,0.0,0.0
Graph context without failure_mode,41741,AG-147,0.0,0.0,0.0,0.0,0.0,0.0,0.0
Graph context without failure_mode,41788,TRB-007,0.0,0.0,0.0,0.0,0.0,0.0,0.0
Graph context without failure_mode,41804,TRB-109,0.0,0.0,0.0,0.0,0.0,0.0,0.0
Graph context without failure_mode,41816,K-109,0.0,0.0,0.0,0.0,0.0,0.0,0.0
Graph context without failure_mode,41824,K-206,0.0,0.0,0.0,0.0,0.0,0.0,0.0
Graph context without failure_mode,41834,AG-005,0.0,0.0,0.0,0.0,0.0,0.0,0.0
Graph context without failure_mode,41877,HX-031,0.0,0.0,0.0,0.0,0.0,0.0,0.0
Graph context without failure_mode,41958,P-216,0.0,0.0,0.0,0.0,0.0,0.0,0.0
Graph context without failure_mode,41976,K-105,0.0,0.0,0.0,0.0,0.0,0.0,0.0
Graph context without failure_mode,42017,DC-083,0.0,0.0,0.0,0.0,0.0,0.0,0.0
Graph context without failure_mode,42034,CT-063,0.0,0.0,0.0,0.0,1.0,0.0,0.020833333333333332
Graph context without failure_mode,42091,P-269,0.0,0.0,0.0,0.0,0.0,0.0,0.0
Graph context without failure_mode,42116,EV-082,0.0,0.0,0.0,0.0,0.0,0.0,0.0
Graph context without failure_mode,42125,P-696,0.0,0.0,0.0,0.0,0.0,0.0,0.0
Graph context without failure_mode,42165,P-426,0.0,0.0,0.0,0.0,0.0,0.0,0.0
Graph context without failure_mode,42256,TK-142,0.0,0.0,0.0,0.0,0.0,0.0,0.0
Graph context without failure_mode,42262,P-152,0.0,0.0,0.0,0.0,0.0,0.0,0.0
Graph context without failure_mode,42348,SC-110,0.0,0.0,0.0,0.0,0.0,0.0,0.0
Graph context without failure_mode,42399,HX-072,0.0,0.0,0.0,0.0,0.0,0.0,0.0
Graph context without failure_mode,42426,TK-052,0.0,0.0,0.0,0.0,0.0,0.0,0.0
Graph context without failure_mode,42464,HV-036,0.0,0.0,0.0,0.0,0.0,0.0,0.0
Graph context without failure_mode,42466,BLR-052,0.0,0.0,0.0,0.0,0.0,0.0,0.0
Graph context without failure_mode,42490,AG-143,0.0,0.0,0.0,0.0,0.0,0.0,0.0
Graph context without failure_mode,42543,P-342,0.0,0.0,0.0,0.0,0.0,0.0,0.0
Graph context without failure_mode,42548,DRY-116,0.0,0.0,0.0,0.0,0.0,0.0,0.0
Graph context without failure_mode,42590,F-307,0.0,0.0,0.0,0.0,0.0,0.0,0.0
Graph context without failure_mode,42607,CF-067,0.0,0.0,0.0,0.0,0.0,0.0,0.0
Graph context without failure_mode,42624,EX-082,0.0,0.0,0.0,0.0,0.0,0.0,0.0
Graph context without failure_mode,42677,P-317,0.0,0.0,0.0,0.0,0.0,0.0,0.0
Graph context without failure_mode,42684,TK-143,0.0,0.0,0.0,0.0,0.0,0.0,0.0
Graph context without failure_mode,42707,DRY-086,0.0,0.0,0.0,0.0,0.0,0.0,0.0
Graph context without failure_mode,42740,HX-145,0.0,0.0,1.0,1.0,1.0,0.1111111111111111,0.1111111111111111
Graph context without failure_mode,42745,P-316,0.0,0.0,0.0,0.0,0.0,0.0,0.0
Graph context without failure_mode,42768,CV-090,0.0,0.0,0.0,0.0,0.0,0.0,0.0
Graph context without failure_mode,42787,HX-079,0.0,0.0,0.0,0.0,0.0,0.0,0.0
Graph context without failure_mode,42814,P-699,0.0,0.0,0.0,0.0,0.0,0.0,0.0
Graph context without failure_mode,42818,K-126,0.0,0.0,0.0,0.0,0.0,0.0,0.0
Graph context without failure_mode,42826,M-082,0.0,0.0,0.0,0.0,0.0,0.0,0.0
Graph context without failure_mode,42845,FM-129,0.0,0.0,0.0,0.0,0.0,0.0,0.0
Graph context without failure_mode,42857,P-311,0.0,0.0,0.0,0.0,0.0,0.0,0.0
Graph context without failure_mode,42867,BLR-113,0.0,0.0,0.0,0.0,0.0,0.0,0.0
Graph context without failure_mode,42912,DOS-059,0.0,0.0,0.0,0.0,0.0,0.0,0.0
Graph context without failure_mode,42943,K-191,0.0,0.0,0.0,0.0,0.0,0.0,0.0
Graph context without failure_mode,42962,TK-221,0.0,1.0,1.0,1.0,1.0,0.2,0.2
Graph context without failure_mode,42978,K-075,0.0,0.0,0.0,0.0,0.0,0.0,0.0
Graph context without failure_mode,42981,P-370,0.0,0.0,0.0,0.0,0.0,0.0,0.0
Graph context without failure_mode,42997,DC-133,0.0,0.0,0.0,0.0,0.0,0.0,0.0
Graph context without failure_mode,42998,R-115,0.0,0.0,0.0,0.0,0.0,0.0,0.0
Graph context without failure_mode,43028,M-085,0.0,0.0,0.0,0.0,1.0,0.0,0.03333333333333333
Graph context without failure_mode,43122,AG-064,0.0,0.0,0.0,0.0,0.0,0.0,0.0
Graph context without failure_mode,43125,P-322,0.0,0.0,0.0,0.0,0.0,0.0,0.0
Graph context without failure_mode,43141,P-539,0.0,0.0,0.0,0.0,0.0,0.0,0.0
Graph context without failure_mode,43187,K-017,0.0,0.0,0.0,0.0,0.0,0.0,0.0
Graph context without failure_mode,43207,M-136,0.0,0.0,0.0,0.0,1.0,0.0,0.02631578947368421
Graph context without failure_mode,43217,P-235,0.0,0.0,0.0,0.0,0.0,0.0,0.0
Graph context without failure_mode,43266,P-420,0.0,0.0,0.0,0.0,0.0,0.0,0.0
Graph context without failure_mode,43285,TK-054,0.0,0.0,0.0,0.0,0.0,0.0,0.0
Graph context without failure_mode,43290,EX-062,0.0,0.0,0.0,0.0,0.0,0.0,0.0
Graph context without failure_mode,43324,TK-078,0.0,0.0,0.0,0.0,0.0,0.0,0.0
Graph context without failure_mode,43520,AG-040,0.0,0.0,0.0,0.0,0.0,0.0,0.0
Graph context without failure_mode,43543,SC-118,0.0,0.0,0.0,0.0,0.0,0.0,0.0
Graph context without failure_mode,43593,TK-125,0.0,0.0,0.0,0.0,0.0,0.0,0.0
Graph context without failure_mode,43601,CT-114,0.0,0.0,0.0,0.0,0.0,0.0,0.0
Graph context without failure_mode,43633,GB-211,0.0,0.0,0.0,0.0,0.0,0.0,0.0
Graph context without failure_mode,43671,BLR-131,0.0,0.0,0.0,0.0,0.0,0.0,0.0
Graph context without failure_mode,43695,CF-030,0.0,0.0,0.0,0.0,0.0,0.0,0.0
Graph context without failure_mode,43768,P-410,0.0,0.0,0.0,0.0,0.0,0.0,0.0
Graph context without failure_mode,43769,K-075,0.0,0.0,0.0,0.0,0.0,0.0,0.0
Graph context without failure_mode,43774,GB-087,0.0,0.0,0.0,0.0,0.0,0.0,0.0
Graph context without failure_mode,43793,HP-033,0.0,0.0,0.0,0.0,0.0,0.0,0.0
Graph context without failure_mode,43808,TK-139,0.0,0.0,0.0,0.0,0.0,0.0,0.0
Graph context without failure_mode,43815,HP-055,0.0,0.0,0.0,0.0,0.0,0.0,0.0
Graph context without failure_mode,43816,DC-110,0.0,0.0,0.0,0.0,0.0,0.0,0.0
Graph context without failure_mode,43819,HX-351,0.0,0.0,0.0,0.0,0.0,0.0,0.0
Graph context without failure_mode,43855,TK-208,0.0,0.0,0.0,0.0,0.0,0.0,0.0
Graph context without failure_mode,43858,CF-039,0.0,0.0,0.0,0.0,0.0,0.0,0.0
Graph context without failure_mode,43862,TK-137,0.0,0.0,0.0,0.0,0.0,0.0,0.0
Graph context without failure_mode,43985,P-521,0.0,0.0,0.0,0.0,0.0,0.0,0.0
Graph context without failure_mode,44072,GT-143,0.0,0.0,0.0,0.0,0.0,0.0,0.0
Graph context without failure_mode,44095,R-005,0.0,0.0,0.0,0.0,0.0,0.0,0.0
Graph context without failure_mode,44133,TK-237,0.0,0.0,0.0,0.0,0.0,0.0,0.0
Graph context without failure_mode,44145,HX-145,0.0,0.0,0.0,0.0,0.0,0.0,0.0
Graph context without failure_mode,44191,HX-015,0.0,0.0,0.0,0.0,0.0,0.0,0.0
Graph context without failure_mode,44204,BLR-135,0.0,0.0,0.0,0.0,0.0,0.0,0.0
Graph context without failure_mode,44241,AG-061,0.0,0.0,0.0,0.0,0.0,0.0,0.0
Graph context without failure_mode,44293,R-090,0.0,0.0,0.0,0.0,0.0,0.0,0.0
Graph context without failure_mode,44312,SEP-111,0.0,0.0,0.0,0.0,0.0,0.0,0.0
Graph context without failure_mode,44319,GB-129,0.0,0.0,0.0,0.0,0.0,0.0,0.0
Graph context without failure_mode,44330,CV-342,0.0,0.0,0.0,0.0,0.0,0.0,0.0
Graph context without failure_mode,44343,GB-091,0.0,0.0,0.0,0.0,0.0,0.0,0.0
Graph context without failure_mode,44366,K-261,0.0,0.0,0.0,0.0,0.0,0.0,0.0
Graph context without failure_mode,44374,EV-131,0.0,0.0,0.0,0.0,0.0,0.0,0.0
Graph context without failure_mode,44424,R-119,0.0,0.0,0.0,0.0,0.0,0.0,0.0
Graph context without failure_mode,44435,TK-101,0.0,0.0,0.0,0.0,0.0,0.0,0.0
Graph context without failure_mode,44523,GB-091,0.0,0.0,0.0,0.0,0.0,0.0,0.0
Graph context without failure_mode,44572,P-240,0.0,0.0,0.0,0.0,0.0,0.0,0.0
Graph context without failure_mode,44576,TK-330,0.0,0.0,0.0,0.0,0.0,0.0,0.0
Graph context without failure_mode,44610,BM-131,0.0,0.0,0.0,0.0,0.0,0.0,0.0
Graph context without failure_mode,44625,HX-009,0.0,0.0,0.0,0.0,0.0,0.0,0.0
Graph context without failure_mode,44639,SEP-110,0.0,0.0,0.0,0.0,0.0,0.0,0.0
Graph context without failure_mode,44662,M-074,0.0,0.0,0.0,0.0,0.0,0.0,0.0
Graph context without failure_mode,44735,M-112,0.0,0.0,0.0,0.0,0.0,0.0,0.0
Graph context without failure_mode,44740,M-127,0.0,0.0,0.0,0.0,0.0,0.0,0.0
Graph context without failure_mode,44851,AG-119,0.0,0.0,0.0,0.0,0.0,0.0,0.0
Graph context without failure_mode,44886,CV-318,0.0,0.0,0.0,0.0,0.0,0.0,0.0
Graph context without failure_mode,44946,HX-081,0.0,0.0,0.0,0.0,0.0,0.0,0.0
Graph context without failure_mode,44991,HP-073,0.0,0.0,0.0,0.0,0.0,0.0,0.0
Graph context without failure_mode,44999,P-448,0.0,0.0,0.0,0.0,0.0,0.0,0.0
Graph context without failure_mode,45013,RLP-103,0.0,0.0,0.0,0.0,0.0,0.0,0.0
Graph context without failure_mode,45026,GB-046,0.0,0.0,0.0,0.0,0.0,0.0,0.0
Graph context without failure_mode,45038,P-424,0.0,0.0,0.0,0.0,0.0,0.0,0.0
Graph context without failure_mode,45055,F-145,0.0,0.0,1.0,1.0,1.0,0.14285714285714285,0.14285714285714285
Graph context without failure_mode,45095,K-143,0.0,0.0,0.0,0.0,0.0,0.0,0.0
Graph context without failure_mode,45097,AG-074,0.0,0.0,0.0,0.0,0.0,0.0,0.0
Graph context without failure_mode,45112,P-200,0.0,0.0,0.0,0.0,0.0,0.0,0.0
Graph context without failure_mode,45155,P-294,0.0,0.0,0.0,0.0,0.0,0.0,0.0
Graph context without failure_mode,45169,AG-053,0.0,0.0,0.0,0.0,0.0,0.0,0.0
Graph context without failure_mode,45172,FM-018,0.0,0.0,0.0,0.0,0.0,0.0,0.0
Graph context without failure_mode,45185,P-561,0.0,0.0,0.0,0.0,0.0,0.0,0.0
Graph context without failure_mode,45238,M-124,0.0,0.0,0.0,0.0,0.0,0.0,0.0
Graph context without failure_mode,45244,FM-140,0.0,0.0,0.0,0.0,0.0,0.0,0.0
Graph context without failure_mode,45320,P-532,0.0,0.0,0.0,0.0,0.0,0.0,0.0
Graph context without failure_mode,45363,P-111,0.0,0.0,0.0,0.0,0.0,0.0,0.0
Graph context without failure_mode,45427,P-262,0.0,0.0,0.0,0.0,0.0,0.0,0.0
Graph context without failure_mode,45442,HX-031,0.0,0.0,0.0,0.0,0.0,0.0,0.0
Graph context without failure_mode,45515,DOS-145,0.0,0.0,0.0,0.0,0.0,0.0,0.0
Graph context without failure_mode,45525,K-080,0.0,0.0,0.0,0.0,0.0,0.0,0.0
Graph context without failure_mode,45565,GS-129,0.0,0.0,0.0,0.0,0.0,0.0,0.0
Graph context without failure_mode,45602,SC-137,0.0,0.0,0.0,0.0,0.0,0.0,0.0
Graph context without failure_mode,45671,R-041,0.0,0.0,0.0,0.0,0.0,0.0,0.0
Graph context without failure_mode,45746,GT-073,0.0,0.0,0.0,0.0,0.0,0.0,0.0
Graph context without failure_mode,45760,TRB-040,0.0,0.0,0.0,0.0,0.0,0.0,0.0
Graph context without failure_mode,45811,TK-041,0.0,0.0,0.0,0.0,0.0,0.0,0.0
Graph context without failure_mode,45814,P-338,0.0,0.0,0.0,0.0,0.0,0.0,0.0
Graph context without failure_mode,45837,K-335,0.0,0.0,0.0,0.0,1.0,0.0,0.030303030303030304
Graph context without failure_mode,45852,P-270,0.0,0.0,0.0,0.0,0.0,0.0,0.0
Graph context without failure_mode,45864,HX-212,0.0,0.0,0.0,0.0,0.0,0.0,0.0
Graph context without failure_mode,45872,GB-130,0.0,0.0,0.0,0.0,0.0,0.0,0.0
Graph context without failure_mode,45909,P-307,0.0,0.0,0.0,0.0,0.0,0.0,0.0
Graph context without failure_mode,45947,BM-121,0.0,0.0,0.0,0.0,0.0,0.0,0.0
Graph context without failure_mode,45953,AG-062,0.0,0.0,0.0,0.0,0.0,0.0,0.0
Graph context without failure_mode,45966,EV-125,0.0,0.0,0.0,0.0,0.0,0.0,0.0
Graph context without failure_mode,46031,R-015,0.0,0.0,0.0,0.0,0.0,0.0,0.0
Graph context without failure_mode,46036,TK-143,0.0,0.0,0.0,0.0,0.0,0.0,0.0
Graph context without failure_mode,46041,R-010,0.0,0.0,0.0,0.0,0.0,0.0,0.0
Graph context without failure_mode,46053,K-103,0.0,0.0,0.0,0.0,0.0,0.0,0.0
Graph context without failure_mode,46079,DP-068,0.0,0.0,0.0,0.0,0.0,0.0,0.0
Graph context without failure_mode,46080,GB-051,0.0,0.0,0.0,0.0,0.0,0.0,0.0
Graph context without failure_mode,46092,HX-168,0.0,0.0,0.0,0.0,0.0,0.0,0.0
Graph context without failure_mode,46138,AG-058,0.0,0.0,0.0,0.0,0.0,0.0,0.0
Graph context without failure_mode,46188,TK-022,0.0,0.0,0.0,0.0,0.0,0.0,0.0
Graph context without failure_mode,46216,P-552,0.0,0.0,0.0,0.0,0.0,0.0,0.0
Graph context without failure_mode,46250,FM-096,0.0,0.0,0.0,0.0,0.0,0.0,0.0
Graph context without failure_mode,46268,P-248,0.0,0.0,0.0,0.0,0.0,0.0,0.0
Graph context without failure_mode,46279,M-113,0.0,0.0,0.0,0.0,0.0,0.0,0.0
Graph context without failure_mode,46299,P-740,0.0,0.0,0.0,0.0,0.0,0.0,0.0
Graph context without failure_mode,46320,F-147,0.0,0.0,0.0,0.0,0.0,0.0,0.0
Graph context without failure_mode,46355,DC-073,0.0,0.0,0.0,0.0,0.0,0.0,0.0
Graph context without failure_mode,46361,SC-028,0.0,0.0,0.0,0.0,0.0,0.0,0.0
Graph context without failure_mode,46375,EX-098,0.0,0.0,0.0,0.0,0.0,0.0,0.0
Graph context without failure_mode,46393,K-085,0.0,0.0,0.0,0.0,0.0,0.0,0.0
Graph context without failure_mode,46417,DC-116,0.0,0.0,0.0,0.0,0.0,0.0,0.0
Graph context without failure_mode,46434,P-644,0.0,0.0,0.0,0.0,0.0,0.0,0.0
Graph context without failure_mode,46458,K-059,0.0,0.0,0.0,0.0,0.0,0.0,0.0
Graph context without failure_mode,46503,FCC-084,0.0,0.0,0.0,0.0,0.0,0.0,0.0
Graph context without failure_mode,46506,P-105,0.0,0.0,0.0,0.0,0.0,0.0,0.0
Graph context without failure_mode,46513,AG-027,0.0,0.0,0.0,0.0,0.0,0.0,0.0
Graph context without failure_mode,46582,TK-158,0.0,0.0,0.0,0.0,0.0,0.0,0.0
Graph context without failure_mode,46600,K-086,0.0,0.0,0.0,0.0,0.0,0.0,0.0
Graph context without failure_mode,46625,FM-087,0.0,0.0,0.0,0.0,0.0,0.0,0.0
Graph context without failure_mode,46626,SD-014,0.0,0.0,0.0,0.0,0.0,0.0,0.0
Graph context without failure_mode,46640,GB-114,0.0,0.0,0.0,0.0,0.0,0.0,0.0
Graph context without failure_mode,46674,DOS-043,0.0,0.0,0.0,0.0,0.0,0.0,0.0
Graph context without failure_mode,46690,HX-129,0.0,0.0,0.0,0.0,0.0,0.0,0.0
Graph context without failure_mode,46705,M-085,0.0,0.0,0.0,0.0,0.0,0.0,0.0
Graph context without failure_mode,46709,DOS-129,0.0,0.0,0.0,0.0,0.0,0.0,0.0
Graph context without failure_mode,46728,EX-053,0.0,0.0,0.0,0.0,0.0,0.0,0.0
Graph context without failure_mode,46751,FM-116,0.0,0.0,0.0,0.0,0.0,0.0,0.0
Graph context without failure_mode,46766,AG-035,0.0,0.0,0.0,0.0,0.0,0.0,0.0
Graph context without failure_mode,46790,CF-043,0.0,0.0,0.0,0.0,0.0,0.0,0.0
Graph context without failure_mode,46826,HX-095,0.0,0.0,0.0,0.0,0.0,0.0,0.0
Graph context without failure_mode,46841,EX-125,0.0,0.0,0.0,0.0,0.0,0.0,0.0
Graph context without failure_mode,46875,P-229,0.0,0.0,0.0,0.0,0.0,0.0,0.0
Graph context without failure_mode,46908,P-332,0.0,0.0,0.0,0.0,0.0,0.0,0.0
Graph context without failure_mode,46960,M-110,0.0,0.0,0.0,0.0,0.0,0.0,0.0
Graph context without failure_mode,46976,K-098,0.0,0.0,0.0,0.0,0.0,0.0,0.0
Graph context without failure_mode,47033,TK-047,0.0,0.0,0.0,0.0,0.0,0.0,0.0
Graph context without failure_mode,47102,CV-093,0.0,0.0,0.0,0.0,0.0,0.0,0.0
Graph context without failure_mode,47172,HV-141,0.0,0.0,0.0,0.0,0.0,0.0,0.0
Graph context without failure_mode,47180,P-244,0.0,0.0,0.0,0.0,0.0,0.0,0.0
Graph context without failure_mode,47244,P-117,0.0,0.0,1.0,1.0,1.0,0.16666666666666666,0.16666666666666666
Graph context without failure_mode,47296,CF-068,0.0,0.0,0.0,0.0,0.0,0.0,0.0
Graph context without failure_mode,47325,BM-142,0.0,0.0,0.0,0.0,0.0,0.0,0.0
Graph context without failure_mode,47335,CF-117,0.0,0.0,0.0,0.0,0.0,0.0,0.0
Graph context without failure_mode,47355,TK-185,0.0,0.0,0.0,0.0,0.0,0.0,0.0
Graph context without failure_mode,47394,P-742,0.0,0.0,0.0,0.0,0.0,0.0,0.0
Graph context without failure_mode,47474,FM-054,0.0,0.0,0.0,0.0,0.0,0.0,0.0
Graph context without failure_mode,47534,TK-104,0.0,0.0,0.0,0.0,0.0,0.0,0.0
Graph context without failure_mode,47568,P-609,0.0,0.0,0.0,0.0,0.0,0.0,0.0
Graph context without failure_mode,47579,SEP-085,0.0,0.0,0.0,0.0,0.0,0.0,0.0
Graph context without failure_mode,47593,F-048,0.0,0.0,0.0,0.0,0.0,0.0,0.0
Graph context without failure_mode,47602,FM-015,0.0,0.0,0.0,0.0,0.0,0.0,0.0
Graph context without failure_mode,47616,K-021,0.0,0.0,0.0,0.0,0.0,0.0,0.0
Graph context without failure_mode,47620,F-017,0.0,0.0,0.0,0.0,0.0,0.0,0.0
Graph context without failure_mode,47635,P-331,0.0,0.0,0.0,0.0,0.0,0.0,0.0
Graph context without failure_mode,47674,TK-134,0.0,0.0,0.0,0.0,0.0,0.0,0.0
Graph context without failure_mode,47695,BM-059,0.0,0.0,0.0,0.0,0.0,0.0,0.0
Graph context without failure_mode,47699,P-154,0.0,0.0,0.0,0.0,0.0,0.0,0.0
Graph context without failure_mode,47755,P-344,0.0,0.0,0.0,0.0,0.0,0.0,0.0
Graph context without failure_mode,47811,F-120,0.0,0.0,0.0,0.0,0.0,0.0,0.0
Graph context without failure_mode,47848,P-179,0.0,0.0,0.0,0.0,0.0,0.0,0.0
Graph context without failure_mode,47876,AG-098,0.0,0.0,0.0,0.0,0.0,0.0,0.0
Graph context without failure_mode,47978,RLP-050,0.0,0.0,0.0,0.0,0.0,0.0,0.0
Graph context without failure_mode,48020,DOS-084,0.0,0.0,0.0,0.0,0.0,0.0,0.0
Graph context without failure_mode,48039,K-027,0.0,0.0,0.0,0.0,0.0,0.0,0.0
Graph context without failure_mode,48093,DRY-019,0.0,0.0,0.0,0.0,0.0,0.0,0.0
Graph context without failure_mode,48104,EV-076,0.0,0.0,0.0,0.0,0.0,0.0,0.0
Graph context without failure_mode,48181,DOS-133,0.0,0.0,0.0,0.0,0.0,0.0,0.0
Graph context without failure_mode,48191,P-658,0.0,0.0,0.0,0.0,0.0,0.0,0.0
Graph context without failure_mode,48197,EX-109,0.0,0.0,0.0,0.0,0.0,0.0,0.0
Graph context without failure_mode,48208,F-143,0.0,0.0,0.0,0.0,0.0,0.0,0.0
Graph context without failure_mode,48223,EX-109,0.0,0.0,0.0,0.0,0.0,0.0,0.0
Graph context without failure_mode,48271,TK-148,0.0,0.0,0.0,0.0,1.0,0.0,0.038461538461538464
Graph context without failure_mode,48326,P-180,0.0,0.0,0.0,0.0,0.0,0.0,0.0
Graph context without failure_mode,48371,P-198,0.0,0.0,0.0,0.0,0.0,0.0,0.0
Graph context without failure_mode,48417,HV-210,0.0,0.0,0.0,0.0,0.0,0.0,0.0
Graph context without failure_mode,48443,GB-006,0.0,0.0,0.0,0.0,0.0,0.0,0.0
Graph context without failure_mode,48569,DC-069,0.0,0.0,0.0,0.0,0.0,0.0,0.0
Graph context without failure_mode,48570,RLP-136,0.0,0.0,0.0,0.0,0.0,0.0,0.0
Graph context without failure_mode,48636,AG-107,0.0,0.0,0.0,0.0,0.0,0.0,0.0
Graph context without failure_mode,48730,DOS-027,0.0,0.0,0.0,0.0,0.0,0.0,0.0
Graph context without failure_mode,48751,FCC-051,0.0,0.0,0.0,0.0,0.0,0.0,0.0
Graph context without failure_mode,48772,K-051,0.0,0.0,0.0,0.0,0.0,0.0,0.0
Graph context without failure_mode,48774,DP-057,0.0,0.0,0.0,0.0,0.0,0.0,0.0
Graph context without failure_mode,48809,M-068,0.0,0.0,0.0,0.0,0.0,0.0,0.0
Graph context without failure_mode,48839,FM-147,0.0,0.0,0.0,0.0,0.0,0.0,0.0
Graph context without failure_mode,48895,P-176,0.0,0.0,0.0,0.0,0.0,0.0,0.0
Graph context without failure_mode,48910,HX-049,0.0,0.0,0.0,0.0,0.0,0.0,0.0
Graph context without failure_mode,48983,GB-027,0.0,0.0,0.0,0.0,0.0,0.0,0.0
Graph context without failure_mode,48989,HX-041,0.0,0.0,0.0,0.0,0.0,0.0,0.0
Graph context without failure_mode,49014,CR-123,0.0,0.0,0.0,0.0,0.0,0.0,0.0
Graph context without failure_mode,49035,SEP-020,0.0,0.0,0.0,0.0,0.0,0.0,0.0
Graph context without failure_mode,49101,TK-338,0.0,0.0,0.0,0.0,0.0,0.0,0.0
Graph context without failure_mode,49144,GB-082,0.0,0.0,0.0,0.0,0.0,0.0,0.0
Graph context without failure_mode,49203,R-024,0.0,0.0,0.0,0.0,0.0,0.0,0.0
Graph context without failure_mode,49323,AG-031,0.0,0.0,0.0,0.0,0.0,0.0,0.0
Graph context without failure_mode,49357,K-101,0.0,0.0,0.0,0.0,0.0,0.0,0.0
Graph context without failure_mode,49362,DRY-006,0.0,0.0,0.0,0.0,0.0,0.0,0.0
Graph context without failure_mode,49363,P-108,0.0,0.0,0.0,0.0,0.0,0.0,0.0
Graph context without failure_mode,49373,HX-329,0.0,0.0,0.0,0.0,0.0,0.0,0.0
Graph context without failure_mode,49392,TK-131,0.0,0.0,0.0,0.0,0.0,0.0,0.0
Graph context without failure_mode,49395,F-054,0.0,0.0,0.0,0.0,0.0,0.0,0.0
Graph context without failure_mode,49401,BLR-011,0.0,0.0,0.0,0.0,0.0,0.0,0.0
Graph context without failure_mode,49412,GB-128,0.0,0.0,0.0,0.0,0.0,0.0,0.0
Graph context without failure_mode,49460,M-082,0.0,0.0,0.0,0.0,0.0,0.0,0.0
Graph context without failure_mode,49478,R-063,0.0,0.0,0.0,0.0,0.0,0.0,0.0
Graph context without failure_mode,49492,CV-133,0.0,0.0,0.0,1.0,1.0,0.0,0.07142857142857142
Graph context without failure_mode,49502,TK-006,0.0,0.0,0.0,0.0,0.0,0.0,0.0
Graph context without failure_mode,49522,P-367,0.0,0.0,0.0,0.0,0.0,0.0,0.0
Graph context without failure_mode,49537,M-071,0.0,0.0,0.0,0.0,0.0,0.0,0.0
Graph context without failure_mode,49574,EX-238,0.0,0.0,0.0,0.0,0.0,0.0,0.0
Graph context without failure_mode,49581,K-121,0.0,0.0,0.0,0.0,0.0,0.0,0.0
Graph context without failure_mode,49611,TK-062,0.0,0.0,0.0,0.0,0.0,0.0,0.0
Graph context without failure_mode,49635,DC-022,0.0,0.0,0.0,0.0,0.0,0.0,0.0
Graph context without failure_mode,49655,M-022,0.0,0.0,0.0,0.0,0.0,0.0,0.0
Graph context without failure_mode,49773,TK-205,0.0,0.0,0.0,0.0,0.0,0.0,0.0
Graph context without failure_mode,49796,P-246,0.0,0.0,0.0,0.0,0.0,0.0,0.0
Graph context without failure_mode,49878,F-032,0.0,0.0,0.0,0.0,0.0,0.0,0.0
Graph context without failure_mode,49911,P-328,0.0,0.0,0.0,0.0,0.0,0.0,0.0
Graph context without failure_mode,49938,TK-071,0.0,0.0,0.0,0.0,0.0,0.0,0.0
Graph context full,6,HX-301,0.0,0.0,0.0,0.0,0.0,0.0,0.0
Graph context full,92,DOS-081,0.0,0.0,0.0,1.0,1.0,0.0,0.05
Graph context full,146,CR-118,0.0,0.0,0.0,0.0,0.0,0.0,0.0
Graph context full,192,FCC-018,0.0,0.0,0.0,0.0,0.0,0.0,0.0
Graph context full,260,EX-120,0.0,0.0,0.0,0.0,0.0,0.0,0.0
Graph context full,282,GS-059,0.0,0.0,0.0,0.0,0.0,0.0,0.0
Graph context full,322,TK-183,0.0,0.0,0.0,0.0,0.0,0.0,0.0
Graph context full,332,P-229,0.0,0.0,0.0,0.0,0.0,0.0,0.0
Graph context full,333,K-099,0.0,0.0,0.0,0.0,0.0,0.0,0.0
Graph context full,334,TK-082,0.0,0.0,0.0,0.0,0.0,0.0,0.0
Graph context full,342,HP-097,0.0,0.0,0.0,0.0,0.0,0.0,0.0
Graph context full,347,CV-009,0.0,0.0,0.0,0.0,0.0,0.0,0.0
Graph context full,351,DRY-076,0.0,0.0,0.0,0.0,0.0,0.0,0.0
Graph context full,353,P-161,0.0,0.0,0.0,0.0,0.0,0.0,0.0
Graph context full,408,TK-306,0.0,0.0,0.0,0.0,0.0,0.0,0.0
Graph context full,409,BLR-076,0.0,0.0,0.0,0.0,0.0,0.0,0.0
Graph context full,436,CV-050,0.0,0.0,0.0,0.0,0.0,0.0,0.0
Graph context full,475,F-123,0.0,0.0,0.0,0.0,0.0,0.0,0.0
Graph context full,561,P-262,0.0,0.0,0.0,0.0,0.0,0.0,0.0
Graph context full,570,SC-215,0.0,0.0,0.0,0.0,0.0,0.0,0.0
Graph context full,594,HX-071,0.0,0.0,0.0,0.0,0.0,0.0,0.0
Graph context full,600,P-238,0.0,0.0,0.0,0.0,0.0,0.0,0.0
Graph context full,601,AG-101,0.0,0.0,0.0,1.0,1.0,0.0,0.09090909090909091
Graph context full,622,HX-337,0.0,0.0,0.0,0.0,0.0,0.0,0.0
Graph context full,636,P-313,0.0,0.0,0.0,0.0,0.0,0.0,0.0
Graph context full,640,AG-107,0.0,0.0,0.0,0.0,0.0,0.0,0.0
Graph context full,645,SEP-079,0.0,0.0,0.0,0.0,0.0,0.0,0.0
Graph context full,673,DC-116,0.0,1.0,1.0,1.0,1.0,0.25,0.25
Graph context full,697,P-248,0.0,0.0,0.0,0.0,0.0,0.0,0.0
Graph context full,725,P-234,0.0,0.0,0.0,0.0,0.0,0.0,0.0
Graph context full,738,HX-133,0.0,0.0,0.0,0.0,0.0,0.0,0.0
Graph context full,739,UF-065,0.0,0.0,0.0,0.0,0.0,0.0,0.0
Graph context full,767,DP-074,0.0,0.0,0.0,0.0,0.0,0.0,0.0
Graph context full,786,DOS-122,0.0,0.0,0.0,0.0,0.0,0.0,0.0
Graph context full,831,TK-386,0.0,0.0,0.0,0.0,0.0,0.0,0.0
Graph context full,877,R-117,0.0,0.0,0.0,0.0,0.0,0.0,0.0
Graph context full,939,P-207,0.0,0.0,0.0,0.0,0.0,0.0,0.0
Graph context full,1077,K-023,0.0,0.0,0.0,1.0,1.0,0.0,0.05
Graph context full,1094,EX-077,0.0,0.0,0.0,0.0,0.0,0.0,0.0
Graph context full,1105,RLP-027,0.0,0.0,0.0,0.0,0.0,0.0,0.0
Graph context full,1129,K-179,0.0,0.0,0.0,0.0,0.0,0.0,0.0
Graph context full,1134,BLR-220,0.0,0.0,0.0,0.0,0.0,0.0,0.0
Graph context full,1187,CR-043,0.0,0.0,0.0,0.0,0.0,0.0,0.0
Graph context full,1189,HX-028,0.0,0.0,0.0,0.0,0.0,0.0,0.0
Graph context full,1210,HV-030,0.0,0.0,0.0,0.0,0.0,0.0,0.0
Graph context full,1221,HV-144,0.0,0.0,0.0,1.0,1.0,0.0,0.058823529411764705
Graph context full,1232,CF-141,0.0,0.0,0.0,0.0,0.0,0.0,0.0
Graph context full,1237,P-330,0.0,0.0,0.0,0.0,0.0,0.0,0.0
Graph context full,1316,EV-059,0.0,0.0,0.0,0.0,0.0,0.0,0.0
Graph context full,1327,F-137,0.0,0.0,0.0,0.0,0.0,0.0,0.0
Graph context full,1329,SC-121,0.0,0.0,0.0,0.0,0.0,0.0,0.0
Graph context full,1343,HP-120,0.0,0.0,0.0,0.0,0.0,0.0,0.0
Graph context full,1353,K-111,0.0,1.0,1.0,1.0,1.0,0.2,0.2
Graph context full,1396,DC-145,0.0,0.0,0.0,0.0,0.0,0.0,0.0
Graph context full,1416,SC-143,0.0,0.0,0.0,0.0,0.0,0.0,0.0
Graph context full,1418,P-207,0.0,0.0,0.0,0.0,0.0,0.0,0.0
Graph context full,1451,BM-138,0.0,0.0,0.0,0.0,0.0,0.0,0.0
Graph context full,1480,P-235,0.0,0.0,0.0,0.0,0.0,0.0,0.0
Graph context full,1488,M-135,0.0,0.0,0.0,0.0,0.0,0.0,0.0
Graph context full,1499,DC-140,0.0,0.0,0.0,0.0,0.0,0.0,0.0
Graph context full,1504,FM-061,0.0,0.0,0.0,0.0,0.0,0.0,0.0
Graph context full,1551,DOS-096,0.0,0.0,0.0,0.0,0.0,0.0,0.0
Graph context full,1577,K-268,0.0,0.0,0.0,0.0,0.0,0.0,0.0
Graph context full,1585,EV-115,0.0,0.0,0.0,0.0,0.0,0.0,0.0
Graph context full,1630,R-039,0.0,0.0,0.0,0.0,0.0,0.0,0.0
Graph context full,1639,TK-134,0.0,0.0,0.0,0.0,0.0,0.0,0.0
Graph context full,1647,P-628,0.0,0.0,0.0,0.0,0.0,0.0,0.0
Graph context full,1661,DC-093,0.0,0.0,0.0,0.0,0.0,0.0,0.0
Graph context full,1700,TK-171,0.0,0.0,0.0,0.0,0.0,0.0,0.0
Graph context full,1710,CV-086,0.0,0.0,0.0,0.0,0.0,0.0,0.0
Graph context full,1719,FCC-071,0.0,0.0,0.0,0.0,0.0,0.0,0.0
Graph context full,1788,P-368,0.0,0.0,0.0,0.0,0.0,0.0,0.0
Graph context full,1789,M-105,0.0,0.0,0.0,0.0,0.0,0.0,0.0
Graph context full,1814,K-021,0.0,0.0,0.0,0.0,0.0,0.0,0.0
Graph context full,1821,AG-119,0.0,0.0,0.0,0.0,0.0,0.0,0.0
Graph context full,1861,AG-110,0.0,0.0,0.0,0.0,0.0,0.0,0.0
Graph context full,1865,GB-122,0.0,0.0,0.0,0.0,0.0,0.0,0.0
Graph context full,1873,P-173,0.0,0.0,0.0,0.0,0.0,0.0,0.0
Graph context full,1898,SC-026,0.0,0.0,0.0,0.0,0.0,0.0,0.0
Graph context full,1901,TK-013,0.0,0.0,0.0,0.0,0.0,0.0,0.0
Graph context full,1983,TK-144,0.0,0.0,0.0,0.0,0.0,0.0,0.0
Graph context full,2010,VP-131,0.0,0.0,0.0,0.0,0.0,0.0,0.0
Graph context full,2029,CT-050,0.0,0.0,0.0,0.0,0.0,0.0,0.0
Graph context full,2043,SEP-057,0.0,0.0,0.0,0.0,0.0,0.0,0.0
Graph context full,2058,SEP-113,0.0,0.0,0.0,0.0,0.0,0.0,0.0
Graph context full,2090,P-170,0.0,0.0,0.0,0.0,0.0,0.0,0.0
Graph context full,2128,P-228,0.0,0.0,0.0,0.0,1.0,0.0,0.034482758620689655
Graph context full,2130,M-075,0.0,0.0,0.0,0.0,0.0,0.0,0.0
Graph context full,2133,GB-043,0.0,0.0,0.0,0.0,0.0,0.0,0.0
Graph context full,2146,P-622,0.0,0.0,0.0,0.0,0.0,0.0,0.0
Graph context full,2152,M-012,0.0,0.0,0.0,0.0,0.0,0.0,0.0
Graph context full,2165,DC-141,0.0,0.0,0.0,0.0,1.0,0.0,0.041666666666666664
Graph context full,2288,HX-023,0.0,0.0,0.0,0.0,0.0,0.0,0.0
Graph context full,2293,P-247,0.0,0.0,0.0,0.0,0.0,0.0,0.0
Graph context full,2307,P-315,0.0,0.0,0.0,0.0,0.0,0.0,0.0
Graph context full,2356,P-321,0.0,0.0,0.0,0.0,0.0,0.0,0.0
Graph context full,2392,K-121,0.0,0.0,0.0,0.0,0.0,0.0,0.0
Graph context full,2422,K-286,0.0,0.0,0.0,0.0,0.0,0.0,0.0
Graph context full,2433,CR-121,0.0,0.0,0.0,0.0,0.0,0.0,0.0
Graph context full,2458,P-309,0.0,0.0,0.0,0.0,0.0,0.0,0.0
Graph context full,2530,K-244,0.0,0.0,0.0,0.0,1.0,0.0,0.020833333333333332
Graph context full,2575,CV-244,0.0,0.0,0.0,1.0,1.0,0.0,0.07142857142857142
Graph context full,2611,CT-016,0.0,0.0,0.0,0.0,0.0,0.0,0.0
Graph context full,2676,P-299,0.0,0.0,0.0,0.0,0.0,0.0,0.0
Graph context full,2684,UF-070,0.0,0.0,0.0,0.0,0.0,0.0,0.0
Graph context full,2685,SC-109,0.0,0.0,0.0,0.0,0.0,0.0,0.0
Graph context full,2706,CV-081,0.0,0.0,0.0,0.0,0.0,0.0,0.0
Graph context full,2716,HV-011,0.0,0.0,0.0,0.0,0.0,0.0,0.0
Graph context full,2783,DOS-094,0.0,0.0,0.0,0.0,0.0,0.0,0.0
Graph context full,2810,GB-133,0.0,0.0,0.0,0.0,0.0,0.0,0.0
Graph context full,2847,BLR-101,0.0,0.0,0.0,0.0,0.0,0.0,0.0
Graph context full,2855,CV-032,0.0,0.0,0.0,1.0,1.0,0.0,0.08333333333333333
Graph context full,2858,TK-007,0.0,0.0,0.0,0.0,0.0,0.0,0.0
Graph context full,2890,DOS-093,0.0,0.0,0.0,0.0,0.0,0.0,0.0
Graph context full,2908,P-102,0.0,0.0,0.0,0.0,0.0,0.0,0.0
Graph context full,2922,TK-015,0.0,0.0,0.0,0.0,0.0,0.0,0.0
Graph context full,2932,P-289,0.0,0.0,0.0,0.0,0.0,0.0,0.0
Graph context full,2936,DP-091,0.0,0.0,1.0,1.0,1.0,0.1111111111111111,0.1111111111111111
Graph context full,2989,P-312,0.0,0.0,0.0,0.0,0.0,0.0,0.0
Graph context full,3121,TK-066,0.0,0.0,0.0,0.0,0.0,0.0,0.0
Graph context full,3147,P-143,0.0,0.0,0.0,0.0,0.0,0.0,0.0
Graph context full,3183,R-089,0.0,0.0,0.0,0.0,0.0,0.0,0.0
Graph context full,3218,UF-224,0.0,0.0,0.0,0.0,0.0,0.0,0.0
Graph context full,3224,K-068,0.0,0.0,0.0,0.0,0.0,0.0,0.0
Graph context full,3226,CR-121,0.0,0.0,0.0,0.0,0.0,0.0,0.0
Graph context full,3240,EX-031,0.0,0.0,0.0,0.0,0.0,0.0,0.0
Graph context full,3320,CV-184,0.0,0.0,0.0,0.0,0.0,0.0,0.0
Graph context full,3380,DC-139,0.0,0.0,0.0,0.0,0.0,0.0,0.0
Graph context full,3505,P-217,0.0,0.0,0.0,0.0,0.0,0.0,0.0
Graph context full,3525,P-364,0.0,0.0,0.0,0.0,0.0,0.0,0.0
Graph context full,3541,HV-040,0.0,0.0,0.0,0.0,0.0,0.0,0.0
Graph context full,3595,TK-114,0.0,0.0,0.0,0.0,0.0,0.0,0.0
Graph context full,3608,DOS-032,1.0,1.0,1.0,1.0,1.0,1.0,1.0
Graph context full,3611,VP-076,0.0,0.0,0.0,0.0,0.0,0.0,0.0
Graph context full,3651,TK-187,0.0,0.0,0.0,0.0,0.0,0.0,0.0
Graph context full,3662,SC-110,0.0,0.0,0.0,0.0,0.0,0.0,0.0
Graph context full,3683,K-091,0.0,0.0,0.0,0.0,0.0,0.0,0.0
Graph context full,3709,P-228,0.0,0.0,0.0,0.0,0.0,0.0,0.0
Graph context full,3737,EV-015,0.0,0.0,1.0,1.0,1.0,0.125,0.125
Graph context full,3818,SD-102,0.0,0.0,0.0,0.0,0.0,0.0,0.0
Graph context full,3855,M-112,0.0,0.0,0.0,0.0,0.0,0.0,0.0
Graph context full,3886,P-629,0.0,0.0,0.0,0.0,0.0,0.0,0.0
Graph context full,3903,F-023,0.0,0.0,0.0,0.0,0.0,0.0,0.0
Graph context full,3918,TK-143,0.0,0.0,0.0,0.0,0.0,0.0,0.0
Graph context full,3956,P-118,0.0,0.0,0.0,0.0,0.0,0.0,0.0
Graph context full,3958,TK-109,0.0,0.0,0.0,0.0,0.0,0.0,0.0
Graph context full,4316,CR-130,0.0,0.0,0.0,0.0,1.0,0.0,0.03333333333333333
Graph context full,4326,P-337,0.0,0.0,0.0,0.0,0.0,0.0,0.0
Graph context full,4351,P-159,0.0,0.0,0.0,0.0,0.0,0.0,0.0
Graph context full,4353,EX-067,0.0,0.0,0.0,0.0,0.0,0.0,0.0
Graph context full,4461,EV-105,0.0,0.0,0.0,0.0,0.0,0.0,0.0
Graph context full,4476,GT-021,0.0,0.0,0.0,0.0,0.0,0.0,0.0
Graph context full,4485,GS-054,0.0,0.0,0.0,0.0,0.0,0.0,0.0
Graph context full,4494,DC-122,0.0,0.0,0.0,0.0,0.0,0.0,0.0
Graph context full,4500,AG-027,0.0,0.0,0.0,0.0,0.0,0.0,0.0
Graph context full,4531,P-321,0.0,0.0,0.0,0.0,0.0,0.0,0.0
Graph context full,4551,RLP-007,0.0,0.0,0.0,0.0,0.0,0.0,0.0
Graph context full,4591,R-121,0.0,0.0,0.0,0.0,0.0,0.0,0.0
Graph context full,4628,VP-118,0.0,0.0,0.0,0.0,0.0,0.0,0.0
Graph context full,4737,P-312,0.0,0.0,0.0,0.0,0.0,0.0,0.0
Graph context full,4777,EX-070,0.0,0.0,0.0,0.0,0.0,0.0,0.0
Graph context full,4857,P-302,0.0,0.0,0.0,0.0,0.0,0.0,0.0
Graph context full,4883,CT-055,0.0,0.0,0.0,0.0,0.0,0.0,0.0
Graph context full,4902,K-033,0.0,0.0,0.0,0.0,0.0,0.0,0.0
Graph context full,4985,GT-136,0.0,0.0,0.0,0.0,0.0,0.0,0.0
Graph context full,5026,M-044,0.0,0.0,0.0,0.0,0.0,0.0,0.0
Graph context full,5040,R-127,0.0,0.0,0.0,0.0,0.0,0.0,0.0
Graph context full,5143,P-216,0.0,0.0,0.0,0.0,0.0,0.0,0.0
Graph context full,5151,BM-124,0.0,0.0,0.0,0.0,0.0,0.0,0.0
Graph context full,5159,P-517,0.0,0.0,0.0,0.0,0.0,0.0,0.0
Graph context full,5209,P-439,0.0,0.0,0.0,0.0,0.0,0.0,0.0
Graph context full,5223,CT-142,0.0,0.0,0.0,0.0,0.0,0.0,0.0
Graph context full,5298,HX-030,0.0,0.0,0.0,1.0,1.0,0.0,0.07692307692307693
Graph context full,5305,TK-075,0.0,0.0,0.0,0.0,0.0,0.0,0.0
Graph context full,5322,P-443,0.0,0.0,0.0,0.0,0.0,0.0,0.0
Graph context full,5401,SC-034,0.0,0.0,0.0,0.0,0.0,0.0,0.0
Graph context full,5407,HV-172,0.0,0.0,0.0,0.0,0.0,0.0,0.0
Graph context full,5451,F-107,0.0,0.0,0.0,0.0,0.0,0.0,0.0
Graph context full,5468,P-104,0.0,0.0,0.0,0.0,0.0,0.0,0.0
Graph context full,5549,CV-039,0.0,0.0,0.0,0.0,0.0,0.0,0.0
Graph context full,5604,CT-145,0.0,0.0,0.0,0.0,0.0,0.0,0.0
Graph context full,5616,HP-109,0.0,0.0,0.0,0.0,1.0,0.0,0.038461538461538464
Graph context full,5683,TK-054,0.0,0.0,0.0,0.0,0.0,0.0,0.0
Graph context full,5692,R-205,0.0,0.0,0.0,0.0,0.0,0.0,0.0
Graph context full,5765,GT-144,0.0,0.0,0.0,0.0,0.0,0.0,0.0
Graph context full,5786,BLR-038,0.0,0.0,0.0,0.0,0.0,0.0,0.0
Graph context full,5846,FM-019,0.0,0.0,0.0,0.0,0.0,0.0,0.0
Graph context full,5859,M-058,0.0,0.0,0.0,0.0,0.0,0.0,0.0
Graph context full,5886,GS-013,0.0,0.0,0.0,0.0,0.0,0.0,0.0
Graph context full,5934,CR-016,0.0,0.0,0.0,0.0,0.0,0.0,0.0
Graph context full,5947,P-324,0.0,0.0,0.0,0.0,0.0,0.0,0.0
Graph context full,5983,R-038,0.0,0.0,0.0,0.0,0.0,0.0,0.0
Graph context full,6007,K-089,0.0,0.0,0.0,0.0,0.0,0.0,0.0
Graph context full,6019,DP-097,0.0,0.0,0.0,0.0,0.0,0.0,0.0
Graph context full,6028,DC-049,0.0,0.0,0.0,0.0,0.0,0.0,0.0
Graph context full,6072,EX-138,0.0,0.0,0.0,0.0,0.0,0.0,0.0
Graph context full,6152,GS-126,0.0,0.0,0.0,0.0,0.0,0.0,0.0
Graph context full,6162,K-272,0.0,0.0,0.0,0.0,0.0,0.0,0.0
Graph context full,6210,FCC-039,0.0,0.0,0.0,0.0,0.0,0.0,0.0
Graph context full,6215,SEP-116,0.0,0.0,0.0,0.0,0.0,0.0,0.0
Graph context full,6265,HV-031,0.0,0.0,0.0,0.0,0.0,0.0,0.0
Graph context full,6283,M-044,0.0,0.0,0.0,0.0,0.0,0.0,0.0
Graph context full,6304,EX-129,0.0,0.0,0.0,0.0,0.0,0.0,0.0
Graph context full,6309,GB-007,0.0,0.0,0.0,0.0,0.0,0.0,0.0
Graph context full,6343,SC-104,0.0,0.0,0.0,0.0,0.0,0.0,0.0
Graph context full,6363,HV-107,0.0,0.0,1.0,1.0,1.0,0.125,0.125
Graph context full,6431,SD-139,0.0,0.0,0.0,0.0,0.0,0.0,0.0
Graph context full,6450,GB-107,0.0,0.0,0.0,0.0,0.0,0.0,0.0
Graph context full,6544,F-080,0.0,0.0,0.0,0.0,0.0,0.0,0.0
Graph context full,6573,TK-103,0.0,0.0,0.0,0.0,0.0,0.0,0.0
Graph context full,6626,GB-033,0.0,0.0,0.0,0.0,0.0,0.0,0.0
Graph context full,6649,P-705,0.0,0.0,0.0,0.0,0.0,0.0,0.0
Graph context full,6663,R-046,0.0,0.0,0.0,0.0,0.0,0.0,0.0
Graph context full,6760,P-378,0.0,0.0,0.0,0.0,0.0,0.0,0.0
Graph context full,6765,EX-031,0.0,0.0,0.0,0.0,0.0,0.0,0.0
Graph context full,6803,K-226,0.0,0.0,0.0,0.0,0.0,0.0,0.0
Graph context full,6807,F-055,0.0,0.0,0.0,0.0,0.0,0.0,0.0
Graph context full,6832,P-184,0.0,0.0,0.0,0.0,0.0,0.0,0.0
Graph context full,6835,CR-120,0.0,0.0,0.0,0.0,0.0,0.0,0.0
Graph context full,6867,HP-084,0.0,0.0,0.0,0.0,0.0,0.0,0.0
Graph context full,6883,UF-015,0.0,0.0,0.0,0.0,0.0,0.0,0.0
Graph context full,6978,HX-125,0.0,0.0,0.0,0.0,0.0,0.0,0.0
Graph context full,7064,P-568,0.0,0.0,0.0,0.0,0.0,0.0,0.0
Graph context full,7091,SEP-210,0.0,0.0,0.0,0.0,0.0,0.0,0.0
Graph context full,7093,R-110,0.0,1.0,1.0,1.0,1.0,0.25,0.25
Graph context full,7124,P-524,0.0,0.0,0.0,0.0,0.0,0.0,0.0
Graph context full,7202,R-133,0.0,0.0,0.0,0.0,0.0,0.0,0.0
Graph context full,7224,AG-040,0.0,0.0,0.0,0.0,0.0,0.0,0.0
Graph context full,7232,HX-124,0.0,0.0,0.0,0.0,0.0,0.0,0.0
Graph context full,7257,HP-138,0.0,0.0,0.0,0.0,0.0,0.0,0.0
Graph context full,7271,DC-115,0.0,0.0,0.0,0.0,0.0,0.0,0.0
Graph context full,7299,GB-017,0.0,0.0,0.0,0.0,0.0,0.0,0.0
Graph context full,7353,P-198,0.0,0.0,0.0,0.0,1.0,0.0,0.04
Graph context full,7359,P-613,0.0,0.0,0.0,0.0,0.0,0.0,0.0
Graph context full,7362,TK-179,0.0,0.0,0.0,1.0,1.0,0.0,0.07692307692307693
Graph context full,7422,R-243,0.0,0.0,0.0,0.0,0.0,0.0,0.0
Graph context full,7432,P-275,0.0,0.0,0.0,0.0,0.0,0.0,0.0
Graph context full,7457,P-296,0.0,0.0,0.0,0.0,0.0,0.0,0.0
Graph context full,7480,HP-112,0.0,0.0,0.0,0.0,0.0,0.0,0.0
Graph context full,7520,K-075,0.0,0.0,0.0,0.0,0.0,0.0,0.0
Graph context full,7546,F-106,0.0,0.0,0.0,1.0,1.0,0.0,0.07142857142857142
Graph context full,7553,FCC-083,0.0,0.0,0.0,0.0,0.0,0.0,0.0
Graph context full,7573,GB-142,0.0,0.0,0.0,0.0,0.0,0.0,0.0
Graph context full,7590,R-064,0.0,0.0,0.0,0.0,1.0,0.0,0.02702702702702703
Graph context full,7639,GS-110,0.0,0.0,0.0,0.0,0.0,0.0,0.0
Graph context full,7686,SC-049,0.0,0.0,0.0,0.0,0.0,0.0,0.0
Graph context full,7709,P-211,0.0,0.0,0.0,0.0,0.0,0.0,0.0
Graph context full,7721,M-135,0.0,0.0,0.0,0.0,0.0,0.0,0.0
Graph context full,7726,EV-131,0.0,0.0,0.0,0.0,0.0,0.0,0.0
Graph context full,7753,GT-081,0.0,0.0,0.0,0.0,0.0,0.0,0.0
Graph context full,7798,M-117,0.0,0.0,0.0,0.0,0.0,0.0,0.0
Graph context full,7812,M-033,0.0,0.0,0.0,0.0,0.0,0.0,0.0
Graph context full,7862,HX-092,0.0,0.0,0.0,0.0,0.0,0.0,0.0
Graph context full,7885,CV-123,0.0,0.0,0.0,0.0,0.0,0.0,0.0
Graph context full,7930,HP-108,0.0,0.0,0.0,0.0,0.0,0.0,0.0
Graph context full,7942,P-695,0.0,0.0,0.0,0.0,0.0,0.0,0.0
Graph context full,7952,HX-059,0.0,0.0,0.0,0.0,0.0,0.0,0.0
Graph context full,7981,M-047,0.0,0.0,0.0,0.0,0.0,0.0,0.0
Graph context full,8038,TRB-140,0.0,0.0,0.0,0.0,0.0,0.0,0.0
Graph context full,8057,CT-115,0.0,0.0,0.0,0.0,0.0,0.0,0.0
Graph context full,8098,TK-111,0.0,0.0,0.0,0.0,0.0,0.0,0.0
Graph context full,8107,K-146,0.0,0.0,0.0,0.0,0.0,0.0,0.0
Graph context full,8226,GB-104,0.0,0.0,0.0,0.0,0.0,0.0,0.0
Graph context full,8303,GB-139,0.0,0.0,0.0,0.0,0.0,0.0,0.0
Graph context full,8310,M-110,0.0,0.0,0.0,0.0,0.0,0.0,0.0
Graph context full,8360,DOS-140,0.0,0.0,0.0,0.0,0.0,0.0,0.0
Graph context full,8423,AG-013,0.0,0.0,0.0,1.0,1.0,0.0,0.06666666666666667
Graph context full,8455,P-591,0.0,0.0,0.0,0.0,0.0,0.0,0.0
Graph context full,8612,UF-084,0.0,0.0,0.0,0.0,0.0,0.0,0.0
Graph context full,8621,P-217,0.0,0.0,0.0,0.0,0.0,0.0,0.0
Graph context full,8643,VP-031,0.0,0.0,0.0,0.0,0.0,0.0,0.0
Graph context full,8709,DC-085,0.0,0.0,0.0,0.0,0.0,0.0,0.0
Graph context full,8748,DOS-103,0.0,0.0,0.0,0.0,0.0,0.0,0.0
Graph context full,8796,TK-158,0.0,0.0,0.0,0.0,0.0,0.0,0.0
Graph context full,8811,P-199,0.0,0.0,0.0,0.0,0.0,0.0,0.0
Graph context full,8817,P-326,0.0,0.0,0.0,0.0,0.0,0.0,0.0
Graph context full,8863,P-730,0.0,0.0,0.0,0.0,0.0,0.0,0.0
Graph context full,8908,P-729,0.0,0.0,0.0,0.0,0.0,0.0,0.0
Graph context full,8932,GB-091,0.0,0.0,0.0,0.0,0.0,0.0,0.0
Graph context full,8979,AG-137,0.0,0.0,0.0,0.0,0.0,0.0,0.0
Graph context full,9144,BM-124,0.0,0.0,0.0,0.0,0.0,0.0,0.0
Graph context full,9154,P-436,0.0,0.0,0.0,0.0,0.0,0.0,0.0
Graph context full,9244,TK-039,0.0,0.0,0.0,0.0,0.0,0.0,0.0
Graph context full,9288,K-139,0.0,0.0,0.0,0.0,0.0,0.0,0.0
Graph context full,9355,SD-144,0.0,1.0,1.0,1.0,1.0,0.3333333333333333,0.3333333333333333
Graph context full,9384,BM-041,0.0,0.0,0.0,0.0,0.0,0.0,0.0
Graph context full,9389,M-003,0.0,0.0,0.0,0.0,0.0,0.0,0.0
Graph context full,9398,TK-034,0.0,0.0,0.0,0.0,0.0,0.0,0.0
Graph context full,9448,SC-007,0.0,0.0,0.0,0.0,0.0,0.0,0.0
Graph context full,9572,DOS-118,0.0,0.0,0.0,0.0,0.0,0.0,0.0
Graph context full,9615,R-245,0.0,0.0,0.0,0.0,0.0,0.0,0.0
Graph context full,9682,M-054,0.0,0.0,0.0,1.0,1.0,0.0,0.05
Graph context full,9696,SC-227,0.0,0.0,0.0,0.0,0.0,0.0,0.0
Graph context full,9700,FCC-047,0.0,0.0,0.0,0.0,0.0,0.0,0.0
Graph context full,9702,HX-107,0.0,0.0,0.0,0.0,0.0,0.0,0.0
Graph context full,9711,VP-115,0.0,0.0,0.0,0.0,0.0,0.0,0.0
Graph context full,9714,HX-083,0.0,0.0,0.0,0.0,0.0,0.0,0.0
Graph context full,9762,SC-143,0.0,0.0,0.0,0.0,0.0,0.0,0.0
Graph context full,9768,GS-074,0.0,0.0,0.0,0.0,0.0,0.0,0.0
Graph context full,9806,FM-006,0.0,0.0,0.0,0.0,0.0,0.0,0.0
Graph context full,9892,P-436,0.0,0.0,0.0,0.0,0.0,0.0,0.0
Graph context full,9896,UF-029,0.0,0.0,0.0,0.0,0.0,0.0,0.0
Graph context full,9909,P-301,0.0,0.0,0.0,0.0,0.0,0.0,0.0
Graph context full,9920,P-243,0.0,0.0,0.0,0.0,0.0,0.0,0.0
Graph context full,9921,P-313,0.0,0.0,0.0,0.0,0.0,0.0,0.0
Graph context full,9928,GB-141,0.0,0.0,0.0,0.0,0.0,0.0,0.0
Graph context full,9947,P-481,0.0,0.0,0.0,0.0,0.0,0.0,0.0
Graph context full,10079,P-569,0.0,0.0,0.0,0.0,0.0,0.0,0.0
Graph context full,10118,HV-108,0.0,0.0,0.0,0.0,0.0,0.0,0.0
Graph context full,10130,K-178,0.0,0.0,0.0,0.0,0.0,0.0,0.0
Graph context full,10191,F-014,0.0,0.0,0.0,0.0,0.0,0.0,0.0
Graph context full,10199,K-203,0.0,0.0,0.0,0.0,0.0,0.0,0.0
Graph context full,10204,HV-034,0.0,0.0,0.0,0.0,0.0,0.0,0.0
Graph context full,10213,CV-128,0.0,0.0,0.0,0.0,0.0,0.0,0.0
Graph context full,10223,VP-039,0.0,0.0,0.0,0.0,0.0,0.0,0.0
Graph context full,10252,P-408,0.0,0.0,0.0,0.0,0.0,0.0,0.0
Graph context full,10263,DRY-030,0.0,0.0,0.0,0.0,0.0,0.0,0.0
Graph context full,10269,SC-014,0.0,0.0,0.0,0.0,0.0,0.0,0.0
Graph context full,10344,M-073,0.0,0.0,0.0,0.0,0.0,0.0,0.0
Graph context full,10380,TK-108,0.0,0.0,0.0,0.0,0.0,0.0,0.0
Graph context full,10421,CF-023,0.0,0.0,0.0,0.0,0.0,0.0,0.0
Graph context full,10444,K-288,0.0,0.0,0.0,0.0,0.0,0.0,0.0
Graph context full,10454,EX-065,0.0,0.0,0.0,0.0,0.0,0.0,0.0
Graph context full,10473,P-328,0.0,0.0,0.0,0.0,0.0,0.0,0.0
Graph context full,10493,HX-208,0.0,0.0,0.0,0.0,0.0,0.0,0.0
Graph context full,10526,P-169,0.0,0.0,0.0,0.0,0.0,0.0,0.0
Graph context full,10575,P-370,0.0,0.0,0.0,0.0,0.0,0.0,0.0
Graph context full,10590,HX-107,0.0,0.0,0.0,0.0,0.0,0.0,0.0
Graph context full,10608,TK-106,0.0,0.0,0.0,0.0,0.0,0.0,0.0
Graph context full,10627,P-365,0.0,0.0,0.0,0.0,0.0,0.0,0.0
Graph context full,10630,HV-049,0.0,0.0,0.0,0.0,0.0,0.0,0.0
Graph context full,10632,P-262,0.0,0.0,0.0,0.0,0.0,0.0,0.0
Graph context full,10647,R-069,0.0,0.0,0.0,0.0,0.0,0.0,0.0
Graph context full,10704,CR-123,0.0,0.0,0.0,0.0,0.0,0.0,0.0
Graph context full,10755,BM-143,0.0,0.0,0.0,0.0,0.0,0.0,0.0
Graph context full,10780,P-234,0.0,0.0,0.0,0.0,0.0,0.0,0.0
Graph context full,10789,P-204,0.0,0.0,0.0,0.0,0.0,0.0,0.0
Graph context full,10825,HV-102,0.0,0.0,0.0,0.0,0.0,0.0,0.0
Graph context full,10828,M-014,0.0,0.0,0.0,0.0,0.0,0.0,0.0
Graph context full,10932,SC-014,0.0,0.0,0.0,0.0,0.0,0.0,0.0
Graph context full,10939,GT-104,0.0,0.0,0.0,0.0,0.0,0.0,0.0
Graph context full,10966,P-362,0.0,0.0,0.0,0.0,0.0,0.0,0.0
Graph context full,10970,CF-100,0.0,0.0,0.0,0.0,0.0,0.0,0.0
Graph context full,10981,GB-068,0.0,0.0,0.0,0.0,0.0,0.0,0.0
Graph context full,11002,VP-054,0.0,0.0,0.0,0.0,0.0,0.0,0.0
Graph context full,11009,TK-204,0.0,0.0,0.0,0.0,0.0,0.0,0.0
Graph context full,11068,SC-103,0.0,0.0,0.0,0.0,0.0,0.0,0.0
Graph context full,11101,CV-272,0.0,0.0,0.0,0.0,0.0,0.0,0.0
Graph context full,11149,P-602,0.0,0.0,0.0,0.0,0.0,0.0,0.0
Graph context full,11165,RLP-059,0.0,0.0,0.0,0.0,1.0,0.0,0.02564102564102564
Graph context full,11173,K-016,0.0,0.0,0.0,0.0,0.0,0.0,0.0
Graph context full,11200,AG-090,0.0,0.0,0.0,0.0,0.0,0.0,0.0
Graph context full,11221,TK-113,0.0,0.0,0.0,0.0,0.0,0.0,0.0
Graph context full,11278,P-682,0.0,0.0,0.0,0.0,0.0,0.0,0.0
Graph context full,11282,M-039,0.0,0.0,0.0,0.0,0.0,0.0,0.0
Graph context full,11372,P-204,0.0,0.0,0.0,0.0,0.0,0.0,0.0
Graph context full,11373,UF-092,0.0,0.0,0.0,0.0,0.0,0.0,0.0
Graph context full,11385,CF-013,0.0,0.0,0.0,0.0,0.0,0.0,0.0
Graph context full,11400,P-228,0.0,0.0,0.0,0.0,0.0,0.0,0.0
Graph context full,11403,CV-050,0.0,0.0,0.0,0.0,1.0,0.0,0.02
Graph context full,11458,CV-241,0.0,0.0,0.0,0.0,0.0,0.0,0.0
Graph context full,11467,CF-102,0.0,0.0,0.0,0.0,0.0,0.0,0.0
Graph context full,11474,GB-112,0.0,0.0,0.0,0.0,0.0,0.0,0.0
Graph context full,11580,K-132,0.0,0.0,0.0,0.0,0.0,0.0,0.0
Graph context full,11584,BM-115,0.0,0.0,0.0,0.0,0.0,0.0,0.0
Graph context full,11622,M-146,0.0,0.0,0.0,0.0,0.0,0.0,0.0
Graph context full,11673,SC-006,0.0,0.0,0.0,0.0,0.0,0.0,0.0
Graph context full,11701,HX-127,0.0,0.0,0.0,0.0,0.0,0.0,0.0
Graph context full,11713,BM-063,0.0,0.0,0.0,0.0,0.0,0.0,0.0
Graph context full,11820,FCC-040,0.0,0.0,0.0,0.0,0.0,0.0,0.0
Graph context full,11917,BLR-043,0.0,0.0,0.0,0.0,0.0,0.0,0.0
Graph context full,11959,P-501,0.0,0.0,0.0,0.0,0.0,0.0,0.0
Graph context full,11974,M-057,0.0,0.0,0.0,0.0,0.0,0.0,0.0
Graph context full,11997,P-224,0.0,0.0,1.0,1.0,1.0,0.14285714285714285,0.14285714285714285
Graph context full,12047,F-011,0.0,0.0,0.0,0.0,0.0,0.0,0.0
Graph context full,12076,FM-056,0.0,0.0,0.0,0.0,0.0,0.0,0.0
Graph context full,12080,HP-056,0.0,0.0,0.0,0.0,0.0,0.0,0.0
Graph context full,12214,P-271,0.0,0.0,0.0,0.0,0.0,0.0,0.0
Graph context full,12238,BLR-103,0.0,0.0,0.0,0.0,0.0,0.0,0.0
Graph context full,12262,P-287,0.0,0.0,0.0,0.0,0.0,0.0,0.0
Graph context full,12303,BLR-046,0.0,0.0,0.0,0.0,0.0,0.0,0.0
Graph context full,12316,SC-038,0.0,0.0,0.0,0.0,0.0,0.0,0.0
Graph context full,12330,P-596,0.0,0.0,0.0,0.0,0.0,0.0,0.0
Graph context full,12340,BLR-046,0.0,0.0,0.0,0.0,0.0,0.0,0.0
Graph context full,12437,K-064,0.0,0.0,0.0,0.0,0.0,0.0,0.0
Graph context full,12449,M-037,0.0,0.0,0.0,0.0,1.0,0.0,0.03571428571428571
Graph context full,12468,P-536,0.0,0.0,0.0,0.0,0.0,0.0,0.0
Graph context full,12503,EV-136,0.0,0.0,0.0,0.0,0.0,0.0,0.0
Graph context full,12519,P-351,0.0,0.0,0.0,0.0,0.0,0.0,0.0
Graph context full,12533,GT-073,0.0,0.0,0.0,0.0,0.0,0.0,0.0
Graph context full,12567,P-245,0.0,0.0,0.0,0.0,1.0,0.0,0.021739130434782608
Graph context full,12738,M-074,0.0,0.0,0.0,0.0,0.0,0.0,0.0
Graph context full,12757,VP-092,0.0,0.0,0.0,0.0,0.0,0.0,0.0
Graph context full,12850,P-677,0.0,0.0,0.0,0.0,0.0,0.0,0.0
Graph context full,12890,SC-019,0.0,0.0,0.0,0.0,0.0,0.0,0.0
Graph context full,12907,P-309,0.0,0.0,0.0,0.0,0.0,0.0,0.0
Graph context full,13027,BM-004,0.0,0.0,0.0,0.0,0.0,0.0,0.0
Graph context full,13073,UF-093,0.0,0.0,0.0,0.0,0.0,0.0,0.0
Graph context full,13091,TK-038,0.0,0.0,0.0,0.0,0.0,0.0,0.0
Graph context full,13158,TK-225,0.0,0.0,0.0,0.0,0.0,0.0,0.0
Graph context full,13168,TK-110,0.0,0.0,0.0,0.0,0.0,0.0,0.0
Graph context full,13229,K-108,0.0,0.0,0.0,0.0,0.0,0.0,0.0
Graph context full,13233,P-206,0.0,0.0,0.0,0.0,0.0,0.0,0.0
Graph context full,13319,GT-023,0.0,0.0,0.0,0.0,0.0,0.0,0.0
Graph context full,13337,CF-057,0.0,0.0,0.0,0.0,0.0,0.0,0.0
Graph context full,13346,P-218,0.0,0.0,0.0,0.0,0.0,0.0,0.0
Graph context full,13409,P-290,0.0,0.0,0.0,0.0,0.0,0.0,0.0
Graph context full,13481,GT-064,0.0,0.0,0.0,0.0,0.0,0.0,0.0
Graph context full,13541,K-031,0.0,0.0,0.0,0.0,0.0,0.0,0.0
Graph context full,13562,K-096,0.0,0.0,0.0,0.0,0.0,0.0,0.0
Graph context full,13581,VP-014,0.0,0.0,0.0,0.0,0.0,0.0,0.0
Graph context full,13585,P-415,0.0,0.0,0.0,0.0,0.0,0.0,0.0
Graph context full,13607,DC-022,0.0,0.0,0.0,0.0,0.0,0.0,0.0
Graph context full,13643,P-397,0.0,0.0,0.0,0.0,0.0,0.0,0.0
Graph context full,13651,P-719,0.0,0.0,0.0,0.0,0.0,0.0,0.0
Graph context full,13657,CT-022,0.0,0.0,0.0,0.0,0.0,0.0,0.0
Graph context full,13752,HX-059,0.0,0.0,0.0,0.0,1.0,0.0,0.022222222222222223
Graph context full,13836,CF-145,0.0,0.0,0.0,0.0,1.0,0.0,0.03571428571428571
Graph context full,13839,CV-230,0.0,0.0,0.0,0.0,0.0,0.0,0.0
Graph context full,13880,HP-047,0.0,0.0,0.0,0.0,0.0,0.0,0.0
Graph context full,13883,TK-144,0.0,0.0,0.0,0.0,0.0,0.0,0.0
Graph context full,13906,GB-006,0.0,0.0,0.0,0.0,0.0,0.0,0.0
Graph context full,13931,HX-061,0.0,0.0,0.0,0.0,0.0,0.0,0.0
Graph context full,13941,P-223,0.0,0.0,0.0,0.0,0.0,0.0,0.0
Graph context full,13956,F-243,0.0,0.0,0.0,0.0,0.0,0.0,0.0
Graph context full,14052,FM-107,0.0,0.0,0.0,0.0,0.0,0.0,0.0
Graph context full,14122,P-366,0.0,0.0,0.0,0.0,0.0,0.0,0.0
Graph context full,14132,M-134,0.0,0.0,0.0,0.0,0.0,0.0,0.0
Graph context full,14140,DC-044,0.0,0.0,0.0,0.0,0.0,0.0,0.0
Graph context full,14188,CT-103,0.0,0.0,0.0,0.0,0.0,0.0,0.0
Graph context full,14229,R-138,0.0,0.0,0.0,0.0,0.0,0.0,0.0
Graph context full,14243,P-219,0.0,0.0,0.0,0.0,0.0,0.0,0.0
Graph context full,14298,P-313,0.0,0.0,0.0,0.0,0.0,0.0,0.0
Graph context full,14339,M-062,0.0,0.0,0.0,0.0,0.0,0.0,0.0
Graph context full,14428,VP-125,0.0,0.0,0.0,0.0,0.0,0.0,0.0
Graph context full,14483,P-476,0.0,0.0,0.0,0.0,0.0,0.0,0.0
Graph context full,14520,HX-050,0.0,0.0,0.0,0.0,0.0,0.0,0.0
Graph context full,14639,TRB-097,0.0,0.0,0.0,0.0,0.0,0.0,0.0
Graph context full,14660,SC-139,0.0,0.0,0.0,0.0,0.0,0.0,0.0
Graph context full,14683,BM-115,0.0,0.0,0.0,0.0,0.0,0.0,0.0
Graph context full,14784,M-106,0.0,0.0,0.0,0.0,0.0,0.0,0.0
Graph context full,14788,P-308,0.0,0.0,0.0,0.0,0.0,0.0,0.0
Graph context full,14805,F-087,0.0,0.0,0.0,0.0,0.0,0.0,0.0
Graph context full,14820,TRB-133,0.0,0.0,0.0,0.0,0.0,0.0,0.0
Graph context full,14870,CT-058,0.0,0.0,0.0,0.0,0.0,0.0,0.0
Graph context full,14892,P-438,0.0,0.0,0.0,0.0,0.0,0.0,0.0
Graph context full,14904,CV-056,0.0,0.0,0.0,0.0,0.0,0.0,0.0
Graph context full,14930,P-244,0.0,0.0,0.0,0.0,0.0,0.0,0.0
Graph context full,15041,GB-087,0.0,0.0,0.0,0.0,0.0,0.0,0.0
Graph context full,15044,TRB-136,0.0,0.0,0.0,0.0,0.0,0.0,0.0
Graph context full,15050,TRB-131,0.0,0.0,0.0,0.0,0.0,0.0,0.0
Graph context full,15084,F-176,0.0,0.0,0.0,0.0,0.0,0.0,0.0
Graph context full,15103,HP-133,0.0,0.0,0.0,0.0,0.0,0.0,0.0
Graph context full,15169,P-219,0.0,0.0,0.0,0.0,0.0,0.0,0.0
Graph context full,15181,GS-124,0.0,0.0,0.0,0.0,0.0,0.0,0.0
Graph context full,15232,TK-315,0.0,0.0,0.0,0.0,0.0,0.0,0.0
Graph context full,15318,R-082,0.0,0.0,0.0,0.0,0.0,0.0,0.0
Graph context full,15368,R-070,0.0,0.0,0.0,0.0,0.0,0.0,0.0
Graph context full,15413,VP-064,0.0,0.0,0.0,0.0,0.0,0.0,0.0
Graph context full,15416,HV-213,0.0,0.0,0.0,0.0,0.0,0.0,0.0
Graph context full,15453,DP-123,0.0,0.0,0.0,0.0,0.0,0.0,0.0
Graph context full,15472,TK-243,0.0,0.0,0.0,0.0,0.0,0.0,0.0
Graph context full,15481,P-159,0.0,0.0,0.0,0.0,0.0,0.0,0.0
Graph context full,15524,HX-125,0.0,0.0,0.0,0.0,0.0,0.0,0.0
Graph context full,15539,P-419,0.0,0.0,0.0,1.0,1.0,0.0,0.05
Graph context full,15619,CT-107,0.0,0.0,0.0,0.0,0.0,0.0,0.0
Graph context full,15677,TK-194,0.0,0.0,0.0,0.0,0.0,0.0,0.0
Graph context full,15721,CR-047,0.0,0.0,0.0,0.0,0.0,0.0,0.0
Graph context full,15723,P-592,0.0,0.0,0.0,0.0,0.0,0.0,0.0
Graph context full,15728,SD-121,0.0,0.0,0.0,0.0,0.0,0.0,0.0
Graph context full,15775,M-036,0.0,0.0,0.0,0.0,0.0,0.0,0.0
Graph context full,15786,CT-091,0.0,0.0,0.0,0.0,0.0,0.0,0.0
Graph context full,15844,GT-142,0.0,0.0,0.0,0.0,0.0,0.0,0.0
Graph context full,15915,F-122,0.0,0.0,0.0,0.0,0.0,0.0,0.0
Graph context full,15938,TK-334,0.0,0.0,0.0,0.0,0.0,0.0,0.0
Graph context full,16020,M-025,0.0,0.0,0.0,0.0,0.0,0.0,0.0
Graph context full,16042,DOS-083,0.0,0.0,0.0,0.0,0.0,0.0,0.0
Graph context full,16055,K-214,0.0,0.0,0.0,0.0,0.0,0.0,0.0
Graph context full,16059,HX-145,0.0,0.0,0.0,0.0,0.0,0.0,0.0
Graph context full,16087,P-743,0.0,0.0,0.0,0.0,0.0,0.0,0.0
Graph context full,16118,F-053,0.0,0.0,0.0,0.0,0.0,0.0,0.0
Graph context full,16133,HX-044,0.0,0.0,0.0,0.0,0.0,0.0,0.0
Graph context full,16181,K-015,0.0,0.0,0.0,0.0,0.0,0.0,0.0
Graph context full,16182,CV-079,0.0,0.0,0.0,0.0,0.0,0.0,0.0
Graph context full,16188,DRY-128,0.0,0.0,0.0,0.0,0.0,0.0,0.0
Graph context full,16193,HP-047,0.0,0.0,0.0,0.0,0.0,0.0,0.0
Graph context full,16199,HX-068,0.0,0.0,0.0,0.0,0.0,0.0,0.0
Graph context full,16257,DC-065,0.0,0.0,0.0,0.0,0.0,0.0,0.0
Graph context full,16258,AG-049,0.0,0.0,0.0,1.0,1.0,0.0,0.07692307692307693
Graph context full,16296,BM-108,0.0,0.0,0.0,0.0,0.0,0.0,0.0
Graph context full,16316,SD-033,0.0,0.0,0.0,0.0,0.0,0.0,0.0
Graph context full,16375,BLR-111,0.0,0.0,0.0,0.0,0.0,0.0,0.0
Graph context full,16402,P-534,0.0,0.0,0.0,0.0,0.0,0.0,0.0
Graph context full,16416,HV-116,0.0,0.0,0.0,0.0,0.0,0.0,0.0
Graph context full,16474,TK-046,0.0,0.0,0.0,0.0,0.0,0.0,0.0
Graph context full,16476,DC-137,0.0,0.0,0.0,0.0,0.0,0.0,0.0
Graph context full,16485,CT-106,0.0,0.0,0.0,0.0,0.0,0.0,0.0
Graph context full,16515,K-100,0.0,0.0,0.0,0.0,0.0,0.0,0.0
Graph context full,16519,TK-068,0.0,0.0,0.0,0.0,0.0,0.0,0.0
Graph context full,16601,P-546,0.0,0.0,0.0,0.0,0.0,0.0,0.0
Graph context full,16726,HV-032,0.0,0.0,0.0,0.0,0.0,0.0,0.0
Graph context full,16768,P-142,0.0,0.0,0.0,0.0,0.0,0.0,0.0
Graph context full,16778,DOS-078,0.0,0.0,0.0,0.0,0.0,0.0,0.0
Graph context full,16793,DP-108,0.0,0.0,0.0,0.0,0.0,0.0,0.0
Graph context full,16825,SD-105,0.0,0.0,0.0,0.0,0.0,0.0,0.0
Graph context full,16858,HV-105,0.0,1.0,1.0,1.0,1.0,0.5,0.5
Graph context full,16901,P-402,0.0,0.0,0.0,0.0,0.0,0.0,0.0
Graph context full,16961,CV-058,0.0,0.0,0.0,0.0,1.0,0.0,0.041666666666666664
Graph context full,16982,CV-046,0.0,0.0,0.0,0.0,0.0,0.0,0.0
Graph context full,16990,TK-229,0.0,0.0,0.0,0.0,0.0,0.0,0.0
Graph context full,17021,UF-110,0.0,0.0,0.0,0.0,0.0,0.0,0.0
Graph context full,17112,P-501,0.0,0.0,0.0,0.0,0.0,0.0,0.0
Graph context full,17123,P-341,0.0,0.0,0.0,0.0,0.0,0.0,0.0
Graph context full,17154,TK-049,0.0,0.0,0.0,0.0,1.0,0.0,0.038461538461538464
Graph context full,17173,HX-206,0.0,0.0,0.0,0.0,0.0,0.0,0.0
Graph context full,17180,CV-071,0.0,0.0,0.0,0.0,0.0,0.0,0.0
Graph context full,17184,HV-127,0.0,0.0,0.0,0.0,0.0,0.0,0.0
Graph context full,17203,M-089,0.0,0.0,0.0,0.0,0.0,0.0,0.0
Graph context full,17283,P-479,0.0,0.0,0.0,0.0,0.0,0.0,0.0
Graph context full,17299,M-078,0.0,0.0,0.0,0.0,0.0,0.0,0.0
Graph context full,17308,BLR-075,0.0,0.0,0.0,0.0,0.0,0.0,0.0
Graph context full,17318,GB-102,0.0,0.0,0.0,0.0,0.0,0.0,0.0
Graph context full,17326,P-209,0.0,0.0,0.0,0.0,0.0,0.0,0.0
Graph context full,17332,GB-079,0.0,0.0,0.0,0.0,0.0,0.0,0.0
Graph context full,17347,SC-052,0.0,0.0,0.0,0.0,0.0,0.0,0.0
Graph context full,17349,R-073,0.0,0.0,0.0,0.0,0.0,0.0,0.0
Graph context full,17369,M-133,0.0,0.0,0.0,0.0,0.0,0.0,0.0
Graph context full,17380,BLR-101,0.0,0.0,0.0,0.0,0.0,0.0,0.0
Graph context full,17385,CV-128,0.0,0.0,0.0,0.0,0.0,0.0,0.0
Graph context full,17394,HV-052,0.0,0.0,0.0,0.0,0.0,0.0,0.0
Graph context full,17467,P-332,0.0,0.0,0.0,0.0,0.0,0.0,0.0
Graph context full,17592,TK-290,0.0,0.0,0.0,0.0,0.0,0.0,0.0
Graph context full,17597,P-582,0.0,0.0,0.0,0.0,0.0,0.0,0.0
Graph context full,17620,HV-031,0.0,0.0,0.0,0.0,0.0,0.0,0.0
Graph context full,17653,F-233,0.0,0.0,0.0,0.0,0.0,0.0,0.0
Graph context full,17664,P-215,0.0,0.0,0.0,0.0,0.0,0.0,0.0
Graph context full,17690,P-210,0.0,0.0,0.0,0.0,0.0,0.0,0.0
Graph context full,17749,P-338,0.0,0.0,0.0,0.0,0.0,0.0,0.0
Graph context full,17843,P-144,0.0,0.0,0.0,0.0,0.0,0.0,0.0
Graph context full,17864,F-054,0.0,0.0,0.0,0.0,1.0,0.0,0.02040816326530612
Graph context full,17884,GB-069,0.0,0.0,0.0,0.0,0.0,0.0,0.0
Graph context full,17924,F-070,0.0,0.0,0.0,0.0,0.0,0.0,0.0
Graph context full,17985,GS-004,0.0,0.0,0.0,0.0,0.0,0.0,0.0
Graph context full,18060,CT-108,0.0,0.0,0.0,0.0,0.0,0.0,0.0
Graph context full,18071,P-303,0.0,0.0,0.0,0.0,0.0,0.0,0.0
Graph context full,18093,TK-059,0.0,0.0,0.0,0.0,0.0,0.0,0.0
Graph context full,18101,BLR-143,0.0,0.0,0.0,0.0,0.0,0.0,0.0
Graph context full,18176,DRY-112,0.0,0.0,0.0,0.0,0.0,0.0,0.0
Graph context full,18184,FM-121,0.0,0.0,0.0,0.0,0.0,0.0,0.0
Graph context full,18230,CF-111,0.0,0.0,0.0,0.0,0.0,0.0,0.0
Graph context full,18250,SC-008,0.0,0.0,0.0,0.0,0.0,0.0,0.0
Graph context full,18256,F-013,0.0,0.0,0.0,0.0,0.0,0.0,0.0
Graph context full,18291,CF-140,0.0,0.0,0.0,0.0,0.0,0.0,0.0
Graph context full,18354,GS-128,0.0,0.0,0.0,0.0,0.0,0.0,0.0
Graph context full,18355,SC-101,0.0,0.0,0.0,0.0,0.0,0.0,0.0
Graph context full,18369,P-356,0.0,0.0,0.0,0.0,0.0,0.0,0.0
Graph context full,18394,DOS-067,0.0,0.0,0.0,0.0,0.0,0.0,0.0
Graph context full,18437,CV-049,0.0,0.0,0.0,0.0,0.0,0.0,0.0
Graph context full,18441,M-120,0.0,0.0,0.0,0.0,0.0,0.0,0.0
Graph context full,18451,AG-126,0.0,0.0,0.0,0.0,0.0,0.0,0.0
Graph context full,18477,P-264,0.0,0.0,1.0,1.0,1.0,0.1111111111111111,0.1111111111111111
Graph context full,18535,M-080,0.0,0.0,0.0,0.0,0.0,0.0,0.0
Graph context full,18548,M-077,0.0,0.0,0.0,0.0,0.0,0.0,0.0
Graph context full,18598,K-104,0.0,0.0,0.0,0.0,0.0,0.0,0.0
Graph context full,18648,CR-143,0.0,0.0,0.0,0.0,0.0,0.0,0.0
Graph context full,18671,UF-070,0.0,0.0,0.0,0.0,0.0,0.0,0.0
Graph context full,18730,P-508,0.0,0.0,0.0,0.0,0.0,0.0,0.0
Graph context full,18741,TRB-104,0.0,0.0,0.0,0.0,0.0,0.0,0.0
Graph context full,18751,GS-104,0.0,0.0,0.0,0.0,0.0,0.0,0.0
Graph context full,18790,M-104,0.0,0.0,0.0,0.0,0.0,0.0,0.0
Graph context full,18799,K-144,0.0,0.0,0.0,1.0,1.0,0.0,0.08333333333333333
Graph context full,18815,R-294,0.0,0.0,0.0,0.0,0.0,0.0,0.0
Graph context full,18818,P-665,0.0,0.0,0.0,0.0,0.0,0.0,0.0
Graph context full,18848,HX-075,0.0,0.0,0.0,0.0,0.0,0.0,0.0
Graph context full,18890,P-459,0.0,0.0,0.0,0.0,0.0,0.0,0.0
Graph context full,18951,F-212,0.0,0.0,0.0,0.0,0.0,0.0,0.0
Graph context full,19249,RLP-069,0.0,0.0,0.0,0.0,0.0,0.0,0.0
Graph context full,19272,CV-305,0.0,0.0,0.0,0.0,0.0,0.0,0.0
Graph context full,19351,HX-047,0.0,0.0,0.0,0.0,0.0,0.0,0.0
Graph context full,19463,BM-080,0.0,0.0,0.0,0.0,0.0,0.0,0.0
Graph context full,19467,K-039,0.0,0.0,0.0,0.0,1.0,0.0,0.034482758620689655
Graph context full,19469,HX-136,0.0,0.0,0.0,0.0,0.0,0.0,0.0
Graph context full,19494,GB-125,0.0,0.0,0.0,0.0,0.0,0.0,0.0
Graph context full,19546,BLR-079,0.0,0.0,0.0,0.0,0.0,0.0,0.0
Graph context full,19676,P-667,0.0,0.0,0.0,0.0,0.0,0.0,0.0
Graph context full,19693,F-133,0.0,0.0,0.0,0.0,0.0,0.0,0.0
Graph context full,19704,HX-226,0.0,0.0,0.0,0.0,0.0,0.0,0.0
Graph context full,19732,EX-057,0.0,0.0,0.0,0.0,0.0,0.0,0.0
Graph context full,19754,P-692,0.0,0.0,0.0,0.0,0.0,0.0,0.0
Graph context full,19881,TK-199,0.0,0.0,0.0,0.0,0.0,0.0,0.0
Graph context full,19968,P-121,0.0,0.0,0.0,0.0,0.0,0.0,0.0
Graph context full,20016,GB-029,0.0,0.0,0.0,0.0,0.0,0.0,0.0
Graph context full,20085,P-125,0.0,0.0,0.0,0.0,0.0,0.0,0.0
Graph context full,20097,P-222,0.0,0.0,0.0,0.0,0.0,0.0,0.0
Graph context full,20102,P-134,0.0,0.0,0.0,0.0,0.0,0.0,0.0
Graph context full,20114,P-429,0.0,0.0,0.0,0.0,0.0,0.0,0.0
Graph context full,20158,HP-105,0.0,0.0,0.0,0.0,0.0,0.0,0.0
Graph context full,20168,HX-032,0.0,0.0,0.0,0.0,0.0,0.0,0.0
Graph context full,20316,DRY-01,0.0,0.0,0.0,0.0,0.0,0.0,0.0
Graph context full,20360,TK-140,0.0,0.0,0.0,1.0,1.0,0.0,0.05555555555555555
Graph context full,20385,P-182,0.0,0.0,0.0,0.0,0.0,0.0,0.0
Graph context full,20390,P-319,0.0,0.0,0.0,0.0,1.0,0.0,0.02631578947368421
Graph context full,20406,F-015,0.0,0.0,0.0,0.0,0.0,0.0,0.0
Graph context full,20472,TK-254,0.0,0.0,0.0,0.0,0.0,0.0,0.0
Graph context full,20473,BM-080,0.0,0.0,0.0,0.0,0.0,0.0,0.0
Graph context full,20500,TRB-050,0.0,0.0,0.0,0.0,0.0,0.0,0.0
Graph context full,20539,F-216,0.0,0.0,0.0,0.0,0.0,0.0,0.0
Graph context full,20559,EV-076,0.0,0.0,0.0,0.0,0.0,0.0,0.0
Graph context full,20563,GT-104,0.0,0.0,0.0,0.0,0.0,0.0,0.0
Graph context full,20587,SD-062,0.0,0.0,0.0,0.0,0.0,0.0,0.0
Graph context full,20614,F-010,0.0,0.0,0.0,0.0,0.0,0.0,0.0
Graph context full,20622,M-133,0.0,0.0,0.0,0.0,0.0,0.0,0.0
Graph context full,20717,P-354,0.0,0.0,0.0,0.0,0.0,0.0,0.0
Graph context full,20723,HP-128,0.0,0.0,0.0,0.0,0.0,0.0,0.0
Graph context full,20725,DOS-091,0.0,0.0,1.0,1.0,1.0,0.1111111111111111,0.1111111111111111
Graph context full,20730,K-149,0.0,0.0,0.0,0.0,0.0,0.0,0.0
Graph context full,20873,P-261,0.0,0.0,0.0,0.0,0.0,0.0,0.0
Graph context full,20887,TK-004,0.0,0.0,0.0,0.0,0.0,0.0,0.0
Graph context full,20920,EV-133,0.0,0.0,0.0,0.0,0.0,0.0,0.0
Graph context full,20921,P-517,0.0,0.0,0.0,0.0,0.0,0.0,0.0
Graph context full,20998,TK-103,0.0,0.0,0.0,0.0,0.0,0.0,0.0
Graph context full,21018,TK-118,0.0,0.0,0.0,0.0,0.0,0.0,0.0
Graph context full,21042,FM-023,0.0,0.0,0.0,0.0,0.0,0.0,0.0
Graph context full,21045,HX-341,0.0,0.0,0.0,0.0,0.0,0.0,0.0
Graph context full,21054,M-117,0.0,0.0,0.0,0.0,0.0,0.0,0.0
Graph context full,21055,AG-031,0.0,0.0,0.0,0.0,0.0,0.0,0.0
Graph context full,21148,R-126,0.0,0.0,0.0,0.0,0.0,0.0,0.0
Graph context full,21159,P-339,0.0,0.0,0.0,0.0,0.0,0.0,0.0
Graph context full,21194,K-102,0.0,0.0,0.0,0.0,1.0,0.0,0.027777777777777776
Graph context full,21259,HX-090,0.0,0.0,0.0,0.0,0.0,0.0,0.0
Graph context full,21271,SEP-111,0.0,0.0,0.0,0.0,0.0,0.0,0.0
Graph context full,21306,P-262,0.0,0.0,0.0,0.0,0.0,0.0,0.0
Graph context full,21364,P-196,0.0,0.0,0.0,0.0,0.0,0.0,0.0
Graph context full,21389,P-114,0.0,0.0,0.0,0.0,0.0,0.0,0.0
Graph context full,21505,M-066,0.0,0.0,0.0,0.0,0.0,0.0,0.0
Graph context full,21519,CF-140,0.0,0.0,0.0,0.0,0.0,0.0,0.0
Graph context full,21532,TK-209,0.0,0.0,0.0,0.0,0.0,0.0,0.0
Graph context full,21539,P-133,0.0,0.0,0.0,0.0,0.0,0.0,0.0
Graph context full,21598,HV-061,0.0,0.0,0.0,0.0,0.0,0.0,0.0
Graph context full,21605,BM-107,0.0,0.0,0.0,0.0,0.0,0.0,0.0
Graph context full,21661,M-146,0.0,0.0,0.0,0.0,0.0,0.0,0.0
Graph context full,21662,FM-106,0.0,0.0,0.0,0.0,0.0,0.0,0.0
Graph context full,21689,VP-122,0.0,0.0,0.0,0.0,0.0,0.0,0.0
Graph context full,21698,M-081,0.0,0.0,0.0,0.0,0.0,0.0,0.0
Graph context full,21815,TK-120,0.0,0.0,0.0,0.0,0.0,0.0,0.0
Graph context full,21828,EX-132,0.0,0.0,0.0,0.0,0.0,0.0,0.0
Graph context full,21914,P-439,0.0,0.0,0.0,0.0,0.0,0.0,0.0
Graph context full,21945,P-472,0.0,0.0,0.0,0.0,0.0,0.0,0.0
Graph context full,22050,R-104,0.0,0.0,0.0,0.0,0.0,0.0,0.0
Graph context full,22106,K-236,0.0,0.0,0.0,0.0,0.0,0.0,0.0
Graph context full,22113,F-048,0.0,0.0,0.0,0.0,0.0,0.0,0.0
Graph context full,22164,DP-029,0.0,0.0,0.0,0.0,0.0,0.0,0.0
Graph context full,22171,BLR-100,0.0,0.0,0.0,0.0,0.0,0.0,0.0
Graph context full,22253,SEP-119,0.0,0.0,0.0,0.0,0.0,0.0,0.0
Graph context full,22283,FM-049,0.0,0.0,0.0,0.0,0.0,0.0,0.0
Graph context full,22289,M-114,0.0,0.0,0.0,0.0,0.0,0.0,0.0
Graph context full,22294,RLP-075,0.0,0.0,0.0,0.0,0.0,0.0,0.0
Graph context full,22331,SEP-101,0.0,0.0,0.0,0.0,0.0,0.0,0.0
Graph context full,22360,GB-199,0.0,0.0,0.0,0.0,0.0,0.0,0.0
Graph context full,22391,HX-433,0.0,0.0,0.0,0.0,0.0,0.0,0.0
Graph context full,22407,BLR-007,0.0,0.0,0.0,0.0,0.0,0.0,0.0
Graph context full,22433,CV-108,0.0,0.0,0.0,1.0,1.0,0.0,0.05555555555555555
Graph context full,22461,F-107,0.0,0.0,0.0,0.0,0.0,0.0,0.0
Graph context full,22570,BLR-015,0.0,0.0,0.0,0.0,0.0,0.0,0.0
Graph context full,22599,SEP-030,0.0,0.0,0.0,0.0,0.0,0.0,0.0
Graph context full,22657,EV-101,0.0,0.0,0.0,0.0,0.0,0.0,0.0
Graph context full,22658,P-137,0.0,0.0,0.0,0.0,0.0,0.0,0.0
Graph context full,22714,DC-031,0.0,0.0,0.0,0.0,0.0,0.0,0.0
Graph context full,22716,TK-109,0.0,0.0,0.0,0.0,0.0,0.0,0.0
Graph context full,22844,CV-100,0.0,0.0,0.0,0.0,0.0,0.0,0.0
Graph context full,22859,P-164,0.0,0.0,0.0,0.0,0.0,0.0,0.0
Graph context full,22864,AG-125,0.0,0.0,0.0,0.0,0.0,0.0,0.0
Graph context full,22875,K-229,0.0,0.0,0.0,0.0,0.0,0.0,0.0
Graph context full,22900,SC-074,0.0,0.0,0.0,0.0,0.0,0.0,0.0
Graph context full,22904,DRY-068,0.0,0.0,0.0,0.0,0.0,0.0,0.0
Graph context full,22959,FM-009,0.0,0.0,0.0,1.0,1.0,0.0,0.05263157894736842
Graph context full,22984,P-156,0.0,0.0,0.0,0.0,0.0,0.0,0.0
Graph context full,22992,P-528,0.0,0.0,0.0,0.0,0.0,0.0,0.0
Graph context full,23008,K-064,0.0,0.0,0.0,0.0,0.0,0.0,0.0
Graph context full,23048,GB-085,0.0,0.0,0.0,0.0,0.0,0.0,0.0
Graph context full,23058,CV-007,0.0,0.0,0.0,0.0,1.0,0.0,0.027777777777777776
Graph context full,23074,EV-006,0.0,0.0,0.0,0.0,0.0,0.0,0.0
Graph context full,23105,P-166,0.0,0.0,0.0,0.0,0.0,0.0,0.0
Graph context full,23173,EV-125,0.0,0.0,0.0,0.0,0.0,0.0,0.0
Graph context full,23184,CV-057,0.0,0.0,0.0,0.0,0.0,0.0,0.0
Graph context full,23309,HX-239,0.0,0.0,0.0,0.0,0.0,0.0,0.0
Graph context full,23327,SC-141,0.0,0.0,0.0,0.0,0.0,0.0,0.0
Graph context full,23370,P-228,1.0,1.0,1.0,1.0,1.0,1.0,1.0
Graph context full,23377,VP-133,0.0,0.0,0.0,0.0,0.0,0.0,0.0
Graph context full,23403,P-155,0.0,0.0,0.0,0.0,0.0,0.0,0.0
Graph context full,23462,P-104,0.0,0.0,0.0,0.0,0.0,0.0,0.0
Graph context full,23502,K-207,0.0,0.0,0.0,0.0,0.0,0.0,0.0
Graph context full,23512,HX-017,0.0,0.0,0.0,0.0,0.0,0.0,0.0
Graph context full,23519,M-041,0.0,0.0,0.0,0.0,0.0,0.0,0.0
Graph context full,23526,P-674,0.0,0.0,0.0,0.0,0.0,0.0,0.0
Graph context full,23528,UF-126,0.0,0.0,0.0,0.0,0.0,0.0,0.0
Graph context full,23535,UF-043,0.0,0.0,1.0,1.0,1.0,0.1,0.1
Graph context full,23547,CF-120,0.0,0.0,0.0,0.0,0.0,0.0,0.0
Graph context full,23554,CV-026,0.0,0.0,0.0,0.0,0.0,0.0,0.0
Graph context full,23585,TK-060,0.0,0.0,0.0,0.0,0.0,0.0,0.0
Graph context full,23605,P-153,0.0,0.0,0.0,0.0,0.0,0.0,0.0
Graph context full,23688,HV-093,0.0,0.0,0.0,0.0,0.0,0.0,0.0
Graph context full,23709,P-430,0.0,0.0,0.0,0.0,0.0,0.0,0.0
Graph context full,23736,SD-144,0.0,0.0,0.0,0.0,0.0,0.0,0.0
Graph context full,23785,P-362,0.0,0.0,0.0,0.0,0.0,0.0,0.0
Graph context full,23800,EV-015,0.0,0.0,0.0,0.0,0.0,0.0,0.0
Graph context full,23819,GB-116,0.0,0.0,0.0,0.0,0.0,0.0,0.0
Graph context full,23839,R-094,0.0,0.0,0.0,0.0,0.0,0.0,0.0
Graph context full,23847,M-053,0.0,0.0,0.0,0.0,0.0,0.0,0.0
Graph context full,23849,GB-142,0.0,0.0,0.0,0.0,0.0,0.0,0.0
Graph context full,23858,P-236,0.0,0.0,0.0,0.0,0.0,0.0,0.0
Graph context full,23862,DP-104,0.0,0.0,0.0,0.0,0.0,0.0,0.0
Graph context full,23863,BLR-125,0.0,0.0,0.0,0.0,0.0,0.0,0.0
Graph context full,23869,SD-035,0.0,0.0,0.0,0.0,0.0,0.0,0.0
Graph context full,23974,P-352,0.0,0.0,0.0,0.0,0.0,0.0,0.0
Graph context full,24037,M-062,0.0,0.0,0.0,0.0,0.0,0.0,0.0
Graph context full,24091,P-442,0.0,0.0,0.0,0.0,0.0,0.0,0.0
Graph context full,24095,K-093,0.0,0.0,0.0,0.0,0.0,0.0,0.0
Graph context full,24165,TK-029,0.0,0.0,0.0,0.0,0.0,0.0,0.0
Graph context full,24183,TK-222,0.0,0.0,0.0,0.0,0.0,0.0,0.0
Graph context full,24203,TK-032,0.0,0.0,0.0,0.0,0.0,0.0,0.0
Graph context full,24274,TK-118,0.0,0.0,0.0,0.0,0.0,0.0,0.0
Graph context full,24288,AG-008,0.0,0.0,0.0,0.0,0.0,0.0,0.0
Graph context full,24306,SC-119,0.0,0.0,0.0,0.0,0.0,0.0,0.0
Graph context full,24308,VP-108,0.0,0.0,0.0,0.0,0.0,0.0,0.0
Graph context full,24340,DRY-035,0.0,0.0,0.0,0.0,0.0,0.0,0.0
Graph context full,24346,K-036,0.0,0.0,0.0,0.0,0.0,0.0,0.0
Graph context full,24381,GB-018,0.0,0.0,0.0,0.0,0.0,0.0,0.0
Graph context full,24396,R-007,0.0,0.0,0.0,0.0,0.0,0.0,0.0
Graph context full,24461,CV-013,0.0,0.0,0.0,0.0,0.0,0.0,0.0
Graph context full,24486,HX-050,0.0,0.0,0.0,0.0,0.0,0.0,0.0
Graph context full,24542,BLR-110,0.0,0.0,0.0,0.0,0.0,0.0,0.0
Graph context full,24545,P-210,0.0,0.0,0.0,0.0,0.0,0.0,0.0
Graph context full,24551,P-158,0.0,0.0,0.0,0.0,0.0,0.0,0.0
Graph context full,24623,BM-118,0.0,0.0,0.0,0.0,0.0,0.0,0.0
Graph context full,24649,TK-037,0.0,0.0,0.0,0.0,0.0,0.0,0.0
Graph context full,24715,P-674,0.0,0.0,0.0,0.0,0.0,0.0,0.0
Graph context full,24743,AG-106,0.0,0.0,0.0,0.0,0.0,0.0,0.0
Graph context full,24765,BLR-217,0.0,0.0,0.0,0.0,0.0,0.0,0.0
Graph context full,24775,BLR-110,0.0,0.0,0.0,0.0,0.0,0.0,0.0
Graph context full,24829,P-296,0.0,0.0,0.0,0.0,0.0,0.0,0.0
Graph context full,24914,TK-242,0.0,0.0,0.0,0.0,0.0,0.0,0.0
Graph context full,24916,DRY-009,0.0,0.0,0.0,0.0,0.0,0.0,0.0
Graph context full,24919,DP-025,0.0,0.0,0.0,0.0,0.0,0.0,0.0
Graph context full,24926,CR-031,0.0,0.0,0.0,0.0,0.0,0.0,0.0
Graph context full,24934,K-052,0.0,0.0,0.0,0.0,0.0,0.0,0.0
Graph context full,24994,GT-141,0.0,0.0,0.0,0.0,0.0,0.0,0.0
Graph context full,25020,BLR-086,0.0,0.0,0.0,0.0,0.0,0.0,0.0
Graph context full,25102,UF-092,0.0,0.0,0.0,0.0,0.0,0.0,0.0
Graph context full,25114,P-387,0.0,0.0,0.0,0.0,0.0,0.0,0.0
Graph context full,25136,P-521,0.0,0.0,0.0,0.0,0.0,0.0,0.0
Graph context full,25211,P-315,0.0,0.0,0.0,0.0,0.0,0.0,0.0
Graph context full,25253,HX-335,0.0,0.0,0.0,0.0,0.0,0.0,0.0
Graph context full,25259,VP-059,0.0,0.0,0.0,0.0,0.0,0.0,0.0
Graph context full,25282,GT-103,0.0,0.0,0.0,0.0,0.0,0.0,0.0
Graph context full,25297,P-490,0.0,0.0,0.0,0.0,0.0,0.0,0.0
Graph context full,25323,HX-230,0.0,0.0,0.0,0.0,0.0,0.0,0.0
Graph context full,25361,TK-112,0.0,1.0,1.0,1.0,1.0,0.3333333333333333,0.3333333333333333
Graph context full,25392,P-186,0.0,0.0,0.0,0.0,0.0,0.0,0.0
Graph context full,25428,SD-102,0.0,0.0,0.0,0.0,0.0,0.0,0.0
Graph context full,25452,EX-136,0.0,0.0,0.0,0.0,0.0,0.0,0.0
Graph context full,25505,TK-243,0.0,0.0,0.0,0.0,0.0,0.0,0.0
Graph context full,25524,M-119,0.0,0.0,0.0,0.0,1.0,0.0,0.023809523809523808
Graph context full,25573,RLP-104,0.0,0.0,0.0,0.0,0.0,0.0,0.0
Graph context full,25585,GB-066,0.0,0.0,0.0,0.0,0.0,0.0,0.0
Graph context full,25596,HV-107,0.0,0.0,0.0,0.0,0.0,0.0,0.0
Graph context full,25607,M-045,0.0,0.0,0.0,0.0,0.0,0.0,0.0
Graph context full,25614,HP-084,0.0,0.0,0.0,0.0,0.0,0.0,0.0
Graph context full,25648,DRY-033,0.0,0.0,0.0,0.0,0.0,0.0,0.0
Graph context full,25658,DOS-112,0.0,0.0,0.0,0.0,0.0,0.0,0.0
Graph context full,25699,P-353,0.0,0.0,0.0,0.0,0.0,0.0,0.0
Graph context full,25777,HV-228,0.0,0.0,0.0,0.0,0.0,0.0,0.0
Graph context full,25806,CV-044,0.0,0.0,0.0,0.0,0.0,0.0,0.0
Graph context full,25813,CR-083,0.0,0.0,0.0,0.0,0.0,0.0,0.0
Graph context full,25885,AG-062,0.0,0.0,0.0,0.0,0.0,0.0,0.0
Graph context full,25934,P-610,0.0,0.0,0.0,0.0,0.0,0.0,0.0
Graph context full,25936,P-642,0.0,0.0,0.0,0.0,0.0,0.0,0.0
Graph context full,25950,EV-043,0.0,0.0,0.0,0.0,0.0,0.0,0.0
Graph context full,26084,TK-086,0.0,0.0,0.0,0.0,0.0,0.0,0.0
Graph context full,26125,P-169,0.0,0.0,0.0,0.0,0.0,0.0,0.0
Graph context full,26127,SD-016,0.0,0.0,0.0,0.0,0.0,0.0,0.0
Graph context full,26193,GS-015,0.0,0.0,0.0,0.0,0.0,0.0,0.0
Graph context full,26271,P-327,0.0,0.0,0.0,0.0,0.0,0.0,0.0
Graph context full,26302,TK-106,0.0,0.0,0.0,0.0,0.0,0.0,0.0
Graph context full,26303,SC-080,0.0,0.0,0.0,0.0,0.0,0.0,0.0
Graph context full,26384,UF-037,0.0,0.0,0.0,0.0,0.0,0.0,0.0
Graph context full,26404,EV-079,0.0,0.0,0.0,0.0,0.0,0.0,0.0
Graph context full,26467,DC-126,0.0,0.0,0.0,0.0,0.0,0.0,0.0
Graph context full,26568,K-081,0.0,0.0,0.0,0.0,0.0,0.0,0.0
Graph context full,26594,HP-118,0.0,0.0,0.0,0.0,0.0,0.0,0.0
Graph context full,26640,TK-134,0.0,0.0,0.0,0.0,0.0,0.0,0.0
Graph context full,26667,M-104,0.0,0.0,0.0,0.0,0.0,0.0,0.0
Graph context full,26680,K-202,0.0,0.0,0.0,0.0,0.0,0.0,0.0
Graph context full,26725,P-389,0.0,0.0,0.0,0.0,0.0,0.0,0.0
Graph context full,26727,TRB-119,0.0,0.0,0.0,0.0,0.0,0.0,0.0
Graph context full,26735,P-283,0.0,0.0,0.0,0.0,1.0,0.0,0.02702702702702703
Graph context full,26791,CR-091,0.0,0.0,0.0,0.0,0.0,0.0,0.0
Graph context full,26839,CV-118,0.0,0.0,0.0,0.0,0.0,0.0,0.0
Graph context full,26888,P-213,0.0,0.0,0.0,0.0,0.0,0.0,0.0
Graph context full,26907,TK-140,0.0,0.0,0.0,0.0,0.0,0.0,0.0
Graph context full,26990,RLP-101,0.0,0.0,0.0,0.0,0.0,0.0,0.0
Graph context full,27027,P-238,0.0,0.0,0.0,0.0,0.0,0.0,0.0
Graph context full,27105,P-424,0.0,0.0,0.0,0.0,0.0,0.0,0.0
Graph context full,27108,M-136,0.0,0.0,0.0,0.0,0.0,0.0,0.0
Graph context full,27151,HX-108,0.0,0.0,0.0,0.0,0.0,0.0,0.0
Graph context full,27188,TK-077,0.0,0.0,0.0,1.0,1.0,0.0,0.07142857142857142
Graph context full,27258,M-046,0.0,0.0,0.0,0.0,0.0,0.0,0.0
Graph context full,27265,P-313,0.0,0.0,0.0,0.0,0.0,0.0,0.0
Graph context full,27273,P-689,0.0,0.0,0.0,0.0,0.0,0.0,0.0
Graph context full,27328,GT-098,0.0,0.0,0.0,0.0,0.0,0.0,0.0
Graph context full,27391,K-153,0.0,0.0,0.0,0.0,0.0,0.0,0.0
Graph context full,27399,P-116,0.0,0.0,0.0,0.0,0.0,0.0,0.0
Graph context full,27431,DP-122,0.0,0.0,0.0,0.0,0.0,0.0,0.0
Graph context full,27447,M-028,0.0,0.0,0.0,0.0,0.0,0.0,0.0
Graph context full,27463,BM-046,0.0,0.0,0.0,0.0,0.0,0.0,0.0
Graph context full,27500,EX-036,0.0,0.0,0.0,0.0,0.0,0.0,0.0
Graph context full,27565,HP-042,0.0,0.0,0.0,0.0,0.0,0.0,0.0
Graph context full,27568,BLR-101,0.0,0.0,0.0,0.0,0.0,0.0,0.0
Graph context full,27618,DC-024,0.0,0.0,0.0,0.0,0.0,0.0,0.0
Graph context full,27639,SC-073,0.0,0.0,0.0,0.0,0.0,0.0,0.0
Graph context full,27644,GB-025,0.0,0.0,0.0,0.0,0.0,0.0,0.0
Graph context full,27650,BM-108,0.0,0.0,0.0,0.0,0.0,0.0,0.0
Graph context full,27669,TK-022,0.0,0.0,0.0,0.0,0.0,0.0,0.0
Graph context full,27677,M-105,0.0,0.0,0.0,0.0,1.0,0.0,0.043478260869565216
Graph context full,27678,BLR-127,0.0,0.0,0.0,0.0,0.0,0.0,0.0
Graph context full,27682,F-225,0.0,0.0,0.0,0.0,0.0,0.0,0.0
Graph context full,27714,DOS-128,0.0,0.0,0.0,0.0,0.0,0.0,0.0
Graph context full,27805,P-144,0.0,0.0,0.0,0.0,1.0,0.0,0.021739130434782608
Graph context full,27837,F-146,0.0,0.0,0.0,1.0,1.0,0.0,0.0625
Graph context full,27885,DC-008,0.0,0.0,0.0,0.0,0.0,0.0,0.0
Graph context full,27909,HX-018,0.0,0.0,0.0,0.0,0.0,0.0,0.0
Graph context full,27958,SEP-062,0.0,0.0,0.0,0.0,0.0,0.0,0.0
Graph context full,27981,DOS-137,0.0,0.0,0.0,0.0,0.0,0.0,0.0
Graph context full,28083,P-154,0.0,0.0,0.0,0.0,0.0,0.0,0.0
Graph context full,28131,M-093,0.0,0.0,0.0,0.0,0.0,0.0,0.0
Graph context full,28279,P-218,0.0,0.0,0.0,0.0,0.0,0.0,0.0
Graph context full,28423,TK-096,0.0,0.0,0.0,0.0,0.0,0.0,0.0
Graph context full,28479,BLR-033,0.0,1.0,1.0,1.0,1.0,0.5,0.5
Graph context full,28481,P-227,0.0,0.0,0.0,0.0,0.0,0.0,0.0
Graph context full,28531,GB-040,0.0,0.0,0.0,0.0,0.0,0.0,0.0
Graph context full,28617,HP-113,0.0,0.0,0.0,0.0,0.0,0.0,0.0
Graph context full,28628,M-020,0.0,0.0,0.0,0.0,0.0,0.0,0.0
Graph context full,28653,HX-007,0.0,0.0,1.0,1.0,1.0,0.1,0.1
Graph context full,28655,HV-117,0.0,0.0,0.0,0.0,0.0,0.0,0.0
Graph context full,28679,M-041,0.0,0.0,0.0,0.0,0.0,0.0,0.0
Graph context full,28709,K-078,0.0,0.0,0.0,0.0,0.0,0.0,0.0
Graph context full,28726,TK-119,0.0,0.0,0.0,0.0,0.0,0.0,0.0
Graph context full,28754,P-657,0.0,0.0,0.0,0.0,0.0,0.0,0.0
Graph context full,28805,M-113,0.0,0.0,0.0,0.0,0.0,0.0,0.0
Graph context full,28837,CF-126,0.0,0.0,0.0,0.0,0.0,0.0,0.0
Graph context full,28839,TK-142,0.0,0.0,0.0,0.0,1.0,0.0,0.022222222222222223
Graph context full,28848,M-056,0.0,0.0,0.0,0.0,0.0,0.0,0.0
Graph context full,28852,BM-066,0.0,0.0,0.0,0.0,0.0,0.0,0.0
Graph context full,28911,DC-081,0.0,0.0,0.0,0.0,0.0,0.0,0.0
Graph context full,28919,HV-226,0.0,0.0,0.0,0.0,0.0,0.0,0.0
Graph context full,28929,P-323,0.0,0.0,0.0,0.0,0.0,0.0,0.0
Graph context full,29081,F-065,0.0,0.0,0.0,0.0,0.0,0.0,0.0
Graph context full,29136,TK-343,0.0,0.0,0.0,0.0,0.0,0.0,0.0
Graph context full,29157,K-012,0.0,0.0,0.0,0.0,0.0,0.0,0.0
Graph context full,29179,TRB-097,0.0,0.0,0.0,0.0,0.0,0.0,0.0
Graph context full,29237,P-139,0.0,0.0,0.0,0.0,0.0,0.0,0.0
Graph context full,29318,M-050,0.0,0.0,0.0,0.0,0.0,0.0,0.0
Graph context full,29369,HX-139,0.0,0.0,0.0,0.0,0.0,0.0,0.0
Graph context full,29407,P-245,0.0,0.0,0.0,0.0,1.0,0.0,0.021739130434782608
Graph context full,29445,M-062,0.0,1.0,1.0,1.0,1.0,0.5,0.5
Graph context full,29465,HP-128,0.0,0.0,0.0,0.0,0.0,0.0,0.0
Graph context full,29489,P-255,0.0,0.0,0.0,0.0,0.0,0.0,0.0
Graph context full,29497,FM-117,0.0,0.0,0.0,0.0,0.0,0.0,0.0
Graph context full,29508,K-103,0.0,0.0,0.0,0.0,0.0,0.0,0.0
Graph context full,29543,K-081,0.0,0.0,0.0,0.0,0.0,0.0,0.0
Graph context full,29572,CV-145,0.0,0.0,0.0,0.0,0.0,0.0,0.0
Graph context full,29585,M-058,0.0,0.0,0.0,0.0,0.0,0.0,0.0
Graph context full,29602,HX-007,0.0,0.0,0.0,0.0,0.0,0.0,0.0
Graph context full,29636,TRB-131,0.0,0.0,0.0,0.0,0.0,0.0,0.0
Graph context full,29666,P-201,0.0,0.0,0.0,0.0,0.0,0.0,0.0
Graph context full,29674,TK-239,0.0,0.0,0.0,0.0,0.0,0.0,0.0
Graph context full,29683,AG-040,0.0,0.0,0.0,0.0,0.0,0.0,0.0
Graph context full,29702,TRB-131,0.0,0.0,0.0,0.0,0.0,0.0,0.0
Graph context full,29727,TK-403,0.0,0.0,0.0,0.0,0.0,0.0,0.0
Graph context full,29799,SD-038,0.0,0.0,0.0,0.0,0.0,0.0,0.0
Graph context full,29813,R-108,0.0,0.0,0.0,0.0,0.0,0.0,0.0
Graph context full,29821,BLR-126,0.0,0.0,0.0,0.0,0.0,0.0,0.0
Graph context full,29840,M-059,0.0,0.0,0.0,0.0,0.0,0.0,0.0
Graph context full,29896,CV-032,0.0,0.0,0.0,0.0,1.0,0.0,0.041666666666666664
Graph context full,29898,K-300,0.0,0.0,0.0,0.0,0.0,0.0,0.0
Graph context full,29975,F-055,0.0,0.0,0.0,0.0,0.0,0.0,0.0
Graph context full,30062,P-158,0.0,0.0,0.0,0.0,0.0,0.0,0.0
Graph context full,30083,P-132,0.0,0.0,0.0,0.0,0.0,0.0,0.0
Graph context full,30117,CV-135,0.0,0.0,0.0,0.0,0.0,0.0,0.0
Graph context full,30154,TK-037,0.0,0.0,0.0,0.0,0.0,0.0,0.0
Graph context full,30174,M-080,0.0,0.0,0.0,0.0,0.0,0.0,0.0
Graph context full,30227,P-352,0.0,0.0,0.0,0.0,0.0,0.0,0.0
Graph context full,30258,K-099,0.0,0.0,0.0,0.0,0.0,0.0,0.0
Graph context full,30279,AG-049,0.0,0.0,0.0,0.0,0.0,0.0,0.0
Graph context full,30366,HV-051,0.0,0.0,0.0,0.0,0.0,0.0,0.0
Graph context full,30374,M-100,0.0,0.0,0.0,1.0,1.0,0.0,0.08333333333333333
Graph context full,30390,R-117,0.0,0.0,0.0,0.0,0.0,0.0,0.0
Graph context full,30399,F-094,0.0,0.0,0.0,0.0,0.0,0.0,0.0
Graph context full,30404,EV-033,0.0,0.0,0.0,0.0,0.0,0.0,0.0
Graph context full,30407,P-680,0.0,0.0,0.0,0.0,0.0,0.0,0.0
Graph context full,30428,BLR-117,0.0,0.0,0.0,0.0,0.0,0.0,0.0
Graph context full,30467,FM-139,0.0,0.0,0.0,0.0,0.0,0.0,0.0
Graph context full,30480,P-321,0.0,0.0,0.0,0.0,0.0,0.0,0.0
Graph context full,30482,GS-111,0.0,0.0,0.0,0.0,0.0,0.0,0.0
Graph context full,30645,SEP-120,0.0,0.0,0.0,0.0,0.0,0.0,0.0
Graph context full,30654,SEP-117,0.0,0.0,0.0,0.0,0.0,0.0,0.0
Graph context full,30679,TK-068,0.0,0.0,0.0,0.0,0.0,0.0,0.0
Graph context full,30708,P-210,0.0,0.0,0.0,0.0,0.0,0.0,0.0
Graph context full,30757,HV-129,0.0,0.0,0.0,0.0,0.0,0.0,0.0
Graph context full,30792,CR-142,0.0,0.0,0.0,0.0,0.0,0.0,0.0
Graph context full,30862,HV-014,0.0,0.0,0.0,0.0,0.0,0.0,0.0
Graph context full,30864,GT-056,0.0,0.0,0.0,0.0,0.0,0.0,0.0
Graph context full,30872,M-083,0.0,0.0,0.0,0.0,0.0,0.0,0.0
Graph context full,30892,GT-005,0.0,0.0,0.0,0.0,0.0,0.0,0.0
Graph context full,30925,P-430,0.0,0.0,0.0,0.0,0.0,0.0,0.0
Graph context full,30931,K-212,0.0,0.0,0.0,0.0,0.0,0.0,0.0
Graph context full,30967,P-439,0.0,0.0,0.0,0.0,0.0,0.0,0.0
Graph context full,30992,TK-039,0.0,0.0,0.0,0.0,0.0,0.0,0.0
Graph context full,30999,DP-069,0.0,0.0,0.0,0.0,0.0,0.0,0.0
Graph context full,31040,HV-017,0.0,0.0,0.0,0.0,0.0,0.0,0.0
Graph context full,31058,HX-120,0.0,0.0,0.0,1.0,1.0,0.0,0.05
Graph context full,31087,P-438,0.0,0.0,0.0,0.0,0.0,0.0,0.0
Graph context full,31088,M-083,0.0,0.0,0.0,0.0,0.0,0.0,0.0
Graph context full,31124,P-483,0.0,0.0,0.0,0.0,0.0,0.0,0.0
Graph context full,31177,P-503,0.0,0.0,0.0,0.0,0.0,0.0,0.0
Graph context full,31180,M-010,0.0,0.0,0.0,0.0,0.0,0.0,0.0
Graph context full,31258,EX-136,0.0,0.0,0.0,0.0,0.0,0.0,0.0
Graph context full,31301,DC-106,0.0,0.0,0.0,0.0,0.0,0.0,0.0
Graph context full,31313,CV-124,0.0,0.0,0.0,0.0,0.0,0.0,0.0
Graph context full,31389,P-242,0.0,0.0,0.0,0.0,0.0,0.0,0.0
Graph context full,31414,P-426,0.0,0.0,0.0,0.0,0.0,0.0,0.0
Graph context full,31543,P-388,0.0,0.0,0.0,0.0,0.0,0.0,0.0
Graph context full,31547,TK-173,0.0,0.0,0.0,0.0,0.0,0.0,0.0
Graph context full,31549,R-201,0.0,0.0,0.0,0.0,0.0,0.0,0.0
Graph context full,31568,DRY-013,0.0,0.0,0.0,0.0,0.0,0.0,0.0
Graph context full,31579,P-517,0.0,0.0,0.0,0.0,0.0,0.0,0.0
Graph context full,31590,AG-128,0.0,0.0,0.0,0.0,0.0,0.0,0.0
Graph context full,31611,TK-151,0.0,0.0,0.0,0.0,0.0,0.0,0.0
Graph context full,31632,F-013,0.0,1.0,1.0,1.0,1.0,0.25,0.25
Graph context full,31720,HV-221,0.0,0.0,0.0,0.0,0.0,0.0,0.0
Graph context full,31739,SD-060,0.0,0.0,0.0,0.0,0.0,0.0,0.0
Graph context full,31764,P-528,0.0,0.0,0.0,0.0,0.0,0.0,0.0
Graph context full,31772,BLR-101,0.0,0.0,0.0,0.0,0.0,0.0,0.0
Graph context full,31785,DRY-089,0.0,0.0,0.0,0.0,0.0,0.0,0.0
Graph context full,31795,F-125,0.0,0.0,0.0,0.0,0.0,0.0,0.0
Graph context full,31808,FCC-052,0.0,0.0,0.0,0.0,0.0,0.0,0.0
Graph context full,31858,HX-209,0.0,0.0,0.0,0.0,0.0,0.0,0.0
Graph context full,31861,F-244,0.0,0.0,0.0,0.0,0.0,0.0,0.0
Graph context full,31865,SC-111,0.0,0.0,0.0,0.0,0.0,0.0,0.0
Graph context full,31893,M-070,0.0,0.0,0.0,0.0,0.0,0.0,0.0
Graph context full,31949,FCC-126,0.0,0.0,0.0,0.0,0.0,0.0,0.0
Graph context full,32042,HX-118,0.0,0.0,0.0,1.0,1.0,0.0,0.05
Graph context full,32058,P-203,0.0,0.0,0.0,0.0,0.0,0.0,0.0
Graph context full,32081,FM-130,0.0,0.0,0.0,0.0,0.0,0.0,0.0
Graph context full,32210,TK-167,0.0,0.0,0.0,0.0,0.0,0.0,0.0
Graph context full,32278,FM-132,0.0,0.0,0.0,1.0,1.0,0.0,0.058823529411764705
Graph context full,32391,K-071,0.0,0.0,0.0,0.0,0.0,0.0,0.0
Graph context full,32446,K-261,0.0,0.0,0.0,0.0,0.0,0.0,0.0
Graph context full,32451,TK-047,0.0,0.0,0.0,0.0,0.0,0.0,0.0
Graph context full,32454,P-151,0.0,0.0,0.0,0.0,0.0,0.0,0.0
Graph context full,32528,P-316,0.0,0.0,0.0,0.0,0.0,0.0,0.0
Graph context full,32543,R-119,0.0,0.0,0.0,0.0,0.0,0.0,0.0
Graph context full,32591,CF-050,0.0,0.0,0.0,0.0,0.0,0.0,0.0
Graph context full,32620,R-047,0.0,0.0,0.0,0.0,0.0,0.0,0.0
Graph context full,32623,EV-057,0.0,0.0,0.0,0.0,0.0,0.0,0.0
Graph context full,32682,M-042,0.0,0.0,0.0,0.0,0.0,0.0,0.0
Graph context full,32764,CT-126,0.0,0.0,0.0,0.0,0.0,0.0,0.0
Graph context full,32790,P-441,0.0,0.0,0.0,0.0,0.0,0.0,0.0
Graph context full,32801,DP-109,0.0,0.0,0.0,0.0,0.0,0.0,0.0
Graph context full,32829,P-509,0.0,0.0,0.0,0.0,0.0,0.0,0.0
Graph context full,32877,CV-145,0.0,0.0,0.0,0.0,0.0,0.0,0.0
Graph context full,32892,P-409,0.0,0.0,0.0,0.0,0.0,0.0,0.0
Graph context full,32898,BLR-125,0.0,0.0,0.0,0.0,0.0,0.0,0.0
Graph context full,32907,HX-132,0.0,0.0,0.0,0.0,0.0,0.0,0.0
Graph context full,32910,DP-110,0.0,0.0,0.0,0.0,1.0,0.0,0.02127659574468085
Graph context full,32936,AG-071,0.0,0.0,0.0,0.0,0.0,0.0,0.0
Graph context full,32986,DC-133,0.0,0.0,0.0,0.0,0.0,0.0,0.0
Graph context full,33017,R-026,0.0,0.0,0.0,0.0,0.0,0.0,0.0
Graph context full,33021,SEP-136,0.0,0.0,0.0,0.0,0.0,0.0,0.0
Graph context full,33098,P-502,0.0,0.0,0.0,0.0,0.0,0.0,0.0
Graph context full,33108,RLP-109,0.0,0.0,0.0,0.0,0.0,0.0,0.0
Graph context full,33133,P-111,0.0,0.0,0.0,0.0,0.0,0.0,0.0
Graph context full,33150,FM-099,0.0,0.0,0.0,0.0,0.0,0.0,0.0
Graph context full,33216,DOS-140,0.0,0.0,0.0,0.0,0.0,0.0,0.0
Graph context full,33268,P-205,0.0,0.0,0.0,0.0,0.0,0.0,0.0
Graph context full,33312,P-271,0.0,0.0,0.0,0.0,0.0,0.0,0.0
Graph context full,33331,CF-083,0.0,0.0,0.0,0.0,0.0,0.0,0.0
Graph context full,33375,K-143,0.0,0.0,0.0,0.0,0.0,0.0,0.0
Graph context full,33414,P-121,0.0,0.0,0.0,0.0,0.0,0.0,0.0
Graph context full,33456,R-033,0.0,0.0,0.0,0.0,0.0,0.0,0.0
Graph context full,33520,P-271,0.0,0.0,0.0,0.0,0.0,0.0,0.0
Graph context full,33556,UF-074,0.0,0.0,0.0,0.0,0.0,0.0,0.0
Graph context full,33587,SD-139,0.0,0.0,0.0,0.0,0.0,0.0,0.0
Graph context full,33595,M-015,0.0,0.0,0.0,0.0,0.0,0.0,0.0
Graph context full,33661,P-660,0.0,0.0,0.0,0.0,0.0,0.0,0.0
Graph context full,33666,DP-132,0.0,0.0,0.0,0.0,0.0,0.0,0.0
Graph context full,33674,DOS-040,0.0,0.0,0.0,1.0,1.0,0.0,0.08333333333333333
Graph context full,33679,K-112,0.0,0.0,0.0,0.0,0.0,0.0,0.0
Graph context full,33707,K-120,0.0,0.0,1.0,1.0,1.0,0.1111111111111111,0.1111111111111111
Graph context full,33769,M-081,0.0,0.0,1.0,1.0,1.0,0.125,0.125
Graph context full,33786,P-246,0.0,0.0,0.0,0.0,0.0,0.0,0.0
Graph context full,33797,AG-129,0.0,0.0,0.0,0.0,0.0,0.0,0.0
Graph context full,33903,K-143,0.0,0.0,0.0,0.0,0.0,0.0,0.0
Graph context full,33949,TRB-046,0.0,0.0,0.0,0.0,0.0,0.0,0.0
Graph context full,33950,P-328,0.0,0.0,0.0,0.0,0.0,0.0,0.0
Graph context full,34003,SC-114,0.0,0.0,0.0,0.0,0.0,0.0,0.0
Graph context full,34004,HX-029,0.0,0.0,0.0,0.0,0.0,0.0,0.0
Graph context full,34087,P-240,0.0,0.0,0.0,0.0,1.0,0.0,0.022222222222222223
Graph context full,34088,K-017,0.0,0.0,0.0,0.0,0.0,0.0,0.0
Graph context full,34122,DOS-138,0.0,0.0,0.0,0.0,0.0,0.0,0.0
Graph context full,34128,DRY-119,0.0,0.0,0.0,0.0,0.0,0.0,0.0
Graph context full,34262,P-346,0.0,0.0,0.0,0.0,0.0,0.0,0.0
Graph context full,34275,R-090,0.0,0.0,0.0,0.0,0.0,0.0,0.0
Graph context full,34290,TK-011,0.0,0.0,0.0,0.0,0.0,0.0,0.0
Graph context full,34369,P-441,0.0,0.0,0.0,0.0,0.0,0.0,0.0
Graph context full,34380,HX-133,0.0,0.0,0.0,0.0,0.0,0.0,0.0
Graph context full,34408,DC-041,0.0,0.0,0.0,0.0,0.0,0.0,0.0
Graph context full,34458,P-604,0.0,0.0,0.0,0.0,0.0,0.0,0.0
Graph context full,34466,K-105,0.0,0.0,0.0,0.0,0.0,0.0,0.0
Graph context full,34488,TRB-039,0.0,0.0,0.0,0.0,0.0,0.0,0.0
Graph context full,34505,M-013,0.0,0.0,0.0,0.0,0.0,0.0,0.0
Graph context full,34540,M-036,0.0,0.0,0.0,0.0,0.0,0.0,0.0
Graph context full,34542,GS-061,0.0,0.0,0.0,0.0,0.0,0.0,0.0
Graph context full,34613,DC-043,0.0,0.0,0.0,0.0,0.0,0.0,0.0
Graph context full,34636,RLP-075,0.0,0.0,0.0,0.0,0.0,0.0,0.0
Graph context full,34670,DRY-110,0.0,0.0,0.0,0.0,0.0,0.0,0.0
Graph context full,34683,HX-147,0.0,0.0,0.0,0.0,0.0,0.0,0.0
Graph context full,34708,HV-102,0.0,0.0,1.0,1.0,1.0,0.1,0.1
Graph context full,34756,AG-027,0.0,0.0,0.0,0.0,0.0,0.0,0.0
Graph context full,34808,CT-055,0.0,0.0,0.0,0.0,0.0,0.0,0.0
Graph context full,34853,CV-008,0.0,0.0,0.0,0.0,0.0,0.0,0.0
Graph context full,34880,DRY-029,0.0,0.0,0.0,0.0,0.0,0.0,0.0
Graph context full,34900,CV-127,0.0,0.0,0.0,0.0,0.0,0.0,0.0
Graph context full,34914,HX-052,0.0,0.0,0.0,0.0,0.0,0.0,0.0
Graph context full,34934,HP-014,0.0,0.0,0.0,0.0,0.0,0.0,0.0
Graph context full,34967,M-007,0.0,0.0,0.0,0.0,0.0,0.0,0.0
Graph context full,35025,TK-230,0.0,0.0,0.0,0.0,0.0,0.0,0.0
Graph context full,35030,K-127,0.0,0.0,0.0,0.0,0.0,0.0,0.0
Graph context full,35054,P-176,0.0,0.0,0.0,0.0,0.0,0.0,0.0
Graph context full,35078,M-048,0.0,0.0,0.0,0.0,0.0,0.0,0.0
Graph context full,35098,CV-115,0.0,0.0,0.0,0.0,1.0,0.0,0.020833333333333332
Graph context full,35162,TK-133,0.0,0.0,0.0,0.0,0.0,0.0,0.0
Graph context full,35201,P-192,0.0,0.0,0.0,0.0,0.0,0.0,0.0
Graph context full,35231,HX-125,0.0,0.0,0.0,0.0,0.0,0.0,0.0
Graph context full,35240,TK-223,0.0,0.0,0.0,0.0,0.0,0.0,0.0
Graph context full,35243,TK-207,0.0,0.0,0.0,0.0,0.0,0.0,0.0
Graph context full,35314,CR-030,0.0,0.0,0.0,0.0,0.0,0.0,0.0
Graph context full,35347,K-216,0.0,0.0,0.0,0.0,1.0,0.0,0.02857142857142857
Graph context full,35353,M-021,0.0,0.0,0.0,0.0,0.0,0.0,0.0
Graph context full,35401,DOS-109,0.0,0.0,0.0,0.0,0.0,0.0,0.0
Graph context full,35475,F-098,0.0,0.0,0.0,0.0,0.0,0.0,0.0
Graph context full,35530,TK-318,0.0,0.0,0.0,0.0,0.0,0.0,0.0
Graph context full,35550,CV-120,0.0,0.0,0.0,0.0,1.0,0.0,0.029411764705882353
Graph context full,35566,P-145,0.0,0.0,0.0,0.0,0.0,0.0,0.0
Graph context full,35591,RLP-134,0.0,0.0,0.0,0.0,0.0,0.0,0.0
Graph context full,35605,DC-145,0.0,0.0,0.0,0.0,0.0,0.0,0.0
Graph context full,35628,BM-112,0.0,0.0,0.0,0.0,0.0,0.0,0.0
Graph context full,35682,TK-109,0.0,0.0,0.0,0.0,0.0,0.0,0.0
Graph context full,35690,P-482,0.0,0.0,0.0,0.0,0.0,0.0,0.0
Graph context full,35708,TRB-075,0.0,0.0,0.0,0.0,0.0,0.0,0.0
Graph context full,35729,VP-106,0.0,0.0,0.0,0.0,0.0,0.0,0.0
Graph context full,35747,GS-110,0.0,0.0,0.0,0.0,0.0,0.0,0.0
Graph context full,35751,CV-082,0.0,0.0,0.0,0.0,1.0,0.0,0.025
Graph context full,35763,HV-106,0.0,0.0,0.0,0.0,0.0,0.0,0.0
Graph context full,35773,K-118,0.0,0.0,0.0,0.0,0.0,0.0,0.0
Graph context full,35866,P-335,0.0,0.0,0.0,0.0,0.0,0.0,0.0
Graph context full,35918,P-154,0.0,0.0,0.0,0.0,0.0,0.0,0.0
Graph context full,35958,CT-109,0.0,0.0,0.0,0.0,0.0,0.0,0.0
Graph context full,35975,CF-062,0.0,0.0,0.0,0.0,0.0,0.0,0.0
Graph context full,36016,TRB-042,0.0,0.0,0.0,0.0,0.0,0.0,0.0
Graph context full,36093,AG-041,0.0,0.0,0.0,0.0,0.0,0.0,0.0
Graph context full,36106,P-535,0.0,0.0,0.0,0.0,0.0,0.0,0.0
Graph context full,36125,K-336,0.0,0.0,0.0,0.0,0.0,0.0,0.0
Graph context full,36138,EX-011,0.0,0.0,0.0,0.0,0.0,0.0,0.0
Graph context full,36166,K-147,0.0,0.0,0.0,0.0,0.0,0.0,0.0
Graph context full,36189,K-061,0.0,0.0,0.0,0.0,1.0,0.0,0.030303030303030304
Graph context full,36201,HX-062,0.0,0.0,0.0,0.0,0.0,0.0,0.0
Graph context full,36259,M-076,0.0,0.0,0.0,0.0,0.0,0.0,0.0
Graph context full,36318,BLR-019,0.0,0.0,0.0,0.0,0.0,0.0,0.0
Graph context full,36363,DC-090,0.0,0.0,0.0,0.0,0.0,0.0,0.0
Graph context full,36370,EX-060,0.0,0.0,0.0,0.0,0.0,0.0,0.0
Graph context full,36389,CV-011,0.0,1.0,1.0,1.0,1.0,0.2,0.2
Graph context full,36394,F-129,0.0,0.0,0.0,0.0,0.0,0.0,0.0
Graph context full,36731,BM-127,0.0,0.0,0.0,0.0,0.0,0.0,0.0
Graph context full,36828,M-069,0.0,0.0,0.0,0.0,0.0,0.0,0.0
Graph context full,36832,DOS-129,0.0,0.0,1.0,1.0,1.0,0.125,0.125
Graph context full,36838,CV-032,0.0,0.0,0.0,0.0,1.0,0.0,0.029411764705882353
Graph context full,36859,M-147,0.0,0.0,0.0,0.0,0.0,0.0,0.0
Graph context full,36884,BM-108,0.0,0.0,0.0,0.0,0.0,0.0,0.0
Graph context full,36977,SEP-109,0.0,0.0,0.0,0.0,0.0,0.0,0.0
Graph context full,37030,CF-045,0.0,0.0,0.0,0.0,0.0,0.0,0.0
Graph context full,37076,M-054,0.0,1.0,1.0,1.0,1.0,0.25,0.25
Graph context full,37080,TK-089,0.0,0.0,0.0,0.0,0.0,0.0,0.0
Graph context full,37102,M-142,0.0,0.0,0.0,1.0,1.0,0.0,0.05263157894736842
Graph context full,37149,DOS-011,0.0,0.0,0.0,0.0,0.0,0.0,0.0
Graph context full,37204,HX-095,0.0,0.0,0.0,0.0,0.0,0.0,0.0
Graph context full,37242,AG-106,0.0,0.0,0.0,0.0,0.0,0.0,0.0
Graph context full,37319,P-543,0.0,0.0,0.0,0.0,0.0,0.0,0.0
Graph context full,37339,K-142,0.0,0.0,0.0,0.0,0.0,0.0,0.0
Graph context full,37370,EV-010,0.0,0.0,0.0,0.0,1.0,0.0,0.041666666666666664
Graph context full,37393,P-335,0.0,0.0,0.0,0.0,0.0,0.0,0.0
Graph context full,37440,BLR-112,0.0,0.0,0.0,0.0,0.0,0.0,0.0
Graph context full,37476,P-742,0.0,0.0,0.0,0.0,0.0,0.0,0.0
Graph context full,37483,HX-027,0.0,0.0,0.0,0.0,0.0,0.0,0.0
Graph context full,37568,UF-098,0.0,0.0,0.0,0.0,0.0,0.0,0.0
Graph context full,37574,R-074,0.0,0.0,0.0,0.0,0.0,0.0,0.0
Graph context full,37577,P-335,0.0,0.0,0.0,0.0,0.0,0.0,0.0
Graph context full,37578,AG-136,0.0,0.0,0.0,0.0,0.0,0.0,0.0
Graph context full,37582,M-101,0.0,0.0,0.0,1.0,1.0,0.0,0.09090909090909091
Graph context full,37592,DC-175,0.0,0.0,0.0,0.0,0.0,0.0,0.0
Graph context full,37627,P-246,0.0,0.0,0.0,0.0,0.0,0.0,0.0
Graph context full,37656,M-097,0.0,0.0,0.0,0.0,0.0,0.0,0.0
Graph context full,37667,DOS-040,0.0,0.0,0.0,0.0,0.0,0.0,0.0
Graph context full,37692,GB-028,0.0,0.0,0.0,0.0,0.0,0.0,0.0
Graph context full,37760,CV-118,0.0,0.0,0.0,0.0,0.0,0.0,0.0
Graph context full,37835,CT-137,0.0,0.0,1.0,1.0,1.0,0.125,0.125
Graph context full,37904,TK-221,0.0,0.0,0.0,0.0,0.0,0.0,0.0
Graph context full,37936,M-135,0.0,0.0,0.0,0.0,0.0,0.0,0.0
Graph context full,37947,M-122,0.0,0.0,0.0,0.0,1.0,0.0,0.04
Graph context full,37977,K-031,0.0,0.0,0.0,0.0,0.0,0.0,0.0
Graph context full,38003,BM-108,0.0,0.0,0.0,0.0,0.0,0.0,0.0
Graph context full,38052,TK-343,0.0,0.0,0.0,0.0,0.0,0.0,0.0
Graph context full,38095,AG-097,0.0,0.0,0.0,0.0,0.0,0.0,0.0
Graph context full,38181,P-222,0.0,0.0,0.0,0.0,0.0,0.0,0.0
Graph context full,38218,CR-103,0.0,0.0,0.0,0.0,0.0,0.0,0.0
Graph context full,38234,UF-124,0.0,0.0,0.0,0.0,0.0,0.0,0.0
Graph context full,38260,P-494,0.0,0.0,0.0,0.0,0.0,0.0,0.0
Graph context full,38277,GT-126,0.0,0.0,0.0,0.0,0.0,0.0,0.0
Graph context full,38323,P-506,0.0,0.0,0.0,0.0,0.0,0.0,0.0
Graph context full,38341,M-090,0.0,0.0,0.0,0.0,0.0,0.0,0.0
Graph context full,38360,P-699,0.0,0.0,0.0,0.0,0.0,0.0,0.0
Graph context full,38370,GB-052,0.0,0.0,0.0,0.0,0.0,0.0,0.0
Graph context full,38371,P-323,0.0,0.0,0.0,0.0,0.0,0.0,0.0
Graph context full,38410,AG-025,0.0,0.0,0.0,0.0,0.0,0.0,0.0
Graph context full,38471,HX-313,0.0,0.0,0.0,0.0,0.0,0.0,0.0
Graph context full,38535,CV-042,0.0,0.0,0.0,0.0,1.0,0.0,0.02127659574468085
Graph context full,38567,HP-067,0.0,0.0,0.0,0.0,0.0,0.0,0.0
Graph context full,38596,TK-142,0.0,0.0,0.0,0.0,0.0,0.0,0.0
Graph context full,38610,HX-098,0.0,0.0,0.0,0.0,0.0,0.0,0.0
Graph context full,38613,M-081,0.0,0.0,0.0,0.0,0.0,0.0,0.0
Graph context full,38642,P-495,0.0,0.0,0.0,0.0,0.0,0.0,0.0
Graph context full,38656,VP-132,0.0,0.0,0.0,0.0,0.0,0.0,0.0
Graph context full,38693,HX-102,0.0,0.0,0.0,0.0,0.0,0.0,0.0
Graph context full,38698,SD-091,0.0,0.0,0.0,0.0,0.0,0.0,0.0
Graph context full,38714,CV-042,0.0,0.0,0.0,0.0,0.0,0.0,0.0
Graph context full,38794,UF-010,0.0,0.0,0.0,0.0,0.0,0.0,0.0
Graph context full,38798,VP-141,0.0,0.0,0.0,0.0,0.0,0.0,0.0
Graph context full,38857,P-364,0.0,0.0,0.0,0.0,0.0,0.0,0.0
Graph context full,38862,CV-219,0.0,0.0,0.0,0.0,0.0,0.0,0.0
Graph context full,38890,P-658,0.0,0.0,0.0,0.0,0.0,0.0,0.0
Graph context full,38895,VP-096,0.0,0.0,0.0,0.0,0.0,0.0,0.0
Graph context full,38917,K-233,0.0,0.0,0.0,0.0,0.0,0.0,0.0
Graph context full,38950,P-155,0.0,0.0,0.0,0.0,0.0,0.0,0.0
Graph context full,38975,EX-081,0.0,0.0,0.0,0.0,0.0,0.0,0.0
Graph context full,39179,P-400,0.0,0.0,0.0,0.0,0.0,0.0,0.0
Graph context full,39229,EV-004,0.0,0.0,0.0,0.0,0.0,0.0,0.0
Graph context full,39339,P-743,0.0,0.0,0.0,0.0,0.0,0.0,0.0
Graph context full,39341,EX-105,0.0,0.0,0.0,0.0,0.0,0.0,0.0
Graph context full,39368,CT-109,0.0,0.0,0.0,0.0,0.0,0.0,0.0
Graph context full,39413,DP-125,0.0,0.0,0.0,0.0,0.0,0.0,0.0
Graph context full,39443,DRY-131,0.0,0.0,0.0,0.0,0.0,0.0,0.0
Graph context full,39452,P-708,0.0,0.0,0.0,0.0,0.0,0.0,0.0
Graph context full,39457,AG-119,0.0,0.0,0.0,0.0,0.0,0.0,0.0
Graph context full,39468,P-534,0.0,0.0,0.0,0.0,0.0,0.0,0.0
Graph context full,39469,TK-098,0.0,0.0,0.0,0.0,0.0,0.0,0.0
Graph context full,39627,P-176,0.0,0.0,0.0,0.0,0.0,0.0,0.0
Graph context full,39710,P-409,0.0,0.0,0.0,0.0,0.0,0.0,0.0
Graph context full,39754,DOS-033,0.0,0.0,0.0,1.0,1.0,0.0,0.05
Graph context full,39756,CR-145,0.0,0.0,0.0,0.0,0.0,0.0,0.0
Graph context full,39807,P-302,0.0,0.0,0.0,0.0,1.0,0.0,0.043478260869565216
Graph context full,39827,DRY-048,0.0,0.0,0.0,0.0,0.0,0.0,0.0
Graph context full,39848,CR-041,0.0,0.0,0.0,0.0,0.0,0.0,0.0
Graph context full,39863,CF-076,0.0,0.0,0.0,0.0,0.0,0.0,0.0
Graph context full,39889,TK-314,0.0,0.0,0.0,0.0,0.0,0.0,0.0
Graph context full,39927,DC-014,0.0,0.0,0.0,0.0,0.0,0.0,0.0
Graph context full,39942,CR-023,0.0,0.0,0.0,0.0,0.0,0.0,0.0
Graph context full,39983,HV-310,0.0,0.0,0.0,0.0,0.0,0.0,0.0
Graph context full,40019,BM-040,0.0,0.0,0.0,0.0,0.0,0.0,0.0
Graph context full,40037,P-689,0.0,0.0,0.0,0.0,0.0,0.0,0.0
Graph context full,40046,HV-123,0.0,0.0,0.0,0.0,0.0,0.0,0.0
Graph context full,40094,TK-129,0.0,0.0,0.0,0.0,0.0,0.0,0.0
Graph context full,40119,P-223,0.0,0.0,0.0,0.0,1.0,0.0,0.02
Graph context full,40141,UF-137,0.0,0.0,0.0,0.0,0.0,0.0,0.0
Graph context full,40156,CF-133,0.0,0.0,0.0,0.0,0.0,0.0,0.0
Graph context full,40210,TK-104,0.0,0.0,0.0,0.0,0.0,0.0,0.0
Graph context full,40284,P-685,0.0,0.0,0.0,0.0,0.0,0.0,0.0
Graph context full,40337,TK-046,0.0,0.0,0.0,0.0,0.0,0.0,0.0
Graph context full,40380,CV-328,0.0,0.0,0.0,0.0,0.0,0.0,0.0
Graph context full,40381,K-095,0.0,0.0,0.0,0.0,0.0,0.0,0.0
Graph context full,40395,HX-080,0.0,0.0,0.0,0.0,0.0,0.0,0.0
Graph context full,40432,DC-109,0.0,0.0,0.0,0.0,0.0,0.0,0.0
Graph context full,40441,GB-008,0.0,0.0,0.0,0.0,0.0,0.0,0.0
Graph context full,40554,P-244,0.0,0.0,0.0,0.0,0.0,0.0,0.0
Graph context full,40580,CT-124,0.0,0.0,0.0,0.0,0.0,0.0,0.0
Graph context full,40587,AG-139,0.0,0.0,0.0,1.0,1.0,0.0,0.09090909090909091
Graph context full,40618,BLR-085,0.0,0.0,0.0,0.0,0.0,0.0,0.0
Graph context full,40629,M-083,0.0,0.0,0.0,0.0,0.0,0.0,0.0
Graph context full,40695,P-217,0.0,0.0,0.0,0.0,0.0,0.0,0.0
Graph context full,40701,SEP-112,0.0,0.0,0.0,0.0,0.0,0.0,0.0
Graph context full,40707,P-222,0.0,0.0,0.0,0.0,0.0,0.0,0.0
Graph context full,40711,DOS-167,0.0,0.0,0.0,0.0,0.0,0.0,0.0
Graph context full,40849,P-340,0.0,0.0,0.0,0.0,0.0,0.0,0.0
Graph context full,40850,P-122,0.0,0.0,0.0,0.0,0.0,0.0,0.0
Graph context full,40876,P-395,0.0,0.0,0.0,0.0,0.0,0.0,0.0
Graph context full,40879,AG-116,0.0,0.0,1.0,1.0,1.0,0.16666666666666666,0.16666666666666666
Graph context full,40944,K-119,0.0,0.0,0.0,0.0,1.0,0.0,0.030303030303030304
Graph context full,40965,M-125,0.0,0.0,0.0,0.0,0.0,0.0,0.0
Graph context full,40989,EX-071,0.0,0.0,0.0,0.0,0.0,0.0,0.0
Graph context full,41019,AG-143,0.0,0.0,0.0,0.0,0.0,0.0,0.0
Graph context full,41038,HX-104,0.0,0.0,0.0,0.0,0.0,0.0,0.0
Graph context full,41059,M-037,0.0,0.0,0.0,0.0,0.0,0.0,0.0
Graph context full,41086,P-215,0.0,0.0,0.0,1.0,1.0,0.0,0.09090909090909091
Graph context full,41092,HP-099,0.0,0.0,0.0,0.0,0.0,0.0,0.0
Graph context full,41103,CV-227,0.0,0.0,0.0,0.0,0.0,0.0,0.0
Graph context full,41120,HV-101,0.0,0.0,0.0,0.0,1.0,0.0,0.03571428571428571
Graph context full,41141,UF-055,0.0,0.0,0.0,0.0,0.0,0.0,0.0
Graph context full,41161,DP-005,0.0,0.0,0.0,0.0,0.0,0.0,0.0
Graph context full,41237,BM-087,0.0,0.0,0.0,0.0,0.0,0.0,0.0
Graph context full,41330,P-529,0.0,0.0,0.0,0.0,0.0,0.0,0.0
Graph context full,41398,P-206,0.0,0.0,0.0,0.0,0.0,0.0,0.0
Graph context full,41417,FM-113,0.0,0.0,0.0,0.0,0.0,0.0,0.0
Graph context full,41497,DP-088,0.0,0.0,0.0,0.0,0.0,0.0,0.0
Graph context full,41502,P-156,0.0,0.0,0.0,0.0,0.0,0.0,0.0
Graph context full,41532,K-241,0.0,0.0,0.0,0.0,0.0,0.0,0.0
Graph context full,41580,SC-101,0.0,0.0,0.0,0.0,0.0,0.0,0.0
Graph context full,41596,DC-105,0.0,0.0,0.0,0.0,0.0,0.0,0.0
Graph context full,41665,M-023,0.0,0.0,0.0,0.0,0.0,0.0,0.0
Graph context full,41668,P-666,0.0,0.0,0.0,0.0,0.0,0.0,0.0
Graph context full,41704,F-121,0.0,0.0,0.0,0.0,0.0,0.0,0.0
Graph context full,41724,HV-052,0.0,0.0,0.0,0.0,0.0,0.0,0.0
Graph context full,41741,AG-147,0.0,0.0,0.0,0.0,0.0,0.0,0.0
Graph context full,41788,TRB-007,0.0,0.0,0.0,0.0,0.0,0.0,0.0
Graph context full,41804,TRB-109,0.0,0.0,0.0,0.0,0.0,0.0,0.0
Graph context full,41816,K-109,0.0,0.0,0.0,0.0,0.0,0.0,0.0
Graph context full,41824,K-206,0.0,0.0,0.0,0.0,0.0,0.0,0.0
Graph context full,41834,AG-005,0.0,0.0,0.0,0.0,0.0,0.0,0.0
Graph context full,41877,HX-031,0.0,0.0,0.0,0.0,0.0,0.0,0.0
Graph context full,41958,P-216,0.0,0.0,0.0,0.0,0.0,0.0,0.0
Graph context full,41976,K-105,0.0,0.0,0.0,0.0,0.0,0.0,0.0
Graph context full,42017,DC-083,0.0,0.0,0.0,0.0,0.0,0.0,0.0
Graph context full,42034,CT-063,0.0,0.0,0.0,0.0,1.0,0.0,0.020833333333333332
Graph context full,42091,P-269,0.0,0.0,0.0,0.0,0.0,0.0,0.0
Graph context full,42116,EV-082,0.0,0.0,0.0,0.0,0.0,0.0,0.0
Graph context full,42125,P-696,0.0,0.0,0.0,0.0,0.0,0.0,0.0
Graph context full,42165,P-426,0.0,0.0,0.0,0.0,0.0,0.0,0.0
Graph context full,42256,TK-142,0.0,0.0,0.0,0.0,0.0,0.0,0.0
Graph context full,42262,P-152,0.0,0.0,0.0,0.0,0.0,0.0,0.0
Graph context full,42348,SC-110,0.0,0.0,0.0,0.0,0.0,0.0,0.0
Graph context full,42399,HX-072,0.0,0.0,0.0,0.0,0.0,0.0,0.0
Graph context full,42426,TK-052,0.0,0.0,0.0,0.0,0.0,0.0,0.0
Graph context full,42464,HV-036,0.0,0.0,0.0,0.0,0.0,0.0,0.0
Graph context full,42466,BLR-052,0.0,0.0,0.0,0.0,0.0,0.0,0.0
Graph context full,42490,AG-143,0.0,0.0,0.0,0.0,0.0,0.0,0.0
Graph context full,42543,P-342,0.0,0.0,0.0,0.0,0.0,0.0,0.0
Graph context full,42548,DRY-116,0.0,0.0,0.0,0.0,0.0,0.0,0.0
Graph context full,42590,F-307,0.0,0.0,0.0,0.0,0.0,0.0,0.0
Graph context full,42607,CF-067,0.0,0.0,0.0,0.0,0.0,0.0,0.0
Graph context full,42624,EX-082,0.0,0.0,0.0,0.0,0.0,0.0,0.0
Graph context full,42677,P-317,0.0,0.0,0.0,0.0,0.0,0.0,0.0
Graph context full,42684,TK-143,0.0,0.0,0.0,0.0,0.0,0.0,0.0
Graph context full,42707,DRY-086,0.0,0.0,0.0,0.0,0.0,0.0,0.0
Graph context full,42740,HX-145,0.0,0.0,1.0,1.0,1.0,0.1111111111111111,0.1111111111111111
Graph context full,42745,P-316,0.0,0.0,0.0,0.0,0.0,0.0,0.0
Graph context full,42768,CV-090,0.0,0.0,0.0,0.0,0.0,0.0,0.0
Graph context full,42787,HX-079,0.0,0.0,0.0,0.0,0.0,0.0,0.0
Graph context full,42814,P-699,0.0,0.0,0.0,0.0,0.0,0.0,0.0
Graph context full,42818,K-126,0.0,0.0,0.0,0.0,0.0,0.0,0.0
Graph context full,42826,M-082,0.0,0.0,0.0,0.0,0.0,0.0,0.0
Graph context full,42845,FM-129,0.0,0.0,0.0,0.0,0.0,0.0,0.0
Graph context full,42857,P-311,0.0,0.0,0.0,0.0,0.0,0.0,0.0
Graph context full,42867,BLR-113,0.0,0.0,0.0,0.0,0.0,0.0,0.0
Graph context full,42912,DOS-059,0.0,0.0,0.0,0.0,0.0,0.0,0.0
Graph context full,42943,K-191,0.0,0.0,0.0,0.0,0.0,0.0,0.0
Graph context full,42962,TK-221,0.0,1.0,1.0,1.0,1.0,0.2,0.2
Graph context full,42978,K-075,0.0,0.0,0.0,0.0,0.0,0.0,0.0
Graph context full,42981,P-370,0.0,0.0,0.0,0.0,0.0,0.0,0.0
Graph context full,42997,DC-133,0.0,0.0,0.0,0.0,0.0,0.0,0.0
Graph context full,42998,R-115,0.0,0.0,0.0,0.0,0.0,0.0,0.0
Graph context full,43028,M-085,0.0,0.0,0.0,0.0,1.0,0.0,0.03333333333333333
Graph context full,43122,AG-064,0.0,0.0,0.0,0.0,0.0,0.0,0.0
Graph context full,43125,P-322,0.0,0.0,0.0,0.0,0.0,0.0,0.0
Graph context full,43141,P-539,0.0,0.0,0.0,0.0,0.0,0.0,0.0
Graph context full,43187,K-017,0.0,0.0,0.0,0.0,0.0,0.0,0.0
Graph context full,43207,M-136,0.0,0.0,0.0,0.0,1.0,0.0,0.023809523809523808
Graph context full,43217,P-235,0.0,0.0,0.0,0.0,0.0,0.0,0.0
Graph context full,43266,P-420,0.0,0.0,0.0,0.0,0.0,0.0,0.0
Graph context full,43285,TK-054,1.0,1.0,1.0,1.0,1.0,1.0,1.0
Graph context full,43290,EX-062,0.0,0.0,0.0,0.0,0.0,0.0,0.0
Graph context full,43324,TK-078,0.0,0.0,0.0,0.0,0.0,0.0,0.0
Graph context full,43520,AG-040,0.0,0.0,0.0,0.0,0.0,0.0,0.0
Graph context full,43543,SC-118,0.0,0.0,0.0,0.0,0.0,0.0,0.0
Graph context full,43593,TK-125,0.0,0.0,0.0,0.0,0.0,0.0,0.0
Graph context full,43601,CT-114,0.0,0.0,0.0,0.0,0.0,0.0,0.0
Graph context full,43633,GB-211,0.0,0.0,0.0,0.0,0.0,0.0,0.0
Graph context full,43671,BLR-131,0.0,0.0,0.0,0.0,0.0,0.0,0.0
Graph context full,43695,CF-030,0.0,0.0,0.0,0.0,0.0,0.0,0.0
Graph context full,43768,P-410,0.0,0.0,0.0,0.0,0.0,0.0,0.0
Graph context full,43769,K-075,0.0,0.0,0.0,0.0,0.0,0.0,0.0
Graph context full,43774,GB-087,0.0,0.0,0.0,0.0,0.0,0.0,0.0
Graph context full,43793,HP-033,0.0,0.0,0.0,0.0,0.0,0.0,0.0
Graph context full,43808,TK-139,0.0,0.0,0.0,0.0,0.0,0.0,0.0
Graph context full,43815,HP-055,0.0,0.0,0.0,0.0,0.0,0.0,0.0
Graph context full,43816,DC-110,0.0,0.0,0.0,0.0,0.0,0.0,0.0
Graph context full,43819,HX-351,0.0,0.0,0.0,0.0,0.0,0.0,0.0
Graph context full,43855,TK-208,0.0,0.0,0.0,0.0,0.0,0.0,0.0
Graph context full,43858,CF-039,0.0,0.0,0.0,0.0,0.0,0.0,0.0
Graph context full,43862,TK-137,0.0,0.0,0.0,0.0,0.0,0.0,0.0
Graph context full,43985,P-521,0.0,0.0,0.0,0.0,0.0,0.0,0.0
Graph context full,44072,GT-143,0.0,0.0,0.0,0.0,0.0,0.0,0.0
Graph context full,44095,R-005,0.0,0.0,0.0,0.0,0.0,0.0,0.0
Graph context full,44133,TK-237,0.0,0.0,0.0,0.0,0.0,0.0,0.0
Graph context full,44145,HX-145,0.0,0.0,0.0,0.0,0.0,0.0,0.0
Graph context full,44191,HX-015,0.0,0.0,0.0,1.0,1.0,0.0,0.07692307692307693
Graph context full,44204,BLR-135,0.0,0.0,0.0,0.0,0.0,0.0,0.0
Graph context full,44241,AG-061,0.0,0.0,0.0,0.0,0.0,0.0,0.0
Graph context full,44293,R-090,0.0,0.0,0.0,0.0,0.0,0.0,0.0
Graph context full,44312,SEP-111,0.0,0.0,0.0,0.0,0.0,0.0,0.0
Graph context full,44319,GB-129,0.0,0.0,0.0,0.0,0.0,0.0,0.0
Graph context full,44330,CV-342,0.0,0.0,0.0,0.0,0.0,0.0,0.0
Graph context full,44343,GB-091,0.0,0.0,0.0,0.0,0.0,0.0,0.0
Graph context full,44366,K-261,0.0,0.0,0.0,0.0,0.0,0.0,0.0
Graph context full,44374,EV-131,0.0,0.0,0.0,0.0,0.0,0.0,0.0
Graph context full,44424,R-119,0.0,0.0,0.0,0.0,0.0,0.0,0.0
Graph context full,44435,TK-101,0.0,0.0,0.0,0.0,0.0,0.0,0.0
Graph context full,44523,GB-091,0.0,0.0,0.0,0.0,0.0,0.0,0.0
Graph context full,44572,P-240,0.0,0.0,0.0,0.0,0.0,0.0,0.0
Graph context full,44576,TK-330,0.0,0.0,0.0,0.0,0.0,0.0,0.0
Graph context full,44610,BM-131,0.0,0.0,0.0,0.0,0.0,0.0,0.0
Graph context full,44625,HX-009,0.0,0.0,0.0,0.0,0.0,0.0,0.0
Graph context full,44639,SEP-110,0.0,0.0,0.0,0.0,0.0,0.0,0.0
Graph context full,44662,M-074,0.0,0.0,0.0,0.0,0.0,0.0,0.0
Graph context full,44735,M-112,0.0,0.0,0.0,0.0,0.0,0.0,0.0
Graph context full,44740,M-127,0.0,0.0,0.0,0.0,0.0,0.0,0.0
Graph context full,44851,AG-119,0.0,0.0,0.0,0.0,0.0,0.0,0.0
Graph context full,44886,CV-318,0.0,0.0,0.0,0.0,0.0,0.0,0.0
Graph context full,44946,HX-081,0.0,0.0,0.0,0.0,0.0,0.0,0.0
Graph context full,44991,HP-073,0.0,0.0,0.0,0.0,0.0,0.0,0.0
Graph context full,44999,P-448,0.0,0.0,0.0,0.0,0.0,0.0,0.0
Graph context full,45013,RLP-103,0.0,0.0,0.0,0.0,0.0,0.0,0.0
Graph context full,45026,GB-046,0.0,0.0,0.0,0.0,0.0,0.0,0.0
Graph context full,45038,P-424,0.0,0.0,0.0,0.0,0.0,0.0,0.0
Graph context full,45055,F-145,0.0,0.0,1.0,1.0,1.0,0.125,0.125
Graph context full,45095,K-143,0.0,0.0,0.0,0.0,0.0,0.0,0.0
Graph context full,45097,AG-074,0.0,0.0,0.0,0.0,0.0,0.0,0.0
Graph context full,45112,P-200,0.0,0.0,0.0,0.0,0.0,0.0,0.0
Graph context full,45155,P-294,0.0,0.0,0.0,0.0,0.0,0.0,0.0
Graph context full,45169,AG-053,0.0,0.0,0.0,0.0,0.0,0.0,0.0
Graph context full,45172,FM-018,0.0,0.0,0.0,0.0,0.0,0.0,0.0
Graph context full,45185,P-561,0.0,0.0,0.0,0.0,0.0,0.0,0.0
Graph context full,45238,M-124,0.0,0.0,0.0,1.0,1.0,0.0,0.07142857142857142
Graph context full,45244,FM-140,0.0,0.0,0.0,0.0,0.0,0.0,0.0
Graph context full,45320,P-532,0.0,0.0,0.0,0.0,0.0,0.0,0.0
Graph context full,45363,P-111,0.0,0.0,0.0,0.0,0.0,0.0,0.0
Graph context full,45427,P-262,0.0,0.0,0.0,0.0,0.0,0.0,0.0
Graph context full,45442,HX-031,0.0,0.0,0.0,0.0,0.0,0.0,0.0
Graph context full,45515,DOS-145,0.0,0.0,0.0,0.0,0.0,0.0,0.0
Graph context full,45525,K-080,0.0,0.0,0.0,0.0,0.0,0.0,0.0
Graph context full,45565,GS-129,0.0,0.0,0.0,0.0,0.0,0.0,0.0
Graph context full,45602,SC-137,0.0,0.0,0.0,0.0,0.0,0.0,0.0
Graph context full,45671,R-041,0.0,0.0,0.0,0.0,0.0,0.0,0.0
Graph context full,45746,GT-073,0.0,0.0,0.0,0.0,0.0,0.0,0.0
Graph context full,45760,TRB-040,0.0,0.0,0.0,0.0,0.0,0.0,0.0
Graph context full,45811,TK-041,0.0,0.0,0.0,0.0,0.0,0.0,0.0
Graph context full,45814,P-338,0.0,0.0,0.0,0.0,0.0,0.0,0.0
Graph context full,45837,K-335,0.0,0.0,0.0,0.0,0.0,0.0,0.0
Graph context full,45852,P-270,0.0,0.0,0.0,0.0,0.0,0.0,0.0
Graph context full,45864,HX-212,0.0,0.0,0.0,0.0,0.0,0.0,0.0
Graph context full,45872,GB-130,0.0,0.0,0.0,0.0,0.0,0.0,0.0
Graph context full,45909,P-307,0.0,0.0,0.0,0.0,0.0,0.0,0.0
Graph context full,45947,BM-121,0.0,0.0,0.0,0.0,0.0,0.0,0.0
Graph context full,45953,AG-062,0.0,0.0,0.0,0.0,0.0,0.0,0.0
Graph context full,45966,EV-125,0.0,0.0,1.0,1.0,1.0,0.125,0.125
Graph context full,46031,R-015,0.0,0.0,0.0,0.0,0.0,0.0,0.0
Graph context full,46036,TK-143,0.0,0.0,0.0,0.0,0.0,0.0,0.0
Graph context full,46041,R-010,0.0,0.0,0.0,0.0,0.0,0.0,0.0
Graph context full,46053,K-103,0.0,0.0,0.0,0.0,0.0,0.0,0.0
Graph context full,46079,DP-068,0.0,0.0,0.0,0.0,0.0,0.0,0.0
Graph context full,46080,GB-051,0.0,0.0,0.0,0.0,0.0,0.0,0.0
Graph context full,46092,HX-168,0.0,0.0,0.0,0.0,0.0,0.0,0.0
Graph context full,46138,AG-058,0.0,0.0,0.0,0.0,0.0,0.0,0.0
Graph context full,46188,TK-022,0.0,0.0,0.0,0.0,0.0,0.0,0.0
Graph context full,46216,P-552,0.0,0.0,0.0,0.0,0.0,0.0,0.0
Graph context full,46250,FM-096,0.0,0.0,0.0,0.0,0.0,0.0,0.0
Graph context full,46268,P-248,0.0,0.0,0.0,0.0,0.0,0.0,0.0
Graph context full,46279,M-113,0.0,0.0,0.0,0.0,0.0,0.0,0.0
Graph context full,46299,P-740,0.0,0.0,0.0,0.0,0.0,0.0,0.0
Graph context full,46320,F-147,0.0,0.0,0.0,0.0,0.0,0.0,0.0
Graph context full,46355,DC-073,0.0,0.0,0.0,0.0,0.0,0.0,0.0
Graph context full,46361,SC-028,0.0,0.0,0.0,0.0,0.0,0.0,0.0
Graph context full,46375,EX-098,0.0,0.0,0.0,0.0,0.0,0.0,0.0
Graph context full,46393,K-085,0.0,0.0,0.0,0.0,0.0,0.0,0.0
Graph context full,46417,DC-116,0.0,0.0,0.0,0.0,0.0,0.0,0.0
Graph context full,46434,P-644,0.0,0.0,0.0,0.0,0.0,0.0,0.0
Graph context full,46458,K-059,0.0,0.0,0.0,0.0,0.0,0.0,0.0
Graph context full,46503,FCC-084,0.0,0.0,0.0,0.0,0.0,0.0,0.0
Graph context full,46506,P-105,0.0,0.0,0.0,0.0,0.0,0.0,0.0
Graph context full,46513,AG-027,0.0,0.0,0.0,0.0,0.0,0.0,0.0
Graph context full,46582,TK-158,0.0,0.0,0.0,0.0,0.0,0.0,0.0
Graph context full,46600,K-086,0.0,0.0,0.0,0.0,0.0,0.0,0.0
Graph context full,46625,FM-087,0.0,0.0,0.0,0.0,0.0,0.0,0.0
Graph context full,46626,SD-014,0.0,0.0,0.0,0.0,0.0,0.0,0.0
Graph context full,46640,GB-114,0.0,0.0,0.0,0.0,0.0,0.0,0.0
Graph context full,46674,DOS-043,0.0,0.0,0.0,0.0,0.0,0.0,0.0
Graph context full,46690,HX-129,0.0,0.0,0.0,0.0,0.0,0.0,0.0
Graph context full,46705,M-085,0.0,0.0,0.0,0.0,1.0,0.0,0.02
Graph context full,46709,DOS-129,0.0,0.0,0.0,0.0,0.0,0.0,0.0
Graph context full,46728,EX-053,0.0,0.0,0.0,0.0,0.0,0.0,0.0
Graph context full,46751,FM-116,0.0,0.0,0.0,0.0,0.0,0.0,0.0
Graph context full,46766,AG-035,0.0,0.0,0.0,0.0,0.0,0.0,0.0
Graph context full,46790,CF-043,0.0,0.0,0.0,0.0,0.0,0.0,0.0
Graph context full,46826,HX-095,0.0,0.0,0.0,0.0,0.0,0.0,0.0
Graph context full,46841,EX-125,0.0,0.0,0.0,0.0,0.0,0.0,0.0
Graph context full,46875,P-229,0.0,0.0,0.0,0.0,0.0,0.0,0.0
Graph context full,46908,P-332,0.0,0.0,0.0,0.0,0.0,0.0,0.0
Graph context full,46960,M-110,0.0,0.0,0.0,0.0,0.0,0.0,0.0
Graph context full,46976,K-098,0.0,0.0,0.0,0.0,0.0,0.0,0.0
Graph context full,47033,TK-047,0.0,0.0,0.0,0.0,0.0,0.0,0.0
Graph context full,47102,CV-093,0.0,0.0,0.0,0.0,0.0,0.0,0.0
Graph context full,47172,HV-141,0.0,0.0,0.0,0.0,0.0,0.0,0.0
Graph context full,47180,P-244,0.0,0.0,0.0,0.0,0.0,0.0,0.0
Graph context full,47244,P-117,0.0,0.0,1.0,1.0,1.0,0.16666666666666666,0.16666666666666666
Graph context full,47296,CF-068,0.0,0.0,0.0,0.0,0.0,0.0,0.0
Graph context full,47325,BM-142,0.0,0.0,0.0,0.0,0.0,0.0,0.0
Graph context full,47335,CF-117,0.0,0.0,0.0,0.0,0.0,0.0,0.0
Graph context full,47355,TK-185,0.0,0.0,0.0,0.0,0.0,0.0,0.0
Graph context full,47394,P-742,0.0,0.0,0.0,0.0,0.0,0.0,0.0
Graph context full,47474,FM-054,0.0,0.0,0.0,0.0,0.0,0.0,0.0
Graph context full,47534,TK-104,0.0,0.0,0.0,0.0,0.0,0.0,0.0
Graph context full,47568,P-609,0.0,0.0,0.0,0.0,0.0,0.0,0.0
Graph context full,47579,SEP-085,0.0,0.0,0.0,0.0,0.0,0.0,0.0
Graph context full,47593,F-048,0.0,0.0,0.0,0.0,0.0,0.0,0.0
Graph context full,47602,FM-015,0.0,0.0,0.0,0.0,0.0,0.0,0.0
Graph context full,47616,K-021,0.0,0.0,0.0,0.0,0.0,0.0,0.0
Graph context full,47620,F-017,0.0,0.0,0.0,0.0,0.0,0.0,0.0
Graph context full,47635,P-331,0.0,0.0,0.0,0.0,0.0,0.0,0.0
Graph context full,47674,TK-134,0.0,0.0,0.0,0.0,0.0,0.0,0.0
Graph context full,47695,BM-059,0.0,0.0,0.0,0.0,0.0,0.0,0.0
Graph context full,47699,P-154,0.0,0.0,0.0,0.0,0.0,0.0,0.0
Graph context full,47755,P-344,0.0,0.0,0.0,0.0,0.0,0.0,0.0
Graph context full,47811,F-120,0.0,0.0,0.0,0.0,0.0,0.0,0.0
Graph context full,47848,P-179,0.0,0.0,0.0,0.0,0.0,0.0,0.0
Graph context full,47876,AG-098,0.0,0.0,0.0,0.0,0.0,0.0,0.0
Graph context full,47978,RLP-050,0.0,0.0,0.0,0.0,0.0,0.0,0.0
Graph context full,48020,DOS-084,0.0,0.0,0.0,0.0,0.0,0.0,0.0
Graph context full,48039,K-027,0.0,0.0,0.0,0.0,0.0,0.0,0.0
Graph context full,48093,DRY-019,0.0,0.0,0.0,0.0,0.0,0.0,0.0
Graph context full,48104,EV-076,0.0,0.0,0.0,0.0,0.0,0.0,0.0
Graph context full,48181,DOS-133,0.0,0.0,0.0,0.0,0.0,0.0,0.0
Graph context full,48191,P-658,0.0,0.0,0.0,0.0,0.0,0.0,0.0
Graph context full,48197,EX-109,0.0,0.0,0.0,0.0,0.0,0.0,0.0
Graph context full,48208,F-143,0.0,0.0,0.0,0.0,0.0,0.0,0.0
Graph context full,48223,EX-109,0.0,0.0,0.0,0.0,0.0,0.0,0.0
Graph context full,48271,TK-148,0.0,0.0,0.0,1.0,1.0,0.0,0.09090909090909091
Graph context full,48326,P-180,0.0,0.0,0.0,0.0,0.0,0.0,0.0
Graph context full,48371,P-198,0.0,0.0,0.0,0.0,0.0,0.0,0.0
Graph context full,48417,HV-210,0.0,0.0,0.0,0.0,0.0,0.0,0.0
Graph context full,48443,GB-006,0.0,0.0,0.0,0.0,0.0,0.0,0.0
Graph context full,48569,DC-069,0.0,0.0,0.0,0.0,0.0,0.0,0.0
Graph context full,48570,RLP-136,0.0,0.0,0.0,0.0,0.0,0.0,0.0
Graph context full,48636,AG-107,0.0,0.0,0.0,0.0,0.0,0.0,0.0
Graph context full,48730,DOS-027,0.0,0.0,0.0,0.0,0.0,0.0,0.0
Graph context full,48751,FCC-051,0.0,0.0,0.0,0.0,0.0,0.0,0.0
Graph context full,48772,K-051,0.0,0.0,0.0,0.0,0.0,0.0,0.0
Graph context full,48774,DP-057,0.0,0.0,0.0,0.0,0.0,0.0,0.0
Graph context full,48809,M-068,0.0,0.0,0.0,0.0,0.0,0.0,0.0
Graph context full,48839,FM-147,0.0,0.0,0.0,0.0,0.0,0.0,0.0
Graph context full,48895,P-176,0.0,0.0,0.0,0.0,0.0,0.0,0.0
Graph context full,48910,HX-049,0.0,0.0,0.0,0.0,0.0,0.0,0.0
Graph context full,48983,GB-027,0.0,0.0,0.0,0.0,0.0,0.0,0.0
Graph context full,48989,HX-041,0.0,0.0,0.0,0.0,0.0,0.0,0.0
Graph context full,49014,CR-123,0.0,0.0,0.0,0.0,0.0,0.0,0.0
Graph context full,49035,SEP-020,0.0,0.0,0.0,0.0,0.0,0.0,0.0
Graph context full,49101,TK-338,0.0,0.0,0.0,0.0,0.0,0.0,0.0
Graph context full,49144,GB-082,0.0,0.0,0.0,0.0,0.0,0.0,0.0
Graph context full,49203,R-024,0.0,0.0,0.0,0.0,0.0,0.0,0.0
Graph context full,49323,AG-031,0.0,0.0,0.0,0.0,0.0,0.0,0.0
Graph context full,49357,K-101,0.0,0.0,0.0,0.0,0.0,0.0,0.0
Graph context full,49362,DRY-006,0.0,0.0,0.0,0.0,0.0,0.0,0.0
Graph context full,49363,P-108,0.0,0.0,0.0,0.0,0.0,0.0,0.0
Graph context full,49373,HX-329,0.0,0.0,0.0,0.0,0.0,0.0,0.0
Graph context full,49392,TK-131,0.0,0.0,0.0,0.0,0.0,0.0,0.0
Graph context full,49395,F-054,0.0,0.0,0.0,0.0,0.0,0.0,0.0
Graph context full,49401,BLR-011,0.0,0.0,0.0,0.0,0.0,0.0,0.0
Graph context full,49412,GB-128,0.0,0.0,0.0,0.0,0.0,0.0,0.0
Graph context full,49460,M-082,0.0,0.0,0.0,0.0,0.0,0.0,0.0
Graph context full,49478,R-063,0.0,0.0,0.0,0.0,0.0,0.0,0.0
Graph context full,49492,CV-133,0.0,0.0,1.0,1.0,1.0,0.1,0.1
Graph context full,49502,TK-006,0.0,0.0,0.0,0.0,0.0,0.0,0.0
Graph context full,49522,P-367,0.0,0.0,0.0,0.0,0.0,0.0,0.0
Graph context full,49537,M-071,0.0,0.0,0.0,0.0,1.0,0.0,0.024390243902439025
Graph context full,49574,EX-238,0.0,0.0,0.0,0.0,0.0,0.0,0.0
Graph context full,49581,K-121,0.0,0.0,0.0,0.0,0.0,0.0,0.0
Graph context full,49611,TK-062,0.0,0.0,0.0,0.0,0.0,0.0,0.0
Graph context full,49635,DC-022,0.0,0.0,0.0,0.0,0.0,0.0,0.0
Graph context full,49655,M-022,0.0,0.0,0.0,0.0,0.0,0.0,0.0
Graph context full,49773,TK-205,0.0,0.0,0.0,0.0,0.0,0.0,0.0
Graph context full,49796,P-246,0.0,0.0,0.0,0.0,0.0,0.0,0.0
Graph context full,49878,F-032,0.0,0.0,0.0,0.0,0.0,0.0,0.0
Graph context full,49911,P-328,0.0,0.0,0.0,0.0,0.0,0.0,0.0
Graph context full,49938,TK-071,0.0,0.0,0.0,0.0,0.0,0.0,0.0
Hybrid RRF,6,HX-301,0.0,0.0,0.0,0.0,0.0,0.0,0.0
Hybrid RRF,92,DOS-081,0.0,0.0,0.0,0.0,1.0,0.0,0.045454545454545456
Hybrid RRF,146,CR-118,0.0,0.0,0.0,0.0,0.0,0.0,0.0
Hybrid RRF,192,FCC-018,0.0,0.0,0.0,0.0,0.0,0.0,0.0
Hybrid RRF,260,EX-120,0.0,0.0,0.0,0.0,0.0,0.0,0.0
Hybrid RRF,282,GS-059,0.0,0.0,0.0,0.0,0.0,0.0,0.0
Hybrid RRF,322,TK-183,0.0,0.0,0.0,0.0,0.0,0.0,0.0
Hybrid RRF,332,P-229,0.0,0.0,0.0,0.0,0.0,0.0,0.0
Hybrid RRF,333,K-099,0.0,0.0,0.0,0.0,0.0,0.0,0.0
Hybrid RRF,334,TK-082,0.0,0.0,0.0,0.0,0.0,0.0,0.0
Hybrid RRF,342,HP-097,0.0,0.0,0.0,0.0,0.0,0.0,0.0
Hybrid RRF,347,CV-009,0.0,0.0,0.0,0.0,1.0,0.0,0.02857142857142857
Hybrid RRF,351,DRY-076,0.0,0.0,0.0,0.0,0.0,0.0,0.0
Hybrid RRF,353,P-161,0.0,0.0,0.0,0.0,0.0,0.0,0.0
Hybrid RRF,408,TK-306,0.0,0.0,0.0,0.0,0.0,0.0,0.0
Hybrid RRF,409,BLR-076,0.0,0.0,0.0,0.0,0.0,0.0,0.0
Hybrid RRF,436,CV-050,0.0,0.0,0.0,0.0,0.0,0.0,0.0
Hybrid RRF,475,F-123,0.0,0.0,0.0,0.0,0.0,0.0,0.0
Hybrid RRF,561,P-262,0.0,0.0,0.0,0.0,0.0,0.0,0.0
Hybrid RRF,570,SC-215,0.0,0.0,0.0,0.0,0.0,0.0,0.0
Hybrid RRF,594,HX-071,0.0,0.0,0.0,0.0,0.0,0.0,0.0
Hybrid RRF,600,P-238,0.0,0.0,0.0,0.0,0.0,0.0,0.0
Hybrid RRF,601,AG-101,0.0,0.0,1.0,1.0,1.0,0.14285714285714285,0.14285714285714285
Hybrid RRF,622,HX-337,0.0,0.0,0.0,0.0,0.0,0.0,0.0
Hybrid RRF,636,P-313,0.0,0.0,0.0,0.0,0.0,0.0,0.0
Hybrid RRF,640,AG-107,0.0,0.0,0.0,0.0,0.0,0.0,0.0
Hybrid RRF,645,SEP-079,0.0,0.0,0.0,0.0,0.0,0.0,0.0
Hybrid RRF,673,DC-116,0.0,1.0,1.0,1.0,1.0,0.25,0.25
Hybrid RRF,697,P-248,0.0,0.0,0.0,0.0,0.0,0.0,0.0
Hybrid RRF,725,P-234,0.0,0.0,0.0,0.0,0.0,0.0,0.0
Hybrid RRF,738,HX-133,0.0,0.0,0.0,0.0,1.0,0.0,0.041666666666666664
Hybrid RRF,739,UF-065,0.0,0.0,0.0,0.0,0.0,0.0,0.0
Hybrid RRF,767,DP-074,0.0,0.0,0.0,0.0,1.0,0.0,0.02
Hybrid RRF,786,DOS-122,0.0,0.0,0.0,0.0,0.0,0.0,0.0
Hybrid RRF,831,TK-386,0.0,0.0,0.0,0.0,0.0,0.0,0.0
Hybrid RRF,877,R-117,0.0,0.0,0.0,0.0,0.0,0.0,0.0
Hybrid RRF,939,P-207,0.0,0.0,0.0,0.0,0.0,0.0,0.0
Hybrid RRF,1077,K-023,0.0,0.0,0.0,1.0,1.0,0.0,0.05
Hybrid RRF,1094,EX-077,0.0,0.0,0.0,0.0,0.0,0.0,0.0
Hybrid RRF,1105,RLP-027,0.0,0.0,0.0,0.0,0.0,0.0,0.0
Hybrid RRF,1129,K-179,0.0,0.0,0.0,0.0,0.0,0.0,0.0
Hybrid RRF,1134,BLR-220,0.0,0.0,0.0,0.0,0.0,0.0,0.0
Hybrid RRF,1187,CR-043,0.0,0.0,0.0,0.0,0.0,0.0,0.0
Hybrid RRF,1189,HX-028,0.0,0.0,0.0,0.0,0.0,0.0,0.0
Hybrid RRF,1210,HV-030,0.0,0.0,0.0,0.0,0.0,0.0,0.0
Hybrid RRF,1221,HV-144,0.0,0.0,0.0,0.0,1.0,0.0,0.045454545454545456
Hybrid RRF,1232,CF-141,0.0,0.0,0.0,0.0,0.0,0.0,0.0
Hybrid RRF,1237,P-330,0.0,0.0,0.0,0.0,0.0,0.0,0.0
Hybrid RRF,1316,EV-059,0.0,0.0,0.0,0.0,0.0,0.0,0.0
Hybrid RRF,1327,F-137,0.0,0.0,0.0,0.0,0.0,0.0,0.0
Hybrid RRF,1329,SC-121,0.0,0.0,0.0,0.0,0.0,0.0,0.0
Hybrid RRF,1343,HP-120,0.0,0.0,0.0,0.0,0.0,0.0,0.0
Hybrid RRF,1353,K-111,0.0,0.0,1.0,1.0,1.0,0.16666666666666666,0.16666666666666666
Hybrid RRF,1396,DC-145,0.0,0.0,0.0,0.0,0.0,0.0,0.0
Hybrid RRF,1416,SC-143,0.0,0.0,0.0,0.0,0.0,0.0,0.0
Hybrid RRF,1418,P-207,0.0,0.0,0.0,0.0,0.0,0.0,0.0
Hybrid RRF,1451,BM-138,0.0,0.0,0.0,0.0,0.0,0.0,0.0
Hybrid RRF,1480,P-235,0.0,0.0,0.0,0.0,0.0,0.0,0.0
Hybrid RRF,1488,M-135,0.0,0.0,0.0,0.0,0.0,0.0,0.0
Hybrid RRF,1499,DC-140,0.0,0.0,0.0,0.0,0.0,0.0,0.0
Hybrid RRF,1504,FM-061,0.0,0.0,0.0,0.0,0.0,0.0,0.0
Hybrid RRF,1551,DOS-096,0.0,0.0,0.0,0.0,0.0,0.0,0.0
Hybrid RRF,1577,K-268,0.0,0.0,0.0,0.0,0.0,0.0,0.0
Hybrid RRF,1585,EV-115,0.0,0.0,0.0,0.0,0.0,0.0,0.0
Hybrid RRF,1630,R-039,0.0,0.0,0.0,0.0,0.0,0.0,0.0
Hybrid RRF,1639,TK-134,0.0,0.0,0.0,0.0,1.0,0.0,0.03333333333333333
Hybrid RRF,1647,P-628,0.0,0.0,0.0,0.0,0.0,0.0,0.0
Hybrid RRF,1661,DC-093,0.0,0.0,0.0,0.0,0.0,0.0,0.0
Hybrid RRF,1700,TK-171,0.0,0.0,0.0,0.0,0.0,0.0,0.0
Hybrid RRF,1710,CV-086,0.0,0.0,0.0,0.0,0.0,0.0,0.0
Hybrid RRF,1719,FCC-071,0.0,0.0,0.0,0.0,0.0,0.0,0.0
Hybrid RRF,1788,P-368,0.0,0.0,0.0,0.0,0.0,0.0,0.0
Hybrid RRF,1789,M-105,0.0,0.0,0.0,0.0,0.0,0.0,0.0
Hybrid RRF,1814,K-021,0.0,0.0,0.0,0.0,0.0,0.0,0.0
Hybrid RRF,1821,AG-119,0.0,0.0,0.0,0.0,0.0,0.0,0.0
Hybrid RRF,1861,AG-110,0.0,0.0,0.0,0.0,0.0,0.0,0.0
Hybrid RRF,1865,GB-122,0.0,0.0,0.0,0.0,0.0,0.0,0.0
Hybrid RRF,1873,P-173,0.0,0.0,0.0,0.0,0.0,0.0,0.0
Hybrid RRF,1898,SC-026,0.0,0.0,0.0,0.0,0.0,0.0,0.0
Hybrid RRF,1901,TK-013,0.0,0.0,0.0,0.0,0.0,0.0,0.0
Hybrid RRF,1983,TK-144,0.0,0.0,0.0,0.0,0.0,0.0,0.0
Hybrid RRF,2010,VP-131,0.0,0.0,0.0,0.0,1.0,0.0,0.03125
Hybrid RRF,2029,CT-050,0.0,0.0,0.0,0.0,0.0,0.0,0.0
Hybrid RRF,2043,SEP-057,0.0,0.0,0.0,0.0,1.0,0.0,0.02127659574468085
Hybrid RRF,2058,SEP-113,0.0,0.0,0.0,0.0,0.0,0.0,0.0
Hybrid RRF,2090,P-170,0.0,0.0,0.0,0.0,0.0,0.0,0.0
Hybrid RRF,2128,P-228,0.0,0.0,0.0,0.0,1.0,0.0,0.027777777777777776
Hybrid RRF,2130,M-075,0.0,0.0,0.0,0.0,0.0,0.0,0.0
Hybrid RRF,2133,GB-043,0.0,0.0,0.0,0.0,0.0,0.0,0.0
Hybrid RRF,2146,P-622,0.0,0.0,0.0,0.0,0.0,0.0,0.0
Hybrid RRF,2152,M-012,0.0,0.0,0.0,0.0,1.0,0.0,0.02857142857142857
Hybrid RRF,2165,DC-141,0.0,0.0,0.0,0.0,1.0,0.0,0.029411764705882353
Hybrid RRF,2288,HX-023,0.0,0.0,0.0,0.0,0.0,0.0,0.0
Hybrid RRF,2293,P-247,0.0,0.0,0.0,0.0,0.0,0.0,0.0
Hybrid RRF,2307,P-315,0.0,0.0,0.0,0.0,0.0,0.0,0.0
Hybrid RRF,2356,P-321,0.0,0.0,0.0,0.0,0.0,0.0,0.0
Hybrid RRF,2392,K-121,0.0,0.0,0.0,0.0,0.0,0.0,0.0
Hybrid RRF,2422,K-286,0.0,0.0,0.0,0.0,0.0,0.0,0.0
Hybrid RRF,2433,CR-121,0.0,0.0,0.0,0.0,0.0,0.0,0.0
Hybrid RRF,2458,P-309,0.0,0.0,0.0,0.0,0.0,0.0,0.0
Hybrid RRF,2530,K-244,0.0,0.0,0.0,0.0,1.0,0.0,0.02702702702702703
Hybrid RRF,2575,CV-244,0.0,0.0,0.0,1.0,1.0,0.0,0.08333333333333333
Hybrid RRF,2611,CT-016,0.0,0.0,0.0,0.0,0.0,0.0,0.0
Hybrid RRF,2676,P-299,0.0,0.0,0.0,0.0,0.0,0.0,0.0
Hybrid RRF,2684,UF-070,0.0,0.0,0.0,0.0,0.0,0.0,0.0
Hybrid RRF,2685,SC-109,0.0,0.0,0.0,0.0,0.0,0.0,0.0
Hybrid RRF,2706,CV-081,0.0,0.0,0.0,0.0,0.0,0.0,0.0
Hybrid RRF,2716,HV-011,0.0,0.0,0.0,0.0,0.0,0.0,0.0
Hybrid RRF,2783,DOS-094,0.0,0.0,0.0,0.0,0.0,0.0,0.0
Hybrid RRF,2810,GB-133,0.0,0.0,0.0,0.0,0.0,0.0,0.0
Hybrid RRF,2847,BLR-101,0.0,0.0,0.0,0.0,0.0,0.0,0.0
Hybrid RRF,2855,CV-032,0.0,0.0,0.0,1.0,1.0,0.0,0.06666666666666667
Hybrid RRF,2858,TK-007,0.0,0.0,0.0,0.0,0.0,0.0,0.0
Hybrid RRF,2890,DOS-093,0.0,0.0,0.0,0.0,0.0,0.0,0.0
Hybrid RRF,2908,P-102,0.0,0.0,0.0,0.0,0.0,0.0,0.0
Hybrid RRF,2922,TK-015,0.0,0.0,0.0,0.0,0.0,0.0,0.0
Hybrid RRF,2932,P-289,0.0,0.0,0.0,0.0,0.0,0.0,0.0
Hybrid RRF,2936,DP-091,0.0,0.0,1.0,1.0,1.0,0.1111111111111111,0.1111111111111111
Hybrid RRF,2989,P-312,0.0,0.0,0.0,0.0,0.0,0.0,0.0
Hybrid RRF,3121,TK-066,0.0,0.0,0.0,0.0,0.0,0.0,0.0
Hybrid RRF,3147,P-143,0.0,0.0,0.0,0.0,0.0,0.0,0.0
Hybrid RRF,3183,R-089,0.0,0.0,0.0,0.0,0.0,0.0,0.0
Hybrid RRF,3218,UF-224,0.0,0.0,0.0,0.0,1.0,0.0,0.02631578947368421
Hybrid RRF,3224,K-068,0.0,0.0,0.0,0.0,0.0,0.0,0.0
Hybrid RRF,3226,CR-121,0.0,0.0,0.0,0.0,0.0,0.0,0.0
Hybrid RRF,3240,EX-031,0.0,0.0,0.0,0.0,0.0,0.0,0.0
Hybrid RRF,3320,CV-184,0.0,0.0,0.0,0.0,0.0,0.0,0.0
Hybrid RRF,3380,DC-139,0.0,0.0,0.0,0.0,0.0,0.0,0.0
Hybrid RRF,3505,P-217,0.0,0.0,0.0,0.0,0.0,0.0,0.0
Hybrid RRF,3525,P-364,0.0,0.0,0.0,0.0,0.0,0.0,0.0
Hybrid RRF,3541,HV-040,0.0,0.0,0.0,0.0,0.0,0.0,0.0
Hybrid RRF,3595,TK-114,0.0,0.0,0.0,0.0,0.0,0.0,0.0
Hybrid RRF,3608,DOS-032,1.0,1.0,1.0,1.0,1.0,1.0,1.0
Hybrid RRF,3611,VP-076,0.0,0.0,1.0,1.0,1.0,0.1,0.1
Hybrid RRF,3651,TK-187,0.0,0.0,0.0,0.0,0.0,0.0,0.0
Hybrid RRF,3662,SC-110,0.0,0.0,0.0,0.0,0.0,0.0,0.0
Hybrid RRF,3683,K-091,0.0,0.0,0.0,0.0,0.0,0.0,0.0
Hybrid RRF,3709,P-228,0.0,0.0,0.0,0.0,0.0,0.0,0.0
Hybrid RRF,3737,EV-015,0.0,0.0,1.0,1.0,1.0,0.125,0.125
Hybrid RRF,3818,SD-102,0.0,0.0,0.0,0.0,0.0,0.0,0.0
Hybrid RRF,3855,M-112,0.0,0.0,0.0,0.0,0.0,0.0,0.0
Hybrid RRF,3886,P-629,0.0,0.0,0.0,0.0,0.0,0.0,0.0
Hybrid RRF,3903,F-023,0.0,0.0,0.0,0.0,0.0,0.0,0.0
Hybrid RRF,3918,TK-143,0.0,0.0,0.0,0.0,0.0,0.0,0.0
Hybrid RRF,3956,P-118,0.0,0.0,0.0,0.0,0.0,0.0,0.0
Hybrid RRF,3958,TK-109,0.0,0.0,0.0,0.0,0.0,0.0,0.0
Hybrid RRF,4316,CR-130,0.0,0.0,0.0,0.0,1.0,0.0,0.021739130434782608
Hybrid RRF,4326,P-337,0.0,0.0,0.0,0.0,0.0,0.0,0.0
Hybrid RRF,4351,P-159,0.0,0.0,0.0,0.0,0.0,0.0,0.0
Hybrid RRF,4353,EX-067,0.0,0.0,0.0,0.0,0.0,0.0,0.0
Hybrid RRF,4461,EV-105,0.0,0.0,0.0,0.0,0.0,0.0,0.0
Hybrid RRF,4476,GT-021,0.0,0.0,0.0,0.0,0.0,0.0,0.0
Hybrid RRF,4485,GS-054,0.0,0.0,0.0,0.0,0.0,0.0,0.0
Hybrid RRF,4494,DC-122,0.0,0.0,0.0,0.0,1.0,0.0,0.023255813953488372
Hybrid RRF,4500,AG-027,0.0,0.0,0.0,0.0,0.0,0.0,0.0
Hybrid RRF,4531,P-321,0.0,0.0,0.0,0.0,0.0,0.0,0.0
Hybrid RRF,4551,RLP-007,0.0,0.0,0.0,0.0,0.0,0.0,0.0
Hybrid RRF,4591,R-121,0.0,0.0,0.0,0.0,0.0,0.0,0.0
Hybrid RRF,4628,VP-118,0.0,0.0,0.0,0.0,0.0,0.0,0.0
Hybrid RRF,4737,P-312,0.0,0.0,0.0,0.0,0.0,0.0,0.0
Hybrid RRF,4777,EX-070,0.0,0.0,0.0,0.0,0.0,0.0,0.0
Hybrid RRF,4857,P-302,0.0,0.0,0.0,0.0,0.0,0.0,0.0
Hybrid RRF,4883,CT-055,0.0,0.0,0.0,0.0,0.0,0.0,0.0
Hybrid RRF,4902,K-033,0.0,0.0,0.0,0.0,0.0,0.0,0.0
Hybrid RRF,4985,GT-136,0.0,0.0,0.0,0.0,0.0,0.0,0.0
Hybrid RRF,5026,M-044,0.0,0.0,0.0,0.0,0.0,0.0,0.0
Hybrid RRF,5040,R-127,0.0,0.0,0.0,0.0,0.0,0.0,0.0
Hybrid RRF,5143,P-216,0.0,0.0,0.0,0.0,0.0,0.0,0.0
Hybrid RRF,5151,BM-124,0.0,0.0,0.0,0.0,0.0,0.0,0.0
Hybrid RRF,5159,P-517,0.0,0.0,0.0,0.0,0.0,0.0,0.0
Hybrid RRF,5209,P-439,0.0,0.0,0.0,0.0,0.0,0.0,0.0
Hybrid RRF,5223,CT-142,0.0,0.0,0.0,0.0,0.0,0.0,0.0
Hybrid RRF,5298,HX-030,0.0,0.0,0.0,1.0,1.0,0.0,0.07142857142857142
Hybrid RRF,5305,TK-075,0.0,0.0,0.0,0.0,0.0,0.0,0.0
Hybrid RRF,5322,P-443,0.0,0.0,0.0,0.0,0.0,0.0,0.0
Hybrid RRF,5401,SC-034,0.0,0.0,0.0,0.0,0.0,0.0,0.0
Hybrid RRF,5407,HV-172,0.0,0.0,0.0,0.0,0.0,0.0,0.0
Hybrid RRF,5451,F-107,0.0,0.0,0.0,0.0,0.0,0.0,0.0
Hybrid RRF,5468,P-104,0.0,0.0,0.0,0.0,0.0,0.0,0.0
Hybrid RRF,5549,CV-039,0.0,0.0,0.0,0.0,0.0,0.0,0.0
Hybrid RRF,5604,CT-145,0.0,0.0,0.0,0.0,0.0,0.0,0.0
Hybrid RRF,5616,HP-109,0.0,0.0,0.0,0.0,1.0,0.0,0.04
Hybrid RRF,5683,TK-054,0.0,0.0,0.0,0.0,0.0,0.0,0.0
Hybrid RRF,5692,R-205,0.0,0.0,0.0,0.0,1.0,0.0,0.038461538461538464
Hybrid RRF,5765,GT-144,0.0,0.0,0.0,0.0,0.0,0.0,0.0
Hybrid RRF,5786,BLR-038,0.0,0.0,0.0,0.0,0.0,0.0,0.0
Hybrid RRF,5846,FM-019,0.0,0.0,0.0,0.0,0.0,0.0,0.0
Hybrid RRF,5859,M-058,0.0,0.0,0.0,0.0,0.0,0.0,0.0
Hybrid RRF,5886,GS-013,0.0,1.0,1.0,1.0,1.0,0.2,0.2
Hybrid RRF,5934,CR-016,0.0,0.0,0.0,0.0,0.0,0.0,0.0
Hybrid RRF,5947,P-324,0.0,0.0,0.0,0.0,0.0,0.0,0.0
Hybrid RRF,5983,R-038,0.0,0.0,0.0,0.0,0.0,0.0,0.0
Hybrid RRF,6007,K-089,0.0,0.0,0.0,0.0,0.0,0.0,0.0
Hybrid RRF,6019,DP-097,0.0,0.0,0.0,0.0,0.0,0.0,0.0
Hybrid RRF,6028,DC-049,0.0,0.0,0.0,0.0,0.0,0.0,0.0
Hybrid RRF,6072,EX-138,0.0,0.0,0.0,0.0,0.0,0.0,0.0
Hybrid RRF,6152,GS-126,0.0,0.0,0.0,0.0,0.0,0.0,0.0
Hybrid RRF,6162,K-272,0.0,0.0,0.0,0.0,0.0,0.0,0.0
Hybrid RRF,6210,FCC-039,0.0,0.0,0.0,0.0,0.0,0.0,0.0
Hybrid RRF,6215,SEP-116,0.0,0.0,0.0,0.0,0.0,0.0,0.0
Hybrid RRF,6265,HV-031,0.0,0.0,0.0,0.0,0.0,0.0,0.0
Hybrid RRF,6283,M-044,0.0,0.0,0.0,0.0,0.0,0.0,0.0
Hybrid RRF,6304,EX-129,0.0,0.0,0.0,0.0,0.0,0.0,0.0
Hybrid RRF,6309,GB-007,0.0,0.0,0.0,0.0,0.0,0.0,0.0
Hybrid RRF,6343,SC-104,0.0,0.0,0.0,0.0,0.0,0.0,0.0
Hybrid RRF,6363,HV-107,0.0,0.0,1.0,1.0,1.0,0.1,0.1
Hybrid RRF,6431,SD-139,0.0,0.0,0.0,0.0,0.0,0.0,0.0
Hybrid RRF,6450,GB-107,0.0,0.0,0.0,0.0,0.0,0.0,0.0
Hybrid RRF,6544,F-080,0.0,0.0,0.0,0.0,0.0,0.0,0.0
Hybrid RRF,6573,TK-103,0.0,0.0,0.0,0.0,1.0,0.0,0.03333333333333333
Hybrid RRF,6626,GB-033,0.0,0.0,0.0,0.0,0.0,0.0,0.0
Hybrid RRF,6649,P-705,0.0,0.0,0.0,0.0,0.0,0.0,0.0
Hybrid RRF,6663,R-046,0.0,0.0,0.0,0.0,0.0,0.0,0.0
Hybrid RRF,6760,P-378,0.0,0.0,0.0,0.0,0.0,0.0,0.0
Hybrid RRF,6765,EX-031,0.0,0.0,0.0,0.0,1.0,0.0,0.037037037037037035
Hybrid RRF,6803,K-226,0.0,0.0,0.0,0.0,0.0,0.0,0.0
Hybrid RRF,6807,F-055,0.0,0.0,0.0,0.0,0.0,0.0,0.0
Hybrid RRF,6832,P-184,0.0,0.0,0.0,0.0,0.0,0.0,0.0
Hybrid RRF,6835,CR-120,0.0,0.0,0.0,0.0,0.0,0.0,0.0
Hybrid RRF,6867,HP-084,0.0,0.0,0.0,0.0,0.0,0.0,0.0
Hybrid RRF,6883,UF-015,0.0,0.0,0.0,1.0,1.0,0.0,0.05263157894736842
Hybrid RRF,6978,HX-125,0.0,0.0,0.0,0.0,0.0,0.0,0.0
Hybrid RRF,7064,P-568,0.0,0.0,0.0,0.0,0.0,0.0,0.0
Hybrid RRF,7091,SEP-210,0.0,0.0,0.0,0.0,0.0,0.0,0.0
Hybrid RRF,7093,R-110,0.0,1.0,1.0,1.0,1.0,0.5,0.5
Hybrid RRF,7124,P-524,0.0,0.0,0.0,0.0,0.0,0.0,0.0
Hybrid RRF,7202,R-133,0.0,0.0,0.0,0.0,0.0,0.0,0.0
Hybrid RRF,7224,AG-040,0.0,0.0,0.0,0.0,0.0,0.0,0.0
Hybrid RRF,7232,HX-124,0.0,0.0,0.0,0.0,0.0,0.0,0.0
Hybrid RRF,7257,HP-138,0.0,0.0,0.0,0.0,0.0,0.0,0.0
Hybrid RRF,7271,DC-115,0.0,0.0,0.0,0.0,0.0,0.0,0.0
Hybrid RRF,7299,GB-017,0.0,0.0,0.0,0.0,0.0,0.0,0.0
Hybrid RRF,7353,P-198,0.0,0.0,1.0,1.0,1.0,0.1111111111111111,0.1111111111111111
Hybrid RRF,7359,P-613,0.0,0.0,0.0,0.0,0.0,0.0,0.0
Hybrid RRF,7362,TK-179,0.0,0.0,1.0,1.0,1.0,0.16666666666666666,0.16666666666666666
Hybrid RRF,7422,R-243,0.0,0.0,0.0,0.0,0.0,0.0,0.0
Hybrid RRF,7432,P-275,0.0,0.0,0.0,0.0,1.0,0.0,0.020833333333333332
Hybrid RRF,7457,P-296,0.0,0.0,0.0,0.0,0.0,0.0,0.0
Hybrid RRF,7480,HP-112,0.0,0.0,0.0,0.0,0.0,0.0,0.0
Hybrid RRF,7520,K-075,0.0,0.0,0.0,0.0,0.0,0.0,0.0
Hybrid RRF,7546,F-106,0.0,0.0,0.0,1.0,1.0,0.0,0.05263157894736842
Hybrid RRF,7553,FCC-083,0.0,0.0,0.0,0.0,0.0,0.0,0.0
Hybrid RRF,7573,GB-142,0.0,0.0,0.0,0.0,0.0,0.0,0.0
Hybrid RRF,7590,R-064,0.0,0.0,1.0,1.0,1.0,0.14285714285714285,0.14285714285714285
Hybrid RRF,7639,GS-110,0.0,0.0,0.0,0.0,0.0,0.0,0.0
Hybrid RRF,7686,SC-049,0.0,0.0,0.0,0.0,0.0,0.0,0.0
Hybrid RRF,7709,P-211,0.0,0.0,0.0,0.0,0.0,0.0,0.0
Hybrid RRF,7721,M-135,0.0,0.0,0.0,0.0,0.0,0.0,0.0
Hybrid RRF,7726,EV-131,0.0,0.0,0.0,0.0,0.0,0.0,0.0
Hybrid RRF,7753,GT-081,0.0,0.0,0.0,0.0,0.0,0.0,0.0
Hybrid RRF,7798,M-117,0.0,0.0,0.0,0.0,0.0,0.0,0.0
Hybrid RRF,7812,M-033,0.0,0.0,0.0,0.0,0.0,0.0,0.0
Hybrid RRF,7862,HX-092,0.0,0.0,0.0,0.0,0.0,0.0,0.0
Hybrid RRF,7885,CV-123,0.0,0.0,0.0,0.0,0.0,0.0,0.0
Hybrid RRF,7930,HP-108,0.0,0.0,0.0,0.0,0.0,0.0,0.0
Hybrid RRF,7942,P-695,0.0,0.0,0.0,0.0,0.0,0.0,0.0
Hybrid RRF,7952,HX-059,0.0,0.0,0.0,0.0,0.0,0.0,0.0
Hybrid RRF,7981,M-047,0.0,0.0,0.0,0.0,0.0,0.0,0.0
Hybrid RRF,8038,TRB-140,0.0,0.0,0.0,0.0,1.0,0.0,0.047619047619047616
Hybrid RRF,8057,CT-115,0.0,0.0,0.0,0.0,0.0,0.0,0.0
Hybrid RRF,8098,TK-111,0.0,0.0,0.0,0.0,0.0,0.0,0.0
Hybrid RRF,8107,K-146,0.0,0.0,0.0,0.0,0.0,0.0,0.0
Hybrid RRF,8226,GB-104,0.0,0.0,0.0,0.0,0.0,0.0,0.0
Hybrid RRF,8303,GB-139,0.0,0.0,0.0,0.0,0.0,0.0,0.0
Hybrid RRF,8310,M-110,0.0,0.0,0.0,0.0,0.0,0.0,0.0
Hybrid RRF,8360,DOS-140,0.0,0.0,0.0,0.0,1.0,0.0,0.025
Hybrid RRF,8423,AG-013,0.0,0.0,0.0,1.0,1.0,0.0,0.07142857142857142
Hybrid RRF,8455,P-591,0.0,0.0,0.0,0.0,0.0,0.0,0.0
Hybrid RRF,8612,UF-084,0.0,0.0,0.0,0.0,0.0,0.0,0.0
Hybrid RRF,8621,P-217,0.0,0.0,0.0,0.0,0.0,0.0,0.0
Hybrid RRF,8643,VP-031,0.0,0.0,0.0,0.0,0.0,0.0,0.0
Hybrid RRF,8709,DC-085,0.0,0.0,0.0,0.0,0.0,0.0,0.0
Hybrid RRF,8748,DOS-103,0.0,0.0,0.0,0.0,0.0,0.0,0.0
Hybrid RRF,8796,TK-158,0.0,0.0,0.0,0.0,0.0,0.0,0.0
Hybrid RRF,8811,P-199,0.0,0.0,0.0,0.0,0.0,0.0,0.0
Hybrid RRF,8817,P-326,0.0,0.0,0.0,0.0,0.0,0.0,0.0
Hybrid RRF,8863,P-730,0.0,0.0,0.0,0.0,0.0,0.0,0.0
Hybrid RRF,8908,P-729,0.0,0.0,0.0,0.0,0.0,0.0,0.0
Hybrid RRF,8932,GB-091,0.0,0.0,0.0,0.0,0.0,0.0,0.0
Hybrid RRF,8979,AG-137,0.0,0.0,0.0,0.0,0.0,0.0,0.0
Hybrid RRF,9144,BM-124,0.0,0.0,0.0,0.0,0.0,0.0,0.0
Hybrid RRF,9154,P-436,0.0,0.0,0.0,0.0,0.0,0.0,0.0
Hybrid RRF,9244,TK-039,0.0,0.0,0.0,0.0,0.0,0.0,0.0
Hybrid RRF,9288,K-139,0.0,0.0,0.0,0.0,0.0,0.0,0.0
Hybrid RRF,9355,SD-144,0.0,0.0,1.0,1.0,1.0,0.16666666666666666,0.16666666666666666
Hybrid RRF,9384,BM-041,0.0,0.0,0.0,0.0,0.0,0.0,0.0
Hybrid RRF,9389,M-003,0.0,0.0,0.0,0.0,0.0,0.0,0.0
Hybrid RRF,9398,TK-034,0.0,0.0,0.0,0.0,0.0,0.0,0.0
Hybrid RRF,9448,SC-007,0.0,0.0,0.0,0.0,0.0,0.0,0.0
Hybrid RRF,9572,DOS-118,0.0,0.0,0.0,0.0,0.0,0.0,0.0
Hybrid RRF,9615,R-245,0.0,0.0,0.0,0.0,0.0,0.0,0.0
Hybrid RRF,9682,M-054,0.0,0.0,0.0,0.0,1.0,0.0,0.03125
Hybrid RRF,9696,SC-227,0.0,0.0,0.0,0.0,0.0,0.0,0.0
Hybrid RRF,9700,FCC-047,0.0,0.0,0.0,0.0,0.0,0.0,0.0
Hybrid RRF,9702,HX-107,0.0,0.0,0.0,0.0,0.0,0.0,0.0
Hybrid RRF,9711,VP-115,0.0,0.0,0.0,0.0,0.0,0.0,0.0
Hybrid RRF,9714,HX-083,0.0,0.0,0.0,0.0,0.0,0.0,0.0
Hybrid RRF,9762,SC-143,0.0,0.0,0.0,0.0,0.0,0.0,0.0
Hybrid RRF,9768,GS-074,0.0,0.0,0.0,0.0,0.0,0.0,0.0
Hybrid RRF,9806,FM-006,0.0,0.0,0.0,0.0,0.0,0.0,0.0
Hybrid RRF,9892,P-436,0.0,0.0,0.0,0.0,0.0,0.0,0.0
Hybrid RRF,9896,UF-029,0.0,0.0,0.0,0.0,0.0,0.0,0.0
Hybrid RRF,9909,P-301,0.0,0.0,0.0,0.0,0.0,0.0,0.0
Hybrid RRF,9920,P-243,0.0,0.0,0.0,0.0,0.0,0.0,0.0
Hybrid RRF,9921,P-313,0.0,0.0,0.0,0.0,0.0,0.0,0.0
Hybrid RRF,9928,GB-141,0.0,0.0,0.0,0.0,0.0,0.0,0.0
Hybrid RRF,9947,P-481,0.0,0.0,0.0,0.0,0.0,0.0,0.0
Hybrid RRF,10079,P-569,0.0,0.0,0.0,0.0,0.0,0.0,0.0
Hybrid RRF,10118,HV-108,0.0,0.0,0.0,1.0,1.0,0.0,0.08333333333333333
Hybrid RRF,10130,K-178,0.0,0.0,0.0,0.0,0.0,0.0,0.0
Hybrid RRF,10191,F-014,0.0,0.0,0.0,0.0,0.0,0.0,0.0
Hybrid RRF,10199,K-203,0.0,0.0,0.0,0.0,0.0,0.0,0.0
Hybrid RRF,10204,HV-034,0.0,0.0,0.0,0.0,0.0,0.0,0.0
Hybrid RRF,10213,CV-128,0.0,0.0,0.0,0.0,0.0,0.0,0.0
Hybrid RRF,10223,VP-039,0.0,0.0,0.0,0.0,0.0,0.0,0.0
Hybrid RRF,10252,P-408,0.0,0.0,0.0,0.0,0.0,0.0,0.0
Hybrid RRF,10263,DRY-030,0.0,0.0,0.0,0.0,0.0,0.0,0.0
Hybrid RRF,10269,SC-014,0.0,0.0,0.0,0.0,0.0,0.0,0.0
Hybrid RRF,10344,M-073,0.0,0.0,0.0,0.0,0.0,0.0,0.0
Hybrid RRF,10380,TK-108,0.0,0.0,0.0,0.0,0.0,0.0,0.0
Hybrid RRF,10421,CF-023,0.0,0.0,0.0,0.0,0.0,0.0,0.0
Hybrid RRF,10444,K-288,0.0,0.0,0.0,0.0,0.0,0.0,0.0
Hybrid RRF,10454,EX-065,0.0,0.0,0.0,0.0,0.0,0.0,0.0
Hybrid RRF,10473,P-328,0.0,0.0,0.0,0.0,0.0,0.0,0.0
Hybrid RRF,10493,HX-208,0.0,0.0,0.0,0.0,0.0,0.0,0.0
Hybrid RRF,10526,P-169,0.0,0.0,0.0,0.0,0.0,0.0,0.0
Hybrid RRF,10575,P-370,0.0,0.0,0.0,0.0,0.0,0.0,0.0
Hybrid RRF,10590,HX-107,0.0,0.0,0.0,0.0,1.0,0.0,0.034482758620689655
Hybrid RRF,10608,TK-106,0.0,0.0,0.0,0.0,0.0,0.0,0.0
Hybrid RRF,10627,P-365,0.0,0.0,0.0,0.0,0.0,0.0,0.0
Hybrid RRF,10630,HV-049,0.0,0.0,0.0,0.0,0.0,0.0,0.0
Hybrid RRF,10632,P-262,0.0,0.0,0.0,0.0,0.0,0.0,0.0
Hybrid RRF,10647,R-069,0.0,0.0,0.0,0.0,0.0,0.0,0.0
Hybrid RRF,10704,CR-123,0.0,0.0,0.0,0.0,0.0,0.0,0.0
Hybrid RRF,10755,BM-143,0.0,0.0,0.0,0.0,0.0,0.0,0.0
Hybrid RRF,10780,P-234,0.0,0.0,0.0,0.0,0.0,0.0,0.0
Hybrid RRF,10789,P-204,0.0,0.0,0.0,0.0,0.0,0.0,0.0
Hybrid RRF,10825,HV-102,0.0,0.0,0.0,0.0,0.0,0.0,0.0
Hybrid RRF,10828,M-014,0.0,0.0,0.0,0.0,0.0,0.0,0.0
Hybrid RRF,10932,SC-014,0.0,0.0,0.0,0.0,0.0,0.0,0.0
Hybrid RRF,10939,GT-104,0.0,0.0,0.0,0.0,0.0,0.0,0.0
Hybrid RRF,10966,P-362,0.0,0.0,0.0,0.0,0.0,0.0,0.0
Hybrid RRF,10970,CF-100,0.0,0.0,0.0,0.0,0.0,0.0,0.0
Hybrid RRF,10981,GB-068,0.0,0.0,0.0,0.0,0.0,0.0,0.0
Hybrid RRF,11002,VP-054,0.0,0.0,0.0,0.0,0.0,0.0,0.0
Hybrid RRF,11009,TK-204,0.0,0.0,0.0,0.0,0.0,0.0,0.0
Hybrid RRF,11068,SC-103,0.0,0.0,0.0,0.0,0.0,0.0,0.0
Hybrid RRF,11101,CV-272,0.0,0.0,0.0,0.0,0.0,0.0,0.0
Hybrid RRF,11149,P-602,0.0,0.0,0.0,0.0,0.0,0.0,0.0
Hybrid RRF,11165,RLP-059,0.0,0.0,0.0,0.0,1.0,0.0,0.02564102564102564
Hybrid RRF,11173,K-016,0.0,0.0,0.0,0.0,0.0,0.0,0.0
Hybrid RRF,11200,AG-090,0.0,0.0,0.0,0.0,0.0,0.0,0.0
Hybrid RRF,11221,TK-113,0.0,0.0,0.0,0.0,1.0,0.0,0.023255813953488372
Hybrid RRF,11278,P-682,0.0,0.0,0.0,0.0,0.0,0.0,0.0
Hybrid RRF,11282,M-039,0.0,0.0,0.0,0.0,0.0,0.0,0.0
Hybrid RRF,11372,P-204,0.0,0.0,0.0,0.0,0.0,0.0,0.0
Hybrid RRF,11373,UF-092,0.0,0.0,0.0,0.0,0.0,0.0,0.0
Hybrid RRF,11385,CF-013,0.0,0.0,0.0,0.0,0.0,0.0,0.0
Hybrid RRF,11400,P-228,0.0,0.0,0.0,0.0,0.0,0.0,0.0
Hybrid RRF,11403,CV-050,0.0,0.0,0.0,0.0,0.0,0.0,0.0
Hybrid RRF,11458,CV-241,0.0,0.0,0.0,0.0,0.0,0.0,0.0
Hybrid RRF,11467,CF-102,0.0,0.0,0.0,0.0,0.0,0.0,0.0
Hybrid RRF,11474,GB-112,0.0,0.0,0.0,0.0,0.0,0.0,0.0
Hybrid RRF,11580,K-132,0.0,0.0,0.0,0.0,0.0,0.0,0.0
Hybrid RRF,11584,BM-115,0.0,0.0,0.0,0.0,0.0,0.0,0.0
Hybrid RRF,11622,M-146,0.0,0.0,0.0,0.0,0.0,0.0,0.0
Hybrid RRF,11673,SC-006,0.0,0.0,0.0,0.0,0.0,0.0,0.0
Hybrid RRF,11701,HX-127,0.0,0.0,0.0,0.0,0.0,0.0,0.0
Hybrid RRF,11713,BM-063,0.0,0.0,0.0,0.0,0.0,0.0,0.0
Hybrid RRF,11820,FCC-040,0.0,1.0,1.0,1.0,1.0,0.2,0.2
Hybrid RRF,11917,BLR-043,0.0,0.0,0.0,0.0,0.0,0.0,0.0
Hybrid RRF,11959,P-501,0.0,0.0,0.0,0.0,0.0,0.0,0.0
Hybrid RRF,11974,M-057,0.0,0.0,0.0,0.0,0.0,0.0,0.0
Hybrid RRF,11997,P-224,0.0,0.0,0.0,0.0,1.0,0.0,0.043478260869565216
Hybrid RRF,12047,F-011,0.0,0.0,0.0,0.0,0.0,0.0,0.0
Hybrid RRF,12076,FM-056,0.0,0.0,0.0,0.0,0.0,0.0,0.0
Hybrid RRF,12080,HP-056,0.0,0.0,0.0,0.0,1.0,0.0,0.023809523809523808
Hybrid RRF,12214,P-271,0.0,0.0,0.0,0.0,0.0,0.0,0.0
Hybrid RRF,12238,BLR-103,0.0,0.0,0.0,0.0,0.0,0.0,0.0
Hybrid RRF,12262,P-287,0.0,0.0,0.0,0.0,0.0,0.0,0.0
Hybrid RRF,12303,BLR-046,0.0,0.0,0.0,0.0,0.0,0.0,0.0
Hybrid RRF,12316,SC-038,0.0,0.0,0.0,0.0,0.0,0.0,0.0
Hybrid RRF,12330,P-596,0.0,0.0,0.0,0.0,0.0,0.0,0.0
Hybrid RRF,12340,BLR-046,0.0,0.0,0.0,0.0,0.0,0.0,0.0
Hybrid RRF,12437,K-064,0.0,0.0,0.0,0.0,0.0,0.0,0.0
Hybrid RRF,12449,M-037,0.0,0.0,0.0,1.0,1.0,0.0,0.06666666666666667
Hybrid RRF,12468,P-536,0.0,0.0,0.0,0.0,0.0,0.0,0.0
Hybrid RRF,12503,EV-136,0.0,0.0,0.0,0.0,0.0,0.0,0.0
Hybrid RRF,12519,P-351,0.0,0.0,0.0,0.0,0.0,0.0,0.0
Hybrid RRF,12533,GT-073,0.0,0.0,0.0,0.0,0.0,0.0,0.0
Hybrid RRF,12567,P-245,0.0,0.0,0.0,0.0,0.0,0.0,0.0
Hybrid RRF,12738,M-074,0.0,0.0,0.0,0.0,0.0,0.0,0.0
Hybrid RRF,12757,VP-092,0.0,0.0,0.0,0.0,0.0,0.0,0.0
Hybrid RRF,12850,P-677,0.0,0.0,0.0,0.0,0.0,0.0,0.0
Hybrid RRF,12890,SC-019,0.0,0.0,0.0,0.0,0.0,0.0,0.0
Hybrid RRF,12907,P-309,0.0,0.0,0.0,0.0,0.0,0.0,0.0
Hybrid RRF,13027,BM-004,0.0,0.0,0.0,0.0,0.0,0.0,0.0
Hybrid RRF,13073,UF-093,0.0,0.0,0.0,0.0,1.0,0.0,0.02564102564102564
Hybrid RRF,13091,TK-038,0.0,0.0,0.0,0.0,0.0,0.0,0.0
Hybrid RRF,13158,TK-225,0.0,0.0,0.0,0.0,0.0,0.0,0.0
Hybrid RRF,13168,TK-110,0.0,0.0,0.0,0.0,0.0,0.0,0.0
Hybrid RRF,13229,K-108,0.0,0.0,0.0,0.0,0.0,0.0,0.0
Hybrid RRF,13233,P-206,0.0,0.0,0.0,0.0,0.0,0.0,0.0
Hybrid RRF,13319,GT-023,0.0,0.0,0.0,0.0,0.0,0.0,0.0
Hybrid RRF,13337,CF-057,0.0,0.0,0.0,0.0,0.0,0.0,0.0
Hybrid RRF,13346,P-218,0.0,0.0,0.0,0.0,0.0,0.0,0.0
Hybrid RRF,13409,P-290,0.0,0.0,0.0,0.0,0.0,0.0,0.0
Hybrid RRF,13481,GT-064,0.0,0.0,0.0,0.0,0.0,0.0,0.0
Hybrid RRF,13541,K-031,0.0,0.0,0.0,0.0,0.0,0.0,0.0
Hybrid RRF,13562,K-096,0.0,0.0,0.0,0.0,0.0,0.0,0.0
Hybrid RRF,13581,VP-014,0.0,0.0,0.0,0.0,0.0,0.0,0.0
Hybrid RRF,13585,P-415,0.0,0.0,0.0,0.0,0.0,0.0,0.0
Hybrid RRF,13607,DC-022,0.0,0.0,0.0,0.0,0.0,0.0,0.0
Hybrid RRF,13643,P-397,0.0,0.0,0.0,0.0,0.0,0.0,0.0
Hybrid RRF,13651,P-719,0.0,0.0,0.0,0.0,0.0,0.0,0.0
Hybrid RRF,13657,CT-022,0.0,0.0,0.0,0.0,0.0,0.0,0.0
Hybrid RRF,13752,HX-059,0.0,0.0,0.0,0.0,0.0,0.0,0.0
Hybrid RRF,13836,CF-145,0.0,0.0,0.0,0.0,1.0,0.0,0.023255813953488372
Hybrid RRF,13839,CV-230,0.0,0.0,0.0,0.0,0.0,0.0,0.0
Hybrid RRF,13880,HP-047,0.0,0.0,0.0,0.0,0.0,0.0,0.0
Hybrid RRF,13883,TK-144,0.0,0.0,0.0,0.0,0.0,0.0,0.0
Hybrid RRF,13906,GB-006,0.0,0.0,0.0,0.0,0.0,0.0,0.0
Hybrid RRF,13931,HX-061,0.0,0.0,0.0,0.0,0.0,0.0,0.0
Hybrid RRF,13941,P-223,0.0,0.0,0.0,0.0,0.0,0.0,0.0
Hybrid RRF,13956,F-243,0.0,0.0,0.0,0.0,0.0,0.0,0.0
Hybrid RRF,14052,FM-107,0.0,0.0,0.0,0.0,0.0,0.0,0.0
Hybrid RRF,14122,P-366,0.0,0.0,0.0,0.0,0.0,0.0,0.0
Hybrid RRF,14132,M-134,0.0,0.0,0.0,0.0,0.0,0.0,0.0
Hybrid RRF,14140,DC-044,0.0,0.0,0.0,0.0,0.0,0.0,0.0
Hybrid RRF,14188,CT-103,0.0,0.0,0.0,0.0,0.0,0.0,0.0
Hybrid RRF,14229,R-138,0.0,0.0,0.0,0.0,0.0,0.0,0.0
Hybrid RRF,14243,P-219,0.0,0.0,0.0,0.0,0.0,0.0,0.0
Hybrid RRF,14298,P-313,0.0,0.0,0.0,0.0,0.0,0.0,0.0
Hybrid RRF,14339,M-062,0.0,0.0,0.0,0.0,0.0,0.0,0.0
Hybrid RRF,14428,VP-125,0.0,0.0,0.0,0.0,0.0,0.0,0.0
Hybrid RRF,14483,P-476,0.0,0.0,0.0,0.0,0.0,0.0,0.0
Hybrid RRF,14520,HX-050,0.0,0.0,0.0,0.0,0.0,0.0,0.0
Hybrid RRF,14639,TRB-097,0.0,0.0,0.0,0.0,0.0,0.0,0.0
Hybrid RRF,14660,SC-139,0.0,0.0,0.0,0.0,0.0,0.0,0.0
Hybrid RRF,14683,BM-115,0.0,0.0,0.0,0.0,1.0,0.0,0.045454545454545456
Hybrid RRF,14784,M-106,0.0,0.0,0.0,0.0,0.0,0.0,0.0
Hybrid RRF,14788,P-308,0.0,0.0,0.0,0.0,0.0,0.0,0.0
Hybrid RRF,14805,F-087,0.0,0.0,0.0,0.0,0.0,0.0,0.0
Hybrid RRF,14820,TRB-133,0.0,0.0,0.0,0.0,0.0,0.0,0.0
Hybrid RRF,14870,CT-058,0.0,0.0,0.0,0.0,0.0,0.0,0.0
Hybrid RRF,14892,P-438,0.0,0.0,0.0,0.0,0.0,0.0,0.0
Hybrid RRF,14904,CV-056,0.0,0.0,0.0,0.0,0.0,0.0,0.0
Hybrid RRF,14930,P-244,0.0,0.0,0.0,0.0,0.0,0.0,0.0
Hybrid RRF,15041,GB-087,0.0,0.0,0.0,0.0,0.0,0.0,0.0
Hybrid RRF,15044,TRB-136,0.0,0.0,0.0,0.0,0.0,0.0,0.0
Hybrid RRF,15050,TRB-131,0.0,0.0,0.0,0.0,0.0,0.0,0.0
Hybrid RRF,15084,F-176,0.0,0.0,0.0,0.0,0.0,0.0,0.0
Hybrid RRF,15103,HP-133,0.0,0.0,0.0,0.0,0.0,0.0,0.0
Hybrid RRF,15169,P-219,0.0,0.0,0.0,0.0,0.0,0.0,0.0
Hybrid RRF,15181,GS-124,0.0,0.0,0.0,0.0,0.0,0.0,0.0
Hybrid RRF,15232,TK-315,0.0,0.0,0.0,0.0,0.0,0.0,0.0
Hybrid RRF,15318,R-082,0.0,0.0,0.0,0.0,0.0,0.0,0.0
Hybrid RRF,15368,R-070,0.0,0.0,0.0,0.0,0.0,0.0,0.0
Hybrid RRF,15413,VP-064,0.0,0.0,0.0,0.0,0.0,0.0,0.0
Hybrid RRF,15416,HV-213,0.0,0.0,0.0,0.0,0.0,0.0,0.0
Hybrid RRF,15453,DP-123,0.0,0.0,0.0,0.0,0.0,0.0,0.0
Hybrid RRF,15472,TK-243,0.0,0.0,0.0,0.0,0.0,0.0,0.0
Hybrid RRF,15481,P-159,0.0,0.0,0.0,0.0,0.0,0.0,0.0
Hybrid RRF,15524,HX-125,0.0,0.0,0.0,0.0,0.0,0.0,0.0
Hybrid RRF,15539,P-419,0.0,0.0,0.0,1.0,1.0,0.0,0.08333333333333333
Hybrid RRF,15619,CT-107,0.0,0.0,0.0,0.0,0.0,0.0,0.0
Hybrid RRF,15677,TK-194,0.0,0.0,0.0,0.0,0.0,0.0,0.0
Hybrid RRF,15721,CR-047,0.0,0.0,0.0,0.0,0.0,0.0,0.0
Hybrid RRF,15723,P-592,0.0,0.0,0.0,0.0,0.0,0.0,0.0
Hybrid RRF,15728,SD-121,0.0,0.0,0.0,0.0,0.0,0.0,0.0
Hybrid RRF,15775,M-036,0.0,0.0,0.0,0.0,0.0,0.0,0.0
Hybrid RRF,15786,CT-091,0.0,0.0,0.0,0.0,0.0,0.0,0.0
Hybrid RRF,15844,GT-142,0.0,0.0,0.0,0.0,0.0,0.0,0.0
Hybrid RRF,15915,F-122,0.0,0.0,0.0,0.0,0.0,0.0,0.0
Hybrid RRF,15938,TK-334,0.0,0.0,0.0,0.0,0.0,0.0,0.0
Hybrid RRF,16020,M-025,0.0,0.0,0.0,0.0,1.0,0.0,0.02
Hybrid RRF,16042,DOS-083,0.0,0.0,0.0,0.0,0.0,0.0,0.0
Hybrid RRF,16055,K-214,0.0,0.0,0.0,0.0,0.0,0.0,0.0
Hybrid RRF,16059,HX-145,0.0,0.0,0.0,0.0,0.0,0.0,0.0
Hybrid RRF,16087,P-743,0.0,0.0,0.0,0.0,0.0,0.0,0.0
Hybrid RRF,16118,F-053,0.0,0.0,0.0,0.0,0.0,0.0,0.0
Hybrid RRF,16133,HX-044,0.0,0.0,0.0,0.0,0.0,0.0,0.0
Hybrid RRF,16181,K-015,0.0,0.0,0.0,0.0,0.0,0.0,0.0
Hybrid RRF,16182,CV-079,0.0,0.0,0.0,0.0,0.0,0.0,0.0
Hybrid RRF,16188,DRY-128,0.0,0.0,0.0,0.0,0.0,0.0,0.0
Hybrid RRF,16193,HP-047,0.0,0.0,0.0,0.0,0.0,0.0,0.0
Hybrid RRF,16199,HX-068,0.0,0.0,0.0,0.0,0.0,0.0,0.0
Hybrid RRF,16257,DC-065,0.0,0.0,0.0,0.0,0.0,0.0,0.0
Hybrid RRF,16258,AG-049,0.0,1.0,1.0,1.0,1.0,0.2,0.2
Hybrid RRF,16296,BM-108,0.0,0.0,0.0,0.0,0.0,0.0,0.0
Hybrid RRF,16316,SD-033,0.0,0.0,0.0,0.0,0.0,0.0,0.0
Hybrid RRF,16375,BLR-111,0.0,0.0,0.0,0.0,1.0,0.0,0.047619047619047616
Hybrid RRF,16402,P-534,0.0,0.0,0.0,0.0,0.0,0.0,0.0
Hybrid RRF,16416,HV-116,0.0,0.0,0.0,0.0,0.0,0.0,0.0
Hybrid RRF,16474,TK-046,0.0,0.0,0.0,0.0,0.0,0.0,0.0
Hybrid RRF,16476,DC-137,0.0,0.0,0.0,0.0,0.0,0.0,0.0
Hybrid RRF,16485,CT-106,0.0,0.0,0.0,0.0,1.0,0.0,0.037037037037037035
Hybrid RRF,16515,K-100,0.0,0.0,0.0,0.0,0.0,0.0,0.0
Hybrid RRF,16519,TK-068,0.0,0.0,0.0,0.0,0.0,0.0,0.0
Hybrid RRF,16601,P-546,0.0,0.0,0.0,0.0,0.0,0.0,0.0
Hybrid RRF,16726,HV-032,0.0,0.0,0.0,0.0,0.0,0.0,0.0
Hybrid RRF,16768,P-142,0.0,0.0,0.0,0.0,0.0,0.0,0.0
Hybrid RRF,16778,DOS-078,0.0,0.0,0.0,0.0,0.0,0.0,0.0
Hybrid RRF,16793,DP-108,0.0,0.0,0.0,0.0,0.0,0.0,0.0
Hybrid RRF,16825,SD-105,0.0,0.0,0.0,0.0,1.0,0.0,0.02
Hybrid RRF,16858,HV-105,0.0,0.0,0.0,0.0,1.0,0.0,0.03225806451612903
Hybrid RRF,16901,P-402,0.0,0.0,0.0,0.0,0.0,0.0,0.0
Hybrid RRF,16961,CV-058,0.0,0.0,0.0,0.0,1.0,0.0,0.027777777777777776
Hybrid RRF,16982,CV-046,0.0,0.0,0.0,0.0,0.0,0.0,0.0
Hybrid RRF,16990,TK-229,0.0,0.0,0.0,0.0,0.0,0.0,0.0
Hybrid RRF,17021,UF-110,0.0,0.0,0.0,0.0,1.0,0.0,0.03333333333333333
Hybrid RRF,17112,P-501,0.0,0.0,0.0,0.0,0.0,0.0,0.0
Hybrid RRF,17123,P-341,0.0,0.0,0.0,0.0,0.0,0.0,0.0
Hybrid RRF,17154,TK-049,0.0,0.0,0.0,0.0,1.0,0.0,0.037037037037037035
Hybrid RRF,17173,HX-206,0.0,0.0,0.0,0.0,0.0,0.0,0.0
Hybrid RRF,17180,CV-071,0.0,0.0,0.0,0.0,0.0,0.0,0.0
Hybrid RRF,17184,HV-127,0.0,0.0,0.0,0.0,0.0,0.0,0.0
Hybrid RRF,17203,M-089,0.0,0.0,0.0,0.0,0.0,0.0,0.0
Hybrid RRF,17283,P-479,0.0,0.0,0.0,0.0,0.0,0.0,0.0
Hybrid RRF,17299,M-078,0.0,0.0,0.0,0.0,0.0,0.0,0.0
Hybrid RRF,17308,BLR-075,0.0,0.0,0.0,0.0,0.0,0.0,0.0
Hybrid RRF,17318,GB-102,0.0,0.0,0.0,0.0,0.0,0.0,0.0
Hybrid RRF,17326,P-209,0.0,0.0,0.0,0.0,0.0,0.0,0.0
Hybrid RRF,17332,GB-079,0.0,0.0,0.0,0.0,0.0,0.0,0.0
Hybrid RRF,17347,SC-052,0.0,0.0,0.0,0.0,0.0,0.0,0.0
Hybrid RRF,17349,R-073,0.0,0.0,0.0,0.0,0.0,0.0,0.0
Hybrid RRF,17369,M-133,0.0,0.0,0.0,0.0,1.0,0.0,0.022222222222222223
Hybrid RRF,17380,BLR-101,0.0,0.0,0.0,0.0,0.0,0.0,0.0
Hybrid RRF,17385,CV-128,0.0,0.0,0.0,0.0,1.0,0.0,0.02702702702702703
Hybrid RRF,17394,HV-052,0.0,0.0,0.0,0.0,0.0,0.0,0.0
Hybrid RRF,17467,P-332,0.0,0.0,0.0,0.0,0.0,0.0,0.0
Hybrid RRF,17592,TK-290,0.0,0.0,0.0,0.0,0.0,0.0,0.0
Hybrid RRF,17597,P-582,0.0,0.0,0.0,0.0,0.0,0.0,0.0
Hybrid RRF,17620,HV-031,0.0,0.0,0.0,0.0,0.0,0.0,0.0
Hybrid RRF,17653,F-233,0.0,0.0,0.0,0.0,0.0,0.0,0.0
Hybrid RRF,17664,P-215,0.0,0.0,0.0,0.0,0.0,0.0,0.0
Hybrid RRF,17690,P-210,0.0,0.0,0.0,0.0,0.0,0.0,0.0
Hybrid RRF,17749,P-338,0.0,0.0,0.0,0.0,0.0,0.0,0.0
Hybrid RRF,17843,P-144,0.0,0.0,0.0,0.0,0.0,0.0,0.0
Hybrid RRF,17864,F-054,0.0,0.0,0.0,0.0,0.0,0.0,0.0
Hybrid RRF,17884,GB-069,0.0,0.0,0.0,0.0,0.0,0.0,0.0
Hybrid RRF,17924,F-070,0.0,0.0,0.0,0.0,0.0,0.0,0.0
Hybrid RRF,17985,GS-004,0.0,0.0,0.0,0.0,0.0,0.0,0.0
Hybrid RRF,18060,CT-108,0.0,0.0,0.0,0.0,0.0,0.0,0.0
Hybrid RRF,18071,P-303,0.0,0.0,0.0,0.0,0.0,0.0,0.0
Hybrid RRF,18093,TK-059,0.0,0.0,0.0,0.0,0.0,0.0,0.0
Hybrid RRF,18101,BLR-143,0.0,0.0,0.0,0.0,0.0,0.0,0.0
Hybrid RRF,18176,DRY-112,0.0,0.0,0.0,0.0,0.0,0.0,0.0
Hybrid RRF,18184,FM-121,0.0,0.0,0.0,0.0,0.0,0.0,0.0
Hybrid RRF,18230,CF-111,0.0,0.0,0.0,0.0,0.0,0.0,0.0
Hybrid RRF,18250,SC-008,0.0,0.0,0.0,0.0,0.0,0.0,0.0
Hybrid RRF,18256,F-013,0.0,0.0,0.0,0.0,0.0,0.0,0.0
Hybrid RRF,18291,CF-140,0.0,0.0,0.0,0.0,0.0,0.0,0.0
Hybrid RRF,18354,GS-128,0.0,0.0,0.0,0.0,0.0,0.0,0.0
Hybrid RRF,18355,SC-101,0.0,0.0,0.0,0.0,0.0,0.0,0.0
Hybrid RRF,18369,P-356,0.0,0.0,0.0,0.0,0.0,0.0,0.0
Hybrid RRF,18394,DOS-067,0.0,0.0,0.0,0.0,1.0,0.0,0.023255813953488372
Hybrid RRF,18437,CV-049,0.0,0.0,0.0,0.0,1.0,0.0,0.029411764705882353
Hybrid RRF,18441,M-120,0.0,0.0,0.0,0.0,0.0,0.0,0.0
Hybrid RRF,18451,AG-126,0.0,0.0,0.0,0.0,0.0,0.0,0.0
Hybrid RRF,18477,P-264,0.0,0.0,0.0,0.0,1.0,0.0,0.04
Hybrid RRF,18535,M-080,0.0,0.0,0.0,0.0,0.0,0.0,0.0
Hybrid RRF,18548,M-077,0.0,0.0,0.0,0.0,0.0,0.0,0.0
Hybrid RRF,18598,K-104,0.0,0.0,0.0,0.0,0.0,0.0,0.0
Hybrid RRF,18648,CR-143,0.0,0.0,0.0,0.0,0.0,0.0,0.0
Hybrid RRF,18671,UF-070,0.0,0.0,0.0,0.0,0.0,0.0,0.0
Hybrid RRF,18730,P-508,0.0,0.0,0.0,0.0,0.0,0.0,0.0
Hybrid RRF,18741,TRB-104,0.0,0.0,0.0,0.0,0.0,0.0,0.0
Hybrid RRF,18751,GS-104,0.0,0.0,0.0,0.0,0.0,0.0,0.0
Hybrid RRF,18790,M-104,0.0,0.0,0.0,0.0,0.0,0.0,0.0
Hybrid RRF,18799,K-144,0.0,0.0,1.0,1.0,1.0,0.16666666666666666,0.16666666666666666
Hybrid RRF,18815,R-294,0.0,0.0,0.0,0.0,0.0,0.0,0.0
Hybrid RRF,18818,P-665,0.0,0.0,0.0,0.0,0.0,0.0,0.0
Hybrid RRF,18848,HX-075,0.0,0.0,0.0,0.0,0.0,0.0,0.0
Hybrid RRF,18890,P-459,0.0,0.0,0.0,0.0,0.0,0.0,0.0
Hybrid RRF,18951,F-212,0.0,0.0,0.0,0.0,0.0,0.0,0.0
Hybrid RRF,19249,RLP-069,0.0,0.0,0.0,0.0,0.0,0.0,0.0
Hybrid RRF,19272,CV-305,0.0,0.0,0.0,0.0,0.0,0.0,0.0
Hybrid RRF,19351,HX-047,0.0,0.0,0.0,0.0,0.0,0.0,0.0
Hybrid RRF,19463,BM-080,0.0,0.0,1.0,1.0,1.0,0.125,0.125
Hybrid RRF,19467,K-039,0.0,0.0,0.0,0.0,1.0,0.0,0.022222222222222223
Hybrid RRF,19469,HX-136,0.0,0.0,0.0,0.0,0.0,0.0,0.0
Hybrid RRF,19494,GB-125,0.0,0.0,0.0,0.0,0.0,0.0,0.0
Hybrid RRF,19546,BLR-079,0.0,0.0,0.0,0.0,0.0,0.0,0.0
Hybrid RRF,19676,P-667,0.0,0.0,0.0,0.0,0.0,0.0,0.0
Hybrid RRF,19693,F-133,0.0,0.0,0.0,0.0,0.0,0.0,0.0
Hybrid RRF,19704,HX-226,0.0,0.0,0.0,0.0,0.0,0.0,0.0
Hybrid RRF,19732,EX-057,0.0,0.0,0.0,0.0,0.0,0.0,0.0
Hybrid RRF,19754,P-692,0.0,0.0,0.0,0.0,0.0,0.0,0.0
Hybrid RRF,19881,TK-199,0.0,0.0,0.0,0.0,0.0,0.0,0.0
Hybrid RRF,19968,P-121,0.0,0.0,0.0,0.0,0.0,0.0,0.0
Hybrid RRF,20016,GB-029,0.0,0.0,0.0,0.0,0.0,0.0,0.0
Hybrid RRF,20085,P-125,0.0,0.0,0.0,0.0,0.0,0.0,0.0
Hybrid RRF,20097,P-222,0.0,0.0,0.0,0.0,0.0,0.0,0.0
Hybrid RRF,20102,P-134,0.0,0.0,0.0,0.0,0.0,0.0,0.0
Hybrid RRF,20114,P-429,0.0,0.0,0.0,0.0,0.0,0.0,0.0
Hybrid RRF,20158,HP-105,0.0,0.0,0.0,0.0,0.0,0.0,0.0
Hybrid RRF,20168,HX-032,0.0,0.0,0.0,0.0,0.0,0.0,0.0
Hybrid RRF,20316,DRY-01,0.0,0.0,0.0,0.0,0.0,0.0,0.0
Hybrid RRF,20360,TK-140,0.0,0.0,1.0,1.0,1.0,0.16666666666666666,0.16666666666666666
Hybrid RRF,20385,P-182,0.0,0.0,0.0,0.0,0.0,0.0,0.0
Hybrid RRF,20390,P-319,0.0,0.0,0.0,0.0,0.0,0.0,0.0
Hybrid RRF,20406,F-015,0.0,0.0,0.0,0.0,0.0,0.0,0.0
Hybrid RRF,20472,TK-254,0.0,0.0,0.0,0.0,0.0,0.0,0.0
Hybrid RRF,20473,BM-080,0.0,0.0,0.0,0.0,0.0,0.0,0.0
Hybrid RRF,20500,TRB-050,0.0,0.0,0.0,0.0,0.0,0.0,0.0
Hybrid RRF,20539,F-216,0.0,0.0,0.0,0.0,0.0,0.0,0.0
Hybrid RRF,20559,EV-076,0.0,0.0,0.0,0.0,0.0,0.0,0.0
Hybrid RRF,20563,GT-104,0.0,0.0,0.0,0.0,0.0,0.0,0.0
Hybrid RRF,20587,SD-062,0.0,0.0,0.0,0.0,0.0,0.0,0.0
Hybrid RRF,20614,F-010,0.0,0.0,0.0,0.0,0.0,0.0,0.0
Hybrid RRF,20622,M-133,0.0,0.0,0.0,0.0,0.0,0.0,0.0
Hybrid RRF,20717,P-354,0.0,0.0,0.0,0.0,0.0,0.0,0.0
Hybrid RRF,20723,HP-128,0.0,0.0,0.0,0.0,0.0,0.0,0.0
Hybrid RRF,20725,DOS-091,0.0,1.0,1.0,1.0,1.0,0.2,0.2
Hybrid RRF,20730,K-149,0.0,0.0,0.0,0.0,0.0,0.0,0.0
Hybrid RRF,20873,P-261,0.0,0.0,0.0,0.0,0.0,0.0,0.0
Hybrid RRF,20887,TK-004,0.0,0.0,0.0,0.0,0.0,0.0,0.0
Hybrid RRF,20920,EV-133,0.0,0.0,0.0,0.0,0.0,0.0,0.0
Hybrid RRF,20921,P-517,0.0,0.0,0.0,0.0,0.0,0.0,0.0
Hybrid RRF,20998,TK-103,0.0,0.0,0.0,0.0,0.0,0.0,0.0
Hybrid RRF,21018,TK-118,0.0,0.0,0.0,0.0,0.0,0.0,0.0
Hybrid RRF,21042,FM-023,0.0,0.0,0.0,0.0,0.0,0.0,0.0
Hybrid RRF,21045,HX-341,0.0,0.0,0.0,0.0,0.0,0.0,0.0
Hybrid RRF,21054,M-117,0.0,0.0,0.0,0.0,0.0,0.0,0.0
Hybrid RRF,21055,AG-031,0.0,0.0,0.0,0.0,0.0,0.0,0.0
Hybrid RRF,21148,R-126,0.0,0.0,0.0,0.0,0.0,0.0,0.0
Hybrid RRF,21159,P-339,0.0,0.0,0.0,0.0,0.0,0.0,0.0
Hybrid RRF,21194,K-102,0.0,0.0,0.0,0.0,1.0,0.0,0.023255813953488372
Hybrid RRF,21259,HX-090,0.0,0.0,0.0,0.0,0.0,0.0,0.0
Hybrid RRF,21271,SEP-111,0.0,0.0,0.0,0.0,0.0,0.0,0.0
Hybrid RRF,21306,P-262,0.0,0.0,0.0,0.0,0.0,0.0,0.0
Hybrid RRF,21364,P-196,0.0,0.0,0.0,0.0,0.0,0.0,0.0
Hybrid RRF,21389,P-114,0.0,0.0,0.0,0.0,0.0,0.0,0.0
Hybrid RRF,21505,M-066,0.0,0.0,0.0,0.0,0.0,0.0,0.0
Hybrid RRF,21519,CF-140,0.0,0.0,0.0,0.0,0.0,0.0,0.0
Hybrid RRF,21532,TK-209,0.0,0.0,0.0,0.0,0.0,0.0,0.0
Hybrid RRF,21539,P-133,0.0,0.0,0.0,0.0,0.0,0.0,0.0
Hybrid RRF,21598,HV-061,0.0,0.0,0.0,0.0,0.0,0.0,0.0
Hybrid RRF,21605,BM-107,0.0,0.0,0.0,0.0,0.0,0.0,0.0
Hybrid RRF,21661,M-146,0.0,0.0,0.0,0.0,1.0,0.0,0.029411764705882353
Hybrid RRF,21662,FM-106,0.0,0.0,0.0,0.0,0.0,0.0,0.0
Hybrid RRF,21689,VP-122,0.0,0.0,0.0,0.0,0.0,0.0,0.0
Hybrid RRF,21698,M-081,0.0,0.0,0.0,0.0,0.0,0.0,0.0
Hybrid RRF,21815,TK-120,0.0,0.0,0.0,0.0,0.0,0.0,0.0
Hybrid RRF,21828,EX-132,0.0,0.0,0.0,0.0,0.0,0.0,0.0
Hybrid RRF,21914,P-439,0.0,0.0,0.0,0.0,0.0,0.0,0.0
Hybrid RRF,21945,P-472,0.0,0.0,0.0,0.0,0.0,0.0,0.0
Hybrid RRF,22050,R-104,0.0,0.0,0.0,0.0,0.0,0.0,0.0
Hybrid RRF,22106,K-236,0.0,0.0,0.0,0.0,0.0,0.0,0.0
Hybrid RRF,22113,F-048,0.0,0.0,0.0,0.0,0.0,0.0,0.0
Hybrid RRF,22164,DP-029,0.0,0.0,0.0,0.0,0.0,0.0,0.0
Hybrid RRF,22171,BLR-100,0.0,0.0,0.0,0.0,0.0,0.0,0.0
Hybrid RRF,22253,SEP-119,0.0,0.0,0.0,0.0,0.0,0.0,0.0
Hybrid RRF,22283,FM-049,0.0,0.0,0.0,0.0,0.0,0.0,0.0
Hybrid RRF,22289,M-114,0.0,0.0,0.0,0.0,0.0,0.0,0.0
Hybrid RRF,22294,RLP-075,0.0,0.0,0.0,0.0,0.0,0.0,0.0
Hybrid RRF,22331,SEP-101,0.0,0.0,0.0,0.0,0.0,0.0,0.0
Hybrid RRF,22360,GB-199,0.0,0.0,0.0,0.0,0.0,0.0,0.0
Hybrid RRF,22391,HX-433,0.0,0.0,0.0,0.0,0.0,0.0,0.0
Hybrid RRF,22407,BLR-007,0.0,0.0,0.0,0.0,0.0,0.0,0.0
Hybrid RRF,22433,CV-108,0.0,0.0,0.0,0.0,1.0,0.0,0.03125
Hybrid RRF,22461,F-107,0.0,0.0,0.0,0.0,0.0,0.0,0.0
Hybrid RRF,22570,BLR-015,0.0,0.0,0.0,0.0,0.0,0.0,0.0
Hybrid RRF,22599,SEP-030,0.0,0.0,0.0,0.0,0.0,0.0,0.0
Hybrid RRF,22657,EV-101,0.0,0.0,0.0,0.0,0.0,0.0,0.0
Hybrid RRF,22658,P-137,0.0,0.0,0.0,0.0,0.0,0.0,0.0
Hybrid RRF,22714,DC-031,0.0,0.0,0.0,0.0,0.0,0.0,0.0
Hybrid RRF,22716,TK-109,0.0,0.0,0.0,0.0,0.0,0.0,0.0
Hybrid RRF,22844,CV-100,0.0,0.0,0.0,0.0,0.0,0.0,0.0
Hybrid RRF,22859,P-164,0.0,0.0,0.0,0.0,0.0,0.0,0.0
Hybrid RRF,22864,AG-125,0.0,0.0,0.0,0.0,0.0,0.0,0.0
Hybrid RRF,22875,K-229,0.0,0.0,0.0,0.0,0.0,0.0,0.0
Hybrid RRF,22900,SC-074,0.0,0.0,0.0,0.0,0.0,0.0,0.0
Hybrid RRF,22904,DRY-068,0.0,0.0,0.0,0.0,0.0,0.0,0.0
Hybrid RRF,22959,FM-009,0.0,0.0,0.0,0.0,1.0,0.0,0.034482758620689655
Hybrid RRF,22984,P-156,0.0,0.0,0.0,0.0,0.0,0.0,0.0
Hybrid RRF,22992,P-528,0.0,0.0,0.0,0.0,0.0,0.0,0.0
Hybrid RRF,23008,K-064,0.0,0.0,0.0,0.0,0.0,0.0,0.0
Hybrid RRF,23048,GB-085,0.0,0.0,0.0,0.0,0.0,0.0,0.0
Hybrid RRF,23058,CV-007,0.0,0.0,0.0,0.0,1.0,0.0,0.02040816326530612
Hybrid RRF,23074,EV-006,0.0,0.0,0.0,0.0,0.0,0.0,0.0
Hybrid RRF,23105,P-166,0.0,0.0,0.0,0.0,0.0,0.0,0.0
Hybrid RRF,23173,EV-125,0.0,0.0,0.0,0.0,0.0,0.0,0.0
Hybrid RRF,23184,CV-057,0.0,0.0,0.0,0.0,0.0,0.0,0.0
Hybrid RRF,23309,HX-239,0.0,0.0,0.0,0.0,0.0,0.0,0.0
Hybrid RRF,23327,SC-141,0.0,0.0,0.0,0.0,0.0,0.0,0.0
Hybrid RRF,23370,P-228,1.0,1.0,1.0,1.0,1.0,1.0,1.0
Hybrid RRF,23377,VP-133,0.0,0.0,0.0,0.0,0.0,0.0,0.0
Hybrid RRF,23403,P-155,0.0,0.0,0.0,0.0,0.0,0.0,0.0
Hybrid RRF,23462,P-104,0.0,0.0,0.0,0.0,0.0,0.0,0.0
Hybrid RRF,23502,K-207,0.0,0.0,0.0,0.0,0.0,0.0,0.0
Hybrid RRF,23512,HX-017,0.0,0.0,0.0,0.0,0.0,0.0,0.0
Hybrid RRF,23519,M-041,0.0,0.0,0.0,0.0,0.0,0.0,0.0
Hybrid RRF,23526,P-674,0.0,0.0,0.0,0.0,0.0,0.0,0.0
Hybrid RRF,23528,UF-126,0.0,0.0,0.0,0.0,0.0,0.0,0.0
Hybrid RRF,23535,UF-043,0.0,0.0,1.0,1.0,1.0,0.1,0.1
Hybrid RRF,23547,CF-120,0.0,0.0,0.0,0.0,0.0,0.0,0.0
Hybrid RRF,23554,CV-026,0.0,0.0,0.0,0.0,0.0,0.0,0.0
Hybrid RRF,23585,TK-060,0.0,0.0,0.0,0.0,0.0,0.0,0.0
Hybrid RRF,23605,P-153,0.0,0.0,0.0,0.0,0.0,0.0,0.0
Hybrid RRF,23688,HV-093,0.0,0.0,0.0,0.0,0.0,0.0,0.0
Hybrid RRF,23709,P-430,0.0,0.0,0.0,0.0,0.0,0.0,0.0
Hybrid RRF,23736,SD-144,0.0,0.0,0.0,0.0,0.0,0.0,0.0
Hybrid RRF,23785,P-362,0.0,0.0,0.0,0.0,0.0,0.0,0.0
Hybrid RRF,23800,EV-015,0.0,0.0,0.0,0.0,0.0,0.0,0.0
Hybrid RRF,23819,GB-116,0.0,0.0,0.0,0.0,0.0,0.0,0.0
Hybrid RRF,23839,R-094,0.0,0.0,0.0,0.0,0.0,0.0,0.0
Hybrid RRF,23847,M-053,0.0,0.0,0.0,0.0,0.0,0.0,0.0
Hybrid RRF,23849,GB-142,0.0,0.0,0.0,1.0,1.0,0.0,0.05555555555555555
Hybrid RRF,23858,P-236,0.0,0.0,0.0,0.0,0.0,0.0,0.0
Hybrid RRF,23862,DP-104,0.0,0.0,0.0,0.0,0.0,0.0,0.0
Hybrid RRF,23863,BLR-125,0.0,0.0,0.0,0.0,0.0,0.0,0.0
Hybrid RRF,23869,SD-035,0.0,0.0,0.0,0.0,1.0,0.0,0.020833333333333332
Hybrid RRF,23974,P-352,0.0,0.0,0.0,0.0,1.0,0.0,0.02040816326530612
Hybrid RRF,24037,M-062,0.0,0.0,0.0,0.0,1.0,0.0,0.022222222222222223
Hybrid RRF,24091,P-442,0.0,0.0,0.0,0.0,0.0,0.0,0.0
Hybrid RRF,24095,K-093,0.0,0.0,0.0,0.0,0.0,0.0,0.0
Hybrid RRF,24165,TK-029,0.0,0.0,0.0,0.0,0.0,0.0,0.0
Hybrid RRF,24183,TK-222,0.0,0.0,0.0,0.0,0.0,0.0,0.0
Hybrid RRF,24203,TK-032,0.0,0.0,0.0,0.0,0.0,0.0,0.0
Hybrid RRF,24274,TK-118,0.0,0.0,0.0,0.0,0.0,0.0,0.0
Hybrid RRF,24288,AG-008,0.0,0.0,0.0,0.0,0.0,0.0,0.0
Hybrid RRF,24306,SC-119,0.0,0.0,0.0,0.0,0.0,0.0,0.0
Hybrid RRF,24308,VP-108,0.0,0.0,0.0,0.0,0.0,0.0,0.0
Hybrid RRF,24340,DRY-035,0.0,0.0,0.0,0.0,0.0,0.0,0.0
Hybrid RRF,24346,K-036,0.0,0.0,0.0,0.0,0.0,0.0,0.0
Hybrid RRF,24381,GB-018,0.0,0.0,0.0,0.0,0.0,0.0,0.0
Hybrid RRF,24396,R-007,0.0,0.0,0.0,0.0,0.0,0.0,0.0
Hybrid RRF,24461,CV-013,0.0,0.0,0.0,0.0,0.0,0.0,0.0
Hybrid RRF,24486,HX-050,0.0,0.0,0.0,0.0,0.0,0.0,0.0
Hybrid RRF,24542,BLR-110,0.0,0.0,0.0,0.0,0.0,0.0,0.0
Hybrid RRF,24545,P-210,0.0,0.0,0.0,0.0,0.0,0.0,0.0
Hybrid RRF,24551,P-158,0.0,0.0,0.0,0.0,0.0,0.0,0.0
Hybrid RRF,24623,BM-118,0.0,0.0,0.0,0.0,0.0,0.0,0.0
Hybrid RRF,24649,TK-037,0.0,0.0,0.0,0.0,1.0,0.0,0.034482758620689655
Hybrid RRF,24715,P-674,0.0,0.0,0.0,0.0,0.0,0.0,0.0
Hybrid RRF,24743,AG-106,0.0,0.0,0.0,0.0,0.0,0.0,0.0
Hybrid RRF,24765,BLR-217,0.0,0.0,0.0,0.0,0.0,0.0,0.0
Hybrid RRF,24775,BLR-110,0.0,0.0,0.0,0.0,0.0,0.0,0.0
Hybrid RRF,24829,P-296,0.0,0.0,0.0,0.0,0.0,0.0,0.0
Hybrid RRF,24914,TK-242,0.0,0.0,0.0,0.0,0.0,0.0,0.0
Hybrid RRF,24916,DRY-009,0.0,0.0,0.0,0.0,0.0,0.0,0.0
Hybrid RRF,24919,DP-025,0.0,0.0,0.0,0.0,0.0,0.0,0.0
Hybrid RRF,24926,CR-031,0.0,0.0,0.0,0.0,0.0,0.0,0.0
Hybrid RRF,24934,K-052,0.0,0.0,0.0,0.0,0.0,0.0,0.0
Hybrid RRF,24994,GT-141,0.0,0.0,0.0,0.0,0.0,0.0,0.0
Hybrid RRF,25020,BLR-086,0.0,0.0,0.0,0.0,0.0,0.0,0.0
Hybrid RRF,25102,UF-092,0.0,0.0,0.0,0.0,0.0,0.0,0.0
Hybrid RRF,25114,P-387,0.0,0.0,0.0,0.0,0.0,0.0,0.0
Hybrid RRF,25136,P-521,0.0,0.0,0.0,0.0,0.0,0.0,0.0
Hybrid RRF,25211,P-315,0.0,0.0,0.0,0.0,0.0,0.0,0.0
Hybrid RRF,25253,HX-335,0.0,0.0,0.0,0.0,0.0,0.0,0.0
Hybrid RRF,25259,VP-059,0.0,0.0,0.0,0.0,0.0,0.0,0.0
Hybrid RRF,25282,GT-103,0.0,0.0,0.0,0.0,0.0,0.0,0.0
Hybrid RRF,25297,P-490,0.0,0.0,0.0,0.0,0.0,0.0,0.0
Hybrid RRF,25323,HX-230,0.0,0.0,0.0,0.0,0.0,0.0,0.0
Hybrid RRF,25361,TK-112,0.0,1.0,1.0,1.0,1.0,0.25,0.25
Hybrid RRF,25392,P-186,0.0,0.0,0.0,0.0,0.0,0.0,0.0
Hybrid RRF,25428,SD-102,0.0,0.0,0.0,0.0,0.0,0.0,0.0
Hybrid RRF,25452,EX-136,0.0,0.0,0.0,0.0,0.0,0.0,0.0
Hybrid RRF,25505,TK-243,0.0,0.0,0.0,0.0,0.0,0.0,0.0
Hybrid RRF,25524,M-119,0.0,0.0,0.0,0.0,1.0,0.0,0.024390243902439025
Hybrid RRF,25573,RLP-104,0.0,0.0,0.0,0.0,0.0,0.0,0.0
Hybrid RRF,25585,GB-066,0.0,0.0,0.0,0.0,0.0,0.0,0.0
Hybrid RRF,25596,HV-107,0.0,0.0,0.0,0.0,0.0,0.0,0.0
Hybrid RRF,25607,M-045,0.0,0.0,0.0,0.0,0.0,0.0,0.0
Hybrid RRF,25614,HP-084,0.0,0.0,0.0,0.0,0.0,0.0,0.0
Hybrid RRF,25648,DRY-033,0.0,0.0,0.0,0.0,0.0,0.0,0.0
Hybrid RRF,25658,DOS-112,0.0,0.0,0.0,0.0,0.0,0.0,0.0
Hybrid RRF,25699,P-353,0.0,0.0,0.0,0.0,0.0,0.0,0.0
Hybrid RRF,25777,HV-228,0.0,0.0,0.0,0.0,0.0,0.0,0.0
Hybrid RRF,25806,CV-044,0.0,0.0,0.0,0.0,0.0,0.0,0.0
Hybrid RRF,25813,CR-083,0.0,0.0,0.0,0.0,0.0,0.0,0.0
Hybrid RRF,25885,AG-062,0.0,0.0,0.0,0.0,0.0,0.0,0.0
Hybrid RRF,25934,P-610,0.0,0.0,0.0,0.0,0.0,0.0,0.0
Hybrid RRF,25936,P-642,0.0,0.0,0.0,0.0,0.0,0.0,0.0
Hybrid RRF,25950,EV-043,0.0,0.0,0.0,0.0,0.0,0.0,0.0
Hybrid RRF,26084,TK-086,0.0,0.0,0.0,0.0,0.0,0.0,0.0
Hybrid RRF,26125,P-169,0.0,0.0,0.0,0.0,0.0,0.0,0.0
Hybrid RRF,26127,SD-016,0.0,0.0,0.0,0.0,0.0,0.0,0.0
Hybrid RRF,26193,GS-015,0.0,0.0,0.0,0.0,0.0,0.0,0.0
Hybrid RRF,26271,P-327,0.0,0.0,0.0,0.0,0.0,0.0,0.0
Hybrid RRF,26302,TK-106,0.0,0.0,0.0,0.0,0.0,0.0,0.0
Hybrid RRF,26303,SC-080,0.0,0.0,0.0,0.0,0.0,0.0,0.0
Hybrid RRF,26384,UF-037,0.0,0.0,0.0,0.0,0.0,0.0,0.0
Hybrid RRF,26404,EV-079,0.0,0.0,0.0,0.0,0.0,0.0,0.0
Hybrid RRF,26467,DC-126,0.0,0.0,0.0,0.0,0.0,0.0,0.0
Hybrid RRF,26568,K-081,0.0,0.0,0.0,0.0,0.0,0.0,0.0
Hybrid RRF,26594,HP-118,0.0,0.0,0.0,0.0,1.0,0.0,0.038461538461538464
Hybrid RRF,26640,TK-134,0.0,0.0,0.0,0.0,0.0,0.0,0.0
Hybrid RRF,26667,M-104,0.0,0.0,0.0,0.0,0.0,0.0,0.0
Hybrid RRF,26680,K-202,0.0,0.0,0.0,0.0,0.0,0.0,0.0
Hybrid RRF,26725,P-389,0.0,0.0,0.0,0.0,0.0,0.0,0.0
Hybrid RRF,26727,TRB-119,0.0,0.0,0.0,0.0,0.0,0.0,0.0
Hybrid RRF,26735,P-283,0.0,0.0,0.0,0.0,1.0,0.0,0.02564102564102564
Hybrid RRF,26791,CR-091,0.0,0.0,0.0,0.0,0.0,0.0,0.0
Hybrid RRF,26839,CV-118,0.0,0.0,0.0,0.0,0.0,0.0,0.0
Hybrid RRF,26888,P-213,0.0,0.0,0.0,0.0,0.0,0.0,0.0
Hybrid RRF,26907,TK-140,0.0,0.0,0.0,0.0,0.0,0.0,0.0
Hybrid RRF,26990,RLP-101,0.0,0.0,0.0,0.0,0.0,0.0,0.0
Hybrid RRF,27027,P-238,0.0,0.0,0.0,0.0,0.0,0.0,0.0
Hybrid RRF,27105,P-424,0.0,0.0,0.0,0.0,0.0,0.0,0.0
Hybrid RRF,27108,M-136,0.0,0.0,0.0,0.0,0.0,0.0,0.0
Hybrid RRF,27151,HX-108,0.0,0.0,0.0,0.0,0.0,0.0,0.0
Hybrid RRF,27188,TK-077,0.0,1.0,1.0,1.0,1.0,0.2,0.2
Hybrid RRF,27258,M-046,0.0,0.0,0.0,0.0,0.0,0.0,0.0
Hybrid RRF,27265,P-313,0.0,0.0,0.0,0.0,0.0,0.0,0.0
Hybrid RRF,27273,P-689,0.0,0.0,0.0,0.0,0.0,0.0,0.0
Hybrid RRF,27328,GT-098,0.0,0.0,0.0,0.0,0.0,0.0,0.0
Hybrid RRF,27391,K-153,0.0,0.0,0.0,0.0,0.0,0.0,0.0
Hybrid RRF,27399,P-116,0.0,0.0,0.0,0.0,0.0,0.0,0.0
Hybrid RRF,27431,DP-122,0.0,0.0,0.0,0.0,0.0,0.0,0.0
Hybrid RRF,27447,M-028,0.0,0.0,0.0,0.0,0.0,0.0,0.0
Hybrid RRF,27463,BM-046,0.0,0.0,0.0,0.0,0.0,0.0,0.0
Hybrid RRF,27500,EX-036,0.0,0.0,0.0,0.0,0.0,0.0,0.0
Hybrid RRF,27565,HP-042,0.0,0.0,0.0,0.0,0.0,0.0,0.0
Hybrid RRF,27568,BLR-101,0.0,0.0,0.0,0.0,0.0,0.0,0.0
Hybrid RRF,27618,DC-024,0.0,0.0,0.0,0.0,0.0,0.0,0.0
Hybrid RRF,27639,SC-073,0.0,0.0,0.0,0.0,0.0,0.0,0.0
Hybrid RRF,27644,GB-025,0.0,0.0,0.0,0.0,0.0,0.0,0.0
Hybrid RRF,27650,BM-108,0.0,0.0,0.0,0.0,0.0,0.0,0.0
Hybrid RRF,27669,TK-022,0.0,0.0,0.0,0.0,0.0,0.0,0.0
Hybrid RRF,27677,M-105,0.0,0.0,0.0,0.0,1.0,0.0,0.047619047619047616
Hybrid RRF,27678,BLR-127,0.0,0.0,0.0,0.0,0.0,0.0,0.0
Hybrid RRF,27682,F-225,0.0,0.0,0.0,0.0,0.0,0.0,0.0
Hybrid RRF,27714,DOS-128,0.0,0.0,0.0,0.0,0.0,0.0,0.0
Hybrid RRF,27805,P-144,0.0,0.0,0.0,0.0,0.0,0.0,0.0
Hybrid RRF,27837,F-146,0.0,0.0,0.0,0.0,1.0,0.0,0.043478260869565216
Hybrid RRF,27885,DC-008,0.0,0.0,0.0,0.0,0.0,0.0,0.0
Hybrid RRF,27909,HX-018,0.0,0.0,0.0,0.0,0.0,0.0,0.0
Hybrid RRF,27958,SEP-062,0.0,0.0,0.0,0.0,0.0,0.0,0.0
Hybrid RRF,27981,DOS-137,0.0,0.0,0.0,0.0,1.0,0.0,0.025
Hybrid RRF,28083,P-154,0.0,0.0,0.0,0.0,0.0,0.0,0.0
Hybrid RRF,28131,M-093,0.0,0.0,0.0,0.0,0.0,0.0,0.0
Hybrid RRF,28279,P-218,0.0,0.0,0.0,0.0,0.0,0.0,0.0
Hybrid RRF,28423,TK-096,0.0,0.0,0.0,0.0,0.0,0.0,0.0
Hybrid RRF,28479,BLR-033,0.0,1.0,1.0,1.0,1.0,0.5,0.5
Hybrid RRF,28481,P-227,0.0,0.0,0.0,0.0,0.0,0.0,0.0
Hybrid RRF,28531,GB-040,0.0,0.0,0.0,0.0,0.0,0.0,0.0
Hybrid RRF,28617,HP-113,0.0,0.0,0.0,1.0,1.0,0.0,0.06666666666666667
Hybrid RRF,28628,M-020,0.0,0.0,0.0,0.0,0.0,0.0,0.0
Hybrid RRF,28653,HX-007,0.0,0.0,1.0,1.0,1.0,0.1,0.1
Hybrid RRF,28655,HV-117,0.0,0.0,0.0,0.0,0.0,0.0,0.0
Hybrid RRF,28679,M-041,0.0,0.0,0.0,0.0,0.0,0.0,0.0
Hybrid RRF,28709,K-078,0.0,0.0,0.0,0.0,0.0,0.0,0.0
Hybrid RRF,28726,TK-119,0.0,0.0,0.0,0.0,1.0,0.0,0.038461538461538464
Hybrid RRF,28754,P-657,0.0,0.0,0.0,0.0,0.0,0.0,0.0
Hybrid RRF,28805,M-113,0.0,0.0,0.0,0.0,0.0,0.0,0.0
Hybrid RRF,28837,CF-126,0.0,0.0,0.0,0.0,0.0,0.0,0.0
Hybrid RRF,28839,TK-142,0.0,0.0,0.0,0.0,1.0,0.0,0.022727272727272728
Hybrid RRF,28848,M-056,0.0,0.0,0.0,0.0,0.0,0.0,0.0
Hybrid RRF,28852,BM-066,0.0,0.0,0.0,0.0,0.0,0.0,0.0
Hybrid RRF,28911,DC-081,0.0,0.0,0.0,0.0,0.0,0.0,0.0
Hybrid RRF,28919,HV-226,0.0,0.0,0.0,0.0,0.0,0.0,0.0
Hybrid RRF,28929,P-323,0.0,0.0,0.0,0.0,0.0,0.0,0.0
Hybrid RRF,29081,F-065,0.0,0.0,0.0,0.0,0.0,0.0,0.0
Hybrid RRF,29136,TK-343,0.0,0.0,0.0,0.0,0.0,0.0,0.0
Hybrid RRF,29157,K-012,0.0,0.0,0.0,0.0,0.0,0.0,0.0
Hybrid RRF,29179,TRB-097,0.0,0.0,1.0,1.0,1.0,0.16666666666666666,0.16666666666666666
Hybrid RRF,29237,P-139,0.0,0.0,0.0,0.0,0.0,0.0,0.0
Hybrid RRF,29318,M-050,0.0,0.0,0.0,0.0,0.0,0.0,0.0
Hybrid RRF,29369,HX-139,0.0,0.0,0.0,0.0,1.0,0.0,0.022727272727272728
Hybrid RRF,29407,P-245,0.0,0.0,0.0,0.0,0.0,0.0,0.0
Hybrid RRF,29445,M-062,0.0,0.0,0.0,1.0,1.0,0.0,0.09090909090909091
Hybrid RRF,29465,HP-128,0.0,0.0,0.0,0.0,0.0,0.0,0.0
Hybrid RRF,29489,P-255,0.0,0.0,0.0,0.0,0.0,0.0,0.0
Hybrid RRF,29497,FM-117,0.0,0.0,0.0,0.0,1.0,0.0,0.037037037037037035
Hybrid RRF,29508,K-103,0.0,0.0,0.0,0.0,0.0,0.0,0.0
Hybrid RRF,29543,K-081,0.0,0.0,0.0,0.0,0.0,0.0,0.0
Hybrid RRF,29572,CV-145,0.0,0.0,0.0,0.0,0.0,0.0,0.0
Hybrid RRF,29585,M-058,0.0,0.0,0.0,0.0,0.0,0.0,0.0
Hybrid RRF,29602,HX-007,0.0,0.0,0.0,0.0,0.0,0.0,0.0
Hybrid RRF,29636,TRB-131,0.0,0.0,0.0,0.0,0.0,0.0,0.0
Hybrid RRF,29666,P-201,0.0,0.0,0.0,0.0,0.0,0.0,0.0
Hybrid RRF,29674,TK-239,0.0,0.0,0.0,0.0,0.0,0.0,0.0
Hybrid RRF,29683,AG-040,0.0,0.0,0.0,0.0,0.0,0.0,0.0
Hybrid RRF,29702,TRB-131,0.0,0.0,0.0,0.0,0.0,0.0,0.0
Hybrid RRF,29727,TK-403,0.0,0.0,0.0,0.0,0.0,0.0,0.0
Hybrid RRF,29799,SD-038,0.0,0.0,0.0,0.0,0.0,0.0,0.0
Hybrid RRF,29813,R-108,0.0,0.0,0.0,0.0,0.0,0.0,0.0
Hybrid RRF,29821,BLR-126,0.0,0.0,0.0,0.0,0.0,0.0,0.0
Hybrid RRF,29840,M-059,0.0,0.0,0.0,0.0,0.0,0.0,0.0
Hybrid RRF,29896,CV-032,0.0,0.0,0.0,0.0,1.0,0.0,0.043478260869565216
Hybrid RRF,29898,K-300,0.0,0.0,0.0,0.0,0.0,0.0,0.0
Hybrid RRF,29975,F-055,0.0,0.0,0.0,0.0,0.0,0.0,0.0
Hybrid RRF,30062,P-158,0.0,0.0,0.0,0.0,0.0,0.0,0.0
Hybrid RRF,30083,P-132,0.0,0.0,0.0,0.0,0.0,0.0,0.0
Hybrid RRF,30117,CV-135,0.0,0.0,0.0,0.0,0.0,0.0,0.0
Hybrid RRF,30154,TK-037,0.0,0.0,0.0,0.0,0.0,0.0,0.0
Hybrid RRF,30174,M-080,0.0,0.0,0.0,0.0,0.0,0.0,0.0
Hybrid RRF,30227,P-352,0.0,0.0,0.0,0.0,0.0,0.0,0.0
Hybrid RRF,30258,K-099,0.0,0.0,0.0,0.0,0.0,0.0,0.0
Hybrid RRF,30279,AG-049,0.0,0.0,0.0,0.0,0.0,0.0,0.0
Hybrid RRF,30366,HV-051,0.0,0.0,0.0,0.0,0.0,0.0,0.0
Hybrid RRF,30374,M-100,0.0,0.0,0.0,0.0,0.0,0.0,0.0
Hybrid RRF,30390,R-117,0.0,0.0,0.0,0.0,0.0,0.0,0.0
Hybrid RRF,30399,F-094,0.0,0.0,0.0,0.0,0.0,0.0,0.0
Hybrid RRF,30404,EV-033,0.0,0.0,0.0,0.0,0.0,0.0,0.0
Hybrid RRF,30407,P-680,0.0,0.0,0.0,0.0,0.0,0.0,0.0
Hybrid RRF,30428,BLR-117,0.0,0.0,0.0,0.0,0.0,0.0,0.0
Hybrid RRF,30467,FM-139,0.0,0.0,0.0,0.0,0.0,0.0,0.0
Hybrid RRF,30480,P-321,0.0,0.0,0.0,0.0,0.0,0.0,0.0
Hybrid RRF,30482,GS-111,0.0,0.0,1.0,1.0,1.0,0.1111111111111111,0.1111111111111111
Hybrid RRF,30645,SEP-120,0.0,0.0,0.0,0.0,0.0,0.0,0.0
Hybrid RRF,30654,SEP-117,0.0,0.0,0.0,0.0,0.0,0.0,0.0
Hybrid RRF,30679,TK-068,0.0,0.0,0.0,0.0,0.0,0.0,0.0
Hybrid RRF,30708,P-210,0.0,0.0,0.0,0.0,0.0,0.0,0.0
Hybrid RRF,30757,HV-129,0.0,0.0,0.0,0.0,0.0,0.0,0.0
Hybrid RRF,30792,CR-142,0.0,0.0,0.0,0.0,0.0,0.0,0.0
Hybrid RRF,30862,HV-014,0.0,0.0,0.0,0.0,0.0,0.0,0.0
Hybrid RRF,30864,GT-056,0.0,0.0,0.0,0.0,0.0,0.0,0.0
Hybrid RRF,30872,M-083,0.0,0.0,0.0,0.0,0.0,0.0,0.0
Hybrid RRF,30892,GT-005,0.0,0.0,0.0,0.0,0.0,0.0,0.0
Hybrid RRF,30925,P-430,0.0,0.0,0.0,0.0,0.0,0.0,0.0
Hybrid RRF,30931,K-212,0.0,0.0,0.0,0.0,0.0,0.0,0.0
Hybrid RRF,30967,P-439,0.0,0.0,0.0,0.0,0.0,0.0,0.0
Hybrid RRF,30992,TK-039,0.0,0.0,0.0,0.0,0.0,0.0,0.0
Hybrid RRF,30999,DP-069,0.0,0.0,0.0,0.0,0.0,0.0,0.0
Hybrid RRF,31040,HV-017,0.0,0.0,0.0,0.0,0.0,0.0,0.0
Hybrid RRF,31058,HX-120,0.0,0.0,0.0,1.0,1.0,0.0,0.06666666666666667
Hybrid RRF,31087,P-438,0.0,0.0,0.0,0.0,0.0,0.0,0.0
Hybrid RRF,31088,M-083,0.0,0.0,0.0,0.0,0.0,0.0,0.0
Hybrid RRF,31124,P-483,0.0,0.0,0.0,0.0,0.0,0.0,0.0
Hybrid RRF,31177,P-503,0.0,0.0,0.0,0.0,0.0,0.0,0.0
Hybrid RRF,31180,M-010,0.0,0.0,0.0,0.0,0.0,0.0,0.0
Hybrid RRF,31258,EX-136,0.0,0.0,0.0,0.0,0.0,0.0,0.0
Hybrid RRF,31301,DC-106,0.0,0.0,0.0,0.0,0.0,0.0,0.0
Hybrid RRF,31313,CV-124,0.0,0.0,0.0,0.0,0.0,0.0,0.0
Hybrid RRF,31389,P-242,0.0,0.0,0.0,0.0,0.0,0.0,0.0
Hybrid RRF,31414,P-426,0.0,0.0,0.0,0.0,0.0,0.0,0.0
Hybrid RRF,31543,P-388,0.0,0.0,0.0,0.0,0.0,0.0,0.0
Hybrid RRF,31547,TK-173,0.0,0.0,0.0,0.0,0.0,0.0,0.0
Hybrid RRF,31549,R-201,0.0,0.0,0.0,0.0,0.0,0.0,0.0
Hybrid RRF,31568,DRY-013,0.0,0.0,0.0,0.0,1.0,0.0,0.038461538461538464
Hybrid RRF,31579,P-517,0.0,0.0,0.0,0.0,0.0,0.0,0.0
Hybrid RRF,31590,AG-128,0.0,0.0,0.0,0.0,0.0,0.0,0.0
Hybrid RRF,31611,TK-151,0.0,0.0,0.0,0.0,0.0,0.0,0.0
Hybrid RRF,31632,F-013,0.0,0.0,1.0,1.0,1.0,0.16666666666666666,0.16666666666666666
Hybrid RRF,31720,HV-221,0.0,0.0,0.0,0.0,0.0,0.0,0.0
Hybrid RRF,31739,SD-060,0.0,0.0,0.0,0.0,0.0,0.0,0.0
Hybrid RRF,31764,P-528,0.0,0.0,0.0,0.0,0.0,0.0,0.0
Hybrid RRF,31772,BLR-101,0.0,0.0,0.0,0.0,0.0,0.0,0.0
Hybrid RRF,31785,DRY-089,0.0,0.0,0.0,0.0,0.0,0.0,0.0
Hybrid RRF,31795,F-125,0.0,0.0,0.0,0.0,0.0,0.0,0.0
Hybrid RRF,31808,FCC-052,0.0,0.0,0.0,0.0,0.0,0.0,0.0
Hybrid RRF,31858,HX-209,0.0,0.0,0.0,0.0,0.0,0.0,0.0
Hybrid RRF,31861,F-244,0.0,0.0,0.0,0.0,0.0,0.0,0.0
Hybrid RRF,31865,SC-111,0.0,0.0,0.0,0.0,0.0,0.0,0.0
Hybrid RRF,31893,M-070,0.0,0.0,0.0,0.0,0.0,0.0,0.0
Hybrid RRF,31949,FCC-126,0.0,0.0,0.0,0.0,1.0,0.0,0.02857142857142857
Hybrid RRF,32042,HX-118,0.0,0.0,0.0,1.0,1.0,0.0,0.058823529411764705
Hybrid RRF,32058,P-203,0.0,0.0,0.0,0.0,0.0,0.0,0.0
Hybrid RRF,32081,FM-130,0.0,0.0,1.0,1.0,1.0,0.1111111111111111,0.1111111111111111
Hybrid RRF,32210,TK-167,0.0,0.0,0.0,0.0,0.0,0.0,0.0
Hybrid RRF,32278,FM-132,0.0,0.0,0.0,1.0,1.0,0.0,0.07692307692307693
Hybrid RRF,32391,K-071,0.0,0.0,0.0,0.0,0.0,0.0,0.0
Hybrid RRF,32446,K-261,0.0,0.0,0.0,0.0,0.0,0.0,0.0
Hybrid RRF,32451,TK-047,0.0,0.0,0.0,0.0,0.0,0.0,0.0
Hybrid RRF,32454,P-151,0.0,0.0,0.0,0.0,0.0,0.0,0.0
Hybrid RRF,32528,P-316,0.0,0.0,0.0,0.0,0.0,0.0,0.0
Hybrid RRF,32543,R-119,0.0,0.0,0.0,0.0,0.0,0.0,0.0
Hybrid RRF,32591,CF-050,0.0,0.0,0.0,0.0,0.0,0.0,0.0
Hybrid RRF,32620,R-047,0.0,0.0,0.0,0.0,0.0,0.0,0.0
Hybrid RRF,32623,EV-057,0.0,0.0,0.0,0.0,0.0,0.0,0.0
Hybrid RRF,32682,M-042,0.0,0.0,0.0,0.0,0.0,0.0,0.0
Hybrid RRF,32764,CT-126,0.0,0.0,0.0,0.0,0.0,0.0,0.0
Hybrid RRF,32790,P-441,0.0,0.0,0.0,0.0,0.0,0.0,0.0
Hybrid RRF,32801,DP-109,0.0,0.0,0.0,0.0,0.0,0.0,0.0
Hybrid RRF,32829,P-509,0.0,0.0,0.0,0.0,0.0,0.0,0.0
Hybrid RRF,32877,CV-145,0.0,0.0,0.0,0.0,0.0,0.0,0.0
Hybrid RRF,32892,P-409,0.0,0.0,0.0,0.0,0.0,0.0,0.0
Hybrid RRF,32898,BLR-125,0.0,0.0,0.0,0.0,0.0,0.0,0.0
Hybrid RRF,32907,HX-132,0.0,0.0,0.0,0.0,0.0,0.0,0.0
Hybrid RRF,32910,DP-110,0.0,0.0,1.0,1.0,1.0,0.14285714285714285,0.14285714285714285
Hybrid RRF,32936,AG-071,0.0,0.0,0.0,0.0,0.0,0.0,0.0
Hybrid RRF,32986,DC-133,0.0,0.0,0.0,0.0,0.0,0.0,0.0
Hybrid RRF,33017,R-026,0.0,0.0,0.0,0.0,0.0,0.0,0.0
Hybrid RRF,33021,SEP-136,0.0,0.0,0.0,0.0,0.0,0.0,0.0
Hybrid RRF,33098,P-502,0.0,0.0,0.0,0.0,0.0,0.0,0.0
Hybrid RRF,33108,RLP-109,0.0,0.0,0.0,0.0,0.0,0.0,0.0
Hybrid RRF,33133,P-111,0.0,0.0,0.0,0.0,0.0,0.0,0.0
Hybrid RRF,33150,FM-099,0.0,0.0,0.0,0.0,0.0,0.0,0.0
Hybrid RRF,33216,DOS-140,0.0,0.0,0.0,0.0,0.0,0.0,0.0
Hybrid RRF,33268,P-205,0.0,0.0,0.0,0.0,0.0,0.0,0.0
Hybrid RRF,33312,P-271,0.0,0.0,0.0,0.0,0.0,0.0,0.0
Hybrid RRF,33331,CF-083,0.0,0.0,0.0,0.0,0.0,0.0,0.0
Hybrid RRF,33375,K-143,0.0,0.0,0.0,0.0,0.0,0.0,0.0
Hybrid RRF,33414,P-121,0.0,0.0,0.0,0.0,0.0,0.0,0.0
Hybrid RRF,33456,R-033,0.0,0.0,0.0,0.0,0.0,0.0,0.0
Hybrid RRF,33520,P-271,0.0,0.0,0.0,0.0,0.0,0.0,0.0
Hybrid RRF,33556,UF-074,0.0,0.0,0.0,0.0,0.0,0.0,0.0
Hybrid RRF,33587,SD-139,0.0,0.0,0.0,0.0,0.0,0.0,0.0
Hybrid RRF,33595,M-015,0.0,0.0,0.0,0.0,0.0,0.0,0.0
Hybrid RRF,33661,P-660,0.0,0.0,0.0,0.0,0.0,0.0,0.0
Hybrid RRF,33666,DP-132,0.0,0.0,0.0,0.0,0.0,0.0,0.0
Hybrid RRF,33674,DOS-040,0.0,0.0,1.0,1.0,1.0,0.14285714285714285,0.14285714285714285
Hybrid RRF,33679,K-112,0.0,0.0,0.0,0.0,0.0,0.0,0.0
Hybrid RRF,33707,K-120,0.0,0.0,1.0,1.0,1.0,0.125,0.125
Hybrid RRF,33769,M-081,0.0,0.0,1.0,1.0,1.0,0.1,0.1
Hybrid RRF,33786,P-246,0.0,0.0,0.0,0.0,0.0,0.0,0.0
Hybrid RRF,33797,AG-129,0.0,0.0,0.0,0.0,0.0,0.0,0.0
Hybrid RRF,33903,K-143,0.0,0.0,0.0,0.0,0.0,0.0,0.0
Hybrid RRF,33949,TRB-046,0.0,0.0,0.0,0.0,0.0,0.0,0.0
Hybrid RRF,33950,P-328,0.0,0.0,0.0,0.0,0.0,0.0,0.0
Hybrid RRF,34003,SC-114,0.0,0.0,0.0,0.0,0.0,0.0,0.0
Hybrid RRF,34004,HX-029,0.0,0.0,0.0,0.0,0.0,0.0,0.0
Hybrid RRF,34087,P-240,0.0,0.0,0.0,0.0,0.0,0.0,0.0
Hybrid RRF,34088,K-017,0.0,0.0,0.0,0.0,0.0,0.0,0.0
Hybrid RRF,34122,DOS-138,0.0,0.0,0.0,0.0,0.0,0.0,0.0
Hybrid RRF,34128,DRY-119,0.0,0.0,0.0,0.0,0.0,0.0,0.0
Hybrid RRF,34262,P-346,0.0,0.0,0.0,0.0,0.0,0.0,0.0
Hybrid RRF,34275,R-090,0.0,0.0,0.0,0.0,0.0,0.0,0.0
Hybrid RRF,34290,TK-011,0.0,0.0,0.0,0.0,0.0,0.0,0.0
Hybrid RRF,34369,P-441,0.0,0.0,0.0,0.0,0.0,0.0,0.0
Hybrid RRF,34380,HX-133,0.0,0.0,0.0,0.0,0.0,0.0,0.0
Hybrid RRF,34408,DC-041,0.0,0.0,0.0,0.0,0.0,0.0,0.0
Hybrid RRF,34458,P-604,0.0,0.0,0.0,0.0,0.0,0.0,0.0
Hybrid RRF,34466,K-105,0.0,0.0,0.0,0.0,0.0,0.0,0.0
Hybrid RRF,34488,TRB-039,0.0,0.0,0.0,0.0,0.0,0.0,0.0
Hybrid RRF,34505,M-013,0.0,0.0,0.0,0.0,0.0,0.0,0.0
Hybrid RRF,34540,M-036,0.0,0.0,0.0,0.0,0.0,0.0,0.0
Hybrid RRF,34542,GS-061,0.0,0.0,0.0,0.0,0.0,0.0,0.0
Hybrid RRF,34613,DC-043,0.0,0.0,0.0,0.0,0.0,0.0,0.0
Hybrid RRF,34636,RLP-075,0.0,0.0,0.0,0.0,0.0,0.0,0.0
Hybrid RRF,34670,DRY-110,0.0,0.0,0.0,0.0,0.0,0.0,0.0
Hybrid RRF,34683,HX-147,0.0,0.0,0.0,0.0,0.0,0.0,0.0
Hybrid RRF,34708,HV-102,0.0,1.0,1.0,1.0,1.0,0.25,0.25
Hybrid RRF,34756,AG-027,0.0,0.0,0.0,0.0,0.0,0.0,0.0
Hybrid RRF,34808,CT-055,0.0,0.0,0.0,0.0,0.0,0.0,0.0
Hybrid RRF,34853,CV-008,0.0,0.0,0.0,0.0,0.0,0.0,0.0
Hybrid RRF,34880,DRY-029,0.0,0.0,0.0,0.0,0.0,0.0,0.0
Hybrid RRF,34900,CV-127,0.0,0.0,0.0,0.0,0.0,0.0,0.0
Hybrid RRF,34914,HX-052,0.0,0.0,0.0,0.0,0.0,0.0,0.0
Hybrid RRF,34934,HP-014,0.0,0.0,0.0,0.0,0.0,0.0,0.0
Hybrid RRF,34967,M-007,0.0,0.0,0.0,0.0,0.0,0.0,0.0
Hybrid RRF,35025,TK-230,0.0,0.0,0.0,0.0,1.0,0.0,0.038461538461538464
Hybrid RRF,35030,K-127,0.0,0.0,0.0,0.0,0.0,0.0,0.0
Hybrid RRF,35054,P-176,0.0,0.0,0.0,0.0,0.0,0.0,0.0
Hybrid RRF,35078,M-048,0.0,0.0,0.0,0.0,0.0,0.0,0.0
Hybrid RRF,35098,CV-115,0.0,0.0,0.0,0.0,0.0,0.0,0.0
Hybrid RRF,35162,TK-133,0.0,0.0,0.0,0.0,0.0,0.0,0.0
Hybrid RRF,35201,P-192,0.0,0.0,0.0,0.0,0.0,0.0,0.0
Hybrid RRF,35231,HX-125,0.0,0.0,0.0,0.0,0.0,0.0,0.0
Hybrid RRF,35240,TK-223,0.0,0.0,0.0,0.0,0.0,0.0,0.0
Hybrid RRF,35243,TK-207,0.0,0.0,0.0,0.0,0.0,0.0,0.0
Hybrid RRF,35314,CR-030,0.0,0.0,0.0,0.0,0.0,0.0,0.0
Hybrid RRF,35347,K-216,0.0,0.0,0.0,0.0,0.0,0.0,0.0
Hybrid RRF,35353,M-021,0.0,0.0,0.0,0.0,0.0,0.0,0.0
Hybrid RRF,35401,DOS-109,0.0,0.0,0.0,0.0,0.0,0.0,0.0
Hybrid RRF,35475,F-098,0.0,0.0,0.0,0.0,0.0,0.0,0.0
Hybrid RRF,35530,TK-318,0.0,0.0,0.0,0.0,0.0,0.0,0.0
Hybrid RRF,35550,CV-120,0.0,0.0,0.0,0.0,1.0,0.0,0.021739130434782608
Hybrid RRF,35566,P-145,0.0,0.0,0.0,0.0,0.0,0.0,0.0
Hybrid RRF,35591,RLP-134,0.0,0.0,0.0,0.0,0.0,0.0,0.0
Hybrid RRF,35605,DC-145,0.0,0.0,0.0,0.0,0.0,0.0,0.0
Hybrid RRF,35628,BM-112,0.0,0.0,0.0,0.0,0.0,0.0,0.0
Hybrid RRF,35682,TK-109,0.0,0.0,0.0,0.0,0.0,0.0,0.0
Hybrid RRF,35690,P-482,0.0,0.0,0.0,0.0,0.0,0.0,0.0
Hybrid RRF,35708,TRB-075,0.0,0.0,0.0,0.0,0.0,0.0,0.0
Hybrid RRF,35729,VP-106,0.0,0.0,0.0,0.0,0.0,0.0,0.0
Hybrid RRF,35747,GS-110,0.0,0.0,0.0,0.0,0.0,0.0,0.0
Hybrid RRF,35751,CV-082,0.0,0.0,0.0,0.0,1.0,0.0,0.034482758620689655
Hybrid RRF,35763,HV-106,0.0,0.0,0.0,0.0,0.0,0.0,0.0
Hybrid RRF,35773,K-118,0.0,0.0,0.0,0.0,0.0,0.0,0.0
Hybrid RRF,35866,P-335,0.0,0.0,0.0,0.0,0.0,0.0,0.0
Hybrid RRF,35918,P-154,0.0,0.0,0.0,0.0,0.0,0.0,0.0
Hybrid RRF,35958,CT-109,0.0,0.0,0.0,0.0,0.0,0.0,0.0
Hybrid RRF,35975,CF-062,0.0,0.0,0.0,0.0,0.0,0.0,0.0
Hybrid RRF,36016,TRB-042,0.0,0.0,0.0,0.0,0.0,0.0,0.0
Hybrid RRF,36093,AG-041,0.0,0.0,0.0,0.0,0.0,0.0,0.0
Hybrid RRF,36106,P-535,0.0,0.0,0.0,0.0,0.0,0.0,0.0
Hybrid RRF,36125,K-336,0.0,0.0,0.0,0.0,0.0,0.0,0.0
Hybrid RRF,36138,EX-011,0.0,1.0,1.0,1.0,1.0,0.3333333333333333,0.3333333333333333
Hybrid RRF,36166,K-147,0.0,0.0,0.0,1.0,1.0,0.0,0.05
Hybrid RRF,36189,K-061,0.0,0.0,0.0,0.0,1.0,0.0,0.025
Hybrid RRF,36201,HX-062,0.0,0.0,0.0,0.0,0.0,0.0,0.0
Hybrid RRF,36259,M-076,0.0,0.0,0.0,0.0,0.0,0.0,0.0
Hybrid RRF,36318,BLR-019,0.0,0.0,0.0,0.0,0.0,0.0,0.0
Hybrid RRF,36363,DC-090,0.0,0.0,0.0,0.0,0.0,0.0,0.0
Hybrid RRF,36370,EX-060,0.0,0.0,0.0,0.0,0.0,0.0,0.0
Hybrid RRF,36389,CV-011,0.0,0.0,1.0,1.0,1.0,0.125,0.125
Hybrid RRF,36394,F-129,0.0,0.0,0.0,0.0,0.0,0.0,0.0
Hybrid RRF,36731,BM-127,0.0,0.0,0.0,0.0,0.0,0.0,0.0
Hybrid RRF,36828,M-069,0.0,0.0,0.0,0.0,0.0,0.0,0.0
Hybrid RRF,36832,DOS-129,0.0,1.0,1.0,1.0,1.0,0.3333333333333333,0.3333333333333333
Hybrid RRF,36838,CV-032,0.0,0.0,0.0,0.0,0.0,0.0,0.0
Hybrid RRF,36859,M-147,0.0,0.0,0.0,0.0,0.0,0.0,0.0
Hybrid RRF,36884,BM-108,0.0,0.0,0.0,0.0,0.0,0.0,0.0
Hybrid RRF,36977,SEP-109,0.0,0.0,0.0,0.0,1.0,0.0,0.03125
Hybrid RRF,37030,CF-045,0.0,0.0,0.0,0.0,1.0,0.0,0.023255813953488372
Hybrid RRF,37076,M-054,0.0,0.0,0.0,0.0,1.0,0.0,0.045454545454545456
Hybrid RRF,37080,TK-089,0.0,0.0,0.0,0.0,0.0,0.0,0.0
Hybrid RRF,37102,M-142,0.0,0.0,0.0,0.0,1.0,0.0,0.03225806451612903
Hybrid RRF,37149,DOS-011,0.0,0.0,0.0,0.0,0.0,0.0,0.0
Hybrid RRF,37204,HX-095,0.0,0.0,0.0,0.0,0.0,0.0,0.0
Hybrid RRF,37242,AG-106,0.0,0.0,0.0,0.0,0.0,0.0,0.0
Hybrid RRF,37319,P-543,0.0,0.0,0.0,0.0,0.0,0.0,0.0
Hybrid RRF,37339,K-142,0.0,0.0,0.0,0.0,0.0,0.0,0.0
Hybrid RRF,37370,EV-010,0.0,0.0,1.0,1.0,1.0,0.1111111111111111,0.1111111111111111
Hybrid RRF,37393,P-335,0.0,0.0,0.0,0.0,0.0,0.0,0.0
Hybrid RRF,37440,BLR-112,0.0,0.0,0.0,0.0,0.0,0.0,0.0
Hybrid RRF,37476,P-742,0.0,0.0,0.0,0.0,0.0,0.0,0.0
Hybrid RRF,37483,HX-027,0.0,0.0,0.0,0.0,0.0,0.0,0.0
Hybrid RRF,37568,UF-098,0.0,0.0,0.0,0.0,0.0,0.0,0.0
Hybrid RRF,37574,R-074,0.0,0.0,0.0,0.0,0.0,0.0,0.0
Hybrid RRF,37577,P-335,0.0,0.0,0.0,0.0,0.0,0.0,0.0
Hybrid RRF,37578,AG-136,0.0,0.0,0.0,0.0,0.0,0.0,0.0
Hybrid RRF,37582,M-101,0.0,0.0,0.0,0.0,0.0,0.0,0.0
Hybrid RRF,37592,DC-175,0.0,0.0,0.0,0.0,0.0,0.0,0.0
Hybrid RRF,37627,P-246,0.0,0.0,0.0,0.0,0.0,0.0,0.0
Hybrid RRF,37656,M-097,0.0,0.0,0.0,0.0,0.0,0.0,0.0
Hybrid RRF,37667,DOS-040,0.0,0.0,0.0,0.0,0.0,0.0,0.0
Hybrid RRF,37692,GB-028,0.0,0.0,0.0,0.0,0.0,0.0,0.0
Hybrid RRF,37760,CV-118,0.0,0.0,0.0,0.0,0.0,0.0,0.0
Hybrid RRF,37835,CT-137,0.0,0.0,1.0,1.0,1.0,0.125,0.125
Hybrid RRF,37904,TK-221,0.0,0.0,0.0,0.0,0.0,0.0,0.0
Hybrid RRF,37936,M-135,0.0,0.0,0.0,0.0,0.0,0.0,0.0
Hybrid RRF,37947,M-122,0.0,0.0,0.0,1.0,1.0,0.0,0.07142857142857142
Hybrid RRF,37977,K-031,0.0,0.0,0.0,0.0,0.0,0.0,0.0
Hybrid RRF,38003,BM-108,0.0,0.0,0.0,0.0,0.0,0.0,0.0
Hybrid RRF,38052,TK-343,0.0,0.0,0.0,0.0,1.0,0.0,0.02
Hybrid RRF,38095,AG-097,0.0,0.0,0.0,0.0,0.0,0.0,0.0
Hybrid RRF,38181,P-222,0.0,0.0,0.0,0.0,0.0,0.0,0.0
Hybrid RRF,38218,CR-103,0.0,0.0,0.0,0.0,0.0,0.0,0.0
Hybrid RRF,38234,UF-124,0.0,0.0,0.0,0.0,0.0,0.0,0.0
Hybrid RRF,38260,P-494,0.0,0.0,0.0,0.0,0.0,0.0,0.0
Hybrid RRF,38277,GT-126,0.0,0.0,0.0,0.0,0.0,0.0,0.0
Hybrid RRF,38323,P-506,0.0,0.0,0.0,0.0,0.0,0.0,0.0
Hybrid RRF,38341,M-090,0.0,0.0,0.0,0.0,0.0,0.0,0.0
Hybrid RRF,38360,P-699,0.0,0.0,0.0,0.0,0.0,0.0,0.0
Hybrid RRF,38370,GB-052,0.0,0.0,0.0,0.0,0.0,0.0,0.0
Hybrid RRF,38371,P-323,0.0,0.0,0.0,0.0,0.0,0.0,0.0
Hybrid RRF,38410,AG-025,0.0,0.0,0.0,0.0,0.0,0.0,0.0
Hybrid RRF,38471,HX-313,0.0,0.0,0.0,0.0,0.0,0.0,0.0
Hybrid RRF,38535,CV-042,0.0,0.0,0.0,0.0,0.0,0.0,0.0
Hybrid RRF,38567,HP-067,0.0,0.0,0.0,0.0,0.0,0.0,0.0
Hybrid RRF,38596,TK-142,0.0,0.0,0.0,0.0,0.0,0.0,0.0
Hybrid RRF,38610,HX-098,0.0,0.0,0.0,0.0,0.0,0.0,0.0
Hybrid RRF,38613,M-081,0.0,0.0,0.0,0.0,0.0,0.0,0.0
Hybrid RRF,38642,P-495,0.0,0.0,0.0,0.0,0.0,0.0,0.0
Hybrid RRF,38656,VP-132,0.0,0.0,0.0,0.0,0.0,0.0,0.0
Hybrid RRF,38693,HX-102,0.0,0.0,0.0,0.0,0.0,0.0,0.0
Hybrid RRF,38698,SD-091,0.0,0.0,0.0,0.0,0.0,0.0,0.0
Hybrid RRF,38714,CV-042,0.0,0.0,0.0,0.0,0.0,0.0,0.0
Hybrid RRF,38794,UF-010,0.0,0.0,0.0,0.0,0.0,0.0,0.0
Hybrid RRF,38798,VP-141,0.0,0.0,0.0,0.0,0.0,0.0,0.0
Hybrid RRF,38857,P-364,0.0,0.0,0.0,0.0,0.0,0.0,0.0
Hybrid RRF,38862,CV-219,0.0,0.0,0.0,0.0,0.0,0.0,0.0
Hybrid RRF,38890,P-658,0.0,0.0,0.0,0.0,0.0,0.0,0.0
Hybrid RRF,38895,VP-096,0.0,0.0,0.0,0.0,0.0,0.0,0.0
Hybrid RRF,38917,K-233,0.0,0.0,0.0,0.0,0.0,0.0,0.0
Hybrid RRF,38950,P-155,0.0,0.0,0.0,0.0,0.0,0.0,0.0
Hybrid RRF,38975,EX-081,0.0,0.0,0.0,0.0,0.0,0.0,0.0
Hybrid RRF,39179,P-400,0.0,0.0,0.0,0.0,0.0,0.0,0.0
Hybrid RRF,39229,EV-004,0.0,0.0,0.0,0.0,0.0,0.0,0.0
Hybrid RRF,39339,P-743,0.0,0.0,0.0,0.0,0.0,0.0,0.0
Hybrid RRF,39341,EX-105,0.0,0.0,0.0,0.0,0.0,0.0,0.0
Hybrid RRF,39368,CT-109,0.0,0.0,0.0,0.0,0.0,0.0,0.0
Hybrid RRF,39413,DP-125,0.0,0.0,0.0,0.0,0.0,0.0,0.0
Hybrid RRF,39443,DRY-131,0.0,0.0,0.0,0.0,0.0,0.0,0.0
Hybrid RRF,39452,P-708,0.0,0.0,0.0,0.0,0.0,0.0,0.0
Hybrid RRF,39457,AG-119,0.0,0.0,0.0,0.0,0.0,0.0,0.0
Hybrid RRF,39468,P-534,0.0,0.0,0.0,0.0,0.0,0.0,0.0
Hybrid RRF,39469,TK-098,0.0,0.0,0.0,0.0,0.0,0.0,0.0
Hybrid RRF,39627,P-176,0.0,0.0,0.0,0.0,0.0,0.0,0.0
Hybrid RRF,39710,P-409,0.0,0.0,0.0,0.0,0.0,0.0,0.0
Hybrid RRF,39754,DOS-033,0.0,0.0,0.0,1.0,1.0,0.0,0.0625
Hybrid RRF,39756,CR-145,0.0,0.0,0.0,0.0,0.0,0.0,0.0
Hybrid RRF,39807,P-302,0.0,0.0,0.0,0.0,1.0,0.0,0.041666666666666664
Hybrid RRF,39827,DRY-048,0.0,0.0,0.0,0.0,0.0,0.0,0.0
Hybrid RRF,39848,CR-041,0.0,0.0,0.0,0.0,0.0,0.0,0.0
Hybrid RRF,39863,CF-076,0.0,0.0,0.0,0.0,0.0,0.0,0.0
Hybrid RRF,39889,TK-314,0.0,0.0,0.0,0.0,0.0,0.0,0.0
Hybrid RRF,39927,DC-014,0.0,0.0,0.0,0.0,0.0,0.0,0.0
Hybrid RRF,39942,CR-023,0.0,0.0,0.0,0.0,0.0,0.0,0.0
Hybrid RRF,39983,HV-310,0.0,0.0,0.0,0.0,0.0,0.0,0.0
Hybrid RRF,40019,BM-040,0.0,0.0,0.0,0.0,0.0,0.0,0.0
Hybrid RRF,40037,P-689,0.0,0.0,0.0,0.0,0.0,0.0,0.0
Hybrid RRF,40046,HV-123,0.0,0.0,0.0,0.0,0.0,0.0,0.0
Hybrid RRF,40094,TK-129,0.0,0.0,0.0,0.0,0.0,0.0,0.0
Hybrid RRF,40119,P-223,0.0,0.0,0.0,0.0,1.0,0.0,0.02127659574468085
Hybrid RRF,40141,UF-137,0.0,0.0,0.0,0.0,0.0,0.0,0.0
Hybrid RRF,40156,CF-133,0.0,0.0,0.0,0.0,0.0,0.0,0.0
Hybrid RRF,40210,TK-104,0.0,0.0,0.0,0.0,0.0,0.0,0.0
Hybrid RRF,40284,P-685,0.0,0.0,0.0,0.0,0.0,0.0,0.0
Hybrid RRF,40337,TK-046,0.0,0.0,0.0,0.0,0.0,0.0,0.0
Hybrid RRF,40380,CV-328,0.0,0.0,0.0,0.0,0.0,0.0,0.0
Hybrid RRF,40381,K-095,0.0,0.0,0.0,0.0,0.0,0.0,0.0
Hybrid RRF,40395,HX-080,0.0,0.0,0.0,0.0,0.0,0.0,0.0
Hybrid RRF,40432,DC-109,0.0,0.0,0.0,0.0,0.0,0.0,0.0
Hybrid RRF,40441,GB-008,0.0,0.0,0.0,0.0,0.0,0.0,0.0
Hybrid RRF,40554,P-244,0.0,0.0,0.0,0.0,0.0,0.0,0.0
Hybrid RRF,40580,CT-124,0.0,0.0,0.0,0.0,0.0,0.0,0.0
Hybrid RRF,40587,AG-139,0.0,0.0,1.0,1.0,1.0,0.1,0.1
Hybrid RRF,40618,BLR-085,0.0,0.0,0.0,0.0,0.0,0.0,0.0
Hybrid RRF,40629,M-083,0.0,0.0,0.0,0.0,0.0,0.0,0.0
Hybrid RRF,40695,P-217,0.0,0.0,0.0,0.0,0.0,0.0,0.0
Hybrid RRF,40701,SEP-112,0.0,0.0,0.0,0.0,0.0,0.0,0.0
Hybrid RRF,40707,P-222,0.0,0.0,0.0,0.0,0.0,0.0,0.0
Hybrid RRF,40711,DOS-167,0.0,0.0,0.0,0.0,0.0,0.0,0.0
Hybrid RRF,40849,P-340,0.0,0.0,0.0,0.0,0.0,0.0,0.0
Hybrid RRF,40850,P-122,0.0,0.0,0.0,0.0,0.0,0.0,0.0
Hybrid RRF,40876,P-395,0.0,0.0,0.0,0.0,0.0,0.0,0.0
Hybrid RRF,40879,AG-116,0.0,0.0,1.0,1.0,1.0,0.16666666666666666,0.16666666666666666
Hybrid RRF,40944,K-119,0.0,0.0,0.0,0.0,1.0,0.0,0.024390243902439025
Hybrid RRF,40965,M-125,0.0,0.0,0.0,0.0,0.0,0.0,0.0
Hybrid RRF,40989,EX-071,0.0,0.0,0.0,0.0,0.0,0.0,0.0
Hybrid RRF,41019,AG-143,0.0,0.0,0.0,0.0,0.0,0.0,0.0
Hybrid RRF,41038,HX-104,0.0,0.0,0.0,0.0,0.0,0.0,0.0
Hybrid RRF,41059,M-037,0.0,0.0,0.0,0.0,0.0,0.0,0.0
Hybrid RRF,41086,P-215,0.0,0.0,0.0,0.0,1.0,0.0,0.034482758620689655
Hybrid RRF,41092,HP-099,0.0,0.0,0.0,0.0,0.0,0.0,0.0
Hybrid RRF,41103,CV-227,0.0,0.0,0.0,0.0,0.0,0.0,0.0
Hybrid RRF,41120,HV-101,0.0,0.0,0.0,1.0,1.0,0.0,0.05263157894736842
Hybrid RRF,41141,UF-055,0.0,0.0,0.0,0.0,0.0,0.0,0.0
Hybrid RRF,41161,DP-005,0.0,0.0,0.0,0.0,0.0,0.0,0.0
Hybrid RRF,41237,BM-087,0.0,0.0,0.0,0.0,0.0,0.0,0.0
Hybrid RRF,41330,P-529,0.0,0.0,0.0,0.0,0.0,0.0,0.0
Hybrid RRF,41398,P-206,0.0,0.0,0.0,0.0,0.0,0.0,0.0
Hybrid RRF,41417,FM-113,0.0,0.0,0.0,0.0,0.0,0.0,0.0
Hybrid RRF,41497,DP-088,0.0,0.0,0.0,0.0,0.0,0.0,0.0
Hybrid RRF,41502,P-156,0.0,0.0,0.0,0.0,0.0,0.0,0.0
Hybrid RRF,41532,K-241,0.0,0.0,0.0,0.0,0.0,0.0,0.0
Hybrid RRF,41580,SC-101,0.0,0.0,0.0,0.0,0.0,0.0,0.0
Hybrid RRF,41596,DC-105,0.0,0.0,0.0,0.0,0.0,0.0,0.0
Hybrid RRF,41665,M-023,0.0,0.0,0.0,0.0,0.0,0.0,0.0
Hybrid RRF,41668,P-666,0.0,0.0,0.0,0.0,0.0,0.0,0.0
Hybrid RRF,41704,F-121,0.0,0.0,0.0,0.0,0.0,0.0,0.0
Hybrid RRF,41724,HV-052,0.0,0.0,0.0,0.0,0.0,0.0,0.0
Hybrid RRF,41741,AG-147,0.0,0.0,0.0,0.0,0.0,0.0,0.0
Hybrid RRF,41788,TRB-007,0.0,0.0,0.0,0.0,0.0,0.0,0.0
Hybrid RRF,41804,TRB-109,0.0,0.0,0.0,0.0,0.0,0.0,0.0
Hybrid RRF,41816,K-109,0.0,0.0,0.0,0.0,0.0,0.0,0.0
Hybrid RRF,41824,K-206,0.0,0.0,0.0,0.0,0.0,0.0,0.0
Hybrid RRF,41834,AG-005,0.0,0.0,0.0,0.0,0.0,0.0,0.0
Hybrid RRF,41877,HX-031,0.0,0.0,0.0,0.0,0.0,0.0,0.0
Hybrid RRF,41958,P-216,0.0,0.0,0.0,0.0,0.0,0.0,0.0
Hybrid RRF,41976,K-105,0.0,0.0,0.0,0.0,0.0,0.0,0.0
Hybrid RRF,42017,DC-083,0.0,0.0,0.0,0.0,0.0,0.0,0.0
Hybrid RRF,42034,CT-063,0.0,0.0,0.0,0.0,1.0,0.0,0.02
Hybrid RRF,42091,P-269,0.0,0.0,0.0,0.0,0.0,0.0,0.0
Hybrid RRF,42116,EV-082,0.0,0.0,0.0,0.0,0.0,0.0,0.0
Hybrid RRF,42125,P-696,0.0,0.0,0.0,0.0,0.0,0.0,0.0
Hybrid RRF,42165,P-426,0.0,0.0,0.0,0.0,0.0,0.0,0.0
Hybrid RRF,42256,TK-142,0.0,0.0,0.0,0.0,0.0,0.0,0.0
Hybrid RRF,42262,P-152,0.0,0.0,0.0,0.0,0.0,0.0,0.0
Hybrid RRF,42348,SC-110,0.0,0.0,0.0,0.0,0.0,0.0,0.0
Hybrid RRF,42399,HX-072,0.0,0.0,0.0,0.0,0.0,0.0,0.0
Hybrid RRF,42426,TK-052,0.0,0.0,0.0,0.0,0.0,0.0,0.0
Hybrid RRF,42464,HV-036,0.0,0.0,0.0,0.0,0.0,0.0,0.0
Hybrid RRF,42466,BLR-052,0.0,0.0,0.0,0.0,0.0,0.0,0.0
Hybrid RRF,42490,AG-143,0.0,0.0,0.0,0.0,0.0,0.0,0.0
Hybrid RRF,42543,P-342,0.0,0.0,0.0,0.0,0.0,0.0,0.0
Hybrid RRF,42548,DRY-116,0.0,0.0,0.0,0.0,0.0,0.0,0.0
Hybrid RRF,42590,F-307,0.0,0.0,0.0,0.0,0.0,0.0,0.0
Hybrid RRF,42607,CF-067,0.0,0.0,0.0,0.0,0.0,0.0,0.0
Hybrid RRF,42624,EX-082,0.0,0.0,0.0,0.0,0.0,0.0,0.0
Hybrid RRF,42677,P-317,0.0,0.0,0.0,0.0,0.0,0.0,0.0
Hybrid RRF,42684,TK-143,0.0,0.0,0.0,0.0,0.0,0.0,0.0
Hybrid RRF,42707,DRY-086,0.0,0.0,0.0,0.0,0.0,0.0,0.0
Hybrid RRF,42740,HX-145,0.0,0.0,1.0,1.0,1.0,0.125,0.125
Hybrid RRF,42745,P-316,0.0,0.0,0.0,0.0,0.0,0.0,0.0
Hybrid RRF,42768,CV-090,0.0,0.0,0.0,0.0,0.0,0.0,0.0
Hybrid RRF,42787,HX-079,0.0,0.0,0.0,0.0,0.0,0.0,0.0
Hybrid RRF,42814,P-699,0.0,0.0,0.0,0.0,0.0,0.0,0.0
Hybrid RRF,42818,K-126,0.0,0.0,0.0,0.0,0.0,0.0,0.0
Hybrid RRF,42826,M-082,0.0,0.0,0.0,0.0,0.0,0.0,0.0
Hybrid RRF,42845,FM-129,0.0,0.0,0.0,0.0,0.0,0.0,0.0
Hybrid RRF,42857,P-311,0.0,0.0,0.0,0.0,0.0,0.0,0.0
Hybrid RRF,42867,BLR-113,0.0,0.0,0.0,0.0,0.0,0.0,0.0
Hybrid RRF,42912,DOS-059,0.0,0.0,0.0,0.0,0.0,0.0,0.0
Hybrid RRF,42943,K-191,0.0,0.0,0.0,0.0,0.0,0.0,0.0
Hybrid RRF,42962,TK-221,0.0,1.0,1.0,1.0,1.0,0.25,0.25
Hybrid RRF,42978,K-075,0.0,0.0,0.0,0.0,0.0,0.0,0.0
Hybrid RRF,42981,P-370,0.0,0.0,0.0,0.0,0.0,0.0,0.0
Hybrid RRF,42997,DC-133,0.0,0.0,0.0,0.0,0.0,0.0,0.0
Hybrid RRF,42998,R-115,0.0,0.0,0.0,0.0,0.0,0.0,0.0
Hybrid RRF,43028,M-085,0.0,0.0,0.0,1.0,1.0,0.0,0.05263157894736842
Hybrid RRF,43122,AG-064,0.0,0.0,0.0,0.0,0.0,0.0,0.0
Hybrid RRF,43125,P-322,0.0,0.0,0.0,0.0,0.0,0.0,0.0
Hybrid RRF,43141,P-539,0.0,0.0,0.0,0.0,0.0,0.0,0.0
Hybrid RRF,43187,K-017,0.0,0.0,0.0,0.0,0.0,0.0,0.0
Hybrid RRF,43207,M-136,0.0,0.0,0.0,0.0,0.0,0.0,0.0
Hybrid RRF,43217,P-235,0.0,0.0,0.0,0.0,0.0,0.0,0.0
Hybrid RRF,43266,P-420,0.0,0.0,0.0,0.0,0.0,0.0,0.0
Hybrid RRF,43285,TK-054,0.0,0.0,0.0,0.0,1.0,0.0,0.02564102564102564
Hybrid RRF,43290,EX-062,0.0,0.0,0.0,0.0,0.0,0.0,0.0
Hybrid RRF,43324,TK-078,0.0,0.0,0.0,0.0,0.0,0.0,0.0
Hybrid RRF,43520,AG-040,0.0,0.0,0.0,0.0,0.0,0.0,0.0
Hybrid RRF,43543,SC-118,0.0,0.0,0.0,0.0,0.0,0.0,0.0
Hybrid RRF,43593,TK-125,0.0,0.0,0.0,0.0,0.0,0.0,0.0
Hybrid RRF,43601,CT-114,0.0,0.0,0.0,0.0,1.0,0.0,0.02631578947368421
Hybrid RRF,43633,GB-211,0.0,0.0,0.0,0.0,0.0,0.0,0.0
Hybrid RRF,43671,BLR-131,0.0,0.0,0.0,0.0,0.0,0.0,0.0
Hybrid RRF,43695,CF-030,0.0,0.0,0.0,0.0,0.0,0.0,0.0
Hybrid RRF,43768,P-410,0.0,0.0,0.0,0.0,0.0,0.0,0.0
Hybrid RRF,43769,K-075,0.0,0.0,0.0,0.0,0.0,0.0,0.0
Hybrid RRF,43774,GB-087,0.0,0.0,0.0,0.0,0.0,0.0,0.0
Hybrid RRF,43793,HP-033,0.0,0.0,0.0,0.0,0.0,0.0,0.0
Hybrid RRF,43808,TK-139,0.0,0.0,0.0,0.0,0.0,0.0,0.0
Hybrid RRF,43815,HP-055,0.0,0.0,0.0,0.0,0.0,0.0,0.0
Hybrid RRF,43816,DC-110,0.0,0.0,0.0,0.0,0.0,0.0,0.0
Hybrid RRF,43819,HX-351,0.0,0.0,0.0,0.0,0.0,0.0,0.0
Hybrid RRF,43855,TK-208,0.0,0.0,0.0,0.0,0.0,0.0,0.0
Hybrid RRF,43858,CF-039,0.0,0.0,0.0,0.0,0.0,0.0,0.0
Hybrid RRF,43862,TK-137,0.0,0.0,0.0,0.0,0.0,0.0,0.0
Hybrid RRF,43985,P-521,0.0,0.0,0.0,0.0,0.0,0.0,0.0
Hybrid RRF,44072,GT-143,0.0,0.0,0.0,0.0,0.0,0.0,0.0
Hybrid RRF,44095,R-005,0.0,0.0,0.0,0.0,0.0,0.0,0.0
Hybrid RRF,44133,TK-237,0.0,0.0,0.0,0.0,0.0,0.0,0.0
Hybrid RRF,44145,HX-145,0.0,0.0,0.0,0.0,0.0,0.0,0.0
Hybrid RRF,44191,HX-015,0.0,0.0,1.0,1.0,1.0,0.1,0.1
Hybrid RRF,44204,BLR-135,0.0,0.0,0.0,0.0,0.0,0.0,0.0
Hybrid RRF,44241,AG-061,0.0,0.0,0.0,0.0,0.0,0.0,0.0
Hybrid RRF,44293,R-090,0.0,0.0,0.0,0.0,0.0,0.0,0.0
Hybrid RRF,44312,SEP-111,0.0,0.0,0.0,0.0,0.0,0.0,0.0
Hybrid RRF,44319,GB-129,0.0,0.0,0.0,0.0,0.0,0.0,0.0
Hybrid RRF,44330,CV-342,0.0,0.0,0.0,0.0,0.0,0.0,0.0
Hybrid RRF,44343,GB-091,0.0,0.0,0.0,0.0,0.0,0.0,0.0
Hybrid RRF,44366,K-261,0.0,0.0,0.0,0.0,0.0,0.0,0.0
Hybrid RRF,44374,EV-131,0.0,0.0,0.0,0.0,0.0,0.0,0.0
Hybrid RRF,44424,R-119,0.0,0.0,0.0,0.0,0.0,0.0,0.0
Hybrid RRF,44435,TK-101,0.0,0.0,0.0,0.0,0.0,0.0,0.0
Hybrid RRF,44523,GB-091,0.0,0.0,0.0,0.0,0.0,0.0,0.0
Hybrid RRF,44572,P-240,0.0,0.0,0.0,0.0,0.0,0.0,0.0
Hybrid RRF,44576,TK-330,0.0,0.0,0.0,0.0,0.0,0.0,0.0
Hybrid RRF,44610,BM-131,0.0,0.0,0.0,0.0,0.0,0.0,0.0
Hybrid RRF,44625,HX-009,0.0,0.0,0.0,0.0,0.0,0.0,0.0
Hybrid RRF,44639,SEP-110,0.0,0.0,0.0,0.0,0.0,0.0,0.0
Hybrid RRF,44662,M-074,0.0,0.0,0.0,0.0,0.0,0.0,0.0
Hybrid RRF,44735,M-112,0.0,0.0,0.0,0.0,0.0,0.0,0.0
Hybrid RRF,44740,M-127,0.0,0.0,0.0,0.0,0.0,0.0,0.0
Hybrid RRF,44851,AG-119,0.0,0.0,0.0,0.0,0.0,0.0,0.0
Hybrid RRF,44886,CV-318,0.0,0.0,0.0,0.0,0.0,0.0,0.0
Hybrid RRF,44946,HX-081,0.0,0.0,0.0,0.0,0.0,0.0,0.0
Hybrid RRF,44991,HP-073,0.0,0.0,0.0,0.0,0.0,0.0,0.0
Hybrid RRF,44999,P-448,0.0,0.0,0.0,0.0,0.0,0.0,0.0
Hybrid RRF,45013,RLP-103,0.0,0.0,0.0,0.0,0.0,0.0,0.0
Hybrid RRF,45026,GB-046,0.0,0.0,0.0,0.0,0.0,0.0,0.0
Hybrid RRF,45038,P-424,0.0,0.0,0.0,0.0,0.0,0.0,0.0
Hybrid RRF,45055,F-145,0.0,0.0,0.0,1.0,1.0,0.0,0.09090909090909091
Hybrid RRF,45095,K-143,0.0,0.0,0.0,0.0,0.0,0.0,0.0
Hybrid RRF,45097,AG-074,0.0,0.0,0.0,0.0,0.0,0.0,0.0
Hybrid RRF,45112,P-200,0.0,0.0,0.0,0.0,0.0,0.0,0.0
Hybrid RRF,45155,P-294,0.0,0.0,0.0,0.0,0.0,0.0,0.0
Hybrid RRF,45169,AG-053,0.0,0.0,0.0,0.0,0.0,0.0,0.0
Hybrid RRF,45172,FM-018,0.0,0.0,0.0,0.0,0.0,0.0,0.0
Hybrid RRF,45185,P-561,0.0,0.0,0.0,0.0,0.0,0.0,0.0
Hybrid RRF,45238,M-124,0.0,0.0,0.0,0.0,1.0,0.0,0.043478260869565216
Hybrid RRF,45244,FM-140,0.0,0.0,0.0,0.0,0.0,0.0,0.0
Hybrid RRF,45320,P-532,0.0,0.0,0.0,0.0,0.0,0.0,0.0
Hybrid RRF,45363,P-111,0.0,0.0,0.0,0.0,0.0,0.0,0.0
Hybrid RRF,45427,P-262,0.0,0.0,0.0,0.0,0.0,0.0,0.0
Hybrid RRF,45442,HX-031,0.0,0.0,0.0,0.0,0.0,0.0,0.0
Hybrid RRF,45515,DOS-145,0.0,0.0,0.0,0.0,0.0,0.0,0.0
Hybrid RRF,45525,K-080,0.0,0.0,0.0,0.0,0.0,0.0,0.0
Hybrid RRF,45565,GS-129,0.0,0.0,0.0,0.0,0.0,0.0,0.0
Hybrid RRF,45602,SC-137,0.0,0.0,0.0,0.0,0.0,0.0,0.0
Hybrid RRF,45671,R-041,0.0,0.0,0.0,0.0,0.0,0.0,0.0
Hybrid RRF,45746,GT-073,0.0,0.0,0.0,0.0,0.0,0.0,0.0
Hybrid RRF,45760,TRB-040,0.0,0.0,1.0,1.0,1.0,0.14285714285714285,0.14285714285714285
Hybrid RRF,45811,TK-041,0.0,0.0,0.0,0.0,0.0,0.0,0.0
Hybrid RRF,45814,P-338,0.0,0.0,0.0,0.0,0.0,0.0,0.0
Hybrid RRF,45837,K-335,0.0,0.0,0.0,0.0,0.0,0.0,0.0
Hybrid RRF,45852,P-270,0.0,0.0,0.0,0.0,0.0,0.0,0.0
Hybrid RRF,45864,HX-212,0.0,0.0,0.0,0.0,0.0,0.0,0.0
Hybrid RRF,45872,GB-130,0.0,0.0,0.0,0.0,0.0,0.0,0.0
Hybrid RRF,45909,P-307,0.0,0.0,0.0,0.0,0.0,0.0,0.0
Hybrid RRF,45947,BM-121,0.0,0.0,0.0,0.0,1.0,0.0,0.043478260869565216
Hybrid RRF,45953,AG-062,0.0,0.0,0.0,0.0,0.0,0.0,0.0
Hybrid RRF,45966,EV-125,0.0,0.0,1.0,1.0,1.0,0.125,0.125
Hybrid RRF,46031,R-015,0.0,0.0,0.0,0.0,0.0,0.0,0.0
Hybrid RRF,46036,TK-143,0.0,0.0,0.0,0.0,0.0,0.0,0.0
Hybrid RRF,46041,R-010,0.0,0.0,0.0,0.0,0.0,0.0,0.0
Hybrid RRF,46053,K-103,0.0,0.0,0.0,0.0,0.0,0.0,0.0
Hybrid RRF,46079,DP-068,0.0,0.0,0.0,0.0,0.0,0.0,0.0
Hybrid RRF,46080,GB-051,0.0,0.0,0.0,0.0,0.0,0.0,0.0
Hybrid RRF,46092,HX-168,0.0,0.0,0.0,0.0,0.0,0.0,0.0
Hybrid RRF,46138,AG-058,0.0,0.0,0.0,0.0,1.0,0.0,0.025
Hybrid RRF,46188,TK-022,0.0,0.0,0.0,0.0,0.0,0.0,0.0
Hybrid RRF,46216,P-552,0.0,0.0,0.0,0.0,0.0,0.0,0.0
Hybrid RRF,46250,FM-096,0.0,0.0,0.0,0.0,0.0,0.0,0.0
Hybrid RRF,46268,P-248,0.0,0.0,0.0,0.0,0.0,0.0,0.0
Hybrid RRF,46279,M-113,0.0,0.0,0.0,0.0,0.0,0.0,0.0
Hybrid RRF,46299,P-740,0.0,0.0,0.0,0.0,0.0,0.0,0.0
Hybrid RRF,46320,F-147,0.0,0.0,0.0,0.0,0.0,0.0,0.0
Hybrid RRF,46355,DC-073,0.0,0.0,0.0,0.0,0.0,0.0,0.0
Hybrid RRF,46361,SC-028,0.0,0.0,0.0,0.0,0.0,0.0,0.0
Hybrid RRF,46375,EX-098,0.0,0.0,0.0,0.0,0.0,0.0,0.0
Hybrid RRF,46393,K-085,0.0,0.0,0.0,0.0,0.0,0.0,0.0
Hybrid RRF,46417,DC-116,0.0,0.0,0.0,0.0,0.0,0.0,0.0
Hybrid RRF,46434,P-644,0.0,0.0,0.0,0.0,0.0,0.0,0.0
Hybrid RRF,46458,K-059,0.0,0.0,0.0,0.0,0.0,0.0,0.0
Hybrid RRF,46503,FCC-084,0.0,0.0,0.0,0.0,0.0,0.0,0.0
Hybrid RRF,46506,P-105,0.0,0.0,0.0,0.0,0.0,0.0,0.0
Hybrid RRF,46513,AG-027,0.0,0.0,0.0,0.0,0.0,0.0,0.0
Hybrid RRF,46582,TK-158,0.0,0.0,0.0,0.0,0.0,0.0,0.0
Hybrid RRF,46600,K-086,0.0,0.0,0.0,0.0,0.0,0.0,0.0
Hybrid RRF,46625,FM-087,0.0,0.0,0.0,0.0,0.0,0.0,0.0
Hybrid RRF,46626,SD-014,0.0,0.0,0.0,0.0,1.0,0.0,0.020833333333333332
Hybrid RRF,46640,GB-114,0.0,0.0,0.0,0.0,0.0,0.0,0.0
Hybrid RRF,46674,DOS-043,0.0,0.0,0.0,0.0,1.0,0.0,0.02564102564102564
Hybrid RRF,46690,HX-129,0.0,0.0,0.0,0.0,0.0,0.0,0.0
Hybrid RRF,46705,M-085,0.0,0.0,0.0,0.0,1.0,0.0,0.034482758620689655
Hybrid RRF,46709,DOS-129,0.0,0.0,0.0,0.0,1.0,0.0,0.030303030303030304
Hybrid RRF,46728,EX-053,0.0,0.0,0.0,0.0,0.0,0.0,0.0
Hybrid RRF,46751,FM-116,0.0,0.0,0.0,0.0,0.0,0.0,0.0
Hybrid RRF,46766,AG-035,0.0,0.0,0.0,0.0,0.0,0.0,0.0
Hybrid RRF,46790,CF-043,0.0,0.0,0.0,0.0,0.0,0.0,0.0
Hybrid RRF,46826,HX-095,0.0,0.0,0.0,0.0,0.0,0.0,0.0
Hybrid RRF,46841,EX-125,0.0,0.0,0.0,0.0,0.0,0.0,0.0
Hybrid RRF,46875,P-229,0.0,0.0,0.0,0.0,0.0,0.0,0.0
Hybrid RRF,46908,P-332,0.0,0.0,0.0,0.0,0.0,0.0,0.0
Hybrid RRF,46960,M-110,0.0,0.0,0.0,0.0,0.0,0.0,0.0
Hybrid RRF,46976,K-098,0.0,0.0,0.0,0.0,0.0,0.0,0.0
Hybrid RRF,47033,TK-047,0.0,0.0,0.0,0.0,0.0,0.0,0.0
Hybrid RRF,47102,CV-093,0.0,0.0,0.0,0.0,0.0,0.0,0.0
Hybrid RRF,47172,HV-141,0.0,0.0,0.0,0.0,0.0,0.0,0.0
Hybrid RRF,47180,P-244,0.0,0.0,0.0,0.0,0.0,0.0,0.0
Hybrid RRF,47244,P-117,0.0,0.0,1.0,1.0,1.0,0.125,0.125
Hybrid RRF,47296,CF-068,0.0,0.0,0.0,0.0,0.0,0.0,0.0
Hybrid RRF,47325,BM-142,0.0,0.0,0.0,0.0,0.0,0.0,0.0
Hybrid RRF,47335,CF-117,0.0,0.0,0.0,0.0,0.0,0.0,0.0
Hybrid RRF,47355,TK-185,0.0,0.0,0.0,0.0,0.0,0.0,0.0
Hybrid RRF,47394,P-742,0.0,0.0,0.0,0.0,0.0,0.0,0.0
Hybrid RRF,47474,FM-054,0.0,0.0,0.0,0.0,0.0,0.0,0.0
Hybrid RRF,47534,TK-104,0.0,0.0,0.0,0.0,0.0,0.0,0.0
Hybrid RRF,47568,P-609,0.0,0.0,0.0,0.0,0.0,0.0,0.0
Hybrid RRF,47579,SEP-085,0.0,0.0,0.0,0.0,0.0,0.0,0.0
Hybrid RRF,47593,F-048,0.0,0.0,0.0,0.0,0.0,0.0,0.0
Hybrid RRF,47602,FM-015,0.0,0.0,0.0,0.0,0.0,0.0,0.0
Hybrid RRF,47616,K-021,0.0,0.0,0.0,0.0,0.0,0.0,0.0
Hybrid RRF,47620,F-017,0.0,0.0,0.0,0.0,0.0,0.0,0.0
Hybrid RRF,47635,P-331,0.0,0.0,0.0,0.0,0.0,0.0,0.0
Hybrid RRF,47674,TK-134,0.0,0.0,0.0,0.0,1.0,0.0,0.03333333333333333
Hybrid RRF,47695,BM-059,0.0,0.0,0.0,0.0,0.0,0.0,0.0
Hybrid RRF,47699,P-154,0.0,0.0,0.0,0.0,0.0,0.0,0.0
Hybrid RRF,47755,P-344,0.0,0.0,0.0,0.0,0.0,0.0,0.0
Hybrid RRF,47811,F-120,0.0,0.0,0.0,0.0,0.0,0.0,0.0
Hybrid RRF,47848,P-179,0.0,0.0,0.0,0.0,0.0,0.0,0.0
Hybrid RRF,47876,AG-098,0.0,0.0,0.0,0.0,0.0,0.0,0.0
Hybrid RRF,47978,RLP-050,0.0,0.0,0.0,0.0,0.0,0.0,0.0
Hybrid RRF,48020,DOS-084,0.0,0.0,0.0,0.0,0.0,0.0,0.0
Hybrid RRF,48039,K-027,0.0,0.0,0.0,0.0,0.0,0.0,0.0
Hybrid RRF,48093,DRY-019,0.0,0.0,0.0,0.0,0.0,0.0,0.0
Hybrid RRF,48104,EV-076,0.0,0.0,0.0,0.0,0.0,0.0,0.0
Hybrid RRF,48181,DOS-133,0.0,0.0,0.0,0.0,0.0,0.0,0.0
Hybrid RRF,48191,P-658,0.0,0.0,0.0,0.0,0.0,0.0,0.0
Hybrid RRF,48197,EX-109,0.0,0.0,0.0,0.0,0.0,0.0,0.0
Hybrid RRF,48208,F-143,0.0,0.0,0.0,0.0,0.0,0.0,0.0
Hybrid RRF,48223,EX-109,0.0,0.0,0.0,0.0,0.0,0.0,0.0
Hybrid RRF,48271,TK-148,0.0,0.0,1.0,1.0,1.0,0.14285714285714285,0.14285714285714285
Hybrid RRF,48326,P-180,0.0,0.0,0.0,0.0,0.0,0.0,0.0
Hybrid RRF,48371,P-198,0.0,0.0,0.0,0.0,0.0,0.0,0.0
Hybrid RRF,48417,HV-210,0.0,0.0,0.0,0.0,0.0,0.0,0.0
Hybrid RRF,48443,GB-006,0.0,0.0,0.0,0.0,0.0,0.0,0.0
Hybrid RRF,48569,DC-069,0.0,0.0,0.0,0.0,0.0,0.0,0.0
Hybrid RRF,48570,RLP-136,0.0,0.0,0.0,0.0,0.0,0.0,0.0
Hybrid RRF,48636,AG-107,0.0,0.0,0.0,0.0,0.0,0.0,0.0
Hybrid RRF,48730,DOS-027,0.0,0.0,0.0,0.0,0.0,0.0,0.0
Hybrid RRF,48751,FCC-051,0.0,0.0,0.0,0.0,0.0,0.0,0.0
Hybrid RRF,48772,K-051,0.0,0.0,0.0,0.0,0.0,0.0,0.0
Hybrid RRF,48774,DP-057,0.0,0.0,0.0,0.0,0.0,0.0,0.0
Hybrid RRF,48809,M-068,0.0,0.0,0.0,0.0,1.0,0.0,0.023255813953488372
Hybrid RRF,48839,FM-147,0.0,0.0,0.0,0.0,0.0,0.0,0.0
Hybrid RRF,48895,P-176,0.0,0.0,0.0,0.0,0.0,0.0,0.0
Hybrid RRF,48910,HX-049,0.0,0.0,0.0,0.0,0.0,0.0,0.0
Hybrid RRF,48983,GB-027,0.0,0.0,0.0,0.0,0.0,0.0,0.0
Hybrid RRF,48989,HX-041,0.0,0.0,0.0,0.0,0.0,0.0,0.0
Hybrid RRF,49014,CR-123,0.0,0.0,0.0,0.0,0.0,0.0,0.0
Hybrid RRF,49035,SEP-020,0.0,0.0,0.0,0.0,0.0,0.0,0.0
Hybrid RRF,49101,TK-338,0.0,0.0,0.0,0.0,0.0,0.0,0.0
Hybrid RRF,49144,GB-082,0.0,0.0,0.0,0.0,0.0,0.0,0.0
Hybrid RRF,49203,R-024,0.0,0.0,0.0,0.0,0.0,0.0,0.0
Hybrid RRF,49323,AG-031,0.0,0.0,0.0,0.0,0.0,0.0,0.0
Hybrid RRF,49357,K-101,0.0,0.0,0.0,0.0,0.0,0.0,0.0
Hybrid RRF,49362,DRY-006,0.0,0.0,0.0,0.0,0.0,0.0,0.0
Hybrid RRF,49363,P-108,0.0,0.0,0.0,0.0,0.0,0.0,0.0
Hybrid RRF,49373,HX-329,0.0,0.0,0.0,0.0,1.0,0.0,0.03225806451612903
Hybrid RRF,49392,TK-131,0.0,0.0,0.0,0.0,0.0,0.0,0.0
Hybrid RRF,49395,F-054,0.0,0.0,0.0,0.0,0.0,0.0,0.0
Hybrid RRF,49401,BLR-011,0.0,0.0,0.0,0.0,0.0,0.0,0.0
Hybrid RRF,49412,GB-128,0.0,0.0,0.0,0.0,0.0,0.0,0.0
Hybrid RRF,49460,M-082,0.0,0.0,0.0,0.0,0.0,0.0,0.0
Hybrid RRF,49478,R-063,0.0,0.0,0.0,0.0,0.0,0.0,0.0
Hybrid RRF,49492,CV-133,0.0,1.0,1.0,1.0,1.0,0.2,0.2
Hybrid RRF,49502,TK-006,0.0,0.0,0.0,0.0,0.0,0.0,0.0
Hybrid RRF,49522,P-367,0.0,0.0,0.0,0.0,0.0,0.0,0.0
Hybrid RRF,49537,M-071,0.0,0.0,0.0,0.0,1.0,0.0,0.025
Hybrid RRF,49574,EX-238,0.0,0.0,0.0,0.0,0.0,0.0,0.0
Hybrid RRF,49581,K-121,0.0,0.0,0.0,0.0,0.0,0.0,0.0
Hybrid RRF,49611,TK-062,0.0,0.0,0.0,0.0,0.0,0.0,0.0
Hybrid RRF,49635,DC-022,0.0,0.0,0.0,0.0,0.0,0.0,0.0
Hybrid RRF,49655,M-022,0.0,0.0,0.0,0.0,1.0,0.0,0.023255813953488372
Hybrid RRF,49773,TK-205,0.0,0.0,0.0,0.0,0.0,0.0,0.0
Hybrid RRF,49796,P-246,0.0,0.0,0.0,0.0,0.0,0.0,0.0
Hybrid RRF,49878,F-032,0.0,0.0,0.0,0.0,0.0,0.0,0.0
Hybrid RRF,49911,P-328,0.0,0.0,0.0,0.0,0.0,0.0,0.0
Hybrid RRF,49938,TK-071,0.0,0.0,0.0,0.0,0.0,0.0,0.0
Random expectation,6,HX-301,0.00016356350353019522,0.0008175945940538387,0.0016346320614177845,0.0032670368309595244,0.008150911663649452,0.0004789146996802569,0.0007348927348465772
Random expectation,92,DOS-081,0.00010857763300764489,0.0005427997491703751,0.0010853784946731615,0.0021698732146544497,0.005418059524550212,0.0003179579250415775,0.00048811101709591074
Random expectation,146,CR-118,0.00016255316843216683,0.0008125456639539452,0.0016245410613358047,0.0032468822488975757,0.008100730397396005,0.0004759574011521215,0.0007303594982014856
Random expectation,192,FCC-018,8.119079837620724e-05,0.0004059100455762188,0.000811710234310925,0.0016229811007280048,0.00405415868206116,0.00023777419738061872,0.00036509417632712683
Random expectation,260,EX-120,8.126117341133998e-05,0.0004062618445347388,0.000812413641708476,0.0016243871536006926,0.00405766810291408,0.0002379802697337169,0.00036541046142863953
Random expectation,282,GS-059,0.00010831889081452939,0.0005415064590901242,0.0010827929664686264,0.0021647063643567277,0.005405173910426275,0.00031720037495269824,0.0004869487961151192
Random expectation,322,TK-183,8.206811653677093e-05,0.00041029568151207396,0.0008204791193082706,0.001640509325173567,0.004097907690533975,0.00024034315926475052,0.00036903706819157387
Random expectation,332,P-229,0.0005764163372858899,0.002878918908670758,0.005749943235674682,0.011468390369678172,0.028436390551365043,0.001686070120465957,0.0025791101571258765
Random expectation,333,K-099,0.0002720718269623168,0.0013596930539773178,0.0027177219929781504,0.005428794766889511,0.013522262281041031,0.0007964188772454526,0.0012210838417668324
Random expectation,334,TK-082,0.0003011718322198931,0.0015050347555918275,0.0030080100206232308,0.006007792223164277,0.014957974306178512,0.0008815399655544134,0.0013512933754384082
Random expectation,342,HP-097,0.00010832182413955671,0.0005415211209491844,0.0010828222782744978,0.002164764940340791,0.005405319993563973,0.0003172089631987348,0.00048696197208145526
Random expectation,347,CV-009,0.00021750360240346822,0.0010871041248897706,0.002173174038272885,0.004342214603749173,0.010824602824891283,0.0006367685420844942,0.0009767136660069362
Random expectation,351,DRY-076,8.126997886981346e-05,0.0004063058622857385,0.0008125016533611085,0.0016245630815261425,0.004058107207767558,0.00023800605389581145,0.00036545003560192415
Random expectation,353,P-161,0.0003570938057959605,0.0017842922816443396,0.0035656453607842975,0.007119551660595191,0.01771119007988775,0.0010450846361654022,0.001601302554588986
Random expectation,408,TK-306,8.209731268127296e-05,0.0004104416302814773,0.0008207709369738581,0.0016410926410767024,0.004099363585891358,0.00024042865125214655,0.0003691682823193587
Random expectation,409,BLR-076,0.00016271186440675045,0.0008133387137272408,0.0016261260861581972,0.0032500480031396606,0.008108612637307666,0.0004764219125574221,0.0007310715506342523
Random expectation,436,CV-050,0.00010873701951830128,0.0005435964219567824,0.0010869711909871071,0.002173056011304908,0.005425997067503241,0.0003184245794070694,0.0004888269488784408
Random expectation,475,F-123,0.00021743266382190374,0.0010867497018975936,0.0021724658665818186,0.004340800954241497,0.01082108883934707,0.0006365609560341562,0.0009763957234610973
Random expectation,561,P-262,0.0002160994057266441,0.001080088467982021,0.0021591560309059954,0.004314231749917408,0.010755043101869588,0.0006326594598785178,0.0009704200650814079
Random expectation,570,SC-215,8.129640669884974e-05,0.00040643797278916427,0.0008127658027717866,0.0016250910940218688,0.004059425092732161,0.00023808343991626172,0.0003655688095693687
Random expectation,594,HX-071,0.000299997272752095,0.0014991683753193819,0.0029962932849956214,0.005984422733414374,0.014900028087543538,0.000878104253710965,0.001346037866277358
Random expectation,600,P-238,0.0007679438303941355,0.003834036293465015,0.00765389580487108,0.015251286251319551,0.03770842985802714,0.0022452681164871436,0.0034294893740212185
Random expectation,601,AG-101,0.00016291067064888587,0.0008143322055388369,0.001628111721942327,0.0032540138877406033,0.008118487034217914,0.0004770038283919722,0.0007319635710068322
Random expectation,622,HX-337,8.181743802326835e-05,0.0004090425628288097,0.0008179735665674315,0.001635500957633318,0.004085407295020271,0.0002396091235117532,0.0003679104596940371
Random expectation,636,P-313,0.0005445288464156484,0.0027198286748386646,0.0054326287990166255,0.010837212193549162,0.026884058770827224,0.0015929179676025295,0.0024372077025620713
Random expectation,640,AG-107,0.00013575520621211812,0.0006786286032590683,0.001356888727077954,0.00271230413666268,0.006769722458479066,0.00039751845267644475,0.000610120366219909
Random expectation,645,SEP-079,0.00010843340833310844,0.0005420788605261517,0.001083937304061311,0.0021669931791831187,0.005410877009923043,0.00031753566150953045,0.00048746318770588246
Random expectation,673,DC-116,0.00016257519102580442,0.0008126557172611903,0.0016247610188714345,0.003247321568136452,0.008101824236432242,0.0004760218624516255,0.0007304583114163816
Random expectation,697,P-248,0.00013721938635491426,0.0006859463067631077,0.001371516144006546,0.002741527029833324,0.006842540528547714,0.00040180472940359,0.0006166934862435754
Random expectation,725,P-234,0.0007698652735771416,0.003843615045872939,0.0076729823792843765,0.015289177194363734,0.03780107067837524,0.00225087586138416,0.0034380064052740677
Random expectation,738,HX-133,0.0002454523140699161,0.0012267261305267674,0.0024521144280169604,0.004898882630050672,0.012207211815650432,0.0007185435099954362,0.00110190939012732
Random expectation,739,UF-065,8.122597065030046e-05,0.00040608586886303755,0.000812061785686824,0.001623683822766231,0.0040559126333478135,0.00023787718892719894,0.00036525225040723487
Random expectation,767,DP-074,8.126117341133998e-05,0.0004062618445347388,0.000812413641708476,0.0016243871536006926,0.00405766810291408,0.0002379802697337169,0.00036541046142863953
Random expectation,786,DOS-122,0.0001627869119322778,0.0008137137478138046,0.0016268756457279432,0.0032515450895203024,0.008112340140635999,0.00047664158048049405,0.0007314082804605927
Random expectation,831,TK-386,0.00010946308357506762,0.0005472255540848181,0.0010942264855829942,0.0021875547267162787,0.005462154899848581,0.0003205503579122385,0.0004920882590241833
Random expectation,877,R-117,0.00021766338357731563,0.0010879024224828004,0.0021747691138843672,0.004345398684110768,0.010832517642780592,0.0006372361060805993,0.0009774297943624952
Random expectation,939,P-207,0.0004939897908776691,0.0024676452138227,0.0049295386590008095,0.009836120696457895,0.024419131479731515,0.0014452522780091976,0.0022121318343870707
Random expectation,1077,K-023,0.000378030998541834,0.0018888283892113389,0.0037743434924132346,0.007535455295398674,0.018739828228766853,0.0011063031073373017,0.0016948252849489946
Random expectation,1094,EX-077,0.00010834823121508297,0.0005416531134165847,0.001083086155959867,0.0021652922668862207,0.005406635097221724,0.0003172862783456837,0.0004870805878729239
Random expectation,1105,RLP-027,5.418879375740371e-05,0.00027092928626260004,0.0005418218662134322,0.001083496907180459,0.0027076410786018856,0.0001587068745766097,0.00024373970349719505
Random expectation,1129,K-179,0.00013615445361214729,0.00068062397185642,0.0013608772940620906,0.002720272595100437,0.0067895786442278006,0.00039868722167491,0.0006119127164887474
Random expectation,1134,BLR-220,0.00010841283607976315,0.0005419760327156631,0.0010837317320609996,0.00216658236952727,0.00540985249065129,0.0003174754296874091,0.0004873707810007382
Random expectation,1187,CR-043,0.00010836877895481489,0.0005417558187185145,0.0010832914830926077,0.002165702587404006,0.005407658398121962,0.00031734643841034485,0.00048717288455775605
Random expectation,1189,HX-028,0.00024410751579917456,0.0012200079898228022,0.0024386927607038533,0.004872097668365161,0.012140685543807539,0.000714608774169187,0.0010958854005410786
Random expectation,1210,HV-030,0.00016201328508935742,0.0008098477072955301,0.0016191487963815865,0.0032361123005986148,0.008073914652194758,0.00047437713219226956,0.0007279370832091666
Random expectation,1221,HV-144,0.00021742675436209336,0.0010867201770796697,0.0021724068731072688,0.004340683191663364,0.010820796110198705,0.0006365436633058199,0.00097636923759222
Random expectation,1232,CF-141,5.420788724763703e-05,0.0002710247433644897,0.0005420127545454623,0.0010838785803566342,0.002708594485384408,0.00015876279148544566,0.00024382556194222558
Random expectation,1237,P-330,0.0004120313143799459,0.002058572575977635,0.00411318940266614,0.00821058403404673,0.02040856172881389,0.001205707063471445,0.0018466355812566193
Random expectation,1316,EV-059,0.00010839814639174161,0.0005419026081610046,0.001083584942650928,0.00216628902940863,0.0054091209286739605,0.0003174324209453288,0.00048730479765809787
Random expectation,1327,F-137,0.00019017604868509785,0.000950570274862006,0.0019003659440861576,0.0037976355696692776,0.009470908564948033,0.0005568004646976528,0.000854232905398904
Random expectation,1329,SC-121,0.0001354866681118061,0.0006772864954204261,0.0013542059675242246,0.0027069444384949515,0.006756366799069324,0.00039673232504895824,0.000608914805621035
Random expectation,1343,HP-120,0.00010832182413955671,0.0005415211209491844,0.0010828222782744978,0.002164764940340791,0.005405319993563973,0.0003172089631987348,0.00048696197208145526
Random expectation,1353,K-111,0.000516571055708126,0.0025803283666089305,0.005154348207837001,0.010283520556658154,0.025521141614994747,0.001511234411220287,0.0023127222389463607
Random expectation,1396,DC-145,8.129860979377845e-05,0.00040644898587594014,0.0008127878229756691,0.0016251351105567302,0.004059534955118016,0.0002380898910228877,0.0003655787108850235
Random expectation,1416,SC-143,5.419760446589983e-05,0.00027097333502967835,0.0005419099518103598,0.0010836730306243991,0.0027080810290863733,0.00015873267748548408,0.0002437793229569809
Random expectation,1418,P-207,0.0005224085784987231,0.0026094585597269404,0.005212465342038675,0.010399183811740431,0.0258060567882209,0.0015282917611384723,0.0023387272588638237
Random expectation,1451,BM-138,0.00016253555465262082,0.0008124576427671615,0.0016243651381822044,0.003246530879081999,0.008099855538803324,0.00047590584468111075,0.000730280466875995
Random expectation,1480,P-235,0.0008233163181293746,0.004110033896851495,0.008203736256158223,0.016342396792124236,0.040372891144862644,0.0024068416645689154,0.003674737047006095
Random expectation,1488,M-135,0.00027363524421941676,0.0013675024639521194,0.002733321640996711,0.0054599175006910805,0.013599497401368232,0.0008009926509157193,0.001228083179957997
Random expectation,1499,DC-140,0.00010839520893179966,0.0005418879256372522,0.0010835555895406523,0.0021662303709166775,0.005408974640020214,0.0003174238205952207,0.00048729160313348943
Random expectation,1504,FM-061,0.00010836290737681331,0.0005417264703723168,0.00108323281025402,0.002165585337102649,0.005407365986911827,0.00031732924749264154,0.00048714651050733285
Random expectation,1551,DOS-096,0.00010852460795485186,0.0005425347102422373,0.0010848486326026086,0.002168814353305293,0.0054154188350905574,0.0003178026773875908,0.00048787283896208414
Random expectation,1577,K-268,0.00010882873078488231,0.0005440548286469449,0.0010878876303509477,0.002174887394578051,0.005430564321978637,0.00031869309299264347,0.0004892388964472817
Random expectation,1585,EV-115,0.00010839814639174161,0.0005419026081610046,0.001083584942650928,0.00216628902940863,0.0054091209286739605,0.0003174324209453288,0.00048730479765809787
Random expectation,1630,R-039,0.00013599521296847605,0.0006798281153078678,0.0013592864473218613,0.0027170943649238444,0.006781659001161122,0.00039822105598081713,0.0006111978352980285
Random expectation,1639,TK-134,0.00027356038845571806,0.0013671285536743794,0.0027325747408860623,0.0054584273762076085,0.01359579953771961,0.0008007736612554844,0.0012277480591021527
Random expectation,1647,P-628,0.0002701242571583329,0.0013499647059346254,0.0026982890261600945,0.005390023596003268,0.013426041996829952,0.0007907212227056031,0.0012123643947230848
Random expectation,1661,DC-093,8.129860979377845e-05,0.00040644898587594014,0.0008127878229756691,0.0016251351105567302,0.004059534955118016,0.0002380898910228877,0.0003655787108850235
Random expectation,1700,TK-171,0.00013685507048033507,0.0006841255261220702,0.001367876578815097,0.002734255878888092,0.006824422398573282,0.00040073822447603583,0.0006150579834747745
Random expectation,1710,CV-086,0.00013592866463685294,0.0006794955184064033,0.0013586216152779995,0.0027157661469875416,0.0067783492847638405,0.0003980262403731098,0.0006108990784206987
Random expectation,1719,FCC-071,8.11886011203855e-05,0.00040589906167576295,0.0008116882724561458,0.001622937200796648,0.0040540491104723575,0.00023776776337001987,0.0003650843012399406
Random expectation,1788,P-368,0.00024702879257820776,0.0012346016235599278,0.0024678481801747587,0.0049302812977165544,0.012285194184732506,0.0007231560884912267,0.0011089710004812156
Random expectation,1789,M-105,0.00038362470543107374,0.0019167573798237747,0.00383010275920892,0.007646579937135467,0.01901470487493606,0.0011226589518432365,0.0017198135989909258
Random expectation,1814,K-021,0.00013615445361214729,0.00068062397185642,0.0013608772940620906,0.002720272595100437,0.0067895786442278006,0.00039868722167491,0.0006119127164887474
Random expectation,1821,AG-119,8.141775449832522e-05,0.00040704458015339284,0.0008139786884568956,0.0016275155494867022,0.004065476367459353,0.0002384387706948095,0.0003661141795736907
Random expectation,1861,AG-110,5.427850299888348e-05,0.000271377783815252,0.0005427187396822575,0.001085290167572306,0.0027121205804887527,0.00015896959569306084,0.00024414310241298667
Random expectation,1865,GB-122,0.00013573309444303572,0.0006785180924346879,0.0013566678254368636,0.0027118628131189704,0.006768622741798902,0.0003974537219575397,0.0006100210990230818
Random expectation,1873,P-173,0.0004666227492314823,0.0023310652461219217,0.004657015564685452,0.009293613492461605,0.02308173929207047,0.0013652754227729915,0.002090154539017271
Random expectation,1898,SC-026,0.00013544996478298543,0.0006771030583239135,0.0013538392921280673,0.0027062118824040526,0.006754541359416888,0.0003966248784043017,0.0006087500312510423
Random expectation,1901,TK-013,0.00019149227191905815,0.0009571470857874242,0.001913508809426867,0.003823878318289453,0.009536193949193361,0.0005606525972485923,0.0008601353206372863
Random expectation,1983,TK-144,0.0004378523343002705,0.0021874649858415474,0.004370443417809899,0.008722974963879304,0.021673782503860983,0.001281185720010939,0.0019618482650881346
Random expectation,2010,VP-131,8.100664254473422e-05,0.00040498946554923254,0.0008098695720234472,0.0016193017668142407,0.004044975269158146,0.00023723495159558405,0.00036426652706633684
Random expectation,2029,CT-050,0.00016257519102580442,0.0008126557172611903,0.0016247610188714345,0.003247321568136452,0.008101824236432242,0.0004760218624516255,0.0007304583114163816
Random expectation,2043,SEP-057,0.0001890154992709725,0.0009447712992115553,0.001888777415589793,0.003774496165619423,0.009413341687610877,0.0005534039184493633,0.0008490284756423075
Random expectation,2058,SEP-113,0.00013501107090785336,0.0006749095385006898,0.0013494546254955164,0.002697452035420267,0.006732712773631633,0.0003953400435119755,0.0006067796721010125
Random expectation,2090,P-170,0.00043963290652304643,0.002196353207044588,0.004388183323632222,0.008758309049529012,0.021761033134995333,0.0012863906146400562,0.001969793249932401
Random expectation,2128,P-228,0.0007679438303941355,0.003834036293465015,0.00765389580487108,0.015251286251319551,0.03770842985802714,0.0022452681164871436,0.0034294893740212185
Random expectation,2130,M-075,0.00043791225333222883,0.002187764089311095,0.004371040397641579,0.00872416402920273,0.021676718739911505,0.0012813608735136968,0.0019621156305534957
Random expectation,2133,GB-043,0.00016287971333173168,0.0008141775029890663,0.0016278025268311458,0.003253396336787562,0.008116949437687038,0.000476913214803539,0.0007318246693389019
Random expectation,2146,P-622,0.00024503798088704176,0.0012246562706264008,0.0024479792193763394,0.004890630231604298,0.01218671544595884,0.0007173312178627179,0.0011000534106757327
Random expectation,2152,M-012,0.0003557258174853306,0.0017774613375801662,0.003552005935863023,0.007092362460505597,0.017643885407981785,0.001041084200584101,0.001595188422080606
Random expectation,2165,DC-141,0.00018967105619682734,0.0009480469563240002,0.0018953234142594644,0.0037875669223005337,0.009445859704947157,0.0005553225198607043,0.000851968302969179
Random expectation,2288,HX-023,0.00027260583921706605,0.0013623604982188064,0.0027230503452929655,0.005439425369548445,0.013548643874493616,0.0007979811323896085,0.0012234746093392863
Random expectation,2293,P-247,0.0004391622979167398,0.002194004039142272,0.004383494658899423,0.008748970292922209,0.021737973323260884,0.0012850149552216153,0.0019676934013351894
Random expectation,2307,P-315,0.0005770181898114846,0.0028819215647951646,0.00575593207041547,0.011480302386654873,0.02846568331253263,0.0016878282602457299,0.002581788222976651
Random expectation,2356,P-321,0.0005214622900427957,0.002604736469412172,0.0052030444922224195,0.010380435108951924,0.02575987602225227,0.001525526719624464,0.002334511925352077
Random expectation,2392,K-121,0.0002721606836676438,0.0013601369023998888,0.0027186086031284473,0.005430563647504938,0.013526652076409351,0.0007966788281697714,0.001221481653962772
Random expectation,2422,K-286,8.162154808866173e-05,0.0004080633265961531,0.0008160156276375563,0.0016315872134793352,0.0040756389287058825,0.00023903551902910953,0.00036703008137027116
Random expectation,2433,CR-121,5.4184389477351935e-05,0.00027090726724876557,0.0005417778341525459,0.0010834088669250397,0.0027074211569605433,0.0001586939762677251,0.00024371989859617933
Random expectation,2458,P-309,0.0006592501030078246,0.0032920878978909274,0.006573788104560663,0.013106150778000814,0.032457176684322686,0.0019279813241264594,0.0029472917555337257
Random expectation,2530,K-244,0.00021765746156987564,0.001087872834998338,0.002174709995255375,0.004345280671938068,0.010832224294981874,0.000637218776651243,0.0009774032523639138
Random expectation,2575,CV-244,0.0001359138849624797,0.0006794216521742724,0.0013584739631323783,0.0027154711637750184,0.006777614230897289,0.0003979829738987879,0.0006108327276627599
Random expectation,2611,CT-016,8.127438231464446e-05,0.000406327874738599,0.0008125456663390374,0.0016246510597802688,0.004058326795835399,0.0002380189480721764,0.0003654698259031703
Random expectation,2676,P-299,0.0003024470717624128,0.0015114039578021377,0.0030207309557155337,0.006033164345376929,0.015020884080209296,0.0008852701573137538,0.0013569992446415776
Random expectation,2684,UF-070,5.4150647100237315e-05,0.0002707385736412382,0.0005414404926329386,0.0010827343666672817,0.002705736277176407,0.00015859515884075233,0.00024356816787977787
Random expectation,2685,SC-109,8.126777732631041e-05,0.00040629485695387046,0.0008124796486602692,0.0016245190959724987,0.004057997422645232,0.00023799960733150092,0.00036544014125501726
Random expectation,2706,CV-081,0.00016309666195502004,0.0008152616568432025,0.0016299693621040223,0.0032577241223898934,0.00812772486049429,0.0004775482338448701,0.0007327980895560247
Random expectation,2716,HV-011,0.00013589172147632222,0.0006793108829327155,0.0013582525450784866,0.0027150288090896924,0.006776511948962005,0.0003979180918213425,0.000610733228545692
Random expectation,2783,DOS-094,0.00016280899791065728,0.0008138241177870764,0.001627096235951031,0.003251985671561264,0.008113437117434064,0.00047670622724945637,0.0007315073776862505
Random expectation,2810,GB-133,0.00018905123288415204,0.0009449498514989552,0.0018891342308940962,0.003775208640316663,0.009415114228415566,0.0005535084992201355,0.0008491887229248949
Random expectation,2847,BLR-101,0.00010841283607976315,0.0005419760327156631,0.0010837317320609996,0.00216658236952727,0.00540985249065129,0.0003174754296874091,0.0004873707810007382
Random expectation,2855,CV-032,0.0001631143975641125,0.000815350286682115,0.0016301465013229821,0.0032580779193861487,0.008128605750022166,0.00047760014680032733,0.0007328776667672917
Random expectation,2858,TK-007,0.0002462919380439299,0.0012309205812524038,0.0024604941644995604,0.004915605495700359,0.012248745473534273,0.000721000148376447,0.0011056703906652497
Random expectation,2890,DOS-093,8.140449895532864e-05,0.00040697831682690033,0.0008138461977710287,0.0016272507119549084,0.004064815351841777,0.00023839995580387887,0.0003660546056027133
Random expectation,2908,P-102,0.00021955101816784062,0.0010973333755315284,0.002193612983537152,0.004383014366329929,0.01092601819038197,0.0006427598241382232,0.0009858898912877654
Random expectation,2922,TK-015,0.00013682885446886228,0.0006839945034590178,0.0013676146769220354,0.002733732648481535,0.00682311861584306,0.00040066147918843727,0.0006149402930368653
Random expectation,2932,P-289,0.00027009507346587025,0.0013498189293225105,0.0026979978272163585,0.005389442612942608,0.013424600104594453,0.0007906358448611793,0.0012122337343357709
Random expectation,2936,DP-091,0.00010834823121508297,0.0005416531134165847,0.001083086155959867,0.0021652922668862207,0.005406635097221724,0.0003172862783456837,0.0004870805878729239
Random expectation,2989,P-312,0.0004117146542969019,0.002056991708936029,0.004110033742249164,0.00820429694289937,0.02039302443044755,0.001204781295698652,0.0018452218669140082
Random expectation,3121,TK-066,0.00010948405638433467,0.0005473303836930343,0.0010944360587251678,0.002187973528845255,0.005463199326835588,0.0003206117622557203,0.0004921824634506849
Random expectation,3147,P-143,0.0003845625600878977,0.0019214399662617065,0.0038394512397246228,0.0076652102934482436,0.019060784509872475,0.0011254011728285464,0.0017240029455059414
Random expectation,3183,R-089,0.00016318094046618992,0.0008156828202753319,0.001630811116439479,0.0032594053428151026,0.008131910787023577,0.0004777949209458248,0.0007331762353003665
Random expectation,3218,UF-224,8.122597065030046e-05,0.00040608586886303755,0.000812061785686824,0.001623683822766231,0.0040559126333478135,0.00023787718892719894,0.00036525225040723487
Random expectation,3224,K-068,0.0002448646442660962,0.0012237903421642438,0.002446249247440746,0.0048871778169181646,0.01217814066326417,0.0007168240538324951,0.0010992769560854193
Random expectation,3226,CR-121,5.4184389477351935e-05,0.00027090726724876557,0.0005417778341525459,0.0010834088669250397,0.0027074211569605433,0.0001586939762677251,0.00024371989859617933
Random expectation,3240,EX-031,5.4174115607596995e-05,0.00027085590346642707,0.0005416751205040704,0.0010832034952927838,0.0027069081453693355,0.0001586638883652635,0.00024367369967436336
Random expectation,3320,CV-184,8.154833097751002e-05,0.00040769732068546283,0.0008152838149056985,0.0016301243842109514,0.004071987823750178,0.00023882112474962972,0.0003667010247766599
Random expectation,3380,DC-139,8.129860979377845e-05,0.00040644898587594014,0.0008127878229756691,0.0016251351105567302,0.004059534955118016,0.0002380898910228877,0.0003655787108850235
Random expectation,3505,P-217,0.0007290597829021639,0.003640183811288944,0.007267605738788485,0.014484335907351542,0.035832687329177215,0.0021317789370135067,0.0032570944207072476
Random expectation,3525,P-364,0.00019213877909529664,0.0009603774961306488,0.0019199643195437766,0.0038367681180705437,0.009568259731022821,0.0005625446936341748,0.0008630344405577981
Random expectation,3541,HV-040,5.4356688590551094e-05,0.0002717686693031185,0.0005435004044825886,0.0010868530724703618,0.002716024657463345,0.00015919856877804478,0.0002444946822012155
Random expectation,3595,TK-114,0.0003009164273013454,0.00150375912850631,0.003005462256348901,0.00600271062843083,0.014945374309183301,0.0008807928804064099,0.0013501505881858128
Random expectation,3608,DOS-032,0.00016201328508935742,0.0008098477072955301,0.0016191487963815865,0.0032361123005986148,0.008073914652194758,0.00047437713219226956,0.0007279370832091666
Random expectation,3611,VP-076,0.00010830129420047463,0.000541418504606983,0.0010826171289528563,0.002164354975011329,0.005404297577388584,0.0003171488552408048,0.00048686975528802886
Random expectation,3651,TK-187,5.4742028192111825e-05,0.00027369515710229386,0.000547352854558647,0.0010945558705335312,0.002735265886955718,0.00016032706759880076,0.00024622744772675434
Random expectation,3662,SC-110,5.419760446589983e-05,0.00027097333502967835,0.0005419099518103598,0.0010836730306243991,0.0027080810290863733,0.00015873267748548408,0.0002437793229569809
Random expectation,3683,K-091,0.0002723089072244056,0.0013608772940620906,0.002720087572928298,0.005433514344848733,0.013533974739042942,0.0007971124570173798,0.0012221452506101338
Random expectation,3709,P-228,0.0007409846863164482,0.003699639685005751,0.0073860971676730225,0.01471964605432119,0.03640858696391136,0.0021665874960304205,0.003309988568694624
Random expectation,3737,EV-015,5.400442836311914e-05,0.0002700075590305051,0.0005399786610978952,0.0010798114943439963,0.002698435026971313,0.00015816694471560168,0.00024291065955339
Random expectation,3818,SD-102,5.414624901856069e-05,0.00027071658561472756,0.0005413965225339323,0.0010826464502848854,0.0027055166648398687,0.00015858227868329874,0.0002435483908438358
Random expectation,3855,M-112,0.000273695158332643,0.001367801739467378,0.002733919455127687,0.005461110186191553,0.013602457140883262,0.0008011679289010204,0.0012283514083928561
Random expectation,3886,P-629,0.00013713282685612338,0.0006855136992356403,0.0013706514036925244,0.002739799446996205,0.006838235781461477,0.00040155133368593424,0.0006163049004256558
Random expectation,3903,F-023,0.00013581420616592954,0.0006789234748579842,0.0013574781499677835,0.0027134817019925928,0.006772656784078679,0.00039769117105165335,0.0006103852367586736
Random expectation,3918,TK-143,0.0003285510896944288,0.0016417661889505109,0.0032810612599021294,0.006552251570671519,0.016306866516752838,0.0009616164292837139,0.0014737316971475227
Random expectation,3956,P-118,0.0004936781766818887,0.0024660900477796455,0.00492643557491701,0.009829943424973786,0.024403903131348104,0.0014443416224139633,0.0022107429366216612
Random expectation,3958,TK-109,0.0003285510896944288,0.0016417661889505109,0.0032810612599021294,0.006552251570671519,0.016306866516752838,0.0009616164292837139,0.0014737316971475227
Random expectation,4316,CR-130,0.00018912274065874257,0.0009453071586174033,0.0018898482660977267,0.003776634396935874,0.00941866131339042,0.0005537177793868503,0.0008495093990309044
Random expectation,4326,P-337,0.0004674182018147288,0.0023350355202691464,0.004664938673436758,0.009309390167130727,0.02312066368950838,0.0013676003399643183,0.0020937018681937195
Random expectation,4351,P-159,0.0004119068541300619,0.002057951231365762,0.004111949101195278,0.00820811295656565,0.020402454967568984,0.001205343199364109,0.0018460799352112201
Random expectation,4353,EX-067,0.00010834823121508297,0.0005416531134165847,0.001083086155959867,0.0021652922668862207,0.005406635097221724,0.0003172862783456837,0.0004870805878729239
Random expectation,4461,EV-105,0.00010840108401088955,0.0005419172914802317,0.0010836142973515983,0.002166347691077486,0.005409267225240488,0.000317441021761489,0.00048731799289726844
Random expectation,4476,GT-021,0.00010829836198722465,0.000541403848304145,0.0010825878282522128,0.002164296421211076,0.005404151549507796,0.0003171402702491911,0.0004868565843114614
Random expectation,4485,GS-054,0.00010831302464120451,0.0005414771377540983,0.001082734347617187,0.0021645892218979945,0.005404881767837488,0.0003171831998556799,0.00048692244632138223
Random expectation,4494,DC-122,8.129640669884974e-05,0.00040643797278916427,0.0008127658027717866,0.0016250910940218688,0.004059425092732161,0.00023808343991626172,0.0003655688095693687
Random expectation,4500,AG-027,8.100664254473422e-05,0.00040498946554923254,0.0008098695720234472,0.0016193017668142407,0.004044975269158146,0.00023723495159558405,0.00036426652706633684
Random expectation,4531,P-321,0.000494913390156726,0.0024722545894627634,0.004938735900990587,0.00985442942652237,0.024464265780546945,0.001447951379960565,0.0022162483668266703
Random expectation,4551,RLP-007,8.128098837678621e-05,0.00040636089789025664,0.0008126116947468898,0.001624783045028999,0.004058656222497681,0.00023803829195650952,0.00036549951537427324
Random expectation,4591,R-121,0.0002175331738090147,0.0010872518693750832,0.002173469246093185,0.004342803896163927,0.010826067659193583,0.0006368550762363933,0.0009768462031881965
Random expectation,4628,VP-118,0.0001354242842827036,0.0006769747114672153,0.001353582737475878,0.002705699329006994,0.006753264138453674,0.00039654970037508996,0.0006086347422422971
Random expectation,4737,P-312,0.0004356230771325187,0.0021763369452998393,0.004348232871572488,0.008678735489317302,0.02156453557773952,0.001274669189107757,0.001951900854060574
Random expectation,4777,EX-070,8.100882996242564e-05,0.0004050004002753571,0.000809891435569865,0.0016193454702888577,0.004045084350800199,0.00023724135680226377,0.0003642763579628831
Random expectation,4857,P-302,0.0004121558498653144,0.0020591942958999576,0.004114430452594187,0.008213056599818191,0.020414672146713886,0.0012060711473287189,0.0018471915618879025
Random expectation,4883,CT-055,5.419613581547633e-05,0.0002709659925738128,0.0005418952688885925,0.0010836436727407195,0.002708007694076753,0.0001587283764180357,0.00024377271881925307
Random expectation,4902,K-033,0.00016334975905907267,0.0008165264539258255,0.0016324972360176604,0.0032627729948265793,0.008140295588321522,0.0004782890605254113,0.0007339336988056924
Random expectation,4985,GT-136,8.122816992928161e-05,0.00040609686287607083,0.0008120837677589865,0.0016237277630994917,0.004056022305694573,0.00023788362886136555,0.0003652621345822749
Random expectation,5026,M-044,0.000328506118426497,0.0016415416033737085,0.003280612764822055,0.006551357279257042,0.016304650918238295,0.0009614849012318598,0.0014735305883916666
Random expectation,5040,R-127,0.0002175331738090147,0.0010872518693750832,0.002173469246093185,0.004342803896163927,0.010826067659193583,0.0006368550762363933,0.0009768462031881965
Random expectation,5143,P-216,0.0006594493597845696,0.0032930816658385265,0.006575769367706208,0.01311008832681726,0.03246683547623774,0.0019285631637780212,0.002948176923007622
Random expectation,5151,BM-124,0.00010837465116908529,0.0005417851702447241,0.0010833501622877773,0.0021658198504026505,0.005407950840958353,0.00031736363119074223,0.0004871992614641092
Random expectation,5159,P-517,0.00016486233994617017,0.0008240852218092121,0.0016476044354951647,0.003292946082548487,0.008215419151002212,0.0004827164375233954,0.0007407203245323506
Random expectation,5209,P-439,0.00030192407981777247,0.0015087918705972703,0.003015513954615079,0.006022758983236232,0.014995084415290516,0.0008837403607875946,0.0013546592112850312
Random expectation,5223,CT-142,0.0001355086996585042,0.0006773966053942315,0.001354426068116199,0.002707384162547566,0.006757462536534642,0.0003967968209835493,0.0006090137130665196
Random expectation,5298,HX-030,0.00029809490257715066,0.001489666864640804,0.0029773160856739755,0.005946571433480874,0.014806169301719962,0.0008725395802758382,0.001337525563603329
Random expectation,5305,TK-075,0.000378030998541834,0.0018888283892113389,0.0037743434924132346,0.007535455295398674,0.018739828228766853,0.0011063031073373017,0.0016948252849489946
Random expectation,5322,P-443,0.0004113984805682591,0.0020554132680628,0.004106882920191124,0.00819801947275911,0.020377510770730467,0.001203856948483642,0.0018438103154925847
Random expectation,5401,SC-034,0.00010835997182645496,0.0005417117973917085,0.001083203476218042,0.0021655267167128844,0.0054072197931659405,0.0003173206527322056,0.0004871333245529499
Random expectation,5407,HV-172,8.154168138951867e-05,0.00040766407997550047,0.0008152173515580952,0.0016299915297908196,0.004071656229468035,0.0002388016534294319,0.00036667113979586726
Random expectation,5451,F-107,0.00013581420616592954,0.0006789234748579842,0.0013574781499677835,0.0027134817019925928,0.006772656784078679,0.00039769117105165335,0.0006103852367586736
Random expectation,5468,P-104,0.0002744764361979346,0.0013717042754343156,0.0027417149031648824,0.00547666264995772,0.01364105131988358,0.0008034535433021196,0.0012318490707696867
Random expectation,5549,CV-039,0.0001631143975641125,0.000815350286682115,0.0016301465013229821,0.0032580779193861487,0.008128605750022166,0.00047760014680032733,0.0007328776667672917
Random expectation,5604,CT-145,0.00013547932585489253,0.0006772498000504612,0.0013541326165562584,0.0027067978955508387,0.00675600163221024,0.0003967108310630702,0.0006088818436113339
Random expectation,5616,HP-109,0.00013501107090785336,0.0006749095385006898,0.0013494546254955164,0.002697452035420267,0.006732712773631633,0.0003953400435119755,0.0006067796721010125
Random expectation,5683,TK-054,0.00024620434961020177,0.0012304830224291186,0.0024596200043908167,0.004913861000133912,0.012244412809773508,0.0007207438756073829,0.0011052780508376148
Random expectation,5692,R-205,8.100664254473422e-05,0.00040498946554923254,0.0008098695720234472,0.0016193017668142407,0.004044975269158146,0.00023723495159558405,0.00036426652706633684
Random expectation,5765,GT-144,5.41286638339189e-05,0.00027062866921179207,0.0005412207135292446,0.0010822949274817972,0.002704638571874529,0.00015853077896768887,0.00024346931480640779
Random expectation,5786,BLR-038,8.132726089782327e-05,0.0004065922103335673,0.0008130741942437014,0.0016257075425663015,0.0040609637074572325,0.0002381737872336752,0.00036570747681339107
Random expectation,5846,FM-019,0.00013502930135844693,0.0006750006513729367,0.0013496367528251785,0.0026978158966574073,0.0067336194808399474,0.0003953934120809248,0.000606861515706716
Random expectation,5859,M-058,0.00030099876864142505,0.0015041703847864518,0.0030062836441058227,0.006004348913035029,0.014949436504418268,0.000881033737222863,0.0013505190179854503
Random expectation,5886,GS-013,0.00016203078584930974,0.0008099351638424235,0.001619323591401045,0.0032364614187224694,0.008074783915783312,0.00047442835795637547,0.0007280156081168411
Random expectation,5934,CR-016,8.127658421608341e-05,0.0004063388818594804,0.000812567674616127,0.0016246950524806403,0.004058436598780912,0.00023802539568428763,0.0003654797218575967
Random expectation,5947,P-324,0.0005485313074243825,0.002739799446996427,0.005472466740775173,0.010916475193388675,0.027079149961880544,0.0016046117063919898,0.002455028206685217
Random expectation,5983,R-038,0.00016322089227416292,0.0008158824706593348,0.0016312101457001127,0.0032602023161922844,0.008133895099586064,0.00047791186170697186,0.0007333554932178216
Random expectation,6007,K-089,0.0003267706886692645,0.0016328748749584454,0.0032633053269223167,0.006516846266203191,0.016219148112309734,0.0009564092472776641,0.0014657697252452293
Random expectation,6019,DP-097,0.00010840108401088955,0.0005419172914802317,0.0010836142973515983,0.002166347691077486,0.005409267225240488,0.000317441021761489,0.00048731799289726844
Random expectation,6028,DC-049,0.00013548299688392884,0.0006772681472384523,0.001354169291047036,0.002706871165039315,0.0067561842107054515,0.0003967215777648835,0.0006088983241700953
Random expectation,6072,EX-138,8.126117341133998e-05,0.0004062618445347388,0.000812413641708476,0.0016243871536006926,0.00405766810291408,0.0002379802697337169,0.00036541046142863953
Random expectation,6152,GS-126,5.4159445407320206e-05,0.0002707825604117975,0.0005415284542613641,0.0010829102422746928,0.0027061756088259115,0.00015862092543348863,0.00024360773158904012
Random expectation,6162,K-272,8.156385090130058e-05,0.00040777490342802647,0.0008154389382041272,0.0016304344620969857,0.004072761753822096,0.0002388665701807927,0.00036677077534668056
Random expectation,6210,FCC-039,8.122157244960793e-05,0.00040606388262254267,0.000812017825112421,0.0016235959492340024,0.004055693306446284,0.00023786431010485205,0.00036523248366189184
Random expectation,6215,SEP-116,0.0001354279523293478,0.0006769930437533489,0.0013536193821869213,0.0027057725390333687,0.0067534465690171075,0.00039656043834865567,0.0006086512094270448
Random expectation,6265,HV-031,2.7180560463135883e-05,0.00013590280231601248,0.0002718056046318029,0.0005436112092631618,0.0013590280231577934,7.961099872165077e-05,0.00012229092273462056
Random expectation,6283,M-044,0.0003558037058324359,0.0017778502679577368,0.0035527825199546115,0.0070939105335545705,0.01764771760656414,0.0010413119716903465,0.0015955365430264357
Random expectation,6304,EX-129,8.123476848087563e-05,0.0004061298484869802,0.0008121497211163176,0.0016238595983691928,0.0040563513583233846,0.00023790295075617793,0.0003652917903173904
Random expectation,6309,GB-007,8.14155449413434e-05,0.00040703353476712056,0.0008139566036803325,0.0016274714039118399,0.00406536618326081,0.00023843230066862068,0.0003661042492319764
Random expectation,6343,SC-104,0.00010801760686995898,0.0005400005281875897,0.0010797823264170336,0.002158689969286365,0.005390169520861354,0.0003163182694568167,0.00048559547988773395
Random expectation,6363,HV-107,0.00016308336277892632,0.0008151951971078208,0.0016298365329514564,0.00325745882506312,0.008127064318629307,0.0004775093065337187,0.000732738417987492
Random expectation,6431,SD-139,0.00010831302464120451,0.0005414771377540983,0.001082734347617187,0.0021645892218979945,0.005404881767837488,0.0003171831998556799,0.00048692244632138223
Random expectation,6450,GB-107,0.00019002633222031662,0.0009498221803664331,0.0018988709739199416,0.0037946504996733132,0.009463482318360583,0.0005563622947870899,0.0008535615147636926
Random expectation,6544,F-080,8.150402086504194e-05,0.00040747581828914914,0.0008148409305125393,0.0016292390969255832,0.004069778214828346,0.00023869137589343448,0.00036650188353787907
Random expectation,6573,TK-103,0.0004378523343002705,0.0021874649858415474,0.004370443417809899,0.008722974963879304,0.021673782503860983,0.001281185720010939,0.0019618482650881346
Random expectation,6626,GB-033,5.42932377772809e-05,0.00027145144970774915,0.0005428660514693595,0.0010855847111540529,0.002712856339500691,0.00015901274773479028,0.00024420936080926236
Random expectation,6649,P-705,0.00013730228470998362,0.000686360616494408,0.0013723443085275067,0.0027431815402323423,0.006846663187185853,0.00040204740734881266,0.0006170656358220581
Random expectation,6663,R-046,0.0002175331738090147,0.0010872518693750832,0.002173469246093185,0.004342803896163927,0.010826067659193583,0.0006368550762363933,0.0009768462031881965
Random expectation,6760,P-378,0.00021961731682540453,0.0010976646141045432,0.002194274824367737,0.004384335505872028,0.010929302036076116,0.0006429538307444211,0.0009861870268643585
Random expectation,6765,EX-031,5.415651232065777e-05,0.0002707678965669924,0.0005414991305433547,0.0010828516107240782,0.002706029149091793,0.00015861233563901813,0.00024359454225792246
Random expectation,6803,K-226,0.00016329641020063068,0.0008162598548340227,0.001631964400657493,0.0032617087742145,0.008137645888936174,0.0004781329060643597,0.0007336943307751921
Random expectation,6807,F-055,0.00019013988863236797,0.000950389592455636,0.0019000048737360942,0.003796914605620705,0.009469114955760527,0.0005566946363682905,0.0008540707489056444
Random expectation,6832,P-184,0.0003024470717624128,0.0015114039578021377,0.0030207309557155337,0.006033164345376929,0.015020884080209296,0.0008852701573137538,0.0013569992446415776
Random expectation,6835,CR-120,0.00010836877895481489,0.0005417558187185145,0.0010832914830926077,0.002165702587404006,0.005407658398121962,0.00031734643841034485,0.00048717288455775605
Random expectation,6867,HP-084,0.00010832182413955671,0.0005415211209491844,0.0010828222782744978,0.002164764940340791,0.005405319993563973,0.0003172089631987348,0.00048696197208145526
Random expectation,6883,UF-015,0.00010830129420047463,0.000541418504606983,0.0010826171289528563,0.002164354975011329,0.005404297577388584,0.0003171488552408048,0.00048686975528802886
Random expectation,6978,HX-125,0.00021810250817888566,0.0010900963714717271,0.002179152829892228,0.004354149408742902,0.010854269558066676,0.0006385211047369525,0.0009793979105565864
Random expectation,7064,P-568,0.0001647129876191089,0.0008233388703134947,0.001646112757345941,0.0032899668222418077,0.008208001652707853,0.0004822792792533121,0.0007400502203921017
Random expectation,7091,SEP-210,8.125677139758647e-05,0.00040623983923548934,0.000812369643032107,0.0016242992039257054,0.004057448586119783,0.00023796737974753337,0.0003653906775559046
Random expectation,7093,R-110,0.00029923830250266903,0.00149537765728458,0.002988722170560676,0.0059693217152184674,0.01486258310976285,0.0008758841752823971,0.0013426418306914819
Random expectation,7124,P-524,0.0003568193670573372,0.0017829218957490234,0.003562909102347356,0.007114097156271093,0.017697688099264086,0.0010442820914276273,0.0016000759814168415
Random expectation,7202,R-133,0.0001903932981559553,0.0009516558136591913,0.0019025352513705185,0.003801967110216742,0.00948168450526865,0.000557436280598622,0.0008552071389094615
Random expectation,7224,AG-040,0.00013564471935112454,0.000678076408823336,0.0013557849376604203,0.002710098954178952,0.006764227445644533,0.0003971950097558345,0.0006096243530431037
Random expectation,7232,HX-124,0.00046109197428734205,0.0023034596353235237,0.004601924780793021,0.0091839121984012,0.02281105873677669,0.001349110061363903,0.0020654885141827557
Random expectation,7257,HP-138,0.00010834529645986635,0.0005416384444095756,0.0010830568298662024,0.002165233662361543,0.005406488942993448,0.0003172776859126696,0.00048706740548700404
Random expectation,7271,DC-115,0.00018969675618552007,0.0009481753727116349,0.0018955800382727261,0.003788079336127681,0.009447134499962706,0.0005553977352432739,0.0008520835531946304
Random expectation,7299,GB-017,0.0001628885570789107,0.0008142216977194972,0.0016278908563075456,0.003253572755997469,0.008117388691547323,0.0004769391008871199,0.000731864350150103
Random expectation,7353,P-198,0.0004936781766818887,0.0024660900477796455,0.00492643557491701,0.009829943424973786,0.024403903131348104,0.0014443416224139633,0.0022107429366216612
Random expectation,7359,P-613,0.0001646632636258527,0.0008230903868131634,0.0016456161313412876,0.0032889749330914375,0.00820553212884323,0.0004821337357323215,0.0007398271216952718
Random expectation,7362,TK-179,0.00010946308357506762,0.0005472255540848181,0.0010942264855829942,0.0021875547267162787,0.005462154899848581,0.0003205503579122385,0.0004920882590241833
Random expectation,7422,R-243,0.00010879617037484746,0.0005438920797385949,0.0010875622653584438,0.0021742371956708917,0.005428942803462511,0.00031859776215865937,0.0004890926420527259
Random expectation,7432,P-275,0.00021601771345247656,0.0010796803154292656,0.002158340497282474,0.004312603764848877,0.010750996180699968,0.000632420404104416,0.0009700539160040208
Random expectation,7457,P-296,0.0002701023687977644,0.0013498553705239003,0.002698070621059867,0.005389587846965749,0.013424960548618747,0.0007906571875937433,0.0012122663967922098
Random expectation,7480,HP-112,0.0001625311518040906,0.0008124356404499711,0.0016243211633468757,0.0032464430485100726,0.008099636853679648,0.0004758929573085232,0.0007302607117170143
Random expectation,7520,K-075,0.00021604104779904265,0.0010797968989644247,0.0021585734440184856,0.004313068778054707,0.010752152133089665,0.0006324886873176265,0.0009701585018288696
Random expectation,7546,F-106,0.00013576995139430448,0.0006787022971432854,0.001357036034808523,0.0027125984321676455,0.00677045580148028,0.00039756161820395726,0.0006101865623014066
Random expectation,7553,FCC-083,5.41271989175085e-05,0.00027062134542266136,0.0005412060679332864,0.0010822656442187606,0.002704565423189087,0.0001585264888345377,0.0002434627274544094
Random expectation,7573,GB-142,8.146197083658269e-05,0.0004072656138317532,0.0008144206357959538,0.0016283989641918684,0.00406768130637869,0.00023856824499746162,0.0003663128995980915
Random expectation,7590,R-064,0.00016314988035670552,0.0008155276041835746,0.0016305008952909317,0.0032587857439683177,0.008130368102029939,0.0004777040065784917,0.0007330368730505594
Random expectation,7639,GS-110,5.417118093176132e-05,0.00027084123167708807,0.0005416457808998798,0.0010831448319834625,0.0027067616063356503,0.00015865529391714808,0.0002436605031992271
Random expectation,7686,SC-049,8.126777732631041e-05,0.00040629485695387046,0.0008124796486602692,0.0016245190959724987,0.004057997422645232,0.00023799960733150092,0.00036544014125501726
Random expectation,7709,P-211,0.0007623403849819077,0.003806101667891193,0.007598232397959204,0.01514077843687689,0.03743821615821108,0.0022289141370447543,0.003404649617178694
Random expectation,7721,M-135,0.000273755098688766,0.0013681011460037196,0.002734517530815994,0.005462303392874568,0.013605418168950112,0.0008013432836138515,0.001228619754022138
Random expectation,7726,EV-131,0.00016220161660940313,0.0008107888561253995,0.0016210298227335995,0.0032398692721932187,0.008083269055189635,0.0004749283895514581,0.0007287821147401615
Random expectation,7753,GT-081,0.00010829836198722465,0.000541403848304145,0.0010825878282522128,0.002164296421211076,0.005404151549507796,0.0003171402702491911,0.0004868565843114614
Random expectation,7798,M-117,0.0004651799151730307,0.002323863722070163,0.004642644073730273,0.00926499635041711,0.023011132506014165,0.0013610583433029493,0.0020837200691307405
Random expectation,7812,M-033,0.0005132499527269463,0.002563755231974718,0.005121282721535558,0.010217711600911783,0.025359012196396358,0.001501529883523648,0.002297926087315915
Random expectation,7862,HX-092,0.00013561528655514632,0.0006779293087098015,0.0013554908970407897,0.00270951151097909,0.006762763615155265,0.00039710884718436316,0.0006094922190408838
Random expectation,7885,CV-123,0.00029892116633600807,0.001493793700415802,0.0029855585619903424,0.005963011687159847,0.01484693632805767,0.0008749565120101634,0.0013412227812284172
Random expectation,7930,HP-108,8.124136810461202e-05,0.0004061628394573802,0.0008122156851875229,0.0016239914550489898,0.00405668046434704,0.00023792227579005415,0.0003653214508684113
Random expectation,7942,P-695,0.00019233939660379118,0.0009613799226416697,0.00192196752100815,0.0038407679215708423,0.00957820987988034,0.0005631318286441657,0.0008639340592676941
Random expectation,7952,HX-059,5.45256270446659e-05,0.00027261326959815424,0.0005451893751332593,0.0010902300940133225,0.0027244603131360012,0.00015969331911082802,0.0002452543524988853
Random expectation,7981,M-047,0.0005199069640169363,0.002596975173422722,0.00518756015528099,0.010349618921290049,0.025683968591181383,0.0015209820529392866,0.002327583410206709
Random expectation,8038,TRB-140,8.12457684495893e-05,0.000406184836415302,0.0008122596671881199,0.0016240793713994117,0.004056899898032595,0.00023793516089027367,0.00036534122724517405
Random expectation,8057,CT-115,0.00016261043959020505,0.0008128318645753696,0.0016251130748469178,0.0032480247262519635,0.008103574993455154,0.00047612503685682205,0.0007306164681865819
Random expectation,8098,TK-111,0.00024633912686466974,0.0012311563187700214,0.002460965123514125,0.004916545352612545,0.01225107971658268,0.0007211382169061982,0.0011058817659649798
Random expectation,8107,K-146,0.00038063130420595837,0.001901811607291748,0.003800264219920413,0.0075871143612686875,0.018867616844513657,0.0011139063803095796,0.0017064417448867995
Random expectation,8226,GB-104,0.000135692574902313,0.0006783155827079224,0.0013562630258459052,0.002711054092849219,0.006766607522234125,0.00039733510370887695,0.0006098391930320157
Random expectation,8303,GB-139,0.0001900366499253403,0.0009498737352852116,0.0018989739997931077,0.003794856215903475,0.009463994099389583,0.0005563924912601224,0.0008536077836820497
Random expectation,8310,M-110,0.000273755098688766,0.0013681011460037196,0.002734517530815994,0.005462303392874568,0.013605418168950112,0.0008013432836138515,0.001228619754022138
Random expectation,8360,DOS-140,0.00021602937999565253,0.0010797386040498624,0.0021584569643654516,0.004312836258917319,0.010751574125825059,0.0006324545438679652,0.0009701062060976311
Random expectation,8423,AG-013,0.00024301992763409164,0.0012145747571306043,0.0024278380556207457,0.004850435232593875,0.01208688042936279,0.0007114265909782732,0.0010910134708221973
Random expectation,8455,P-591,0.0001646632636258527,0.0008230903868131634,0.0016456161313412876,0.0032889749330914375,0.00820553212884323,0.0004821337357323215,0.0007398271216952718
Random expectation,8612,UF-084,0.00010833649314767602,0.0005415944421549579,0.0010829688611125876,0.0021650578678189536,0.0054060505277130355,0.0003172519114057015,0.00048702786261012527
Random expectation,8621,P-217,0.00071418761159181,0.003566036694742092,0.0071198441946617175,0.014190932547796131,0.035114858536260396,0.0020883697705111823,0.0031911425427780036
Random expectation,8643,VP-031,0.00010836584308626662,0.0005417411441480668,0.0010832621458789493,0.002165643960666541,0.0054075121885642785,0.0003173378427186754,0.0004871596971755821
Random expectation,8709,DC-085,5.419760446589983e-05,0.00027097333502967835,0.0005419099518103598,0.0010836730306243991,0.0027080810290863733,0.00015873267748548408,0.0002437793229569809
Random expectation,8748,DOS-103,0.00018994383089576683,0.000949409942397117,0.0018980471692056078,0.00379300557240958,0.009459390061882789,0.0005561208409466357,0.0008531915439115742
Random expectation,8796,TK-158,0.00010946308357506762,0.0005472255540848181,0.0010942264855829942,0.0021875547267162787,0.005462154899848581,0.0003205503579122385,0.0004920882590241833
Random expectation,8811,P-199,0.00027460456942007827,0.0013723443085276177,0.002742993388372361,0.005479213306867736,0.013647380818519239,0.0008038283940077084,0.0012324226990164929
Random expectation,8817,P-326,0.0004120313143799459,0.002058572575977635,0.00411318940266614,0.00821058403404673,0.02040856172881389,0.001205707063471445,0.0018466355812566193
Random expectation,8863,P-730,0.00013738528328843813,0.0006867754270123427,0.0013731734737962853,0.002744838048828857,0.006850790816637975,0.00040229037861150936,0.0006174382348261355
Random expectation,8908,P-729,0.0001646723021188068,0.0008231355544749963,0.0016457064046885295,0.0032891552320850614,0.008205981022647912,0.00048216019165639803,0.0007398676750890804
Random expectation,8932,GB-091,5.430798055772179e-05,0.00027152515560457946,0.0005430134432485856,0.001085879414655433,0.002713592497822437,0.0001590559232099856,0.0002442756551792473
Random expectation,8979,AG-137,0.00019005728869703198,0.0009499768619143367,0.0018991800850814977,0.0037952677152839343,0.009465017827524957,0.0005564528940407063,0.000853700336568963
Random expectation,9144,BM-124,0.00013544629554385068,0.0006770847200792129,0.0013538026355092159,0.002706138648601031,0.006754358869701771,0.00039661413694071354,0.0006087335587186437
Random expectation,9154,P-436,0.0003570938057959605,0.0017842922816443396,0.0035656453607842975,0.007119551660595191,0.01771119007988775,0.0010450846361654022,0.001601302554588986
Random expectation,9244,TK-039,0.00027365770893761354,0.0013676146769219244,0.002733545790655434,0.005460364696699527,0.01360060715273792,0.0008010583711718967,0.001228183751892222
Random expectation,9288,K-139,0.0003809523809523707,0.0019034147214364028,0.003803464782572208,0.007593492879449548,0.018883394690154542,0.0011148452000028738,0.0017078760660127863
Random expectation,9355,SD-144,8.123476848087563e-05,0.0004061298484869802,0.0008121497211163176,0.0016238595983691928,0.0040563513583233846,0.00023790295075617793,0.0003652917903173904
Random expectation,9384,BM-041,0.00010833649314767602,0.0005415944421549579,0.0010829688611125876,0.0021650578678189536,0.0054060505277130355,0.0003172519114057015,0.00048702786261012527
Random expectation,9389,M-003,0.000109502039475462,0.0005474202696147401,0.0010946157567512937,0.002188332629750489,0.00546409486791799,0.00032066441327728595,0.000492263238814362
Random expectation,9398,TK-034,0.0003011718322198931,0.0015050347555918275,0.0030080100206232308,0.006007792223164277,0.014957974306178512,0.0008815399655544134,0.0013512933754384082
Random expectation,9448,SC-007,8.129640669884974e-05,0.00040643797278916427,0.0008127658027717866,0.0016250910940218688,0.004059425092732161,0.00023808343991626172,0.0003655688095693687
Random expectation,9572,DOS-118,0.00021704921590970372,0.0010848339197998547,0.0021686379433736303,0.004333159653981733,0.010802094329755652,0.000635438879551515,0.0009746771255982997
Random expectation,9615,R-245,0.00013595823363066195,0.0006796432990654466,0.001358917015879424,0.002716356305718759,0.006779819870911696,0.0003981128015500191,0.0006110318231894556
Random expectation,9682,M-054,0.0004926512849987574,0.0024609651493068263,0.004916209630712709,0.00980958663424114,0.024353718159802806,0.0014413406438891962,0.002206165912558474
Random expectation,9696,SC-227,8.126777732631041e-05,0.00040629485695387046,0.0008124796486602692,0.0016245190959724987,0.004057997422645232,0.00023799960733150092,0.00036544014125501726
Random expectation,9700,FCC-047,8.11886011203855e-05,0.00040589906167576295,0.0008116882724561458,0.001622937200796648,0.0040540491104723575,0.00023776776337001987,0.0003650843012399406
Random expectation,9702,HX-107,0.00032402657017871483,0.0016191706469406153,0.003235937732069205,0.006462274189039885,0.01608393464404856,0.0009483833771164309,0.0014534974861609208
Random expectation,9711,VP-115,5.4150647100237315e-05,0.0002707385736412382,0.0005414404926329386,0.0010827343666672817,0.002705736277176407,0.00015859515884075233,0.00024356816787977787
Random expectation,9714,HX-083,0.00013636239670544725,0.0006816632340159723,0.0013629546855309371,0.00272442284941532,0.006799920370870294,0.0003992959599055461,0.0006128462354789403
Random expectation,9762,SC-143,8.126997886981346e-05,0.0004063058622857385,0.0008125016533611085,0.0016245630815261425,0.004058107207767558,0.00023800605389581145,0.00036545003560192415
Random expectation,9768,GS-074,0.00018902060324577086,0.0009447968025497744,0.0018888283809520567,0.003774597931253898,0.009413594866862884,0.0005534188561398587,0.0008490513644083317
Random expectation,9806,FM-006,0.00016254876462939993,0.0008125236568691241,0.0016244970769748734,0.003246794399312969,0.008100511665030563,0.00047594451098715635,0.0007303397387665048
Random expectation,9892,P-436,0.0003293717234374993,0.0016458644102890219,0.003289245349388903,0.006568570438409527,0.01634729587482653,0.0009640165428590696,0.00147740149165248
Random expectation,9896,UF-029,0.00013501107090785336,0.0006749095385006898,0.0013494546254955164,0.002697452035420267,0.006732712773631633,0.0003953400435119755,0.0006067796721010125
Random expectation,9909,P-301,0.00038426701067717506,0.001919964328218171,0.0038365052283492185,0.007659339277547472,0.01904626348627836,0.0011245370084040167,0.0017226827500425995
Random expectation,9920,P-243,0.0006869264164423017,0.0034301048880455154,0.006848913230953824,0.013652782806703345,0.033796960805525744,0.002008786862466854,0.003070172189511559
Random expectation,9921,P-313,0.0005763214226905955,0.0028784453769377105,0.0057489987692141975,0.011466511784214317,0.02843177088833493,0.0016857928542159408,0.002578687812419715
Random expectation,9928,GB-141,0.00021717295110890156,0.0010854521257667171,0.0021698731810951832,0.004335625438310675,0.010808223721675558,0.000635800963758718,0.0009752317029732963
Random expectation,9947,P-481,0.00013501107090785336,0.0006749095385006898,0.0013494546254955164,0.002697452035420267,0.006732712773631633,0.0003953400435119755,0.0006067796721010125
Random expectation,10079,P-569,0.0001098418277679647,0.000549118652121594,0.0010980111247212987,0.0021951177798127386,0.005481015894940433,0.0003216592471983273,0.0004937894752186627
Random expectation,10118,HV-108,0.00019039847681223687,0.0009516816900404512,0.0019025869619091473,0.0038020703625698538,0.00948194137415681,0.0005574514367712961,0.000855230362030594
Random expectation,10130,K-178,8.169267216728837e-05,0.00040841886955200746,0.0008167265199801044,0.0016330082240459953,0.0040791856523949566,0.00023924378444403836,0.00036734973102412594
Random expectation,10191,F-014,0.0001629239416732764,0.0008143985246301666,0.0016282442700933375,0.0032542786242095723,0.00811914618250098,0.0004770426733286463,0.0007320231164354963
Random expectation,10199,K-203,0.0002700367249945934,0.001349527470528411,0.002697415617844978,0.0053882810224791244,0.013421717249024523,0.0007904651444722406,0.001211972498033105
Random expectation,10204,HV-034,0.00016307006577154226,0.0008151287482071057,0.00162970372544613,0.0032571935709430067,0.008126403884120559,0.00047747038556836377,0.000732678756136249
Random expectation,10213,CV-128,0.00019022256039569196,0.0009508026817856008,0.0019008303790912784,0.003798562925855231,0.009473215632557874,0.0005569365888295618,0.0008544414828185406
Random expectation,10223,VP-039,5.4150647100237315e-05,0.0002707385736412382,0.0005414404926329386,0.0010827343666672817,0.002705736277176407,0.00015859515884075233,0.00024356816787977787
Random expectation,10252,P-408,0.00027477056657687626,0.0013731734737963963,0.0027446496696487133,0.005482517685878929,0.013655580658774813,0.0008043140144471924,0.0012331658349683408
Random expectation,10263,DRY-030,5.417851821754027e-05,0.0002708779141308293,0.000541719135869867,0.0010832915021721234,0.0027071279836722306,0.0001586767817834516,0.00024369349706745335
Random expectation,10269,SC-014,5.417998591317197e-05,0.00027088525181395706,0.0005417338092480461,0.0010833208409761763,0.002707201271041626,0.000158681080055194,0.00024370009691336905
Random expectation,10344,M-073,0.0004651799151730307,0.002323863722070163,0.004642644073730273,0.00926499635041711,0.023011132506014165,0.0013610583433029493,0.0020837200691307405
Random expectation,10380,TK-108,0.0003833096046435003,0.0019151841188727037,0.0038269618364826785,0.007640320433224823,0.01899922257843678,0.001121737616738891,0.0017184060441734813
Random expectation,10421,CF-023,8.127438231464446e-05,0.000406327874738599,0.0008125456663390374,0.0016246510597802688,0.004058326795835399,0.0002380189480721764,0.0003654698259031703
Random expectation,10444,K-288,0.00013593975150216764,0.0006795509286218193,0.001358732375452365,0.0027159874264580663,0.006778900679802469,0.00039805869640294515,0.0006109488509494348
Random expectation,10454,EX-065,0.00010831302464120451,0.0005414771377540983,0.001082734347617187,0.0021645892218979945,0.005404881767837488,0.0003171831998556799,0.00048692244632138223
Random expectation,10473,P-328,0.0005489679402722603,0.002741978061980288,0.005476812622861038,0.010925121733917686,0.027100430470169856,0.0016058873761636784,0.0024569721827045303
Random expectation,10493,HX-208,0.00013630291960853302,0.0006813659782595183,0.0013623604982188064,0.00272323577079836,0.0067969623784897015,0.0003991218450946119,0.0006125792252505279
Random expectation,10526,P-169,0.0005489528723958692,0.0027419028796499267,0.005476662649957609,0.010924823349340862,0.027099696102800164,0.001605843353786652,0.002456905097800621
Random expectation,10575,P-370,0.00024714411247805934,0.0012351777166246247,0.0024689991013127077,0.004932578087315731,0.012290898409105466,0.0007234934988375105,0.0011094875516697755
Random expectation,10590,HX-107,0.000299997272752095,0.0014991683753193819,0.0029962932849956214,0.005984422733414374,0.014900028087543538,0.000878104253710965,0.001346037866277358
Random expectation,10608,TK-106,0.000432105433725849,0.0021587773290072665,0.004313185018754884,0.008608924490671077,0.021392127227583213,0.0012643863333105553,0.0019362035443578431
Random expectation,10627,P-365,0.0003016922190833826,0.0015076338388241295,0.003013201067282756,0.006018145889911675,0.014983646323258437,0.0008830621470272307,0.0013536217849734135
Random expectation,10630,HV-049,5.4356688590551094e-05,0.0002717686693031185,0.0005435004044825886,0.0010868530724703618,0.002716024657463345,0.00015919856877804478,0.0002444946822012155
Random expectation,10632,P-262,0.00019228128004400435,0.0009610895314063894,0.0019213872171517377,0.003839609226343188,0.009575327446073922,0.0005629617425078322,0.000863673450507577
Random expectation,10647,R-069,0.00016203078584930974,0.0008099351638424235,0.001619323591401045,0.0032364614187224694,0.008074783915783312,0.00047442835795637547,0.0007280156081168411
Random expectation,10704,CR-123,0.00016255316843216683,0.0008125456639539452,0.0016245410613358047,0.0032468822488975757,0.008100730397396005,0.0004759574011521215,0.0007303594982014856
Random expectation,10755,BM-143,8.127658421608341e-05,0.0004063388818594804,0.000812567674616127,0.0016246950524806403,0.004058436598780912,0.00023802539568428763,0.0003654797218575967
Random expectation,10780,P-234,0.0007961127734922302,0.003974448828682919,0.007933644020727604,0.01580649913067078,0.03906480765705023,0.002327468861266687,0.003554285573315171
Random expectation,10789,P-204,0.000756061997083779,0.0037748015614698094,0.007535861040288583,0.015016946313000656,0.03713536967666675,0.0022105897925889864,0.003376814690471703
Random expectation,10825,HV-102,0.00013599891200866132,0.0006798466024607874,0.001359323401514012,0.002717168192904351,0.006781842969065588,0.0003982318846619927,0.0006112144414704674
Random expectation,10828,M-014,0.0005746340128608418,0.002870026810616322,0.005732207735461348,0.011433113393333194,0.028349638213066575,0.0016808635416039194,0.002571179159625155
Random expectation,10932,SC-014,8.100664254473422e-05,0.00040498946554923254,0.0008098695720234472,0.0016193017668142407,0.004044975269158146,0.00023723495159558405,0.00036426652706633684
Random expectation,10939,GT-104,0.0001083042265724865,0.0005414331617032975,0.0010826464312392314,0.002164413531979492,0.0054044436131608364,0.00031715744069722284,0.00048688292697724676
Random expectation,10966,P-362,0.0001361322116039121,0.0006805128102607139,0.0013606550919403881,0.0027198286748385536,0.0067884724675078,0.0003986221097899073,0.0006118128652486522
Random expectation,10970,CF-100,8.127438231464446e-05,0.000406327874738599,0.0008125456663390374,0.0016246510597802688,0.004058326795835399,0.0002380189480721764,0.0003654698259031703
Random expectation,10981,GB-068,0.00013573309444303572,0.0006785180924346879,0.0013566678254368636,0.0027118628131189704,0.006768622741798902,0.0003974537219575397,0.0006100210990230818
Random expectation,11002,VP-054,8.122597065030046e-05,0.00040608586886303755,0.000812061785686824,0.001623683822766231,0.0040559126333478135,0.00023787718892719894,0.00036525225040723487
Random expectation,11009,TK-204,0.0001642755448472144,0.0008211528555868153,0.0016417437242445265,0.0032812407315895298,0.00818627604581057,0.00048099887100717774,0.0007380875214098067
Random expectation,11068,SC-103,8.129200086715027e-05,0.00040641594840640227,0.0008127217659436026,0.001625003068105757,0.0040592053857987365,0.00023807053875171932,0.0003655490085469719
Random expectation,11101,CV-272,8.155719878211176e-05,0.00040774165006607355,0.0008153724495630899,0.0016303015571310642,0.0040724300334857855,0.00023884709144977113,0.0003667408789963673
Random expectation,11149,P-602,0.00024729350991925525,0.0012359240473908129,0.002470490123166025,0.0049355535817600105,0.012298288214380837,0.000723930615187659,0.001110156744434814
Random expectation,11165,RLP-059,0.00010800885672623828,0.000539956791645757,0.001079694888765692,0.002158515235655689,0.0053897337481769725,0.0003162926505870089,0.0004855561756384803
Random expectation,11173,K-016,0.00021765746156987564,0.001087872834998338,0.002174709995255375,0.004345280671938068,0.010832224294981874,0.000637218776651243,0.0009774032523639138
Random expectation,11200,AG-090,0.0001356962574972087,0.0006783339876880179,0.0013562998158264117,0.0027111275929414536,0.006766790674424983,0.0003973458842602401,0.0006098557254572245
Random expectation,11221,TK-113,0.00041056521144111624,0.00205125331183309,0.004098578955656573,0.008181475165143448,0.02033662377441836,0.001201420844780673,0.0018400901616480515
Random expectation,11278,P-682,8.2345191040889e-05,0.0004116807503344866,0.0008232484978009103,0.0016460450461756038,0.004111724235645653,0.00024115448695574237,0.0003702823020795629
Random expectation,11282,M-039,0.000547390316665286,0.002734106364049693,0.005461110186191553,0.010893880092009534,0.02702353857870321,0.0016012781672614352,0.0024499482131841036
Random expectation,11372,P-204,0.0006856641342805059,0.003423810095100288,0.006836365071801187,0.013627851412207237,0.033735853726211795,0.00200510141549068,0.003064567721366963
Random expectation,11373,UF-092,8.122597065030046e-05,0.00040608586886303755,0.000812061785686824,0.001623683822766231,0.0040559126333478135,0.00023787718892719894,0.00036525225040723487
Random expectation,11385,CF-013,0.00010834529645986635,0.0005416384444095756,0.0010830568298662024,0.002165233662361543,0.005406488942993448,0.0003172776859126696,0.00048706740548700404
Random expectation,11400,P-228,0.0007698652735771416,0.003843615045872939,0.0076729823792843765,0.015289177194363734,0.03780107067837524,0.00225087586138416,0.0034380064052740677
Random expectation,11403,CV-050,0.0001359138849624797,0.0006794216521742724,0.0013584739631323783,0.0027154711637750184,0.006777614230897289,0.0003979829738987879,0.0006108327276627599
Random expectation,11458,CV-241,0.00010873701951830128,0.0005435964219567824,0.0010869711909871071,0.002173056011304908,0.005425997067503241,0.0003184245794070694,0.0004888269488784408
Random expectation,11467,CF-102,5.4172648229933174e-05,0.00027084856737302765,0.0005416604503044598,0.0010831741628436475,0.002706834873869246,0.00015865959102481743,0.0002436671012581222
Random expectation,11474,GB-112,0.00016283108988279782,0.0008139345177047286,0.0016273168860020393,0.003252426373014705,0.008114534390944006,0.00047677089155684447,0.0007316065017685647
Random expectation,11580,K-132,0.0002720718269623168,0.0013596930539773178,0.0027177219929781504,0.005428794766889511,0.013522262281041031,0.0007964188772454526,0.0012210838417668324
Random expectation,11584,BM-115,0.00016253555465262082,0.0008124576427671615,0.0016243651381822044,0.003246530879081999,0.008099855538803324,0.00047590584468111075,0.000730280466875995
Random expectation,11622,M-146,0.000492543439595039,0.0024604269251303768,0.0049151356845292815,0.009807448717724654,0.02434844753488763,0.0014410254766881723,0.0022056852227942372
Random expectation,11673,SC-006,5.419466724476685e-05,0.00027095865051607326,0.0005418805867627441,0.0010836143164481005,0.0027079343630400654,0.00015872407558366694,0.0002437661150393359
Random expectation,11701,HX-127,0.0003816793893129944,0.0019070446171846056,0.00381071172784464,0.00760793551095118,0.018919119331825107,0.0011169709477273652,0.0017111237419968673
Random expectation,11713,BM-063,8.125236986078477e-05,0.00040621783631999975,0.0008123256491210373,0.0016242112637744333,0.004057229093076153,0.000237954491157623,0.000365370895825311
Random expectation,11820,FCC-040,0.00013537295248411407,0.0006767181636694319,0.0013530699197663587,0.0027046748044544655,0.006750711145036892,0.000396399429781717,0.0006084042951802475
Random expectation,11917,BLR-043,0.00010846869322345132,0.0005422552275796688,0.0010842898947086566,0.0021676977868722025,0.005412634231769409,0.00031763896925074913,0.0004876216807510551
Random expectation,11959,P-501,0.00024721878862798974,0.0012355507693030399,0.002469744387201711,0.004934065385944986,0.012294592201325671,0.0007237119910088863,0.0011098220471759724
Random expectation,11974,M-057,0.0006567245861266446,0.0032794921363514806,0.00654867592291708,0.013056242347491476,0.03233474669097369,0.0019206066433659747,0.002936072243222572
Random expectation,11997,P-224,0.0006588519504763246,0.0032901021602715907,0.006569829157798357,0.013098282771741965,0.032437876329436066,0.0019268186974197524,0.0029455230142290895
Random expectation,12047,F-011,0.00010861596111544358,0.0005429913272777531,0.0010857614948457384,0.002170638591085239,0.005419968291352606,0.0003180701427111205,0.0004882831793175946
Random expectation,12076,FM-056,8.127218053255447e-05,0.0004063168682141294,0.0008125236592541052,0.0016246070694621029,0.00405821699883091,0.0002380125008093605,0.00036545993048462717
Random expectation,12080,HP-056,0.00013544262650344585,0.0006770663828278289,0.0013537659808754432,0.0027060654187617272,0.0067541763898471,0.00039660339605891384,0.0006087170870777012
Random expectation,12214,P-271,0.0003293446042376136,0.0016457289779804318,0.0032889748934948893,0.0065680311581512996,0.016345959843638957,0.0009639372272736551,0.001477280218108986
Random expectation,12238,BLR-103,0.0002169373864467916,0.0010842751970584485,0.0021675215585457153,0.004330931121768633,0.010796554676712256,0.0006351116347351293,0.0009741759083266768
Random expectation,12262,P-287,0.00027495188342041565,0.0013740791612073533,0.0027464588046720584,0.005486127011499864,0.013664537184148284,0.0008048444518380888,0.001233977551524244
Random expectation,12303,BLR-046,8.135593220337523e-05,0.0004067355357657565,0.0008133607673784793,0.0016262803779810708,0.004062393465847469,0.0002382577425906545,0.0003658363334828432
Random expectation,12316,SC-038,8.129200086715027e-05,0.00040641594840640227,0.0008127217659436026,0.001625003068105757,0.0040592053857987365,0.00023807053875171932,0.0003655490085469719
Random expectation,12330,P-596,8.2345191040889e-05,0.0004116807503344866,0.0008232484978009103,0.0016460450461756038,0.004111724235645653,0.00024115448695574237,0.0003702823020795629
Random expectation,12340,BLR-046,0.00010839814639174161,0.0005419026081610046,0.001083584942650928,0.00216628902940863,0.0054091209286739605,0.0003174324209453288,0.00048730479765809787
Random expectation,12437,K-064,0.00016326530612242873,0.0008161044190779787,0.001631653740628236,0.003261088299397863,0.00813610102740947,0.0004780418630408133,0.0007335547715152196
Random expectation,12449,M-037,0.0004651799151730307,0.002323863722070163,0.004642644073730273,0.00926499635041711,0.023011132506014165,0.0013610583433029493,0.0020837200691307405
Random expectation,12468,P-536,0.00021601771345247656,0.0010796803154292656,0.002158340497282474,0.004312603764848877,0.010750996180699968,0.000632420404104416,0.0009700539160040208
Random expectation,12503,EV-136,0.00013544262650344585,0.0006770663828278289,0.0013537659808754432,0.0027060654187617272,0.0067541763898471,0.00039660339605891384,0.0006087170870777012
Random expectation,12519,P-351,0.0002744764361979346,0.0013717042754343156,0.0027417149031648824,0.00547666264995772,0.01364105131988358,0.0008034535433021196,0.0012318490707696867
Random expectation,12533,GT-073,5.400442836311914e-05,0.0002700075590305051,0.0005399786610978952,0.0010798114943439963,0.002698435026971313,0.00015816694471560168,0.00024291065955339
Random expectation,12567,P-245,0.000548907673729282,0.002741677357394501,0.005476212780524126,0.010923928293393947,0.02709749323945554,0.0016057113011358638,0.0024567038650673456
Random expectation,12738,M-074,0.00046528176916549313,0.0023243721005800078,0.004643658606234502,0.009267016544725504,0.02301611700564865,0.0013613560405232317,0.002084174303458443
Random expectation,12757,VP-092,8.127438231464446e-05,0.000406327874738599,0.0008125456663390374,0.0016246510597802688,0.004058326795835399,0.0002380189480721764,0.0003654698259031703
Random expectation,12850,P-677,0.00010990822663081712,0.0005494505370065017,0.0010986746209856735,0.0021964436787710317,0.005484322449573087,0.0003218536499892624,0.0004940877198952495
Random expectation,12890,SC-019,8.126777732631041e-05,0.00040629485695387046,0.0008124796486602692,0.0016245190959724987,0.004057997422645232,0.00023799960733150092,0.00036544014125501726
Random expectation,12907,P-309,0.000603947621269918,0.003016258191448351,0.006023830915294681,0.012013015188280352,0.029774581579166126,0.0017664843466409959,0.0027015495810976315
Random expectation,13027,BM-004,8.128098837678621e-05,0.00040636089789025664,0.0008126116947468898,0.001624783045028999,0.004058656222497681,0.00023803829195650952,0.00036549951537427324
Random expectation,13073,UF-093,0.00010830129420047463,0.000541418504606983,0.0010826171289528563,0.002164354975011329,0.005404297577388584,0.0003171488552408048,0.00048686975528802886
Random expectation,13091,TK-038,0.0003557550216189975,0.0017776071665285276,0.00355229711510896,0.007092942908713873,0.017645322287401233,0.0010411696030710835,0.0015953189496319725
Random expectation,13158,TK-225,0.00010800885672623828,0.000539956791645757,0.001079694888765692,0.002158515235655689,0.0053897337481769725,0.0003162926505870089,0.0004855561756384803
Random expectation,13168,TK-110,0.00032838925072520286,0.0016409579683307474,0.003279447251230194,0.006549033263635429,0.01629889317869515,0.0009611430966250079,0.0014730079624091551
Random expectation,13229,K-108,0.0002448979591836986,0.0012239567717530209,0.00244658174443102,0.0048878413642180485,0.01217978872268588,0.0007169215296737436,0.001099426189138529
Random expectation,13233,P-206,0.0006038481596355449,0.003015762029068725,0.006022841447945071,0.012011047636239391,0.02976974713667102,0.001766193836076675,0.0027011072473651495
Random expectation,13319,GT-023,5.415211328618774e-05,0.0002707459037772919,0.0005414551509198562,0.0010827636753009129,0.002705809489211952,0.0001585994526915316,0.0002435747609388751
Random expectation,13337,CF-057,0.00010836290737681331,0.0005417264703723168,0.00108323281025402,0.002165585337102649,0.005407365986911827,0.00031732924749264154,0.00048714651050733285
Random expectation,13346,P-218,0.0004665459136066197,0.002330681742438334,0.004656250240297366,0.009292089554838623,0.02307797936881817,0.0013650508502182231,0.0020898118869124185
Random expectation,13409,P-290,0.0002470084531781547,0.0012345000158571207,0.0024676451878196115,0.004929876203921046,0.012284188106470362,0.0007230965781552299,0.0011088798943145878
Random expectation,13481,GT-064,0.0001083042265724865,0.0005414331617032975,0.0010826464312392314,0.002164413531979492,0.0054044436131608364,0.00031715744069722284,0.00048688292697724676
Random expectation,13541,K-031,0.0002720718269623168,0.0013596930539773178,0.0027177219929781504,0.005428794766889511,0.013522262281041031,0.0007964188772454526,0.0012210838417668324
Random expectation,13562,K-096,0.0002449446153008905,0.0012241898492407755,0.0024470473920956692,0.0048887706332042535,0.012182096755392946,0.0007170580403969411,0.001099635183496856
Random expectation,13581,VP-014,0.00010833942742616287,0.0005416091087787622,0.0010829981824425072,0.0021651164628280206,0.00540619665823916,0.0003172605024427162,0.00048704104285566234
Random expectation,13585,P-415,0.00035678998792398886,0.0017827751935280967,0.003562616180862288,0.007113513240757374,0.017696242679346552,0.0010441961775915654,0.0015999446743037782
Random expectation,13607,DC-022,5.419173034193481e-05,0.0002709439675936398,0.0005418512248971386,0.0010835556086338238,0.0027077877128796057,0.00015871547461409266,0.00024375290855281812
Random expectation,13643,P-397,0.00024306587085098919,0.0012148042747538446,0.0024282965951356594,0.004851350331506521,0.012089153381837914,0.0007115610169164348,0.00109121927870202
Random expectation,13651,P-719,8.233163181292635e-05,0.0004116129690807657,0.0008231129725040365,0.0016457741443922647,0.004111048096651526,0.00024111478293305406,0.0003702213640292421
Random expectation,13657,CT-022,0.00010838346068386961,0.0005418292034978789,0.0010834381930001635,0.0021659957687116815,0.005408389564523941,0.00031738942385455205,0.0004872388321795215
Random expectation,13752,HX-059,8.129860979377845e-05,0.00040644898587594014,0.0008127878229756691,0.0016251351105567302,0.004059534955118016,0.0002380898910228877,0.0003655787108850235
Random expectation,13836,CF-145,0.0001897276053666186,0.0009483295183055906,0.0018958880788343402,0.0037886944157643487,0.009448664708247567,0.0005554880206017547,0.0008522218946307841
Random expectation,13839,CV-230,8.156385090130058e-05,0.00040777490342802647,0.0008154389382041272,0.0016304344620969857,0.004072761753822096,0.0002388665701807927,0.00036677077534668056
Random expectation,13880,HP-047,5.4177050601400545e-05,0.0002708705768452724,0.0005417044632863854,0.0010832621649565777,0.0027070547002706613,0.00015867248374456166,0.0002436868975789999
Random expectation,13883,TK-144,0.0004590376410865682,0.002293205749825389,0.004581461379908225,0.009143162337353794,0.022710500406304512,0.0013431055482442257,0.002056325988239071
Random expectation,13906,GB-006,2.7138514980484807e-05,0.000135692574902202,0.000271385149804515,0.000542770299608919,0.001356925749022464,7.948784883761002e-05,0.00012210175147441994
Random expectation,13931,HX-061,0.00019082408745196844,0.0009538083527318442,0.0019068368131528457,0.0038105561826891066,0.00950305208998814,0.000558697053828818,0.0008571389595626406
Random expectation,13941,P-223,0.0007418805297576547,0.0037041061227079952,0.007394998192909785,0.014737321358658573,0.0364518375907138,0.0021692023675893486,0.0033139616847383613
Random expectation,13956,F-243,8.153724893322778e-05,0.0004076419225133021,0.0008151730486792852,0.001629902972206887,0.004071435196613904,0.0002387886743131106,0.00036665121918133824
Random expectation,14052,FM-107,0.00018964022540091108,0.0009478929025665828,0.001895015557146884,0.0037869522086670937,0.009444330404984824,0.0005552322882886344,0.000851830043845321
Random expectation,14122,P-366,0.0003565453498258764,0.0017815536132267384,0.00356017704026812,0.007108651003235877,0.017684206688660997,0.0010434807783293333,0.0015988512858814865
Random expectation,14132,M-134,0.0003830893419072279,0.0019140843719965828,0.0038247662539575566,0.007635944874575196,0.018988399963155156,0.0011210935814250172,0.0017174221258885348
Random expectation,14140,DC-044,0.00010800885672623828,0.000539956791645757,0.001079694888765692,0.002158515235655689,0.0053897337481769725,0.0003162926505870089,0.0004855561756384803
Random expectation,14188,CT-103,0.00013545730385777777,0.0006771397377937083,0.0013539126113210065,0.002706358361901362,0.006754906368432012,0.00039664636307703313,0.0006087829789904966
Random expectation,14229,R-138,0.00013603961473585002,0.0006800500275218058,0.0013597300302813364,0.0027179805655616063,0.006783867274961053,0.0003983510390353276,0.0006113971689418718
Random expectation,14243,P-219,0.0008240626287597808,0.004113753578468438,0.008211146043100026,0.016357098741273668,0.04040877729051473,0.0024090192017401073,0.003678041542155269
Random expectation,14298,P-313,0.0005773989551828285,0.0028838212084524306,0.005759720924288891,0.011487838523840277,0.028484215116228118,0.0016889405547136154,0.002583482500435671
Random expectation,14339,M-062,0.00043781639075113343,0.002187285563013286,0.004370085308176175,0.008722261680254029,0.021672021144005793,0.0012810806508920208,0.0019616878807811097
Random expectation,14428,VP-125,0.00010830129420047463,0.000541418504606983,0.0010826171289528563,0.002164354975011329,0.005404297577388584,0.0003171488552408048,0.00048686975528802886
Random expectation,14483,P-476,8.2345191040889e-05,0.0004116807503344866,0.0008232484978009103,0.0016460450461756038,0.004111724235645653,0.00024115448695574237,0.0003702823020795629
Random expectation,14520,HX-050,0.00016363933889707027,0.0008179735641338226,0.0016353894849459039,0.003268549613178795,0.008154678166686025,0.00047913667289394197,0.0007352329947480384
Random expectation,14639,TRB-097,8.123256884462471e-05,0.00040611885268804215,0.0008121277354735668,0.0016238156509006396,0.004056241668182081,0.0002378965097758267,0.0003652819045373092
Random expectation,14660,SC-139,8.129640669884974e-05,0.00040643797278916427,0.0008127658027717866,0.0016250910940218688,0.004059425092732161,0.00023808343991626172,0.0003655688095693687
Random expectation,14683,BM-115,0.00016250473972156954,0.0008123036515692572,0.0016240573643281353,0.0032459161648620283,0.008098324990874817,0.00047581564772801894,0.000730142203204539
Random expectation,14784,M-106,0.000383257138164228,0.0019149221597702937,0.0038264388501335622,0.007639278178773856,0.01899664464646722,0.0011215842078902436,0.0017181716756720811
Random expectation,14788,P-308,0.000548907673729282,0.002741677357394501,0.005476212780524126,0.010923928293393947,0.02709749323945554,0.0016057113011358638,0.0024567038650673456
Random expectation,14805,F-087,8.100664254473422e-05,0.00040498946554923254,0.0008098695720234472,0.0016193017668142407,0.004044975269158146,0.00023723495159558405,0.00036426652706633684
Random expectation,14820,TRB-133,8.122157244960793e-05,0.00040606388262254267,0.000812017825112421,0.0016235959492340024,0.004055693306446284,0.00023786431010485205,0.00036523248366189184
Random expectation,14870,CT-058,5.420347986340168e-05,0.0002710027088327349,0.0005419686914548416,0.0010837904780668373,0.0027083744088454154,0.00015874988408645345,0.00024380574308658374
Random expectation,14892,P-438,0.00035678998792398886,0.0017827751935280967,0.003562616180862288,0.007113513240757374,0.017696242679346552,0.0010441961775915654,0.0015999446743037782
Random expectation,14904,CV-056,0.00019027943894744936,0.0009510868890685309,0.0019013983302506032,0.003799696976436784,0.009476036908696694,0.0005571030531830618,0.0008546965491406638
Random expectation,14930,P-244,0.0006856641342805059,0.003423810095100288,0.006836365071801187,0.013627851412207237,0.033735853726211795,0.00200510141549068,0.003064567721366963
Random expectation,15041,GB-087,0.00010861596111544358,0.0005429913272777531,0.0010857614948457384,0.002170638591085239,0.005419968291352606,0.0003180701427111205,0.0004882831793175946
Random expectation,15044,TRB-136,8.123256884462471e-05,0.00040611885268804215,0.0008121277354735668,0.0016238156509006396,0.004056241668182081,0.0002378965097758267,0.0003652819045373092
Random expectation,15050,TRB-131,5.41477149664793e-05,0.0002707239145601781,0.0005414111784400877,0.0010826757541594345,0.0027055898649906984,0.0001585865718366548,0.00024355498283228717
Random expectation,15084,F-176,8.100664254473422e-05,0.00040498946554923254,0.0008098695720234472,0.0016193017668142407,0.004044975269158146,0.00023723495159558405,0.00036426652706633684
Random expectation,15103,HP-133,8.12655759020453e-05,0.00040628385221808117,0.0008124576451512544,0.0016244751128002832,0.004057887643462155,0.0002379931611164006,0.00036543024744386317
Random expectation,15169,P-219,0.0008512741652021427,0.0042493633032288924,0.00848124960817831,0.016892868931648097,0.041715451579716234,0.0024884046227580977,0.003798461214796709
Random expectation,15181,GS-124,0.0001895991332611091,0.0009476875754206304,0.001894605236534841,0.003786132900807204,0.009442292108496897,0.0005551120251288504,0.0008516457681356451
Random expectation,15232,TK-315,8.209731268127296e-05,0.0004104416302814773,0.0008207709369738581,0.0016410926410767024,0.004099363585891358,0.00024042865125214655,0.0003691682823193587
Random expectation,15318,R-082,8.159047023303945e-05,0.00040790797113321453,0.0008157050012392864,0.0016309662987248341,0.004074089175751139,0.00023894451688628087,0.0003668904095062384
Random expectation,15368,R-070,8.16237688414656e-05,0.00040807442794332793,0.0008160378242902944,0.001631631582624471,0.004075749670462869,0.00023904202183465514,0.00036704006200136954
Random expectation,15413,VP-064,0.00010833942742616287,0.0005416091087787622,0.0010829981824425072,0.0021651164628280206,0.00540619665823916,0.0003172605024427162,0.00048704104285566234
Random expectation,15416,HV-213,0.00010802927593378531,0.0005400588545996232,0.0010798989319844576,0.002158922991471801,0.005390750660733579,0.00031635243440633577,0.0004856478954526457
Random expectation,15453,DP-123,0.00010839520893179966,0.0005418879256372522,0.0010835555895406523,0.0021662303709166775,0.005408974640020214,0.0003174238205952207,0.00048729160313348943
Random expectation,15472,TK-243,2.7356038845627317e-05,0.00013678019422791454,0.0002735603884558291,0.0005471207769115471,0.0013678019422790344,8.0124969333012e-05,0.00012308043600955885
Random expectation,15481,P-159,0.0004124278251306235,0.002060552080109135,0.004117140799125063,0.00821845646125241,0.020428016676009242,0.0012068662758404406,0.001848405773373649
Random expectation,15524,HX-125,0.0002454523140699161,0.0012267261305267674,0.0024521144280169604,0.004898882630050672,0.012207211815650432,0.0007185435099954362,0.00110190939012732
Random expectation,15539,P-419,0.00035698594024602404,0.0017837536645987084,0.003564569901036818,0.007117407822407107,0.017705883274165113,0.0010447692036657642,0.0016008204623539316
Random expectation,15619,CT-107,8.130521979510252e-05,0.00040648202871707007,0.0008128538907468119,0.0016252671744680924,0.004059864577957373,0.0002381092464405255,0.00036560841805033747
Random expectation,15677,TK-194,5.475851494907147e-05,0.0002737775818599797,0.0005475176815069593,0.0010948854341610303,0.0027360891190059133,0.00016037535040349965,0.0002463015839583659
Random expectation,15721,CR-047,0.00010839520893179966,0.0005418879256372522,0.0010835555895406523,0.0021662303709166775,0.005408974640020214,0.0003174238205952207,0.00048729160313348943
Random expectation,15723,P-592,0.0001890154992709725,0.0009447712992115553,0.001888777415589793,0.003774496165619423,0.009413341687610877,0.0005534039184493633,0.0008490284756423075
Random expectation,15728,SD-121,8.121937352789654e-05,0.0004060528903950811,0.0008119958466101806,0.0016235520160347017,0.004055583651890848,0.00023785787121661522,0.00036522260109150205
Random expectation,15775,M-036,0.0003830893419072279,0.0019140843719965828,0.0038247662539575566,0.007635944874575196,0.018988399963155156,0.0011210935814250172,0.0017174221258885348
Random expectation,15786,CT-091,5.419173034193481e-05,0.0002709439675936398,0.0005418512248971386,0.0010835556086338238,0.0027077877128796057,0.00015871547461409266,0.00024375290855281812
Random expectation,15844,GT-142,0.00013538028321558038,0.000676754801449686,0.00135314315564794,0.0027048211175995096,0.00675107574019751,0.00039642089003619115,0.0006084372055043656
Random expectation,15915,F-122,0.00019013988863236797,0.000950389592455636,0.0019000048737360942,0.003796914605620705,0.009469114955760527,0.0005566946363682905,0.0008540707489056444
Random expectation,15938,TK-334,0.00013682885446886228,0.0006839945034590178,0.0013676146769220354,0.002733732648481535,0.00682311861584306,0.00040066147918843727,0.0006149402930368653
Random expectation,16020,M-025,0.000383257138164228,0.0019149221597702937,0.0038264388501335622,0.007639278178773856,0.01899664464646722,0.0011215842078902436,0.0017181716756720811
Random expectation,16042,DOS-083,8.100664254473422e-05,0.00040498946554923254,0.0008098695720234472,0.0016193017668142407,0.004044975269158146,0.00023723495159558405,0.00036426652706633684
Random expectation,16055,K-214,0.0001360359134812139,0.0006800315293042924,0.0013596930539773178,0.002717906693429528,0.006783683197217338,0.0003983402038732036,0.0006113805528389878
Random expectation,16059,HX-145,0.0002167962927833722,0.0010835702641067702,0.002166113030076633,0.0043281194080436736,0.01078956533627684,0.0006346987543235777,0.0009735435281188866
Random expectation,16087,P-743,5.4890767372972604e-05,0.00027443877146948736,0.0005488398794508687,0.001097529104949868,0.0027426928577355403,0.000160762662282497,0.0002468962848439743
Random expectation,16118,F-053,0.00013501107090785336,0.0006749095385006898,0.0013494546254955164,0.002697452035420267,0.006732712773631633,0.0003953400435119755,0.0006067796721010125
Random expectation,16133,HX-044,0.00018986140117716044,0.0009489980621082417,0.0018972240789787431,0.0037913620706317985,0.009455301343046285,0.0005558795965907723,0.0008528218936435742
Random expectation,16181,K-015,0.00024510471418071056,0.0012249896464208154,0.0024486452449032914,0.004891959382561484,0.012190016655431513,0.0007175264720942169,0.001100352339201951
Random expectation,16182,CV-079,0.00013593975150216764,0.0006795509286218193,0.001358732375452365,0.0027159874264580663,0.006778900679802469,0.00039805869640294515,0.0006109488509494348
Random expectation,16188,DRY-128,8.126777732631041e-05,0.00040629485695387046,0.0008124796486602692,0.0016245190959724987,0.004057997422645232,0.00023799960733150092,0.00036544014125501726
Random expectation,16193,HP-047,5.4160912069778355e-05,0.0002707898929298347,0.0005415431173116936,0.00108293956043104,0.00270624884463877,0.0001586252206796244,0.00024361432679021166
Random expectation,16199,HX-068,0.00021810250817888566,0.0010900963714717271,0.002179152829892228,0.004354149408742902,0.010854269558066676,0.0006385211047369525,0.0009793979105565864
Random expectation,16257,DC-065,0.00013549768298959375,0.0006773415459323529,0.0013543160088775874,0.0027071642826653752,0.006756914623379462,0.00039676457039522495,0.0006089642553276627
Random expectation,16258,AG-049,0.00016283550899665045,0.0008139566012826949,0.0016273610231940516,0.0032525145276398604,0.008114753881262593,0.00047678382652356123,0.0007316263298087865
Random expectation,16296,BM-108,5.416824657389352e-05,0.0002708265614773664,0.0005416164444744798,0.0010830861750281695,0.002706615083167385,0.00015864670040006417,0.00024364730815335875
Random expectation,16316,SD-033,5.41477149664793e-05,0.0002707239145601781,0.0005414111784400877,0.0010826757541594345,0.0027055898649906984,0.0001585865718366548,0.00024355498283228717
Random expectation,16375,BLR-111,0.00010839814639174161,0.0005419026081610046,0.001083584942650928,0.00216628902940863,0.0054091209286739605,0.0003174324209453288,0.00048730479765809787
Random expectation,16402,P-534,0.00024706948142860785,0.0012348048891511754,0.00246825426509234,0.0049310916850612285,0.01228720683571971,0.000723275138554007,0.0011091532577338571
Random expectation,16416,HV-116,0.00019024841006687332,0.0009509318458548188,0.001901088496641945,0.003799078319463578,0.009474497822518857,0.0005570122421108497,0.000854557403180776
Random expectation,16474,TK-046,0.0003557550216189975,0.0017776071665285276,0.00355229711510896,0.007092942908713873,0.017645322287401233,0.0010411696030710835,0.0015953189496319725
Random expectation,16476,DC-137,0.00018967105619682734,0.0009480469563240002,0.0018953234142594644,0.0037875669223005337,0.009445859704947157,0.0005553225198607043,0.000851968302969179
Random expectation,16485,CT-106,0.00010800885672623828,0.000539956791645757,0.001079694888765692,0.002158515235655689,0.0053897337481769725,0.0003162926505870089,0.0004855561756384803
Random expectation,16515,K-100,0.0002720718269623168,0.0013596930539773178,0.0027177219929781504,0.005428794766889511,0.013522262281041031,0.0007964188772454526,0.0012210838417668324
Random expectation,16519,TK-068,0.00030108115505678157,0.0015045818660732735,0.003007105480952843,0.006005988092136039,0.014953500908444828,0.0008812747258021164,0.0013508876489147627
Random expectation,16601,P-546,0.0001646632636258527,0.0008230903868131634,0.0016456161313412876,0.0032889749330914375,0.00820553212884323,0.0004821337357323215,0.0007398271216952718
Random expectation,16726,HV-032,8.159934720519679e-05,0.0004079523463363932,0.0008157937275048432,0.0016311436547118419,0.004074531842033435,0.00023897051042733665,0.0003669303049046653
Random expectation,16768,P-142,0.00040503321272344905,0.002023635408607727,0.004043448207839417,0.008071632791187167,0.020065139103660812,0.0011852475397442067,0.0018153909193640873
Random expectation,16778,DOS-078,0.00013565575994356482,0.0006781315878251482,0.0013558952357844989,0.0027103193110552537,0.006764776545467255,0.00039722733036058025,0.000609673918065628
Random expectation,16793,DP-108,0.00010834823121508297,0.0005416531134165847,0.001083086155959867,0.0021652922668862207,0.005406635097221724,0.0003172862783456837,0.0004870805878729239
Random expectation,16825,SD-105,0.00010801760686995898,0.0005400005281875897,0.0010797823264170336,0.002158689969286365,0.005390169520861354,0.0003163182694568167,0.00048559547988773395
Random expectation,16858,HV-105,0.0003240528206097659,0.0016193017432060142,0.003236199535348705,0.006462796241745505,0.01608522818470748,0.0009484601536180676,0.0014536148862114907
Random expectation,16901,P-402,0.00035720173654996135,0.0017848312240670294,0.003566721469677292,0.0071216967906596595,0.017716500067589624,0.0010454002591907521,0.0016017849372791703
Random expectation,16961,CV-058,0.00010873701951830128,0.0005435964219567824,0.0010869711909871071,0.002173056011304908,0.005425997067503241,0.0003184245794070694,0.0004888269488784408
Random expectation,16982,CV-046,0.0001903156521030347,0.0009512678367293859,0.0019017599304603783,0.0038004189976130753,0.009477833141339875,0.0005572090368652278,0.0008548589433762891
Random expectation,16990,TK-229,0.00019156039625634058,0.0009574874838373937,0.0019141890467796463,0.0038252365602997607,0.009539572854783906,0.0005608519731742461,0.0008604408108455736
Random expectation,17021,UF-110,0.00013537661775053778,0.0006767364820635668,0.0013531065367161643,0.0027047479590481815,0.006750893437694416,0.0003964101596185083,0.0006084207498972652
Random expectation,17112,P-501,0.00024340112505405465,0.001216479096431966,0.002431642618233032,0.004858027917204355,0.01210573930213954,0.0007125419413470278,0.001092721083005798
Random expectation,17123,P-341,0.0006038481596355449,0.003015762029068725,0.006022841447945071,0.012011047636239391,0.02976974713667102,0.001766193836076675,0.0027011072473651495
Random expectation,17154,TK-049,0.0001642755448472144,0.0008211528555868153,0.0016417437242445265,0.0032812407315895298,0.00818627604581057,0.00048099887100717774,0.0007380875214098067
Random expectation,17173,HX-206,0.0001908396946564972,0.0009538863377054341,0.001906992655555495,0.003810867357837533,0.009503826215847333,0.0005587427307471651,0.0008572089478466304
Random expectation,17180,CV-071,0.00016312770180260117,0.0008154167717085992,0.0016302793810059057,0.0032583433175679133,0.008129266542484803,0.00047763908892437435,0.0007329373610187371
Random expectation,17184,HV-127,5.439956480346453e-05,0.00027198302705155886,0.0005439290616889858,0.0010877101537203338,0.00271816561187177,0.00015932413535764533,0.0002446874849966999
Random expectation,17203,M-089,0.0004106326480330935,0.0020515899781788915,0.004099250998880533,0.008182814107472125,0.02033993282304347,0.0012016179993487024,0.0018403912364056434
Random expectation,17283,P-479,0.0001372269184323205,0.0006859839506141441,0.0013715913903846744,0.002741677357394612,0.006842915110527481,0.0004018267789283849,0.0006167272994735151
Random expectation,17299,M-078,0.0004653836677708245,0.0023248807015687767,0.004644673582235859,0.009269037620209808,0.023021103665063603,0.001361653867999511,0.00208462873586883
Random expectation,17308,BLR-075,8.135593220337523e-05,0.0004067355357657565,0.0008133607673784793,0.0016262803779810708,0.004062393465847469,0.0002382577425906545,0.0003658363334828432
Random expectation,17318,GB-102,0.00010858647555445078,0.0005428439475032576,0.0010854668553438307,0.0021700497920739137,0.005418499889858874,0.000317983814398246,0.0004881507360629744
Random expectation,17326,P-209,0.0006313997858731213,0.003153187698632709,0.00629686378690153,0.012555790622869933,0.031107125760488907,0.0018466568300266276,0.002823569824026181
Random expectation,17332,GB-079,0.00010859237138594047,0.0005428734170574989,0.0010855257704508459,0.00217016752632071,0.0054187935065026505,0.00031800107631171985,0.0004881772189657047
Random expectation,17347,SC-052,0.0001083893344895337,0.000541858562976727,0.0010834968880903961,0.0021661130634619274,0.005408682086449623,0.00031740662129300923,0.0004872652162277286
Random expectation,17349,R-073,0.00013595823363066195,0.0006796432990654466,0.001358917015879424,0.002716356305718759,0.006779819870911696,0.0003981128015500191,0.0006110318231894556
Random expectation,17369,M-133,0.00035622294075743355,0.0017799436882701691,0.003556962484129289,0.007102243018200727,0.01766834422723851,0.0010425379509333141,0.0015974102993676425
Random expectation,17380,BLR-101,5.421817393191919e-05,0.00027107617120936123,0.0005421155962925805,0.0010840842080809265,0.0027091081364231107,0.00015879291691374165,0.00024387181847160928
Random expectation,17385,CV-128,0.00021750360240346822,0.0010871041248897706,0.002173174038272885,0.004342214603749173,0.010824602824891283,0.0006367685420844942,0.0009767136660069362
Random expectation,17394,HV-052,0.00010871337718110219,0.0005434782488269452,0.0010867349410940141,0.002172583896829172,0.005424819667999348,0.00031835535901244443,0.0004887207524183851
Random expectation,17467,P-332,0.0005989817310572132,0.0029914857168381603,0.005974428057018977,0.011914775508589992,0.02953318147914985,0.0017519796610620027,0.002679463848697659
Random expectation,17592,TK-290,8.209731268127296e-05,0.0004104416302814773,0.0008207709369738581,0.0016410926410767024,0.004099363585891358,0.00024042865125214655,0.0003691682823193587
Random expectation,17597,P-582,0.00018931198615312894,0.0009462527723287373,0.0018917379600510431,0.0037804076571815726,0.009428048630680252,0.0005542716395440551,0.0008503580671886879
Random expectation,17620,HV-031,5.4356688590551094e-05,0.0002717686693031185,0.0005435004044825886,0.0010868530724703618,0.002716024657463345,0.00015919856877804478,0.0002444946822012155
Random expectation,17653,F-233,8.146197083658269e-05,0.0004072656138317532,0.0008144206357959538,0.0016283989641918684,0.00406768130637869,0.00023856824499746162,0.0003663128995980915
Random expectation,17664,P-215,0.0006317813487158874,0.0031550909063713384,0.00630065871604879,0.012563334734206677,0.031125646871327017,0.0018477711615540093,0.0028252658000427807
Random expectation,17690,P-210,0.0006044952464692166,0.00301899000545669,0.006029278802312854,0.012023848257280978,0.029801199102662546,0.0017680838645808324,0.002703985008586017
Random expectation,17749,P-338,0.0004113984805682591,0.0020554132680628,0.004106882920191124,0.00819801947275911,0.020377510770730467,0.001203856948483642,0.0018438103154925847
Random expectation,17843,P-144,0.0004124278251306235,0.002060552080109135,0.004117140799125063,0.00821845646125241,0.020428016676009242,0.0012068662758404406,0.001848405773373649
Random expectation,17864,F-054,0.00013581420616592954,0.0006789234748579842,0.0013574781499677835,0.0027134817019925928,0.006772656784078679,0.00039769117105165335,0.0006103852367586736
Random expectation,17884,GB-069,0.000135692574902313,0.0006783155827079224,0.0013562630258459052,0.002711054092849219,0.006766607522234125,0.00039733510370887695,0.0006098391930320157
Random expectation,17924,F-070,0.0001629239416732764,0.0008143985246301666,0.0016282442700933375,0.0032542786242095723,0.00811914618250098,0.0004770426733286463,0.0007320231164354963
Random expectation,17985,GS-004,8.125897234489976e-05,0.0004062508415871857,0.0008123916417746013,0.0016243431775728734,0.004057558341548084,0.0002379738245660768,0.00036540056922448264
Random expectation,18060,CT-108,0.0001355086996585042,0.0006773966053942315,0.001354426068116199,0.002707384162547566,0.006757462536534642,0.0003967968209835493,0.0006090137130665196
Random expectation,18071,P-303,0.0003845625600878977,0.0019214399662617065,0.0038394512397246228,0.0076652102934482436,0.019060784509872475,0.0011254011728285464,0.0017240029455059414
Random expectation,18093,TK-059,0.0003009164273013454,0.00150375912850631,0.003005462256348901,0.00600271062843083,0.014945374309183301,0.0008807928804064099,0.0013501505881858128
Random expectation,18101,BLR-143,0.0001355858665292864,0.0006777822724052252,0.0013551969839350475,0.0027089243223930026,0.006761300418094973,0.0003970227219868677,0.0006093601423054351
Random expectation,18176,DRY-112,8.126117341133998e-05,0.0004062618445347388,0.000812413641708476,0.0016243871536006926,0.00405766810291408,0.0002379802697337169,0.00036541046142863953
Random expectation,18184,FM-121,0.00013545730385777777,0.0006771397377937083,0.0013539126113210065,0.002706358361901362,0.006754906368432012,0.00039664636307703313,0.0006087829789904966
Random expectation,18230,CF-111,0.0001354316205747219,0.000677011377032577,0.0013536560288824884,0.002705845753021907,0.006753629009438322,0.0003965711769037737,0.0006086676775028866
Random expectation,18250,SC-008,8.129200086715027e-05,0.00040641594840640227,0.0008127217659436026,0.001625003068105757,0.0040592053857987365,0.00023807053875171932,0.0003655490085469719
Random expectation,18256,F-013,0.0001358400347750699,0.000679052561776583,0.001357736183538627,0.0027139972084125885,0.006773941351569723,0.0003977667825458345,0.0006105011899496615
Random expectation,18291,CF-140,0.00013545363422096113,0.0006771213975621526,0.0013538759507318865,0.0027062851201705707,0.006754723858993339,0.00039663562044972594,0.0006087665046749691
Random expectation,18354,GS-128,0.00010834236186352264,0.0005416237761969311,0.0010830275053603788,0.002165175061008884,0.005406342796666075,0.00031726909394502636,0.0004870542238146028
Random expectation,18355,SC-101,5.417998591317197e-05,0.00027088525181395706,0.0005417338092480461,0.0010833208409761763,0.002707201271041626,0.000158681080055194,0.00024370009691336905
Random expectation,18369,P-356,0.00021961731682540453,0.0010976646141045432,0.002194274824367737,0.004384335505872028,0.010929302036076116,0.0006429538307444211,0.0009861870268643585
Random expectation,18394,DOS-067,0.00010855111400576156,0.0005426671973448594,0.0010851134989549038,0.002169343654771838,0.00541673885798355,0.000317880282259467,0.0004879918989666238
Random expectation,18437,CV-049,0.00021750360240346822,0.0010871041248897706,0.002173174038272885,0.004342214603749173,0.010824602824891283,0.0006367685420844942,0.0009767136660069362
Random expectation,18441,M-120,0.0004658299994519943,0.002327108450410953,0.004649119324069417,0.009277890200573014,0.02304294572939103,0.0013629583968718503,0.002086619209923793
Random expectation,18451,AG-126,8.138683161063032e-05,0.0004068899992776265,0.0008136696106015862,0.0016268977292928088,0.004063934331982155,0.0002383482222695268,0.0003659752037935266
Random expectation,18477,P-264,0.0003241053342336597,0.0016195639994319722,0.0032367232690145853,0.006463840600239079,0.016087815890305168,0.000948613743920088,0.0014538497432168087
Random expectation,18535,M-080,0.00041102647010471394,0.002053556069875895,0.0041031756477067916,0.008190633347257337,0.020359257088647942,0.0012027693585360052,0.001842149471332032
Random expectation,18548,M-077,0.0004926512849987574,0.0024609651493068263,0.004916209630712709,0.00980958663424114,0.024353718159802806,0.0014413406438891962,0.002206165912558474
Random expectation,18598,K-104,0.0002720718269623168,0.0013596930539773178,0.0027177219929781504,0.005428794766889511,0.013522262281041031,0.0007964188772454526,0.0012210838417668324
Random expectation,18648,CR-143,0.00013501107090785336,0.0006749095385006898,0.0013494546254955164,0.002697452035420267,0.006732712773631633,0.0003953400435119755,0.0006067796721010125
Random expectation,18671,UF-070,5.4160912069778355e-05,0.0002707898929298347,0.0005415431173116936,0.00108293956043104,0.00270624884463877,0.0001586252206796244,0.00024361432679021166
Random expectation,18730,P-508,0.0003019738106350145,0.0015090402517522472,0.003016010035354788,0.006023748423484521,0.014997537707316488,0.000883885827866395,0.0013548817238434676
Random expectation,18741,TRB-104,0.00013540961408264884,0.0006769013922499623,0.0013534361784695026,0.0027054065285133655,0.006752534514745556,0.00039650675429540557,0.0006085688824128042
Random expectation,18751,GS-104,8.125677139758647e-05,0.00040623983923548934,0.000812369643032107,0.0016242992039257054,0.004057448586119783,0.00023796737974753337,0.0003653906775559046
Random expectation,18790,M-104,0.00035622294075743355,0.0017799436882701691,0.003556962484129289,0.007102243018200727,0.01766834422723851,0.0010425379509333141,0.0015974102993676425
Random expectation,18799,K-144,0.00035369337505097853,0.001767312429380108,0.003531741334487859,0.007051965819010797,0.01754388206118207,0.0010351406434926137,0.0015861042691337952
Random expectation,18815,R-294,8.159712778110784e-05,0.00040794125163035044,0.0008157715441287072,0.001631099312098705,0.0040744211664444085,0.00023896401151189277,0.0003669203302416689
Random expectation,18818,P-665,0.00013713282685612338,0.0006855136992356403,0.0013706514036925244,0.002739799446996205,0.006838235781461477,0.00040155133368593424,0.0006163049004256558
Random expectation,18848,HX-075,0.00027272479341100553,0.0013629546855311592,0.002724237262206608,0.005441793382066629,0.01355452043612193,0.0007983291329009486,0.0012240071629312924
Random expectation,18890,P-459,0.00010998075336821067,0.0005498130510896981,0.0010993993502163013,0.0021978919419834986,0.005487934153094565,0.0003220659939366828,0.0004944134888867281
Random expectation,18951,F-212,0.00013576995139430448,0.0006787022971432854,0.001357036034808523,0.0027125984321676455,0.00677045580148028,0.00039756161820395726,0.0006101865623014066
Random expectation,19249,RLP-069,8.128098837678621e-05,0.00040636089789025664,0.0008126116947468898,0.001624783045028999,0.004058656222497681,0.00023803829195650952,0.00036549951537427324
Random expectation,19272,CV-305,8.155276463872596e-05,0.00040771948417084314,0.0008153281298255433,0.0016302129658573028,0.004072208916612974,0.00023883410739390767,0.0003667209508037022
Random expectation,19351,HX-047,5.45449586821789e-05,0.0002727099172427083,0.0005453826440645626,0.0010906165264461531,0.0027254256034932034,0.00015974993340832615,0.0002453412815339753
Random expectation,19463,BM-080,8.128098837678621e-05,0.00040636089789025664,0.0008126116947468898,0.001624783045028999,0.004058656222497681,0.00023803829195650952,0.00036549951537427324
Random expectation,19467,K-039,0.0004081077404435307,0.0020389847250297244,0.004074088627643246,0.008132681393406505,0.020216031064375417,0.0011942362529433715,0.0018291183731851638
Random expectation,19469,HX-136,0.00016357688113410873,0.0008176614456082421,0.0016347656734084781,0.003267303690766221,0.00815157608781103,0.0004789538564777216,0.0007349527578248264
Random expectation,19494,GB-125,0.00013576995139430448,0.0006787022971432854,0.001357036034808523,0.0027125984321676455,0.00677045580148028,0.00039756161820395726,0.0006101865623014066
Random expectation,19546,BLR-079,8.129860979377845e-05,0.00040644898587594014,0.0008127878229756691,0.0016251351105567302,0.004059534955118016,0.0002380898910228877,0.0003655787108850235
Random expectation,19676,P-667,0.00010980865841270226,0.0005489528599854632,0.0010976796770155728,0.002194455430443387,0.005479364112336627,0.0003215621338421773,0.0004936404878610096
Random expectation,19693,F-133,0.00019017604868509785,0.000950570274862006,0.0019003659440861576,0.0037976355696692776,0.009470908564948033,0.0005568004646976528,0.000854232905398904
Random expectation,19704,HX-226,0.00016363933889707027,0.0008179735641338226,0.0016353894849459039,0.003268549613178795,0.008154678166686025,0.00047913667289394197,0.0007352329947480384
Random expectation,19732,EX-057,0.0001082924980372324,0.0005413745380790091,0.0010825292316088975,0.0021641793231145234,0.005403859517419063,0.00031712310166022537,0.0004868302444960464
Random expectation,19754,P-692,0.00019058509624547693,0.0009526141778868347,0.001904450415234571,0.003805791185964802,0.009491197932286477,0.0005579976084188204,0.0008560672352032832
Random expectation,19881,TK-199,0.00013682885446886228,0.0006839945034590178,0.0013676146769220354,0.002733732648481535,0.00682311861584306,0.00040066147918843727,0.0006149402930368653
Random expectation,19968,P-121,0.00029708050881793735,0.0014846003826282095,0.0029671968235839286,0.005926387617012474,0.014756118074302105,0.0008695723312058796,0.0013329864588845768
Random expectation,20016,GB-029,8.144427853939984e-05,0.00040717717156046884,0.0008142437992838536,0.0016280454832507951,0.004066799043866753,0.0002385164384067068,0.0003662333857071779
Random expectation,20085,P-125,0.0004662516113107529,0.0023292128132298417,0.004653318825610042,0.009286252420924068,0.023063577669913293,0.0013641906727369813,0.0020884994272894254
Random expectation,20097,P-222,0.0007872733195786186,0.003930386551674436,0.007845855830031834,0.015632260782160734,0.03863910019525041,0.002301673710443179,0.0035151215726394666
Random expectation,20102,P-134,0.0004666099415364666,0.0023310013200772417,0.004656887993150227,0.009293359468146578,0.02308111255312162,0.0013652379888826505,0.0020900974225302195
Random expectation,20114,P-429,0.00027452164603181117,0.001371930101287,0.002742165997130286,0.005477562610600728,0.013643284590077243,0.0008035858036237663,0.0012320514668135297
Random expectation,20158,HP-105,0.0001354132813345954,0.0006769197205653832,0.001353472815245782,0.002705479722695525,0.006752716905891409,0.0003965174899432344,0.0006085853460338973
Random expectation,20168,HX-032,0.00021808467137363063,0.0010900072555083407,0.0021789747679968885,0.004353793964244845,0.010853386024863076,0.0006384689094142188,0.000979317967928859
Random expectation,20316,DRY-01,8.126777732631041e-05,0.00040629485695387046,0.0008124796486602692,0.0016245190959724987,0.004057997422645232,0.00023799960733150092,0.00036544014125501726
Random expectation,20360,TK-140,0.0005475851494907147,0.002735078502888344,0.005463049411865706,0.010897738409914592,0.02703303485366393,0.001601847395584147,0.0024508156684249025
Random expectation,20385,P-182,0.0004939897908776691,0.0024676452138227,0.0049295386590008095,0.009836120696457895,0.024419131479731515,0.0014452522780091976,0.0022121318343870707
Random expectation,20390,P-319,0.0006210509261759256,0.0031015672778634817,0.006193931843511025,0.012351157039337646,0.03060466414952223,0.0018164328541150864,0.0027775663324343318
Random expectation,20406,F-015,0.00013589541488867596,0.0006793293419646851,0.0013582894430749226,0.0027151025248619565,0.006776695637718766,0.00039792890403177303,0.0006107498094807667
Random expectation,20472,TK-254,8.100664254473422e-05,0.00040498946554923254,0.0008098695720234472,0.0016193017668142407,0.004044975269158146,0.00023723495159558405,0.00036426652706633684
Random expectation,20473,BM-080,8.126777732631041e-05,0.00040629485695387046,0.0008124796486602692,0.0016245190959724987,0.004057997422645232,0.00023799960733150092,0.00036544014125501726
Random expectation,20500,TRB-050,0.00013501107090785336,0.0006749095385006898,0.0013494546254955164,0.002697452035420267,0.006732712773631633,0.0003953400435119755,0.0006067796721010125
Random expectation,20539,F-216,8.153724893322778e-05,0.0004076419225133021,0.0008151730486792852,0.001629902972206887,0.004071435196613904,0.0002387886743131106,0.00036665121918133824
Random expectation,20559,EV-076,5.4199073195815295e-05,0.0002709806778834478,0.000541924635527713,0.0010837023900983622,0.0027081543680664844,0.00015873697878603115,0.00024378592745254903
Random expectation,20563,GT-104,0.00010800885672623828,0.000539956791645757,0.001079694888765692,0.002158515235655689,0.0053897337481769725,0.0003162926505870089,0.0004855561756384803
Random expectation,20587,SD-062,8.122157244960793e-05,0.00040606388262254267,0.000812017825112421,0.0016235959492340024,0.004055693306446284,0.00023786431010485205,0.00036523248366189184
Random expectation,20614,F-010,8.153724893322778e-05,0.0004076419225133021,0.0008151730486792852,0.001629902972206887,0.004071435196613904,0.0002387886743131106,0.00036665121918133824
Random expectation,20622,M-133,0.0003557258174853306,0.0017774613375801662,0.003552005935863023,0.007092362460505597,0.017643885407981785,0.001041084200584101,0.001595188422080606
Random expectation,20717,P-354,0.00021996150673631032,0.0010993842400689458,0.00219771076977604,0.004391194186953773,0.010946349992036475,0.0006439610164256083,0.000987729602546618
Random expectation,20723,HP-128,0.0001354132813345954,0.0006769197205653832,0.001353472815245782,0.002705479722695525,0.006752716905891409,0.0003965174899432344,0.0006085853460338973
Random expectation,20725,DOS-091,0.0001357220412594451,0.0006784628505182022,0.0013565574015862447,0.0027116422051990385,0.00676807301743132,0.00039742136450286134,0.0006099714775368362
Random expectation,20730,K-149,0.0001088642734670131,0.000544232484029461,0.00108824279608144,0.0021755971461369095,0.005432334356347379,0.0003187971553523761,0.0004893985464870466
Random expectation,20873,P-261,0.000329942260104521,0.0016487136467434604,0.0032949352157461975,0.006579915815799864,0.016375403065770677,0.0009656851905309635,0.0014799528435201748
Random expectation,20887,TK-004,0.00019149227191905815,0.0009571470857874242,0.001913508809426867,0.003823878318289453,0.009536193949193361,0.0005606525972485923,0.0008601353206372863
Random expectation,20920,EV-133,8.12655759020453e-05,0.00040628385221808117,0.0008124576451512544,0.0016244751128002832,0.004057887643462155,0.0002379931611164006,0.00036543024744386317
Random expectation,20921,P-517,0.00019222319859402148,0.0009607993155470451,0.0019208072636142104,0.003838451230021689,0.009572446746592078,0.000562791759084774,0.0008634129989271568
Random expectation,20998,TK-103,0.00038312079251268116,0.001914241401360095,0.0038250797543502024,0.007636569647519464,0.018989945296123745,0.0011211855411885647,0.0017175626166539126
Random expectation,21018,TK-118,0.00027371014096067015,0.001367876578814986,0.002734068949522217,0.0054614084389881246,0.01360319727706516,0.0008012117603840546,0.0012284184838102
Random expectation,21042,FM-023,0.00010801760686995898,0.0005400005281875897,0.0010797823264170336,0.002158689969286365,0.005390169520861354,0.0003163182694568167,0.00048559547988773395
Random expectation,21045,HX-341,0.0001090899173643578,0.0005453603346807778,0.0010904975755224866,0.002180103019079005,0.005443571424281313,0.0003194577983850413,0.0004904120880568351
Random expectation,21054,M-117,0.0004651799151730307,0.002323863722070163,0.004642644073730273,0.00926499635041711,0.023011132506014165,0.0013610583433029493,0.0020837200691307405
Random expectation,21055,AG-031,8.145533532444293e-05,0.0004072324434779562,0.0008143543131036157,0.001628266390852784,0.00406735041308115,0.00023854881488882238,0.00036628307784320315
Random expectation,21148,R-126,0.0002719682341102425,0.0013591755967999886,0.0027166883450899793,0.0054267325287155055,0.013517144452808494,0.0007961158154921722,0.0012206200549116284
Random expectation,21159,P-339,0.00043910203633568123,0.0021937032271491796,0.004382894272550453,0.008747774456522528,0.02173502047099729,0.0012848388013860076,0.0019674245137122357
Random expectation,21194,K-102,0.0004893831054076925,0.002444654544361713,0.004883664004699417,0.009744796729293403,0.02419398385291438,0.0014317896533372673,0.0021915985084953486
Random expectation,21259,HX-090,0.000190912562046619,0.0009542504362608506,0.001907720257044998,0.003812320180765827,0.009507440471423378,0.0005589559884904483,0.0008575357110203588
Random expectation,21271,SEP-111,0.00018972246313964103,0.000948303823892882,0.0018958367317885028,0.003788591888621018,0.0094484096391102,0.0005554729710036228,0.0008521988346053078
Random expectation,21306,P-262,0.00019246631839431316,0.0009620141130323168,0.0019232348560327406,0.003843298412904317,0.009584504853920373,0.0005635032826450576,0.0008645032064701699
Random expectation,21364,P-196,0.0003842142817936933,0.001919701059898915,0.0038359796305613703,0.007658291828107178,0.019043672774169185,0.0011243828329630106,0.0017224472135920147
Random expectation,21389,P-114,0.00038006298186554766,0.0018989740081862827,0.0037945990384905537,0.00757582396765033,0.0188396886808756,0.00111224461789697,0.0017039029016886935
Random expectation,21505,M-066,0.0004106326480330935,0.0020515899781788915,0.004099250998880533,0.008182814107472125,0.02033993282304347,0.0012016179993487024,0.0018403912364056434
Random expectation,21519,CF-140,0.00013545730385777777,0.0006771397377937083,0.0013539126113210065,0.002706358361901362,0.006754906368432012,0.00039664636307703313,0.0006087829789904966
Random expectation,21532,TK-209,0.00013682885446886228,0.0006839945034590178,0.0013676146769220354,0.002733732648481535,0.00682311861584306,0.00040066147918843727,0.0006149402930368653
Random expectation,21539,P-133,0.0003846787932076934,0.0019220203019890691,0.0038406098395765698,0.007667519227211872,0.01906649525729398,0.0011257410294843583,0.001724522147512173
Random expectation,21598,HV-061,0.00010871337718110219,0.0005434782488269452,0.0010867349410940141,0.002172583896829172,0.005424819667999348,0.00031835535901244443,0.0004887207524183851
Random expectation,21605,BM-107,8.128098837678621e-05,0.00040636089789025664,0.0008126116947468898,0.001624783045028999,0.004058656222497681,0.00023803829195650952,0.00036549951537427324
Random expectation,21661,M-146,0.0005472704884389445,0.0027335084681752164,0.0054599175006909695,0.0108915071001644,0.027017698032413606,0.0016009280739475566,0.0024494146997244707
Random expectation,21662,FM-106,0.00010836584308626662,0.0005417411441480668,0.0010832621458789493,0.002165643960666541,0.0054075121885642785,0.0003173378427186754,0.0004871596971755821
Random expectation,21689,VP-122,0.00010836584308626662,0.0005417411441480668,0.0010832621458789493,0.002165643960666541,0.0054075121885642785,0.0003173378427186754,0.0004871596971755821
Random expectation,21698,M-081,0.0005670464978128065,0.0028321716750114856,0.0056567030847077815,0.011282923392648136,0.027980244812632282,0.001658698190891696,0.0025374131694634624
Random expectation,21815,TK-120,0.0005199496469815434,0.00259718816804011,0.0051879850961998875,0.010350464624473976,0.025686051799529652,0.0015211067731038495,0.0023277735528623345
Random expectation,21828,EX-132,0.00010831302464120451,0.0005414771377540983,0.001082734347617187,0.0021645892218979945,0.005404881767837488,0.0003171831998556799,0.00048692244632138223
Random expectation,21914,P-439,0.00030192407981777247,0.0015087918705972703,0.003015513954615079,0.006022758983236232,0.014995084415290516,0.0008837403607875946,0.0013546592112850312
Random expectation,21945,P-472,8.248556502610249e-05,0.0004123824660077213,0.0008246515435627044,0.0016488495956777927,0.004118724050597655,0.00024156552883482934,0.00037091317193159733
Random expectation,22050,R-104,0.00029923830250266903,0.00149537765728458,0.002988722170560676,0.0059693217152184674,0.01486258310976285,0.0008758841752823971,0.0013426418306914819
Random expectation,22106,K-236,0.0001906369999182811,0.0009528735266771671,0.00190496868914114,0.003806826040810285,0.009493772406691359,0.0005581495127516551,0.0008562999907150177
Random expectation,22113,F-048,5.435816595544818e-05,0.0002717760553246906,0.0005435151745181166,0.0010868826045105084,0.0027160984273318922,0.000159202895365214,0.0002445013255153586
Random expectation,22164,DP-029,0.00010838052401984655,0.0005418145249516115,0.0010834088478398618,0.002165937126100137,0.005408243315426553,0.00031738082583413645,0.00048722564122685556
Random expectation,22171,BLR-100,8.135151991761624e-05,0.0004067134791224669,0.0008133166660557745,0.0016261922231812775,0.004062173437492933,0.00023824482252963122,0.0003658165034697844
Random expectation,22253,SEP-119,0.00010841283607976315,0.0005419760327156631,0.0010837317320609996,0.00216658236952727,0.00540985249065129,0.0003174754296874091,0.0004873707810007382
Random expectation,22283,FM-049,5.4199073195815295e-05,0.0002709806778834478,0.000541924635527713,0.0010837023900983622,0.0027081543680664844,0.00015873697878603115,0.00024378592745254903
Random expectation,22289,M-114,0.0003283622930633223,0.0016408233422527951,0.003279178404152705,0.006548497186471769,0.01629756504700286,0.0009610642531477985,0.001472887409056391
Random expectation,22294,RLP-075,2.7090726844147817e-05,0.00013545363422096113,0.0002709072684422553,0.0005418145368847327,0.0013545363422103884,7.9347878903591e-05,0.00012188674283665439
Random expectation,22331,SEP-101,8.125677139758647e-05,0.00040623983923548934,0.000812369643032107,0.0016242992039257054,0.004057448586119783,0.00023796737974753337,0.0003653906775559046
Random expectation,22360,GB-199,8.143985666586584e-05,0.00040715506699418036,0.0008141996021542308,0.0016279571369925971,0.004066578538034715,0.0002385034902744917,0.0003662135126278198
Random expectation,22391,HX-433,8.10723165063365e-05,0.0004053177643950079,0.0008105259923301134,0.0016206138980333629,0.004048250279623855,0.0002374272583689559,0.00036456168497030016
Random expectation,22407,BLR-007,0.0001355858665292864,0.0006777822724052252,0.0013551969839350475,0.0027089243223930026,0.006761300418094973,0.0003970227219868677,0.0006093601423054351
Random expectation,22433,CV-108,0.00016310552927745192,0.0008153059693538633,0.001630057926900963,0.003257901011282538,0.008128165281391597,0.00047757418891184686,0.000732837876001381
Random expectation,22461,F-107,0.00013589541488867596,0.0006793293419646851,0.0013582894430749226,0.0027151025248619565,0.006776695637718766,0.00039792890403177303,0.0006107498094807667
Random expectation,22570,BLR-015,0.00013554543482974246,0.0006775802015992483,0.0013547930614707937,0.0027081173535207226,0.006759289555653636,0.0003969043608203516,0.0006091786302317248
Random expectation,22599,SEP-030,0.00010843340833310844,0.0005420788605261517,0.001083937304061311,0.0021669931791831187,0.005410877009923043,0.00031753566150953045,0.00048746318770588246
Random expectation,22657,EV-101,0.00016201328508935742,0.0008098477072955301,0.0016191487963815865,0.0032361123005986148,0.008073914652194758,0.00047437713219226956,0.0007279370832091666
Random expectation,22658,P-137,0.00041178246904771676,0.0020573302617251654,0.0041107095475053645,0.0082056433660318,0.020396351859697792,0.0012049795548078185,0.001845524623449765
Random expectation,22714,DC-031,0.00010838639750709866,0.000541843882839621,0.0010834675397505267,0.002166054414499019,0.005408535821531668,0.00031739802234083034,0.00048725202384645994
Random expectation,22716,TK-109,0.0003285510896944288,0.0016417661889505109,0.0032810612599021294,0.006552251570671519,0.016306866516752838,0.0009616164292837139,0.0014737316971475227
Random expectation,22844,CV-100,0.00016304790891052967,0.0008150180241093263,0.001629482427694784,0.0032567515767272237,0.008125303398434869,0.0004774055313903287,0.0007325793413050437
Random expectation,22859,P-164,0.00043923463365080906,0.0021943651224491934,0.004384215339675701,0.008750405728238375,0.021741517805183186,0.001285226403593529,0.001968016163515812
Random expectation,22864,AG-125,8.138683161063032e-05,0.0004068899992776265,0.0008136696106015862,0.0016268977292928088,0.004063934331982155,0.0002383482222695268,0.0003659752037935266
Random expectation,22875,K-229,0.00019057471890226996,0.0009525623250691284,0.0019043467942926329,0.00380558428250799,0.009490683204947614,0.0005579672374737538,0.0008560206992840792
Random expectation,22900,SC-074,0.0001083893344895337,0.000541858562976727,0.0010834968880903961,0.0021661130634619274,0.005408682086449623,0.00031740662129300923,0.0004872652162277286
Random expectation,22904,DRY-068,8.126777732631041e-05,0.00040629485695387046,0.0008124796486602692,0.0016245190959724987,0.004057997422645232,0.00023799960733150092,0.00036544014125501726
Random expectation,22959,FM-009,8.129860979377845e-05,0.00040644898587594014,0.0008127878229756691,0.0016251351105567302,0.004059534955118016,0.0002380898910228877,0.0003655787108850235
Random expectation,22984,P-156,0.00024729350991925525,0.0012359240473908129,0.002470490123166025,0.0049355535817600105,0.012298288214380837,0.000723930615187659,0.001110156744434814
Random expectation,22992,P-528,0.00016468586171880517,0.000823203315263199,0.001645841833281203,0.003289425717642902,0.008206654455451878,0.0004821998809868542,0.0007399285135164346
Random expectation,23008,K-064,0.0001632430961774345,0.0008159934297762295,0.001631431913010184,0.003260645247610272,0.008134997913956,0.0004779768535343715,0.0007334551188306426
Random expectation,23048,GB-085,0.00016287971333173168,0.0008141775029890663,0.0016278025268311458,0.003253396336787562,0.008116949437687038,0.000476913214803539,0.0007318246693389019
Random expectation,23058,CV-007,0.0002446915527037907,0.0012229256373956776,0.002444521718897752,0.004883730273069653,0.012169577938663911,0.0007163176064408405,0.0010985015968177315
Random expectation,23074,EV-006,0.00010816365160493113,0.0005407305150808561,0.0010812417083941872,0.0021616063669623875,0.005397442787147266,0.00031674586243632673,0.0004862514887654365
Random expectation,23105,P-166,0.0003842775581905933,0.0019200169905475573,0.0038366103651911176,0.007659548801819183,0.019046781713286665,0.0011245678485660871,0.0017227298650629788
Random expectation,23173,EV-125,8.129860979377845e-05,0.00040644898587594014,0.0008127878229756691,0.0016251351105567302,0.004059534955118016,0.0002380898910228877,0.0003655787108850235
Random expectation,23184,CV-057,0.00010873110796993934,0.0005435668738567045,0.0010869121188844533,0.0021729379634506385,0.0054257026697156485,0.00031840727148656504,0.0004888003954369246
Random expectation,23309,HX-239,0.00016201328508935742,0.0008098477072955301,0.0016191487963815865,0.0032361123005986148,0.008073914652194758,0.00047437713219226956,0.0007279370832091666
Random expectation,23327,SC-141,0.00013549401116474957,0.0006773231947674319,0.0013542793264395003,0.002707090997307482,0.006756732005405275,0.0003967538213640817,0.0006089477711997472
Random expectation,23370,P-228,0.0007961127734922302,0.003974448828682919,0.007933644020727604,0.01580649913067078,0.03906480765705023,0.002327468861266687,0.003554285573315171
Random expectation,23377,VP-133,8.122597065030046e-05,0.00040608586886303755,0.000812061785686824,0.001623683822766231,0.0040559126333478135,0.00023787718892719894,0.00036525225040723487
Random expectation,23403,P-155,0.0003565453498258764,0.0017815536132267384,0.00356017704026812,0.007108651003235877,0.017684206688660997,0.0010434807783293333,0.0015988512858814865
Random expectation,23462,P-104,0.000274453836864641,0.0013715913903847854,0.0027414894118323874,0.005476212780523904,0.01363993495893312,0.0008033874294662656,0.001231747897682285
Random expectation,23502,K-207,0.00021779967874546724,0.0010885833791038912,0.0021761297300308957,0.004348114734374797,0.010839269030014309,0.0006376349432657295,0.0009780406584406571
Random expectation,23512,HX-017,0.00029705644072375303,0.0014844801721132228,0.0029669567270874664,0.005925908719788708,0.014754930502363983,0.0008695019283745655,0.0013328787604311324
Random expectation,23519,M-041,0.0004926512849987574,0.0024609651493068263,0.004916209630712709,0.00980958663424114,0.024353718159802806,0.0014413406438891962,0.002206165912558474
Random expectation,23526,P-674,0.00016468586171880517,0.000823203315263199,0.001645841833281203,0.003289425717642902,0.008206654455451878,0.0004821998809868542,0.0007399285135164346
Random expectation,23528,UF-126,8.118640398357968e-05,0.00040588807836994256,0.0008116663117894163,0.0016228933032397252,0.004053939544806151,0.0002377613297076116,0.00036507442668694376
Random expectation,23535,UF-043,0.00013501107090785336,0.0006749095385006898,0.0013494546254955164,0.002697452035420267,0.006732712773631633,0.0003953400435119755,0.0006067796721010125
Random expectation,23547,CF-120,0.00021669059291962167,0.0010830421656273792,0.00216505783448262,0.0043260130174337386,0.010784329266644854,0.0006343894461311727,0.0009730697814896283
Random expectation,23554,CV-026,0.00010875180120173411,0.0005436703062634551,0.0010871188993391012,0.002173351187062189,0.005426733201761569,0.0003184678574416289,0.0004888933451056516
Random expectation,23585,TK-060,0.000328452169152893,0.0016412721817743448,0.00328007473254599,0.006550284451739219,0.016301992994596115,0.0009613271150558442,0.0014732893303243675
Random expectation,23605,P-153,0.000494071146245112,0.0024680512319458225,0.0049303488022075515,0.009837733435621665,0.02442310721834795,0.00144549002922593,0.002212494442600569
Random expectation,23688,HV-093,0.00010872224185265456,0.0005435225577289371,0.0010868235227681211,0.002172760915715277,0.005425261132928627,0.00031838131313340626,0.000488760570683219
Random expectation,23709,P-430,0.0004940169063563093,0.0024677805383531703,0.004929808677152425,0.009836658217424632,0.024420456582115446,0.0014453315197243384,0.0022122526905845184
Random expectation,23736,SD-144,5.414624901856069e-05,0.00027071658561472756,0.0005413965225339323,0.0010826464502848854,0.0027055166648398687,0.00015858227868329874,0.0002435483908438358
Random expectation,23785,P-362,0.00016469038208166698,0.0008232259046716539,0.0016458869810987986,0.0032895158893820886,0.008206878957616848,0.0004822131122157363,0.0007399487952156892
Random expectation,23800,EV-015,5.4081825802465566e-05,0.00027039450439736434,0.0005407524472575975,0.0010813586483665594,0.0027022997748005206,0.00015839360978038084,0.0002432586961970992
Random expectation,23819,GB-116,0.00013576995139430448,0.0006787022971432854,0.001357036034808523,0.0027125984321676455,0.00677045580148028,0.00039756161820395726,0.0006101865623014066
Random expectation,23839,R-094,0.0002175331738090147,0.0010872518693750832,0.002173469246093185,0.004342803896163927,0.010826067659193583,0.0006368550762363933,0.0009768462031881965
Random expectation,23847,M-053,0.00043791225333222883,0.002187764089311095,0.004371040397641579,0.00872416402920273,0.021676718739911505,0.0012813608735136968,0.0019621156305534957
Random expectation,23849,GB-142,8.14155449413434e-05,0.00040703353476712056,0.0008139566036803325,0.0016274714039118399,0.00406536618326081,0.00023843230066862068,0.0003661042492319764
Random expectation,23858,P-236,0.0007290597829021639,0.003640183811288944,0.007267605738788485,0.014484335907351542,0.035832687329177215,0.0021317789370135067,0.0032570944207072476
Random expectation,23862,DP-104,0.00016252234682267996,0.0008123916393907304,0.0016242332208190602,0.0032462674016227044,0.00809919951885596,0.00047586718465714926,0.0007302212046053149
Random expectation,23863,BLR-125,0.00018982021314095654,0.0009487922559484607,0.0018968128015076635,0.0037905408537209917,0.009453258308810164,0.0005557590528843862,0.0008526371885984327
Random expectation,23869,SD-035,0.00013501107090785336,0.0006749095385006898,0.0013494546254955164,0.002697452035420267,0.006732712773631633,0.0003953400435119755,0.0006067796721010125
Random expectation,23974,P-352,0.0002744387727098285,0.001371516144006435,0.002741339104882168,0.00547591290862548,0.013639190819804359,0.0008033433596201574,0.0012316804581895772
Random expectation,24037,M-062,0.0003831732216657002,0.001914503174229254,0.003825602369226244,0.007637611162985114,0.01899252141008123,0.0011213388409909168,0.0017177968190148429
Random expectation,24091,P-442,0.00035698594024602404,0.0017837536645987084,0.003564569901036818,0.007117407822407107,0.017705883274165113,0.0010447692036657642,0.0016008204623539316
Random expectation,24095,K-093,0.00032680628557424374,0.001633052646296207,0.003263660337283647,0.006517554162013273,0.01622090200159143,0.000956513358809894,0.00146592891753908
Random expectation,24165,TK-029,0.0003557550216189975,0.0017776071665285276,0.00355229711510896,0.007092942908713873,0.017645322287401233,0.0010411696030710835,0.0015953189496319725
Random expectation,24183,TK-222,0.00021601771345247656,0.0010796803154292656,0.002158340497282474,0.004312603764848877,0.010750996180699968,0.000632420404104416,0.0009700539160040208
Random expectation,24203,TK-032,0.0002970243559972108,0.0014843199217053904,0.002966636658860655,0.005925270310538466,0.014753347370423331,0.000869408075664218,0.0013327351895615867
Random expectation,24274,TK-118,0.00027365770893761354,0.0013676146769219244,0.002733545790655434,0.005460364696699527,0.01360060715273792,0.0008010583711718967,0.001228183751892222
Random expectation,24288,AG-008,0.00016201328508935742,0.0008098477072955301,0.0016191487963815865,0.0032361123005986148,0.008073914652194758,0.00047437713219226956,0.0007279370832091666
Random expectation,24306,SC-119,0.00013544996478298543,0.0006771030583239135,0.0013538392921280673,0.0027062118824040526,0.006754541359416888,0.0003966248784043017,0.0006087500312510423
Random expectation,24308,VP-108,0.00010801177328323419,0.0005399713697057384,0.0010797240330758795,0.0021585734770561693,0.005389878997909103,0.00031630118974917845,0.0004855692763479241
Random expectation,24340,DRY-035,8.100664254473422e-05,0.00040498946554923254,0.0008098695720234472,0.0016193017668142407,0.004044975269158146,0.00023723495159558405,0.00036426652706633684
Random expectation,24346,K-036,0.0002990674533046578,0.0014945243402645358,0.002987017856388441,0.005965922349320474,0.014854153823978589,0.0008753844199978313,0.0013418773542195638
Random expectation,24381,GB-018,0.00013574046423237007,0.0006785549253769396,0.0013567414513252496,0.002712009905008861,0.006768989274325454,0.0003974752965213683,0.000610054184499414
Random expectation,24396,R-007,0.00021762785636558757,0.0010877249217127183,0.0021744144503166307,0.0043446907072113294,0.010830757794273005,0.0006371321436405852,0.0009772705639904265
Random expectation,24461,CV-013,0.00010873110796993934,0.0005435668738567045,0.0010869121188844533,0.0021729379634506385,0.0054257026697156485,0.00031840727148656504,0.0004888003954369246
Random expectation,24486,HX-050,0.00013636239670544725,0.0006816632340159723,0.0013629546855309371,0.00272442284941532,0.006799920370870294,0.0003992959599055461,0.0006128462354789403
Random expectation,24542,BLR-110,0.0002440545597527377,0.001219743439321963,0.0024381642335412623,0.004871042906128831,0.012138065763700578,0.0007144538299795596,0.0010956481823074626
Random expectation,24545,P-210,0.0006590509666081212,0.003291094729549471,0.006571808034950943,0.013102215593685407,0.03244752363709624,0.0019273998354461925,0.002946407119433663
Random expectation,24551,P-158,0.00043910203633568123,0.0021937032271491796,0.004382894272550453,0.008747774456522528,0.02173502047099729,0.0012848388013860076,0.0019674245137122357
Random expectation,24623,BM-118,0.00013546097369343535,0.0006771580790189136,0.0013539492738956493,0.0027064316075965378,0.0067550888877332405,0.0003966571062862708,0.0006087994541976979
Random expectation,24649,TK-037,0.000355628504992489,0.001776975413841364,0.0035510356830373846,0.007090428319075581,0.017639097499510314,0.0010407996267858153,0.0015947534844624213
Random expectation,24715,P-674,0.00016481252575195615,0.0008238362876753502,0.0016471069091511525,0.0032919523964284325,0.008212945162443641,0.00048257063006915043,0.0007404968216887316
Random expectation,24743,AG-106,0.0001086041649697167,0.000542932365765747,0.0010856436198525277,0.0021704030331427537,0.005419380835261722,0.0003180356057617085,0.00048823019339252035
Random expectation,24765,BLR-217,8.129860979377845e-05,0.00040644898587594014,0.0008127878229756691,0.0016251351105567302,0.004059534955118016,0.0002380898910228877,0.0003655787108850235
Random expectation,24775,BLR-110,0.0002167962927833722,0.0010835702641067702,0.002166113030076633,0.0043281194080436736,0.01078956533627684,0.0006346987543235777,0.0009735435281188866
Random expectation,24829,P-296,0.00027495188342041565,0.0013740791612073533,0.0027464588046720584,0.005486127011499864,0.013664537184148284,0.0008048444518380888,0.001233977551524244
Random expectation,24914,TK-242,0.00013682885446886228,0.0006839945034590178,0.0013676146769220354,0.002733732648481535,0.00682311861584306,0.00040066147918843727,0.0006149402930368653
Random expectation,24916,DRY-009,8.126777732631041e-05,0.00040629485695387046,0.0008124796486602692,0.0016245190959724987,0.004057997422645232,0.00023799960733150092,0.00036544014125501726
Random expectation,24919,DP-025,0.00013547565502480818,0.0006772314538563418,0.0013540959440517808,0.002706724630028523,0.006755819063582802,0.00039670008494347114,0.0006088653639446812
Random expectation,24926,CR-031,0.00013546097369343535,0.0006771580790189136,0.0013539492738956493,0.0027064316075965378,0.0067550888877332405,0.0003966571062862708,0.0006087994541976979
Random expectation,24934,K-052,0.00021772854693413723,0.0010882279910658932,0.002175419631004316,0.004346697241202291,0.01083574551749611,0.000637426792031226,0.0009777218515162648
Random expectation,24994,GT-141,8.122816992928161e-05,0.00040609686287607083,0.0008120837677589865,0.0016237277630994917,0.004056022305694573,0.00023788362886136555,0.0003652621345822749
Random expectation,25020,BLR-086,0.00010847457627116697,0.0005422846332466813,0.0010843486821192627,0.0021678152660381533,0.005412927213046537,0.0003176561937433218,0.00048764810627927334
Random expectation,25102,UF-092,8.122597065030046e-05,0.00040608586886303755,0.000812061785686824,0.001623683822766231,0.0040559126333478135,0.00023787718892719894,0.00036525225040723487
Random expectation,25114,P-387,0.00027426565371213574,0.0013706514036926354,0.002739611758830085,0.0054724667407749505,0.013630639051924076,0.0008028369036796661,0.001230905434469814
Random expectation,25136,P-521,0.00027426565371213574,0.0013706514036926354,0.002739611758830085,0.0054724667407749505,0.013630639051924076,0.0008028369036796661,0.001230905434469814
Random expectation,25211,P-315,0.0005943857563558419,0.002968558156701273,0.0059287034011961115,0.011823845935183153,0.02930971351748246,0.0017385551524699452,0.0026590214403440105
Random expectation,25253,HX-335,0.0001090899173643578,0.0005453603346807778,0.0010904975755224866,0.002180103019079005,0.005443571424281313,0.0003194577983850413,0.0004904120880568351
Random expectation,25259,VP-059,8.125457056962215e-05,0.00040622883747964966,0.000812347645480771,0.0016242552326595217,0.004057338836629176,0.00023796093527805824,0.00036538078642286227
Random expectation,25282,GT-103,0.00013538028321558038,0.000676754801449686,0.00135314315564794,0.0027048211175995096,0.00675107574019751,0.00039642089003619115,0.0006084372055043656
Random expectation,25297,P-490,0.00021981645326152321,0.0010986595307540536,0.002196262745258304,0.004388303707471897,0.010939165427357511,0.0006435365538927291,0.0009870795092047145
Random expectation,25323,HX-230,0.0001090899173643578,0.0005453603346807778,0.0010904975755224866,0.002180103019079005,0.005443571424281313,0.0003194577983850413,0.0004904120880568351
Random expectation,25361,TK-112,0.0003831941973450048,0.001914607903424681,0.003825811455165251,0.007638027848722251,0.018993552051370433,0.001121400172650488,0.0017178905178439467
Random expectation,25392,P-186,0.0004944375772558685,0.002469879968143851,0.004933997744350993,0.009844997311183601,0.024441014073712353,0.001446560878421875,0.002214127651743208
Random expectation,25428,SD-102,5.415651232065777e-05,0.0002707678965669924,0.0005414991305433547,0.0010828516107240782,0.002706029149091793,0.00015861233563901813,0.00024359454225792246
Random expectation,25452,EX-136,5.4174115607596995e-05,0.00027085590346642707,0.0005416751205040704,0.0010832034952927838,0.0027069081453693355,0.0001586638883652635,0.00024367369967436336
Random expectation,25505,TK-243,2.736577089379466e-05,0.00013682885446886228,0.0002736577089378356,0.0005473154178754491,0.0013682885446881787,8.015347419320929e-05,0.00012312422249273236
Random expectation,25524,M-119,0.00043781639075113343,0.002187285563013286,0.004370085308176175,0.008722261680254029,0.021672021144005793,0.0012810806508920208,0.0019616878807811097
Random expectation,25573,RLP-104,0.00013501107090785336,0.0006749095385006898,0.0013494546254955164,0.002697452035420267,0.006732712773631633,0.0003953400435119755,0.0006067796721010125
Random expectation,25585,GB-066,0.000135692574902313,0.0006783155827079224,0.0013562630258459052,0.002711054092849219,0.006766607522234125,0.00039733510370887695,0.0006098391930320157
Random expectation,25596,HV-107,0.00013586956521738358,0.0006792001498038269,0.0013580311991908678,0.002714586598500879,0.006775410025507189,0.000397853230895544,0.0006106337618383503
Random expectation,25607,M-045,0.00038362470543107374,0.0019167573798237747,0.00383010275920892,0.007646579937135467,0.01901470487493606,0.0011226589518432365,0.0017198135989909258
Random expectation,25614,HP-084,0.0001354316205747219,0.000677011377032577,0.0013536560288824884,0.002705845753021907,0.006753629009438322,0.0003965711769037737,0.0006086676775028866
Random expectation,25648,DRY-033,0.00010835997182645496,0.0005417117973917085,0.001083203476218042,0.0021655267167128844,0.0054072197931659405,0.0003173206527322056,0.0004871333245529499
Random expectation,25658,DOS-112,0.00016205266711677435,0.0008100445110924559,0.0016195421382544373,0.003236897922320181,0.008075870758518677,0.00047449240572131795,0.000728113788078584
Random expectation,25699,P-353,0.00035743744844651815,0.001786008229277325,0.0035690715997012123,0.007126381564291795,0.017728096554044948,0.0010460895534107448,0.0016028384180654777
Random expectation,25777,HV-228,0.00010872224185265456,0.0005435225577289371,0.0010868235227681211,0.002172760915715277,0.005425261132928627,0.00031838131313340626,0.000488760570683219
Random expectation,25806,CV-044,0.0001631143975641125,0.000815350286682115,0.0016301465013229821,0.0032580779193861487,0.008128605750022166,0.00047760014680032733,0.0007328776667672917
Random expectation,25813,CR-083,0.00010839520893179966,0.0005418879256372522,0.0010835555895406523,0.0021662303709166775,0.005408974640020214,0.0003174238205952207,0.00048729160313348943
Random expectation,25885,AG-062,8.141775449832522e-05,0.00040704458015339284,0.0008139786884568956,0.0016275155494867022,0.004065476367459353,0.0002384387706948095,0.0003661141795736907
Random expectation,25934,P-610,0.00035678998792398886,0.0017827751935280967,0.003562616180862288,0.007113513240757374,0.017696242679346552,0.0010441961775915654,0.0015999446743037782
Random expectation,25936,P-642,0.0002474566950783075,0.0012367392557115497,0.0024721187476731687,0.004938803672577485,0.012306359961246072,0.0007244080721826067,0.0011108876941817547
Random expectation,25950,EV-043,8.130081300816716e-05,0.0004064599995594609,0.0008128098443728193,0.0016251791294757956,0.004059644823450226,0.00023809634247912138,0.00036558861273704103
Random expectation,26084,TK-086,0.00027365770893761354,0.0013676146769219244,0.002733545790655434,0.005460364696699527,0.01360060715273792,0.0008010583711718967,0.001228183751892222
Random expectation,26125,P-169,0.0005400442836313024,0.002697452035420267,0.005387990703096146,0.010748395049344994,0.02666542531908811,0.0015798154474801977,0.0024172390794235466
Random expectation,26127,SD-016,0.00010800885672623828,0.000539956791645757,0.001079694888765692,0.002158515235655689,0.0053897337481769725,0.0003162926505870089,0.0004855561756384803
Random expectation,26193,GS-015,8.123476848087563e-05,0.0004061298484869802,0.0008121497211163176,0.0016238595983691928,0.0040563513583233846,0.00023790295075617793,0.0003652917903173904
Random expectation,26271,P-327,0.0005493750858398538,0.002744009544529802,0.005480864998327339,0.01093318428310619,0.027120273443927312,0.001607076893377614,0.00245878486092529
Random expectation,26302,TK-106,0.000328452169152893,0.0016412721817743448,0.00328007473254599,0.006550284451739219,0.016301992994596115,0.0009613271150558442,0.0014732893303243675
Random expectation,26303,SC-080,8.129640669884974e-05,0.00040643797278916427,0.0008127658027717866,0.0016250910940218688,0.004059425092732161,0.00023808343991626172,0.0003655688095693687
Random expectation,26384,UF-037,8.125236986078477e-05,0.00040621783631999975,0.0008123256491210373,0.0016242112637744333,0.004057229093076153,0.000237954491157623,0.000365370895825311
Random expectation,26404,EV-079,0.00010835410120269007,0.0005416824538149179,0.0010831448129122734,0.00216540948545374,0.005406927429387087,0.0003173034646079759,0.0004871069547855518
Random expectation,26467,DC-126,0.00013549401116474957,0.0006773231947674319,0.0013542793264395003,0.002707090997307482,0.006756732005405275,0.0003967538213640817,0.0006089477711997472
Random expectation,26568,K-081,0.0004085078569677769,0.0020409822595587324,0.004078076088599114,0.00814062596359899,0.02023566645786412,0.0011954060275767711,0.0018309047945324552
Random expectation,26594,HP-118,0.00010835410120269007,0.0005416824538149179,0.0010831448129122734,0.00216540948545374,0.005406927429387087,0.0003173034646079759,0.0004871069547855518
Random expectation,26640,TK-134,0.00032402657017871483,0.0016191706469406153,0.003235937732069205,0.006462274189039885,0.01608393464404856,0.0009483833771164309,0.0014534974861609208
Random expectation,26667,M-104,0.0003558816282953625,0.0017782393685782383,0.0035535594436933993,0.007095459282554395,0.017651551470148075,0.0010415398424830971,0.001595884815947806
Random expectation,26680,K-202,0.00021601771345247656,0.0010796803154292656,0.002158340497282474,0.004312603764848877,0.010750996180699968,0.000632420404104416,0.0009700539160040208
Random expectation,26725,P-389,0.00038397191519701224,0.0019184909549718743,0.0038335637344514284,0.007653477248295348,0.019031764570179077,0.0011236741700969106,0.001721364574976529
Random expectation,26727,TRB-119,5.415504589645348e-05,0.0002707605652402245,0.0005414844698752308,0.0010828222973298107,0.002705955925169312,0.00015860804109064564,0.00024358794812791835
Random expectation,26735,P-283,0.00027448397013618564,0.0013717419079135595,0.0027417900751859348,0.005476812622861149,0.013641423480808879,0.0008034755836655865,0.001231882798825651
Random expectation,26791,CR-091,8.111615833872321e-05,0.00040553692615286074,0.0008109641973498283,0.0016214898341837536,0.004050436567755056,0.00023755563618620202,0.00036475872278382527
Random expectation,26839,CV-118,0.00024301992763409164,0.0012145747571306043,0.0024278380556207457,0.004850435232593875,0.01208688042936279,0.0007114265909782732,0.0010910134708221973
Random expectation,26888,P-213,0.0006037984411022546,0.003015514009086284,0.006022346836156434,0.012010064101887652,0.02976733050404956,0.0017660486166239109,0.002700886134813368
Random expectation,26907,TK-140,0.0005473154178753381,0.002733732648481646,0.005460364696699416,0.01089239685094845,0.027019887941413967,0.0016010593409992201,0.0024496147400396404
Random expectation,26990,RLP-101,0.0001896607781510795,0.0009479955995079781,0.00189522078410842,0.0037873619955832716,0.00944534988326573,0.0005552924394116003,0.0008519222116080272
Random expectation,27027,P-238,0.0007409846863164482,0.003699639685005751,0.0073860971676730225,0.01471964605432119,0.03640858696391136,0.0021665874960304205,0.003309988568694624
Random expectation,27105,P-424,0.00024503798088704176,0.0012246562706264008,0.0024479792193763394,0.004890630231604298,0.01218671544595884,0.0007173312178627179,0.0011000534106757327
Random expectation,27108,M-136,0.000438008157901959,0.002188242825035158,0.0043719959046703005,0.008726067208142063,0.021681418372664463,0.0012816412187535444,0.0019625435669103444
Random expectation,27151,HX-108,0.00021810250817888566,0.0010900963714717271,0.002179152829892228,0.004354149408742902,0.010854269558066676,0.0006385211047369525,0.0009793979105565864
Random expectation,27188,TK-077,0.00030108115505678157,0.0015045818660732735,0.003007105480952843,0.006005988092136039,0.014953500908444828,0.0008812747258021164,0.0013508876489147627
Random expectation,27258,M-046,0.00043842823477835413,0.0021903397596602092,0.004376181164401749,0.008734403388460432,0.021702003247961454,0.0012828691729121454,0.001964417985349858
Random expectation,27265,P-313,0.0005766695957820644,0.002880182421985844,0.005752463330687352,0.01147340294153476,0.028448716994781575,0.00168680994322049,0.0025802370863309805
Random expectation,27273,P-689,8.240626287603359e-05,0.0004119860424320887,0.0008238589143225727,0.0016472652086619854,0.004114769615445879,0.00024133331699343247,0.0003705567717408908
Random expectation,27328,GT-098,5.415211328618774e-05,0.0002707459037772919,0.0005414551509198562,0.0010827636753009129,0.002705809489211952,0.0001585994526915316,0.0002435747609388751
Random expectation,27391,K-153,0.00010889983937278913,0.0005444102554729158,0.001088598193791257,0.002176307361086538,0.005434105544935952,0.0003189012856929459,0.0004895583007558578
Random expectation,27399,P-116,0.0005214336681486076,0.0026045936425413974,0.00520275954349847,0.01037986802172064,0.025758479185003957,0.0015254430866672249,0.0023343844251722235
Random expectation,27431,DP-122,0.00013547565502480818,0.0006772314538563418,0.0013540959440517808,0.002706724630028523,0.006755819063582802,0.00039670008494347114,0.0006088653639446812
Random expectation,27447,M-028,0.00046528176916549313,0.0023243721005800078,0.004643658606234502,0.009267016544725504,0.02301611700564865,0.0013613560405232317,0.002084174303458443
Random expectation,27463,BM-046,5.416824657389352e-05,0.0002708265614773664,0.0005416164444744798,0.0010830861750281695,0.002706615083167385,0.00015864670040006417,0.00024364730815335875
Random expectation,27500,EX-036,0.00010834823121508297,0.0005416531134165847,0.001083086155959867,0.0021652922668862207,0.005406635097221724,0.0003172862783456837,0.0004870805878729239
Random expectation,27565,HP-042,0.0001350183624972967,0.0006749459806977276,0.001349527470528411,0.0026975975681367004,0.006733075427211799,0.0003953613892106293,0.0006068124068940949
Random expectation,27568,BLR-101,0.00010847457627116697,0.0005422846332466813,0.0010843486821192627,0.0021678152660381533,0.005412927213046537,0.0003176561937433218,0.00048764810627927334
Random expectation,27618,DC-024,0.00013549768298959375,0.0006773415459323529,0.0013543160088775874,0.0027071642826653752,0.006756914623379462,0.00039676457039522495,0.0006089642553276627
Random expectation,27639,SC-073,5.419760446589983e-05,0.00027097333502967835,0.0005419099518103598,0.0010836730306243991,0.0027080810290863733,0.00015873267748548408,0.0002437793229569809
Random expectation,27644,GB-025,8.14155449413434e-05,0.00040703353476712056,0.0008139566036803325,0.0016274714039118399,0.00406536618326081,0.00023843230066862068,0.0003661042492319764
Random expectation,27650,BM-108,5.417851821754027e-05,0.0002708779141308293,0.000541719135869867,0.0010832915021721234,0.0027071279836722306,0.0001586767817834516,0.00024369349706745335
Random expectation,27669,TK-022,0.00027365770893761354,0.0013676146769219244,0.002733545790655434,0.005460364696699527,0.01360060715273792,0.0008010583711718967,0.001228183751892222
Random expectation,27677,M-105,0.0003831732216657002,0.001914503174229254,0.003825602369226244,0.007637611162985114,0.01899252141008123,0.0011213388409909168,0.0017177968190148429
Random expectation,27678,BLR-127,0.00018982021314095654,0.0009487922559484607,0.0018968128015076635,0.0037905408537209917,0.009453258308810164,0.0005557590528843862,0.0008526371885984327
Random expectation,27682,F-225,8.150402086504194e-05,0.00040747581828914914,0.0008148409305125393,0.0016292390969255832,0.004069778214828346,0.00023869137589343448,0.00036650188353787907
Random expectation,27714,DOS-128,0.00018994383089576683,0.000949409942397117,0.0018980471692056078,0.00379300557240958,0.009459390061882789,0.0005561208409466357,0.0008531915439115742
Random expectation,27805,P-144,0.00041178246904771676,0.0020573302617251654,0.0041107095475053645,0.0082056433660318,0.020396351859697792,0.0012049795548078185,0.001845524623449765
Random expectation,27837,F-146,0.00016297704739920427,0.0008146639090506058,0.0016287746785877966,0.0032553380009867627,0.008121783846311792,0.0004771981163629158,0.0007322613950624107
Random expectation,27885,DC-008,8.128979813037951e-05,0.00040640493710997205,0.000812699749318857,0.0016249590587231744,0.004059095541249613,0.00023806408869374602,0.00036553910884014296
Random expectation,27909,HX-018,0.0003793935123709291,0.0018956313797634516,0.003787925561999028,0.007562524021155204,0.01880678907497313,0.0011102870979310137,0.0017009121733455963
Random expectation,27958,SEP-062,8.132505624980357e-05,0.000406581189484001,0.0008130521585204553,0.001625663495018137,0.004060853767727246,0.00023816733157993133,0.00036569756852162345
Random expectation,27981,DOS-137,0.0001627869119322778,0.0008137137478138046,0.0016268756457279432,0.0032515450895203024,0.008112340140635999,0.00047664158048049405,0.0007314082804605927
Random expectation,28083,P-154,0.0005214622900427957,0.002604736469412172,0.0052030444922224195,0.010380435108951924,0.02575987602225227,0.001525526719624464,0.002334511925352077
Random expectation,28131,M-093,0.000383257138164228,0.0019149221597702937,0.0038264388501335622,0.007639278178773856,0.01899664464646722,0.0011215842078902436,0.0017181716756720811
Random expectation,28279,P-218,0.00046710996318077846,0.0023334970366659658,0.0046618684675863165,0.009303276717322784,0.02310558061817891,0.0013666994333342585,0.002092327281091334
Random expectation,28423,TK-096,0.0002700221418155957,0.0013494546254954054,0.0026972701047616177,0.005387990703095924,0.013420996728580548,0.0007904224808914674,0.0012119072065491284
Random expectation,28479,BLR-033,0.00013551604509975945,0.0006774333166753577,0.0013544994508801755,0.0027075307689800043,0.006757827861340271,0.0003968183242886508,0.0006090466893557407
Random expectation,28481,P-227,0.0004936781766818887,0.0024660900477796455,0.00492643557491701,0.009829943424973786,0.024403903131348104,0.0014443416224139633,0.0022107429366216612
Random expectation,28531,GB-040,5.4277029960969614e-05,0.0002713704194251543,0.0005427040129007965,0.0010852607220052102,0.0027120470265373786,0.00015896528177699397,0.0002441364785507857
Random expectation,28617,HP-113,0.00010833062506765412,0.0005415651112899988,0.00108291022321505,0.002164940687314987,0.005405758290359275,0.0003172347307274068,0.0004870015042590276
Random expectation,28628,M-020,0.0004106326480330935,0.0020515899781788915,0.004099250998880533,0.008182814107472125,0.02033993282304347,0.0012016179993487024,0.0018403912364056434
Random expectation,28653,HX-007,0.00032402657017871483,0.0016191706469406153,0.003235937732069205,0.006462274189039885,0.01608393464404856,0.0009483833771164309,0.0014534974861609208
Random expectation,28655,HV-117,0.00021759825921396914,0.0010875770486440395,0.002174118985696527,0.004344100902662906,0.01082929169058533,0.0006370455341830868,0.0009771379116385458
Random expectation,28679,M-041,0.00041045286632923617,0.0020506924467316168,0.004097459373156642,0.008179244568054855,0.020331111085266307,0.001201092397563462,0.0018395885892313608
Random expectation,28709,K-078,0.0002448646442660962,0.0012237903421642438,0.002446249247440746,0.0048871778169181646,0.01217814066326417,0.0007168240538324951,0.0010992769560854193
Random expectation,28726,TK-119,0.0004104865634064758,0.0020508606740550217,0.004097795183677477,0.008179913619460577,0.020332764578187112,0.0012011909128708327,0.0018397390322430138
Random expectation,28754,P-657,0.00013507307453330952,0.0006752194226694597,0.0013500740590585147,0.0026986895642614472,0.006735796574859787,0.0003955215554536955,0.0006070580304696196
Random expectation,28805,M-113,0.0005200208008320217,0.0025975432367202345,0.0051886934857932054,0.010351874436954955,0.02568952456446938,0.0015213146855044284,0.002328090526333381
Random expectation,28837,CF-126,0.00013545730385777777,0.0006771397377937083,0.0013539126113210065,0.002706358361901362,0.006754906368432012,0.00039664636307703313,0.0006087829789904966
Random expectation,28839,TK-142,0.0003285510896944288,0.0016417661889505109,0.0032810612599021294,0.006552251570671519,0.016306866516752838,0.0009616164292837139,0.0014737316971475227
Random expectation,28848,M-056,0.00030141941141004214,0.0015062712957244484,0.0030104797151014884,0.006012718093998393,0.014970188096204762,0.0008822641588582464,0.001352401142040857
Random expectation,28852,BM-066,8.125236986078477e-05,0.00040621783631999975,0.0008123256491210373,0.0016242112637744333,0.004057229093076153,0.000237954491157623,0.000365370895825311
Random expectation,28911,DC-081,8.129860979377845e-05,0.00040644898587594014,0.0008127878229756691,0.0016251351105567302,0.004059534955118016,0.0002380898910228877,0.0003655787108850235
Random expectation,28919,HV-226,0.00010871337718110219,0.0005434782488269452,0.0010867349410940141,0.002172583896829172,0.005424819667999348,0.00031835535901244443,0.0004887207524183851
Random expectation,28929,P-323,0.0004665459136066197,0.002330681742438334,0.004656250240297366,0.009292089554838623,0.02307797936881817,0.0013650508502182231,0.0020898118869124185
Random expectation,29081,F-065,0.00010861596111544358,0.0005429913272777531,0.0010857614948457384,0.002170638591085239,0.005419968291352606,0.0003180701427111205,0.0004882831793175946
Random expectation,29136,TK-343,0.00010951702989814294,0.0005474951971050634,0.0010947655501899467,0.0021886319705609614,0.005464841376460972,0.00032070830234014045,0.0004923305718733116
Random expectation,29157,K-012,0.00032659282040115034,0.0016319865985090498,0.003261531432991016,0.006513309092508135,0.01621038435189337,0.0009558890293916181,0.0014649742821188545
Random expectation,29179,TRB-097,0.00010832769126611907,0.0005415504470489552,0.0010828809066477652,0.002164882101819865,0.005405612183530306,0.0003172261410860512,0.0004869883261533513
Random expectation,29237,P-139,0.0004940169063563093,0.0024677805383531703,0.004929808677152425,0.009836658217424632,0.024420456582115446,0.0014453315197243384,0.0022122526905845184
Random expectation,29318,M-050,0.00027363524421941676,0.0013675024639521194,0.002733321640996711,0.0054599175006910805,0.013599497401368232,0.0008009926509157193,0.001228083179957997
Random expectation,29369,HX-139,0.00040890875882559907,0.0020429837117786898,0.004082071362542017,0.008148586070502728,0.020255340029961988,0.0011965780960848161,0.0018326947087403873
Random expectation,29407,P-245,0.000548907673729282,0.002741677357394501,0.005476212780524126,0.010923928293393947,0.02709749323945554,0.0016057113011358638,0.0024567038650673456
Random expectation,29445,M-062,0.00035622294075743355,0.0017799436882701691,0.003556962484129289,0.007102243018200727,0.01766834422723851,0.0010425379509333141,0.0015974102993676425
Random expectation,29465,HP-128,0.00013501107090785336,0.0006749095385006898,0.0013494546254955164,0.002697452035420267,0.006732712773631633,0.0003953400435119755,0.0006067796721010125
Random expectation,29489,P-255,0.00024311183144243298,0.0012150338791370174,0.002428755307889219,0.004852265775774356,0.012091427189325321,0.000711695493664467,0.0010914251642433754
Random expectation,29497,FM-117,0.00013552339133737767,0.0006774700319357452,0.0013545728415964575,0.0027076773912911856,0.006758193225648412,0.0003968398299245028,0.0006090796692162912
Random expectation,29508,K-103,0.000459062432490831,0.002293329492746965,0.004581708331477308,0.009143654109880495,0.022711713986994675,0.0013431780101983745,0.0020564365624364716
Random expectation,29543,K-081,0.00043209376434683033,0.0021587190766065856,0.004313068749786653,0.008608692893395387,0.021391555236187743,0.0012643522208422482,0.001936151468599185
Random expectation,29572,CV-145,0.00021748586341885368,0.0010870154974708113,0.002172996952069961,0.004341861105058964,0.010823724114566113,0.0006367166328801403,0.0009766341609599456
Random expectation,29585,M-058,0.0003284341899991716,0.0016411823942266146,0.003279895427669266,0.00654992692064349,0.016301107212605137,0.0009612745311715545,0.0014732089285235186
Random expectation,29602,HX-007,0.00029986642313872824,0.0014985148405824988,0.00299498799687703,0.00598181926949104,0.01489357250880885,0.0008777215035258183,0.0013454523790510176
Random expectation,29636,TRB-131,5.416384563305954e-05,0.00027080455915706736,0.000541572445794003,0.0010829982015063688,0.002706395328155531,0.00015863381186979135,0.0002436275182639259
Random expectation,29666,P-201,0.00046657152266993407,0.0023308095629780423,0.004656505320475901,0.009292597478512743,0.023079232540462735,0.001365125699527214,0.002089926091797071
Random expectation,29674,TK-239,0.00021896811276855832,0.0010944210847079194,0.0021877939881861375,0.004371398693260975,0.010897145840053413,0.0006410540934727552,0.0009832774262537808
Random expectation,29683,AG-040,0.00013564471935112454,0.000678076408823336,0.0013557849376604203,0.002710098954178952,0.006764227445644533,0.0003971950097558345,0.0006096243530431037
Random expectation,29702,TRB-131,5.4013179215717244e-05,0.00027005130856694315,0.0005400661483548896,0.0010799864215939037,0.00269887199061436,0.0001581925723430024,0.00024295000993053892
Random expectation,29727,TK-403,0.00010951702989814294,0.0005474951971050634,0.0010947655501899467,0.0021886319705609614,0.005464841376460972,0.00032070830234014045,0.0004923305718733116
Random expectation,29799,SD-038,0.00013501107090785336,0.0006749095385006898,0.0013494546254955164,0.002697452035420267,0.006732712773631633,0.0003953400435119755,0.0006067796721010125
Random expectation,29813,R-108,0.0002719904259369521,0.0013592864473219723,0.0027169097748697135,0.005427174304989069,0.013518240804143544,0.0007961807378780232,0.001220719408148237
Random expectation,29821,BLR-126,0.00013554543482974246,0.0006775802015992483,0.0013547930614707937,0.0027081173535207226,0.006759289555653636,0.0003969043608203516,0.0006091786302317248
Random expectation,29840,M-059,0.0005131390606853969,0.0025632018493474407,0.005120178644669515,0.010215514163750994,0.025353598242896624,0.0015012058455950612,0.0022974320258460678
Random expectation,29896,CV-032,0.0001631143975641125,0.000815350286682115,0.0016301465013229821,0.0032580779193861487,0.008128605750022166,0.00047760014680032733,0.0007328776667672917
Random expectation,29898,K-300,8.167487952959185e-05,0.00040832992574157956,0.0008165486807989453,0.00163265273940294,0.004078298392890312,0.00023919168407467352,0.0003672697664247255
Random expectation,29975,F-055,0.00019013988863236797,0.000950389592455636,0.0019000048737360942,0.003796914605620705,0.009469114955760527,0.0005566946363682905,0.0008540707489056444
Random expectation,30062,P-158,0.00043910203633568123,0.0021937032271491796,0.004382894272550453,0.008747774456522528,0.02173502047099729,0.0012848388013860076,0.0019674245137122357
Random expectation,30083,P-132,0.0005224085784987231,0.0026094585597269404,0.005212465342038675,0.010399183811740431,0.0258060567882209,0.0015282917611384723,0.0023387272588638237
Random expectation,30117,CV-135,0.0001903156521030347,0.0009512678367293859,0.0019017599304603783,0.0038004189976130753,0.009477833141339875,0.0005572090368652278,0.0008548589433762891
Random expectation,30154,TK-037,0.0003831941973450048,0.001914607903424681,0.003825811455165251,0.007638027848722251,0.018993552051370433,0.001121400172650488,0.0017178905178439467
Random expectation,30174,M-080,0.0003830893419072279,0.0019140843719965828,0.0038247662539575566,0.007635944874575196,0.018988399963155156,0.0011210935814250172,0.0017174221258885348
Random expectation,30227,P-352,0.00027448397013618564,0.0013717419079135595,0.0027417900751859348,0.005476812622861149,0.013641423480808879,0.0008034755836655865,0.001231882798825651
Random expectation,30258,K-099,0.0002450780165018651,0.0012248562743250035,0.0024483787912078503,0.004891427635493217,0.012188695957048301,0.0007174483576476557,0.0011002327482981741
Random expectation,30279,AG-049,0.0001086041649697167,0.000542932365765747,0.0010856436198525277,0.0021704030331427537,0.005419380835261722,0.0003180356057617085,0.00048823019339252035
Random expectation,30366,HV-051,0.00013586956521738358,0.0006792001498038269,0.0013580311991908678,0.002714586598500879,0.006775410025507189,0.000397853230895544,0.0006106337618383503
Random expectation,30374,M-100,0.0005400442836313024,0.002697452035420267,0.005387990703096146,0.010748395049344994,0.02666542531908811,0.0015798154474801977,0.0024172390794235466
Random expectation,30390,R-117,0.0002719164672612129,0.001358917015879535,0.0027161718159401937,0.005425701997052945,0.013514586991119959,0.0007959643710922742,0.00122038829357417
Random expectation,30399,F-094,5.432568246643843e-05,0.00027161365553241,0.0005431904190655867,0.0010862332701336852,0.0027144764153548273,0.00015910776473927973,0.0002443552559497889
Random expectation,30404,EV-033,5.4200542005444774e-05,0.00027098802113523224,0.000541939320040985,0.001083731751163497,0.0027082277110203057,0.00015874128031969574,0.000243792532305986
Random expectation,30407,P-680,0.00010978153474583419,0.000548817286319836,0.0010974086413291229,0.0021939138054648533,0.0054780133941702,0.00032148272106542037,0.0004935186559692987
Random expectation,30428,BLR-117,0.0001355858665292864,0.0006777822724052252,0.0013551969839350475,0.0027089243223930026,0.006761300418094973,0.0003970227219868677,0.0006093601423054351
Random expectation,30467,FM-139,0.0001620176599249623,0.0008098695696614477,0.0016191924915986977,0.003236199573068199,0.00807413195054596,0.0004743899375961994,0.0007279567128479512
Random expectation,30480,P-321,0.000494071146245112,0.0024680512319458225,0.0049303488022075515,0.009837733435621665,0.02442310721834795,0.00144549002922593,0.002212494442600569
Random expectation,30482,GS-111,0.0001354316205747219,0.000677011377032577,0.0013536560288824884,0.002705845753021907,0.006753629009438322,0.0003965711769037737,0.0006086676775028866
Random expectation,30645,SEP-120,5.421670416649871e-05,0.0002710688231791769,0.0005421009022249512,0.0010840548279151818,0.0027090347457765507,0.00015878861258118745,0.00024386520932147374
Random expectation,30654,SEP-117,0.00018972246313964103,0.000948303823892882,0.0018958367317885028,0.003788591888621018,0.0094484096391102,0.0005554729710036228,0.0008521988346053078
Random expectation,30679,TK-068,0.00027365770893761354,0.0013676146769219244,0.002733545790655434,0.005460364696699527,0.01360060715273792,0.0008010583711718967,0.001228183751892222
Random expectation,30708,P-210,0.0006590509666081212,0.003291094729549471,0.006571808034950943,0.013102215593685407,0.03244752363709624,0.0019273998354461925,0.002946407119433663
Random expectation,30757,HV-129,0.0001902173913043148,0.0009507768531821226,0.0019007787639916396,0.0037984598639136946,0.009472959236208722,0.0005569214606392878,0.0008544183025198828
Random expectation,30792,CR-142,8.127658421608341e-05,0.0004063388818594804,0.000812567674616127,0.0016246950524806403,0.004058436598780912,0.00023802539568428763,0.0003654797218575967
Random expectation,30862,HV-014,0.00013589172147632222,0.0006793108829327155,0.0013582525450784866,0.0027150288090896924,0.006776511948962005,0.0003979180918213425,0.000610733228545692
Random expectation,30864,GT-056,8.119299575093386e-05,0.000405921030070977,0.000811732197354309,0.0016230250030347948,0.004054268259573335,0.00023778063173943641,0.00036510405194854566
Random expectation,30872,M-083,0.00049275917763969,0.002461503609010096,0.004917284046307424,0.009811725483038325,0.024358991066924296,0.0014416559489810123,0.0022066468118846403
Random expectation,30892,GT-005,5.4149180993667834e-05,0.0002707312439023113,0.0005414258351397194,0.0010827050596200483,0.002705663069103137,0.00015859086522246633,0.00024356157517759156
Random expectation,30925,P-430,0.0004900759617740835,0.0024481124208856064,0.004890563775825418,0.00975853255230974,0.02422784965977398,0.001433814481918712,0.0021946868838221612
Random expectation,30931,K-212,8.167487952959185e-05,0.00040832992574157956,0.0008165486807989453,0.00163265273940294,0.004078298392890312,0.00023919168407467352,0.0003672697664247255
Random expectation,30967,P-439,0.000274453836864641,0.0013715913903847854,0.0027414894118323874,0.005476212780523904,0.01363993495893312,0.0008033874294662656,0.001231747897682285
Random expectation,30992,TK-039,0.00024620434961020177,0.0012304830224291186,0.0024596200043908167,0.004913861000133912,0.012244412809773508,0.0007207438756073829,0.0011052780508376148
Random expectation,30999,DP-069,8.130081300816716e-05,0.0004064599995594609,0.0008128098443728193,0.0016251791294757956,0.004059644823450226,0.00023809634247912138,0.00036558861273704103
Random expectation,31040,HV-017,0.00010801760686995898,0.0005400005281875897,0.0010797823264170336,0.002158689969286365,0.005390169520861354,0.0003163182694568167,0.00048559547988773395
Random expectation,31058,HX-120,0.0002709953659791875,0.0013543160088776984,0.0027069810394675375,0.005407365321052904,0.013469080418820667,0.0007932696749997379,0.0012162644661900365
Random expectation,31087,P-438,0.00035743744844651815,0.001786008229277325,0.0035690715997012123,0.007126381564291795,0.017728096554044948,0.0010460895534107448,0.0016028384180654777
Random expectation,31088,M-083,0.0005200208008320217,0.0025975432367202345,0.0051886934857932054,0.010351874436954955,0.02568952456446938,0.0015213146855044284,0.002328090526333381
Random expectation,31124,P-483,0.0002196836555360404,0.0010979960527117694,0.0021949370646900945,0.004385657442095958,0.01093258785628215,0.000643147954501454,0.0009864843416012895
Random expectation,31177,P-503,0.0002746875429199269,0.0013727587659551066,0.0027438212790611427,0.0054808649983274504,0.013651479507346354,0.0008040711309045938,0.001232794155000628
Random expectation,31180,M-010,0.00041102647010471394,0.002053556069875895,0.0041031756477067916,0.008190633347257337,0.020359257088647942,0.0012027693585360052,0.001842149471332032
Random expectation,31258,EX-136,5.4174115607596995e-05,0.00027085590346642707,0.0005416751205040704,0.0010832034952927838,0.0027069081453693355,0.0001586638883652635,0.00024367369967436336
Random expectation,31301,DC-106,0.00013549768298959375,0.0006773415459323529,0.0013543160088775874,0.0027071642826653752,0.006756914623379462,0.00039676457039522495,0.0006089642553276627
Random expectation,31313,CV-124,0.00019022256039569196,0.0009508026817856008,0.0019008303790912784,0.003798562925855231,0.009473215632557874,0.0005569365888295618,0.0008544414828185406
Random expectation,31389,P-242,0.0007290597829021639,0.003640183811288944,0.007267605738788485,0.014484335907351542,0.035832687329177215,0.0021317789370135067,0.0032570944207072476
Random expectation,31414,P-426,0.00040516449678573707,0.0020242908366516765,0.004044756587176623,0.008074239668919958,0.020071582709632718,0.0011856313653960183,0.0018159771055566082
Random expectation,31543,P-388,0.00027426565371213574,0.0013706514036926354,0.002739611758830085,0.0054724667407749505,0.013630639051924076,0.0008028369036796661,0.001230905434469814
Random expectation,31547,TK-173,0.00016419462536254592,0.0008207484796332043,0.0016409355257389624,0.0032796265463667096,0.008182257134857318,0.0004807620169770983,0.0007377244538423563
Random expectation,31549,R-201,8.16237688414656e-05,0.00040807442794332793,0.0008160378242902944,0.001631631582624471,0.004075749670462869,0.00023904202183465514,0.00036704006200136954
Random expectation,31568,DRY-013,8.126997886981346e-05,0.0004063058622857385,0.0008125016533611085,0.0016245630815261425,0.004058107207767558,0.00023800605389581145,0.00036545003560192415
Random expectation,31579,P-517,0.00019228128004400435,0.0009610895314063894,0.0019213872171517377,0.003839609226343188,0.009575327446073922,0.0005629617425078322,0.000863673450507577
Random expectation,31590,AG-128,0.00013575520621211812,0.0006786286032590683,0.001356888727077954,0.00271230413666268,0.006769722458479066,0.00039751845267644475,0.000610120366219909
Random expectation,31611,TK-151,8.206811653677093e-05,0.00041029568151207396,0.0008204791193082706,0.001640509325173567,0.004097907690533975,0.00024034315926475052,0.00036903706819157387
Random expectation,31632,F-013,0.00019013988863236797,0.000950389592455636,0.0019000048737360942,0.003796914605620705,0.009469114955760527,0.0005566946363682905,0.0008540707489056444
Random expectation,31720,HV-221,0.00010869565217386246,0.0005433896526917392,0.0010865578210578208,0.002172229945574533,0.0054239369536428494,0.0003183034634629727,0.0004886411353489904
Random expectation,31739,SD-060,0.00010800885672623828,0.000539956791645757,0.001079694888765692,0.002158515235655689,0.0053897337481769725,0.0003162926505870089,0.0004855561756384803
Random expectation,31764,P-528,0.00016455939222725924,0.0008225713147586022,0.0016445786992260736,0.003286902914493073,0.008200373377767134,0.0004818297011449774,0.0007393610769926489
Random expectation,31772,BLR-101,0.00010847457627116697,0.0005422846332466813,0.0010843486821192627,0.0021678152660381533,0.005412927213046537,0.0003176561937433218,0.00048764810627927334
Random expectation,31785,DRY-089,0.00010835703643508054,0.0005416971252061309,0.0010831741437710152,0.0021654680994969144,0.0054070736073248415,0.00031731205843732956,0.0004871201393123755
Random expectation,31795,F-125,0.00016307449786645556,0.0008151508966369736,0.001629747992209496,0.003257281984182958,0.008126624017029682,0.0004774833585184893,0.0007326986423404441
Random expectation,31808,FCC-052,0.00010825146816051401,0.0005411694553287827,0.001082119232650669,0.002163359991095959,0.005401816176199725,0.00031700297356596335,0.0004866459455596731
Random expectation,31858,HX-209,0.00013636611574752155,0.0006816818211126119,0.001362991839447547,0.002724497076191601,0.006800105330880268,0.00039930684712536474,0.0006128629313470554
Random expectation,31861,F-244,8.100664254473422e-05,0.00040498946554923254,0.0008098695720234472,0.0016193017668142407,0.004044975269158146,0.00023723495159558405,0.00036426652706633684
Random expectation,31865,SC-111,0.00010839520893179966,0.0005418879256372522,0.0010835555895406523,0.0021662303709166775,0.005408974640020214,0.0003174238205952207,0.00048729160313348943
Random expectation,31893,M-070,0.00043791225333222883,0.002187764089311095,0.004371040397641579,0.00872416402920273,0.021676718739911505,0.0012813608735136968,0.0019621156305534957
Random expectation,31949,FCC-126,0.00010829542993284758,0.0005413891927948944,0.0010825585291376338,0.0021642378705786225,0.005404005529517808,0.00031713168572234377,0.00048684341404748633
Random expectation,32042,HX-118,0.0002712305731101816,0.0013554908970404567,0.002709327949862672,0.0054120476967601805,0.013480700891685848,0.000793957778136182,0.001217317509609961
Random expectation,32058,P-203,0.0007135408090455098,0.003562811553009859,0.007113416023001751,0.014178164215485345,0.03508358914608445,0.0020864815717774507,0.0031882723556737155
Random expectation,32081,FM-130,0.00016254876462939993,0.0008125236568691241,0.0016244970769748734,0.003246794399312969,0.008100511665030563,0.00047594451098715635,0.0007303397387665048
Random expectation,32210,TK-167,0.00013685507048033507,0.0006841255261220702,0.001367876578815097,0.002734255878888092,0.006824422398573282,0.00040073822447603583,0.0006150579834747745
Random expectation,32278,FM-132,0.00021683742613975987,0.0010837757748480836,0.0021665236617438577,0.00432893911401766,0.010791602958952096,0.0006348191223136993,0.0009737278875207547
Random expectation,32391,K-071,0.00035344335390552484,0.0017660639549792467,0.0035292484585134343,0.0070469963218441345,0.01753157950158135,0.0010344094923990966,0.0015849867572858237
Random expectation,32446,K-261,0.00010884353741491548,0.0005441288376255571,0.001088035587894609,0.0021751830681084883,0.005431301696101398,0.00031873644405190914,0.0004893054046370027
Random expectation,32451,TK-047,0.00021896811276855832,0.0010944210847079194,0.0021877939881861375,0.004371398693260975,0.010897145840053413,0.0006410540934727552,0.0009832774262537808
Random expectation,32454,P-151,0.000329942260104521,0.0016487136467434604,0.0032949352157461975,0.006579915815799864,0.016375403065770677,0.0009656851905309635,0.0014799528435201748
Random expectation,32528,P-316,0.0006037984411022546,0.003015514009086284,0.006022346836156434,0.012010064101887652,0.02976733050404956,0.0017660486166239109,0.002700886134813368
Random expectation,32543,R-119,0.0001360174102285061,0.0006799390533086536,0.0013595082026187644,0.002717537392994518,0.006782762958324473,0.0003982860369028841,0.0006112974858701304
Random expectation,32591,CF-050,5.4181453688406656e-05,0.0002708925898947667,0.0005417484834213671,0.0010833501813699575,0.0027072745623794026,0.00015868537855980776,0.00024370669711677582
Random expectation,32620,R-047,0.0001890359168241762,0.0009448733208266002,0.0018889812935426464,0.003774903261084983,0.009414354486338095,0.0005534636740501829,0.0008491200381116385
Random expectation,32623,EV-057,8.12655759020453e-05,0.00040628385221808117,0.0008124576451512544,0.0016244751128002832,0.004057887643462155,0.0002379931611164006,0.00036543024744386317
Random expectation,32682,M-042,0.00041045286632923617,0.0020506924467316168,0.004097459373156642,0.008179244568054855,0.020331111085266307,0.001201092397563462,0.0018395885892313608
Random expectation,32764,CT-126,8.130521979510252e-05,0.00040648202871707007,0.0008128538907468119,0.0016252671744680924,0.004059864577957373,0.0002381092464405255,0.00036560841805033747
Random expectation,32790,P-441,0.00046710996318077846,0.0023334970366659658,0.0046618684675863165,0.009303276717322784,0.02310558061817891,0.0013666994333342585,0.002092327281091334
Random expectation,32801,DP-109,0.00013549401116474957,0.0006773231947674319,0.0013542793264395003,0.002707090997307482,0.006756732005405275,0.0003967538213640817,0.0006089477711997472
Random expectation,32829,P-509,0.00030188264998076697,0.0015085849487522784,0.003015100678642746,0.006021934697958753,0.014993040618284215,0.0008836191747926764,0.0013544738399754342
Random expectation,32877,CV-145,0.00021750360240346822,0.0010871041248897706,0.002173174038272885,0.004342214603749173,0.010824602824891283,0.0006367685420844942,0.0009767136660069362
Random expectation,32892,P-409,0.00024729350991925525,0.0012359240473908129,0.002470490123166025,0.0049355535817600105,0.012298288214380837,0.000723930615187659,0.001110156744434814
Random expectation,32898,BLR-125,0.0001898305084745422,0.000948843699119406,0.0018969156041578339,0.003790746124595068,0.009453768984594602,0.0005557891839094361,0.0008526833573586349
Random expectation,32907,HX-132,0.000299997272752095,0.0014991683753193819,0.0029962932849956214,0.005984422733414374,0.014900028087543538,0.000878104253710965,0.001346037866277358
Random expectation,32910,DP-110,0.00013543528901893698,0.0006770297113045665,0.001353692677562246,0.0027059189709726095,0.006753811459716319,0.0003965819160404911,0.000608684146469895
Random expectation,32936,AG-071,0.00013564471935112454,0.000678076408823336,0.0013557849376604203,0.002710098954178952,0.006764227445644533,0.0003971950097558345,0.0006096243530431037
Random expectation,32986,DC-133,0.00010839520893179966,0.0005418879256372522,0.0010835555895406523,0.0021662303709166775,0.005408974640020214,0.0003174238205952207,0.00048729160313348943
Random expectation,33017,R-026,0.0001632475376829312,0.0008160156252212669,0.0016314762737081878,0.0032607338483366943,0.008135218512716258,0.00047798985402110563,0.0007334750472014645
Random expectation,33021,SEP-136,0.00010841283607976315,0.0005419760327156631,0.0010837317320609996,0.00216658236952727,0.00540985249065129,0.0003174754296874091,0.0004873707810007382
Random expectation,33098,P-502,0.00027495188342041565,0.0013740791612073533,0.0027464588046720584,0.005486127011499864,0.013664537184148284,0.0008048444518380888,0.001233977551524244
Random expectation,33108,RLP-109,0.00013546831396138437,0.0006771947644501619,0.0013540226050018367,0.0027065781108817077,0.006755453955927471,0.00039667859445072635,0.0006088324072874089
Random expectation,33133,P-111,0.0004119068541300619,0.002057951231365762,0.004111949101195278,0.00820811295656565,0.020402454967568984,0.001205343199364109,0.0018460799352112201
Random expectation,33150,FM-099,8.127218053255447e-05,0.0004063168682141294,0.0008125236592541052,0.0016246070694621029,0.00405821699883091,0.0002380125008093605,0.00036545993048462717
Random expectation,33216,DOS-140,0.00016286644951135631,0.0008141112198883915,0.0016276700505881703,0.003253131743841897,0.00811629064602204,0.000476874390946409,0.0007317651561893675
Random expectation,33268,P-205,0.0007136583223539272,0.003563397508435595,0.0071145839179879156,0.01418048402119032,0.03508927034729137,0.002086824626630732,0.0031887938237816233
Random expectation,33312,P-271,0.0003022476232346083,0.001510407811214587,0.0030187413996204393,0.006029196161205008,0.015011045175239213,0.0008846867535892315,0.0013561068507346836
Random expectation,33331,CF-083,8.127438231464446e-05,0.000406327874738599,0.0008125456663390374,0.0016246510597802688,0.004058326795835399,0.0002380189480721764,0.0003654698259031703
Random expectation,33375,K-143,0.0003267706886692645,0.0016328748749584454,0.0032633053269223167,0.006516846266203191,0.016219148112309734,0.0009564092472776641,0.0014657697252452293
Random expectation,33414,P-121,0.0002744764361979346,0.0013717042754343156,0.0027417149031648824,0.00547666264995772,0.01364105131988358,0.0008034535433021196,0.0012318490707696867
Random expectation,33456,R-033,8.157494017835276e-05,0.0004078303377527126,0.0008155497767060593,0.0016306560185341823,0.004073314741156464,0.00023889904179368499,0.00036682061343032034
Random expectation,33520,P-271,0.0003291187844546295,0.001644601241589827,0.003286722822820054,0.006563540597242734,0.016334834737080972,0.0009632767712748912,0.0014762703789821961
Random expectation,33556,UF-074,8.125236986078477e-05,0.00040621783631999975,0.0008123256491210373,0.0016242112637744333,0.004057229093076153,0.000237954491157623,0.000365370895825311
Random expectation,33587,SD-139,0.00010829542993284758,0.0005413891927948944,0.0010825585291376338,0.0021642378705786225,0.005404005529517808,0.00031713168572234377,0.00048684341404748633
Random expectation,33595,M-015,0.00041045286632923617,0.0020506924467316168,0.004097459373156642,0.008179244568054855,0.020331111085266307,0.001201092397563462,0.0018395885892313608
Random expectation,33661,P-660,8.248556502610249e-05,0.0004123824660077213,0.0008246515435627044,0.0016488495956777927,0.004118724050597655,0.00024156552883482934,0.00037091317193159733
Random expectation,33666,DP-132,0.00013547565502480818,0.0006772314538563418,0.0013540959440517808,0.002706724630028523,0.006755819063582802,0.00039670008494347114,0.0006088653639446812
Random expectation,33674,DOS-040,8.143322475573367e-05,0.00040712191464453706,0.0008141333154552122,0.0016278246355818649,0.004066247824118796,0.00023848407071184368,0.0003661837070523826
Random expectation,33679,K-112,0.00027187950300422425,0.001358732375452032,0.0027158029867864197,0.005424966142604348,0.013512760825182157,0.000795856231792612,0.0012202228036380278
Random expectation,33707,K-120,0.0005441436539246336,0.0027179066934298612,0.005428794766889511,0.010829583706318813,0.026865281485817905,0.001591792563591849,0.0024354926049091462
Random expectation,33769,M-081,0.00043842823477835413,0.0021903397596602092,0.004376181164401749,0.008734403388460432,0.021702003247961454,0.0012828691729121454,0.001964417985349858
Random expectation,33786,P-246,0.00046150504940822845,0.0023055214261302748,0.004606039416818142,0.009192105797202865,0.022831277354144475,0.0013503174122857908,0.00206733082641703
Random expectation,33797,AG-129,0.00016291067064888587,0.0008143322055388369,0.001628111721942327,0.0032540138877406033,0.008118487034217914,0.0004770038283919722,0.0007319635710068322
Random expectation,33903,K-143,0.0003537414965986141,0.0017675527230046617,0.003532221137510616,0.007052922295185726,0.017546249917740897,0.0010352813679850711,0.0015863193559438285
Random expectation,33949,TRB-046,0.00010829542993284758,0.0005413891927948944,0.0010825585291376338,0.0021642378705786225,0.005404005529517808,0.00031713168572234377,0.00048684341404748633
Random expectation,33950,P-328,0.000548907673729282,0.002741677357394501,0.005476212780524126,0.010923928293393947,0.02709749323945554,0.0016057113011358638,0.0024567038650673456
Random expectation,34003,SC-114,0.00010835997182645496,0.0005417117973917085,0.001083203476218042,0.0021655267167128844,0.0054072197931659405,0.0003173206527322056,0.0004871333245529499
Random expectation,34004,HX-029,0.0001890410219017591,0.0009448988296733019,0.0018890322699082196,0.003775005048672453,0.009414607720073187,0.0005534786149667878,0.0008491429318148187
Random expectation,34087,P-240,0.0007139718804920481,0.0035649609989221176,0.0071177001802941176,0.014186673882571998,0.03510442921540846,0.002087739991323684,0.0031901852397245105
Random expectation,34088,K-017,0.0003510951467847745,0.0017543381845748218,0.0035058350295331664,0.007000321570652224,0.01741602664109032,0.001027542456657227,0.0015744907944853148
Random expectation,34122,DOS-138,0.00021707866388087638,0.0010849810478167354,0.0021689319200146606,0.004333746491058776,0.010803553078137296,0.0006355250526652703,0.0009748091106132213
Random expectation,34128,DRY-119,0.00010835703643508054,0.0005416971252061309,0.0010831741437710152,0.0021654680994969144,0.0054070736073248415,0.00031731205843732956,0.0004871201393123755
Random expectation,34262,P-346,0.0004320354269049531,0.0021584278617522434,0.004312487498958073,0.00860753509390133,0.02138869573795099,0.0012641816861070677,0.0019358911318189355
Random expectation,34275,R-090,0.0001632475376829312,0.0008160156252212669,0.0016314762737081878,0.0032607338483366943,0.008135218512716258,0.00047798985402110563,0.0007334750472014645
Random expectation,34290,TK-011,0.00027356038845571806,0.0013671285536743794,0.0027325747408860623,0.0054584273762076085,0.01359579953771961,0.0008007736612554844,0.0012277480591021527
Random expectation,34369,P-441,0.0004662516113107529,0.0023292128132298417,0.004653318825610042,0.009286252420924068,0.023063577669913293,0.0013641906727369813,0.0020884994272894254
Random expectation,34380,HX-133,0.00027260583921706605,0.0013623604982188064,0.0027230503452929655,0.005439425369548445,0.013548643874493616,0.0007979811323896085,0.0012234746093392863
Random expectation,34408,DC-041,0.00010839520893179966,0.0005418879256372522,0.0010835555895406523,0.0021662303709166775,0.005408974640020214,0.0003174238205952207,0.00048729160313348943
Random expectation,34458,P-604,0.0003291187844546295,0.001644601241589827,0.003286722822820054,0.006563540597242734,0.016334834737080972,0.0009632767712748912,0.0014762703789821961
Random expectation,34466,K-105,0.0002992790096585374,0.0014955809716459267,0.002989128246347894,0.0059701316591105336,0.014864591492796175,0.0008760032487520824,0.0013428239773033421
Random expectation,34488,TRB-039,8.123256884462471e-05,0.00040611885268804215,0.0008121277354735668,0.0016238156509006396,0.004056241668182081,0.0002378965097758267,0.0003652819045373092
Random expectation,34505,M-013,0.0005401463796689265,0.0026979614686394315,0.005389006957833065,0.010750417150043878,0.026670403260402598,0.0015801137438557506,0.0024176937062340502
Random expectation,34540,M-036,0.0004106326480330935,0.0020515899781788915,0.004099250998880533,0.008182814107472125,0.02033993282304347,0.0012016179993487024,0.0018403912364056434
Random expectation,34542,GS-061,5.4172648229933174e-05,0.00027084856737302765,0.0005416604503044598,0.0010831741628436475,0.002706834873869246,0.00015865959102481743,0.0002436671012581222
Random expectation,34613,DC-043,8.100664254473422e-05,0.00040498946554923254,0.0008098695720234472,0.0016193017668142407,0.004044975269158146,0.00023723495159558405,0.00036426652706633684
Random expectation,34636,RLP-075,5.417851821754027e-05,0.0002708779141308293,0.000541719135869867,0.0010832915021721234,0.0027071279836722306,0.0001586767817834516,0.00024369349706745335
Random expectation,34670,DRY-110,0.00018962481376139095,0.0009478158944612458,0.0018948616660916517,0.00378664492666958,0.009443565940685295,0.0005551871834976624,0.0008517609311097533
Random expectation,34683,HX-147,0.00018969675618552007,0.0009481753727116349,0.0018955800382727261,0.003788079336127681,0.009447134499962706,0.0005553977352432739,0.0008520835531946304
Random expectation,34708,HV-102,0.00013586956521738358,0.0006792001498038269,0.0013580311991908678,0.002714586598500879,0.006775410025507189,0.000397853230895544,0.0006106337618383503
Random expectation,34756,AG-027,8.141775449832522e-05,0.00040704458015339284,0.0008139786884568956,0.0016275155494867022,0.004065476367459353,0.0002384387706948095,0.0003661141795736907
Random expectation,34808,CT-055,2.7091460771511144e-05,0.0001354573038578888,0.0002709146077159996,0.0005418292154319992,0.0013545730385785548,7.935002855353961e-05,0.00012189004492656654
Random expectation,34853,CV-008,0.00013592866463685294,0.0006794955184064033,0.0013586216152779995,0.0027157661469875416,0.0067783492847638405,0.0003980262403731098,0.0006108990784206987
Random expectation,34880,DRY-029,5.417851821754027e-05,0.0002708779141308293,0.000541719135869867,0.0010832915021721234,0.0027071279836722306,0.0001586767817834516,0.00024369349706745335
Random expectation,34900,CV-127,0.0002718277699249594,0.0013584739631321563,0.002715286794219396,0.005423936281638064,0.01351020502181921,0.0007957048861279672,0.0012199911931154244
Random expectation,34914,HX-052,0.00021817983472882663,0.0010904827090899571,0.002179924767843011,0.0043556903391203106,0.010858099864785808,0.0006387473831190281,0.0009797444794817315
Random expectation,34934,HP-014,8.124136810461202e-05,0.0004061628394573802,0.0008122156851875229,0.0016239914550489898,0.00405668046434704,0.00023792227579005415,0.0003653214508684113
Random expectation,34967,M-007,0.0004590376410865682,0.002293205749825389,0.004581461379908225,0.009143162337353794,0.022710500406304512,0.0013431055482442257,0.002056325988239071
Random expectation,35025,TK-230,0.00019156039625634058,0.0009574874838373937,0.0019141890467796463,0.0038252365602997607,0.009539572854783906,0.0005608519731742461,0.0008604408108455736
Random expectation,35030,K-127,0.00040506602576217965,0.0020237992258254067,0.00404377522331234,0.00807228435279661,0.02006674961727406,0.0011853434728572266,0.0018155374304310412
Random expectation,35054,P-176,0.0004941389628572157,0.0024683896824585494,0.00493102412498625,0.00983907778896076,0.024426421322875425,0.0014456882150013712,0.0022127967069326157
Random expectation,35078,M-048,0.0004651799151730307,0.002323863722070163,0.004642644073730273,0.00926499635041711,0.023011132506014165,0.0013610583433029493,0.0020837200691307405
Random expectation,35098,CV-115,0.00019022256039569196,0.0009508026817856008,0.0019008303790912784,0.003798562925855231,0.009473215632557874,0.0005569365888295618,0.0008544414828185406
Random expectation,35162,TK-133,0.00046521810519406515,0.002324054337948689,0.004643024471465473,0.009265753820056677,0.023013001440366887,0.001361169964501605,0.0020838903837990357
Random expectation,35201,P-192,0.00027477056657687626,0.0013731734737963963,0.0027446496696487133,0.005482517685878929,0.013655580658774813,0.0008043140144471924,0.0012331658349683408
Random expectation,35231,HX-125,0.0002454523140699161,0.0012267261305267674,0.0024521144280169604,0.004898882630050672,0.012207211815650432,0.0007185435099954362,0.00110190939012732
Random expectation,35240,TK-223,0.00021903405979628587,0.0010947505671552449,0.002188452321819301,0.004372712838590975,0.01090041235092254,0.0006412470715965659,0.000983572988948221
Random expectation,35243,TK-207,0.00010951702989814294,0.0005474951971050634,0.0010947655501899467,0.0021886319705609614,0.005464841376460972,0.00032070830234014045,0.0004923305718733116
Random expectation,35314,CR-030,0.00010800885672623828,0.000539956791645757,0.001079694888765692,0.002158515235655689,0.0053897337481769725,0.0003162926505870089,0.0004855561756384803
Random expectation,35347,K-216,0.00019057471890226996,0.0009525623250691284,0.0019043467942926329,0.00380558428250799,0.009490683204947614,0.0005579672374737538,0.0008560206992840792
Random expectation,35353,M-021,0.00035622294075743355,0.0017799436882701691,0.003556962484129289,0.007102243018200727,0.01766834422723851,0.0010425379509333141,0.0015974102993676425
Random expectation,35401,DOS-109,0.00010853933194043819,0.0005426083062005649,0.001084995764610519,0.002169108377783613,0.005416152101703875,0.0003178457865266746,0.0004879389762356849
Random expectation,35475,F-098,8.148852369960213e-05,0.00040739834930125784,0.0008146860346305296,0.0016289294735013504,0.004069005418131266,0.00023864599709448207,0.00036643223519355314
Random expectation,35530,TK-318,0.00010948405638433467,0.0005473303836930343,0.0010944360587251678,0.002187973528845255,0.005463199326835588,0.0003206117622557203,0.0004921824634506849
Random expectation,35550,CV-120,0.0001903156521030347,0.0009512678367293859,0.0019017599304603783,0.0038004189976130753,0.009477833141339875,0.0005572090368652278,0.0008548589433762891
Random expectation,35566,P-145,0.0003567704045227549,0.001782677405458788,0.0035624209266287288,0.007113124016997374,0.01769527919722602,0.0010441389095539732,0.0015998571482004997
Random expectation,35591,RLP-134,0.0001354719843936758,0.000677213108656427,0.0013540592735339363,0.002706651368472479,0.006755636504822471,0.00039668933940603896,0.0006088488851700635
Random expectation,35605,DC-145,5.419173034193481e-05,0.0002709439675936398,0.0005418512248971386,0.0010835556086338238,0.0027077877128796057,0.00015871547461409266,0.00024375290855281812
Random expectation,35628,BM-112,8.100664254473422e-05,0.00040498946554923254,0.0008098695720234472,0.0016193017668142407,0.004044975269158146,0.00023723495159558405,0.00036426652706633684
Random expectation,35682,TK-109,0.0003010234798314082,0.0015042938055384036,0.003006530147988795,0.006004840572809811,0.014950655593621187,0.0008811060199566263,0.0013506295861381355
Random expectation,35690,P-482,0.0001372419850680373,0.0006860592507131891,0.0013717419079134485,0.002741978061980288,0.006843664397534033,0.0004018708852387386,0.0006167949370584659
Random expectation,35708,TRB-075,0.00013538761474096717,0.000676791443196989,0.001353216399457624,0.002704967446575335,0.006751440374742068,0.0003964423526144195,0.0006084701193891017
Random expectation,35729,VP-106,0.0001354242842827036,0.0006769747114672153,0.001353582737475878,0.002705699329006994,0.006753264138453674,0.00039654970037508996,0.0006086347422422971
Random expectation,35747,GS-110,5.4172648229933174e-05,0.00027084856737302765,0.0005416604503044598,0.0010831741628436475,0.002706834873869246,0.00015865959102481743,0.0002436671012581222
Random expectation,35751,CV-082,0.0001631143975641125,0.000815350286682115,0.0016301465013229821,0.0032580779193861487,0.008128605750022166,0.00047760014680032733,0.0007328776667672917
Random expectation,35763,HV-106,0.00013501107090785336,0.0006749095385006898,0.0013494546254955164,0.002697452035420267,0.006732712773631633,0.0003953400435119755,0.0006067796721010125
Random expectation,35773,K-118,0.00046282431733413176,0.0023121062952468074,0.004619180531360567,0.009218273881293704,0.02289584843245973,0.0013541734011839422,0.002073214656008795
Random expectation,35866,P-335,0.00043950006867188307,0.0021956901120347982,0.004386859864495607,0.008755673023311261,0.021754524133694053,0.0012860023100085864,0.0019692005313043754
Random expectation,35918,P-154,0.0005402193290475754,0.002698325467334506,0.005389733088816184,0.01075186197356337,0.02667396007075784,0.001580326881672262,0.0024180185443844152
Random expectation,35958,CT-109,8.128759551295772e-05,0.0004063939264102867,0.0008126777338870461,0.0016249150517247957,0.004058985702645845,0.0002380576389852668,0.0003655292096695022
Random expectation,35975,CF-062,8.127438231464446e-05,0.000406327874738599,0.0008125456663390374,0.0016246510597802688,0.004058326795835399,0.0002380189480721764,0.0003654698259031703
Random expectation,36016,TRB-042,0.00010827197921181586,0.0005412719772778241,0.0010823241933014538,0.002163769579543451,0.005402837653612935,0.00031706302623463244,0.0004867380775820847
Random expectation,36093,AG-041,0.00013564471935112454,0.000678076408823336,0.0013557849376604203,0.002710098954178952,0.006764227445644533,0.0003971950097558345,0.0006096243530431037
Random expectation,36106,P-535,0.0002722644232078242,0.0013606550919403881,0.0027196437130531104,0.0054326287990164035,0.013531777107933629,0.0007969823188065084,0.0012219460959204075
Random expectation,36125,K-336,8.164820510025983e-05,0.0004081965826387979,0.00081628206719353,0.0016321198025345263,0.004076968227096911,0.00023911357605405187,0.00036714988477933833
Random expectation,36138,EX-011,0.00010834823121508297,0.0005416531134165847,0.001083086155959867,0.0021652922668862207,0.005406635097221724,0.0003172862783456837,0.0004870805878729239
Random expectation,36166,K-147,0.0002721606836676438,0.0013601369023998888,0.0027186086031284473,0.005430563647504938,0.013526652076409351,0.0007966788281697714,0.001221481653962772
Random expectation,36189,K-061,0.00029931972789121186,0.001495784341300599,0.002989534432496166,0.005970941822824538,0.014866600418678266,0.0008761223546014313,0.0013430061733430013
Random expectation,36201,HX-062,0.00027272479341100553,0.0013629546855311592,0.002724237262206608,0.005441793382066629,0.01355452043612193,0.0007983291329009486,0.0012240071629312924
Random expectation,36259,M-076,0.0003558816282953625,0.0017782393685782383,0.0035535594436933993,0.007095459282554395,0.017651551470148075,0.0010415398424830971,0.001595884815947806
Random expectation,36318,BLR-019,0.00010839814639174161,0.0005419026081610046,0.001083584942650928,0.00216628902940863,0.0054091209286739605,0.0003174324209453288,0.00048730479765809787
Random expectation,36363,DC-090,0.00010800885672623828,0.000539956791645757,0.001079694888765692,0.002158515235655689,0.0053897337481769725,0.0003162926505870089,0.0004855561756384803
Random expectation,36370,EX-060,8.121937352789654e-05,0.0004060528903950811,0.0008119958466101806,0.0016235520160347017,0.004055583651890848,0.00023785787121661522,0.00036522260109150205
Random expectation,36389,CV-011,0.0001903156521030347,0.0009512678367293859,0.0019017599304603783,0.0038004189976130753,0.009477833141339875,0.0005572090368652278,0.0008548589433762891
Random expectation,36394,F-129,0.00016307449786645556,0.0008151508966369736,0.001629747992209496,0.003257281984182958,0.008126624017029682,0.0004774833585184893,0.0007326986423404441
Random expectation,36731,BM-127,0.00013501107090785336,0.0006749095385006898,0.0013494546254955164,0.002697452035420267,0.006732712773631633,0.0003953400435119755,0.0006067796721010125
Random expectation,36828,M-069,0.0005206335287992747,0.002600600839744893,0.0051947936314094,0.010364014696509827,0.0257194291493672,0.0015231050811410703,0.00233082006586057
Random expectation,36832,DOS-129,0.0001357220412594451,0.0006784628505182022,0.0013565574015862447,0.0027116422051990385,0.00676807301743132,0.00039742136450286134,0.0006099714775368362
Random expectation,36838,CV-032,0.0001359212743978766,0.000679458583282555,0.001358547785193176,0.002715618647370577,0.006777981737902228,0.00039800460596009084,0.000610865901240015
Random expectation,36859,M-147,0.00043781639075113343,0.002187285563013286,0.004370085308176175,0.008722261680254029,0.021672021144005793,0.0012810806508920208,0.0019616878807811097
Random expectation,36884,BM-108,5.417851821754027e-05,0.0002708779141308293,0.000541719135869867,0.0010832915021721234,0.0027071279836722306,0.0001586767817834516,0.00024369349706745335
Random expectation,36977,SEP-109,0.00010834236186352264,0.0005416237761969311,0.0010830275053603788,0.002165175061008884,0.005406342796666075,0.00031726909394502636,0.0004870542238146028
Random expectation,37030,CF-045,8.127218053255447e-05,0.0004063168682141294,0.0008125236592541052,0.0016246070694621029,0.00405821699883091,0.0002380125008093605,0.00036545993048462717
Random expectation,37076,M-054,0.0004926512849987574,0.0024609651493068263,0.004916209630712709,0.00980958663424114,0.024353718159802806,0.0014413406438891962,0.002206165912558474
Random expectation,37080,TK-089,0.00021892616715013524,0.0010942115173008249,0.0021873752547866276,0.004370562830145364,0.010895068170433841,0.0006409313496755743,0.0009830894333714936
Random expectation,37102,M-142,0.000438008157901959,0.002188242825035158,0.0043719959046703005,0.008726067208142063,0.021681418372664463,0.0012816412187535444,0.0019625435669103444
Random expectation,37149,DOS-011,8.13934559661389e-05,0.00040692311386636426,0.0008137358218092139,0.001627030079843883,0.004064264669670803,0.00023836761971352167,0.00036600497543494626
Random expectation,37204,HX-095,0.00013636239670544725,0.0006816632340159723,0.0013629546855309371,0.00272442284941532,0.006799920370870294,0.0003992959599055461,0.0006128462354789403
Random expectation,37242,AG-106,0.0001356962574972087,0.0006783339876880179,0.0013562998158264117,0.0027111275929414536,0.006766790674424983,0.0003973458842602401,0.0006098557254572245
Random expectation,37319,P-543,0.0003020650263619862,0.0015094958296630878,0.0030169199407570346,0.006025563241874976,0.015002037494865617,0.0008841526419264763,0.0013552898534445533
Random expectation,37339,K-142,0.00040507696462332987,0.0020238538374585113,0.004043884240224616,0.008072501563375578,0.02006728651259604,0.0011853754540126638,0.001815586272708698
Random expectation,37370,EV-010,8.12655759020453e-05,0.00040628385221808117,0.0008124576451512544,0.0016244751128002832,0.004057887643462155,0.0002379931611164006,0.00036543024744386317
Random expectation,37393,P-335,0.0004391743522178526,0.0021940642114409714,0.004383614755907983,0.008749209499436139,0.021738563989991744,0.0012850501917851399,0.0019677471876797616
Random expectation,37440,BLR-112,0.00010847457627116697,0.0005422846332466813,0.0010843486821192627,0.0021678152660381533,0.005412927213046537,0.0003176561937433218,0.00048764810627927334
Random expectation,37476,P-742,0.00010979358805440764,0.000548877533014247,0.0010975290851080732,0.0021941544946663116,0.005478613631133222,0.0003215180107899345,0.000493572796051601
Random expectation,37483,HX-027,0.00021810250817888566,0.0010900963714717271,0.002179152829892228,0.004354149408742902,0.010854269558066676,0.0006385211047369525,0.0009793979105565864
Random expectation,37568,UF-098,0.00013501107090785336,0.0006749095385006898,0.0013494546254955164,0.002697452035420267,0.006732712773631633,0.0003953400435119755,0.0006067796721010125
Random expectation,37574,R-074,0.00021766338357731563,0.0010879024224828004,0.0021747691138843672,0.004345398684110768,0.010832517642780592,0.0006372361060805993,0.0009774297943624952
Random expectation,37577,P-335,0.000438825045939506,0.0021923205537366375,0.004380134612305908,0.00874227781690029,0.021721447676329553,0.0012840291153952141,0.001966188576575023
Random expectation,37578,AG-136,0.00018990260709150775,0.0009492039575718092,0.0018976355348395701,0.003792183643450797,0.009457345260546313,0.0005560001926001728,0.0008530066787306081
Random expectation,37582,M-101,0.0005940487119944216,0.0029668767554323905,0.005925350126805062,0.011817177344830787,0.029293323670313565,0.0017375706591645041,0.0026575222319745774
Random expectation,37592,DC-175,8.129640669884974e-05,0.00040643797278916427,0.0008127658027717866,0.0016250910940218688,0.004059425092732161,0.00023808343991626172,0.0003655688095693687
Random expectation,37627,P-246,0.00043923463365080906,0.0021943651224491934,0.004384215339675701,0.008750405728238375,0.021741517805183186,0.001285226403593529,0.001968016163515812
Random expectation,37656,M-097,0.0005747598324985503,0.0028706545325238864,0.005733459746618985,0.011435603738479183,0.028355762558522235,0.0016812310910523933,0.0025717390414328224
Random expectation,37667,DOS-040,0.00010855111400576156,0.0005426671973448594,0.0010851134989549038,0.002169343654771838,0.00541673885798355,0.000317880282259467,0.0004879918989666238
Random expectation,37692,GB-028,0.0001629239416732764,0.0008143985246301666,0.0016282442700933375,0.0032542786242095723,0.00811914618250098,0.0004770426733286463,0.0007320231164354963
Random expectation,37760,CV-118,0.00021750360240346822,0.0010871041248897706,0.002173174038272885,0.004342214603749173,0.010824602824891283,0.0006367685420844942,0.0009767136660069362
Random expectation,37835,CT-137,0.0001896864753543337,0.0009481240019820758,0.0018954773803286917,0.003787874353960108,0.009446624540668136,0.0005553676466453762,0.0008520374493629312
Random expectation,37904,TK-221,0.00010942415538228722,0.0005470309770249093,0.0010938374911837467,0.0021867773765388288,0.005460216308816657,0.0003204363836537944,0.0004919134035863454
Random expectation,37936,M-135,0.00027363524421941676,0.0013675024639521194,0.002733321640996711,0.0054599175006910805,0.013599497401368232,0.0008009926509157193,0.001228083179957997
Random expectation,37947,M-122,0.00043781639075113343,0.002187285563013286,0.004370085308176175,0.008722261680254029,0.021672021144005793,0.0012810806508920208,0.0019616878807811097
Random expectation,37977,K-031,0.00021768707482994198,0.0010880207885168858,0.0021750056205454005,0.00434587079690929,0.010833691192873696,0.0006373054332246698,0.0009775359767736815
Random expectation,38003,BM-108,5.400880343497949e-05,0.0002700294320264751,0.0005400224011828936,0.0010798989508851164,0.0026986534911048743,0.00015817975749128166,0.00024293033314845
Random expectation,38052,TK-343,0.00010948405638433467,0.0005473303836930343,0.0010944360587251678,0.002187973528845255,0.005463199326835588,0.0003206117622557203,0.0004921824634506849
Random expectation,38095,AG-097,0.00016277366322126063,0.0008136475401983034,0.0016267433203015491,0.0032512807975942914,0.008111682096928585,0.000476602800834593,0.0007313488350118525
Random expectation,38181,P-222,0.0007691251201757954,0.003839925251622911,0.00766563013457211,0.015274581495290929,0.03776538578215605,0.0022487157246215907,0.0034347256224074364
Random expectation,38218,CR-103,8.129860979377845e-05,0.00040644898587594014,0.0008127878229756691,0.0016251351105567302,0.004059534955118016,0.0002380898910228877,0.0003655787108850235
Random expectation,38234,UF-124,0.00010833649314767602,0.0005415944421549579,0.0010829688611125876,0.0021650578678189536,0.0054060505277130355,0.0003172519114057015,0.00048702786261012527
Random expectation,38260,P-494,0.00021961731682540453,0.0010976646141045432,0.002194274824367737,0.004384335505872028,0.010929302036076116,0.0006429538307444211,0.0009861870268643585
Random expectation,38277,GT-126,8.119299575093386e-05,0.000405921030070977,0.000811732197354309,0.0016230250030347948,0.004054268259573335,0.00023778063173943641,0.00036510405194854566
Random expectation,38323,P-506,0.0001361322116039121,0.0006805128102607139,0.0013606550919403881,0.0027198286748385536,0.0067884724675078,0.0003986221097899073,0.0006118128652486522
Random expectation,38341,M-090,0.0003830893419072279,0.0019140843719965828,0.0038247662539575566,0.007635944874575196,0.018988399963155156,0.0011210935814250172,0.0017174221258885348
Random expectation,38360,P-699,0.0001647129876191089,0.0008233388703134947,0.001646112757345941,0.0032899668222418077,0.008208001652707853,0.0004822792792533121,0.0007400502203921017
Random expectation,38370,GB-052,5.42932377772809e-05,0.00027145144970774915,0.0005428660514693595,0.0010855847111540529,0.002712856339500691,0.00015901274773479028,0.00024420936080926236
Random expectation,38371,P-323,0.0004393673110720808,0.002195027417290385,0.0043855372034175,0.008753038583358075,0.021748019024920184,0.0012856142397304421,0.001968608169272749
Random expectation,38410,AG-025,8.141775449832522e-05,0.00040704458015339284,0.0008139786884568956,0.0016275155494867022,0.004065476367459353,0.0002384387706948095,0.0003661141795736907
Random expectation,38471,HX-313,0.00013503659491720388,0.0006750371034104363,0.0013497096175226764,0.0026979614686390985,0.006733982232107083,0.0003954147635432094,0.0006068942593312949
Random expectation,38535,CV-042,0.00016310552927745192,0.0008153059693538633,0.001630057926900963,0.003257901011282538,0.008128165281391597,0.00047757418891184686,0.000732837876001381
Random expectation,38567,HP-067,0.00010832182413955671,0.0005415211209491844,0.0010828222782744978,0.002164764940340791,0.005405319993563973,0.0003172089631987348,0.00048696197208145526
Random expectation,38596,TK-142,0.00032838925072520286,0.0016409579683307474,0.003279447251230194,0.006549033263635429,0.01629889317869515,0.0009611430966250079,0.0014730079624091551
Random expectation,38610,HX-098,0.0002453653217011631,0.0012262915481224823,0.0024512462109920197,0.004897149981708981,0.012202908479371222,0.0007182889803211417,0.0011015197144229676
Random expectation,38613,M-081,0.0005201346875085555,0.0025981115485885775,0.005189827311611994,0.010354130935924966,0.025695082941884273,0.0015216474635921292,0.002328597863482293
Random expectation,38642,P-495,0.00010977550908397582,0.0005487871679323852,0.001097348429352496,0.0021937934806651738,0.005477713325008127,0.0003214650791080464,0.0004934915903818787
Random expectation,38656,VP-132,0.00013501107090785336,0.0006749095385006898,0.0013494546254955164,0.002697452035420267,0.006732712773631633,0.0003953400435119755,0.0006067796721010125
Random expectation,38693,HX-102,0.0001363140676118313,0.0006814216939646789,0.001362471868873838,0.0027234582692360343,0.00679751680601981,0.0003991544800542381,0.0006126292719442491
Random expectation,38698,SD-091,5.415651232065777e-05,0.0002707678965669924,0.0005414991305433547,0.0010828516107240782,0.002706029149091793,0.00015861233563901813,0.00024359454225792246
Random expectation,38714,CV-042,0.00016312770180260117,0.0008154167717085992,0.0016302793810059057,0.0032583433175679133,0.008129266542484803,0.00047763908892437435,0.0007329373610187371
Random expectation,38794,UF-010,0.00010830129420047463,0.000541418504606983,0.0010826171289528563,0.002164354975011329,0.005404297577388584,0.0003171488552408048,0.00048686975528802886
Random expectation,38798,VP-141,0.00010836584308626662,0.0005417411441480668,0.0010832621458789493,0.002165643960666541,0.0054075121885642785,0.0003173378427186754,0.0004871596971755821
Random expectation,38857,P-364,0.00016455939222725924,0.0008225713147586022,0.0016445786992260736,0.003286902914493073,0.008200373377767134,0.0004818297011449774,0.0007393610769926489
Random expectation,38862,CV-219,8.154833097751002e-05,0.00040769732068546283,0.0008152838149056985,0.0016301243842109514,0.004071987823750178,0.00023882112474962972,0.0003667010247766599
Random expectation,38890,P-658,5.4890767372972604e-05,0.00027443877146948736,0.0005488398794508687,0.001097529104949868,0.0027426928577355403,0.000160762662282497,0.0002468962848439743
Random expectation,38895,VP-096,0.00010833942742616287,0.0005416091087787622,0.0010829981824425072,0.0021651164628280206,0.00540619665823916,0.0003172605024427162,0.00048704104285566234
Random expectation,38917,K-233,0.0002449446153008905,0.0012241898492407755,0.0024470473920956692,0.0048887706332042535,0.012182096755392946,0.0007170580403969411,0.001099635183496856
Random expectation,38950,P-155,0.0003842775581905933,0.0019200169905475573,0.0038366103651911176,0.007659548801819183,0.019046781713286665,0.0011245678485660871,0.0017227298650629788
Random expectation,38975,EX-081,8.126117341133998e-05,0.0004062618445347388,0.000812413641708476,0.0016243871536006926,0.00405766810291408,0.0002379802697337169,0.00036541046142863953
Random expectation,39179,P-400,0.00010987501716797077,0.0005492845444318162,0.001098342772650751,0.0021957805291340504,0.005482668673718161,0.00032175641922962473,0.0004939385525362418
Random expectation,39229,EV-004,8.129860979377845e-05,0.00040644898587594014,0.0008127878229756691,0.0016251351105567302,0.004059534955118016,0.0002380898910228877,0.0003655787108850235
Random expectation,39339,P-743,5.489679402725933e-05,0.0002744689014325674,0.0005489001311063113,0.0010976495751767734,0.0027429937851727315,0.00016078031182224575,0.00024692338494571904
Random expectation,39341,EX-105,8.121937352789654e-05,0.0004060528903950811,0.0008119958466101806,0.0016235520160347017,0.004055583651890848,0.00023785787121661522,0.00036522260109150205
Random expectation,39368,CT-109,8.127438231464446e-05,0.000406327874738599,0.0008125456663390374,0.0016246510597802688,0.004058326795835399,0.0002380189480721764,0.0003654698259031703
Random expectation,39413,DP-125,0.00016257078602976982,0.0008126337042149157,0.0016247170225993646,0.0032472336947781955,0.008101605444993387,0.0004760089687949118,0.0007304385466344477
Random expectation,39443,DRY-131,8.126997886981346e-05,0.0004063058622857385,0.0008125016533611085,0.0016245630815261425,0.004058107207767558,0.00023800605389581145,0.00036545003560192415
Random expectation,39452,P-708,0.00013730228470998362,0.000686360616494408,0.0013723443085275067,0.0027431815402323423,0.006846663187185853,0.00040204740734881266,0.0006170656358220581
Random expectation,39457,AG-119,0.00013575520621211812,0.0006786286032590683,0.001356888727077954,0.00271230413666268,0.006769722458479066,0.00039751845267644475,0.000610120366219909
Random expectation,39468,P-534,0.0002746875429199269,0.0013727587659551066,0.0027438212790611427,0.0054808649983274504,0.013651479507346354,0.0008040711309045938,0.001232794155000628
Random expectation,39469,TK-098,0.00021896811276855832,0.0010944210847079194,0.0021877939881861375,0.004371398693260975,0.010897145840053413,0.0006410540934727552,0.0009832774262537808
Random expectation,39627,P-176,0.000548907673729282,0.002741677357394501,0.005476212780524126,0.010923928293393947,0.02709749323945554,0.0016057113011358638,0.0024567038650673456
Random expectation,39710,P-409,0.00027460456942007827,0.0013723443085276177,0.002742993388372361,0.005479213306867736,0.013647380818519239,0.0008038283940077084,0.0012324226990164929
Random expectation,39754,DOS-033,0.00013567416492554774,0.000678223572787795,0.001356079105877761,0.002710686652158345,0.006765691909973004,0.00039728120972561495,0.0006097565443493475
Random expectation,39756,CR-145,0.00013549768298959375,0.0006773415459323529,0.0013543160088775874,0.0027071642826653752,0.006756914623379462,0.00039676457039522495,0.0006089642553276627
Random expectation,39807,P-302,0.00035743744844651815,0.001786008229277325,0.0035690715997012123,0.007126381564291795,0.017728096554044948,0.0010460895534107448,0.0016028384180654777
Random expectation,39827,DRY-048,5.417851821754027e-05,0.0002708779141308293,0.000541719135869867,0.0010832915021721234,0.0027071279836722306,0.0001586767817834516,0.00024369349706745335
Random expectation,39848,CR-041,0.00010817827780185141,0.0005408036223345514,0.0010813878635885787,0.002161898440195098,0.0053981711934851795,0.0003167886853241925,0.0004863171871512938
Random expectation,39863,CF-076,0.0001354316205747219,0.000677011377032577,0.0013536560288824884,0.002705845753021907,0.006753629009438322,0.0003965711769037737,0.0006086676775028866
Random expectation,39889,TK-314,0.00010946308357506762,0.0005472255540848181,0.0010942264855829942,0.0021875547267162787,0.005462154899848581,0.0003205503579122385,0.0004920882590241833
Random expectation,39927,DC-014,8.128759551295772e-05,0.0004063939264102867,0.0008126777338870461,0.0016249150517247957,0.004058985702645845,0.0002380576389852668,0.0003655292096695022
Random expectation,39942,CR-023,8.129640669884974e-05,0.00040643797278916427,0.0008127658027717866,0.0016250910940218688,0.004059425092732161,0.00023808343991626172,0.0003655688095693687
Random expectation,39983,HV-310,8.153503288577113e-05,0.00040763084468531385,0.0008151508990453804,0.0016298586970231455,0.004071324689185918,0.0002387821852840068,0.00036664125968574113
Random expectation,40019,BM-040,0.00010835703643508054,0.0005416971252061309,0.0010831741437710152,0.0021654680994969144,0.0054070736073248415,0.00031731205843732956,0.0004871201393123755
Random expectation,40037,P-689,8.233163181292635e-05,0.0004116129690807657,0.0008231129725040365,0.0016457741443922647,0.004111048096651526,0.00024111478293305406,0.0003702213640292421
Random expectation,40046,HV-123,0.0002174444837053091,0.0010868087563467022,0.0021725838631436734,0.004341036498569317,0.010821674345161014,0.0006365955443096896,0.0009764486995099631
Random expectation,40094,TK-129,0.00038312079251268116,0.001914241401360095,0.0038250797543502024,0.007636569647519464,0.018989945296123745,0.0011211855411885647,0.0017175626166539126
Random expectation,40119,P-223,0.0007412084442858236,0.003700755284316015,0.00738832041455606,0.014724060904474978,0.03641938999685035,0.0021672406227225874,0.0033109809542957473
Random expectation,40141,UF-137,0.00013537661775053778,0.0006767364820635668,0.0013531065367161643,0.0027047479590481815,0.006750893437694416,0.0003964101596185083,0.0006084207498972652
Random expectation,40156,CF-133,0.0001354316205747219,0.000677011377032577,0.0013536560288824884,0.002705845753021907,0.006753629009438322,0.0003965711769037737,0.0006086676775028866
Random expectation,40210,TK-104,0.0004650526603747762,0.002323228561570967,0.004641376531324681,0.009262472345807793,0.023004904916523405,0.0013606864048199465,0.0020831525545776343
Random expectation,40284,P-685,0.00013734377146001897,0.0006865679590984941,0.0013727587659554397,0.002744009544530024,0.006848726379998893,0.0004021688562822501,0.0006172518790950298
Random expectation,40337,TK-046,0.0003557550216189975,0.0017776071665285276,0.00355229711510896,0.007092942908713873,0.017645322287401233,0.0010411696030710835,0.0015953189496319725
Random expectation,40380,CV-328,0.00010873110796993934,0.0005435668738567045,0.0010869121188844533,0.0021729379634506385,0.0054257026697156485,0.00031840727148656504,0.0004888003954369246
Random expectation,40381,K-095,0.00029931972789121186,0.001495784341300599,0.002989534432496166,0.005970941822824538,0.014866600418678266,0.0008761223546014313,0.0013430061733430013
Random expectation,40395,HX-080,0.00027260583921706605,0.0013623604982188064,0.0027230503452929655,0.005439425369548445,0.013548643874493616,0.0007979811323896085,0.0012234746093392863
Random expectation,40432,DC-109,2.7096599376830177e-05,0.00013548299688415089,0.00027096599376830177,0.0005419319875362705,0.0013548299688393994,7.936507936507935e-05,0.00012191316456657427
Random expectation,40441,GB-008,0.000135692574902313,0.0006783155827079224,0.0013562630258459052,0.002711054092849219,0.006766607522234125,0.00039733510370887695,0.0006098391930320157
Random expectation,40554,P-244,0.0006594493597845696,0.0032930816658385265,0.006575769367706208,0.01311008832681726,0.03246683547623774,0.0019285631637780212,0.002948176923007622
Random expectation,40580,CT-124,0.00010840695972680336,0.0005419466605061096,0.0010836730115246773,0.0021664650239472394,0.005409559842115774,0.00031745822479211755,0.00048734438551952983
Random expectation,40587,AG-139,0.0002700221418155957,0.0013494546254954054,0.0026972701047616177,0.005387990703095924,0.013420996728580548,0.0007904224808914674,0.0012119072065491284
Random expectation,40618,BLR-085,0.0001350183624972967,0.0006749459806977276,0.001349527470528411,0.0026975975681367004,0.006733075427211799,0.0003953613892106293,0.0006068124068940949
Random expectation,40629,M-083,0.00049275917763969,0.002461503609010096,0.004917284046307424,0.009811725483038325,0.024358991066924296,0.0014416559489810123,0.0022066468118846403
Random expectation,40695,P-217,0.0006856641342805059,0.003423810095100288,0.006836365071801187,0.013627851412207237,0.033735853726211795,0.00200510141549068,0.003064567721366963
Random expectation,40701,SEP-112,0.00013551604509975945,0.0006774333166753577,0.0013544994508801755,0.0027075307689800043,0.006757827861340271,0.0003968183242886508,0.0006090466893557407
Random expectation,40707,P-222,0.0008105260313944207,0.004046284247828269,0.008076739691007306,0.01609040312206622,0.03975767600980051,0.002369521810685265,0.0036180971405395225
Random expectation,40711,DOS-167,8.13934559661389e-05,0.00040692311386636426,0.0008137358218092139,0.001627030079843883,0.004064264669670803,0.00023836761971352167,0.00036600497543494626
Random expectation,40849,P-340,0.000438825045939506,0.0021923205537366375,0.004380134612305908,0.00874227781690029,0.021721447676329553,0.0012840291153952141,0.001966188576575023
Random expectation,40850,P-122,0.00035743744844651815,0.001786008229277325,0.0035690715997012123,0.007126381564291795,0.017728096554044948,0.0010460895534107448,0.0016028384180654777
Random expectation,40876,P-395,0.00027477056657687626,0.0013731734737963963,0.0027446496696487133,0.005482517685878929,0.013655580658774813,0.0008043140144471924,0.0012331658349683408
Random expectation,40879,AG-116,0.00021711401199553393,0.0010851576541234254,0.0021692847972074603,0.004334450905398968,0.010805304096338397,0.0006356284912581137,0.0009749675398225476
Random expectation,40944,K-119,0.000516936471228413,0.0025821518687167977,0.00515798629190356,0.010290761167755846,0.025538978920105593,0.0015123021755068888,0.002314350178189984
Random expectation,40965,M-125,0.00041054273749896453,0.002051141114270627,0.004098354990213382,0.008181028948401114,0.020335520997450618,0.0012013551409674242,0.0018399898252848903
Random expectation,40989,EX-071,5.414624901856069e-05,0.00027071658561472756,0.0005413965225339323,0.0010826464502848854,0.0027055166648398687,0.00015858227868329874,0.0002435483908438358
Random expectation,41019,AG-143,0.00016290624745463056,0.0008143101015753995,0.0016280675440211168,0.00325392565182292,0.008118267341906349,0.0004769908814855271,0.0007319437246832814
Random expectation,41038,HX-104,0.0001908396946564972,0.0009538863377054341,0.001906992655555495,0.003810867357837533,0.009503826215847333,0.0005587427307471651,0.0008572089478466304
Random expectation,41059,M-037,0.00043842823477835413,0.0021903397596602092,0.004376181164401749,0.008734403388460432,0.021702003247961454,0.0012828691729121454,0.001964417985349858
Random expectation,41086,P-215,0.0006856641342805059,0.003423810095100288,0.006836365071801187,0.013627851412207237,0.033735853726211795,0.00200510141549068,0.003064567721366963
Random expectation,41092,HP-099,8.12655759020453e-05,0.00040628385221808117,0.0008124576451512544,0.0016244751128002832,0.004057887643462155,0.0002379931611164006,0.00036543024744386317
Random expectation,41103,CV-227,0.00010869860594042713,0.0005434044167083041,0.0010865873370543566,0.002172288929440991,0.005424084052752631,0.0003183121115462464,0.0004886544030590705
Random expectation,41120,HV-101,0.0002446050986574244,0.0012224937430863614,0.002443658869281662,0.004882008324489928,0.012165301090204417,0.0007160646510099724,0.001098114327205843
Random expectation,41141,UF-055,0.00010811395210552632,0.00054048209819757,0.0010807450761119997,0.0021606139080088127,0.005394967675310003,0.0003166003511769889,0.00048602824696909134
Random expectation,41161,DP-005,8.130081300816716e-05,0.0004064599995594609,0.0008128098443728193,0.0016251791294757956,0.004059644823450226,0.00023809634247912138,0.00036558861273704103
Random expectation,41237,BM-087,8.128098837678621e-05,0.00040636089789025664,0.0008126116947468898,0.001624783045028999,0.004058656222497681,0.00023803829195650952,0.00036549951537427324
Random expectation,41330,P-529,0.00035720173654996135,0.0017848312240670294,0.003566721469677292,0.0071216967906596595,0.017716500067589624,0.0010454002591907521,0.0016017849372791703
Random expectation,41398,P-206,0.0006041300527240834,0.0030171682466291205,0.006025645783406031,0.012016624041718216,0.029783448802730317,0.0017670171976300899,0.002702360902657176
Random expectation,41417,FM-113,5.4209356534884456e-05,0.0002710320890046969,0.0005420274438344697,0.001083907950969687,0.0027086678521781593,0.00015876709441821373,0.000243832168943488
Random expectation,41497,DP-088,8.126117341133998e-05,0.0004062618445347388,0.000812413641708476,0.0016243871536006926,0.00405766810291408,0.0002379802697337169,0.00036541046142863953
Random expectation,41502,P-156,0.000219412522969753,0.001096641431381884,0.0021922304238558565,0.004380254554879559,0.010919158340178092,0.0006423545520564128,0.0009852691860358976
Random expectation,41532,K-241,0.00021765746156987564,0.001087872834998338,0.002174709995255375,0.004345280671938068,0.010832224294981874,0.000637218776651243,0.0009774032523639138
Random expectation,41580,SC-101,8.101539292471038e-05,0.00040503320799734066,0.0008099570332932293,0.0016194765948677192,0.004045411631027562,0.00023726057449771347,0.0003643058538365972
Random expectation,41596,DC-105,0.0001890154992709725,0.0009447712992115553,0.001888777415589793,0.003774496165619423,0.009413341687610877,0.0005534039184493633,0.0008490284756423075
Random expectation,41665,M-023,0.000383257138164228,0.0019149221597702937,0.0038264388501335622,0.007639278178773856,0.01899664464646722,0.0011215842078902436,0.0017181716756720811
Random expectation,41668,P-666,0.00018906655142614248,0.0009450263945692816,0.0018892871930112909,0.003775514068960595,0.009415874093124277,0.0005535533316514806,0.000849257418850799
Random expectation,41704,F-121,0.00010871633191100738,0.0005434930176581032,0.001086764466713963,0.0021726428999191416,0.0054249668149926045,0.0003183640099159182,0.0004887340244524419
Random expectation,41724,HV-052,0.00010800885672623828,0.000539956791645757,0.001079694888765692,0.002158515235655689,0.0053897337481769725,0.0003162926505870089,0.0004855561756384803
Random expectation,41741,AG-147,0.00010855700599776696,0.0005426966477112272,0.0010851723757092646,0.0021694613124070283,0.005417032283800083,0.00031789753293387616,0.00048801836463739607
Random expectation,41788,TRB-007,0.00010829542993284758,0.0005413891927948944,0.0010825585291376338,0.0021642378705786225,0.005404005529517808,0.00031713168572234377,0.00048684341404748633
Random expectation,41804,TRB-109,8.120398440880638e-05,0.0004059759614637448,0.0008118420304012997,0.0016232445501991322,0.004054816235995351,0.00023781280875779788,0.0003651534380706469
Random expectation,41816,K-109,0.0003510856649022731,0.0017542908365955068,0.0035057404869531794,0.007000133097641248,0.017415560022468246,0.0010275147279412442,0.0015744484116536797
Random expectation,41824,K-206,0.00019045027887365507,0.0009519405312716778,0.0019031042219403993,0.0038031031946308413,0.009484510828710269,0.0005576030438394061,0.000855462662629301
Random expectation,41834,AG-005,0.00010801468999788177,0.00053998594855309,0.001079753178959697,0.00215863172159958,0.005390024255470527,0.00031630972937243525,0.00048558237776432283
Random expectation,41877,HX-031,0.00021808467137363063,0.0010900072555083407,0.0021789747679968885,0.004353793964244845,0.010853386024863076,0.0006384689094142188,0.000979317967928859
Random expectation,41958,P-216,0.0006594493597845696,0.0032930816658385265,0.006575769367706208,0.01311008832681726,0.03246683547623774,0.0019285631637780212,0.002948176923007622
Random expectation,41976,K-105,0.0003262554036050913,0.0016303015330385584,0.0032581663421495932,0.006506599030120408,0.016193759271593722,0.0009549021729141998,0.001463465316236564
Random expectation,42017,DC-083,8.128979813037951e-05,0.00040640493710997205,0.000812699749318857,0.0016249590587231744,0.004059095541249613,0.00023806408869374602,0.00036553910884014296
Random expectation,42034,CT-063,0.00013501107090785336,0.0006749095385006898,0.0013494546254955164,0.002697452035420267,0.006732712773631633,0.0003953400435119755,0.0006067796721010125
Random expectation,42091,P-269,0.0003019738106350145,0.0015090402517522472,0.003016010035354788,0.006023748423484521,0.014997537707316488,0.000883885827866395,0.0013548817238434676
Random expectation,42116,EV-082,8.100664254473422e-05,0.00040498946554923254,0.0008098695720234472,0.0016193017668142407,0.004044975269158146,0.00023723495159558405,0.00036426652706633684
Random expectation,42125,P-696,0.0001647129876191089,0.0008233388703134947,0.001646112757345941,0.0032899668222418077,0.008208001652707853,0.0004822792792533121,0.0007400502203921017
Random expectation,42165,P-426,0.0003568193670573372,0.0017829218957490234,0.003562909102347356,0.007114097156271093,0.017697688099264086,0.0010442820914276273,0.0016000759814168415
Random expectation,42256,TK-142,0.00032838925072520286,0.0016409579683307474,0.003279447251230194,0.006549033263635429,0.01629889317869515,0.0009611430966250079,0.0014730079624091551
Random expectation,42262,P-152,0.000548907673729282,0.002741677357394501,0.005476212780524126,0.010923928293393947,0.02709749323945554,0.0016057113011358638,0.0024567038650673456
Random expectation,42348,SC-110,5.419760446589983e-05,0.00027097333502967835,0.0005419099518103598,0.0010836730306243991,0.0027080810290863733,0.00015873267748548408,0.0002437793229569809
Random expectation,42399,HX-072,0.0002454523140699161,0.0012267261305267674,0.0024521144280169604,0.004898882630050672,0.012207211815650432,0.0007185435099954362,0.00110190939012732
Random expectation,42426,TK-052,0.00021884831076457445,0.001093822533542843,0.0021865980321449374,0.0043690113606893455,0.010891211742301787,0.0006407035215694232,0.0009827404943799306
Random expectation,42464,HV-036,5.4361120926271767e-05,0.0002717908285726489,0.0005435447169979124,0.001086941673406061,0.0027162459790921467,0.00015921154924510044,0.0002445146132267609
Random expectation,42466,BLR-052,0.0001355858665292864,0.0006777822724052252,0.0013551969839350475,0.0027089243223930026,0.006761300418094973,0.0003970227219868677,0.0006093601423054351
Random expectation,42490,AG-143,0.0001899747604960922,0.0009495644896949651,0.0018983560121946796,0.003793622252984852,0.009460924243248292,0.0005562113615731791,0.0008533302453902732
Random expectation,42543,P-342,0.0005489679402722603,0.002741978061980288,0.005476812622861038,0.010925121733917686,0.027100430470169856,0.0016058873761636784,0.0024569721827045303
Random expectation,42548,DRY-116,0.00013544996478298543,0.0006771030583239135,0.0013538392921280673,0.0027062118824040526,0.006754541359416888,0.0003966248784043017,0.0006087500312510423
Random expectation,42590,F-307,8.153724893322778e-05,0.0004076419225133021,0.0008151730486792852,0.001629902972206887,0.004071435196613904,0.0002387886743131106,0.00036665121918133824
Random expectation,42607,CF-067,0.00013551971811898156,0.0006774516738079495,0.0013545361452441673,0.0027076040781507382,0.006758010538556292,0.0003968290768152093,0.0006090631788395633
Random expectation,42624,EX-082,5.4174115607596995e-05,0.00027085590346642707,0.0005416751205040704,0.0010832034952927838,0.0027069081453693355,0.0001586638883652635,0.00024367369967436336
Random expectation,42677,P-317,0.0005717552887364308,0.0028556645967274807,0.005703561641425936,0.011376133323411475,0.02820950476667139,0.0016724540374290862,0.002558368826102508
Random expectation,42684,TK-143,0.0004051535531967021,0.002024236201432328,0.004044647523225531,0.008074022364796152,0.02007104558440953,0.0011855993704304195,0.0018159282422488255
Random expectation,42707,DRY-086,8.126777732631041e-05,0.00040629485695387046,0.0008124796486602692,0.0016245190959724987,0.004057997422645232,0.00023799960733150092,0.00036544014125501726
Random expectation,42740,HX-145,0.00024410751579917456,0.0012200079898228022,0.0024386927607038533,0.004872097668365161,0.012140685543807539,0.000714608774169187,0.0010958854005410786
Random expectation,42745,P-316,0.0006750553545390447,0.0033709046534761145,0.00673089935722837,0.013418294188796587,0.03322213898775417,0.0019741264313138684,0.003017459908737736
Random expectation,42768,CV-090,8.154833097751002e-05,0.00040769732068546283,0.0008152838149056985,0.0016301243842109514,0.004071987823750178,0.00023882112474962972,0.0003667010247766599
Random expectation,42787,HX-079,0.00032402657017871483,0.0016191706469406153,0.003235937732069205,0.006462274189039885,0.01608393464404856,0.0009483833771164309,0.0014534974861609208
Random expectation,42814,P-699,0.0001646632636258527,0.0008230903868131634,0.0016456161313412876,0.0032889749330914375,0.00820553212884323,0.0004821337357323215,0.0007398271216952718
Random expectation,42818,K-126,0.0003809523809523707,0.0019034147214364028,0.003803464782572208,0.007593492879449548,0.018883394690154542,0.0011148452000028738,0.0017078760660127863
Random expectation,42826,M-082,0.00043781639075113343,0.002187285563013286,0.004370085308176175,0.008722261680254029,0.021672021144005793,0.0012810806508920208,0.0019616878807811097
Random expectation,42845,FM-129,0.00016254876462939993,0.0008125236568691241,0.0016244970769748734,0.003246794399312969,0.008100511665030563,0.00047594451098715635,0.0007303397387665048
Random expectation,42857,P-311,0.00035743744844651815,0.001786008229277325,0.0035690715997012123,0.007126381564291795,0.017728096554044948,0.0010460895534107448,0.0016028384180654777
Random expectation,42867,BLR-113,0.00024389582938133536,0.0012189504757642577,0.002436580025704571,0.004867881357786152,0.012130213202625972,0.0007139894002956388,0.0010949371433935206
Random expectation,42912,DOS-059,5.427555700288078e-05,0.00027136305543429273,0.000542689286918252,0.0010852312780347262,0.0027119734765747028,0.00015896096809505208,0.00024412985504800003
Random expectation,42943,K-191,0.00010882873078488231,0.0005440548286469449,0.0010878876303509477,0.002174887394578051,0.005430564321978637,0.00031869309299264347,0.0004892388964472817
Random expectation,42962,TK-221,8.209731268127296e-05,0.0004104416302814773,0.0008207709369738581,0.0016410926410767024,0.004099363585891358,0.00024042865125214655,0.0003691682823193587
Random expectation,42978,K-075,0.00021779967874546724,0.0010885833791038912,0.0021761297300308957,0.004348114734374797,0.010839269030014309,0.0006376349432657295,0.0009780406584406571
Random expectation,42981,P-370,0.0002746875429199269,0.0013727587659551066,0.0027438212790611427,0.0054808649983274504,0.013651479507346354,0.0008040711309045938,0.001232794155000628
Random expectation,42997,DC-133,0.000162579596260648,0.0008126777315002887,0.0016248050175263762,0.003247409446250904,0.008102043039688644,0.00047603475680685906,0.0007304780772679661
Random expectation,42998,R-115,0.000272079229471589,0.0013597300302814475,0.0027177958550690384,0.005428942129593217,0.013522627988495795,0.0007964405333429802,0.0012211169828859815
Random expectation,43028,M-085,0.00046528176916549313,0.0023243721005800078,0.004643658606234502,0.009267016544725504,0.02301611700564865,0.0013613560405232317,0.002084174303458443
Random expectation,43122,AG-064,8.138683161063032e-05,0.0004068899992776265,0.0008136696106015862,0.0016268977292928088,0.004063934331982155,0.0002383482222695268,0.0003659752037935266
Random expectation,43125,P-322,0.0003842775581905933,0.0019200169905475573,0.0038366103651911176,0.007659548801819183,0.019046781713286665,0.0011245678485660871,0.0017227298650629788
Random expectation,43141,P-539,0.00019233939660379118,0.0009613799226416697,0.00192196752100815,0.0038407679215708423,0.00957820987988034,0.0005631318286441657,0.0008639340592676941
Random expectation,43187,K-017,0.000299572428443029,0.0014970464686877571,0.0029920552526297994,0.005975969749759669,0.014879067888984965,0.0008768615343879364,0.001344136893245838
Random expectation,43207,M-136,0.0003830893419072279,0.0019140843719965828,0.0038247662539575566,0.007635944874575196,0.018988399963155156,0.0011210935814250172,0.0017174221258885348
Random expectation,43217,P-235,0.0008227969611365182,0.0041074453669393,0.008198579762711766,0.016332165597954695,0.04034791725350895,0.0024053263136576872,0.003672437423280214
Random expectation,43266,P-420,0.0004674182018147288,0.0023350355202691464,0.004664938673436758,0.009309390167130727,0.02312066368950838,0.0013676003399643183,0.0020937018681937195
Random expectation,43285,TK-054,0.0002431052645796017,0.0012150010731970529,0.0024286897668855945,0.004852134976870204,0.012091102307318025,0.0007116762795885623,0.001091395747266728
Random expectation,43290,EX-062,0.0001082924980372324,0.0005413745380790091,0.0010825292316088975,0.0021641793231145234,0.005403859517419063,0.00031712310166022537,0.0004868302444960464
Random expectation,43324,TK-078,0.00027365770893761354,0.0013676146769219244,0.002733545790655434,0.005460364696699527,0.01360060715273792,0.0008010583711718967,0.001228183751892222
Random expectation,43520,AG-040,0.0001357588922074049,0.0006786470252296839,0.0013569255510123002,0.002712377704552016,0.006769905779336005,0.0003975292431795378,0.0006101369138937571
Random expectation,43543,SC-118,0.0001354866681118061,0.0006772864954204261,0.0013542059675242246,0.0027069444384949515,0.006756366799069324,0.00039673232504895824,0.000608914805621035
Random expectation,43593,TK-125,0.00038312079251268116,0.001914241401360095,0.0038250797543502024,0.007636569647519464,0.018989945296123745,0.0011211855411885647,0.0017175626166539126
Random expectation,43601,CT-114,0.0001890154992709725,0.0009447712992115553,0.001888777415589793,0.003774496165619423,0.009413341687610877,0.0005534039184493633,0.0008490284756423075
Random expectation,43633,GB-211,8.146197083658269e-05,0.0004072656138317532,0.0008144206357959538,0.0016283989641918684,0.00406768130637869,0.00023856824499746162,0.0003663128995980915
Random expectation,43671,BLR-131,0.0001890154992709725,0.0009447712992115553,0.001888777415589793,0.003774496165619423,0.009413341687610877,0.0005534039184493633,0.0008490284756423075
Random expectation,43695,CF-030,8.127218053255447e-05,0.0004063168682141294,0.0008125236592541052,0.0016246070694621029,0.00405821699883091,0.0002380125008093605,0.00036545993048462717
Random expectation,43768,P-410,0.00043950006867188307,0.0021956901120347982,0.004386859864495607,0.008755673023311261,0.021754524133694053,0.0012860023100085864,0.0019692005313043754
Random expectation,43769,K-075,0.0001632430961774345,0.0008159934297762295,0.001631431913010184,0.003260645247610272,0.008134997913956,0.0004779768535343715,0.0007334551188306426
Random expectation,43774,GB-087,8.144427853939984e-05,0.00040717717156046884,0.0008142437992838536,0.0016280454832507951,0.004066799043866753,0.0002385164384067068,0.0003662333857071779
Random expectation,43793,HP-033,8.124796880082386e-05,0.0004061958357878259,0.0008122816599748228,0.0016241233331441007,0.004057009623777974,0.0002379416039637591,0.00036535111623651063
Random expectation,43808,TK-139,0.0003009164273013454,0.00150375912850631,0.003005462256348901,0.00600271062843083,0.014945374309183301,0.0008807928804064099,0.0013501505881858128
Random expectation,43815,HP-055,8.125897234489976e-05,0.0004062508415871857,0.0008123916417746013,0.0016243431775728734,0.004057558341548084,0.0002379738245660768,0.00036540056922448264
Random expectation,43816,DC-110,0.00010838346068386961,0.0005418292034978789,0.0010834381930001635,0.0021659957687116815,0.005408389564523941,0.00031738942385455205,0.0004872388321795215
Random expectation,43819,HX-351,8.178844056705437e-05,0.0004088976071753292,0.0008176837343200072,0.0016349216093122232,0.004083961294224503,0.0002395242132459892,0.00036778013802525253
Random expectation,43855,TK-208,0.00016419462536254592,0.0008207484796332043,0.0016409355257389624,0.0032796265463667096,0.008182257134857318,0.0004807620169770983,0.0007377244538423563
Random expectation,43858,CF-039,0.00010836584308626662,0.0005417411441480668,0.0010832621458789493,0.002165643960666541,0.0054075121885642785,0.0003173378427186754,0.0004871596971755821
Random expectation,43862,TK-137,0.00032838925072520286,0.0016409579683307474,0.003279447251230194,0.006549033263635429,0.01629889317869515,0.0009611430966250079,0.0014730079624091551
Random expectation,43985,P-521,0.0003024470717624128,0.0015114039578021377,0.0030207309557155337,0.006033164345376929,0.015020884080209296,0.0008852701573137538,0.0013569992446415776
Random expectation,44072,GT-143,8.119299575093386e-05,0.000405921030070977,0.000811732197354309,0.0016230250030347948,0.004054268259573335,0.00023778063173943641,0.00036510405194854566
Random expectation,44095,R-005,0.0001903932981559553,0.0009516558136591913,0.0019025352513705185,0.003801967110216742,0.00948168450526865,0.000557436280598622,0.0008552071389094615
Random expectation,44133,TK-237,0.0002462919380439299,0.0012309205812524038,0.0024604941644995604,0.004915605495700359,0.012248745473534273,0.000721000148376447,0.0011056703906652497
Random expectation,44145,HX-145,0.00021817983472882663,0.0010904827090899571,0.002179924767843011,0.0043556903391203106,0.010858099864785808,0.0006387473831190281,0.0009797444794817315
Random expectation,44191,HX-015,0.0001908396946564972,0.0009538863377054341,0.001906992655555495,0.003810867357837533,0.009503826215847333,0.0005587427307471651,0.0008572089478466304
Random expectation,44204,BLR-135,0.0002169373864467916,0.0010842751970584485,0.0021675215585457153,0.004330931121768633,0.010796554676712256,0.0006351116347351293,0.0009741759083266768
Random expectation,44241,AG-061,0.00016201328508935742,0.0008098477072955301,0.0016191487963815865,0.0032361123005986148,0.008073914652194758,0.00047437713219226956,0.0007279370832091666
Random expectation,44293,R-090,0.00016322089227416292,0.0008158824706593348,0.0016312101457001127,0.0032602023161922844,0.008133895099586064,0.00047791186170697186,0.0007333554932178216
Random expectation,44312,SEP-111,0.00024301992763409164,0.0012145747571306043,0.0024278380556207457,0.004850435232593875,0.01208688042936279,0.0007114265909782732,0.0010910134708221973
Random expectation,44319,GB-129,0.0002171847427717699,0.001085511039274456,0.0021699908961761993,0.004335860421281645,0.010808807836084955,0.0006358354694912024,0.0009752845527821013
Random expectation,44330,CV-342,0.00010873701951830128,0.0005435964219567824,0.0010869711909871071,0.002173056011304908,0.005425997067503241,0.0003184245794070694,0.0004888269488784408
Random expectation,44343,GB-091,2.714661888858494e-05,0.0001357330944429247,0.0002714661888858494,0.0005429323777718098,0.0013573309444305792,7.95115849273354e-05,0.00012213821262126195
Random expectation,44366,K-261,0.0001088642734670131,0.000544232484029461,0.00108824279608144,0.0021755971461369095,0.005432334356347379,0.0003187971553523761,0.0004893985464870466
Random expectation,44374,EV-131,0.00013549768298959375,0.0006773415459323529,0.0013543160088775874,0.0027071642826653752,0.006756914623379462,0.00039676457039522495,0.0006089642553276627
Random expectation,44424,R-119,0.00016318094046618992,0.0008156828202753319,0.001630811116439479,0.0032594053428151026,0.008131910787023577,0.0004777949209458248,0.0007331762353003665
Random expectation,44435,TK-101,0.0003009164273013454,0.00150375912850631,0.003005462256348901,0.00600271062843083,0.014945374309183301,0.0008807928804064099,0.0013501505881858128
Random expectation,44523,GB-091,5.4277029960969614e-05,0.0002713704194251543,0.0005427040129007965,0.0010852607220052102,0.0027120470265373786,0.00015896528177699397,0.0002441364785507857
Random expectation,44572,P-240,0.0006869264164423017,0.0034301048880455154,0.006848913230953824,0.013652782806703345,0.033796960805525744,0.002008786862466854,0.003070172189511559
Random expectation,44576,TK-330,8.21377724236072e-05,0.0004106438846936955,0.0008211753350632067,0.0016419009944070861,0.004101381149672845,0.00024054712523022465,0.0003693501175370621
Random expectation,44610,BM-131,0.00018958886300846078,0.0009476362575324693,0.0018945026841445944,0.0037859281292321745,0.00944178267183815,0.0005550819674787655,0.0008515997116651208
Random expectation,44625,HX-009,0.00016363933889707027,0.0008179735641338226,0.0016353894849459039,0.003268549613178795,0.008154678166686025,0.00047913667289394197,0.0007352329947480384
Random expectation,44639,SEP-110,0.0001355417604164133,0.00067756183750034,0.0013547563531858264,0.002708044016553446,0.006759106809285709,0.00039689360421365323,0.0006091621344960441
Random expectation,44662,M-074,0.0004106326480330935,0.0020515899781788915,0.004099250998880533,0.008182814107472125,0.02033993282304347,0.0012016179993487024,0.0018403912364056434
Random expectation,44735,M-112,0.000273695158332643,0.001367801739467378,0.002733919455127687,0.005461110186191553,0.013602457140883262,0.0008011679289010204,0.0012283514083928561
Random expectation,44740,M-127,0.00043781639075113343,0.002187285563013286,0.004370085308176175,0.008722261680254029,0.021672021144005793,0.0012810806508920208,0.0019616878807811097
Random expectation,44851,AG-119,0.00010860711376592391,0.0005429471049432921,0.001085673086201222,0.002170461917835209,0.00541952768734566,0.000318044239295895,0.0004882434387956809
Random expectation,44886,CV-318,8.155719878211176e-05,0.00040774165006607355,0.0008153724495630899,0.0016303015571310642,0.0040724300334857855,0.00023884709144977113,0.0003667408789963673
Random expectation,44946,HX-081,0.0001636348760465367,0.0008179512620513085,0.0016353449111907725,0.0032684605872093098,0.008154456511327735,0.0004791236099502976,0.0007352129707378822
Random expectation,44991,HP-073,8.124796880082386e-05,0.0004061958357878259,0.0008122816599748228,0.0016241233331441007,0.004057009623777974,0.0002379416039637591,0.00036535111623651063
Random expectation,44999,P-448,0.00013738528328843813,0.0006867754270123427,0.0013731734737962853,0.002744838048828857,0.006850790816637975,0.00040229037861150936,0.0006174382348261355
Random expectation,45013,RLP-103,2.7089259108770136e-05,0.00013544629554362864,0.0002708925910874793,0.0005417851821751807,0.0013544629554378407,7.93435799530883e-05,0.00012188013919353722
Random expectation,45026,GB-046,8.14155449413434e-05,0.00040703353476712056,0.0008139566036803325,0.0016274714039118399,0.00406536618326081,0.00023843230066862068,0.0003661042492319764
Random expectation,45038,P-424,0.00021955101816784062,0.0010973333755315284,0.002193612983537152,0.004383014366329929,0.01092601819038197,0.0006427598241382232,0.0009858898912877654
Random expectation,45055,F-145,0.00010861596111544358,0.0005429913272777531,0.0010857614948457384,0.002170638591085239,0.005419968291352606,0.0003180701427111205,0.0004882831793175946
Random expectation,45095,K-143,0.0003510287843603299,0.0017540068023825794,0.003505173338538059,0.0069990024726616085,0.017412760835713748,0.0010273483870676984,0.0015741941625731363
Random expectation,45097,AG-074,0.00016290624745463056,0.0008143101015753995,0.0016280675440211168,0.00325392565182292,0.008118267341906349,0.0004769908814855271,0.0007319437246832814
Random expectation,45112,P-200,0.0005220640764961315,0.0026077394563144285,0.00520903563381947,0.010392358270757684,0.025789244637951736,0.0015272851325331311,0.0023371926501338184
Random expectation,45155,P-294,0.0003842142817936933,0.001919701059898915,0.0038359796305613703,0.007658291828107178,0.019043672774169185,0.0011243828329630106,0.0017224472135920147
Random expectation,45169,AG-053,0.00010860711376592391,0.0005429471049432921,0.001085673086201222,0.002170461917835209,0.00541952768734566,0.000318044239295895,0.0004882434387956809
Random expectation,45172,FM-018,8.13140348023822e-05,0.0004065260941968907,0.0008129419978178953,0.001625443293075346,0.004060304158352013,0.0002381350585598771,0.0003656480351151983
Random expectation,45185,P-561,0.00021956306949166837,0.0010973935858562545,0.00219373328853556,0.0043832545142946655,0.01092661510645132,0.0006427950893577052,0.00098594390261938
Random expectation,45238,M-124,0.0005132222252235419,0.002563616863917928,0.0051210066576823365,0.010217162152998283,0.025357658491279023,0.0015014488609276823,0.002297802552028012
Random expectation,45244,FM-140,0.00016254436106521997,0.0008125016509765715,0.0016244530949959257,0.003246706554483003,0.008100292944477672,0.00047593162152037067,0.000730319980400654
Random expectation,45320,P-532,0.0001622674167027771,0.0008111176786962382,0.0016216870233520808,0.003241181896779688,0.008086537320592169,0.0004751209901692283,0.000729077354934713
Random expectation,45363,P-111,0.00043963290652304643,0.002196353207044588,0.004388183323632222,0.008758309049529012,0.021761033134995333,0.0012863906146400562,0.001969793249932401
Random expectation,45427,P-262,0.00021956306949166837,0.0010973935858562545,0.00219373328853556,0.0043832545142946655,0.01092661510645132,0.0006427950893577052,0.00098594390261938
Random expectation,45442,HX-031,0.00021808467137363063,0.0010900072555083407,0.0021789747679968885,0.004353793964244845,0.010853386024863076,0.0006384689094142188,0.000979317967928859
Random expectation,45515,DOS-145,0.00010852460795485186,0.0005425347102422373,0.0010848486326026086,0.002168814353305293,0.0054154188350905574,0.0003178026773875908,0.00048787283896208414
Random expectation,45525,K-080,0.00021768707482994198,0.0010880207885168858,0.0021750056205454005,0.00434587079690929,0.010833691192873696,0.0006373054332246698,0.0009775359767736815
Random expectation,45565,GS-129,0.00010831302464120451,0.0005414771377540983,0.001082734347617187,0.0021645892218979945,0.005404881767837488,0.0003171831998556799,0.00048692244632138223
Random expectation,45602,SC-137,0.0001354866681118061,0.0006772864954204261,0.0013542059675242246,0.0027069444384949515,0.006756366799069324,0.00039673232504895824,0.000608914805621035
Random expectation,45671,R-041,0.0003240353198498136,0.0016192143433372275,0.003236024995122433,0.0064624481972371806,0.016084365801152023,0.0009484089679025062,0.001453536617404002
Random expectation,45746,GT-073,5.4149180993667834e-05,0.0002707312439023113,0.0005414258351397194,0.0010827050596200483,0.002705663069103137,0.00015859086522246633,0.00024356157517759156
Random expectation,45760,TRB-040,8.100664254473422e-05,0.00040498946554923254,0.0008098695720234472,0.0016193017668142407,0.004044975269158146,0.00023723495159558405,0.00036426652706633684
Random expectation,45811,TK-041,0.0002462919380439299,0.0012309205812524038,0.0024604941644995604,0.004915605495700359,0.012248745473534273,0.000721000148376447,0.0011056703906652497
Random expectation,45814,P-338,0.00043910203633568123,0.0021937032271491796,0.004382894272550453,0.008747774456522528,0.02173502047099729,0.0012848388013860076,0.0019674245137122357
Random expectation,45837,K-335,8.162154808866173e-05,0.0004080633265961531,0.0008160156276375563,0.0016315872134793352,0.0040756389287058825,0.00023903551902910953,0.00036703008137027116
Random expectation,45852,P-270,0.00024301992763409164,0.0012145747571306043,0.0024278380556207457,0.004850435232593875,0.01208688042936279,0.0007114265909782732,0.0010910134708221973
Random expectation,45864,HX-212,8.178175176509761e-05,0.00040886417045948864,0.0008176168791209637,0.0016347879718294767,0.004083627747084373,0.00023950462711474656,0.0003677500769042187
Random expectation,45872,GB-130,0.00010861596111544358,0.0005429913272777531,0.0010857614948457384,0.002170638591085239,0.005419968291352606,0.0003180701427111205,0.0004882831793175946
Random expectation,45909,P-307,0.0004944375772558685,0.002469879968143851,0.004933997744350993,0.009844997311183601,0.024441014073712353,0.001446560878421875,0.002214127651743208
Random expectation,45947,BM-121,0.0001890257074962376,0.000944822307265003,0.001888879349064787,0.0037746997023762052,0.00941384805973422,0.0005534337946367836,0.0008490742544084948
Random expectation,45953,AG-062,0.0001357588922074049,0.0006786470252296839,0.0013569255510123002,0.002712377704552016,0.006769905779336005,0.0003975292431795378,0.0006101369138937571
Random expectation,45966,EV-125,0.00010840108401088955,0.0005419172914802317,0.0010836142973515983,0.002166347691077486,0.005409267225240488,0.000317441021761489,0.00048731799289726844
Random expectation,46031,R-015,0.00021757458728821621,0.0010874587791342982,0.0021738826718081805,0.004343629174309416,0.01082811909338266,0.0006369762635689094,0.000977031815682741
Random expectation,46036,TK-143,0.0003558231832488934,0.001777947527148327,0.0035529767190386474,0.007094297657416981,0.01764867591632402,0.0010413689300403683,0.0015956235970051847
Random expectation,46041,R-010,0.00019034152708286012,0.0009513971272181454,0.0019020183005411528,0.003800934895046182,0.009479116581630587,0.0005572847641873674,0.0008549749770459637
Random expectation,46053,K-103,0.0004078192545063919,0.002037544491181098,0.004071213640808646,0.008126953285107374,0.020201873627980982,0.0011933928385023853,0.001827830346481706
Random expectation,46079,DP-068,0.00010840108401088955,0.0005419172914802317,0.0010836142973515983,0.002166347691077486,0.005409267225240488,0.000317441021761489,0.00048731799289726844
Random expectation,46080,GB-051,8.144427853939984e-05,0.00040717717156046884,0.0008142437992838536,0.0016280454832507951,0.004066799043866753,0.0002385164384067068,0.0003662333857071779
Random expectation,46092,HX-168,0.00010813733441472628,0.0005405989718214599,0.0010809787285785966,0.0021610808339689314,0.005396132150989552,0.0003166688104061989,0.0004861332763922176
Random expectation,46138,AG-058,0.00010855700599776696,0.0005426966477112272,0.0010851723757092646,0.0021694613124070283,0.005417032283800083,0.00031789753293387616,0.00048801836463739607
Random expectation,46188,TK-022,0.00021892616715013524,0.0010942115173008249,0.0021873752547866276,0.004370562830145364,0.010895068170433841,0.0006409313496755743,0.0009830894333714936
Random expectation,46216,P-552,0.00010817827780185141,0.0005408036223345514,0.0010813878635885787,0.002161898440195098,0.0053981711934851795,0.0003167886853241925,0.0004863171871512938
Random expectation,46250,FM-096,0.00010836290737681331,0.0005417264703723168,0.00108323281025402,0.002165585337102649,0.005407365986911827,0.00031732924749264154,0.00048714651050733285
Random expectation,46268,P-248,0.00016288413508525057,0.0008141995997544837,0.001627846690371193,0.003253484544000984,0.008117169058674656,0.0004769261574940753,0.0007318445092066265
Random expectation,46279,M-113,0.000438008157901959,0.002188242825035158,0.0043719959046703005,0.008726067208142063,0.021681418372664463,0.0012816412187535444,0.0019625435669103444
Random expectation,46299,P-740,0.0001361322116039121,0.0006805128102607139,0.0013606550919403881,0.0027198286748385536,0.0067884724675078,0.0003986221097899073,0.0006118128652486522
Random expectation,46320,F-147,0.00010871633191100738,0.0005434930176581032,0.001086764466713963,0.0021726428999191416,0.0054249668149926045,0.0003183640099159182,0.0004887340244524419
Random expectation,46355,DC-073,8.129640669884974e-05,0.00040643797278916427,0.0008127658027717866,0.0016250910940218688,0.004059425092732161,0.00023808343991626172,0.0003655688095693687
Random expectation,46361,SC-028,0.00013549401116474957,0.0006773231947674319,0.0013542793264395003,0.002707090997307482,0.006756732005405275,0.0003967538213640817,0.0006089477711997472
Random expectation,46375,EX-098,0.00010834823121508297,0.0005416531134165847,0.001083086155959867,0.0021652922668862207,0.005406635097221724,0.0003172862783456837,0.0004870805878729239
Random expectation,46393,K-085,0.0002723089072244056,0.0013608772940620906,0.002720087572928298,0.005433514344848733,0.013533974739042942,0.0007971124570173798,0.0012221452506101338
Random expectation,46417,DC-116,0.000162579596260648,0.0008126777315002887,0.0016248050175263762,0.003247409446250904,0.008102043039688644,0.00047603475680685906,0.0007304780772679661
Random expectation,46434,P-644,0.00035743744844651815,0.001786008229277325,0.0035690715997012123,0.007126381564291795,0.017728096554044948,0.0010460895534107448,0.0016028384180654777
Random expectation,46458,K-059,0.00032648619235475795,0.0016314540963774382,0.003260468022026397,0.006511188630774489,0.016205130640013943,0.0009555771702140286,0.0014644974305123945
Random expectation,46503,FCC-084,8.11886011203855e-05,0.00040589906167576295,0.0008116882724561458,0.001622937200796648,0.0040540491104723575,0.00023776776337001987,0.0003650843012399406
Random expectation,46506,P-105,0.00043912613898344777,0.002193823542047446,0.004383134407353051,0.008748252751852093,0.02173620151563449,0.0012849092571244822,0.0019675320599423967
Random expectation,46513,AG-027,8.145533532444293e-05,0.0004072324434779562,0.0008143543131036157,0.001628266390852784,0.00406735041308115,0.00023854881488882238,0.00036628307784320315
Random expectation,46582,TK-158,8.21377724236072e-05,0.0004106438846936955,0.0008211753350632067,0.0016419009944070861,0.004101381149672845,0.00024054712523022465,0.0003693501175370621
Random expectation,46600,K-086,0.00027187950300422425,0.001358732375452032,0.0027158029867864197,0.005424966142604348,0.013512760825182157,0.000795856231792612,0.0012202228036380278
Random expectation,46625,FM-087,8.101320515241373e-05,0.00040502227149941117,0.000809935166204645,0.0016194328843152084,0.004045302531733852,0.00023725416825330043,0.0003642960213479704
Random expectation,46626,SD-014,0.00010827784093980775,0.0005413012763982872,0.0010823827677487463,0.0021638866333022477,0.00540312957526301,0.00031708018831924395,0.00048676440742484467
Random expectation,46640,GB-114,0.00019002633222031662,0.0009498221803664331,0.0018988709739199416,0.0037946504996733132,0.009463482318360583,0.0005563622947870899,0.0008535615147636926
Random expectation,46674,DOS-043,0.00013567416492554774,0.000678223572787795,0.001356079105877761,0.002710686652158345,0.006765691909973004,0.00039728120972561495,0.0006097565443493475
Random expectation,46690,HX-129,0.0002454523140699161,0.0012267261305267674,0.0024521144280169604,0.004898882630050672,0.012207211815650432,0.0007185435099954362,0.00110190939012732
Random expectation,46705,M-085,0.0004653836677708245,0.0023248807015687767,0.004644673582235859,0.009269037620209808,0.023021103665063603,0.001361653867999511,0.00208462873586883
Random expectation,46709,DOS-129,0.00018991806392099075,0.0009492811914061372,0.001897789876802003,0.003792491825062805,0.009458111957442394,0.000556045429595017,0.0008530759937846659
Random expectation,46728,EX-053,0.00010801177328323419,0.0005399713697057384,0.0010797240330758795,0.0021585734770561693,0.005389878997909103,0.00031630118974917845,0.0004855692763479241
Random expectation,46751,FM-116,8.127438231464446e-05,0.000406327874738599,0.0008125456663390374,0.0016246510597802688,0.004058326795835399,0.0002380189480721764,0.0003654698259031703
Random expectation,46766,AG-035,0.00010860711376592391,0.0005429471049432921,0.001085673086201222,0.002170461917835209,0.00541952768734566,0.000318044239295895,0.0004882434387956809
Random expectation,46790,CF-043,0.00010836584308626662,0.0005417411441480668,0.0010832621458789493,0.002165643960666541,0.0054075121885642785,0.0003173378427186754,0.0004871596971755821
Random expectation,46826,HX-095,8.178175176509761e-05,0.00040886417045948864,0.0008176168791209637,0.0016347879718294767,0.004083627747084373,0.00023950462711474656,0.0003677500769042187
Random expectation,46841,EX-125,0.0001082924980372324,0.0005413745380790091,0.0010825292316088975,0.0021641793231145234,0.005403859517419063,0.00031712310166022537,0.0004868302444960464
Random expectation,46875,P-229,0.0005492091388400455,0.0027431815402324533,0.005479213306867958,0.010929898104796942,0.027112185763002228,0.0016065920625960846,0.002458046039617433
Random expectation,46908,P-332,0.0006038481596355449,0.003015762029068725,0.006022841447945071,0.012011047636239391,0.02976974713667102,0.001766193836076675,0.0027011072473651495
Random expectation,46960,M-110,0.00032413159742850084,0.0016196951594029674,0.003236985199421727,0.006464362906068333,0.016089110055344524,0.0009486905577265116,0.0014539672001807496
Random expectation,46976,K-098,0.00019045027887365507,0.0009519405312716778,0.0019031042219403993,0.0038031031946308413,0.009484510828710269,0.0005576030438394061,0.000855462662629301
Random expectation,47033,TK-047,0.00021896811276855832,0.0010944210847079194,0.0021877939881861375,0.004371398693260975,0.010897145840053413,0.0006410540934727552,0.0009832774262537808
Random expectation,47102,CV-093,0.00024457186336590553,0.0012223277111081954,0.0024433271662157585,0.00488134635985904,0.012163656948809387,0.0007159674080237274,0.001097965450053242
Random expectation,47172,HV-141,0.00021759825921396914,0.0010875770486440395,0.002174118985696527,0.004344100902662906,0.01082929169058533,0.0006370455341830868,0.0009771379116385458
Random expectation,47180,P-244,0.0006315905096661023,0.00315413901540329,0.006298760679877113,0.012559561545679165,0.031116383560103822,0.001847213827735298,0.0028244175574374387
Random expectation,47244,P-117,0.0005211047420531356,0.002602952258622837,0.005199484875036298,0.010373350969124617,0.025742426437426857,0.0015244819663308476,0.0023329191734780047
Random expectation,47296,CF-068,0.0001354316205747219,0.000677011377032577,0.0013536560288824884,0.002705845753021907,0.006753629009438322,0.0003965711769037737,0.0006086676775028866
Random expectation,47325,BM-142,0.00013546831396138437,0.0006771947644501619,0.0013540226050018367,0.0027065781108817077,0.006755453955927471,0.00039667859445072635,0.0006088324072874089
Random expectation,47335,CF-117,0.00016262366174280007,0.0008128979395068958,0.0016252451351749242,0.0032482884890595587,0.008104231722428912,0.0004761637387902839,0.0007306757946337256
Random expectation,47355,TK-185,0.00010804094751915017,0.0005401171936129101,0.0010800155627394004,0.0021591560639707685,0.005391331925930221,0.0003163866067368376,0.00048570032233433353
Random expectation,47394,P-742,0.00010998075336821067,0.0005498130510896981,0.0010993993502163013,0.0021978919419834986,0.005487934153094565,0.0003220659939366828,0.0004944134888867281
Random expectation,47474,FM-054,0.00010836290737681331,0.0005417264703723168,0.00108323281025402,0.002165585337102649,0.005407365986911827,0.00031732924749264154,0.00048714651050733285
Random expectation,47534,TK-104,0.0003831941973450048,0.001914607903424681,0.003825811455165251,0.007638027848722251,0.018993552051370433,0.001121400172650488,0.0017178905178439467
Random expectation,47568,P-609,0.0003293446042376136,0.0016457289779804318,0.0032889748934948893,0.0065680311581512996,0.016345959843638957,0.0009639372272736551,0.001477280218108986
Random expectation,47579,SEP-085,0.00013550502723647107,0.0006773782512456972,0.0013543893797159923,0.002707310865285195,0.006757279888943701,0.0003967860702049114,0.0006089972262609765
Random expectation,47593,F-048,8.100664254473422e-05,0.00040498946554923254,0.0008098695720234472,0.0016193017668142407,0.004044975269158146,0.00023723495159558405,0.00036426652706633684
Random expectation,47602,FM-015,8.127218053255447e-05,0.0004063168682141294,0.0008125236592541052,0.0016246070694621029,0.00405821699883091,0.0002380125008093605,0.00036545993048462717
Random expectation,47616,K-021,0.00013593975150216764,0.0006795509286218193,0.001358732375452365,0.0027159874264580663,0.006778900679802469,0.00039805869640294515,0.0006109488509494348
Random expectation,47620,F-017,0.00013589541488867596,0.0006793293419646851,0.0013582894430749226,0.0027151025248619565,0.006776695637718766,0.00039792890403177303,0.0006107498094807667
Random expectation,47635,P-331,0.0006210509261759256,0.0031015672778634817,0.006193931843511025,0.012351157039337646,0.03060466414952223,0.0018164328541150864,0.0027775663324343318
Random expectation,47674,TK-134,0.00027356038845571806,0.0013671285536743794,0.0027325747408860623,0.0054584273762076085,0.01359579953771961,0.0008007736612554844,0.0012277480591021527
Random expectation,47695,BM-059,8.128098837678621e-05,0.00040636089789025664,0.0008126116947468898,0.001624783045028999,0.004058656222497681,0.00023803829195650952,0.00036549951537427324
Random expectation,47699,P-154,0.0005400442836313024,0.002697452035420267,0.005387990703096146,0.010748395049344994,0.02666542531908811,0.0015798154474801977,0.0024172390794235466
Random expectation,47755,P-344,0.0004120313143799459,0.002058572575977635,0.00411318940266614,0.00821058403404673,0.02040856172881389,0.001205707063471445,0.0018466355812566193
Random expectation,47811,F-120,0.00019017604868509785,0.000950570274862006,0.0019003659440861576,0.0037976355696692776,0.009470908564948033,0.0005568004646976528,0.000854232905398904
Random expectation,47848,P-179,0.0003020650263619862,0.0015094958296630878,0.0030169199407570346,0.006025563241874976,0.015002037494865617,0.0008841526419264763,0.0013552898534445533
Random expectation,47876,AG-098,0.00016291067064888587,0.0008143322055388369,0.001628111721942327,0.0032540138877406033,0.008118487034217914,0.0004770038283919722,0.0007319635710068322
Random expectation,47978,RLP-050,0.00010835703643508054,0.0005416971252061309,0.0010831741437710152,0.0021654680994969144,0.0054070736073248415,0.00031731205843732956,0.0004871201393123755
Random expectation,48020,DOS-084,0.00018996444951013824,0.0009495129683385617,0.0018982530533645514,0.003793416670513694,0.009460412794168871,0.0005561811847569139,0.0008532840065535576
Random expectation,48039,K-027,0.0002720718269623168,0.0013596930539773178,0.0027177219929781504,0.005428794766889511,0.013522262281041031,0.0007964188772454526,0.0012210838417668324
Random expectation,48093,DRY-019,8.101320515241373e-05,0.00040502227149941117,0.000809935166204645,0.0016194328843152084,0.004045302531733852,0.00023725416825330043,0.0003642960213479704
Random expectation,48104,EV-076,8.112273870364284e-05,0.00040556982086015214,0.0008110299689733091,0.0016216213062812956,0.004050764714664701,0.00023757490483373913,0.0003647882968276831
Random expectation,48181,DOS-133,0.00016282667100875337,0.000813912435325137,0.001627272751204556,0.003252338223168949,0.00811431491249992,0.00047675795729195015,0.0007315866748030451
Random expectation,48191,P-658,5.400442836311914e-05,0.0002700075590305051,0.0005399786610978952,0.0010798114943439963,0.002698435026971313,0.00015816694471560168,0.00024291065955339
Random expectation,48197,EX-109,8.123476848087563e-05,0.0004061298484869802,0.0008121497211163176,0.0016238595983691928,0.0040563513583233846,0.00023790295075617793,0.0003652917903173904
Random expectation,48208,F-143,0.00010867202782005592,0.0005432715694345669,0.0010863217508003675,0.0021717581899308724,0.005422760447928554,0.0003182342957099393,0.0004885350195998859
Random expectation,48223,EX-109,0.0001082924980372324,0.0005413745380790091,0.0010825292316088975,0.0021641793231145234,0.005403859517419063,0.00031712310166022537,0.0004868302444960464
Random expectation,48271,TK-148,0.0003285510896944288,0.0016417661889505109,0.0032810612599021294,0.006552251570671519,0.016306866516752838,0.0009616164292837139,0.0014737316971475227
Random expectation,48326,P-180,0.0005485313074243825,0.002739799446996427,0.005472466740775173,0.010916475193388675,0.027079149961880544,0.0016046117063919898,0.002455028206685217
Random expectation,48371,P-198,0.0004945870198383995,0.002470625786007874,0.004935485899351333,0.009847959744115786,0.024448316989211794,0.001446997605326878,0.002214793724730078
Random expectation,48417,HV-210,8.154168138951867e-05,0.00040766407997550047,0.0008152173515580952,0.0016299915297908196,0.004071656229468035,0.0002388016534294319,0.00036667113979586726
Random expectation,48443,GB-006,8.100664254473422e-05,0.00040498946554923254,0.0008098695720234472,0.0016193017668142407,0.004044975269158146,0.00023723495159558405,0.00036426652706633684
Random expectation,48569,DC-069,5.419319875354933e-05,0.00027095130885590457,0.0005418659054320374,0.0010835849617455429,0.0027078610359738686,0.00015871977498235892,0.0002437595116172006
Random expectation,48570,RLP-136,0.0001896607781510795,0.0009479955995079781,0.00189522078410842,0.0037873619955832716,0.00944534988326573,0.0005552924394116003,0.0008519222116080272
Random expectation,48636,AG-107,0.00013575520621211812,0.0006786286032590683,0.001356888727077954,0.00271230413666268,0.006769722458479066,0.00039751845267644475,0.000610120366219909
Random expectation,48730,DOS-027,0.00013565575994356482,0.0006781315878251482,0.0013558952357844989,0.0027103193110552537,0.006764776545467255,0.00039722733036058025,0.000609673918065628
Random expectation,48751,FCC-051,8.122377149044624e-05,0.00040607487544519483,0.0008120398048047095,0.0016236398848112898,0.004055802966932087,0.00023787074934170384,0.0003652423667671218
Random expectation,48772,K-051,0.0002450246385886645,0.0012245896172409232,0.0024478460577466166,0.004890364488080112,0.012186055418612729,0.0007172921797676034,0.0010999936444595424
Random expectation,48774,DP-057,0.00010840108401088955,0.0005419172914802317,0.0010836142973515983,0.002166347691077486,0.005409267225240488,0.000317441021761489,0.00048731799289726844
Random expectation,48809,M-068,0.0005480352934729149,0.0027373245407946722,0.005467529808617977,0.010906652659664728,0.027054974825653222,0.0016031625452493131,0.0024528198345854985
Random expectation,48839,FM-147,8.127438231464446e-05,0.000406327874738599,0.0008125456663390374,0.0016246510597802688,0.004058326795835399,0.0002380189480721764,0.0003654698259031703
Random expectation,48895,P-176,0.0005215195432586306,0.002605022170151683,0.005203614483318297,0.010381569469325003,0.02576267015126077,0.001525694013053192,0.0023347669674995963
Random expectation,48910,HX-049,0.000299997272752095,0.0014991683753193819,0.0029962932849956214,0.005984422733414374,0.014900028087543538,0.000878104253710965,0.001346037866277358
Random expectation,48983,GB-027,8.14155449413434e-05,0.00040703353476712056,0.0008139566036803325,0.0016274714039118399,0.00406536618326081,0.00023843230066862068,0.0003661042492319764
Random expectation,48989,HX-041,0.0001363140676118313,0.0006814216939646789,0.001362471868873838,0.0027234582692360343,0.00679751680601981,0.0003991544800542381,0.0006126292719442491
Random expectation,49014,CR-123,0.00016255316843216683,0.0008125456639539452,0.0016245410613358047,0.0032468822488975757,0.008100730397396005,0.0004759574011521215,0.0007303594982014856
Random expectation,49035,SEP-020,0.00010843340833310844,0.0005420788605261517,0.001083937304061311,0.0021669931791831187,0.005410877009923043,0.00031753566150953045,0.00048746318770588246
Random expectation,49101,TK-338,0.0001642755448472144,0.0008211528555868153,0.0016417437242445265,0.0032812407315895298,0.00818627604581057,0.00048099887100717774,0.0007380875214098067
Random expectation,49144,GB-082,5.430798055772179e-05,0.00027152515560457946,0.0005430134432485856,0.001085879414655433,0.002713592497822437,0.0001590559232099856,0.0002442756551792473
Random expectation,49203,R-024,5.438329345219817e-05,0.000271901679146036,0.0005437663880040189,0.0010873848948569353,0.0027173531285065167,0.0001592764833447175,0.00024461431711723285
Random expectation,49323,AG-031,0.00013564471935112454,0.000678076408823336,0.0013557849376604203,0.002710098954178952,0.006764227445644533,0.0003971950097558345,0.0006096243530431037
Random expectation,49357,K-101,0.0003510856649022731,0.0017542908365955068,0.0035057404869531794,0.007000133097641248,0.017415560022468246,0.0010275147279412442,0.0015744484116536797
Random expectation,49362,DRY-006,5.4174115607596995e-05,0.00027085590346642707,0.0005416751205040704,0.0010832034952927838,0.0027069081453693355,0.0001586638883652635,0.00024367369967436336
Random expectation,49363,P-108,0.00046710996318077846,0.0023334970366659658,0.0046618684675863165,0.009303276717322784,0.02310558061817891,0.0013666994333342585,0.002092327281091334
Random expectation,49373,HX-329,0.00016363933889707027,0.0008179735641338226,0.0016353894849459039,0.003268549613178795,0.008154678166686025,0.00047913667289394197,0.0007352329947480384
Random expectation,49392,TK-131,0.0003282724661468617,0.0016403747481527065,0.0032782825654951164,0.006546710896256358,0.016293139504140464,0.0009608015349525127,0.0014724857070214138
Random expectation,49395,F-054,0.00010867202782005592,0.0005432715694345669,0.0010863217508003675,0.0021717581899308724,0.005422760447928554,0.0003182342957099393,0.0004885350195998859
Random expectation,49401,BLR-011,0.00010841283607976315,0.0005419760327156631,0.0010837317320609996,0.00216658236952727,0.00540985249065129,0.0003174754296874091,0.0004873707810007382
Random expectation,49412,GB-128,0.0001890154992709725,0.0009447712992115553,0.001888777415589793,0.003774496165619423,0.009413341687610877,0.0005534039184493633,0.0008490284756423075
Random expectation,49460,M-082,0.00043781639075113343,0.002187285563013286,0.004370085308176175,0.008722261680254029,0.021672021144005793,0.0012810806508920208,0.0019616878807811097
Random expectation,49478,R-063,0.0001350402419920682,0.0006750553309056162,0.0013497460528220095,0.002698034260521731,0.006734163622397871,0.00039542544013911805,0.0006069106324686482
Random expectation,49492,CV-133,0.00024467159634622426,0.0012228259423943122,0.0024443225456765028,0.004883332792515294,0.012168590706753357,0.0007162592162494821,0.0010984122026647277
Random expectation,49502,TK-006,0.00021892616715013524,0.0010942115173008249,0.0021873752547866276,0.004370562830145364,0.010895068170433841,0.0006409313496755743,0.0009830894333714936
Random expectation,49522,P-367,0.00024714411247805934,0.0012351777166246247,0.0024689991013127077,0.004932578087315731,0.012290898409105466,0.0007234934988375105,0.0011094875516697755
Random expectation,49537,M-071,0.00043842823477835413,0.0021903397596602092,0.004376181164401749,0.008734403388460432,0.021702003247961454,0.0012828691729121454,0.001964417985349858
Random expectation,49574,EX-238,8.126117341133998e-05,0.0004062618445347388,0.000812413641708476,0.0016243871536006926,0.00405766810291408,0.0002379802697337169,0.00036541046142863953
Random expectation,49581,K-121,0.0002992790096585374,0.0014955809716459267,0.002989128246347894,0.0059701316591105336,0.014864591492796175,0.0008760032487520824,0.0013428239773033421
Random expectation,49611,TK-062,0.00032402657017871483,0.0016191706469406153,0.003235937732069205,0.006462274189039885,0.01608393464404856,0.0009483833771164309,0.0014534974861609208
Random expectation,49635,DC-022,5.4199073195815295e-05,0.0002709806778834478,0.000541924635527713,0.0010837023900983622,0.0027081543680664844,0.00015873697878603115,0.00024378592745254903
Random expectation,49655,M-022,0.0005201346875085555,0.0025981115485885775,0.005189827311611994,0.010354130935924966,0.025695082941884273,0.0015216474635921292,0.002328597863482293
Random expectation,49773,TK-205,0.00024301992763409164,0.0012145747571306043,0.0024278380556207457,0.004850435232593875,0.01208688042936279,0.0007114265909782732,0.0010910134708221973
Random expectation,49796,P-246,0.00043923463365080906,0.0021943651224491934,0.004384215339675701,0.008750405728238375,0.021741517805183186,0.001285226403593529,0.001968016163515812
Random expectation,49878,F-032,8.146197083658269e-05,0.0004072656138317532,0.0008144206357959538,0.0016283989641918684,0.00406768130637869,0.00023856824499746162,0.0003663128995980915
Random expectation,49911,P-328,0.0005489528723958692,0.0027419028796499267,0.005476662649957609,0.010924823349340862,0.027099696102800164,0.001605843353786652,0.002456905097800621
Random expectation,49938,TK-071,0.0003010234798314082,0.0015042938055384036,0.003006530147988795,0.006004840572809811,0.014950655593621187,0.0008811060199566263,0.0013506295861381355
