row_id,work_order,equipment_id,masked_text,template
1,20381028,P-573,centrifugal pump identifier quarterly lubrication service bearing grease replenishment and vibration baseline measurement grease drive end and non drive end bearings measure and record vibration signature check motor current at duty point inspect coupling spider for wear,centrifugal pump identifier quarterly lubrication service bearing grease replenishment and vibration baseline measurement grease drive end and non drive end bearings measure and record vibration signature check motor current at duty point inspect coupling spider for wear
80,20652520,SD-124,spray dryer identifier fire detection alarm in drying chamber emergency identifier system activated investigate ignition source inspect chamber walls and cyclone for product buildup clean chamber thoroughly verify explosion relief panels undamaged test fire detection before restart,spray dryer identifier fire detection alarm in drying chamber emergency identifier system activated investigate ignition source inspect chamber walls and cyclone for product buildup clean chamber thoroughly verify explosion relief panels undamaged test fire detection before restart
81,20596484,P-415,centrifugal pump identifier motor overload trip overcurrent detected phase a identifier a above flc megger test motor windings check vfd parameters inspect terminal connections for heat damage replace overload relay if tripped beyond reset,centrifugal pump identifier motor overload trip overcurrent detected phase a identifier a above flc megger test motor windings check vfd parameters inspect terminal connections for heat damage replace overload relay if tripped beyond reset
96,20740152,BLR-141,boiler identifier annual statutory inspection internal and external inspection per local pressure vessel regulations drain boiler descale waterside surfaces inspect fireside tubes and refractory inspect safety valve pressure gauge and water level gauges prepare inspection report for regulatory authority,boiler identifier annual statutory inspection internal and external inspection per local pressure vessel regulations drain boiler descale waterside surfaces inspect fireside tubes and refractory inspect safety valve pressure gauge and water level gauges prepare inspection report for regulatory authority
97,20385562,P-174,centrifugal pump identifier low flow alarm active flow identifier identifier below minimum process requirement inspect impeller for wear and blockage remove any debris check wear ring clearance trim impeller if required verify system curve against pump curve,centrifugal pump identifier low flow alarm active flow identifier identifier below minimum process requirement inspect impeller for wear and blockage remove any debris check wear ring clearance trim impeller if required verify system curve against pump curve
121,20605192,EX-215,extruder identifier six monthly gearbox oil change and thrust bearing inspection drain gearbox replace oil inspect thrust bearing for wear and preload replace if necessary check coupling and alignment refill gearbox and verify oil temperature on run up,extruder identifier six monthly gearbox oil change and thrust bearing inspection drain gearbox replace oil inspect thrust bearing for wear and preload replace if necessary check coupling and alignment refill gearbox and verify oil temperature on run up
128,20493884,M-098,motor identifier six monthly insulation resistance test and bearing grease replenishment ir test all three phases and record grease drive end and non drive end bearings per lubrication schedule check terminal connections for heat damage document results,motor identifier six monthly insulation resistance test and bearing grease replenishment ir test all three phases and record grease drive end and non drive end bearings per lubrication schedule check terminal connections for heat damage document results
156,20540892,M-108,motor identifier annual motor inspection including terminal box and cooling fan check inspect terminal box for moisture ingress and loose connections clean cooling fins and fan guard check mounting bolts verify earthing continuity test run and measure current balance,motor identifier annual motor inspection including terminal box and cooling fan check inspect terminal box for moisture ingress and loose connections clean cooling fins and fan guard check mounting bolts verify earthing continuity test run and measure current balance
161,20290316,GS-055,gas scrubber identifier annual packing inspection and nozzle replacement drain scrubber inspect packing condition replace packing if fouled or damaged replace liquid distribution nozzles inspect sump for corrosion pressure test vessel recommission,gas scrubber identifier annual packing inspection and nozzle replacement drain scrubber inspect packing condition replace packing if fouled or damaged replace liquid distribution nozzles inspect sump for corrosion pressure test vessel recommission
200,20158426,P-131,centrifugal pump identifier high vibration alarm on drive end bearing amplitude identifier mm s rms exceeding trip setpoint isolate pump drain casing disassemble bearing housing replace drive end bearing identifier realign coupling to within identifier tir functional test at duty point,centrifugal pump identifier high vibration alarm on drive end bearing amplitude identifier mm s rms exceeding trip setpoint isolate pump drain casing disassemble bearing housing replace drive end bearing identifier realign coupling to within identifier tir functional test at duty point
296,20038883,TK-009,storage tank identifier outlet valve passing confirmed by downstream flow with valve closed isolate valve disassemble inspect seat and ball gate for erosion lap seat if minor damage replace valve internals if worn beyond tolerance,storage tank identifier outlet valve passing confirmed by downstream flow with valve closed isolate valve disassemble inspect seat and ball gate for erosion lap seat if minor damage replace valve internals if worn beyond tolerance
350,20322593,P-162,centrifugal pump identifier six monthly planned maintenance bearing inspection mechanical seal check and coupling alignment verification inspect bearing condition and clearances replenish grease per lubrication schedule castrol tribol identifier check coupling alignment verify seal flush flow rate update maintenance record,centrifugal pump identifier six monthly planned maintenance bearing inspection mechanical seal check and coupling alignment verification inspect bearing condition and clearances replenish grease per lubrication schedule castrol tribol identifier check coupling alignment verify seal flush flow rate update maintenance record
361,20215573,TRB-042,steam turbine identifier six monthly lube oil change and coupling inspection drain and replace lube oil inspect coupling for wear and alignment check thrust bearing clearance verify oil cooler effectiveness document in pm record,steam turbine identifier six monthly lube oil change and coupling inspection drain and replace lube oil inspect coupling for wear and alignment check thrust bearing clearance verify oil cooler effectiveness document in pm record
390,20027104,P-606,centrifugal pump identifier vibration trending upward over identifier days broadband velocity identifier mm s bearing defect frequency identified in spectrum vibration analysis confirms bearing fault replace drive end bearing proactively re baseline vibration signature after repair,centrifugal pump identifier vibration trending upward over identifier days broadband velocity identifier mm s bearing defect frequency identified in spectrum vibration analysis confirms bearing fault replace drive end bearing proactively re baseline vibration signature after repair
402,20086468,TK-017,storage tank identifier api identifier internal inspection floor shell and roof condition assessment drain and gas free tank internal inspection per api identifier measure floor plate thickness using ut inspect shell for corrosion check annular plates write inspection report,storage tank identifier api identifier internal inspection floor shell and roof condition assessment drain and gas free tank internal inspection per api identifier measure floor plate thickness using ut inspect shell for corrosion check annular plates write inspection report
424,20340168,R-067,reactor identifier jacket leak confirmed pressure decay test failed on zone identifier at identifier bar identify leak location on jacket weld seam using nitrogen pressure test weld repair by certified welder post weld heat treat if required retest at identifier design pressure,reactor identifier jacket leak confirmed pressure decay test failed on zone identifier at identifier bar identify leak location on jacket weld seam using nitrogen pressure test weld repair by certified welder post weld heat treat if required retest at identifier design pressure
505,20516192,FM-098,fermentor identifier annual vessel inspection agitator overhaul and instrument calibration steam sterilise vessel open manways for internal inspection replace agitator seal calibrate ph and do probes replace sparger if worn inspect jacket integrity document in batch record system,fermentor identifier annual vessel inspection agitator overhaul and instrument calibration steam sterilise vessel open manways for internal inspection replace agitator seal calibrate ph and do probes replace sparger if worn inspect jacket integrity document in batch record system
566,20047862,P-210,centrifugal pump identifier cavitating intermittently suction pressure identifier bar below minimum npsh required check suction strainer differential pressure clean strainer basket verify suction vessel level adjust operating point to restore positive npsh,centrifugal pump identifier cavitating intermittently suction pressure identifier bar below minimum npsh required check suction strainer differential pressure clean strainer basket verify suction vessel level adjust operating point to restore positive npsh
597,20092444,F-019,filter identifier scheduled cartridge replacement at identifier service hours replace filter cartridges at planned interval regardless of differential pressure inspect housing internals record cartridge condition on removal update filter log,filter identifier scheduled cartridge replacement at identifier service hours replace filter cartridges at planned interval regardless of differential pressure inspect housing internals record cartridge condition on removal update filter log
629,20188514,CT-037,cooling tower identifier six monthly fan inspection and gearbox oil change inspect fan blades for erosion check blade pitch angle uniformity change gearbox oil inspect gearbox for wear lubricate fan shaft bearings easure and record vibration,cooling tower identifier six monthly fan inspection and gearbox oil change inspect fan blades for erosion check blade pitch angle uniformity change gearbox oil inspect gearbox for wear lubricate fan shaft bearings easure and record vibration
631,20435180,TK-183,storage tank identifier level transmitter lt failure reading stuck at identifier suspect impulse line blockage isolate and remove level transmitter blow down impulse lines clean displacer float bench calibrate reinstall and verify reading against dip measurement,storage tank identifier level transmitter lt failure reading stuck at identifier suspect impulse line blockage isolate and remove level transmitter blow down impulse lines clean displacer float bench calibrate reinstall and verify reading against dip measurement
652,20433650,P-284,centrifugal pump identifier low flow alarm active flow identifier identifier below minimum process requirement inspect impeller for wear and blockage remove any debris check wear ring clearance trim impeller if required verify system curve against pump curve,centrifugal pump identifier low flow alarm active flow identifier identifier below minimum process requirement inspect impeller for wear and blockage remove any debris check wear ring clearance trim impeller if required verify system curve against pump curve
678,20557029,M-112,motor identifier insulation resistance failure megger test identifier mohm below minimum identifier mohm winding degradation disconnect motor and perform full ir test on all phases test confirms winding failure remove motor for rewind install spare motor align and commission,motor identifier insulation resistance failure megger test identifier mohm below minimum identifier mohm winding degradation disconnect motor and perform full ir test on all phases test confirms winding failure remove motor for rewind install spare motor align and commission
714,20131110,FM-125,fermentor identifier agitator current trending up identifier over identifier days impeller fouling or seal wear suspected after batch completion inspect agitator shaft seal assembly check impeller blade wear and fouling measure shaft runout replace lip seals clean impeller re measure current baseline,fermentor identifier agitator current trending up identifier over identifier days impeller fouling or seal wear suspected after batch completion inspect agitator shaft seal assembly check impeller blade wear and fouling measure shaft runout replace lip seals clean impeller re measure current baseline
849,20673756,DOS-130,dosing pump identifier chemical tank low level alarm identifier level production impact if not replenished notify operations to arrange chemical delivery check dosing system isolation valves in correct position prime dosing head after tank fill verify dosing rate on restart,dosing pump identifier chemical tank low level alarm identifier level production impact if not replenished notify operations to arrange chemical delivery check dosing system isolation valves in correct position prime dosing head after tank fill verify dosing rate on restart
865,20613813,TK-417,storage tank identifier api identifier internal inspection floor shell and roof condition assessment drain and gas free tank internal inspection per api identifier measure floor plate thickness using ut inspect shell for corrosion check annular plates write inspection report,storage tank identifier api identifier internal inspection floor shell and roof condition assessment drain and gas free tank internal inspection per api identifier measure floor plate thickness using ut inspect shell for corrosion check annular plates write inspection report
1007,20409777,AG-079,agitator identifier mechanical seal failure product leakage at shaft gland area isolate vessel remove agitator shaft replace mechanical seal complete assembly inspect shaft for scoring reinstall pressure test seal chamber monitor seal flush post start,agitator identifier mechanical seal failure product leakage at shaft gland area isolate vessel remove agitator shaft replace mechanical seal complete assembly inspect shaft for scoring reinstall pressure test seal chamber monitor seal flush post start
1030,20379011,EX-072,extruder identifier annual screw and barrel wear inspection remove screw measure screw flight wear profile against original drawing replace screw if worn beyond tolerance measure barrel bore wear replace barrel liner if required,extruder identifier annual screw and barrel wear inspection remove screw measure screw flight wear profile against original drawing replace screw if worn beyond tolerance measure barrel bore wear replace barrel liner if required
1040,20296550,P-358,megger test motor windings check vfd parameters inspect terminal connections for heat damage replace overload relay if tripped beyond reset,megger test motor windings check vfd parameters inspect terminal connections for heat damage replace overload relay if tripped beyond reset
1042,20040867,VP-009,vacuum pump identifier annual internal inspection and vane replacement disassemble pump body measure vane wear replace vanes if worn beyond tolerance inspect rotor and stator for scoring reassemble and test at rated vacuum level,vacuum pump identifier annual internal inspection and vane replacement disassemble pump body measure vane wear replace vanes if worn beyond tolerance inspect rotor and stator for scoring reassemble and test at rated vacuum level
1070,20247433,FM-147,fermentor identifier six monthly mechanical seal and ph probe service replace agitator mechanical seal clean ph probe and calibrate with fresh buffer solutions replace do membrane cap verify all alarm setpoints update gxp calibration records,fermentor identifier six monthly mechanical seal and ph probe service replace agitator mechanical seal clean ph probe and calibrate with fresh buffer solutions replace do membrane cap verify all alarm setpoints update gxp calibration records
1117,20690226,P-233,centrifugal pump identifier mechanical seal failure product leakage observed at gland area estimated identifier l h replace complete mechanical seal cartridge flush seal chamber pressure test at identifier bar return to service and monitor seal flush flow,centrifugal pump identifier mechanical seal failure product leakage observed at gland area estimated identifier l h replace complete mechanical seal cartridge flush seal chamber pressure test at identifier bar return to service and monitor seal flush flow
1252,20174191,DOS-133,dosing pump identifier low flow alarm dosing rate identifier l h below setpoint diaphragm or valve fault inspect suction and discharge check valves for wear or debris replace valve balls and seats check diaphragm condition replace diaphragm if cracked calibrate stroke length verify flow rate,dosing pump identifier low flow alarm dosing rate identifier l h below setpoint diaphragm or valve fault inspect suction and discharge check valves for wear or debris replace valve balls and seats check diaphragm condition replace diaphragm if cracked calibrate stroke length verify flow rate
1263,20074050,SC-015,screw conveyor identifier blocked motor overload trip material compaction in trough isolate and lockout access clean out ports to clear material compaction check for foreign material in product inspect screw for damage verify material properties within design spec,screw conveyor identifier blocked motor overload trip material compaction in trough isolate and lockout access clean out ports to clear material compaction check for foreign material in product inspect screw for damage verify material properties within design spec
1313,20163770,SC-031,screw conveyor identifier six monthly flight wear inspection and bearing lubrication inspect screw flight wear profile measure flight thickness at wear points replace screw section if below minimum thickness lubricate all bearings check seals at inlet and outlet,screw conveyor identifier six monthly flight wear inspection and bearing lubrication inspect screw flight wear profile measure flight thickness at wear points replace screw section if below minimum thickness lubricate all bearings check seals at inlet and outlet
1397,20066758,CV-014,belt conveyor identifier quarterly roller belt and structure inspection walk full conveyor length inspect belt condition and splices replace damaged or seized idler rollers check belt tension lubricate all grease points test emergency pull cord,belt conveyor identifier quarterly roller belt and structure inspection walk full conveyor length inspect belt condition and splices replace damaged or seized idler rollers check belt tension lubricate all grease points test emergency pull cord
1434,20669759,P-628,centrifugal pump identifier six monthly planned maintenance bearing inspection mechanical seal check and coupling alignment verification inspect bearing condition and clearances replenish grease per lubrication schedule total carter ep identifier check coupling alignment verify seal flush flow rate update maintenance record,centrifugal pump identifier six monthly planned maintenance bearing inspection mechanical seal check and coupling alignment verification inspect bearing condition and clearances replenish grease per lubrication schedule total carter ep identifier check coupling alignment verify seal flush flow rate update maintenance record
1455,20423804,HX-081,heat exchanger identifier differential pressure high alarm tube side pressure drop identifier bar versus clean baseline identifier bar isolate and drain tube side hydroblast tube bundle to remove fouling deposit inspect tube wall thickness using eddy current testing reassemble and pressure test,heat exchanger identifier differential pressure high alarm tube side pressure drop identifier bar versus clean baseline identifier bar isolate and drain tube side hydroblast tube bundle to remove fouling deposit inspect tube wall thickness using eddy current testing reassemble and pressure test
1505,20383786,CT-073,cooling tower identifier six monthly fan inspection and gearbox oil change inspect fan blades for erosion check blade pitch angle uniformity change gearbox oil inspect gearbox for wear lubricate fan shaft bearings measure and record vibration,cooling tower identifier six monthly fan inspection and gearbox oil change inspect fan blades for erosion check blade pitch angle uniformity change gearbox oil inspect gearbox for wear lubricate fan shaft bearings measure and record vibration
1540,20634721,EV-121,evaporator identifier annual evaporator cleaning and tube inspection drain and clean heating tubes with edta solution inspect tube bundle using eddy current testing replace any thinned tubes pressure test update inspection records,evaporator identifier annual evaporator cleaning and tube inspection drain and clean heating tubes with edta solution inspect tube bundle using eddy current testing replace any thinned tubes pressure test update inspection records
1555,20329396,R-064,reactor identifier agitator drive fault alarm motor current identifier a spike then trip inspect agitator gearbox for damage check mechanical seal on agitator shaft replace failed seal assembly verify torque at rated speed,reactor identifier agitator drive fault alarm motor current identifier a spike then trip inspect agitator gearbox for damage check mechanical seal on agitator shaft replace failed seal assembly verify torque at rated speed
1599,20084025,FCC-017,fluid catalytic cracker identifier planned turnaround regenerator and reactor internal inspection full turnaround inspection of regenerator cyclones reactor riser and stripper internals replace worn refractory inspect all slide valves replace catalyst addition and withdrawal systems,fluid catalytic cracker identifier planned turnaround regenerator and reactor internal inspection full turnaround inspection of regenerator cyclones reactor riser and stripper internals replace worn refractory inspect all slide valves replace catalyst addition and withdrawal systems
1611,20614067,EV-118,evaporator identifier annual evaporator cleaning and tube inspection,evaporator identifier annual evaporator cleaning and tube inspection
1725,20235344,CV-047,walk full conveyor length inspect belt condition and splices replace damaged or seized idler rollers check belt tension lubricate all grease points test emergency pull cord,walk full conveyor length inspect belt condition and splices replace damaged or seized idler rollers check belt tension lubricate all grease points test emergency pull cord
1746,20694741,FM-132,fermentor identifier annual vessel inspection agitator overhaul and instrument calibration steam sterilise vessel open manways for internal inspection replace agitator seal calibrate ph and do probes replace sparger if worn inspect jacket integrity document in batch record system,fermentor identifier annual vessel inspection agitator overhaul and instrument calibration steam sterilise vessel open manways for internal inspection replace agitator seal calibrate ph and do probes replace sparger if worn inspect jacket integrity document in batch record system
1939,20010496,HX-301,heat exchanger identifier differential pressure high alarm tube side pressure drop identifier bar versus clean baseline identifier bar isolate and drain tube side hydroblast tube bundle to remove fouling deposit inspect tube wall thickness using eddy current testing reassemble and pressure test,heat exchanger identifier differential pressure high alarm tube side pressure drop identifier bar versus clean baseline identifier bar isolate and drain tube side hydroblast tube bundle to remove fouling deposit inspect tube wall thickness using eddy current testing reassemble and pressure test
1967,20373576,GB-072,drain gearbox inspect output shaft bearing for pitting and spalling replace bearing clean sump refill with correct oil grade commission and monitor temperature for identifier huors,drain gearbox inspect output shaft bearing for pitting and spalling replace bearing clean sump refill with correct oil grade commission and monitor temperature for identifier huors
2005,20095966,K-019,compressor identifier annual overhaul per oem schedule valve inspection oil change and performance test disassemble suction and discharge valve assemblies replace valve plates and springs change lube oil and filters check coupling and alignment performance test,compressor identifier annual overhaul per oem schedule valve inspection oil change and performance test disassemble suction and discharge valve assemblies replace valve plates and springs change lube oil and filters check coupling and alignment performance test
2070,20572719,M-115,motor identifier vfd overcurrent fault drive tripped on identifier at identifier a check vfd parameters and fault log inspect motor terminal connections megger test windings check encoder feedback signal clear fault and trial run under reduced load,motor identifier vfd overcurrent fault drive tripped on identifier at identifier a check vfd parameters and fault log inspect motor terminal connections megger test windings check encoder feedback signal clear fault and trial run under reduced load
2103,20110236,DP-121,diaphragm pump identifier diaphragm rupture process fluid detected in air exhaust isolate pump drain product side replace both diaphragms as a set inspect valve balls and seats reassemble test at low pressure before full service monitor exhaust for leakage,diaphragm pump identifier diaphragm rupture process fluid detected in air exhaust isolate pump drain product side replace both diaphragms as a set inspect valve balls and seats reassemble test at low pressure before full service monitor exhaust for leakage
2134,20306480,SC-059,screw conveyor identifier annual trough liner inspection and coupling check inspect trough liner plates for wear replace worn liner sections check coupling condition and alignment verify all covers in place and safety guards serviceable,screw conveyor identifier annual trough liner inspection and coupling check inspect trough liner plates for wear replace worn liner sections check coupling condition and alignment verify all covers in place and safety guards serviceable
2184,20343966,P-167,megger test motor windings check vfd parameters inspect terminal connections for heat damage replace overload relay if tripped beyond reset,megger test motor windings check vfd parameters inspect terminal connections for heat damage replace overload relay if tripped beyond reset
2220,ROW_002220,UF-121,ultrafiltration unit identifier integrity test failure on module identifier hollow fibre breach detected isolate and replace failed membrane module perform post replacement integrity test with pressurised air decay method verify rejection and flux within specification,ultrafiltration unit identifier integrity test failure on module identifier hollow fibre breach detected isolate and replace failed membrane module perform post replacement integrity test with pressurised air decay method verify rejection and flux within specification
2243,20497624,HX-195,heat exchanger identifier differential pressure high alarm tube side pressure drop identifier bar versus clean baseline identifier bar isolate and drain tube side hydroblast tube bundle to remove fouling deposit inspect tube wall thickness using eddy current testing reassemble and pressure test,heat exchanger identifier differential pressure high alarm tube side pressure drop identifier bar versus clean baseline identifier bar isolate and drain tube side hydroblast tube bundle to remove fouling deposit inspect tube wall thickness using eddy current testing reassemble and pressure test
2298,20464328,P-189,centrifugal pump identifier motor current increasing trend current draw identifier a versus baseline identifier a possible internal wear inspect impeller and wear rings for erosion measure internal clearances replace worn components re test performance at duty conditions,centrifugal pump identifier motor current increasing trend current draw identifier a versus baseline identifier a possible internal wear inspect impeller and wear rings for erosion measure internal clearances replace worn components re test performance at duty conditions
2377,20177708,CV-036,belt conveyor identifier quarterly roller belt and structure inspection walk full conveyor length inspect belt condition and splices replace damaged or seized idler rollers check belt tension lubricate all grease points test emergency pull cord,belt conveyor identifier quarterly roller belt and structure inspection walk full conveyor length inspect belt condition and splices replace damaged or seized idler rollers check belt tension lubricate all grease points test emergency pull cord
2379,206472113,GT-124,gas turbine identifier hot section borescope inspection per oem schedule borescope inspection of all compressor and turbine stages record blade condition replace any blades with damage beyond serviceable limits update oem inspection record,gas turbine identifier hot section borescope inspection per oem schedule borescope inspection of all compressor and turbine stages record blade condition replace any blades with damage beyond serviceable limits update oem inspection record
2408,20195020,DOS-038,dosing pump identifier annual calibration and flow verification calibrate dosing pump using certified flow measurement method verify actual versus setpoint flow across operating range adjust if outside tolerance document calibration results,dosing pump identifier annual calibration and flow verification calibrate dosing pump using certified flow measurement method verify actual versus setpoint flow across operating range adjust if outside tolerance document calibration results
2503,20204772,GT-039,gas turbine identifier combustion inspection fuel nozzles and transition piece inspection remove combustion liners inspect for cracking and oxidation replace liners beyond service life inspect and clean fuel nozzles replace transition pieces if cracked,gas turbine identifier combustion inspection fuel nozzles and transition piece inspection remove combustion liners inspect for cracking and oxidation replace liners beyond service life inspect and clean fuel nozzles replace transition pieces if cracked
2508,20528312,P-701,centrifugal pump identifier quarterly lubrication service bearing grease replenishment and vibration baseline measurement grease drive end and non drive end bearings measure and record vibration signature check motor current at duty point inspect coupling spider for wear,centrifugal pump identifier quarterly lubrication service bearing grease replenishment and vibration baseline measurement grease drive end and non drive end bearings measure and record vibration signature check motor current at duty point inspect coupling spider for wear
2514,20312904,K-061,compressor identifier low lube oil pressure alarm oil pressure identifier bar below minimum unit tripped drain and inspect lube oil system replace oil filter cartridges check oil pump relief valve refill with approved oil grade run up and verify pressure,compressor identifier low lube oil pressure alarm oil pressure identifier bar below minimum unit tripped drain and inspect lube oil system replace oil filter cartridges check oil pump relief valve refill with approved oil grade run up and verify pressure
2537,20234880,F-145,filter identifier scheduled cartridge replacement at identifier service hours replace filter cartridges at planned interval regardless of differential pressure inspect housing internals record cartridge condition on removal update filter log,filter identifier scheduled cartridge replacement at identifier service hours replace filter cartridges at planned interval regardless of differential pressure inspect housing internals record cartridge condition on removal update filter log
2608,20455386,HX-287,heat exchanger identifier annual inspection tube bundle inspection gasket replacement and pressure test drain and open channel head inspect tube sheet and tubes using boroscope replace gaskets on both heads hydraulic pressure test reinstate and commission,heat exchanger identifier annual inspection tube bundle inspection gasket replacement and pressure test drain and open channel head inspect tube sheet and tubes using boroscope replace gaskets on both heads hydraulic pressure test reinstate and commission
2654,20429046,K-282,compressor identifier high vibration trip nde bearing vibration identifier mm s peak replace nde bearing check shaft alignment inspect labyrinth seals rebalance rotor if indicated run up on no load and verify vibration levels,compressor identifier high vibration trip nde bearing vibration identifier mm s peak replace nde bearing check shaft alignment inspect labyrinth seals rebalance rotor if indicated run up on no load and verify vibration levels
2668,20632108,SC-120,screw conveyor identifier blocked motor overload trip material compaction in trough isolate and lockout access clean out ports to clear material compaction check for foreign material in product inspect screw for damage verify material properties within design spec,screw conveyor identifier blocked motor overload trip material compaction in trough isolate and lockout access clean out ports to clear material compaction check for foreign material in product inspect screw for damage verify material properties within design spec
2730,20027989,DC-106,open reboiler bundle eddy current tube inspection replace damaged tubes clean condenser tubes pressure test both vessels update inspection records,open reboiler bundle eddy current tube inspection replace damaged tubes clean condenser tubes pressure test both vessels update inspection records
2733,20209489,GB-040,gearbox identifier annual oil change and internal inspection drain and replace oil open inspection covers inspect gear teeth for wear and pitting check all bearing clearances replace seals refill run up and verify temperature and noise,gearbox identifier annual oil change and internal inspection drain and replace oil open inspection covers inspect gear teeth for wear and pitting check all bearing clearances replace seals refill run up and verify temperature and noise
2764,20507248,P-398,centrifugal pump identifier vibration trending upward over identifier days broadband velocity identifier mm s bearing defect frequency identified in spectrum vibration analysis confirms bearing fault replace drive end bearing proactively re baseline vibration signature after repair,centrifugal pump identifier vibration trending upward over identifier days broadband velocity identifier mm s bearing defect frequency identified in spectrum vibration analysis confirms bearing fault replace drive end bearing proactively re baseline vibration signature after repair
2771,20071147,BLR-015,boiler identifier six monthly burner service and combustion efficiency test service burner clean fuel nozzles check igniter electrode gap calibrate combustion analyser run combustion efficiency test adjust air fuel ratio for optimum efficiency,boiler identifier six monthly burner service and combustion efficiency test service burner clean fuel nozzles check igniter electrode gap calibrate combustion analyser run combustion efficiency test adjust air fuel ratio for optimum efficiency
2877,20085327,P-417,centrifugal pump identifier quarterly lubrication service bearing grease replenishment and vibration baseline measurement grease drive end and non drive end bearings measure and record vibration signature check motor current at duty point inspect coupling spider for wear,centrifugal pump identifier quarterly lubrication service bearing grease replenishment and vibration baseline measurement grease drive end and non drive end bearings measure and record vibration signature check motor current at duty point inspect coupling spider for wear
2934,20694882,FCC-133,fluid catalytic cracker identifier planned turnaround regenerator and reactor internal inspection full turnaround inspection of regenerator cyclones reactor riser and stripper internals replace worn refractory inspect all slide valves replace catalyst addition and withdrawal systems,fluid catalytic cracker identifier planned turnaround regenerator and reactor internal inspection full turnaround inspection of regenerator cyclones reactor riser and stripper internals replace worn refractory inspect all slide valves replace catalyst addition and withdrawal systems
3023,20537618,GS-102,gas scrubber identifier high differential pressure alarm identifier mbar packing section flooding suspected reduce gas flow rate to resolve flooding inspect liquid distribution nozzles for blockage clean packing verify liquid to gas ratio within design envelope investigate cause of flooding,gas scrubber identifier high differential pressure alarm identifier mbar packing section flooding suspected reduce gas flow rate to resolve flooding inspect liquid distribution nozzles for blockage clean packing verify liquid to gas ratio within design envelope investigate cause of flooding
3081,20449039,P-187,centrifugal pump identifier bearing temperature high alarm drive end temperature identifier degc above baseline remove bearing housing end cover measure bearing clearance replace worn bearing re grease per lubrication schedule monitor temperature for identifier hours post start,centrifugal pump identifier bearing temperature high alarm drive end temperature identifier degc above baseline remove bearing housing end cover measure bearing clearance replace worn bearing re grease per lubrication schedule monitor temperature for identifier hours post start
3099,206221053,TRB-119,steam turbine identifier six monthly lube oil change and coupling inspection drain and replace lube oil inspect coupling for wear and alignment check thrust bearing clearance verify oil cooler effectiveness document in pm record,steam turbine identifier six monthly lube oil change and coupling inspection drain and replace lube oil inspect coupling for wear and alignment check thrust bearing clearance verify oil cooler effectiveness document in pm record
3127,20304748,HV-060,hvac unit identifier annual ahu inspection including ductwork and damper verification full ahu inspection check all damper actuators and blades inspect fan blades for wear clean heat exchange coil with biocide solution verify all interlocks,hvac unit identifier annual ahu inspection including ductwork and damper verification full ahu inspection check all damper actuators and blades inspect fan blades for wear clean heat exchange coil with biocide solution verify all interlocks
3152,20338096,DOS-065,dosing pump identifier low flow alarm dosing rate identifier l h below setpoint diaphragm or valve fault inspect suction and discharge check valves for wear or debris replace valve balls and seats check diaphragm condition replace diaphragm if cracked calibrate stroke length verify flow rate,dosing pump identifier low flow alarm dosing rate identifier l h below setpoint diaphragm or valve fault inspect suction and discharge check valves for wear or debris replace valve balls and seats check diaphragm condition replace diaphragm if cracked calibrate stroke length verify flow rate
3156,846379137.3726554,P-338,centrifugal pump identifier vibration trending upward over identifier days broadband velocity identifier mm s bearing defect frequency identified in spectrum vibration analysis confirms bearing fault replace drive end bearing proactively re baseline vibration signature after repair,centrifugal pump identifier vibration trending upward over identifier days broadband velocity identifier mm s bearing defect frequency identified in spectrum vibration analysis confirms bearing fault replace drive end bearing proactively re baseline vibration signature after repair
3160,20479544,SD-091,spray dryer identifier six monthly air heater and bag filter inspection inspect air heater coils and clean replace bag filter elements check explosion relief valves and burst discs verify fire suppression system update inspection records,spray dryer identifier six monthly air heater and bag filter inspection inspect air heater coils and clean replace bag filter elements check explosion relief valves and burst discs verify fire suppression system update inspection records
3178,20577023,BLR-111,boiler identifier feedwater pump failure loss of boiler feed emergency shutdown initiated start standby feedwater pump investigate duty pump failure replace mechanical seal and bearings on duty pump test duty pump before returning to service,boiler identifier feedwater pump failure loss of boiler feed emergency shutdown initiated start standby feedwater pump investigate duty pump failure replace mechanical seal and bearings on duty pump test duty pump before returning to service
3203,20487776,TK-097,storage tank identifier roof drain blockage causing water ingress to product clear roof drain blockage inspect drain seal condition replace corroded drain fitting verify drain flow rate post repair,storage tank identifier roof drain blockage causing water ingress to product clear roof drain blockage inspect drain seal condition replace corroded drain fitting verify drain flow rate post repair
3211,20744459,HX-143,heat exchanger identifier differ ntial pr ssur high al rm tube side pressur dro identifier bar versus lean b s line identifier b r isolate and drain tube side hydroblast tube bundle to remove fouling deposit inspect tube wall thickness using eddy current testing reassemble and pressure test,heat exchanger identifier differ ntial pr ssur high al rm tube side pressur dro identifier bar versus lean b s line identifier b r isolate and drain tube side hydroblast tube bundle to remove fouling deposit inspect tube wall thickness using eddy current testing reassemble and pressure test
3241,20560680,HX-307,heat exchanger identifier annual ins e ti n tub bundle inspe ti n gasket re l cem nt nd pr ssure test drain and open channel head inspect tube sheet and tubes using boroscope replace gaskets on both heads hydraulic pressure test reinstate and commission,heat exchanger identifier annual ins e ti n tub bundle inspe ti n gasket re l cem nt nd pr ssure test drain and open channel head inspect tube sheet and tubes using boroscope replace gaskets on both heads hydraulic pressure test reinstate and commission
3282,20305063,VP-058,vacuum pump identifier six monthly oil change and shaft seal replacement drain oil replace with approved vacuum pump oil replace shaft seal assembly check coupling alignment run up and verify vacuum level and oil temperature,vacuum pump identifier six monthly oil change and shaft seal replacement drain oil replace with approved vacuum pump oil replace shaft seal assembly check coupling alignment run up and verify vacuum level and oil temperature
3288,20063285,DOS-112,dosing pump identifier low flow alarm dosing rate identifier l h below setpoint diaphragm or valve fault inspect suction and discharge check valves for wear or debris replace valve balls and seats check diaphragm condition replace diaphragm if cracked calibrate stroke length verify flow rate,dosing pump identifier low flow alarm dosing rate identifier l h below setpoint diaphragm or valve fault inspect suction and discharge check valves for wear or debris replace valve balls and seats check diaphragm condition replace diaphragm if cracked calibrate stroke length verify flow rate
3289,20416264,SD-080,spray dryer identifier annual chamber inspection and atomiser overhaul full internal inspection of drying chamber remove product deposits inspect wall coatings overhaul atomiser assembly and replace bearings and seals clean cyclone and bag filter,spray dryer identifier annual chamber inspection and atomiser overhaul full internal inspection of drying chamber remove product deposits inspect wall coatings overhaul atomiser assembly and replace bearings and seals clean cyclone and bag filter
3300,20162962,SD-032,spray dryer identifier annual chamber inspection and atomiser overhaul full internal inspection of drying chamber remove product deposits inspect wall coatings overhaul atomiser assembly and replace bearings and seals clean cyclone and bag filter,spray dryer identifier annual chamber inspection and atomiser overhaul full internal inspection of drying chamber remove product deposits inspect wall coatings overhaul atomiser assembly and replace bearings and seals clean cyclone and bag filter
3309,20493533,F-094,filter identifier quarterly filter housing inspection and o ring check inspect o irng condition and housing sealing surfaces replace o ring as precautionary measure pressure test housing verify differential pressure indication,filter identifier quarterly filter housing inspection and o ring check inspect o irng condition and housing sealing surfaces replace o ring as precautionary measure pressure test housing verify differential pressure indication
3324,20354452,P-269,centrifugal pump identifier low flow alarm active flow identifier identifier below minimum process requirement inspect impeller for wear and blockage remove any debris check wear ring clearance trim impeller if required verify system curve against pump curve,centrifugal pump identifier low flow alarm active flow identifier identifier below minimum process requirement inspect impeller for wear and blockage remove any debris check wear ring clearance trim impeller if required verify system curve against pump curve
3386,20247191,SD-047,investigate ignition source inspect chamber walls and cyclone for product buildup clean chamber thoroughly verify explosion relief panels undamaged test fire detection before restart,investigate ignition source inspect chamber walls and cyclone for product buildup clean chamber thoroughly verify explosion relief panels undamaged test fire detection before restart
3387,20705499,DOS-136,dosing pump identifier low flow alarm dosing rate identifier l h below setpoint diaphragm or valve fault inspect suction and discharge check valves for wear or debris replace valve balls and seats check diaphragm condition replace diaphragm if cracked calibrate stroke length verify flow rate,dosing pump identifier low flow alarm dosing rate identifier l h below setpoint diaphragm or valve fault inspect suction and discharge check valves for wear or debris replace valve balls and seats check diaphragm condition replace diaphragm if cracked calibrate stroke length verify flow rate
3467,20409309,M-078,motor identifier vfd overcurrent fault drive tripped on identifier at identifier a check vfd parameters and fault log inspect motor terminal connections megger test windings check encoder feedback signal clear fault and trial run under reduced load,motor identifier vfd overcurrent fault drive tripped on identifier at identifier a check vfd parameters and fault log inspect motor terminal connections megger test windings check encoder feedback signal clear fault and trial run under reduced load
3468,20596261,P-314,centrifugal pump identifier motor current increasing trend current draw identifier a versus baseline identifier a possible internal wear inspect impeller and wear rings for erosion measure internal clearances replace worn components re test performance at duty conditions,centrifugal pump identifier motor current increasing trend current draw identifier a versus baseline identifier a possible internal wear inspect impeller and wear rings for erosion measure internal clearances replace worn components re test performance at duty conditions
3469,20097825,M-019,m t r identifier vfd ov rcurr nt fault drive tri ed n identifier t identifier a check vfd parameters and fault log inspect motor terminal connections megger test windings check encoder feedback signal clear fault and trial run under reduced load,m t r identifier vfd ov rcurr nt fault drive tri ed n identifier t identifier a check vfd parameters and fault log inspect motor terminal connections megger test windings check encoder feedback signal clear fault and trial run under reduced load
3488,20272452,CV-053,belt conveyor identifier drive pulley lagging worn belt slipping under load isolate conveyor remove drive pulley lagging clean pulley surface apply new ceramic lagging using approved adhesive cure before return to service verify belt tension,belt conveyor identifier drive pulley lagging worn belt slipping under load isolate conveyor remove drive pulley lagging clean pulley surface apply new ceramic lagging using approved adhesive cure before return to service verify belt tension
3490,20511476,DP-197,diaphragm pump identifier diaphragm rupture process fluid detected in air exhaust isolate pump drain product side replace both diaphragms as a set inspect valve balls and seats reassemble test at low pressure before full service monitor exhaust for leakage,diaphragm pump identifier diaphragm rupture process fluid detected in air exhaust isolate pump drain product side replace both diaphragms as a set inspect valve balls and seats reassemble test at low pressure before full service monitor exhaust for leakage
3584,20733330,P-441,centrifugal pump identifier motor current increasing trend current draw identifier a versus baseline identifier a possible internal wear inspect impeller and wear rings for erosion measure internal clearances replace worn components re test performance at duty conditions,centrifugal pump identifier motor current increasing trend current draw identifier a versus baseline identifier a possible internal wear inspect impeller and wear rings for erosion measure internal clearances replace worn components re test performance at duty conditions
3601,20170815,R-034,reactor identifier annual shutdown inspection internal inspection instrument calibration and gasket replacement open reactor manways internal visual inspection for corrosion and erosion replace all manway gaskets calibrate all critical instruments update mechanical integrity record,reactor identifier annual shutdown inspection internal inspection instrument calibration and gasket replacement open reactor manways internal visual inspection for corrosion and erosion replace all manway gaskets calibrate all critical instruments update mechanical integrity record
3605,20632030,GS-120,gas scrubber identifier high identifier outlet alarm identifier ppm scrubbing efficiency loss chemical depletion increase caustic dosing rate check ph of scrubbing liquor top up caustic tank inspect spray nozzles for wear and blockage replace nozzles if worn verify outlet identifier after adjustment,gas scrubber identifier high identifier outlet alarm identifier ppm scrubbing efficiency loss chemical depletion increase caustic dosing rate check ph of scrubbing liquor top up caustic tank inspect spray nozzles for wear and blockage replace nozzles if worn verify outlet identifier after adjustment
3665,20516014,SD-098,spray dryer identifier atomiser wheel bearing failure shaft vibration identifier mm s emergency stop replace atomiser wheel bearing assembly dynamically balance wheel after assembly run up at low speed to verify vibration before full speed operation monitor continuously for identifier hours,spray dryer identifier atomiser wheel bearing failure shaft vibration identifier mm s emergency stop replace atomiser wheel bearing assembly dynamically balance wheel after assembly run up at low speed to verify vibration before full speed operation monitor continuously for identifier hours
3672,20537864,HP-103,hydraulic press identifier pressure relief valve lifting prematurely at identifier bar isolate and remove relief valve bench test and set to correct pressure replace if seat damaged reinstall and verify operation at working pressure update relief valve test record,hydraulic press identifier pressure relief valve lifting prematurely at identifier bar isolate and remove relief valve bench test and set to correct pressure replace if seat damaged reinstall and verify operation at working pressure update relief valve test record
3686,20399634,GB-077,gearbox identifier oil leak from output shaft seal identifier l h estimated loss rate drain oil remove output shaft seal retainer replace lip seal and o ring inspect shaft journal surface for scoring reinstall refill and check for leakage at operating pressure,gearbox identifier oil leak from output shaft seal identifier l h estimated loss rate drain oil remove output shaft seal retainer replace lip seal and o ring inspect shaft journal surface for scoring reinstall refill and check for leakage at operating pressure
3792,20020633,GS-004,gas scrubber identifier high differential pressure alarm identifier mbar packing section flooding suspected reduce gas flow rate to resolve flooding inspect liquid distribution nozzles for blockage clean packing verify liquid to gas ratio within design envelope investigate cause of flooding,gas scrubber identifier high differential pressure alarm identifier mbar packing section flooding suspected reduce gas flow rate to resolve flooding inspect liquid distribution nozzles for blockage clean packing verify liquid to gas ratio within design envelope investigate cause of flooding
3836,20545197,TK-104,storage tank identifier annual calibration of all level and temperature instruments calibrate all level transmitters against certified reference check temperature sensor accuracy verify high level alarm setpoints update calibration records,storage tank identifier annual calibration of all level and temperature instruments calibrate all level transmitters against certified reference check temperature sensor accuracy verify high level alarm setpoints update calibration records
3876,20714273,M-142,motor identifier insulation resistance failure megger test identifier mohm below minimum identifier mohm winding degradation disconnect motor and perform full ir test on all phases test confirms winding failure remove motor for rewind install spare motor align and commission,motor identifier insulation resistance failure megger test identifier mohm below minimum identifier mohm winding degradation disconnect motor and perform full ir test on all phases test confirms winding failure remove motor for rewind install spare motor align and commission
3906,20576517,R-210,reactor identifier ph probe at failure reading frozen at identifier ph batch on hold remove ph probe clean and bench calibrate using ph identifier and identifier buffer solutions replace if drifted beyond calibration tolerance reinstall and verify loop,reactor identifier ph probe at failure reading frozen at identifier ph batch on hold remove ph probe clean and bench calibrate using ph identifier and identifier buffer solutions replace if drifted beyond calibration tolerance reinstall and verify loop
3995,20306138,DOS-060,dosing pump identifier annual calibration and flow verification calibrate dosing pump using certified flow measurement method verify actual versus setpoint flow across operating range adjust if outside tolerance document calibration results,dosing pump identifier annual calibration and flow verification calibrate dosing pump using certified flow measurement method verify actual versus setpoint flow across operating range adjust if outside tolerance document calibration results
4030,20621229,FM-118,fermentor identifier agitator current trending up identifier over identifier days impeller fouling or seal wear suspected after batch completion inspect agitator shaft seal assembly check impeller blade wear and fouling measure shaft runout replace lip seals clean impeller re measure current baseline,fermentor identifier agitator current trending up identifier over identifier days impeller fouling or seal wear suspected after batch completion inspect agitator shaft seal assembly check impeller blade wear and fouling measure shaft runout replace lip seals clean impeller re measure current baseline
4072,20005308,P-103,centrifugal pump identifier annual overhaul full disassembly wear measurement impeller and seal replacement full pump disassembly measure all wear components against tolerances replace impeller wear rings bearings and mechanical seal reassemble align and performance test,centrifugal pump identifier annual overhaul full disassembly wear measurement impeller and seal replacement full pump disassembly measure all wear components against tolerances replace impeller wear rings bearings and mechanical seal reassemble align and performance test
4112,20217656,K-142,compressor identifier lube oil analysis shows elevated iron particles identifier ppm bearing wear suspected inspect bearings and journal surfaces replace worn bearings flush and refill lube oil system repeat oil analysis after identifier hours runtime,compressor identifier lube oil analysis shows elevated iron particles identifier ppm bearing wear suspected inspect bearings and journal surfaces replace worn bearings flush and refill lube oil system repeat oil analysis after identifier hours runtime
4145,20545475,TK-205,storage tank identifier annual calibration of all level and temperature instruments calibrate all level transmitters against certified reference check temperature sensor accuracy verify high level alarm setpoints update calibration records,storage tank identifier annual calibration of all level and temperature instruments calibrate all level transmitters against certified reference check temperature sensor accuracy verify high level alarm setpoints update calibration records
4152,20680925,HX-330,heat exchanger identifier differential pressure high alarm tube side pressure drop identifier bar versus clean baseline identifier bar isolate and drain tube side hydroblast tube bundle to remove fouling deposit inspect tube wall thickness using eddy current testing reassemble and pressure test,heat exchanger identifier differential pressure high alarm tube side pressure drop identifier bar versus clean baseline identifier bar isolate and drain tube side hydroblast tube bundle to remove fouling deposit inspect tube wall thickness using eddy current testing reassemble and pressure test
4155,20601093,GS-115,gas scrubber identifier high identifier outlet alarm identifier ppm scrubbing efficiency loss chemical depletion increase caustic dosing rate check ph of scrubbing liquor top up caustic tank inspect spray nozzles for wear and blockage replace nozzles if worn verify outlet identifier after adjustment,gas scrubber identifier high identifier outlet alarm identifier ppm scrubbing efficiency loss chemical depletion increase caustic dosing rate check ph of scrubbing liquor top up caustic tank inspect spray nozzles for wear and blockage replace nozzles if worn verify outlet identifier after adjustment
4161,ROW_004161,DRY-115,dryer identifier high product moisture alarm identifier above specification steam pressure insufficient check steam supply pressure and control valve operation inspect heating coils for fouling clean coils verify moisture analyser calibration adjust drying cycle time if required,dryer identifier high product moisture alarm identifier above specification steam pressure insufficient check steam supply pressure and control valve operation inspect heating coils for fouling clean coils verify moisture analyser calibration adjust drying cycle time if required
4163,20087627,M-023,motor identifier insulation resistance failure megger test identifier mohm below minimum identifier mohm winding degradation disconnect motor and perform full ir test on all phases test confirms winding failure remove motor for rewind install spare motor align and commission,motor identifier insulation resistance failure megger test identifier mohm below minimum identifier mohm winding degradation disconnect motor and perform full ir test on all phases test confirms winding failure remove motor for rewind install spare motor align and commission
4184,20428202,P-184,centrifugal pump identifier mechanical seal failure product leakage observed at gland area estimated identifier l h replace complete mechanical seal cartridge flush seal chamber pressure test at identifier bar return to service and monitor seal flush flow,centrifugal pump identifier mechanical seal failure product leakage observed at gland area estimated identifier l h replace complete mechanical seal cartridge flush seal chamber pressure test at identifier bar return to service and monitor seal flush flow
4229,20430503,F-083,filter identifier qu rt rly filter h using ins ection nd ring check inspect o ring condition and housing sealing surfaces replace o ring as precautionary measure pressure test housing verify differential pressure indication,filter identifier qu rt rly filter h using ins ection nd ring check inspect o ring condition and housing sealing surfaces replace o ring as precautionary measure pressure test housing verify differential pressure indication
4230,20467996,GB-089,gearbox identifier annual oil change and internal inspection drain and replace oil open inspection covers inspect gear teeth for wear and pitting check all bearing clearances replace seals refill run up and verify temperature and noise,gearbox identifier annual oil change and internal inspection drain and replace oil open inspection covers inspect gear teeth for wear and pitting check all bearing clearances replace seals refill run up and verify temperature and noise
4232,20662029,HV-127,hvac unit identifier supply fan drive belt failure airflow loss to controlled area replace drive belt with correct specification check tension and alignment on pulleys run up and verify supply air volume check room pressures return to setpoint,hvac unit identifier supply fan drive belt failure airflow loss to controlled area replace drive belt with correct specification check tension and alignment on pulleys run up and verify supply air volume check room pressures return to setpoint
4239,20562116,M-111,motor identifier earth fault trip single phase to earth detected on stator winding isolate motor identify faulted phase using ir and hipot testing send motor to approved rewind shop install inspected spare verify earth continuity post installation,motor identifier earth fault trip single phase to earth detected on stator winding isolate motor identify faulted phase using ir and hipot testing send motor to approved rewind shop install inspected spare verify earth continuity post installation
4322,20754376,P-744,centrifugal pump identifier quarterly lubrication service bearing grease replenishment and vibration baseline measurement grease drive end and non drive end bearings measure and record vibration signature check motor current at duty point inspect coupling spider for wear,centrifugal pump identifier quarterly lubrication service bearing grease replenishment and vibration baseline measurement grease drive end and non drive end bearings measure and record vibration signature check motor current at duty point inspect coupling spider for wear
4398,20623568,R-219,reactor identifier quarterly agitator mechanical seal and gearbox oil service drain gearbox replace oil with approved grade inspect mechanical seal faces for wear replace seal if face wear exceeds tolerance check impeller clearance,reactor identifier quarterly agitator mechanical seal and gearbox oil service drain gearbox replace oil with approved grade inspect mechanical seal faces for wear replace seal if face wear exceeds tolerance check impeller clearance
4447,20506154,DOS-096,dosing pump identifier six monthly diaphragm replacement and valve inspection replace dosing diaphragm as preventive measure inspect suction and discharge valves replace worn valve components flush dosing head calibrate stroke and verify flow rate,dosing pump identifier six monthly diaphragm replacement and valve inspection replace dosing diaphragm as preventive measure inspect suction and discharge valves replace worn valve components flush dosing head calibrate stroke and verify flow rate
4471,20345033,HX-069,heat exchanger identifier tube leak detected cross contamination confirmed by conductivity rise on shell side pressure test tube bundle with nitrogen identify leaking tubes plug failed tubes or replace bundle hydrotest at identifier design pressure update mechanical integrity record,heat exchanger identifier tube leak detected cross contamination confirmed by conductivity rise on shell side pressure test tube bundle with nitrogen identify leaking tubes plug failed tubes or replace bundle hydrotest at identifier design pressure update mechanical integrity record
4573,20383504,AG-073,agitator identifier mechanical seal failure product leakage at shaft gland area isolate vessel remove agitator shaft replace mechanical seal complete assembly inspect shaft for scoring reinstall pressure test seal chamber monitor seal flush post start,agitator identifier mechanical seal failure product leakage at shaft gland area isolate vessel remove agitator shaft replace mechanical seal complete assembly inspect shaft for scoring reinstall pressure test seal chamber monitor seal flush post start
4574,20599142,CV-115,belt conveyor identifier annual gearbox oil change and drive inspection drain gearbox replace oil with approved grade inspect coupling and guard condition check brake adjustment verify all safety switches and interlocks operational,belt conveyor identifier annual gearbox oil change and drive inspection drain gearbox replace oil with approved grade inspect coupling and guard condition check brake adjustment verify all safety switches and interlocks operational
4618,20101396,K-220,compressor identifier discharge valve efficiency declining based on performance monitoring throughput identifier identifier below rated remove and bench test discharge valves replace worn valve seats and plates re test compressor performance post repair,compressor identifier discharge valve efficiency declining based on performance monitoring throughput identifier identifier below rated remove and bench test discharge valves replace worn valve seats and plates re test compressor performance post repair
4675,20233043,P-645,centrifugal pump identifier mechanical seal failure product leakage observed at gland area estimated identifier l h replace complete mechanical seal cartridge flush seal chamber pressure test at identifier bar return to service and monitor seal flush flow,centrifugal pump identifier mechanical seal failure product leakage observed at gland area estimated identifier l h replace complete mechanical seal cartridge flush seal chamber pressure test at identifier bar return to service and monitor seal flush flow
4722,20760984,BLR-145,boiler identifier annual statutory inspection internal and external inspection per local pressure vessel regulations drain boiler descale waterside surfaces inspect fireside tubes and refractory inspect safety valve pressure gauge and water level gauges prepare inspection report for regulatory authority,boiler identifier annual statutory inspection internal and external inspection per local pressure vessel regulations drain boiler descale waterside surfaces inspect fireside tubes and refractory inspect safety valve pressure gauge and water level gauges prepare inspection report for regulatory authority
4727,20345650,TK-069,storage tank identifier api identifier internal inspection floor shell and roof condition assessment drain and gas free tank internal inspection per api identifier measure floor plate thickness using ut inspect shell for corrosion check annular plates write inspection report,storage tank identifier api identifier internal inspection floor shell and roof condition assessment drain and gas free tank internal inspection per api identifier measure floor plate thickness using ut inspect shell for corrosion check annular plates write inspection report
4738,20463877,DP-089,diaphragm pump identifier pump stalled air inlet valve frozen open no stroke detected disassemble air distribution valve clean or replace frozen valve spool check air supply quality for moisture and contamination install air line filter regulator lubricator if not present,diaphragm pump identifier pump stalled air inlet valve frozen open no stroke detected disassemble air distribution valve clean or replace frozen valve spool check air supply quality for moisture and contamination install air line filter regulator lubricator if not present
4790,20072884,EX-015,extruder identifier melt pressure high alarm at die head possible die blockage stop extruder remove die head clear blockage with rod and heat gun inspect die land for damage clean die with solvent reassemble verify melt pressure on restart,extruder identifier melt pressure high alarm at die head possible die blockage stop extruder remove die head clear blockage with rod and heat gun inspect die land for damage clean die with solvent reassemble verify melt pressure on restart
4798,20238954,R-046,reactor identifier agitator drive fault alarm motor current identifier a spike then trip inspect agitator gearbox for damage check mechanical seal on agitator shaft replace failed seal assembly verify torque at rated speed,reactor identifier agitator drive fault alarm motor current identifier a spike then trip inspect agitator gearbox for damage check mechanical seal on agitator shaft replace failed seal assembly verify torque at rated speed
4804,20242992,P-149,centrifugal pump identifier high vibration alarm on drive end bearing amplitude identifier mm s rms exceeding trip setpoint isolate pump drain casing disassemble bearing housing replace drive end bearing identifier realign coupling to within identifier tir functional test at duty point,centrifugal pump identifier high vibration alarm on drive end bearing amplitude identifier mm s rms exceeding trip setpoint isolate pump drain casing disassemble bearing housing replace drive end bearing identifier realign coupling to within identifier tir functional test at duty point
4865,20759136,P-345,centrifugal pump identifier motor overload trip overcurrent detected phase a identifier a above flc megger test motor windings check vfd parameters inspect terminal connections for heat damage replace overload relay if tripped beyond reset,centrifugal pump identifier motor overload trip overcurrent detected phase a identifier a above flc megger test motor windings check vfd parameters inspect terminal connections for heat damage replace overload relay if tripped beyond reset
4900,20428010,P-182,centrifugal pump identifier low flow alarm active flow identifier identifier below minimum process requirement inspect impeller for wear and blockage remove any debris check wear ring clearance trim impeller if required verify system curve against pump curve,centrifugal pump identifier low flow alarm active flow identifier identifier below minimum process requirement inspect impeller for wear and blockage remove any debris check wear ring clearance trim impeller if required verify system curve against pump curve
4916,20151757,DRY-030,dryer identifier high product moisture alarm identifier above specification steam pressure insufficient check steam supply pressure and control valve operation inspect heating coils for fouling clean coils verify moisture analyser calibration adjust drying cycle time if required,dryer identifier high product moisture alarm identifier above specification steam pressure insufficient check steam supply pressure and control valve operation inspect heating coils for fouling clean coils verify moisture analyser calibration adjust drying cycle time if required
4919,20602588,HX-115,heat exchanger identifier six monthly fouling inspection based on duty criticality measure differential pressure and calculate fouling factor if above threshold clean tube bundle inspect sacrificial anodes document condition in rbi record,heat exchanger identifier six monthly fouling inspection based on duty criticality measure differential pressure and calculate fouling factor if above threshold clean tube bundle inspect sacrificial anodes document condition in rbi record
4955,20136773,DP-126,diaphragm pump identifier pump stalled air inlet valve frozen open no stroke detected disassemble air distribution valve clean or replace frozen valve spool check air supply quality for moisture and contamination install air line filter regulator lubricator if not present,diaphragm pump identifier pump stalled air inlet valve frozen open no stroke detected disassemble air distribution valve clean or replace frozen valve spool check air supply quality for moisture and contamination install air line filter regulator lubricator if not present
4971,20017271,R-204,reactor identifier jacket leak confirmed pressure decay test failed on zone identifier at identifier bar identify leak location on jacket weld seam using nitrogen pressure test weld repair by certified welder post weld heat treat if required retest at identifier design pressure,reactor identifier jacket leak confirmed pressure decay test failed on zone identifier at identifier bar identify leak location on jacket weld seam using nitrogen pressure test weld repair by certified welder post weld heat treat if required retest at identifier design pressure
5050,20081831,EV-017,evaporator identifier product carryover into condenser entrainment separator fouled remove and clean entrainment separator mesh pads inspect for damage replace if mesh is blocked or torn verify separator performance post cleaning,evaporator identifier product carryover into condenser entrainment separator fouled remove and clean entrainment separator mesh pads inspect for damage replace if mesh is blocked or torn verify separator performance post cleaning
5076,20238516,K-048,compressor identifier high vibration trip nde bearing vibration identifier mm s peak repl ce nde be ring check shaft alignment insp ct l byrinth seals rebalanc rot r if indicated run up on no load nd v rify vibration levels,compressor identifier high vibration trip nde bearing vibration identifier mm s peak repl ce nde be ring check shaft alignment insp ct l byrinth seals rebalanc rot r if indicated run up on no load nd v rify vibration levels
5099,20045784,HV-010,hvac unit identifier six monthly filter change and coil inspection replace primary and secondary filters clean cooling and heating coils check condensate drain tray and trap inspect ductwork connection flanges document filter changes,hvac unit identifier six monthly filter change and coil inspection replace primary and secondary filters clean cooling and heating coils check condensate drain tray and trap inspect ductwork connection flanges document filter changes
5110,20535239,F-102,filter identifier s heduled c rtridg replacement at identifier service hours replace filter cartridges at planned interval regardless of differential pressure inspect housing internals record cartridge condition on removal update filter log,filter identifier s heduled c rtridg replacement at identifier service hours replace filter cartridges at planned interval regardless of differential pressure inspect housing internals record cartridge condition on removal update filter log
5123,20047698,P-111,centrifugal pump identifier six monthly planned maintenance bearing inspection mechanical seal check and coupling alignment verification,centrifugal pump identifier six monthly planned maintenance bearing inspection mechanical seal check and coupling alignment verification
5141,20094329,FM-019,fermentor identifier annual vessel inspection agitator overhaul and instrument calibration steam sterilise vessel open manways for internal inspection replace agitator seal calibrate ph and do probes replace sparger if worn inspect jacket integrity document in batch record system,fermentor identifier annual vessel inspection agitator overhaul and instrument calibration steam sterilise vessel open manways for internal inspection replace agitator seal calibrate ph and do probes replace sparger if worn inspect jacket integrity document in batch record system
5227,20060275,TK-014,storage tank identifier annual calibration of all level and temperature instruments calibrate all level transmitters against certified reference check temperature sensor accuracy verify high level alarm setpoints update calibration records,storage tank identifier annual calibration of all level and temperature instruments calibrate all level transmitters against certified reference check temperature sensor accuracy verify high level alarm setpoints update calibration records
5231,20690301,P-233,centrifugal pump identifier vibration trending upward over identifier days broadband velocity identifier mm s bearing defect frequency identified in spectrum vibration analysis confirms bearing fault replace drive end bearing proactively re baseline vibration signature after repair,centrifugal pump identifier vibration trending upward over identifier days broadband velocity identifier mm s bearing defect frequency identified in spectrum vibration analysis confirms bearing fault replace drive end bearing proactively re baseline vibration signature after repair
5237,ROW_005237,K-130,compressor identifier low lube oil pressure alarm oil pressure identifier bar below minimum unit tripped drain and inspect lube oil system replace oil filter cartridges check oil pump relief valve refill with approved oil grade run up and verify pressure,compressor identifier low lube oil pressure alarm oil pressure identifier bar below minimum unit tripped drain and inspect lube oil system replace oil filter cartridges check oil pump relief valve refill with approved oil grade run up and verify pressure
5264,20520743,BM-099,ball mill identifier annual liner replacement and trunnion bearing inspection drain mill remove worn liner plates install new liners to correct installation sequence torque all liner bolts inspect trunnion bearings refill with grinding media if required,ball mill identifier annual liner replacement and trunnion bearing inspection drain mill remove worn liner plates install new liners to correct installation sequence torque all liner bolts inspect trunnion bearings refill with grinding media if required
5341,20507403,P-597,centrifugal pump identifier quarterly lubrication service bearing grease replenishment and vibration baseline measurement grease drive end and non drive end bearings measure and record vibration signature check motor current at duty point inspect coupling spider for wear,centrifugal pump identifier quarterly lubrication service bearing grease replenishment and vibration baseline measurement grease drive end and non drive end bearings measure and record vibration signature check motor current at duty point inspect coupling spider for wear
5345,20260692,TK-050,storage tank identifier annual calibration of all level and temperature instruments calibrate all level transmitters against certified reference check temperature sensor accuracy verify high level alarm setpoints update calibration records,storage tank identifier annual calibration of all level and temperature instruments calibrate all level transmitters against certified reference check temperature sensor accuracy verify high level alarm setpoints update calibration records
5348,20454651,P-587,centrifugal pump identifier high vibration alarm on drive end bearing amplitude identifier mm s rms exceeding trip setpoint isolate pump drain casing disassemble bearing housing replace drive end bearing identifier realign coupling to within identifier tir functional test at duty point,centrifugal pump identifier high vibration alarm on drive end bearing amplitude identifier mm s rms exceeding trip setpoint isolate pump drain casing disassemble bearing housing replace drive end bearing identifier realign coupling to within identifier tir functional test at duty point
5375,20142908,P-329,centrifugal pump identifier high vibration alarm on drive end bearing amplitude identifier mm s rms exceeding trip setpoint isolate pump drain casing disassemble bearing housing replace drive end bearing identifier realign coupling to within identifier tir functional test at duty point,centrifugal pump identifier high vibration alarm on drive end bearing amplitude identifier mm s rms exceeding trip setpoint isolate pump drain casing disassemble bearing housing replace drive end bearing identifier realign coupling to within identifier tir functional test at duty point
5462,20721331,FCC-138,fluid catalytic cracker identifier standpipe pluggage event catalyst circulation lost,fluid catalytic cracker identifier standpipe pluggage event catalyst circulation lost
5484,20397631,DC-077,distillation column identifier annual reboiler and condenser inspection open reboiler bundle eddy current tube inspection replace damaged tubes clean condenser tubes pressure test both vessels update inspection records,distillation column identifier annual reboiler and condenser inspection open reboiler bundle eddy current tube inspection replace damaged tubes clean condenser tubes pressure test both vessels update inspection records
5493,20074383,P-116,centrifugal pump identifier quarterly lubrication service bearing grease replenishment and vibration baseline measurement grease drive end and non drive end bearings measure and record vibration signature check motor current at duty point inspect coupling spider for wear,centrifugal pump identifier quarterly lubrication service bearing grease replenishment and vibration baseline measurement grease drive end and non drive end bearings measure and record vibration signature check motor current at duty point inspect coupling spider for wear
5587,20520746,BM-099,ball mill identifier six monthhly oil analysis and lubrication system inspection take oil samples from all bearing reservoirs inspect filters and strainers check oil coolers replace oil if analysis shows degradation flush if metal contamination detected,ball mill identifier six monthhly oil analysis and lubrication system inspection take oil samples from all bearing reservoirs inspect filters and strainers check oil coolers replace oil if analysis shows degradation flush if metal contamination detected
5632,20296785,P-557,centrifugal pump identifier quarterly lubrication service bearing grease replenishment and vibration baseline measurement grease drive end and non drive end bearings measure and record vibration signature check motor current at duty point inspect coupling spider for wear,centrifugal pump identifier quarterly lubrication service bearing grease replenishment and vibration baseline measurement grease drive end and non drive end bearings measure and record vibration signature check motor current at duty point inspect coupling spider for wear
5634,20604220,M-122,motor identifier annual motor inspection including terminal box and cooling fan check inspect terminal box for moisture ingress and loose connections clean cooling fins and fan guard check mounting bolts verify earthing continuity test run and measure current balance,motor identifier annual motor inspection including terminal box and cooling fan check inspect terminal box for moisture ingress and loose connections clean cooling fins and fan guard check mounting bolts verify earthing continuity test run and measure current balance
5650,20160244,DC-031,distillation column identifier flooding indicated by differential pressure identifier mbar above normal identifier mbar open column manways inspect trays identifier to identifier for fouling damage and downcomer blockage clean trays with high pressure water inspect weir heights,distillation column identifier flooding indicated by differential pressure identifier mbar above normal identifier mbar open column manways inspect trays identifier to identifier for fouling damage and downcomer blockage clean trays with high pressure water inspect weir heights
5670,20104013,BM-020,ball mill identifier annual liner replacement and trunnion bearing inspection drain mill remove worn liner plates install new liners to correct installation sequence torque all liner bolts inspect trunnion bearings refill with grinding media if required,ball mill identifier annual liner replacement and trunnion bearing inspection drain mill remove worn liner plates install new liners to correct installation sequence torque all liner bolts inspect trunnion bearings refill with grinding media if required
5693,20486604,P-693,centrifugal pump identifier cavitating intermittently suction pressure identifier bar below minimum npsh required check suction strainer differential pressure clean strainer basket verify suction vessel level adjust operating point to restore positive npsh,centrifugal pump identifier cavitating intermittently suction pressure identifier bar below minimum npsh required check suction strainer differential pressure clean strainer basket verify suction vessel level adjust operating point to restore positive npsh
5723,20543276,SC-104,screw conveyor identifier end bearing failure screw shaft vibration detected remove end bearing housing replace worn bearing inspect shaft journal for scoring check shaft alignment grease bearing per lubrication schedule trial run before loading,screw conveyor identifier end bearing failure screw shaft vibration detected remove end bearing housing replace worn bearing inspect shaft journal for scoring check shaft alignment grease bearing per lubrication schedule trial run before loading
5733,20127450,K-025,compressor identifier lube oil analysis shows elevated iron particles identifier ppm bearing wear suspected inspect bearings and journal surfaces replace worn bearings flush and refill lube oil system repeat oil analysis after identifier hours runtime,compressor identifier lube oil analysis shows elevated iron particles identifier ppm bearing wear suspected inspect bearings and journal surfaces replace worn bearings flush and refill lube oil system repeat oil analysis after identifier hours runtime
5745,20698172,F-233,filter identifier scheduled cartridge replacement at identifier service hours replace filter cartridges at planned interval regardless of differential pressure inspect housing internals record cartridge condition on removal update filter log,filter identifier scheduled cartridge replacement at identifier service hours replace filter cartridges at planned interval regardless of differential pressure inspect housing internals record cartridge condition on removal update filter log
5795,20406168,DOS-078,dosing pump identifier chemical tank low level alarm identifier level production impact if not replenished notify operations to arrange chemical delivery check dosing system isolation valves in correct position prime dosing head after tank fill verify dosing rate on restart,dosing pump identifier chemical tank low level alarm identifier level production impact if not replenished notify operations to arrange chemical delivery check dosing system isolation valves in correct position prime dosing head after tank fill verify dosing rate on restart
5807,20399921,BM-176,ball mill identifier trunnion bearing temperature high identifier degc oil supply pressure low check oil supply pump and filters flush bearing lubrication circuit replace oil monitor trunnion temperature on restart if bearing damaged remove mill from service for bearing replacement,ball mill identifier trunnion bearing temperature high identifier degc oil supply pressure low check oil supply pump and filters flush bearing lubrication circuit replace oil monitor trunnion temperature on restart if bearing damaged remove mill from service for bearing replacement
5869,20147396,DOS-128,dosing pump identifier chemical tank low level alarm identifier level production impact if not replenished notify operations to arrange chemical delivery check dosing system isolation valves in correct position prime dosing head after tank fill verify dosing rate on restart,dosing pump identifier chemical tank low level alarm identifier level production impact if not replenished notify operations to arrange chemical delivery check dosing system isolation valves in correct position prime dosing head after tank fill verify dosing rate on restart
5891,20245701,M-048,motor identifier six monthly insulation resistance test and bearing grease replenishment ir test all three phases and record grease drive end and non drive end bearings per lubrication schedule check terminal connections for heat damage document results,motor identifier six monthly insulation resistance test and bearing grease replenishment ir test all three phases and record grease drive end and non drive end bearings per lubrication schedule check terminal connections for heat damage document results
5896,20310967,SD-060,spray dryer identifier fire detection alarm in drying chamber emergency identifier system activated investigate ignition source inspect chamber walls and cyclone for product buildup clean chamber thoroughly verify explosion relief panels undamaged test fire detection before restart,spray dryer identifier fire detection alarm in drying chamber emergency identifier system activated investigate ignition source inspect chamber walls and cyclone for product buildup clean chamber thoroughly verify explosion relief panels undamaged test fire detection before restart
5910,20142452,P-128,centrifugal pump identifier annual overhaul full disassembly wear measurement impeller and seal replacement,centrifugal pump identifier annual overhaul full disassembly wear measurement impeller and seal replacement
5926,20245439,F-047,filter identifier differential pressure high high alarm dp identifier bar cartridges blocked production stopped isolate filter drain housing remove and replace all identifier filter cartridges with grade identifier micron inspect housing for damage reassemble and pressure test,filter identifier differential pressure high high alarm dp identifier bar cartridges blocked production stopped isolate filter drain housing remove and replace all identifier filter cartridges with grade identifier micron inspect housing for damage reassemble and pressure test
5941,2056846,EV-108,evaporator identifier vacuum loss level dropping in vapour body steam ejector or vacuum pump fault suspected inspect vacuum pump oil level and condition check all flanges and gaskets for air ingress using nitrogen pressure test replace failed gasket on vapour body flange re establish vacuum,evaporator identifier vacuum loss level dropping in vapour body steam ejector or vacuum pump fault suspected inspect vacuum pump oil level and condition check all flanges and gaskets for air ingress using nitrogen pressure test replace failed gasket on vapour body flange re establish vacuum
5948,20452841,DRY-087,dryer identifier annual vessel inspection and filter sock replacement open dryer internal inspection for corrosion and erosion replace filter socks inspect agitator shaft seal replace if worn check heating coil integrity update inspection record,dryer identifier annual vessel inspection and filter sock replacement open dryer internal inspection for corrosion and erosion replace filter socks inspect agitator shaft seal replace if worn check heating coil integrity update inspection record
6081,20569660,HP-109,hydraulic press identifier six monthly safety device and pressure relief valve test test all pressure relief valves at rated pressure test safety interlocks and emergency stop verify guard interlock operation calibrate pressure gauges document all results,hydraulic press identifier six monthly safety device and pressure relief valve test test all pressure relief valves at rated pressure test safety interlocks and emergency stop verify guard interlock operation calibrate pressure gauges document all results
6094,20467357,CV-089,belt conveyor identifier annual gearbox oil change and drive inspection drain gearbox replace oil with approved grade inspect coupling and guard condition check brake adjustment verify all safety switches and interlocks operational,belt conveyor identifier annual gearbox oil change and drive inspection drain gearbox replace oil with approved grade inspect coupling and guard condition check brake adjustment verify all safety switches and interlocks operational
6102,20100650,P-220,centrifugal pump identifier vibration trending upward over identifier days broadband velocity identifier mm s bearing defect frequency identified in spectrum vibration analysis confirms bearing fault replace drive end bearing proactively re baseline vibration signature after repair,centrifugal pump identifier vibration trending upward over identifier days broadband velocity identifier mm s bearing defect frequency identified in spectrum vibration analysis confirms bearing fault replace drive end bearing proactively re baseline vibration signature after repair
6108,20116334,P-323,centrifugal pump identifier high vibration alarm on drive end bearing amplitude identifier mm s rms exceeding trip setpoint isolate pump drain casing disassemble bearing housing replace drive end bearing identifier realign coupling to within identifier tir functional test at duty point,centrifugal pump identifier high vibration alarm on drive end bearing amplitude identifier mm s rms exceeding trip setpoint isolate pump drain casing disassemble bearing housing replace drive end bearing identifier realign coupling to within identifier tir functional test at duty point
6150,-20335941.0,M-068,motor identifier earth fault trip single phase to earth detected on stator winding isolate motor identify faulted phase using ir and hipot testing send motor to approved rewind shop install inspected spare verify earth continuity post installation,motor identifier earth fault trip single phase to earth detected on stator winding isolate motor identify faulted phase using ir and hipot testing send motor to approved rewind shop install inspected spare verify earth continuity post installation
6171,20417096,HP-079,hydraulic press identifier six monthly safety device and pressure relief valve test test all pressure relief valves at rated pressure test safety interlocks and emergency stop verify guard interlock operation calibrate pressure gauges document all results,hydraulic press identifier six monthly safety device and pressure relief valve test test all pressure relief valves at rated pressure test safety interlocks and emergency stop verify guard interlock operation calibrate pressure gauges document all results
6186,20242654,SC-047,screw conveyor identifier six monthly flight wear inspection and bearing lubrication inspect screw flight wear profile measure flight thickness at wear points replace screw section if below minimum thickness lubricate all bearings check seals at inlet and outlet,screw conveyor identifier six monthly flight wear inspection and bearing lubrication inspect screw flight wear profile measure flight thickness at wear points replace screw section if below minimum thickness lubricate all bearings check seals at inlet and outlet
6233,20734021,HX-142,heat exchanger identifier tube leak detected cross contamination confirmed by conductivity rise on shell side pressure test tube bundle with nitrogen identify leaking tubes plug failed tubes or replace bundle hydrotest at identifier design pressure update mechanical integrity record,heat exchanger identifier tube leak detected cross contamination confirmed by conductivity rise on shell side pressure test tube bundle with nitrogen identify leaking tubes plug failed tubes or replace bundle hydrotest at identifier design pressure update mechanical integrity record
6238,1857391743.3567078,P-151,centrifugal pump identifier mechanical seal failure product leakage observed at gland area estimated identifier l h replace complete mechanical seal cartridge flush seal chamber pressure test at identifier bar return to service and monitor seal flush flow,centrifugal pump identifier mechanical seal failure product leakage observed at gland area estimated identifier l h replace complete mechanical seal cartridge flush seal chamber pressure test at identifier bar return to service and monitor seal flush flow
6249,20221068,FM-142,fermentor identifier six monthly mechanical seal and ph probe service replace agitator mechanical seal clean ph probe and calibrate with fresh buffer solutions replace do membrane cap verify all alarm setpoints update gxp calibration records,fermentor identifier six monthly mechanical seal and ph probe service replace agitator mechanical seal clean ph probe and calibrate with fresh buffer solutions replace do membrane cap verify all alarm setpoints update gxp calibration records
6252,20064169,P-214,centrifugal pump identifier quarterly lubrication service bearing grease replenishment and vibration baseline measurement grease drive end and non drive end bearings measure and record vibration signature check motor current at duty point inspect coupling spider for wear,centrifugal pump identifier quarterly lubrication service bearing grease replenishment and vibration baseline measurement grease drive end and non drive end bearings measure and record vibration signature check motor current at duty point inspect coupling spider for wear
6299,20601343,P-215,centrifugal pump identifier mechanical seal failure product leakage observed at gland area estimated identifier l h replace complete mechanical seal cartridge flush seal chamber pressure test at identifier bar return to service and monitor seal flush flow,centrifugal pump identifier mechanical seal failure product leakage observed at gland area estimated identifier l h replace complete mechanical seal cartridge flush seal chamber pressure test at identifier bar return to service and monitor seal flush flow
6306,20423957,HX-084,heat exchanger identifier annual inspection tube bundle inspection gasket replacement and pressure test drain and open channel head inspect tube sheet and tubes using boroscope replace gaskets on both heads hydraulic pressure test reinstate and commission,heat exchanger identifier annual inspection tube bundle inspection gasket replacement and pressure test drain and open channel head inspect tube sheet and tubes using boroscope replace gaskets on both heads hydraulic pressure test reinstate and commission
6331,20292354,R-256,reactor identifier annual shutdown inspection internal inspection instrument calibration and gasket replacement open reactor manways internal visual inspection for corrosion and erosion replace all manway gaskets calibrate all critical instruments update mechanical integrity record,reactor identifier annual shutdown inspection internal inspection instrument calibration and gasket replacement open reactor manways internal visual inspection for corrosion and erosion replace all manway gaskets calibrate all critical instruments update mechanical integrity record
6399,20633751,R-121,reactor identifier ph probe at failure reading frozen at identifier ph batch on hold remove ph probe clean and bench calibrate using ph identifier and identifier buffer solutions replace if drifted beyond calibration tolerance reinstall and verify loop,reactor identifier ph probe at failure reading frozen at identifier ph batch on hold remove ph probe clean and bench calibrate using ph identifier and identifier buffer solutions replace if drifted beyond calibration tolerance reinstall and verify loop
6404,20165293,HX-035,heat exchanger identifier differential pressure high alarm tube side pressure drop identifier bar versus clean baseline identifier bar isolate and drain tube side hydroblast tube bundle to remove fouling deposit inspect tube wall thickness using eddy current testing reassemble and pressure test,heat exchanger identifier differential pressure high alarm tube side pressure drop identifier bar versus clean baseline identifier bar isolate and drain tube side hydroblast tube bundle to remove fouling deposit inspect tube wall thickness using eddy current testing reassemble and pressure test
6425,20548715,HP-105,hydraulic press identifier pressure relief valve lifting prematurely at identifier bar isolate and remove relief valve bench test and set to correct pressure replace if seat damaged reinstall and verify operation at working pressure update relief valve test record,hydraulic press identifier pressure relief valve lifting prematurely at identifier bar isolate and remove relief valve bench test and set to correct pressure replace if seat damaged reinstall and verify operation at working pressure update relief valve test record
6448,20171590,CF-033,centrifuge identifier annual full overhaul including spindle bearing replacement full disassembly replace spindle bearings inspect basket for fatigue cracks replace all seals reassemble balance basket and perform no load and loaded test run,centrifuge identifier annual full overhaul including spindle bearing replacement full disassembly replace spindle bearings inspect basket for fatigue cracks replace all seals reassemble balance basket and perform no load and loaded test run
6451,20167481,CT-032,cooling tower identifier high conductivity alarm identifier us cm blowdown valve failed closed manually open blowdown valve to flush system inspect valve actuator and replace if faulty verify automatic blowdown control loop functioning check water treatment dosing,cooling tower identifier high conductivity alarm identifier us cm blowdown valve failed closed manually open blowdown valve to flush system inspect valve actuator and replace if faulty verify automatic blowdown control loop functioning check water treatment dosing
6454,20090948,K-118,compressor identifier discharge valve efficiency declining based on performance monitoring throughput identifier identifier below rated remove and bench test discharge valves replace worn valve seats and plates re test compressor performance post repair,compressor identifier discharge valve efficiency declining based on performance monitoring throughput identifier identifier below rated remove and bench test discharge valves replace worn valve seats and plates re test compressor performance post repair
6466,20067479,BM-013,ball mill identifier liner bolt failure mill shell vibration elevated shutdown required shut down mill inspect liner bolts for failure replace all suspect fasteners retorque all liner bolts to specification inspect liner plates for cracking trial run identifier hours,ball mill identifier liner bolt failure mill shell vibration elevated shutdown required shut down mill inspect liner bolts for failure replace all suspect fasteners retorque all liner bolts to specification inspect liner plates for cracking trial run identifier hours
6484,20684961,P-232,centrifugal pump identifier bearing temperature high alarm drive end temperature identifier degc above baseline remove bearing housing end cover measure bearing clearance replace worn bearing re grease per lubrication schedule monitor temperature for identifier hours post start,centrifugal pump identifier bearing temperature high alarm drive end temperature identifier degc above baseline remove bearing housing end cover measure bearing clearance replace worn bearing re grease per lubrication schedule monitor temperature for identifier hours post start
6489,20371262,HX-371,heat exchanger identifier tube leak detected cross contamination confirmed by conductivity rise on shell side pressure test tube bundle with nitrogen identify leaking tubes plug failed tubes or replace bundle hydrotest at identifier design pressure update mechanical integrity record,heat exchanger identifier tube leak detected cross contamination confirmed by conductivity rise on shell side pressure test tube bundle with nitrogen identify leaking tubes plug failed tubes or replace bundle hydrotest at identifier design pressure update mechanical integrity record
6491,20383810,CT-074,cooling tower identifier annual basin cleaning and fill packing inspection drain basin clean and disinfect with chlorine solution inspect fill packing condition replace damaged packing sections check drift eliminators treat and refill legionella risk assessment update,cooling tower identifier annual basin cleaning and fill packing inspection drain basin clean and disinfect with chlorine solution inspect fill packing condition replace damaged packing sections check drift eliminators treat and refill legionella risk assessment update
6541,20249006,P-648,centrifugal pump identifier quarterly lubrication service bearing grease replenishment and vibration baseline measurement grease drive end and non drive end bearings measure and record vibration signature check motor current at duty point inspect coupling spider for wear,centrifugal pump identifier quarterly lubrication service bearing grease replenishment and vibration baseline measurement grease drive end and non drive end bearings measure and record vibration signature check motor current at duty point inspect coupling spider for wear
6556,20114800,SEP-023,separator identifier six monthly level instrument calibration calibrate all level transmitters verify high and low level alarm setpoints check interface level instruments document calibration results,separator identifier six monthly level instrument calibration calibrate all level transmitters verify high and low level alarm setpoints check interface level instruments document calibration results
6568,20111396,P-522,centrifugal pump identifier annual overhaul full disassembly wear measurement impeller and seal replacement full pump disassembly measure all wear components against tolerances replace impeller wear rings bearings and mechanical seal reassemble align and performance test,centrifugal pump identifier annual overhaul full disassembly wear measurement impeller and seal replacement full pump disassembly measure all wear components against tolerances replace impeller wear rings bearings and mechanical seal reassemble align and performance test
6608,20733371,P-540,centrifugal pump identifier bearing temperature high alarm drive end temperature identifier degc above baseline remove bearing housing end cover measure bearing clearance replace worn bearing re grease per lubrication schedule monitor temperature for identifier hours post start,centrifugal pump identifier bearing temperature high alarm drive end temperature identifier degc above baseline remove bearing housing end cover measure bearing clearance replace worn bearing re grease per lubrication schedule monitor temperature for identifier hours post start
6757,20563794,UF-108,ultrafiltration unit identifier quarterly membrane integrity test and chemical clean perform air pressure decay integrity test on all modules record results chemical clean with citric acid and sodium hypochlorite per sop re test flux after cleaning,ultrafiltration unit identifier quarterly membrane integrity test and chemical clean perform air pressure decay integrity test on all modules record results chemical clean with citric acid and sodium hypochlorite per sop re test flux after cleaning
6801,20349364,P-268,centrifugal pump identifier low flow alarm active flow identifier identifier below minimum process requirement inspect impeller for wear and blockage remove any debris check wear ring clearance trim impeller if required verify system curve against pump curve,centrifugal pump identifier low flow alarm active flow identifier identifier below minimum process requirement inspect impeller for wear and blockage remove any debris check wear ring clearance trim impeller if required verify system curve against pump curve
6812,20678456,GT-129,gas turbine identifier flame out on start igniter fault suspected inspect igniter plugs for erosion replace igniter check fuel supply isolation valve and fuel manifold pressure verify flame detector signal attempt controlled restart per procedure,gas turbine identifier flame out on start igniter fault suspected inspect igniter plugs for erosion replace igniter check fuel supply isolation valve and fuel manifold pressure verify flame detector signal attempt controlled restart per procedure
6909,20042761.0000000000,P-309,centrifugal pump identifier cavitating intermittently suction pressure identifier bar below minimum npsh required check su tion str iner differential pressure cl an str iner basket verify suction vess l level adjust op r ting point to restore ositive npsh,centrifugal pump identifier cavitating intermittently suction pressure identifier bar below minimum npsh required check su tion str iner differential pressure cl an str iner basket verify suction vess l level adjust op r ting point to restore ositive npsh
6946,2041245,EV-179,evaporator identifier vacuum loss level dropping in vapour body steam ejector or vacuum pump fault suspected inspect vacuum pump oil level and condition check all flanges and gaskets for air ingress using nitrogen pressure test replace failed gasket on vapour body flange re establish vacuum,evaporator identifier vacuum loss level dropping in vapour body steam ejector or vacuum pump fault suspected inspect vacuum pump oil level and condition check all flanges and gaskets for air ingress using nitrogen pressure test replace failed gasket on vapour body flange re establish vacuum
6956,20370719,P-671,centrifugal pump identifier low flow alarm active flow identifier identifier below minimum process requirement inspect impeller for wear and blockage remove any debris check wear ring clearance trim impeller if required verify system curve against pump curve,centrifugal pump identifier low flow alarm active flow identifier identifier below minimum process requirement inspect impeller for wear and blockage remove any debris check wear ring clearance trim impeller if required verify system curve against pump curve
6973,20286059,P-655,megger test motor windings check vfd parameters inspect terminal connections for heat damage replace overload relay if tripped beyond reset,megger test motor windings check vfd parameters inspect terminal connections for heat damage replace overload relay if tripped beyond reset
7065,20475563,P-392,centrifugal pump identifier low flow alarm active flow identifier identifier below minimum process requirement inspect impeller for wear and blockage remove any debris check wear ring clearance trim impeller if required verify system curve against pump curve,centrifugal pump identifier low flow alarm active flow identifier identifier below minimum process requirement inspect impeller for wear and blockage remove any debris check wear ring clearance trim impeller if required verify system curve against pump curve
7074,20645748,M-127,motor identifier insulation resistance failure megger test identifier mohm below minimum identifier mohm winding degradation disconnect motor and perform full ir test on all phases test confirms winding failure remove motor for rewind install spare motor align and commission,motor identifier insulation resistance failure megger test identifier mohm below minimum identifier mohm winding degradation disconnect motor and perform full ir test on all phases test confirms winding failure remove motor for rewind install spare motor align and commission
7080,20551916,CV-106,belt conveyor identifier quarterly roller belt and structure inspection walk full conveyor length inspect belt condition and splices replace damaged or seized idler rollers check belt tension lubricate all grease points test emergency pull cord,belt conveyor identifier quarterly roller belt and structure inspection walk full conveyor length inspect belt condition and splices replace damaged or seized idler rollers check belt tension lubricate all grease points test emergency pull cord
7085,20457816,EX-087,extruder identifier annual screw and barrel wear inspection remove screw measure screw flight wear profile against original drawing replace screw if worn beyond tolerance measure barrel bore wear replace barrel liner if required,extruder identifier annual screw and barrel wear inspection remove screw measure screw flight wear profile against original drawing replace screw if worn beyond tolerance measure barrel bore wear replace barrel liner if required
7170,20252918,DOS-049,dosing pump identifier six monthly diaphragm replacement and valve inspection replace dosing diaphragm as preventive measure inspect suction and discharge valves replace worn valve components flush dosing head calibrate stroke and verify flow rate,dosing pump identifier six monthly diaphragm replacement and valve inspection replace dosing diaphragm as preventive measure inspect suction and discharge valves replace worn valve components flush dosing head calibrate stroke and verify flow rate
7209,20604872,GB-117,gearbox identifier oil temperature high alarm identifier degc possible bearing failure or oil degradation drain gearbox inspect output shaft bearing for pitting and spalling replace bearing clean sump refill with correct oil grade commission and monitor temperature for identifier hours,gearbox identifier oil temperature high alarm identifier degc possible bearing failure or oil degradation drain gearbox inspect output shaft bearing for pitting and spalling replace bearing clean sump refill with correct oil grade commission and monitor temperature for identifier hours
7236,20728267,K-140,compressor identifier high vibration trip nde bearing vibration identifier mm s peak replace nde bearing check shaft alignment inspect labyrinth seals rebalance rotor if indicated run up on no load and verify vibration levels,compressor identifier high vibration trip nde bearing vibration identifier mm s peak replace nde bearing check shaft alignment inspect labyrinth seals rebalance rotor if indicated run up on no load and verify vibration levels
7247,20187000,TK-137,storage tank identifier roof drain blockage causing water ingress to product clear roof drain blockage inspect drain seal condition replace corroded drain fitting verify drain flow rate post repair,storage tank identifier roof drain blockage causing water ingress to product clear roof drain blockage inspect drain seal condition replace corroded drain fitting verify drain flow rate post repair
7287,20351855,M-074,motor identifier vfd overcurrent fault drive tripped on identifier at identifier a check vfd parameters and fault log inspect motor terminal connections megger test windings check encoder feedback signal clear fault and trial run under reduced load,motor identifier vfd overcurrent fault drive tripped on identifier at identifier a check vfd parameters and fault log inspect motor terminal connections megger test windings check encoder feedback signal clear fault and trial run under reduced load
7338,20188487,CT-037,cooling tower identifier fan bearing failure high vibration identifier mm s fan shutdown isolate fan remove fan assembly replace fan shaft bearing check fan blade condition and balance reassemble verify vibration on restart below alarm setpoint,cooling tower identifier fan bearing failure high vibration identifier mm s fan shutdown isolate fan remove fan assembly replace fan shaft bearing check fan blade condition and balance reassemble verify vibration on restart below alarm setpoint
7355,20112534,TK-024,storag t nk identifier annual librati n of all l vel and temperatur instruments calibrate all level transmitters against certified reference check temperature sensor accuracy verify high level alarm setpoints update calibration records,storag t nk identifier annual librati n of all l vel and temperatur instruments calibrate all level transmitters against certified reference check temperature sensor accuracy verify high level alarm setpoints update calibration records
7371,20508024,HX-297,heat exchanger identifier differential pressure high alarm tube side pressure drop identifier bar versus clean baseline identifier bar isolate and drain tube side hydroblast tube bundle to remove fouling deposit inspect tube wall thickness using eddy current testing reassemble and pressure test,heat exchanger identifier differential pressure high alarm tube side pressure drop identifier bar versus clean baseline identifier bar isolate and drain tube side hydroblast tube bundle to remove fouling deposit inspect tube wall thickness using eddy current testing reassemble and pressure test
7394,20102861,F-120,drain and disassemble filter housing replace o ring with compatible elastomer inspect housing sealing faces for damage reassemble and perform integrity test,drain and disassemble filter housing replace o ring with compatible elastomer inspect housing sealing faces for damage reassemble and perform integrity test
7490,200202423,TK-043,storage tank identifier outlet valve passing confirmed by downstream flow with valve closed isolate valve disassemble inspect seat and ball gate for erosion lap seat if minor damage replace valve internals if worn beyond tolerance,storage tank identifier outlet valve passing confirmed by downstream flow with valve closed isolate valve disassemble inspect seat and ball gate for erosion lap seat if minor damage replace valve internals if worn beyond tolerance
7517,20635274,M-125,motor identifier annual motor inspection including terminal box and cooling fan check inspect terminal box for moisture ingress and loose connections clean cooling fins and fan guard check mounting bolts verify earthing continuity test run and measure current balance,motor identifier annual motor inspection including terminal box and cooling fan check inspect terminal box for moisture ingress and loose connections clean cooling fins and fan guard check mounting bolts verify earthing continuity test run and measure current balance
7524,20129455,M-029,motor identifier earth fault trip single phase to earth detected on stator winding isolate motor identify faulted phase using ir and hipot testing send motor to approved rewind shop install inspected spare verify earth continuity post installation,motor identifier earth fault trip single phase to earth detected on stator winding isolate motor identify faulted phase using ir and hipot testing send motor to approved rewind shop install inspected spare verify earth continuity post installation
7526,20025441,UF-105,ultrafiltration unit identifier normalised flux declining identifier versus baseline membrane fouling confirmed perform enhanced cip with citric acid identifier solution monitor flux recovery if flux not restored replace fouled membrane modules rebaseline after chemical clean,ultrafiltration unit identifier normalised flux declining identifier versus baseline membrane fouling confirmed perform enhanced cip with citric acid identifier solution monitor flux recovery if flux not restored replace fouled membrane modules rebaseline after chemical clean
7599,20419087,TK-081,storage tank identifier roof drain blockage causing water ingress to product clear roof drain blockage inspect drain seal condition replace corroded drain fitting verify drain flow rate post repair,storage tank identifier roof drain blockage causing water ingress to product clear roof drain blockage inspect drain seal condition replace corroded drain fitting verify drain flow rate post repair
7608,20032776,K-207,compressor identifier discharge valve efficiency declining based on performance monitoring throughput identifier identifier below rated remove and bench t st discharge valves repl w rn v lve seats nd l t s re test compressor erformanc post r pair,compressor identifier discharge valve efficiency declining based on performance monitoring throughput identifier identifier below rated remove and bench t st discharge valves repl w rn v lve seats nd l t s re test compressor erformanc post r pair
7611,20700732,P-234,remove bearing housing end cover measure bearing clearance replace worn bearing re grease per lubrication schedule monitor temperature for identifier hours post start,remove bearing housing end cover measure bearing clearance replace worn bearing re grease per lubrication schedule monitor temperature for identifier hours post start
7743,20619493,M-118,motor identifier vfd overcurrent fault drive tripped on identifier at identifier a check vfd parameters and fault log inspect motor terminal connections megger test windings check encoder feedback signal clear fault and trial run under reduced load,motor identifier vfd overcurrent fault drive tripped on identifier at identifier a check vfd parameters and fault log inspect motor terminal connections megger test windings check encoder feedback signal clear fault and trial run under reduced load
7780,20161169,F-032,filter identifier quarterly filter housing inspection and o ring check inspect o ring condition and housing sealing surfaces replace o ring as precautionary measure pressure test housing verify differential pressure indication,filter identifier quarterly filter housing inspection and o ring check inspect o ring condition and housing sealing surfaces replace o ring as precautionary measure pressure test housing verify differential pressure indication
7790,20501499,P-196,centrifugal pump identifier low flow alarm active flow identifier identifier below minimum process requirement inspect impeller for wear and blockage remove any debris check wear ring clearance trim impeller if required verify system curve against pump curve,centrifugal pump identifier low flow alarm active flow identifier identifier below minimum process requirement inspect impeller for wear and blockage remove any debris check wear ring clearance trim impeller if required verify system curve against pump curve
7827,20002223,BLR-101,boiler identifier feedwater pump failure loss of boiler feed emergency shutdown initiated start standby feedwater pump investigate duty pump failure replace mechanical seal and bearings on duty pump test duty pump before returning to service,boiler identifier feedwater pump failure loss of boiler feed emergency shutdown initiated start standby feedwater pump investigate duty pump failure replace mechanical seal and bearings on duty pump test duty pump before returning to service
7836,20669235,P-230,centrifugal pump identifier motor current increasing trend current draw identifier a versus baseline identifier a possible internal wear inspect impeller and wear rings for erosion measure internal clearances replace worn components re test performance at duty conditions,centrifugal pump identifier motor current increasing trend current draw identifier a versus baseline identifier a possible internal wear inspect impeller and wear rings for erosion measure internal clearances replace worn components re test performance at duty conditions
7839,20592558,TK-117,storage tank identifier level transmitter lt failure reading stuck at identifier suspect impulse line blockage isolate and remove level transmitter blow down impulse lines clean displacer float bench calibrate reinstall and verify reading against dip measurement,storage tank identifier level transmitter lt failure reading stuck at identifier suspect impulse line blockage isolate and remove level transmitter blow down impulse lines clean displacer float bench calibrate reinstall and verify reading against dip measurement
7888,20333262,P-165,centrifugal pump identifier quarterly lubrication service bearing grease replenishment and vibration baseline measurement grease drive end and non drive end bearings measure and record vibration signature check motor current at duty point inspect coupling spider for wear,centrifugal pump identifier quarterly lubrication service bearing grease replenishment and vibration baseline measurement grease drive end and non drive end bearings measure and record vibration signature check motor current at duty point inspect coupling spider for wear
7893,20354747,P-568,centrifugal pump identifier cavitating intermittently suction pressure identifier bar below minimum npsh required check suction strainer differential pressure clean strainer basket verify suction vessel level adjust operating point to restore positive npsh,centrifugal pump identifier cavitating intermittently suction pressure identifier bar below minimum npsh required check suction strainer differential pressure clean strainer basket verify suction vessel level adjust operating point to restore positive npsh
7912,20486852,K-095,compressor identifier discharge valve efficiency declining based on performance monitoring throughput identifier identifier below rated remove and bench test discharge valves replace worn valve seats and plates re test compressor performance post repair,compressor identifier discharge valve efficiency declining based on performance monitoring throughput identifier identifier below rated remove and bench test discharge valves replace worn valve seats and plates re test compressor performance post repair
7916,ROW_007916,CF-025,centrifuge identifier six monthly basket bearing and seal inspection inspect basket condition measure bearing clearances check mechanical seal faces inspect braking system lubricate all grease points test safety interlock operation,centrifuge identifier six monthly basket bearing and seal inspection inspect basket condition measure bearing clearances check mechanical seal faces inspect braking system lubricate all grease points test safety interlock operation
7948,20364493.0000000000,P-170,centrifugal pump identifier high vibration alarm on drive end bearing amplitude identifier mm s rms exceeding trip setpoint isolate pump drain casing disassemble bearing housing replace drive end bearing identifier realign coupling to within identifier tir functional test at duty point,centrifugal pump identifier high vibration alarm on drive end bearing amplitude identifier mm s rms exceeding trip setpoint isolate pump drain casing disassemble bearing housing replace drive end bearing identifier realign coupling to within identifier tir functional test at duty point
7958,20015204,RLP-004,rotary lobe pump identifier six monthly lobe inspection gearbox oil change and seal check drain gearbox replace oil inspect lobes for wear and damage check rotor tip clearances against tolerance replace front seals as preventive measure document lobe condition,rotary lobe pump identifier six monthly lobe inspection gearbox oil change and seal check drain gearbox replace oil inspect lobes for wear and damage check rotor tip clearances against tolerance replace front seals as preventive measure document lobe condition
8028,20142381,HP-127,hydraulic press identifier six monthly safety device and pressure relief valve test test all pressure relief valves at rated pressure test safety interlocks and emergency stop verify guard interlock operation calibrate pressure gauges document all results,hydraulic press identifier six monthly safety device and pressure relief valve test test all pressure relief valves at rated pressure test safety interlocks and emergency stop verify guard interlock operation calibrate pressure gauges document all results
8042,20664369,P-428,centrifugal pump identifier low flow alarm active flow identifier identifier below minimum process requirement inspect impeller for wear and blockage remove any debris check wear ring clearance trim impeller if required verify system curve against pump curve,centrifugal pump identifier low flow alarm active flow identifier identifier below minimum process requirement inspect impeller for wear and blockage remove any debris check wear ring clearance trim impeller if required verify system curve against pump curve
8078,20654965,R-127,reactor identifier jacket leak confirmed pressure decay test failed on zone identifier at identifier bar identify leak location on jacket weld seam using nitrogen pressure test weld repair by certified welder post weld heat treat if required retest at identifier design pressure,reactor identifier jacket leak confirmed pressure decay test failed on zone identifier at identifier bar identify leak location on jacket weld seam using nitrogen pressure test weld repair by certified welder post weld heat treat if required retest at identifier design pressure
8100,20495917,DP-095,diaphragm pump identifier diaphragm rupture process fluid detected in air exhaust isolate pump drain product side replace both diaphragms as a set inspect valve balls and seats reassemble test at low pressure before full service monitor exhaust for leakage,diaphragm pump identifier diaphragm rupture process fluid detected in air exhaust isolate pump drain product side replace both diaphragms as a set inspect valve balls and seats reassemble test at low pressure before full service monitor exhaust for leakage
8113,20148383,P-330,centrifugal pump identifier vibration trending upward over identifier days broadband velocity identifier mm s bearing defect frequency identified in spectrum vibration analysis confirms bearing fault replace drive end bearing proactively re baseline vibration signature after repair,centrifugal pump identifier vibration trending upward over identifier days broadband velocity identifier mm s bearing defect frequency identified in spectrum vibration analysis confirms bearing fault replace drive end bearing proactively re baseline vibration signature after repair
8117,20305640,TRB-058,steam turbine identifier lube oil low pressure alarm oil pump suction strainer blocked clean oil pump suction strainer check oil pump relief valve setting inspect main oil pump for wear flush lubrication system verify pressure at all bearing oil supply points,steam turbine identifier lube oil low pressure alarm oil pump suction strainer blocked clean oil pump suction strainer check oil pump relief valve setting inspect main oil pump for wear flush lubrication system verify pressure at all bearing oil supply points
8158,20292717,TK-157,storage tank identifier annual calibration of all level and temperature instruments calibrate all level transmitters against certified reference check temperature sensor accuracy verify high level alarm setpoints update calibration records,storage tank identifier annual calibration of all level and temperature instruments calibrate all level transmitters against certified reference check temperature sensor accuracy verify high level alarm setpoints update calibration records
8163,20581451,HX-311,heat exchanger identifier differential pressure high alarm tube side pressure drop identifier bar versus clean baseline identifier bar isolate and drain tube side hydroblast tube bundle to remove fouling deposit inspect tube wall thickness using eddy current testing reassemble and pressure test,heat exchanger identifier differential pressure high alarm tube side pressure drop identifier bar versus clean baseline identifier bar isolate and drain tube side hydroblast tube bundle to remove fouling deposit inspect tube wall thickness using eddy current testing reassemble and pressure test
8275,20354143,P-169,centrifugal pump identifier high vibration alarm on drive end bearing amplitude identifier mm s rms exceeding trip setpoint isolate pump drain casing disassemble bearing housing replace drive end bearing identifier realign coupling to within identifier tir functional test at duty point,centrifugal pump identifier high vibration alarm on drive end bearing amplitude identifier mm s rms exceeding trip setpoint isolate pump drain casing disassemble bearing housing replace drive end bearing identifier realign coupling to within identifier tir functional test at duty point
8288,20059697,HX-014,heat exchanger identifier six monthly fouling inspection based on duty criticality measure differential pressure and calculate fouling factor if above threshold clean tube bundle inspect sacrificial anodes document condition in rbi record,heat exchanger identifier six monthly fouling inspection based on duty criticality measure differential pressure and calculate fouling factor if above threshold clean tube bundle inspect sacrificial anodes document condition in rbi record
8314,20463766,DOS-090,notify operations to arrange chemical delivery check dosing system isolation valves in correct position prime dosing head after tank fill verify dosing rate on restart,notify operations to arrange chemical delivery check dosing system isolation valves in correct position prime dosing head after tank fill verify dosing rate on restart
8340,20290751,P-157,centrifugal pump identifier annual overhaul full disassembly wear measurement impeller and seal replacement full pump disassembly measure all wear components against tolerances replace impeller wear rings bearings and mechanical seal reassemble align and performance test,centrifugal pump identifier annual overhaul full disassembly wear measurement impeller and seal replacement full pump disassembly measure all wear components against tolerances replace impeller wear rings bearings and mechanical seal reassemble align and performance test
8343,20649499,HX-324,heat exchanger identifier annual inspection tube bundle inspection gasket replacement and pressure test,heat exchanger identifier annual inspection tube bundle inspection gasket replacement and pressure test
8403,20059555,K-212,compressor identifier lube oil analysis shows elevated iron particles identifier ppm bearing wear suspected inspect bearings and journal surfaces replace worn bearings flush and refill lube oil system repeat oil analysis after identifier hours runtime,compressor identifier lube oil analysis shows elevated iron particles identifier ppm bearing wear suspected inspect bearings and journal surfaces replace worn bearings flush and refill lube oil system repeat oil analysis after identifier hours runtime
8407,20290148,DOS-056,dosing pump identifier annuual calibration and flow verification calibrate dosing pump using certified flow measurement method verify actual versus setpoint flow across operating range adjust if outside tolerance document calibration results,dosing pump identifier annuual calibration and flow verification calibrate dosing pump using certified flow measurement method verify actual versus setpoint flow across operating range adjust if outside tolerance document calibration results
8419,20146943,UF-029,ultrafiltration unit identifier integrity test failure on module identifier hollow fibre breach detected isolate and replace failed membrane module perform post replacement integrity test with pressurised air decay method verify rejection and flux within specification,ultrafiltration unit identifier integrity test failure on module identifier hollow fibre breach detected isolate and replace failed membrane module perform post replacement integrity test with pressurised air decay method verify rejection and flux within specification
8446,20332721,DOS-064,dosing pump identifier annual calibration and flow verification calibrate dosing pump using certified flow measurement method verify actual versus setpoint flow across operating range adjust if outside tolerance document calibration results,dosing pump identifier annual calibration and flow verification calibrate dosing pump using certified flow measurement method verify actual versus setpoint flow across operating range adjust if outside tolerance document calibration results
8485,20133413,R-028,identify leak location on jacket weld seam using nitrogen pressure test weld repair by certified welder post weld heat treat if required retest at identifier design pressure,identify leak location on jacket weld seam using nitrogen pressure test weld repair by certified welder post weld heat treat if required retest at identifier design pressure
8496,20519512,F-100,filter identifier quarterly filter housing inspection and o ring check inspect o ring condition and housing sealing surfaces replace o ring as precautionary measure pressure test housing verify differential pressure indication,filter identifier quarterly filter housing inspection and o ring check inspect o ring condition and housing sealing surfaces replace o ring as precautionary measure pressure test housing verify differential pressure indication
8497,20075731,R-015,reactor identifier ph probe at failure reading frozen at identifier ph batch on hold remove ph probe clean and bench calibrate using ph identifier and identifier buffer solutions replace if drifted beyond calibration tolerance reinstall and verify loop,reactor identifier ph probe at failure reading frozen at identifier ph batch on hold remove ph probe clean and bench calibrate using ph identifier and identifier buffer solutions replace if drifted beyond calibration tolerance reinstall and verify loop
8508,20523385,K-200,compressor identifier six monthly lube oil analysis and filter change drain lube oil replace filters refill with approved grade conduct oil analysis on drained oil check oil cooler condition update lubrication record,compressor identifier six monthly lube oil analysis and filter change drain lube oil replace filters refill with approved grade conduct oil analysis on drained oil check oil cooler condition update lubrication record
8515,20519953,CV-100,isolate conveyor remove drive pulley lagging clean pulley surface apply new ceramic lagging using approved adhesive cure before return to service verify belt tension,isolate conveyor remove drive pulley lagging clean pulley surface apply new ceramic lagging using approved adhesive cure before return to service verify belt tension
8527,ROW_008527,EV-116,evaporator identifier product carryover into condenser entrainment separator fouled remove and clean entrainment separator mesh pads inspect for damage replace if mesh is blocked or torn verify separator performance post cleaning,evaporator identifier product carryover into condenser entrainment separator fouled remove and clean entrainment separator mesh pads inspect for damage replace if mesh is blocked or torn verify separator performance post cleaning
8528,20388062,F-074,filter identifier housing o ring failure bypass leakage detected downstream integrity breach drain and disassemble filter housing replace o ring with compatible elastomer inspect housing sealing faces for damage reassemble and perform integrity test,filter identifier housing o ring failure bypass leakage detected downstream integrity breach drain and disassemble filter housing replace o ring with compatible elastomer inspect housing sealing faces for damage reassemble and perform integrity test
8533,20748406,HP-143,hydraulic press identifier annual hydraulic oil change and cylinder inspection drain and replace hydraulic oil replace suction and return filters inspect cylinder rods and seals check all hydraulic hoses for condition verify accumulator precharge pressure,hydraulic press identifier annual hydraulic oil change and cylinder inspection drain and replace hydraulic oil replace suction and return filters inspect cylinder rods and seals check all hydraulic hoses for condition verify accumulator precharge pressure
8704,20540883,M-108,motor identifier six monthly insulation resistance test and bearing grease replenishment ir test all three phases and record grease drive end and non drive end bearings per lubrication schedule check terminal connections for heat damage document results,motor identifier six monthly insulation resistance test and bearing grease replenishment ir test all three phases and record grease drive end and non drive end bearings per lubrication schedule check terminal connections for heat damage document results
8832,20762529,GB-145,gearbox identifier annual oil change and internal inspection drain and replace oil open inspection covers inspect gear teeth for wear and pitting check all bearing clearances replace seals refill run up and verify temperature and noise,gearbox identifier annual oil change and internal inspection drain and replace oil open inspection covers inspect gear teeth for wear and pitting check all bearing clearances replace seals refill run up and verify temperature and noise
8875,20753916,P-345,centrifugal pump identifier low flow alarm active flow identifier identifier below minimum process requirement inspect impeller for wear and blockage remove any debris check wear ring clearance trim impeller if required verify system curve against pump curve,centrifugal pump identifier low flow alarm active flow identifier identifier below minimum process requirement inspect impeller for wear and blockage remove any debris check wear ring clearance trim impeller if required verify system curve against pump curve
8929,20749543,K-145,compressor identifier six monthly lube oil analysis and filter change,compressor identifier six monthly lube oil analysis and filter change
8990,20182035,EV-035,evaporator identifier vacuum loss level dropping in vapour body steam ejector or vacuum pump fault suspected inspect vacuum pump oil level and condition check all flanges and gaskets for air ingress using nitrogen pressure test replace failed gasket on vapour body flange re establish vacuum,evaporator identifier vacuum loss level dropping in vapour body steam ejector or vacuum pump fault suspected inspect vacuum pump oil level and condition check all flanges and gaskets for air ingress using nitrogen pressure test replace failed gasket on vapour body flange re establish vacuum
9022,20130077,HV-125,hvac unit identifier annual ahu inspection including ductwork and damper verification full ahu inspection check all damper actuators and blades inspect fan blades for wear clean heat exchange coil with biocide solution verify all interlocks,hvac unit identifier annual ahu inspection including ductwork and damper verification full ahu inspection check all damper actuators and blades inspect fan blades for wear clean heat exchange coil with biocide solution verify all interlocks
9038,20689766,DP-131,diaphragm pump identifier six monthly air supply inspection and pump wet end service inspect air supply filter and regulator drain water from air filter bowl check pump stroke rate and flow rate inspect wet end components for corrosion or erosion,diaphragm pump identifier six monthly air supply inspection and pump wet end service inspect air supply filter and regulator drain water from air filter bowl check pump stroke rate and flow rate inspect wet end components for corrosion or erosion
9084,20183546,EX-036,extruder identifier screw drive motor overload trip torque identifier nm above maxmum foreign object suspected emergency purge extruder remove screw inspect for foreign object damage replace damaged screw flights if necessary inspect barrel bore for scoring purge and recommission,extruder identifier screw drive motor overload trip torque identifier nm above maxmum foreign object suspected emergency purge extruder remove screw inspect for foreign object damage replace damaged screw flights if necessary inspect barrel bore for scoring purge and recommission
9102,20085103,P-317,centrifugal pump identifier cavitating intermittently suction pressure identifier bar below minimum npsh required check suction strainer differential pressure cleanstrainer basket verify suction vessel level adjust operating point to restore positive npsh,centrifugal pump identifier cavitating intermittently suction pressure identifier bar below minimum npsh required check suction strainer differential pressure cleanstrainer basket verify suction vessel level adjust operating point to restore positive npsh
9106,20472709,M-096,motor identifier six monthly insulation resistance test and bearing grease replenishment ir test all three phases and record grease drive end and non drive end bearings per lubrication schedule check terminal connections for heat damage document results,motor identifier six monthly insulation resistance test and bearing grease replenishment ir test all three phases and record grease drive end and non drive end bearings per lubrication schedule check terminal connections for heat damage document results
9109,-20381791.0,R-074,reactor identifier annual shutdown inspection internal inspection instrument calibration and gasket replacement open reactor manways internal visual inspection for corrosion and erosion replace all manway gaskets calibrate all critical instruments update mechanical integrity record,reactor identifier annual shutdown inspection internal inspection instrument calibration and gasket replacement open reactor manways internal visual inspection for corrosion and erosion replace all manway gaskets calibrate all critical instruments update mechanical integrity record
9146,20238198,P-546,centrifugal pump identifier cavitating intermittently suction pressure identifier bar below minimum npsh required check suction strainer differential pressure clean strainer basket verify suction vessel level adjust operating point to restore positive npsh,centrifugal pump identifier cavitating intermittently suction pressure identifier bar below minimum npsh required check suction strainer differential pressure clean strainer basket verify suction vessel level adjust operating point to restore positive npsh
9169,20066612,M-018,ir test all three phases and record grease drive end and non drive end bearings per lubrication schedule check terminal connections for heat damage document results,ir test all three phases and record grease drive end and non drive end bearings per lubrication schedule check terminal connections for heat damage document results
9228,20373974,DRY-072,dryer identifier high product moisture alarm identifier above specification steam pressure insufficient check steam supply pressure and control valve operation inspect heating coils for fouling clean coils verify moisture analyser calibration adjust drying cycle time if required,dryer identifier high product moisture alarm identifier above specification steam pressure insufficient check steam supply pressure and control valve operation inspect heating coils for fouling clean coils verify moisture analyser calibration adjust drying cycle time if required
9235,20076591,CF-016,centrifuge identifier annual full overhaul including spindle bearing replacement full disassembly replace spindle bearings inspect basket for fatigue cracks replace all seals reassemble balance basket and perform no load and loaded test run,centrifuge identifier annual full overhaul including spindle bearing replacement full disassembly replace spindle bearings inspect basket for fatigue cracks replace all seals reassemble balance basket and perform no load and loaded test run
9275,20735181,CR-140,crystalliser identifier six monthly agitator seal and bearing service rem ve agit tor sh ft r pl c mech nical se l ass mbly ins ect sh ft for s oring r plenish gearbox oil re inst ll nd verify s al flush flow,crystalliser identifier six monthly agitator seal and bearing service rem ve agit tor sh ft r pl c mech nical se l ass mbly ins ect sh ft for s oring r plenish gearbox oil re inst ll nd verify s al flush flow
9291,20109961,FCC-022,fluid catalytic cracker identifier slide valve actuator failure catalyst flow control lost on identifier valve stroke isolate slide valve replace hydraulic actuator and positioner stroke test under atmospheric conditions verify control loop response before return to feed,fluid catalytic cracker identifier slide valve actuator failure catalyst flow control lost on identifier valve stroke isolate slide valve replace hydraulic actuator and positioner stroke test under atmospheric conditions verify control loop response before return to feed
9298,20149728,TK-033,storage tank identifier api identifier internal inspection floor shell and roof condition assessment drain and gas free tank internal inspection per api identifier measure floor plate thickness using ut inspect shell for corrosion check annular plates write inspection report,storage tank identifier api identifier internal inspection floor shell and roof condition assessment drain and gas free tank internal inspection per api identifier measure floor plate thickness using ut inspect shell for corrosion check annular plates write inspection report
9326,20086120,HX-317,heat exchanger identifier outlet temperature low heat transfer coefficient identifier identifier below design identifier identifier chemical clean tube side with edta identifier solution for identifier hours flush with demineralised water re baseline heat transfer performance,heat exchanger identifier outlet temperature low heat transfer coefficient identifier identifier below design identifier identifier chemical clean tube side with edta identifier solution for identifier hours flush with demineralised water re baseline heat transfer performance
9328,20732833,P-241,centrifugal pump identifier bearing temperature high alarm drive end temperature identifier degc above baseline remove bearing housing end cover measure bearing clearance replace worn bearing re grease per lubrication schedule monitor temperature for identifier hours post start,centrifugal pump identifier bearing temperature high alarm drive end temperature identifier degc above baseline remove bearing housing end cover measure bearing clearance replace worn bearing re grease per lubrication schedule monitor temperature for identifier hours post start
9405,20184906,HP-036,hydraulic press identifier hydraulic oil leak from cylinder rod seal estimated identifier l h depressurise hydraulic circuit fully replace cylinder rod seal and wiper ring inspect rod surface for scoring hone rod if minor scoring refill oil to correct level leak test at operating pressure,hydraulic press identifier hydraulic oil leak from cylinder rod seal estimated identifier l h depressurise hydraulic circuit fully replace cylinder rod seal and wiper ring inspect rod surface for scoring hone rod if minor scoring refill oil to correct level leak test at operating pressure
9434,ROW_009434,DC-123,distillation column identifier reboiler steam control valve cv failure valve stuck at identifier open isolate control valve remove actuator and positioner disassemble valve body inspect seat and plug for erosion replace trim if worn calibrate positioner and stroke test,distillation column identifier reboiler steam control valve cv failure valve stuck at identifier open isolate control valve remove actuator and positioner disassemble valve body inspect seat and plug for erosion replace trim if worn calibrate positioner and stroke test
9466,20485785,P-193,centrifugal pump identifier mechanical seal failure product leakage observed at gland area estimated identifier l h replace complete mechanical seal cartridge flush seal chamber pressure test at identifier bar return to service and monitor seal flush flow,centrifugal pump identifier mechanical seal failure product leakage observed at gland area estimated identifier l h replace complete mechanical seal cartridge flush seal chamber pressure test at identifier bar return to service and monitor seal flush flow
9467,20689517,RLP-131,rotary lobe pump identifier annual overhaul including rotor and seal replacement full disassembly replace rotors if worn beyond tolerance replace all seals and o rings replace timing gears if backlash excessive reassemble and performance test,rotary lobe pump identifier annual overhaul including rotor and seal replacement full disassembly replace rotors if worn beyond tolerance replace all seals and o rings replace timing gears if backlash excessive reassemble and performance test
9531,20228693,DC-044,distillation column identifier annual reboiler and condenser inspection open reboiler bundle eddy current tube inspection replace damaged tubes clean condenser tubes pressure test both vessels update inspection records,distillation column identifier annual reboiler and condenser inspection open reboiler bundle eddy current tube inspection replace damaged tubes clean condenser tubes pressure test both vessels update inspection records
9597,20518615,DC-100,distillation column identifier reboiler steam control valve cv failure valve stuck at identifier open isolate control valve remove actuator and positioner disassemble valve body inspect seat and plug for erosion replace trim if worn calibrate positioner and stroke test,distillation column identifier reboiler steam control valve cv failure valve stuck at identifier open isolate control valve remove actuator and positioner disassemble valve body inspect seat and plug for erosion replace trim if worn calibrate positioner and stroke test
9605,20072598,GB-016,gearbox identifier six monthly oil sample analysis and external inspection take oil sample for laboratory analysis inspect for external leaks check oil level inspect coupling for wear document condition oil analysis report to maintenance planner,gearbox identifier six monthly oil sample analysis and external inspection take oil sample for laboratory analysis inspect for external leaks check oil level inspect coupling for wear document condition oil analysis report to maintenance planner
9607,20681193,DC-130,distillation column identifier planned turnaround tray inspection and cleaning full internal inspection of all trays record tray conditions replace damaged tray panels clean downcomers and sumps inspect column internals for corrosion,distillation column identifier planned turnaround tray inspection and cleaning full internal inspection of all trays record tray conditions replace damaged tray panels clean downcomers and sumps inspect column internals for corrosion
9641,20071620,F-114,filter identifier scheduled cartridge replacement at identifier service hours replace filt r c rtridges at planned interval reg rdl ss f differential pr ssur insp ct h using int rnals r c rd cartridge condition n remov l u d t filter log,filter identifier scheduled cartridge replacement at identifier service hours replace filt r c rtridges at planned interval reg rdl ss f differential pr ssur insp ct h using int rnals r c rd cartridge condition n remov l u d t filter log
9654,20556239,BLR-106,boiler identifier feedwater pump failure loss of boiler feed emergency shutdown initiated start standby feedwater pump investigate duty pump failure replace mechanical seal and bearings on duty pump test duty pump before returning to service,boiler identifier feedwater pump failure loss of boiler feed emergency shutdown initiated start standby feedwater pump investigate duty pump failure replace mechanical seal and bearings on duty pump test duty pump before returning to service
9662,20532796,P-203,centrifugal pump identifier six monthly planned maintenance bearing inspection mechanical seal check and coupling alignment verification inspect bearing condition and clearances replenish grease per lubrication schedule castrol tribol identifier check coupling alignment verify seal flush flow rate update maintenance record,centrifugal pump identifier six monthly planned maintenance bearing inspection mechanical seal check and coupling alignment verification inspect bearing condition and clearances replenish grease per lubrication schedule castrol tribol identifier check coupling alignment verify seal flush flow rate update maintenance record
9664,20060922,F-012,filter identifier differential pressure high high alarm dp identifier bar cartridges blocked production stopped isolate filter drain housing remove and replace all identifier filter cartridges with grade identifier micron inspect housing for damage reassemble and pressure test,filter identifier differential pressure high high alarm dp identifier bar cartridges blocked production stopped isolate filter drain housing remove and replace all identifier filter cartridges with grade identifier micron inspect housing for damage reassemble and pressure test
9669,20591596,K-114,replace nde bearing check shaft alignment inspect labyrinth seals rebalance rotor if indicated run up on no load and verify vibration levels,replace nde bearing check shaft alignment inspect labyrinth seals rebalance rotor if indicated run up on no load and verify vibration levels
9681,20629204,BLR-220,boiler identifier annual statutory inspection internal and external inspection per local pressure vessel regulations drain boiler descale waterside surfaces inspect fireside tubes and refractory inspect safety valve pressure gauge and water level gauges prepare inspection report for regulatory authority,boiler identifier annual statutory inspection internal and external inspection per local pressure vessel regulations drain boiler descale waterside surfaces inspect fireside tubes and refractory inspect safety valve pressure gauge and water level gauges prepare inspection report for regulatory authority
9729,20592647,TK-214,storage tank identifier roof drain blockage causing water ingress to product clear roof drain blockage inspect drain seal condition replace corroded drain fitting verify drain flow rate post repair,storage tank identifier roof drain blockage causing water ingress to product clear roof drain blockage inspect drain seal condition replace corroded drain fitting verify drain flow rate post repair
9813,20469001,FCC-090,fluid catalytic cracker identifier standpipe pluggage event catalyst circulation lost implement catalyst aeration procedure to restore standpipe flow inspect aeration taps for blockage clear any aeration line pluggage monitor catalyst density profile after recovery,fluid catalytic cracker identifier standpipe pluggage event catalyst circulation lost implement catalyst aeration procedure to restore standpipe flow inspect aeration taps for blockage clear any aeration line pluggage monitor catalyst density profile after recovery
9845,20343476,DOS-067,dosing pump identifier annual calibration and flow verification calibrate dosing pump using certified flow measurement method verify actual versus setpoint flow across operating range adjust if outside tolerance document calibration results,dosing pump identifier annual calibration and flow verification calibrate dosing pump using certified flow measurement method verify actual versus setpoint flow across operating range adjust if outside tolerance document calibration results
9885,20425538,M-084,motor identifier vfd overcurrent fault drive tripped on identifier at identifier a check vfd parameters and fault log inspect motor terminal connections megger test windings check encoder feedback signal clear fault and trial run under reduced load,motor identifier vfd overcurrent fault drive tripped on identifier at identifier a check vfd parameters and fault log inspect motor terminal connections megger test windings check encoder feedback signal clear fault and trial run under reduced load
9980,20211507,P-241,centrifugal pump identifier mechanical seal failure product leakage observed at gland area estimated identifier l h replace complete mechanical seal cartridge flush seal chamber pressure test at identifier bar return to service and monitor seal flush flow,centrifugal pump identifier mechanical seal failure product leakage observed at gland area estimated identifier l h replace complete mechanical seal cartridge flush seal chamber pressure test at identifier bar return to service and monitor seal flush flow
9984,ROW_009984,DRY-102,dryer identifier high product moisture alarm identifier above specification steam pressure insufficient check steam supply pressure and control valve operation inspect heating coils for fouling clean coils verify moisture analyser calibration adjust drying cycle time if required,dryer identifier high product moisture alarm identifier above specification steam pressure insufficient check steam supply pressure and control valve operation inspect heating coils for fouling clean coils verify moisture analyser calibration adjust drying cycle time if required
10022,20296364,P-257,centrifugal pump identifier motor current increasing trend current draw identifier a versus baseline identifier a possible internal wear inspect impeller and wear rings for erosion measure internal clearances replace worn components re test performance at duty conditions,centrifugal pump identifier motor current increasing trend current draw identifier a versus baseline identifier a possible internal wear inspect impeller and wear rings for erosion measure internal clearances replace worn components re test performance at duty conditions
10030,20528530,K-201,compressor identifier high vibration trip nde bearing vibration identifier mm s peak replace nde bearing check shaft alignment inspect labyrinth seals rebalance rotor if indicated run up on no load and verify vibration levels,compressor identifier high vibration trip nde bearing vibration identifier mm s peak replace nde bearing check shaft alignment inspect labyrinth seals rebalance rotor if indicated run up on no load and verify vibration levels
10060,-20342931.0,TRB-066,steam turbine identifier six monthly lube oil change and coupling inspection drain and replace lube oil inspect coupling for wear and alignment check thrust bearing clearance verify oil cooler effectiveness document in pm record,steam turbine identifier six monthly lube oil change and coupling inspection drain and replace lube oil inspect coupling for wear and alignment check thrust bearing clearance verify oil cooler effectiveness document in pm record
10097,20762557,GB-146,gearbox identifier six monthly oil sample analysis and external inspection take oil sample for laboratory analysis inspect for external leaks check oil level inspect coupling for wear document condition oil analysis report to maintenance planner,gearbox identifier six monthly oil sample analysis and external inspection take oil sample for laboratory analysis inspect for external leaks check oil level inspect coupling for wear document condition oil analysis report to maintenance planner
10125,20171017,DC-133,distillation column identifier planned turnaround tray inspection and cleaning full internal inspection of all trays record tray conditions replace damaged tray panels clean downcomers and sumps inspect column internals for corrosion,distillation column identifier planned turnaround tray inspection and cleaning full internal inspection of all trays record tray conditions replace damaged tray panels clean downcomers and sumps inspect column internals for corrosion
10150,20304695,HV-059,hvac unit identifier hepa filter differential pressure high high alarm dp identifier pa cleanroom qualification at risk isolate hvac unit replace hepa filter cassette seal integrity test with particle counter verify room pressure recovery document in gxp qualification record,hvac unit identifier hepa filter differential pressure high high alarm dp identifier pa cleanroom qualification at risk isolate hvac unit replace hepa filter cassette seal integrity test with particle counter verify room pressure recovery document in gxp qualification record
10153,20520594,GB-199,gearbox identifier oil temperature high alarm identifier degc possible bearing failure or oil degradation drain gearbox inspect output shaft bearing for pitting and spalling replace bearing clean sump refill with correct oil grade commission and monitor temperature for identifier hours,gearbox identifier oil temperature high alarm identifier degc possible bearing failure or oil degradation drain gearbox inspect output shaft bearing for pitting and spalling replace bearing clean sump refill with correct oil grade commission and monitor temperature for identifier hours
10196,20706606,P-535,centrifugal pump identifier bearing temperature high alarm drive end temperature identifier degc above baseline remove bearing housing end cover measure bearing clearance replace worn bearing re grease per lubrication schedule monitor temperature for identifier hours post start,centrifugal pump identifier bearing temperature high alarm drive end temperature identifier degc above baseline remove bearing housing end cover measure bearing clearance replace worn bearing re grease per lubrication schedule monitor temperature for identifier hours post start
10241,20237747,P-246,centrifugal pump identifier bearing temperature high alarm drive end temperatrue identifier degc above baseline remove bearing housing end cover measure bearing clearance replace worn bearing re grease per lubrication schedule monitor temperature for identifier hours post start,centrifugal pump identifier bearing temperature high alarm drive end temperatrue identifier degc above baseline remove bearing housing end cover measure bearing clearance replace worn bearing re grease per lubrication schedule monitor temperature for identifier hours post start
10282,20216964,P-243,centrifugal pump identifier motor current increasing trend current draw identifier a versus baseline identifier a possible internal wear inspect impeller and wear rings for erosion maesure internal clearances replace worn components re test performance at duty conditions,centrifugal pump identifier motor current increasing trend current draw identifier a versus baseline identifier a possible internal wear inspect impeller and wear rings for erosion maesure internal clearances replace worn components re test performance at duty conditions
10345,20429463,R-083,reactor identifier quarterly agitator mechanical seal and gearbox oil service drain gearbox replace oil with approved grade inspect mechanical seal faces for wear replace seal if face wear exceeds tolerance check impeller clearance,reactor identifier quarterly agitator mechanical seal and gearbox oil service drain gearbox replace oil with approved grade inspect mechanical seal faces for wear replace seal if face wear exceeds tolerance check impeller clearance
10362,20047684,P-111,centrifugal pump identifier cavitating intermittently suction pressure identifier bar below minimum npsh required check suction strainer differential pressure clean strainer basket verify suction vessel level adjust operating point to restore positive npsh,centrifugal pump identifier cavitating intermittently suction pressure identifier bar below minimum npsh required check suction strainer differential pressure clean strainer basket verify suction vessel level adjust operating point to restore positive npsh
10384,20492442,HX-097,heat exch nger identifier differenti l pressur high alarm tube side ressure drop identifier bar versus cle n bas line identifier bar isolate and drain tube side hydroblast tube bundle to remove fouling deposit inspect tube wall thickness using eddy current testing reassemble and pressure test,heat exch nger identifier differenti l pressur high alarm tube side ressure drop identifier bar versus cle n bas line identifier bar isolate and drain tube side hydroblast tube bundle to remove fouling deposit inspect tube wall thickness using eddy current testing reassemble and pressure test
10401,20113935,AG-023,agitator identifier six monthly gearbox oil change and seal inspection drain gearbox oil replace with approved grade inspect mechanical seal faces replace if worn check shaft coupling alignment document in lubrication record,agitator identifier six monthly gearbox oil change and seal inspection drain gearbox oil replace with approved grade inspect mechanical seal faces replace if worn check shaft coupling alignment document in lubrication record
10438,-20061242.0,M-014,motor identifier annual motor inspection including terminal box and cooling fan check inspect terminal box for moisture ingress and loose connections clean cooling fins and fan guard check mounting bolts verify earthing continuity test run and measure current balance,motor identifier annual motor inspection including terminal box and cooling fan check inspect terminal box for moisture ingress and loose connections clean cooling fins and fan guard check mounting bolts verify earthing continuity test run and measure current balance
10456,20687075,BLR-132,boiler identifier six monthly burner service and combustion efficiency test,boiler identifier six monthly burner service and combustion efficiency test
10479,20338910,P-265,centrifugal pump identifier cavitating intermittently suction pressure identifier bar below minimum npsh required check suction strainer differential pressure clean strainer basket verify suction vessel level adjust operating point to restore positive npsh,centrifugal pump identifier cavitating intermittently suction pressure identifier bar below minimum npsh required check suction strainer differential pressure clean strainer basket verify suction vessel level adjust operating point to restore positive npsh
10532,20482773,CF-093,centrifuge identifier six monthly basket bearing and seal inspection inspect basket condition measure bearing clearances check mechanical seal faces inspect braking system lubricate all grease points test safety interlock operation,centrifuge identifier six monthly basket bearing and seal inspection inspect basket condition measure bearing clearances check mechanical seal faces inspect braking system lubricate all grease points test safety interlock operation
10550,20239426,TK-049,storage tank identifier outlet valve passing confirmed by downstream flow with valve closed isolate valve disassemble inspect seat and ball gate for erosion lap seat if minor damage replace valve internals if worn beyond tolerance,storage tank identifier outlet valve passing confirmed by downstream flow with valve closed isolate valve disassemble inspect seat and ball gate for erosion lap seat if minor damage replace valve internals if worn beyond tolerance
10573,20238820,HX-049,heat exchanger identifier tube leak detected cross contamination confirmed by conductivity rise on shell side pressure test tube bundle with nitrogen identify leaking tubes plug failed tubes or replace bundle hydrotest at identifier design pressure update mechanical integrity record,heat exchanger identifier tube leak detected cross contamination confirmed by conductivity rise on shell side pressure test tube bundle with nitrogen identify leaking tubes plug failed tubes or replace bundle hydrotest at identifier design pressure update mechanical integrity record
10683,20614931,AG-119,agitator identifier six monthly gearbox oil change and seal inspection drain gearbox oil replace with approved grade inspect mechanical seal faces replace if worn check shaft coupling alignment document in lubrication record,agitator identifier six monthly gearbox oil change and seal inspection drain gearbox oil replace with approved grade inspect mechanical seal faces replace if worn check shaft coupling alignment document in lubrication record
10736,20035308,GB-009,gearbox identifier oil leak from output shaft seal identifier l h estimated loss rate drain oil remove output shaft seal retainer replace lip seal and o ring inspect shaft journal surface for scoring reinstall refill and check for leakage at operating pressure,gearbox identifier oil leak from output shaft seal identifier l h estimated loss rate drain oil remove output shaft seal retainer replace lip seal and o ring inspect shaft journal surface for scoring reinstall refill and check for leakage at operating pressure
10744,20242416,DP-046,diaphragm pump identifier pump stalled air inlet valve frozen open no stroke detected disassemble air distribution valve clean or replace frozen valve spool check air supply quality for moisture and contamination install air line filter regulator lubricator if not present,diaphragm pump identifier pump stalled air inlet valve frozen open no stroke detected disassemble air distribution valve clean or replace frozen valve spool check air supply quality for moisture and contamination install air line filter regulator lubricator if not present
10778,20073554,FCC-015,fluid catalytic cracker identifier slide valve actuator failure catalyst flow control lost on identifier valve stroke isolate slide valve replace hydraulic actuator and positioner stroke test under atmospheric conditions verify control loop response before return to feed,fluid catalytic cracker identifier slide valve actuator failure catalyst flow control lost on identifier valve stroke isolate slide valve replace hydraulic actuator and positioner stroke test under atmospheric conditions verify control loop response before return to feed
10819,20176740,BLR-034,boiler identifier feedwater pump failure loss of boiler feed emergency shutdown initiated start standby feedwater pump investigate duty pump failure replace mechanical seal and bearings on duty pump test duty pump before returning to service,boiler identifier feedwater pump failure loss of boiler feed emergency shutdown initiated start standby feedwater pump investigate duty pump failure replace mechanical seal and bearings on duty pump test duty pump before returning to service
10849,20606118,DP-116,diaphragm pump identifier pump stalled air inlet valve frozen open no stroke detected disassemble air distribution valve clean or replace frozen valve spool check air supply quality for moisture and contamination install air line filter regulator lubricator if not present,diaphragm pump identifier pump stalled air inlet valve frozen open no stroke detected disassemble air distribution valve clean or replace frozen valve spool check air supply quality for moisture and contamination install air line filter regulator lubricator if not present
10851,20550567,DC-106,distillation column identifier planned turnaround tray inspection and cleaning full internal inspection of all trays record tray conditions replace damaged tray panels clean downcomers and sumps inspect column internals for corrosion,distillation column identifier planned turnaround tray inspection and cleaning full internal inspection of all trays record tray conditions replace damaged tray panels clean downcomers and sumps inspect column internals for corrosion
10874,20063097,FCC-013,fluid catalytic cracker identifier planned turnaround regenerator and reactor internal inspection full turnaround inspection of regenerator cyclones reactor riser and stripper internals replace worn refractory inspect all slide valves replace catalyst addition and withdrawal systems,fluid catalytic cracker identifier planned turnaround regenerator and reactor internal inspection full turnaround inspection of regenerator cyclones reactor riser and stripper internals replace worn refractory inspect all slide valves replace catalyst addition and withdrawal systems
11069,20226006,SEP-143,calibrate all level transmitters verify high and low level alarm setpoints check interface level instruments document calibration results,calibrate all level transmitters verify high and low level alarm setpoints check interface level instruments document calibration results
11089,20608424,TK-119,storage tank identifier annual calibration of all level and temperature instruments calibrate all level transmitters against certified reference check temperature sensor accuracy verify high level alarm setpoints update calibration records,storage tank identifier annual calibration of all level and temperature instruments calibrate all level transmitters against certified reference check temperature sensor accuracy verify high level alarm setpoints update calibration records
11223,20022732,DC-105,distillation column identifier reboiler steam control valve cv failure valve stuck at identifier open isolate control valve remove actuator and positioner disassemble valve body inspect seat and plug for erosion replace trim if worn calibrate positioner and stroke test,distillation column identifier reboiler steam control valve cv failure valve stuck at identifier open isolate control valve remove actuator and positioner disassemble valve body inspect seat and plug for erosion replace trim if worn calibrate positioner and stroke test
11265,20201485,K-040,compressor identifier annual overhaul per oem schedule valve inspection oil change and performance test disassemble suction and discharge valve assemblies replace valve plates and springs change lube oil and filters check coupling and alignment performance test,compressor identifier annual overhaul per oem schedule valve inspection oil change and performance test disassemble suction and discharge valve assemblies replace valve plates and springs change lube oil and filters check coupling and alignment performance test
11280,20616827,P-218,centrifugal pump identifier high vibration alarm on drive end bearing amplitude identifier mm s rms exceeding trip setpoint isolate pump drain casing disassemble bearing housing replace drive end bearing identifier realign coupling to within identifier tir functional test at duty point,centrifugal pump identifier high vibration alarm on drive end bearing amplitude identifier mm s rms exceeding trip setpoint isolate pump drain casing disassemble bearing housing replace drive end bearing identifier realign coupling to within identifier tir functional test at duty point
11292,20048960,HX-110,heat exchanger identifier annual inspection tube bundle inspection gasket replacement and pressure test drain and open channel head inspect tube sheet and tubes using boroscope replace gaskets on both heads hydraulic pressure test reinstate and commission,heat exchanger identifier annual inspection tube bundle inspection gasket replacement and pressure test drain and open channel head inspect tube sheet and tubes using boroscope replace gaskets on both heads hydraulic pressure test reinstate and commission
11327,20686813,TK-135,storage tank identifier annual calibration of all level and temperature instruments calibrate all level transmitters against certified reference check temperature sensor accuracy verify high level alarm setpoints update calibration records,storage tank identifier annual calibration of all level and temperature instruments calibrate all level transmitters against certified reference check temperature sensor accuracy verify high level alarm setpoints update calibration records
11360,20653101,DP-124,diaphragm pump identifier pump stalled air inlet valve frozen open no stroke detected disassemble air distribution valve clean or replace frozen valve spool check air supply quality for moisture and contamination install air line filter regulator lubricator if not present,diaphragm pump identifier pump stalled air inlet valve frozen open no stroke detected disassemble air distribution valve clean or replace frozen valve spool check air supply quality for moisture and contamination install air line filter regulator lubricator if not present
11395,20070255,HX-017,heat exchanger identifier differential pressure high alarm tube side pressure drop identifier bar versus clean baseline identifier bar isolate and drain tube side hydroblast tube bundle to remove fouling deposit inspect tube wall thickness using eddy current testing reassemble and pressure test,heat exchanger identifier differential pressure high alarm tube side pressure drop identifier bar versus clean baseline identifier bar isolate and drain tube side hydroblast tube bundle to remove fouling deposit inspect tube wall thickness using eddy current testing reassemble and pressure test
11402,20519116,BLR-100,boiler identifier high conductivity alarm boiler water tds identifier ppm above blowdown setpoint increase blowdown frequency check dosing pump for chemical addition flush with fresh feedwater verify conductivity analyser calibration,boiler identifier high conductivity alarm boiler water tds identifier ppm above blowdown setpoint increase blowdown frequency check dosing pump for chemical addition flush with fresh feedwater verify conductivity analyser calibration
11457,20174637,P-134,centrifugal pump identifier six monthly planned maintenance bearing inspection mechanical seal check and coupling alignment verification inspect bearing condition and clearances replenish grease per lubrication schedule castrol tribol identifier check coupling alignment verify seal flush flow rate update maintenance record,centrifugal pump identifier six monthly planned maintenance bearing inspection mechanical seal check and coupling alignment verification inspect bearing condition and clearances replenish grease per lubrication schedule castrol tribol identifier check coupling alignment verify seal flush flow rate update maintenance record
11494,20102718,CR-021,crystalliser identifier agitator overload motor current identifier a suspected crystalline buildup on impeller shutdown and open identifier manway remove crystalline deposit from impeller and baffles using citric acid solvent wash inspect impeller blades for damage reassemble and verify torque,crystalliser identifier agitator overload motor current identifier a suspected crystalline buildup on impeller shutdown and open identifier manway remove crystalline deposit from impeller and baffles using citric acid solvent wash inspect impeller blades for damage reassemble and verify torque
11507,20121196,HP-123,hydraulic press identifier hydraulic oil leak from cylinder rod seal estimated identifier l h depressurise hydraulic circuit fully replace cylinder rod seal and wiper ring inspect rod surface for scoring hone rod if minor scoring refill oil to correct level leak test at operating pressure,hydraulic press identifier hydraulic oil leak from cylinder rod seal estimated identifier l h depressurise hydraulic circuit fully replace cylinder rod seal and wiper ring inspect rod surface for scoring hone rod if minor scoring refill oil to correct level leak test at operating pressure
11515,20604134,M-120,motor identifier six monthly insulation resistance test and bearing grease replenishment ir test all three phases and record grease drive end and non drive end bearings per lubrication schedule check terminal connections for heat damage document results,motor identifier six monthly insulation resistance test and bearing grease replenishment ir test all three phases and record grease drive end and non drive end bearings per lubrication schedule check terminal connections for heat damage document results
11554,20030171,BM-006,ball mill identifier six monthly oil analysis and lubrication system inspection take oil samples from all bearing reservoirs inspect filters and strainers check oil coolers replace oil if analysis shows degradation flush if metal contamination detected,ball mill identifier six monthly oil analysis and lubrication system inspection take oil samples from all bearing reservoirs inspect filters and strainers check oil coolers replace oil if analysis shows degradation flush if metal contamination detected
11559,20491712,P-494,centrifugal pump identifier high vibration alarm on drive end bearing amplitude identifier mm s rms exceeding trip setpoint isolate pump drain casing disassemble bearing housing replace drive end bearing identifier realign coupling to within identifier tir functional test at duty point,centrifugal pump identifier high vibration alarm on drive end bearing amplitude identifier mm s rms exceeding trip setpoint isolate pump drain casing disassemble bearing housing replace drive end bearing identifier realign coupling to within identifier tir functional test at duty point
11592,20563562,GT-108,gas turbine identifier high vibration trip on de bearing vibration identifier mm s peak peak inspect gas turbine internals via borescope identify blade damage or fouling compressor wash offline if blade damage confirmed plan major inspection replace de bearing if worn,gas turbine identifier high vibration trip on de bearing vibration identifier mm s peak peak inspect gas turbine internals via borescope identify blade damage or fouling compressor wash offline if blade damage confirmed plan major inspection replace de bearing if worn
11631,20516952,P-200,centrifugal pump identifier high vibration alarm on drive end bearing amplitude identifier mm s rms exceeding trip setpoint isolate pump drain casing disassemble bearing housing replace drive end bearing identifier realign coupling to within identifier tir functional test at duty point,centrifugal pump identifier high vibration alarm on drive end bearing amplitude identifier mm s rms exceeding trip setpoint isolate pump drain casing disassemble bearing housing replace drive end bearing identifier realign coupling to within identifier tir functional test at duty point
11632,20252442,TRB-049,steam turbine identifier lube oil low pressure alarm oil pump suction strainer blocked clean oil pump suction strainer check oil pump relief valve setting inspect main oil pump for wear flush lubrication system verify pressure at all bearing oil supply points,steam turbine identifier lube oil low pressure alarm oil pump suction strainer blocked clean oil pump suction strainer check oil pump relief valve setting inspect main oil pump for wear flush lubrication system verify pressure at all bearing oil supply points
11670,20026459,P-108,centrifugal pump identifier cavitating intermittently suction pressure identifier bar below minimum npsh required check suction strainer differential pressure clean strainer basket verify suction vessel level adjust operating point to restore positive npsh,centrifugal pump identifier cavitating intermittently suction pressure identifier bar below minimum npsh required check suction strainer differential pressure clean strainer basket verify suction vessel level adjust operating point to restore positive npsh
11763,20632970,P-521,centrifugal pump identifier vibration trending upward over identifier days broadband velocity identifier mm s bearing defect frequency identified in spectrum vibration analysis confirms bearing fault replace drive end bearing proactively re baseline vibration signature after repair,centrifugal pump identifier vibration trending upward over identifier days broadband velocity identifier mm s bearing defect frequency identified in spectrum vibration analysis confirms bearing fault replace drive end bearing proactively re baseline vibration signature after repair
11779,20151584,BM-030,ball mill identifier six monthly oil analysis and lubrication system inspection take oil samples from all bearing reservoirs inspect filters and strainers check oil coolers replace oil if analysis shows degradation flush if metal contamination detected,ball mill identifier six monthly oil analysis and lubrication system inspection take oil samples from all bearing reservoirs inspect filters and strainers check oil coolers replace oil if analysis shows degradation flush if metal contamination detected
11794,20598007,TK-214,storage tank identifier outlet valve passing confirmed by downstream flow with valve closed isolate valve disassemble inspect seat and ball gate for erosion lap seat if minor damage replace valve internals if worn beyond tolerance,storage tank identifier outlet valve passing confirmed by downstream flow with valve closed isolate valve disassemble inspect seat and ball gate for erosion lap seat if minor damage replace valve internals if worn beyond tolerance
11825,20084381,DP-116,diaphragm pump identifier annual diaphragm and valve inspection inspect diaphragms for cracking and deformation replace both diaphragms preventively inspect ball valves and seats replace worn components test pump performance,diaphragm pump identifier annual diaphragm and valve inspection inspect diaphragms for cracking and deformation replace both diaphragms preventively inspect ball valves and seats replace worn components test pump performance
11839,-20578137.0,HV-110,hvac unit identifier supply fan drive belt failure airflow loss to controlled area replace drive belt with correct specification check tension and alignment on pulleys run up and verify supply air volume check room pressures return to setpoint,hvac unit identifier supply fan drive belt failure airflow loss to controlled area replace drive belt with correct specification check tension and alignment on pulleys run up and verify supply air volume check room pressures return to setpoint
11850,20370009,P-172,centrifugal pump identifier vibration trending upward over identifier days broadband velocity identifier mm s bearing defect frequency identified in spectrum vibration analysis confirms bearing fault replace drive end bearing proactively re baseline vibration signature after repair,centrifugal pump identifier vibration trending upward over identifier days broadband velocity identifier mm s bearing defect frequency identified in spectrum vibration analysis confirms bearing fault replace drive end bearing proactively re baseline vibration signature after repair
11913,20491440,P-294,centrifugal pump identifier low flow alarm active flow identifier identifier below minimum process requirement inspect impeller for wear and blockage remove any debris check wear ring clearance trim impeller if required verify system curve against pump curve,centrifugal pump identifier low flow alarm active flow identifier identifier below minimum process requirement inspect impeller for wear and blockage remove any debris check wear ring clearance trim impeller if required verify system curve against pump curve
11921,20702729,TK-138,storage tank identifier annual calibration of all level and temperaturei nstruments calibrate all level transmitters against certified reference check temperature sensor accuracy verify high level alarm setpoints update calibration records,storage tank identifier annual calibration of all level and temperaturei nstruments calibrate all level transmitters against certified reference check temperature sensor accuracy verify high level alarm setpoints update calibration records
11929,20061343,M-017,motor identifier earth fault trip single phase to earth detected on stator winding isolate motor identify faulted phase using ir and hipot testing send motor to approved rewind shop install inspected spare verify earth continuity post installation,motor identifier earth fault trip single phase to earth detected on stator winding isolate motor identify faulted phase using ir and hipot testing send motor to approved rewind shop install inspected spare verify earth continuity post installation
11948,20198436,CV-039,belt conveyor identifier blocked chute material buildup causing belt overload trip clear chute blockage inspect chute liner wear replace worn liner plates investigate root cause of blockage adjust belt speed or chute geometry if required,belt conveyor identifier blocked chute material buildup causing belt overload trip clear chute blockage inspect chute liner wear replace worn liner plates investigate root cause of blockage adjust belt speed or chute geometry if required
11973,20117194,HX-123,heat exchanger identifier tube leak detected cross contamination confirmed by conductivity rise on shell side pressure test tube bundle with nitrogen identify leaking tubes plug failed tubes or replace bundle hydrotest at identifier design pressure update mechanical integrity record,heat exchanger identifier tube leak detected cross contamination confirmed by conductivity rise on shell side pressure test tube bundle with nitrogen identify leaking tubes plug failed tubes or replace bundle hydrotest at identifier design pressure update mechanical integrity record
12107,20478193,CV-091,belt conveyor identifier quarterly roller belt and structure inspection walk full conveyor length inspect belt condition and splices replace damaged or seized idler rollers check belt tension lubricate all grease points test emergency pull cord,belt conveyor identifier quarterly roller belt and structure inspection walk full conveyor length inspect belt condition and splices replace damaged or seized idler rollers check belt tension lubricate all grease points test emergency pull cord
12123,20298946,M-062,motor identifier annual motor inspection including terminal box and cooling fan check inspect terminal box for moisture ingress and loose connections clean cooling fins and fan guard check mounting bolts verify earthing continuity test run and measure current balance,motor identifier annual motor inspection including terminal box and cooling fan check inspect terminal box for moisture ingress and loose connections clean cooling fins and fan guard check mounting bolts verify earthing continuity test run and measure current balance
12141,20203578,CV-039,belt conv yor identifier belt mistra king ausing s illage and belt edge d m g adjust tail pulley tracking screws to correct belt alignment inspect all return rollers for seized bearings causing mistrack replace seized rollers monitor belt tracking for identifier hours,belt conv yor identifier belt mistra king ausing s illage and belt edge d m g adjust tail pulley tracking screws to correct belt alignment inspect all return rollers for seized bearings causing mistrack replace seized rollers monitor belt tracking for identifier hours
12144,20687790,M-135,motor identifier earth fault trip single phase to earth detected on stator winding isolate motor identify faulted phase using ir and hipot testing send motor to approved rewind shop install inspected spare verify earth continuity post installation,motor identifier earth fault trip single phase to earth detected on stator winding isolate motor identify faulted phase using ir and hipot testing send motor to approved rewind shop install inspected spare verify earth continuity post installation
12147,20356941,CV-068,belt conveyor identifier belt mistracking causing spillage and belt edge damage adjust tail pulley tracking screws to correct belt alignment inspect all return rollers for seized bearings causing mistrack replace seized rollers monitor belt tracking for identifier hours,belt conveyor identifier belt mistracking causing spillage and belt edge damage adjust tail pulley tracking screws to correct belt alignment inspect all return rollers for seized bearings causing mistrack replace seized rollers monitor belt tracking for identifier hours
12240,20206487,P-440,centrifugal pump identifier six monthly planned maintenance bearing inspection mechanical seal check and coupling alignment verification inspect bearing condition and clearances replenish grease per lubrication schedule mobil shc identifier check coupling alignment verify seal flush flow rate update maintenance record,centrifugal pump identifier six monthly planned maintenance bearing inspection mechanical seal check and coupling alignment verification inspect bearing condition and clearances replenish grease per lubrication schedule mobil shc identifier check coupling alignment verify seal flush flow rate update maintenance record
12248,20481470,K-094,compressor identifier lube oil analysis shows elevated iron particles identifier ppm bearing wear suspected inspect bearings and journal surfaces replace worn bearings flush and refill lube oil system repeat oil analysis after identifier hours runtime,compressor identifier lube oil analysis shows elevated iron particles identifier ppm bearing wear suspected inspect bearings and journal surfaces replace worn bearings flush and refill lube oil system repeat oil analysis after identifier hours runtime
12311,20643426,P-423,centrifugal pump identifier low flow alarm active flow identifier identifier below minimum process requirement inspect impeller for wear and blockage remove any debris check wear ring clearance trim impeller if required verify system curve against pump curve,centrifugal pump identifier low flow alarm active flow identifier identifier below minimum process requirement inspect impeller for wear and blockage remove any debris check wear ring clearance trim impeller if required verify system curve against pump curve
12337,20470953,HX-091,heat exchanger identifier outlet temperature low heat transfer coefficient identifier identifier below design identifier identifier chemical clean tube side with citric acid identifier solution for identifier hours flush with demineralised water re baseline heat transfer performance,heat exchanger identifier outlet temperature low heat transfer coefficient identifier identifier below design identifier identifier chemical clean tube side with citric acid identifier solution for identifier hours flush with demineralised water re baseline heat transfer performance
12375,20024613,CT-006,cooling tower identifier six monthly fan inspection and gearbox oil change inspect fan blades for erosion check blade pitch angle uniformity change gearbox oil inspect gearbox for wear lubricate fan shaft bearings measure and record vibration,cooling tower identifier six monthly fan inspection and gearbox oil change inspect fan blades for erosion check blade pitch angle uniformity change gearbox oil inspect gearbox for wear lubricate fan shaft bearings measure and record vibration
12561,20206769,K-040,compressor identifier six m nthly lube oil n lysis and filter chang drain lube oil replace filters refill with approved grade conduct oil analysis on drained oil check oil cooler condition update lubrication record,compressor identifier six m nthly lube oil n lysis and filter chang drain lube oil replace filters refill with approved grade conduct oil analysis on drained oil check oil cooler condition update lubrication record
12582,20667008,AG-128,agitator identifier mechanical seal failure product leakage at shaft gland area isolate vessel remove agitator shaft replace mechanical seal complete assembly inspect shaft for scoring reinstall pressure test seal chamber monitor seal flush post start,agitator identifier mechanical seal failure product leakage at shaft gland area isolate vessel remove agitator shaft replace mechanical seal complete assembly inspect shaft for scoring reinstall pressure test seal chamber monitor seal flush post start
12583,20364152,DP-070,diaphragm pump identifier annual diaphragm and valve inspection inspect diaphragms for cracking and deformation replace both diaphragms preventively inspect ball valves and seats replace worn components test pump performance,diaphragm pump identifier annual diaphragm and valve inspection inspect diaphragms for cracking and deformation replace both diaphragms preventively inspect ball valves and seats replace worn components test pump performance
12592,20002146,TK-301,storage tank identifier outlet valve passing confirmed by downstream flow with valve closed isolate valve disassemble inspect seat and ball gate for erosion lap seat if minor damage replace valve internals if worn beyond tolerance,storage tank identifier outlet valve passing confirmed by downstream flow with valve closed isolate valve disassemble inspect seat and ball gate for erosion lap seat if minor damage replace valve internals if worn beyond tolerance
12609,20422181,DOS-082,dosing pump identifier chemical tank low level alarm identifier level production impact if not replenished notify operations to arrange chemical delivery check dosing system isolation valves in correct position prime dosing head after tank fill verify dosing rate on restart,dosing pump identifier chemical tank low level alarm identifier level production impact if not replenished notify operations to arrange chemical delivery check dosing system isolation valves in correct position prime dosing head after tank fill verify dosing rate on restart
12617,20225086,AG-045,agitator identifier mechanical seal failure product leakage at shaft gland area isolate vessel remove agitator shaft replace mechanical seal complete assembly inspect shaft for scoring reinstall pressure test seal chamber monitor seal flush post start,agitator identifier mechanical seal failure product leakage at shaft gland area isolate vessel remove agitator shaft replace mechanical seal complete assembly inspect shaft for scoring reinstall pressure test seal chamber monitor seal flush post start
12641,20619076,CF-119,centrifuge identifier annual full overhaul including spindle bearing replacement full disassembly replace spindle bearings inspect basket for fatigue cracks replace all seals reassemble balance basket and perform no load and loaded test run,centrifuge identifier annual full overhaul including spindle bearing replacement full disassembly replace spindle bearings inspect basket for fatigue cracks replace all seals reassemble balance basket and perform no load and loaded test run
12652,20195814,P-338,centrifugal pump identifier high vibration alarm on drive end bearing amplitude identifier mm s rms exceeding trip setpoint isolate pump drain casing disassemble bearing housing replace drive end bearing identifier realign coupling to within identifier tir functional test at duty point,centrifugal pump identifier high vibration alarm on drive end bearing amplitude identifier mm s rms exceeding trip setpoint isolate pump drain casing disassemble bearing housing replace drive end bearing identifier realign coupling to within identifier tir functional test at duty point
12700,20138950,TK-029,storage tank identifier annual calibration of all level and temperature instruments calibrate all level transmitters against certified reference check temperature sensor accuracy verify high level alarm setpoints update calibration records,storage tank identifier annual calibration of all level and temperature instruments calibrate all level transmitters against certified reference check temperature sensor accuracy verify high level alarm setpoints update calibration records
12730,20143433,K-030,compressor identifier six monthly lube oil analysis and filter change drain lube oil replace filters refill with approved grade conduct oil analysis on drained oil check oil cooler condition update lubrication record,compressor identifier six monthly lube oil analysis and filter change drain lube oil replace filters refill with approved grade conduct oil analysis on drained oil check oil cooler condition update lubrication record
12731,20171169,TK-035,storage tank identifier outlet valve passing confirmed by downstream flow with valve closed isolate valve disassemble inspect seat and ball gate for erosion lap seat if minor damage replace valve internals if worn beyond tolerance,storage tank identifier outlet valve passing confirmed by downstream flow with valve closed isolate valve disassemble inspect seat and ball gate for erosion lap seat if minor damage replace valve internals if worn beyond tolerance
12784,20385372,SC-073,screw conveyor identifier annual trough liner inspection and coupling check inspect trough liner plates for wear replace worn liner sections check coupling condition and alignment verify all covers in place and safety guards serviceable,screw conveyor identifier annual trough liner inspection and coupling check inspect trough liner plates for wear replace worn liner sections check coupling condition and alignment verify all covers in place and safety guards serviceable
12790,20170438,K-233,compressor identifier high discharge temperature alarm discharge temp identifier degc exceeding trip setpoint inspect intercooler for fouling clean tube bundle check cooling water flow verify discharge valve seating retest at operating conditions,compressor identifier high discharge temperature alarm discharge temp identifier degc exceeding trip setpoint inspect intercooler for fouling clean tube bundle check cooling water flow verify discharge valve seating retest at operating conditions
12854,20123008,TK-024,storage tank identifier level transmitter lt failure reading stuck at identifier suspect impulse line blockage isolate and remove level transmitter blow down impulse lines clean displacer float bench calibrate reinstall and verify reading against dip measurement,storage tank identifier level transmitter lt failure reading stuck at identifier suspect impulse line blockage isolate and remove level transmitter blow down impulse lines clean displacer float bench calibrate reinstall and verify reading against dip measurement
12881,20677039,M-131,motor identifier six monthly insulation resistance test and bearing grease replenishment ir test all three phases and record grease drive end and non drive end bearings per lubrication schedule check terminal connections for heat damage document results,motor identifier six monthly insulation resistance test and bearing grease replenishment ir test all three phases and record grease drive end and non drive end bearings per lubrication schedule check terminal connections for heat damage document results
12902,20331701,BM-063,ball mill identifier trunnion bearing temperature high identifier degc oil supply pressure low check oil supply pump and filters flush bearing lubrication circuit replace oil monitor trunnion temperature on restart if bearing damaged remove mill from service for bearing replacement,ball mill identifier trunnion bearing temperature high identifier degc oil supply pressure low check oil supply pump and filters flush bearing lubrication circuit replace oil monitor trunnion temperature on restart if bearing damaged remove mill from service for bearing replacement
12927,20459570,P-388,centrifugal pum identifier mot r overload trip ov r urrent detected phase a identifier a ab ve flc megger test motor windings check vfd parameters inspect terminal connections for heat damage replace overload relay if tripped beyond reset,centrifugal pum identifier mot r overload trip ov r urrent detected phase a identifier a ab ve flc megger test motor windings check vfd parameters inspect terminal connections for heat damage replace overload relay if tripped beyond reset
12948,20032298,P-407,vibration analysis confirms bearing fault replace drive end bearing proactively re baseline vibration signature after repair,vibration analysis confirms bearing fault replace drive end bearing proactively re baseline vibration signature after repair
12956,20506787,P-197,centrifugal pump identifier motor current increasing trend current draw identifier a versus baseline identifier a possible internal wear inspect impeller and wear rings for erosion measure internal clearances replace worn components re test performance at duty conditions,centrifugal pump identifier motor current increasing trend current draw identifier a versus baseline identifier a possible internal wear inspect impeller and wear rings for erosion measure internal clearances replace worn components re test performance at duty conditions
13096,20028269,TK-107,drain and gas free tank internal inspection per api identifier measure floor plate thickness using ut inspect shell for corrosion check annular plates write inspection report,drain and gas free tank internal inspection per api identifier measure floor plate thickness using ut inspect shell for corrosion check annular plates write inspection report
13139,20255091,R-051,reactor identifier jacket leak confirmed pressure decay test failed on zone identifier at identifier bar identify leak location on jacket weld seam using nitrogen pressure test weld repair by certified welder post weld heat treat if required retest at identifier design pressure,reactor identifier jacket leak confirmed pressure decay test failed on zone identifier at identifier bar identify leak location on jacket weld seam using nitrogen pressure test weld repair by certified welder post weld heat treat if required retest at identifier design pressure
13152,20606737,P-316,centrifug l pum identifier low fl w al rm ctiv flow identifier identifier b low minimum process requirement inspect impeller for wear and blockage remove any debris check wear ring clearance trim impeller if required verify system curve against pump curve,centrifug l pum identifier low fl w al rm ctiv flow identifier identifier b low minimum process requirement inspect impeller for wear and blockage remove any debris check wear ring clearance trim impeller if required verify system curve against pump curve
13210,20410849,TRB-079,steam turbine identifier lube oil low pressure alarm oil pump suction strainer blocked clean oil pump suction strainer check oil pump relief valve setting inspect main oil pump for wear flush lubrication system verify pressure at all bearing oil supply points,steam turbine identifier lube oil low pressure alarm oil pump suction strainer blocked clean oil pump suction strainer check oil pump relief valve setting inspect main oil pump for wear flush lubrication system verify pressure at all bearing oil supply points
13213,20297584,R-059,reactor identifier jacket leak confirmed pressure decay test failed on zone identifier at identifier bar identify leak location on jacket weld seam using nitrogen pressure test weld repair by certified welder post weld heat treat if required retest at identifier design pressure,reactor identifier jacket leak confirmed pressure decay test failed on zone identifier at identifier bar identify leak location on jacket weld seam using nitrogen pressure test weld repair by certified welder post weld heat treat if required retest at identifier design pressure
13239,20204090,HV-239,hvac unit identifier annual ahu inspection including ductwork and damper verification full ahu inspection check all damper actuators and blades inspect fan blades for wear clean heat exchange coil with biocide solution verify all interlocks,hvac unit identifier annual ahu inspection including ductwork and damper verification full ahu inspection check all damper actuators and blades inspect fan blades for wear clean heat exchange coil with biocide solution verify all interlocks
13271,20606542,P-217,centrifugal pump identifier motor overload trip overcurrent detected phase a identifier a above flc megger test m t r windings check vfd par meters insp ct termin l connections for he t damage re l c overl ad relay if tri p d beyond r set,centrifugal pump identifier motor overload trip overcurrent detected phase a identifier a above flc megger test m t r windings check vfd par meters insp ct termin l connections for he t damage re l c overl ad relay if tri p d beyond r set
13278,20039837,M-009,motor identifier annual motor inspection including terminal box and cooling fan check inspect terminal box for moisture ingress and loose connections clean cooling fins and fan guard check mounting bolts verify earthing continuity test run and measure current balance,motor identifier annual motor inspection including terminal box and cooling fan check inspect terminal box for moisture ingress and loose connections clean cooling fins and fan guard check mounting bolts verify earthing continuity test run and measure current balance
13345,20110975,P-223,centrifugal pump identifier six monthly planned maintenance bearing inspection mechanical seal check and coupling alignment verification inspect bearing condition and clearances replenish grease per lubrication schedule mobil shc identifier check coupling alignment verify seal flush flow rate update maintenance record,centrifugal pump identifier six monthly planned maintenance bearing inspection mechanical seal check and coupling alignment verification inspect bearing condition and clearances replenish grease per lubrication schedule mobil shc identifier check coupling alignment verify seal flush flow rate update maintenance record
13360,20530662,AG-101,agitator identifier mechanical seal failure product leakage at shaft gland area isolate vessel remove agitator shaaft replace mechanical seal complete assembly inspect shaft for scoring reinstall pressure test seal chamber monitor seal flush post start,agitator identifier mechanical seal failure product leakage at shaft gland area isolate vessel remove agitator shaaft replace mechanical seal complete assembly inspect shaft for scoring reinstall pressure test seal chamber monitor seal flush post start
13389,20724001,TK-338,storage tank identifier level transmitter lt failure reading stuck at identifier suspect impulse line blockage,storage tank identifier level transmitter lt failure reading stuck at identifier suspect impulse line blockage
13421,20441578,CV-086,belt conveyor identifier annual gearbox oil change and drive inspection,belt conveyor identifier annual gearbox oil change and drive inspection
13428,20382110,TK-075,storage tank identifier outlet valve passing confirmed by downstream flow with valve closed isolate valve disassemble inspect seat and ball gate for erosion lap seat if minor damage replace valve internals if worn beyond tolerance,storage tank identifier outlet valve passing confirmed by downstream flow with valve closed isolate valve disassemble inspect seat and ball gate for erosion lap seat if minor damage replace valve internals if worn beyond tolerance
13434,20427698,GS-081,gas scrubber identifier six monthly sump inspection and recirculation pump service drain and inspect sump for sediment and corrosion clean sump service recirculation pump replace mechanical seal clean recirculation strainer refill and verify liquid distribution,gas scrubber identifier six monthly sump inspection and recirculation pump service drain and inspect sump for sediment and corrosion clean sump service recirculation pump replace mechanical seal clean recirculation strainer refill and verify liquid distribution
13527,20666744,M-133,motor identifier six monthly insulation resistance test and bearing grease replenishment ir test all three phases and record grease drive end and non drive end bearings per lubrication schedule check terminal connections for heat damage document results,motor identifier six monthly insulation resistance test and bearing grease replenishment ir test all three phases and record grease drive end and non drive end bearings per lubrication schedule check terminal connections for heat damage document results
13560,20531519,SEP-101,separator identifier interface level control erratic identifier suspected fouling on displacer remove level transmitter clean displacer float calibrate instrument using water column replace isolation valves on bridle if passing reinstall and verify control response,separator identifier interface level control erratic identifier suspected fouling on displacer remove level transmitter clean displacer float calibrate instrument using water column replace isolation valves on bridle if passing reinstall and verify control response
13561,20197260,TK-041,st rage tank identifier ro f drain block ge causing water ingress to pr duct clear roof drain blockage inspect drain seal condition replace corroded drain fitting verify drain flow rate post repair,st rage tank identifier ro f drain block ge causing water ingress to pr duct clear roof drain blockage inspect drain seal condition replace corroded drain fitting verify drain flow rate post repair
13577,20370884,HV-140,hvac unit identifier supply fan drive belt failure airflow loss to controlled area replace drive belt with correct specification check tension and alignment on pulleys run up and verify supply air volume check room pressures return to setpoint,hvac unit identifier supply fan drive belt failure airflow loss to controlled area replace drive belt with correct specification check tension and alignment on pulleys run up and verify supply air volume check room pressures return to setpoint
13578,20745619,EV-142,evaporator identifier six monthly vacuum pump service and oil change drain vacuum pump oil inspect pump internals for wear replace shaft seal refill with correct oil grade run up and verify vacuum level achieved,evaporator identifier six monthly vacuum pump service and oil change drain vacuum pump oil inspect pump internals for wear replace shaft seal refill with correct oil grade run up and verify vacuum level achieved
13608,20359989,P-569,centrifugal pump identifier motor current increasing trend current draw identifier a versus baseline identifier a possible internal wear inspect impeller and wear rings for erosion measure internal clearances replace worn components re test performance at duty conditions,centrifugal pump identifier motor current increasing trend current draw identifier a versus baseline identifier a possible internal wear inspect impeller and wear rings for erosion measure internal clearances replace worn components re test performance at duty conditions
13647,20125397,GT-025,gas turbine identifier high vibration trip on de bearing vibration identifier mm s peak peak inspect gas turbine internals via borescope identify blade damage or fouling compressor wash offline if blade damage confirmed plan major inspection replace de bearing if worn,gas turbine identifier high vibration trip on de bearing vibration identifier mm s peak peak inspect gas turbine internals via borescope identify blade damage or fouling compressor wash offline if blade damage confirmed plan major inspection replace de bearing if worn
13705,20730495,M-146,motor identifier annual motor inspection including terminal box and cooling fan check inspect terminal box for moisture ingress and loose connections clean cooling fins and fan guard check mounting bolts verify earthing continuity test run and measure current balance,motor identifier annual motor inspection including terminal box and cooling fan check inspect terminal box for moisture ingress and loose connections clean cooling fins and fan guard check mounting bolts verify earthing continuity test run and measure current balance
13717,20071715,M-015,motor identifier insulation resistance failure megger test identifier mohm below minimum identifier mohm winding degradation disconnect motor and perform full ir test on all phases test confirms winding failure remove motor for rewind install spare motor align and commission,motor identifier insulation resistance failure megger test identifier mohm below minimum identifier mohm winding degradation disconnect motor and perform full ir test on all phases test confirms winding failure remove motor for rewind install spare motor align and commission
13718,20131552,GS-026,gas scrubber identifier high identifier outlet alarm identifier ppm scrubbing efficiency loss chemical depletion increase caustic dosing rate check ph of scrubbing liquor top up caustic tank inspect spray nozzles for wear and blockage replace nozzles if worn verify outlet identifier after adjustment,gas scrubber identifier high identifier outlet alarm identifier ppm scrubbing efficiency loss chemical depletion increase caustic dosing rate check ph of scrubbing liquor top up caustic tank inspect spray nozzles for wear and blockage replace nozzles if worn verify outlet identifier after adjustment
13727,20093301,HV-218,hvac unit identifier supply fan drive belt failure airflow loss to controlled area replace drive belt with correct specification check tension and alignment on pulleys run up and verify supply air volume check room pressures return to setpoint,hvac unit identifier supply fan drive belt failure airflow loss to controlled area replace drive belt with correct specification check tension and alignment on pulleys run up and verify supply air volume check room pressures return to setpoint
13739,20219536,CV-042,belt conveyor identifier quarterly roller belt and structure inspection walk full conveyor length inspect belt condition and splices replace damaged or seized idler rollers check belt tension lubricate all grease points test emergency pull cord,belt conveyor identifier quarterly roller belt and structure inspection walk full conveyor length inspect belt condition and splices replace damaged or seized idler rollers check belt tension lubricate all grease points test emergency pull cord
13756,20723045,K-238,compressor identifier annual overhaul per oem schedule valve inspection oil change and performance test disassemble suction and discharge valve assemblies replace valve plates and springs change lube oil and filters check coupling and alignment performance test,compressor identifier annual overhaul per oem schedule valve inspection oil change and performance test disassemble suction and discharge valve assemblies replace valve plates and springs change lube oil and filters check coupling and alignment performance test
13757,20408104,R-078,reactor identifier agitator drive fault alarm motor current identifier a spike then trip inspect agitator gearbox for damage check mechanical seal on agitator shaft replace failed seal assembly verify torque at rated speed,reactor identifier agitator drive fault alarm motor current identifier a spike then trip inspect agitator gearbox for damage check mechanical seal on agitator shaft replace failed seal assembly verify torque at rated speed
13794,20242111,FCC-046,fluid catalytic cracker identifier slide valve actuator failure catalyst flow control lost on identifier valve stroke isolate slide valve replace hydraulic actuator and positioner stroke test under atmospheric conditions verify control loop response before return to feed,fluid catalytic cracker identifier slide valve actuator failure catalyst flow control lost on identifier valve stroke isolate slide valve replace hydraulic actuator and positioner stroke test under atmospheric conditions verify control loop response before return to feed
13798,20342195,CT-066,cooling tower identifier annual basin cleaning and fill packing inspection drain basin clean and disinfect with chlorine solution inspect fill packing condition replace damaged packing sections check drift eliminators treat and refill legionella risk assessment update,cooling tower identifier annual basin cleaning and fill packing inspection drain basin clean and disinfect with chlorine solution inspect fill packing condition replace damaged packing sections check drift eliminators treat and refill legionella risk assessment update
13824,20685044,P-233,centrifugal pump identifier motor overload trip overcurrent detected phase a identifier a above flc megger test motor windings check vfd parameters inspect terminal connections for heat damage replace overload relay if tripped beyond reset,centrifugal pump identifier motor overload trip overcurrent detected phase a identifier a above flc megger test motor windings check vfd parameters inspect terminal connections for heat damage replace overload relay if tripped beyond reset
13833,20044772,EV-109,evaporator identifier vacuum loss level dropping in vapour body steam ejector or vacuum pump fault suspected inspect vacuum pump oil level and condition check all flanges and gaskets for air ingress using nitrogen pressure test replace failed gasket on vapour body flange re establish vacuum,evaporator identifier vacuum loss level dropping in vapour body steam ejector or vacuum pump fault suspected inspect vacuum pump oil level and condition check all flanges and gaskets for air ingress using nitrogen pressure test replace failed gasket on vapour body flange re establish vacuum
13843,20652717,FM-125,fermentor identifier annual vessel inspection agitator overhaul and instrument calibration steam sterilise vessel open manways for internal inspection replace agitator seal calibrate ph and do probes replace sparger if worn inspect jacket integrity document in batch record system,fermentor identifier annual vessel inspection agitator overhaul and instrument calibration steam sterilise vessel open manways for internal inspection replace agitator seal calibrate ph and do probes replace sparger if worn inspect jacket integrity document in batch record system
14009,20420959,GB-082,gearbox identifier oil temperature high alarm identifier degc possible bearing failure or oil degradation drain gearbox inspect output shaft bearing for pitting and spalling replace bearing clean sump refill with correct oil grade commission and monitor temperature for identifier hours,gearbox identifier oil temperature high alarm identifier degc possible bearing failure or oil degradation drain gearbox inspect output shaft bearing for pitting and spalling replace bearing clean sump refill with correct oil grade commission and monitor temperature for identifier hours
14068,20163649,GS-031,gas scrubber identifier high identifier outlet alarm identifier ppm scrubbing efficiency loss chemical depletion increase caustic dosing rate check ph of scrubbing liquor top up caustic tank inspect spray nozzles for wear and blockage replace nozzles if worn verify outlet identifier after adjustment,gas scrubber identifier high identifier outlet alarm identifier ppm scrubbing efficiency loss chemical depletion increase caustic dosing rate check ph of scrubbing liquor top up caustic tank inspect spray nozzles for wear and blockage replace nozzles if worn verify outlet identifier after adjustment
14169,20285416,P-156,centrifugal pump identifier motor overload trip overcurrent detected phase a identifier a above flc megger test motor windings check vfd parameters inspect terminal connections for heat damage replace overload relay if tripped beyond reset,centrifugal pump identifier motor overload trip overcurrent detected phase a identifier a above flc megger test motor windings check vfd parameters inspect terminal connections for heat damage replace overload relay if tripped beyond reset
14225,20352789,EX-067,extruder identifier six monthly gearbox oil change and thrust bearing inspection drain gearbox replace oil inspect thrust bearing for wear and preload replace if necessary check coupling and alignment refill gearbox and verify oil temperature on run up,extruder identifier six monthly gearbox oil change and thrust bearing inspection drain gearbox replace oil inspect thrust bearing for wear and preload replace if necessary check coupling and alignment refill gearbox and verify oil temperature on run up
14233,20643452,P-423,centrifugal pump identifier motor current increasing trend current draw identifier a versus baseline identifier a possible internal wear inspect impeller and wear rings for erosion measure internal clearances replace worn components re test performance at duty conditions,centrifugal pump identifier motor current increasing trend current draw identifier a versus baseline identifier a possible internal wear inspect impeller and wear rings for erosion measure internal clearances replace worn components re test performance at duty conditions
14259,20379784,DOS-072,dosing pump identifier chemical tank low level alarm identifier level production impact if not replenished notify operations to arrange chemical delivery check dosing system isolation valves in correct position prime dosing head after tank fill verify dosing rate on restart,dosing pump identifier chemical tank low level alarm identifier level production impact if not replenished notify operations to arrange chemical delivery check dosing system isolation valves in correct position prime dosing head after tank fill verify dosing rate on restart
14266,20444920,HX-086,heat exchanger identifier differential pressure high alarm tube side pressure drop identifier bar versus clean baseline identifier bar isolate and drain tube side hydroblast tube bundle to remove fouling deposit inspect tube wall thickness using eddy current testing reassemble and pressure test,heat exchanger identifier differential pressure high alarm tube side pressure drop identifier bar versus clean baseline identifier bar isolate and drain tube side hydroblast tube bundle to remove fouling deposit inspect tube wall thickness using eddy current testing reassemble and pressure test
14273,20046910,FM-010,fermentor identifier six monthly mechanical seal and ph probe service replace agitator mechanical seal clean ph probe and calibrate with fresh buffer solutions replace do membrane cap verify all alarm setpoints update gxp calibration records,fermentor identifier six monthly mechanical seal and ph probe service replace agitator mechanical seal clean ph probe and calibrate with fresh buffer solutions replace do membrane cap verify all alarm setpoints update gxp calibration records
14278,ROW_014278,DOS-145,dosing pump identifier chemical tank low level alarm identifier level production impact if not replenished notify operations to arrange chemical delivery check dosing system isolation valves in correct position prime dosing head after tank fill verify dosing rate on restart,dosing pump identifier chemical tank low level alarm identifier level production impact if not replenished notify operations to arrange chemical delivery check dosing system isolation valves in correct position prime dosing head after tank fill verify dosing rate on restart
14297,20619140,EV-118,evaporator identifier six monthly vacuum pump service and oil change drain vacuum pump oil inspect pump internals for wear replace shaft seal refill with correct oil grade run up and verify vacuum level achieved,evaporator identifier six monthly vacuum pump service and oil change drain vacuum pump oil inspect pump internals for wear replace shaft seal refill with correct oil grade run up and verify vacuum level achieved
14318,20655127,DC-126,distillation column identifier planned turnaround tray inspection and cleaning full internal inspection of all trays record tray conditions replace damaged tray panels clean downcomers and sumps inspect column internals for corrosion,distillation column identifier planned turnaround tray inspection and cleaning full internal inspection of all trays record tray conditions replace damaged tray panels clean downcomers and sumps inspect column internals for corrosion
14332,20239543,TK-146,stor ge tank identifier annual calibration of ll lev l nd temperature instruments calibrate all level transmitters against certified reference check temperature sensor accuracy verify high level alarm setpoints update calibration records,stor ge tank identifier annual calibration of ll lev l nd temperature instruments calibrate all level transmitters against certified reference check temperature sensor accuracy verify high level alarm setpoints update calibration records
14341,20648573,P-325,centrifugal pump identifier quarterly lubrication service bearing grease replenishment and vibration baseline measurement grease drive end and non drive end bearings measure and record vibration signature check motor current at duty point inspect coupling spider for wear,centrifugal pump identifier quarterly lubrication service bearing grease replenishment and vibration baseline measurement grease drive end and non drive end bearings measure and record vibration signature check motor current at duty point inspect coupling spider for wear
14344,20652133,DRY-124,dryer identifier vacuum cannot reach target identifier mbar air ingress suspected from inspection port gasket pressure test dryer vessel with nitrogen to identify air ingress replace failed gasket on inspection port test all other flanges verify vacuum level achieved after repair,dryer identifier vacuum cannot reach target identifier mbar air ingress suspected from inspection port gasket pressure test dryer vessel with nitrogen to identify air ingress replace failed gasket on inspection port test all other flanges verify vacuum level achieved after repair
14366,20541583,CT-103,cooling tower identifier annual basin cleaning and fill packing inspection drain basin clean and disinfect with chlorine solution inspect fill packing condition replace damaged packing sections check drift eliminators treat and refill legionella risk assessment update,cooling tower identifier annual basin cleaning and fill packing inspection drain basin clean and disinfect with chlorine solution inspect fill packing condition replace damaged packing sections check drift eliminators treat and refill legionella risk assessment update
14425,20222324,P-343,centrifugal pump identifier annual overhaul full disassembly wear measurement impeller and seal replacement,centrifugal pump identifier annual overhaul full disassembly wear measurement impeller and seal replacement
14461,220314992,M-066,motor identifier six monthly insulation resistance test ad bearing grease replenishment ir test all three phases and record grease drive end and non drive end bearings per lubrication schedule check terminal connections for heat damage document results,motor identifier six monthly insulation resistance test ad bearing grease replenishment ir test all three phases and record grease drive end and non drive end bearings per lubrication schedule check terminal connections for heat damage document results
14462,20072523,GB-014,gearbox identifier oil temperature high alarm identifier degc possible bearing failure or oil degradation,gearbox identifier oil temperature high alarm identifier degc possible bearing failure or oil degradation
14485,20256554,CV-049,belt conveyor identifier annual gearbox oil change and drive inspection drain gearbox replace oil with approved grade inspect coupling and guard condition check brake adjustment verify all safety switches and interlocks operational,belt conveyor identifier annual gearbox oil change and drive inspection drain gearbox replace oil with approved grade inspect coupling and guard condition check brake adjustment verify all safety switches and interlocks operational
14576,20442796,SD-085,spray dryer identifier atomiser wheel bearing failure shaft vibration identifier mm s emergency stop replace atomiser wheel bearing assembly dynamically balance wheel after assembly run up at low speed to verify vibration before full speed operation monitor continuously for identifier hours,spray dryer identifier atomiser wheel bearing failure shaft vibration identifier mm s emergency stop replace atomiser wheel bearing assembly dynamically balance wheel after assembly run up at low speed to verify vibration before full speed operation monitor continuously for identifier hours
14722,20023386,EV-005,evaporator identifier product carryover into condenser entrainment separator fouled remove and clean entrainment separator mesh pads inspect for damage replace if mesh is blocked or torn verify separator performance post cleaning,evaporator identifier product carryover into condenser entrainment separator fouled remove and clean entrainment separator mesh pads inspect for damage replace if mesh is blocked or torn verify separator performance post cleaning
14760,20125401,GT-025,gas turbine identifier flame out on start igniter fault suspected inspect igniter plugs for erosion replace igniter check fuel supply isolation valve and fuel manifold pressure verify flame detector signal attempt controlled restart per procedure,gas turbine identifier flame out on start igniter fault suspected inspect igniter plugs for erosion replace igniter check fuel supply isolation valve and fuel manifold pressure verify flame detector signal attempt controlled restart per procedure
14802,20491167,P-194,centrifugal pump identifier cavitating intermittently suction pressure identifier bar below minimum npsh required check suction strainer differential pressure clean strainer basket verify suction vessel level adjust operating point to restore positive npsh,centrifugal pump identifier cavitating intermittently suction pressure identifier bar below minimum npsh required check suction strainer differential pressure clean strainer basket verify suction vessel level adjust operating point to restore positive npsh
14840,20214940,GB-042,gearbox identifier annual oil change and internal inspection drain and replace oil open inspection covers inspect gear teeth for wear and pitting check all bearing clearances replace seals refill run up and verify temperature and noise,gearbox identifier annual oil change and internal inspection drain and replace oil open inspection covers inspect gear teeth for wear and pitting check all bearing clearances replace seals refill run up and verify temperature and noise
14869,20036882,HP-107,hydraulic press identifier hydraulic oil leak from cylinder rod seal estimated identifier l h depressurise hydraulic circuit fully replace cylinder rod seal and wiper ring inspect rod surface for scoring hone rod if minor scoring refill oil to correct level leak test at operating pressure,hydraulic press identifier hydraulic oil leak from cylinder rod seal estimated identifier l h depressurise hydraulic circuit fully replace cylinder rod seal and wiper ring inspect rod surface for scoring hone rod if minor scoring refill oil to correct level leak test at operating pressure
14871,20610731,GT-116,gas turbine identifier combustion inspection fuel nozzles and transition piece inspection remove combustion liners inspect for cracking and oxidation replace liners beyond service life inspect and clean fuel nozzles replace transition pieces if cracked,gas turbine identifier combustion inspection fuel nozzles and transition piece inspection remove combustion liners inspect for cracking and oxidation replace liners beyond service life inspect and clean fuel nozzles replace transition pieces if cracked
14878,20252801,RLP-049,rotary lobe pump identifier lobe contact noise timing gear wear suspected pressure pulsation elevated isolate pump drain product inspect timing gears for backlash and tooth wear replace timing gear set if worn beyond tolerance realign rotor timing test for contact noise,rotary lobe pump identifier lobe contact noise timing gear wear suspected pressure pulsation elevated isolate pump drain product inspect timing gears for backlash and tooth wear replace timing gear set if worn beyond tolerance realign rotor timing test for contact noise
14893,20712703,HX-336,heat exchanger identifier outlet temperature low heat transfer coefficient identifier identifier below design identifier identifier chemical clean tube side with phosphoric acid identifier solution for identifier hours flush with demineralised water re baseline heat transfer performance,heat exchanger identifier outlet temperature low heat transfer coefficient identifier identifier below design identifier identifier chemical clean tube side with phosphoric acid identifier solution for identifier hours flush with demineralised water re baseline heat transfer performance
14920,20183184,CT-036,cooling tower identifier fan bearing failure high vibration identifier mm s fan shutdown isolate fan remove fan assembly replace fan shaft bearing check fan blade condition and balance reassemble verify vibration on restart below alarm setpoint,cooling tower identifier fan bearing failure high vibration identifier mm s fan shutdown isolate fan remove fan assembly replace fan shaft bearing check fan blade condition and balance reassemble verify vibration on restart below alarm setpoint
14951,20586929,R-112,reactor identifier jacket leak confirmed pressure decay test failed on zone identifier at identifier bar,reactor identifier jacket leak confirmed pressure decay test failed on zone identifier at identifier bar
15071,20375418,P-174,centrifugal pump identifier quarterly lubrication service bearing grease replenishment and vibration baseline measurement grease drive end and non drive end bearings measure and record vibration signature check motor current at duty point inspect coupling spider for wear,centrifugal pump identifier quarterly lubrication service bearing grease replenishment and vibration baseline measurement grease drive end and non drive end bearings measure and record vibration signature check motor current at duty point inspect coupling spider for wear
15119,20689751,DP-131,diaphragm pump identifier annual diaphragm and valve inspection inspect diaphragms for cracking and deformation replace both diaphragms preventively inspect ball valves and seats replace worn components test pump performance,diaphragm pump identifier annual diaphragm and valve inspection inspect diaphragms for cracking and deformation replace both diaphragms preventively inspect ball valves and seats replace worn components test pump performance
15130,20026064,SC-006,screw conveyor identifier end bearing failure screw shaft vibration detected remove end bearing housing replace worn bearing inspect shaft journal for scoring check shaft alignment grease bearing per lubrication schedule trial run before loading,screw conveyor identifier end bearing failure screw shaft vibration detected remove end bearing housing replace worn bearing inspect shaft journal for scoring check shaft alignment grease bearing per lubrication schedule trial run before loading
15137,20099559,UF-119,ultrafiltration unit identifier quarterly membrane integrity test and chemical clean perform air pr ssure de ay integrity t st on all modules r cord r sults chemi al le n with itric a id nd sodium hypochlorite er sop r test flux aft r cleaning,ultrafiltration unit identifier quarterly membrane integrity test and chemical clean perform air pr ssure de ay integrity t st on all modules r cord r sults chemi al le n with itric a id nd sodium hypochlorite er sop r test flux aft r cleaning
15151,20086777,TK-217,storage tank identifier api identifier internal inspection floor shell and roof condition assessment drain and gas free tank internal inspection per api identifier measure floor plate thickness using ut inspect shell for corrosion check annular plates write inspection report,storage tank identifier api identifier internal inspection floor shell and roof condition assessment drain and gas free tank internal inspection per api identifier measure floor plate thickness using ut inspect shell for corrosion check annular plates write inspection report
15154,20240892,HV-047,hvac unit identifier hepa filter differential pressure high high alarm dp identifier pa cleanroom qualification at risk isolate hvac unit replace hepa filter cassette seal integrity test with particle counter verify room pressure recovery document in gxp qualification record,hvac unit identifier hepa filter differential pressure high high alarm dp identifier pa cleanroom qualification at risk isolate hvac unit replace hepa filter cassette seal integrity test with particle counter verify room pressure recovery document in gxp qualification record
15236,20044387,TK-209,storage tank identifier roof drain blockage causing water ingress to product clear roof drain blockage inspect drain seal condition replace corroded drain fitting verify drain flow rate post repair,storage tank identifier roof drain blockage causing water ingress to product clear roof drain blockage inspect drain seal condition replace corroded drain fitting verify drain flow rate post repair
15248,20359606,P-270,centrifugal pump identifier cavitating intermittently suction pressure identifier bar below minimum npsh required check su tion strain r diff r ntial pressure clean strainer basket v rify suction vessel level adjust o rating oint t restore sitive npsh,centrifugal pump identifier cavitating intermittently suction pressure identifier bar below minimum npsh required check su tion strain r diff r ntial pressure clean strainer basket v rify suction vessel level adjust o rating oint t restore sitive npsh
15273,1772571378.8054645,F-066,filter identifier housing o ring failure bypass leakage detected downstream integrity breach drain and disassemble filter housing replace o ring with compatible elastomer inspect housing sealing faces for damage reassemble and perform integrity test,filter identifier housing o ring failure bypass leakage detected downstream integrity breach drain and disassemble filter housing replace o ring with compatible elastomer inspect housing sealing faces for damage reassemble and perform integrity test
15296,20629758,M-121,motor identifier vfd overcurrent fault drive tripped on identifier at identifier a check vfd parameters and fault log inspect motor terminal connections megger test windings check encoder feedback signal clear fault and trial run under reduced load,motor identifier vfd overcurrent fault drive tripped on identifier at identifier a check vfd parameters and fault log inspect motor terminal connections megger test windings check encoder feedback signal clear fault and trial run under reduced load
15332,20589321,EX-112,extruder identifier six monthly gearbox oil change and thrust bearing inspection drain gearbox replace oil inspect thrust bearing for wear and preload replace if necessary check coupling and alignment refill gearbox and verify oil temperature on run up,extruder identifier six monthly gearbox oil change and thrust bearing inspection drain gearbox replace oil inspect thrust bearing for wear and preload replace if necessary check coupling and alignment refill gearbox and verify oil temperature on run up
15349,20022674,DC-005,distillation column identifier planned turnaround tray inspection and cleaning full internal inspection of all trays record tray conditions replace damaged tray panels clean downcomers and sumps inspect column internals for corrosion,distillation column identifier planned turnaround tray inspection and cleaning full internal inspection of all trays record tray conditions replace damaged tray panels clean downcomers and sumps inspect column internals for corrosion
15407,20135032,CV-126,belt conveyor identifier quarterly roller belt and structure inspection walk full conveyor length inspect belt condition and splices replace damaged or seized idler rollers check belt tension lubricate all grease points test emergency pull cord,belt conveyor identifier quarterly roller belt and structure inspection walk full conveyor length inspect belt condition and splices replace damaged or seized idler rollers check belt tension lubricate all grease points test emergency pull cord
15424,20035639,EX-107,extruder identifier six monthly gearbox oil change and thrust bearing inspection drain gearbox replace oil inspect thrust bearing for wear and preload replace if necessary check coupling and alignment refill gearbox and verify oil temperature on run up,extruder identifier six monthly gearbox oil change and thrust bearing inspection drain gearbox replace oil inspect thrust bearing for wear and preload replace if necessary check coupling and alignment refill gearbox and verify oil temperature on run up
15520,20042795,P-309,centrifugal pump identifier six monthly planned maintenance bearing inspection mechanical seal check and coupling alignment verification inspetc bearing condition and clearances replenish grease per lubrication schedule mobil shc identifier check coupling alignment verify seal flush flow rate update maintenance record,centrifugal pump identifier six monthly planned maintenance bearing inspection mechanical seal check and coupling alignment verification inspetc bearing condition and clearances replenish grease per lubrication schedule mobil shc identifier check coupling alignment verify seal flush flow rate update maintenance record
15541,20479336,SEP-092,separator identifier interface level control erratic identifier suspected fouling on displacer remove level transmitter clean displacer float calibrate instrument using water column replace isolation valves on bridle if passing reinstall and verify control response,separator identifier interface level control erratic identifier suspected fouling on displacer remove level transmitter clean displacer float calibrate instrument using water column replace isolation valves on bridle if passing reinstall and verify control response
15556,20711437,P-237,centrifugal pump identifier motor current increasing trend current draw identifier a versus baseline identifier a possible internal wear inspect impeller and wear rings for erosion measure internal clearances replace worn components re test performance at duty conditions,centrifugal pump identifier motor current increasing trend current draw identifier a versus baseline identifier a possible internal wear inspect impeller and wear rings for erosion measure internal clearances replace worn components re test performance at duty conditions
15561,ROW_015561,BLR-136,boiler identifier annual statutory inspection internal and external inspection per local pressure vessel regulations drain boiler descale waterside surfaces inspect fireside tubes and refractory inspect safety valve pressure gauge and water level gauges prepare inspection report for regulatory authority,boiler identifier annual statutory inspection internal and external inspection per local pressure vessel regulations drain boiler descale waterside surfaces inspect fireside tubes and refractory inspect safety valve pressure gauge and water level gauges prepare inspection report for regulatory authority
15570,20098134,CV-020,belt conveyor identifier blocked chute material buildup causing belt overload trip clear chute blockage inspect chute liner wear replace worn liner plates investigate root cause of blockage adjust belt speed or chute geometry if required,belt conveyor identifier blocked chute material buildup causing belt overload trip clear chute blockage inspect chute liner wear replace worn liner plates investigate root cause of blockage adjust belt speed or chute geometry if required
15578,ROW_015578,UF-122,ultrafiltration unit identifier integrity test failure on module identifier hollow fibre breach detected isolate and replace failed membrane module perform post replacement integrity test with pressurised air decay method verify rejection and flux within specification,ultrafiltration unit identifier integrity test failure on module identifier hollow fibre breach detected isolate and replace failed membrane module perform post replacement integrity test with pressurised air decay method verify rejection and flux within specification
15597,20104103,EX-020,extruder identifier melt pressure high alarm at die head possible die blockage stop extruder remove die head clear blockage with rod and heat gun inspect die land for damage clean die with solvent reassemble verify melt pressure on restart,extruder identifier melt pressure high alarm at die head possible die blockage stop extruder remove die head clear blockage with rod and heat gun inspect die land for damage clean die with solvent reassemble verify melt pressure on restart
15602,20696171,P-633,centrifugal pump identifier high vibration alarm on drive end bearing amplitude identifier mm s rms exceeding trip setpoint isolate pump drain casing disassemble bearing housing replace drive end bearing identifier realign coupling to within identifier tir functional test at duty point,centrifugal pump identifier high vibration alarm on drive end bearing amplitude identifier mm s rms exceeding trip setpoint isolate pump drain casing disassemble bearing housing replace drive end bearing identifier realign coupling to within identifier tir functional test at duty point
15630,20180941,HX-035,heat exchanger identifier annual inspection tube bundle inspection gasket replacement and pressure test drain and open channel head inspect tube sheet and tubes using boroscope replace gaskets on both heads hydraulic pressure test reinstate and commission,heat exchanger identifier annual inspection tube bundle inspection gasket replacement and pressure test drain and open channel head inspect tube sheet and tubes using boroscope replace gaskets on both heads hydraulic pressure test reinstate and commission
15649,20047900,P-210,centrifugal pump identifier vibration trending upward over identifier days broadband velocity identifier mm s bearing defect frequency identified in spectrum vibration analysis confirms bearing fault replace drive end bearing proactively re baseline vibration signature after repair,centrifugal pump identifier vibration trending upward over identifier days broadband velocity identifier mm s bearing defect frequency identified in spectrum vibration analysis confirms bearing fault replace drive end bearing proactively re baseline vibration signature after repair
15661,20296964,K-058,compressor identifier high discharge temperature alarm discharge temp identifier degc exceeding trip setpoint inspect intercooler for fouling clean tube bundle check cooling water flow verify discharge valve seating retest at operating conditions,compressor identifier high discharge temperature alarm discharge temp identifier degc exceeding trip setpoint inspect intercooler for fouling clean tube bundle check cooling water flow verify discharge valve seating retest at operating conditions
15691,20466900,F-091,filter identifier scheduled cartridge replacement at identifier service hours replace filter cartridges at planned interval regardless of differential pressure inspect housing internals record cartridge condition on removal update filter log,filter identifier scheduled cartridge replacement at identifier service hours replace filter cartridges at planned interval regardless of differential pressure inspect housing internals record cartridge condition on removal update filter log
15714,20102312,TK-220,storage tank identifier annual calibrati n f ll level and temperature instruments calibrate all level transmitters against certified reference check temperature sensor accuracy verify high level alarm setpoints update calibration records,storage tank identifier annual calibrati n f ll level and temperature instruments calibrate all level transmitters against certified reference check temperature sensor accuracy verify high level alarm setpoints update calibration records
15767,20554924,K-016,compressor identifier low lube oil pressure alarm oil pressure identifier bar below minimum unit tripped drain and inspect lube oil system replace oil filter cartridges check oil pump relief valve refill with approved oil grade run up and verify pressure,compressor identifier low lube oil pressure alarm oil pressure identifier bar below minimum unit tripped drain and inspect lube oil system replace oil filter cartridges check oil pump relief valve refill with approved oil grade run up and verify pressure
15770,20298890,M-061,motor identifier vfd overcurrent fault drive tripped on identifier at identifier a check vfd parameters and fault log inspect motor terminal connections megger test windings check encoder feedback signal clear fault and trial run under reduced load,motor identifier vfd overcurrent fault drive tripped on identifier at identifier a check vfd parameters and fault log inspect motor terminal connections megger test windings check encoder feedback signal clear fault and trial run under reduced load
15779,20748964,P-443,centrifugal pump identifier motor current increasing trend current draw identifier a versus baseline identifier a possible internal wear insp t im ell r and wear rings f r rosion measure intern l l ran es r pla e worn components r test perform n e at duty conditions,centrifugal pump identifier motor current increasing trend current draw identifier a versus baseline identifier a possible internal wear insp t im ell r and wear rings f r rosion measure intern l l ran es r pla e worn components r test perform n e at duty conditions
15790,20040080,M-015,motor identifier annual motor inspection including terminal box and cooling fan check inspect terminal box for moisture ingress and loose connections clean cooling fins and fan guard check mounting bolts verify earthing continuity test run and measure current balance,motor identifier annual motor inspection including terminal box and cooling fan check inspect terminal box for moisture ingress and loose connections clean cooling fins and fan guard check mounting bolts verify earthing continuity test run and measure current balance
15839,20546376,M-109,motor identifier vfd overcurrent fault drive tripped on identifier at identifier a check vfd parameters and fault log inspect motor terminal connections megger test windings check encoder feedback signal clear fault and trial run under reduced load,motor identifier vfd overcurrent fault drive tripped on identifier at identifier a check vfd parameters and fault log inspect motor terminal connections megger test windings check encoder feedback signal clear fault and trial run under reduced load
15899,20451710,M-092,motor identifier six monthly insulation resistance test and bearing grease replenishment ir test all three phases and record grease drive end and non drive end bearings per lubrication schedule check terminal connections for heat damage document results,motor identifier six monthly insulation resistance test and bearing grease replenishment ir test all three phases and record grease drive end and non drive end bearings per lubrication schedule check terminal connections for heat damage document results
15930,20254126,P-449,centrifugal pump identifier low flow alarm active flow identifier identifier below minimum process requirement inspect impeller for wear and blockage remove any debris check wear ring clearance trim impeller if required verify system curve against pump curve,centrifugal pump identifier low flow alarm active flow identifier identifier below minimum process requirement inspect impeller for wear and blockage remove any debris check wear ring clearance trim impeller if required verify system curve against pump curve
15989,20506871,P-198,centrifugal pump identifier annual overhaul full disassembly wear measurement impeller and seal replacement full pump disassembly measure all wear components against tolerances replace impeller wear rings bearings and mechanical seal reassemble align and performance test,centrifugal pump identifier annual overhaul full disassembly wear measurement impeller and seal replacement full pump disassembly measure all wear components against tolerances replace impeller wear rings bearings and mechanical seal reassemble align and performance test
16011,20363468,TRB-069,steam turbine identifier overspeed trip activated at identifier rpm governor malfunction suspected inspect governor mechanism and overspeed trip actuator replace faulty governor valve test overspeed trip device at reduced speed set trip setpoint and retest sign off and return to service,steam turbine identifier overspeed trip activated at identifier rpm governor malfunction suspected inspect governor mechanism and overspeed trip actuator replace faulty governor valve test overspeed trip device at reduced speed set trip setpoint and retest sign off and return to service
16063,20289737,UF-055,ultrafiltration unit identifier annual module replacement based on service life replace all membrane modules at planned service life interval perform full integrity test on replacement modules rebaseline flux and establish new performance record,ultrafiltration unit identifier annual module replacement based on service life replace all membrane modules at planned service life interval perform full integrity test on replacement modules rebaseline flux and establish new performance record
16066,20146241,VP-128,vacuum pump identifier vacuum level low unable to reach target identifier mbar possible internal wear or seal failure check all system flanges for air ingress pressure test with nitrogen inspect pump internals for vane or rotor wear replace worn components verify vacuum level achieved,vacuum pump identifier vacuum level low unable to reach target identifier mbar possible internal wear or seal failure check all system flanges for air ingress pressure test with nitrogen inspect pump internals for vane or rotor wear replace worn components verify vacuum level achieved
16099,20029267,M-013,motor identifier six monthly insulation resistance test and bearing grease replenishment ir test all three phases and record grease drive end and non drive end bearings per lubrication schedule check terminal connections for heat damage document results,motor identifier six monthly insulation resistance test and bearing grease replenishment ir test all three phases and record grease drive end and non drive end bearings per lubrication schedule check terminal connections for heat damage document results
16177,20465371,K-189,compressor identifier lube oil analysis shows elevated iron particles identifier ppm bearing wear suspected inspect bearings and journal surfaces replace worn bearings flush and refill lube oil system repeat oil analysis after identifier hours runtime,compressor identifier lube oil analysis shows elevated iron particles identifier ppm bearing wear suspected inspect bearings and journal surfaces replace worn bearings flush and refill lube oil system repeat oil analysis after identifier hours runtime
16185,20078930,RLP-015,rotary lobe pump identifier annual overhaul including rotor and seal replacement full disassembly replace rotors if worn beyond tolerance replace all seals and o rings replace timing gears if backlash excessive reassemble and performance test,rotary lobe pump identifier annual overhaul including rotor and seal replacement full disassembly replace rotors if worn beyond tolerance replace all seals and o rings replace timing gears if backlash excessive reassemble and performance test
16212,20573025,AG-109,agitator identifier annual agitator and impeller inspection remove impeller inspect blades for erosion and corrosion measure blade thickness replace if below minimum thickness inspect shaft bearings reassemble,agitator identifier annual agitator and impeller inspection remove impeller inspect blades for erosion and corrosion measure blade thickness replace if below minimum thickness inspect shaft bearings reassemble
16218,20486904,K-193,compressor identifier high vibration trip nde bearing vibration identifier mm s peak replace nde bearing check shaft alignment inspect labyrinth seals rebalance rotor if indicated run up on no load and verify vibration levels,compressor identifier high vibration trip nde bearing vibration identifier mm s peak replace nde bearing check shaft alignment inspect labyrinth seals rebalance rotor if indicated run up on no load and verify vibration levels
16223,20748023,DOS-143,dosing pump identifier chemical tank low level alarm identifier level production impact if not replenished notify operations to arrange chemical delivery check dosing system isolation valves in correct position prime dosing head after tank fill verify dosing rate on restart,dosing pump identifier chemical tank low level alarm identifier level production impact if not replenished notify operations to arrange chemical delivery check dosing system isolation valves in correct position prime dosing head after tank fill verify dosing rate on restart
16284,20062208,VP-013,vacuum pump identifier vacuum level low unable to reach target identifier mbar possible internal wear or seal failure check all system flanges for air ingress pressure test with nitrogen inspect pump internals for vane or rotor wear replace worn components verify vacuum level achieved,vacuum pump identifier vacuum level low unable to reach target identifier mbar possible internal wear or seal failure check all system flanges for air ingress pressure test with nitrogen inspect pump internals for vane or rotor wear replace worn components verify vacuum level achieved
16307,20758753,HP-145,hydraulic press identifier hydraulic oil leak from cylinder rod seal estimated identifier l h depressurise hydraulic circuit fully replace cylinder rod seal and wiper ring inspect rod surface for scoring hone rod if minor scoring refill oil to correct level leak test at operating pressure,hydraulic press identifier hydraulic oil leak from cylinder rod seal estimated identifier l h depressurise hydraulic circuit fully replace cylinder rod seal and wiper ring inspect rod surface for scoring hone rod if minor scoring refill oil to correct level leak test at operating pressure
16350,20143844,HX-228,heat exchanger identifier tube leak detected cross contamination confirmed by conductivity ris on shell side pressure test tube bundle with nitrogen identify leaking tubes plug failed tubes or replace bundle hydrotest at identifier design pressure update mechanical integrity record,heat exchanger identifier tube leak detected cross contamination confirmed by conductivity ris on shell side pressure test tube bundle with nitrogen identify leaking tubes plug failed tubes or replace bundle hydrotest at identifier design pressure update mechanical integrity record
16426,20387666,BLR-075,boiler identifier high conductivity alarm boiler water tds identifier ppm above blowdown setpoint increase blowd wn fr quency ch ck dosing ump for chemical addition flush with fresh f dw ter v rify onductivity analyser c librati n,boiler identifier high conductivity alarm boiler water tds identifier ppm above blowdown setpoint increase blowd wn fr quency ch ck dosing ump for chemical addition flush with fresh f dw ter v rify onductivity analyser c librati n
16442,20105948,P-421,centrifugal pump identifier motor overload trip overcurrent detected phase a identifier a above flc megger test motor windings check vfd parameters inspect terminal connections for heat damage replace overload relay if tripped beyond reset,centrifugal pump identifier motor overload trip overcurrent detected phase a identifier a above flc megger test motor windings check vfd parameters inspect terminal connections for heat damage replace overload relay if tripped beyond reset
16448,20251080,M-055,motor identifier annual motor inspection including terminal box and cooling fan check inspect terminal box for moisture ingress and loose connections clean cooling fins and fan guard check mounting bolts verify earthing continuity test run and measure current balance,motor identifier annual motor inspection including terminal box and cooling fan check inspect terminal box for moisture ingress and loose connections clean cooling fins and fan guard check mounting bolts verify earthing continuity test run and measure current balance
16520,20312753,P-660,centrifugal pump identifier motor overload trip overcurrent detected phase a identifier a above flc megger test motor windings check vfd parameters inspect terminal connections for heat damage replace overload relay if tripped beyond reset,centrifugal pump identifier motor overload trip overcurrent detected phase a identifier a above flc megger test motor windings check vfd parameters inspect terminal connections for heat damage replace overload relay if tripped beyond reset
16524,20761728,M-148,motor identifier six monthly insulation resistance test and bearing grease replenishment ir test all three phases and record grease drive end and non drive end bearings per lubrication schedule check terminal connections for heat damage document results,motor identifier six monthly insulation resistance test and bearing grease replenishment ir test all three phases and record grease drive end and non drive end bearings per lubrication schedule check terminal connections for heat damage document results
16585,20189618,RLP-036,rotary lobe pump identifier seal failure product leakage at front seal drain pump remove front cover replace mechanical seal complete assembly inspect rotor faces and housing bore for scoring reassemble pressure test before returning to service,rotary lobe pump identifier seal failure product leakage at front seal drain pump remove front cover replace mechanical seal complete assembly inspect rotor faces and housing bore for scoring reassemble pressure test before returning to service
16608,20075287,K-115,compressor identifier high discharge temperature alarm discharge temp identifier degc exceeding trip setpoint inspect intercooler for fouling clean tube bundle check cooling water flow verify discharge valve seating retest at operating conditions,compressor identifier high discharge temperature alarm discharge temp identifier degc exceeding trip setpoint inspect intercooler for fouling clean tube bundle check cooling water flow verify discharge valve seating retest at operating conditions
16609,20268308,DRY-051,dryer identifier annual vessel inspection and filter sock replacement,dryer identifier annual vessel inspection and filter sock replacement
16668,20022073,K-205,compressor identifier high discharge temperature alarm discharge temp identifier degc exceeding trip setpoint inspect intercooler for fouling clean tube bundle check cooling water flow verify discharge valve seating retest at operating conditions,compressor identifier high discharge temperature alarm discharge temp identifier degc exceeding trip setpoint inspect intercooler for fouling clean tube bundle check cooling water flow verify discharge valve seating retest at operating conditions
16711,20023618,F-007,filter identifier quarterly filter housing inspection and o ring check,filter identifier quarterly filter housing inspection and o ring check
16715,20737363,RLP-140,rotary lobe pump identifier annual overhaul including rotor and seal replacement full disassembly replace rotors if worn beyond tolerance replace all seals and o rings replace timing gears if backlash excessive reassemble and performance test,rotary lobe pump identifier annual overhaul including rotor and seal replacement full disassembly replace rotors if worn beyond tolerance replace all seals and o rings replace timing gears if backlash excessive reassemble and performance test
16758,20530590,CV-201,belt conveyor identifier drive pulley lagging worn belt slipping under load isolate conveyor remove drive pulley lagging clean pulley surface apply new ceramic lagging using approved adhesive cure before return to service verify belt tension,belt conveyor identifier drive pulley lagging worn belt slipping under load isolate conveyor remove drive pulley lagging clean pulley surface apply new ceramic lagging using approved adhesive cure before return to service verify belt tension
16811,20493390,EV-095,evaporator identifier six monthly vacuum pump service and oil change drain vacuum pump oil inspect pump internals for wear replace shaft seal refill with correct oil grade run up and verify vacuum level achieved,evaporator identifier six monthly vacuum pump service and oil change drain vacuum pump oil inspect pump internals for wear replace shaft seal refill with correct oil grade run up and verify vacuum level achieved
16822,20110665,P-123,centrifugal pump identifier bearing temperature high alarm drive end temperature identifier degc above baseline remove bearing housing end cover measure bearing clearance replace worn bearing re grease per lubrication schedule monitor temperature for identifier hours post start,centrifugal pump identifier bearing temperature high alarm drive end temperature identifier degc above baseline remove bearing housing end cover measure bearing clearance replace worn bearing re grease per lubrication schedule monitor temperature for identifier hours post start
16850,20168810,RLP-132,rotary lobe pump identifier seal failure product leakage at front seal drain pump remove front cover replace mechanical seal complete assembly inspect rotor faces and housing bore for scoring reassemble pressure test before returning to service,rotary lobe pump identifier seal failure product leakage at front seal drain pump remove front cover replace mechanical seal complete assembly inspect rotor faces and housing bore for scoring reassemble pressure test before returning to service
16969,20276594,TK-056,storage tank identifier api identifier internal inspection floor shell and roof condition assessment drain and gas free tank internal inspection per api identifier measure floor plate thickness using ut inspect shell for corrosion check annular plates write inspection report,storage tank identifier api identifier internal inspection floor shell and roof condition assessment drain and gas free tank internal inspection per api identifier measure floor plate thickness using ut inspect shell for corrosion check annular plates write inspection report
16991,20623486,R-121,reactor identifier agitator drive fault alarm motor current identifier a spike then trip inspect agitator gearbox for damage check mechanical seal on agitator shaft replace failed seal assembly verify torque at rated speed,reactor identifier agitator drive fault alarm motor current identifier a spike then trip inspect agitator gearbox for damage check mechanical seal on agitator shaft replace failed seal assembly verify torque at rated speed
17017,20229185,BLR-144,boiler identifier safety valve lifting at identifier bar below set pressure seat leakage suspected isolate safety valve remove and send to certified workshop for testing reconditioning and recertification fit inspected spare valve update safety valve register,boiler identifier safety valve lifting at identifier bar below set pressure seat leakage suspected isolate safety valve remove and send to certified workshop for testing reconditioning and recertification fit inspected spare valve update safety valve register
17036,20738219,P-243,centrifugal pump identifier motor current increasing trend current draw identifier a versus baseline identifier a possible internal wear inspect impeller and wear rings for erosion measure internal clearances replace worn components re test performance at duty conditions,centrifugal pump identifier motor current increasing trend current draw identifier a versus baseline identifier a possible internal wear inspect impeller and wear rings for erosion measure internal clearances replace worn components re test performance at duty conditions
17044,20317791,P-361,centrifugal pump identifier vibration trending upward over identifier days broadband velocity identifier mm s bearing defect frequency identified in spectrum vibration analysis confirms bearing fault replace drive end bearing proactively re baseline vibration signature after repair,centrifugal pump identifier vibration trending upward over identifier days broadband velocity identifier mm s bearing defect frequency identified in spectrum vibration analysis confirms bearing fault replace drive end bearing proactively re baseline vibration signature after repair
17062,20569814,P-210,centrifugal pump identifier six monthly planned maintenance bearing inspection mechanical seal check and coupling alignment verification inspect bearing condition and clearances replenish grease per lubrication schedule castrol tribol identifier check coupling alignment verify seal flush flow rate update maintenance record,centrifugal pump identifier six monthly planned maintenance bearing inspection mechanical seal check and coupling alignment verification inspect bearing condition and clearances replenish grease per lubrication schedule castrol tribol identifier check coupling alignment verify seal flush flow rate update maintenance record
17110,20270023,P-353,centrifugal pump identifier high vibration alarm on drive end bearing amplitude identifier mm s rms exceeding trip setpoint isolate pump drain casing disassemble bearing housing replace drive end bearing identifier realign coupling to within identifier tir functional test at duty point,centrifugal pump identifier high vibration alarm on drive end bearing amplitude identifier mm s rms exceeding trip setpoint isolate pump drain casing disassemble bearing housing replace drive end bearing identifier realign coupling to within identifier tir functional test at duty point
17121,20660012,R-127,reactor identifier annual shutdown inspection internal inspection instrument calibration and gasket replacement open reactor manways internal visual inspection for corrosion and erosion replace all manway gaskets calibrate all critical instruments update mechanical integrity record,reactor identifier annual shutdown inspection internal inspection instrument calibration and gasket replacement open reactor manways internal visual inspection for corrosion and erosion replace all manway gaskets calibrate all critical instruments update mechanical integrity record
17139,ROW_017139,K-083,compressor identifier high discharge temperature alarm discharge temp identifier degc exceeding trip setpoint inspect intercooler for fouling clean tube bundle check cooling water flow verify discharge valve seating retest at operating conditions,compressor identifier high discharge temperature alarm discharge temp identifier degc exceeding trip setpoint inspect intercooler for fouling clean tube bundle check cooling water flow verify discharge valve seating retest at operating conditions
17151,20069110,P-116,centrifugal pump identifier high vibration alarm on drive end bearing amplitude identifier mm s rms exceeding trip setpoint isolate pump drain casing disassemble bearing housing replace drive end bearing identifier realign coupling to within identifier tir functional test at duty point,centrifugal pump identifier high vibration alarm on drive end bearing amplitude identifier mm s rms exceeding trip setpoint isolate pump drain casing disassemble bearing housing replace drive end bearing identifier realign coupling to within identifier tir functional test at duty point
17170,20556869,M-107,motor identifier insulation resistance failure megger test identifier mohm below minimum identifier mohm winding degradation,motor identifier insulation resistance failure megger test identifier mohm below minimum identifier mohm winding degradation
17204,20179035,FM-035,fermentor identifier annual vessel inspection agitator overhaul and instrument calibration,fermentor identifier annual vessel inspection agitator overhaul and instrument calibration
17244,ROW_017244,P-132,centrifugal pump identifier cavitating intermittently suction pressure identifier bar below minimum npsh required check suction strainer differential pressure clean strainer basket verify suction vessel level adjust operating point to restore positive npsh,centrifugal pump identifier cavitating intermittently suction pressure identifier bar below minimum npsh required check suction strainer differential pressure clean strainer basket verify suction vessel level adjust operating point to restore positive npsh
17266,20131240,RLP-026,rotary lobe pump identifier annual overhaul including rotor and seal replacement full disassembly replace rotors if worn beyond tolerance replace all seals and o rings replace timing gears if backlash excessive reassemble and performance test,rotary lobe pump identifier annual overhaul including rotor and seal replacement full disassembly replace rotors if worn beyond tolerance replace all seals and o rings replace timing gears if backlash excessive reassemble and performance test
17281,20531212,VP-102,vacuum pump identifier annual internal inspection and vane replacement disassemble pump body measure vane wear replace vanes if worn beyond tolerance inspect rotor and stator for scoring reassemble and test at rated vacuum level,vacuum pump identifier annual internal inspection and vane replacement disassemble pump body measure vane wear replace vanes if worn beyond tolerance inspect rotor and stator for scoring reassemble and test at rated vacuum level
17294,20749532,K-145,disassemble suction and discharge valve assemblies replace valve plates and springs change lube oil and filters check coupling and alignment performance test,disassemble suction and discharge valve assemblies replace valve plates and springs change lube oil and filters check coupling and alignment performance test
17328,20239238,DC-047,distill tion column identifier pl nned turn round tray inspe ti n and cleaning full internal inspection of all trays record tray conditions replace damaged tray panels clean downcomers and sumps inspect column internals for corrosion,distill tion column identifier pl nned turn round tray inspe ti n and cleaning full internal inspection of all trays record tray conditions replace damaged tray panels clean downcomers and sumps inspect column internals for corrosion
17387,20584624,FM-112,fermentor identifier agitator current trending up identifier over identifier days impeller fouling or seal wear suspected after batch completion inspect agitator shaft seal assembly check impeller blade wear and fouling measure shaft runout replace lip seals clean impeller re measure current baseline,fermentor identifier agitator current trending up identifier over identifier days impeller fouling or seal wear suspected after batch completion inspect agitator shaft seal assembly check impeller blade wear and fouling measure shaft runout replace lip seals clean impeller re measure current baseline
17391,20358176,TRB-068,steam turbine identifier overspeed trip activated at identifier rpm governor malfunction suspected inspect governor mechanism and overspeed trip actuator replace faulty governor valve test overspeed trip device at reduced speed set trip setpoint and retest sign off and return to service,steam turbine identifier overspeed trip activated at identifier rpm governor malfunction suspected inspect governor mechanism and overspeed trip actuator replace faulty governor valve test overspeed trip device at reduced speed set trip setpoint and retest sign off and return to service
17450,20719166,F-137,filter identifier differential pressure high high alarm dp identifier bar cartridges blocked production stopped isolate filter drain housing remove and replace all identifier filter cartridges with grade identifier micron inspect housing for damage reassemble and pressure test,filter identifier differential pressure high high alarm dp identifier bar cartridges blocked production stopped isolate filter drain housing remove and replace all identifier filter cartridges with grade identifier micron inspect housing for damage reassemble and pressure test
17500,20201031,P-340,centrifugal pump identifier six monthly planned maintenance bearing inspection mechanical seal check and coupling alignment verification inspect bearing condition and clearances replenish grease per lubrication schedule mobil shc identifier check coupling alignment verify seal flush flow rate update maintenance record,centrifugal pump identifier six monthly planned maintenance bearing inspection mechanical seal check and coupling alignment verification inspect bearing condition and clearances replenish grease per lubrication schedule mobil shc identifier check coupling alignment verify seal flush flow rate update maintenance record
17522,20210653,RLP-041,rotary lobe pump identifier lobe contactn oise timing gear wear suspected pressure pulsation elevated is late ump dr in roduct inspe t timing g ars for backlash and tooth wear replace timing ge r set if worn beyond t ler nc realign r t r timing test for ontact nois,rotary lobe pump identifier lobe contactn oise timing gear wear suspected pressure pulsation elevated is late ump dr in roduct inspe t timing g ars for backlash and tooth wear replace timing ge r set if worn beyond t ler nc realign r t r timing test for ontact nois
17614,20316103,SEP-060,separator identifier liquid dump valve failing to open liquid accumulation in vessel isolate dump valve remove actuator inspect valve body for erosion and debris replace seat and trim actuator service stroke test under pressure verify automatic control,separator identifier liquid dump valve failing to open liquid accumulation in vessel isolate dump valve remove actuator inspect valve body for erosion and debris replace seat and trim actuator service stroke test under pressure verify automatic control
17617,20337918,FCC-064,fluid catalytic cracker identifier planned turnaround regenerator and reactor internal inspection full turnaround inspection of regenerator cyclones reactor riser and stripper internals replace worn refractory inspect all slide valves replace catalyst addition and withdrawal systems,fluid catalytic cracker identifier planned turnaround regenerator and reactor internal inspection full turnaround inspection of regenerator cyclones reactor riser and stripper internals replace worn refractory inspect all slide valves replace catalyst addition and withdrawal systems
17633,20562182,M-112,motor identifier annual motor inspection including terminal box and cooling fan check inspect terminal box for moisture ingress and loose connections clean cooling fins and fan guard check mounting bolts verify earthing continuity test run and measure current balance,motor identifier annual motor inspection including terminal box and cooling fan check inspect terminal box for moisture ingress and loose connections clean cooling fins and fan guard check mounting bolts verify earthing continuity test run and measure current balance
17640,20265795,R-151,reactor identifier quarterly agitator mechanical seal and gearbox oil service drain gearbox replace oil with approved grade inspect mechanical seal faces for wear replace seal if face wear exceeds tolerance check impeller clearance,reactor identifier quarterly agitator mechanical seal and gearbox oil service drain gearbox replace oil with approved grade inspect mechanical seal faces for wear replace seal if face wear exceeds tolerance check impeller clearance
17740,20735972,AG-141,agitator identifier annual agitator and impeller inspection remove impeller inspect blades for erosion and corrosion measure blade thickness replace if below minimum thickness inspect shaft bearings reassemble,agitator identifier annual agitator and impeller inspection remove impeller inspect blades for erosion and corrosion measure blade thickness replace if below minimum thickness inspect shaft bearings reassemble
17852,20454721,P-587,centrifugal pump identifier annual overhaul full disassembly wear measurement impeller and seal replacement full pump disassembly measure all wear components against tolerances replace impeller wear rings bearings and mechanical seal reassemble align and performance test,centrifugal pump identifier annual overhaul full disassembly wear measurement impeller and seal replacement full pump disassembly measure all wear components against tolerances replace impeller wear rings bearings and mechanical seal reassemble align and performance test
17866,20579755,GS-111,gas scrubber identifier high differential pressure alarm identifier mbar packing section flooding suspected reduce gas flow rate to resolve flooding inspect liquid distribution nozzles for blockage clean packing verify liquid to gas ratio within design envelope investigate cause of flooding,gas scrubber identifier high differential pressure alarm identifier mbar packing section flooding suspected reduce gas flow rate to resolve flooding inspect liquid distribution nozzles for blockage clean packing verify liquid to gas ratio within design envelope investigate cause of flooding
17869,20069156,P-116,centrifugal pump identifier quarterly lubrication service bearing grease replenishment and vibration baseline measurement grease drive end and non drive end bearings measure and record vibration signature check motor current at duty point inspect coupling spider for wear,centrifugal pump identifier quarterly lubrication service bearing grease replenishment and vibration baseline measurement grease drive end and non drive end bearings measure and record vibration signature check motor current at duty point inspect coupling spider for wear
18072,20018980,AG-005,agitator identifier mechanical seal failure product leakage at shaft gland area isolate vessel remove agitator shaft replace mechanical seal complete assembly inspect shaft for scoring reinstall pressure test seal chamber monitor seal flush post start,agitator identifier mechanical seal failure product leakage at shaft gland area isolate vessel remove agitator shaft replace mechanical seal complete assembly inspect shaft for scoring reinstall pressure test seal chamber monitor seal flush post start
18103,20664087,P-327,centrifugal pump identifier bearing temperature high alarm drive end temperature identifier degc above baseline remove bearing housing end cover measure bearing clearance replace worn bearing re grease per lubrication schedule monitor temperature for identifier hours post start,centrifugal pump identifier bearing temperature high alarm drive end temperature identifier degc above baseline remove bearing housing end cover measure bearing clearance replace worn bearing re grease per lubrication schedule monitor temperature for identifier hours post start
18149,20408510,TK-080,storage tank identifier api identifier internal inspection floor shell and roof condition assessment drain and gas free tank internal inspection per api identifier measure floor plate thickness using ut inspect shell for corrosion check annular plates write inspection report,storage tank identifier api identifier internal inspection floor shell and roof condition assessment drain and gas free tank internal inspection per api identifier measure floor plate thickness using ut inspect shell for corrosion check annular plates write inspection report
18157,20560167,K-107,compressor identifier high vibration trip nde bearing vibration identifier mm s peak replace nde bearing check shaft alignment inspect labyrinth seals rebalance rotor if indicated run up on no load and verify vibration levels,compressor identifier high vibration trip nde bearing vibration identifier mm s peak replace nde bearing check shaft alignment inspect labyrinth seals rebalance rotor if indicated run up on no load and verify vibration levels
18185,20759140,P-345,centrifugal pump identifier bearing temperature high alarm drive end temperature identifier degc above baseline remove bearing housing end cover measure bearing clearance replace worn bearing re grease per lubrication schedule monitor temperature for identifier hours post start,centrifugal pump identifier bearing temperature high alarm drive end temperature identifier degc above baseline remove bearing housing end cover measure bearing clearance replace worn bearing re grease per lubrication schedule monitor temperature for identifier hours post start
18189,20256526,M-056,motor identifier annual motor inspection including terminal box and cooling fan check inspect terminal box for moisture ingress and loose connections clean cooling fins and fan guard check mounting bolts verify earthing continuity test run and measure current balance,motor identifier annual motor inspection including terminal box and cooling fan check inspect terminal box for moisture ingress and loose connections clean cooling fins and fan guard check mounting bolts verify earthing continuity test run and measure current balance
18205,20216036,DOS-042,dosing pump identifier chemical tank low level alarm identifier level production impact if not replenished notify operations to arrange chemical delivery check dosing system isolation valves in correct position prime dosing head after tank fill verify dosing rate on restart,dosing pump identifier chemical tank low level alarm identifier level production impact if not replenished notify operations to arrange chemical delivery check dosing system isolation valves in correct position prime dosing head after tank fill verify dosing rate on restart
18210,20349134,P-169,centrifugal pump identifier mechanical seal failure product leakage observed at gland area estimated identifier l h replace complete mechanical seal cartridge flush seal chamber pressure test at identifier bar return to service and monitor seal flush flow,centrifugal pump identifier mechanical seal failure product leakage observed at gland area estimated identifier l h replace complete mechanical seal cartridge flush seal chamber pressure test at identifier bar return to service and monitor seal flush flow
18222,20392225,R-076,reactor identifier jacket leak confirmed pressure decay test failed on zone identifier at identifier bar identify leak location on jacket weld seam using nitrogen pressure test weld repair by certified welder post weld heat treat if required retest at identifier design pressure,reactor identifier jacket leak confirmed pressure decay test failed on zone identifier at identifier bar identify leak location on jacket weld seam using nitrogen pressure test weld repair by certified welder post weld heat treat if required retest at identifier design pressure
18297,20632526,P-223,centrifugal pump identifier vibration trending upward over identifier days broadband velocity identifier mm s bearing defect frequency identified in spectrum vibration analysis confirms bearing fault replace drive end bearing proactively re baseline vibration signature after repair,centrifugal pump identifier vibration trending upward over identifier days broadband velocity identifier mm s bearing defect frequency identified in spectrum vibration analysis confirms bearing fault replace drive end bearing proactively re baseline vibration signature after repair
18313,20012748,CF-004,centrifuge identifier basket imbalance vibration trip vibration identifier mm s peak product batch loss balance basket assembly inspect screen for damage and blockage remove debris perform dynamic balance test trial run at identifier then identifier speed verify vibration within limits,centrifuge identifier basket imbalance vibration trip vibration identifier mm s peak product batch loss balance basket assembly inspect screen for damage and blockage remove debris perform dynamic balance test trial run at identifier then identifier speed verify vibration within limits
18316,20700160,RLP-134,rotary lobe pump identifier six monthly lobe inspection gearbox oil change and sealcheck drain gearbox replace oil inspect lobes for wear and damage check rotor tip clearances against tolerance replace front seals as preventive measure document lobe condition,rotary lobe pump identifier six monthly lobe inspection gearbox oil change and sealcheck drain gearbox replace oil inspect lobes for wear and damage check rotor tip clearances against tolerance replace front seals as preventive measure document lobe condition
18333,20377318,BLR-073,boiler identifier feedwater pump failure loss of boiler feed emergency shutdown initiated start standby feedwater pump investigate duty pump failure replace mechanical seal and bearings on duty pump test duty pump before returning to service,boiler identifier feedwater pump failure loss of boiler feed emergency shutdown initiated start standby feedwater pump investigate duty pump failure replace mechanical seal and bearings on duty pump test duty pump before returning to service
18337,20259341,P-350,centrifugal pump identifier motor current increasing trend current draw identifier a versus baseline identifier a possible internal wear inspect impeller and wear rings for erosion measure internal clearances replace worn components re test performance at duty conditions,centrifugal pump identifier motor current increasing trend current draw identifier a versus baseline identifier a possible internal wear inspect impeller and wear rings for erosion measure internal clearances replace worn components re test performance at duty conditions
18482,20118649,M-025,motor identifier annual motor inspection including terminal box and cooling fan check inspect terminal box for moisture ingress and loose connections clean cooling fins and fan guard check mounting bolts verify earthing continuity test run and measure current balance,motor identifier annual motor inspection including terminal box and cooling fan check inspect terminal box for moisture ingress and loose connections clean cooling fins and fan guard check mounting bolts verify earthing continuity test run and measure current balance
18534,20643281,P-323,centrifugal pump identifier motor current increasing trend current draw identifier a versus baseline identifier a possible internal wear inspect impeller and wear rings for erosion measure internal clearances replace worn components re test performance at duty conditions,centrifugal pump identifier motor current increasing trend current draw identifier a versus baseline identifier a possible internal wear inspect impeller and wear rings for erosion measure internal clearances replace worn components re test performance at duty conditions
18557,20249154,K-050,compressor identifier high vibration trip nde bearing vibration identifier mm s peak replace nde bearing check shaft alignment inspect labyrinth seals rebalance rotor if indicated run up on no load and verify vibration levels,compressor identifier high vibration trip nde bearing vibration identifier mm s peak replace nde bearing check shaft alignment inspect labyrinth seals rebalance rotor if indicated run up on no load and verify vibration levels
18558,20214353,CV-042,belt conveyor identifier drive pulley lagging worn belt slipping under load isolate conveyor remove drive pulley lagging clean pulley surface apply new ceramic lagging using approved adhesive cure before return to service verify belt tension,belt conveyor identifier drive pulley lagging worn belt slipping under load isolate conveyor remove drive pulley lagging clean pulley surface apply new ceramic lagging using approved adhesive cure before return to service verify belt tension
18574,20370021,P-173,centrifugal pump identifier high vibration alarm on drive end bearing amplitude identifier mm s rms exceeding trip setpoint isolate pump drain casing disassemble bearing housing replace drive end bearing identifier realign coupling to within identifier tir functional test at duty point,centrifugal pump identifier high vibration alarm on drive end bearing amplitude identifier mm s rms exceeding trip setpoint isolate pump drain casing disassemble bearing housing replace drive end bearing identifier realign coupling to within identifier tir functional test at duty point
18579,20071863,M-018,motor identifier six monthly insulation resistance test and bearing grease replenishment ir test all three phases and record grease drive end and non drive end bearings per lubrication schedule check terminal connections for heat damage document results,motor identifier six monthly insulation resistance test and bearing grease replenishment ir test all three phases and record grease drive end and non drive end bearings per lubrication schedule check terminal connections for heat damage document results
18656,20275061,P-254,centrifugal pump identifier motor overload trip overcurrent detected phase a identifier a above flc megger test motor windings check vfd parameters inspect terminal connections for heat damage replace overload relay if tripped beyond reset,centrifugal pump identifier motor overload trip overcurrent detected phase a identifier a above flc megger test motor windings check vfd parameters inspect terminal connections for heat damage replace overload relay if tripped beyond reset
18658,20230582,GB-045,gearbox identifier oil leak from output shaft seal identifier l h estimated loss rate drain oil remove output shaft seal retainer replace lip seal and o ring inspect shaft journal surface for scoring reinstall refill and check for leakage at operating pressure,gearbox identifier oil leak from output shaft seal identifier l h estimated loss rate drain oil remove output shaft seal retainer replace lip seal and o ring inspect shaft journal surface for scoring reinstall refill and check for leakage at operating pressure
18738,20269781,P-252,centrifugal pump identifier motor overload trip overcurrent detected phase a identifier a above flc megger test motor windings check vfd parameters inspect terminal connections for heat damage replace overload relay if tripped beyond reset,centrifugal pump identifier motor overload trip overcurrent detected phase a identifier a above flc megger test motor windings check vfd parameters inspect terminal connections for heat damage replace overload relay if tripped beyond reset
18745,20569866,P-211,centrifugal pump identifier cavitating intermittently suction pressure identifier bar below minimum npsh required check suction strainer differential pressure clean strainer basket verify suction vessel level adjust operating point to restore positive npsh,centrifugal pump identifier cavitating intermittently suction pressure identifier bar below minimum npsh required check suction strainer differential pressure clean strainer basket verify suction vessel level adjust operating point to restore positive npsh
18766,20455670,DC-088,distillation column identifier reboiler steam control valve cv failure valve stuck at identifier open isolate control valve remove actuator and positioner disassemble valve body inspect seat and plug for erosion replace trim if worn calibrate positioner and stroke test,distillation column identifier reboiler steam control valve cv failure valve stuck at identifier open isolate control valve remove actuator and positioner disassemble valve body inspect seat and plug for erosion replace trim if worn calibrate positioner and stroke test
18768,20307025,P-260,centrifugal pump identifier motor overload trip overcurrent detected phase a identifier a above flc megger test motor windings check vfd parameters inspect terminal connections for heat damage replace overload relay if tripped beyond reset,centrifugal pump identifier motor overload trip overcurrent detected phase a identifier a above flc megger test motor windings check vfd parameters inspect terminal connections for heat damage replace overload relay if tripped beyond reset
18771,20452040,AG-087,agitator identifier mechanical seal failure product leakage at shaft gland area isolate vessel remove agitator shaft replace mechanical seal complete assembly inspect shaft for scoring reinstall pressure test seal chamber monitor seal flush post start,agitator identifier mechanical seal failure product leakage at shaft gland area isolate vessel remove agitator shaft replace mechanical seal complete assembly inspect shaft for scoring reinstall pressure test seal chamber monitor seal flush post start
18777,20086616,TK-021,storage tank identifier roof drain blockage causing water ingress to product clear roof drain blockage inspect drain seal condition replace corroded drain fitting verify drain flow rate post repair,storage tank identifier roof drain blockage causing water ingress to product clear roof drain blockage inspect drain seal condition replace corroded drain fitting verify drain flow rate post repair
18835,20018155,EV-104,drain vacuum pump oil inspect pump internals for wear replace shaft seal refill with correct oil grade run up and verify vacuum level achieved,drain vacuum pump oil inspect pump internals for wear replace shaft seal refill with correct oil grade run up and verify vacuum level achieved
18844,20700239,DOS-133,dosing pump identifier annual calibration and flow verification calibrate dosing pump using certified flow measurement method verify actual versus setpoint flow across operating range adjust if outside tolerance document calibration results,dosing pump identifier annual calibration and flow verification calibrate dosing pump using certified flow measurement method verify actual versus setpoint flow across operating range adjust if outside tolerance document calibration results
18854,20052610,DP-011,diaphragm pump identifier diaphragm rupture process fluid detected in air exhaust isolate pump drain product side replace both diaphragms as a set inspect valve balls and seats reassemble test at low pressure before full service monitor exhaust for leakage,diaphragm pump identifier diaphragm rupture process fluid detected in air exhaust isolate pump drain product side replace both diaphragms as a set inspect valve balls and seats reassemble test at low pressure before full service monitor exhaust for leakage
18880,20242202,RLP-047,rotary lobe pump identifier seal failure product leakage at front seal drain pump remove front cover replace mechanical seal complete assembly inspect rotor faces and housing bore for scoring reassemble pressure test before returning to service,rotary lobe pump identifier seal failure product leakage at front seal drain pump remove front cover replace mechanical seal complete assembly inspect rotor faces and housing bore for scoring reassemble pressure test before returning to service
19009,20352950,SEP-067,separator identifier liquid dump valve failing to open liquid accumulation in vessel isolate dump valve remove actuator inspect valve body for erosion and debris replace seat and trim actuator service stroke test under pressure verify automatic control,separator identifier liquid dump valve failing to open liquid accumulation in vessel isolate dump valve remove actuator inspect valve body for erosion and debris replace seat and trim actuator service stroke test under pressure verify automatic control
19046,20478643,HV-291,hvac unit identifier hepa filter differential pressure high high alarm dp identifier pa cleanroom qualification at risk isolate hvac unit replace hepa filter cassette seal integrity test with particle counter verify room pressure recovery document in gxp qualification record,hvac unit identifier hepa filter differential pressure high high alarm dp identifier pa cleanroom qualification at risk isolate hvac unit replace hepa filter cassette seal integrity test with particle counter verify room pressure recovery document in gxp qualification record
19053,20505391,EX-097,extruder identifier six monthly gearbox oil change and thrust bearing inspection drain gearbox replace oil inspect thrust bearing for wear and preload replace if necessary check coupling and alignment refill gearbox and verify oil temperature on run up,extruder identifier six monthly gearbox oil change and thrust bearing inspection drain gearbox replace oil inspect thrust bearing for wear and preload replace if necessary check coupling and alignment refill gearbox and verify oil temperature on run up
19071,20432808,DOS-084,dosing pump identifier chemical tank low level alarm identifier level production impact if not replenished notify operations to arrange chemical delivery check dosing system isolation valves in correct position prime dosing head after tank fill verify dosing rate on restart,dosing pump identifier chemical tank low level alarm identifier level production impact if not replenished notify operations to arrange chemical delivery check dosing system isolation valves in correct position prime dosing head after tank fill verify dosing rate on restart
19123,20392889,BLR-076,boiler identifier six monthly burner s rvi e and combustion ffi iency test service burner clean fuel nozzles check igniter electrode gap calibrate combustion analyser run combustion efficiency test adjust air fuel ratio for optimum efficiency,boiler identifier six monthly burner s rvi e and combustion ffi iency test service burner clean fuel nozzles check igniter electrode gap calibrate combustion analyser run combustion efficiency test adjust air fuel ratio for optimum efficiency
19127,20370175,P-271,centrifugal pump identifier low flow alarm active flow identifier identifier below minimum process requirement inspect impeller for wear and blockage remove any debris check wear ring clearance trim impeller if required verify system curve against pump curve,centrifugal pump identifier low flow alarm active flow identifier identifier below minimum process requirement inspect impeller for wear and blockage remove any debris check wear ring clearance trim impeller if required verify system curve against pump curve
19131,20153174,P-131,centrifugal pump identifier cavitating intermittently suction pressure identifier bar below minimum npsh required check suction strainer differential pressure clean strainer basket verify suction vessel level adjust operating point to restore positive npsh,centrifugal pump identifier cavitating intermittently suction pressure identifier bar below minimum npsh required check suction strainer differential pressure clean strainer basket verify suction vessel level adjust operating point to restore positive npsh
19138,20216161,DP-042,diaphragm pump identifier six monthly air supply inspection and pump wet end service inspect air supply filter and regulator drain water from air filter bowl check pump stroke rate and flow rate inspect wet end components for corrosion or erosion,diaphragm pump identifier six monthly air supply inspection and pump wet end service inspect air supply filter and regulator drain water from air filter bowl check pump stroke rate and flow rate inspect wet end components for corrosion or erosion
19144,20211529,P-241,centrifugal pump identifier bearing temperature high alarm drive end temperature identifier degc above baseline remove bearing housing end cover measure bearing clearance replace worn bearing re grease per lubrication schedule monitor temperature for identifier hours post start,centrifugal pump identifier bearing temperature high alarm drive end temperature identifier degc above baseline remove bearing housing end cover measure bearing clearance replace worn bearing re grease per lubrication schedule monitor temperature for identifier hours post start
19147,20407011,P-279,centrifugal pump identifier cavitating intermittently suction pressure identifier bar below minimum npsh required check suction strainer differential pressure clean strainer basket verify suction vessel level adjust operating point to restore positive npsh,centrifugal pump identifier cavitating intermittently suction pressure identifier bar below minimum npsh required check suction strainer differential pressure clean strainer basket verify suction vessel level adjust operating point to restore positive npsh
19153,20592082,HX-313,heat exchanger identifier six monthly fouling inspection based on duty criticality measure differential pressure and calculate fouling factor if above threshold clean tube bundle inspect sacrificial anodes document condition in rbi record,heat exchanger identifier six monthly fouling inspection based on duty criticality measure differential pressure and calculate fouling factor if above threshold clean tube bundle inspect sacrificial anodes document condition in rbi record
19159,20296919,K-057,compressor identifier high discharge temperature alarm discharge temp identifier degc exceeding trip setpoint inspect intercooler for fouling clean tube bundle check cooling water flow verify discharge valve seating retest at operating conditions,compressor identifier high discharge temperature alarm discharge temp identifier degc exceeding trip setpoint inspect intercooler for fouling clean tube bundle check cooling water flow verify discharge valve seating retest at operating conditions
19170,20737248,FM-140,fermentor identifier six monthly mechanical seal and ph probe service replace agitator mechanical seal clean ph probe and calibrate with fresh buffer solutions replace do membrane cap verify all alarm setpoints update gxp calibration records,fermentor identifier six monthly mechanical seal and ph probe service replace agitator mechanical seal clean ph probe and calibrate with fresh buffer solutions replace do membrane cap verify all alarm setpoints update gxp calibration records
19195,20721913,HP-137,hydraulic press identifier annual hydraulic oil change and cylinder inspection drain and replace hydraulic oil replace suction and return filters inspect cylinder rods and seals check all hydraulic hoses for condition verify accumulator precharge pressure,hydraulic press identifier annual hydraulic oil change and cylinder inspection drain and replace hydraulic oil replace suction and return filters inspect cylinder rods and seals check all hydraulic hoses for condition verify accumulator precharge pressure
19247,20676459,BLR-129,boiler identifier six monthly burner service and combustion efficiency test service burner clean fuel nozzles check igniter electrode gap calibrate combustion analyser run combustion efficiency test adjust air fuel ratio for optimum efficiency,boiler identifier six monthly burner service and combustion efficiency test service burner clean fuel nozzles check igniter electrode gap calibrate combustion analyser run combustion efficiency test adjust air fuel ratio for optimum efficiency
19279,20530712,AG-102,agitator identifier six monthly gearbox oil change and seal inspection drain gearbox oil replace with approved grade inspect mechanical seal faces replace if worn check shaft coupling alignment document in lubrication record,agitator identifier six monthly gearbox oil change and seal inspection drain gearbox oil replace with approved grade inspect mechanical seal faces replace if worn check shaft coupling alignment document in lubrication record
19380,20485986,P-195,centrifugal pump identifier mechanical seal failure product leakage observed at gland area estimated identifier l h replace complete mechanical seal cartridge flush seal chamber pressure test at identifier bar return to service and monitor seal flush flow,centrifugal pump identifier mechanical seal failure product leakage observed at gland area estimated identifier l h replace complete mechanical seal cartridge flush seal chamber pressure test at identifier bar return to service and monitor seal flush flow
19390,20576817,TK-114,storage tank identifier roof drain blockage causing water ingress to product clear roof drain blockage inspect drain seal condition replace corroded drain fitting verify drain flow rate post repair,storage tank identifier roof drain blockage causing water ingress to product clear roof drain blockage inspect drain seal condition replace corroded drain fitting verify drain flow rate post repair
19405,20411431,DP-079,diaphragm pump identifier diaphragm rupture process fluid detected in air exhaust isolate pump drain product side replace both diaphragms as a set inspect valve balls and seats reassemble test at low pressure before full service monitor exhaust for leakage,diaphragm pump identifier diaphragm rupture process fluid detected in air exhaust isolate pump drain product side replace both diaphragms as a set inspect valve balls and seats reassemble test at low pressure before full service monitor exhaust for leakage
19553,20542496,UF-104,ultrafiltration unit identifier normalised flux declining identifier versus baseline membrane fouling confirmed perform enhanced cip with citric acid identifier solution monitor flux recovery if flux not restored replace fouled membrane modules rebaseline after chemical clean,ultrafiltration unit identifier normalised flux declining identifier versus baseline membrane fouling confirmed perform enhanced cip with citric acid identifier solution monitor flux recovery if flux not restored replace fouled membrane modules rebaseline after chemical clean
19622,20370304,P-371,centrifugal pump identifier cavitating intermittently suction pressure identifier bar below minimum npsh required check suction strainer differential pressure clean strainer basket verify suction vessel level adjust operating point to restore positive npsh,centrifugal pump identifier cavitating intermittently suction pressure identifier bar below minimum npsh required check suction strainer differential pressure clean strainer basket verify suction vessel level adjust operating point to restore positive npsh
19633,20366648,BLR-071,boiler identifier feedwater pump failure loss of boiler feed emergency shutdown initiated start standby feedwater pump investigate duty pump failure replace mechanical seal and bearings on duty pump test duty pump before returning to service,boiler identifier feedwater pump failure loss of boiler feed emergency shutdown initiated start standby feedwater pump investigate duty pump failure replace mechanical seal and bearings on duty pump test duty pump before returning to service
19654,20274106,FCC-053,fluid catalytic cracker identifier standpipe pluggage event catalyst circulation lost implement catalyst aeration procedure to restore standpipe flow inspect aeration taps for blockage clear any aeration line pluggage monitor catalyst density profile after recovery,fluid catalytic cracker identifier standpipe pluggage event catalyst circulation lost implement catalyst aeration procedure to restore standpipe flow inspect aeration taps for blockage clear any aeration line pluggage monitor catalyst density profile after recovery
19688,20688533,GB-132,gearbox identifier annual oil change and internal inspection drain and replace oil open inspection covers inspect gear teeth for wear and pitting check all bearing clearances replace seals refill run up and verify temperature and noise,gearbox identifier annual oil change and internal inspection drain and replace oil open inspection covers inspect gear teeth for wear and pitting check all bearing clearances replace seals refill run up and verify temperature and noise
19695,20245768,M-050,m t r identifier arth fault tri single h s to earth det cted on stator winding isolate motor identify faulted phase using ir and hipot testing send motor to approved rewind shop install inspected spare verify earth continuity post installation,m t r identifier arth fault tri single h s to earth det cted on stator winding isolate motor identify faulted phase using ir and hipot testing send motor to approved rewind shop install inspected spare verify earth continuity post installation
19726,20461923,M-093,motor identifier earth fault trip single phase to earth detected on stator winding isolate motor identify faulted phase using ir and hipot testing send motor to approved rewind shop install inspected spare verify earth continuity post installation,motor identifier earth fault trip single phase to earth detected on stator winding isolate motor identify faulted phase using ir and hipot testing send motor to approved rewind shop install inspected spare verify earth continuity post installation
19727,20266383,TK-351,storage tank identifier level transmitter lt failure reading stuck at identifier suspect impulse line blockage isolate and remove level transmitter blow down impulse lines clean displacer float bench calibrate reinstall and verify reading against dip measurement,storage tank identifier level transmitter lt failure reading stuck at identifier suspect impulse line blockage isolate and remove level transmitter blow down impulse lines clean displacer float bench calibrate reinstall and verify reading against dip measurement
19728,20668219,UF-128,ultrafiltration unit identifier integrity test failure on module identifier hollow fibre breach detected isolate and replace failed membrane module perform post replacement integrity test with pressurised air decay method verify rejection and flux within specification,ultrafiltration unit identifier integrity test failure on module identifier hollow fibre breach detected isolate and replace failed membrane module perform post replacement integrity test with pressurised air decay method verify rejection and flux within specification
19737,-20516637.0,GS-098,gas scrubber identifier high identifier outlet alarm identifier ppm scrubbing efficiency loss chemical depletion increase caustic dosing rate check ph of scrubbing liquor top up caustic tank inspect spray nozzles for wear and blockage replace nozzles if worn verify outlet identifier after adjustment,gas scrubber identifier high identifier outlet alarm identifier ppm scrubbing efficiency loss chemical depletion increase caustic dosing rate check ph of scrubbing liquor top up caustic tank inspect spray nozzles for wear and blockage replace nozzles if worn verify outlet identifier after adjustment
19751,20602456,K-215,compressor identifier six monthly lube oil analysis and filter change drain lube oil replace filters refill with approved grade conduct oil analysis on drained oil check oil cooler condition update lubrication record,compressor identifier six monthly lube oil analysis and filter change drain lube oil replace filters refill with approved grade conduct oil analysis on drained oil check oil cooler condition update lubrication record
19772,20404121,M-079,motor identifier six monthly insulation resistance test and bearing grease replenishment ir test all three phases and record grease drive end and non drive end bearings per lubrication schedule check terminal connections for heat damage document results,motor identifier six monthly insulation resistance test and bearing grease replenishment ir test all three phases and record grease drive end and non drive end bearings per lubrication schedule check terminal connections for heat damage document results
19822,20711399,P-237,centrifugal pump identifier low flow alarm active flow identifier identifier below minimum process requirement inspect impeller for wear and blockage remove any debris check wear ring clearance trim impeller if required verify system curve against pump curve,centrifugal pump identifier low flow alarm active flow identifier identifier below minimum process requirement inspect impeller for wear and blockage remove any debris check wear ring clearance trim impeller if required verify system curve against pump curve
19836,20299435,HV-057,hvac unit identifier annual ahu inspection including ductwork and damper verification full ahu inspe tion ch ck all dam er actuators and blades inspect fan bl d s for w r clean heat exchang oil with bi cide soluti n v rify all interlocks,hvac unit identifier annual ahu inspection including ductwork and damper verification full ahu inspe tion ch ck all dam er actuators and blades inspect fan bl d s for w r clean heat exchang oil with bi cide soluti n v rify all interlocks
19878,20284659,FCC-055,fluid catalytic cracker identifier slide valve actuator failure catalyst flow control lost on identifier valve stroke isolate slide valve replace hydraulic actuator and positioner stroke test under atmospheric conditions verify control loop response before return to feed,fluid catalytic cracker identifier slide valve actuator failure catalyst flow control lost on identifier valve stroke isolate slide valve replace hydraulic actuator and positioner stroke test under atmospheric conditions verify control loop response before return to feed
20034,20278994,SD-053,spray dryer identifier fire detection alarm in drying chamber emergency identifier system activated investigate ignition source inspect chamber walls and cyclone for product buildup clean chamber thoroughly verify explosion relief panels undamaged test fire detection before restart,spray dryer identifier fire detection alarm in drying chamber emergency identifier system activated investigate ignition source inspect chamber walls and cyclone for product buildup clean chamber thoroughly verify explosion relief panels undamaged test fire detection before restart
20060,20601964,P-515,centrifugal pump identifier mechanical seal failure product leakage observed at gland area estimated identifier l h replace complete mechanical seal cartridge flush seal chamber pressure test at identifier bar return to service and monitor seal flush flow,centrifugal pump identifier mechanical seal failure product leakage observed at gland area estimated identifier l h replace complete mechanical seal cartridge flush seal chamber pressure test at identifier bar return to service and monitor seal flush flow
20065,20123709,F-026,filter identifier scheduled cartridge replacement at identifier service hours replace filter cartridges at planned interval regardless of differential pressure inspect housing internals record cartridge condition on removal update filter log,filter identifier scheduled cartridge replacement at identifier service hours replace filter cartridges at planned interval regardless of differential pressure inspect housing internals record cartridge condition on removal update filter log
20098,20655474,TK-325,storage tank identifier outlet valve passing confirmed by downstream flow with valve closed isolate valve disassemble inspect seat and ball gate for erosion lap seat if minor damage replace valve internals if worn beyond tolerance,storage tank identifier outlet valve passing confirmed by downstream flow with valve closed isolate valve disassemble inspect seat and ball gate for erosion lap seat if minor damage replace valve internals if worn beyond tolerance
20122,20155063,TK-330,storage tank identifier annual calibration of all level and temperature instruments calibrate all level transmitters against certified reference check temperature sensor accuracy verify high level alarm setpoints update calibration records,storage tank identifier annual calibration of all level and temperature instruments calibrate all level transmitters against certified reference check temperature sensor accuracy verify high level alarm setpoints update calibration records
20154,20225795,EX-044,extruder identifier six monthly gearbox oil change and thrust bearing inspection drain gearbox replace oil inspect thrust bearing for wear and preload replace if necessary check coupling and alignment refill gearbox and verify oil temperature on run up,extruder identifier six monthly gearbox oil change and thrust bearing inspection drain gearbox replace oil inspect thrust bearing for wear and preload replace if necessary check coupling and alignment refill gearbox and verify oil temperature on run up
20174,20020723,GS-104,drain scrubber inspect packing condition replace packing if fouled or damaged replace liquid distribution nozzles inspect sump for corrosion pressure test vessel recommission,drain scrubber inspect packing condition replace packing if fouled or damaged replace liquid distribution nozzles inspect sump for corrosion pressure test vessel recommission
20184,20079052,DOS-017,dosing pump identifier six monthly diaphragm replacement and valve inspection replace dosing diaphragm as preventive measure inspect suction and discharge valves replace worn valve components flush dosing head calibrate stroke and verify flow rate,dosing pump identifier six monthly diaphragm replacement and valve inspection replace dosing diaphragm as preventive measure inspect suction and discharge valves replace worn valve components flush dosing head calibrate stroke and verify flow rate
20186,20249752,R-248,reactor identifier quarterly agitator mechanical seal and gearbox oil service drain gearbox replace oil with approved grade inspect mechanical seal faces for wear replace seal if face wear exceeds tolerance check impeller clearance,reactor identifier quarterly agitator mechanical seal and gearbox oil service drain gearbox replace oil with approved grade inspect mechanical seal faces for wear replace seal if face wear exceeds tolerance check impeller clearance
20228,20712224,K-137,compressor identifier high vibration trip nde bearing vibration identifier mm s peak replace nde bearing check shaft alignment inspect labyrinth seals rebalance rotor if indicated run up on no load and verify vibration levels,compressor identifier high vibration trip nde bearing vibration identifier mm s peak replace nde bearing check shaft alignment inspect labyrinth seals rebalance rotor if indicated run up on no load and verify vibration levels
20229,20475857,P-619,centrifugal pump identifier motor current increasing trend current draw identifier a versus baseline identifier a possible internal wear inspect impeller and wear rings for erosion measure internal clearances replace worn components re test performance at duty conditions,centrifugal pump identifier motor current increasing trend current draw identifier a versus baseline identifier a possible internal wear inspect impeller and wear rings for erosion measure internal clearances replace worn components re test performance at duty conditions
20262,20604155,M-121,motor identifier earth fault trip single phase to earth detected on stator winding isolate motor identify faulted phase using ir and hipot testing send motor to approved rewind shop install inspected spare verify earth continuity post installation,motor identifier earth fault trip single phase to earth detected on stator winding isolate motor identify faulted phase using ir and hipot testing send motor to approved rewind shop install inspected spare verify earth continuity post installation
20273,20663000,UF-126,ultrafiltration unit identifier quarterly membrane integrity test and chemical clean perform air pressure decay integrity test on all modules record results chemical clean with citric acid and sodium hypochlorite per sop re test flux after cleaning,ultrafiltration unit identifier quarterly membrane integrity test and chemical clean perform air pressure decay integrity test on all modules record results chemical clean with citric acid and sodium hypochlorite per sop re test flux after cleaning
20283,02744549,HX-145,heat exchanger identifier annual inspection tube bundle inspection gasket replacement and pressure test drain and open channel head inspect tube sheet and tubes using boroscope replace gaskets on both heads hydraulic pressure test reinstate and commission,heat exchanger identifier annual inspection tube bundle inspection gasket replacement and pressure test drain and open channel head inspect tube sheet and tubes using boroscope replace gaskets on both heads hydraulic pressure test reinstate and commission
20326,20235020,M-047,motor identifier vfd overcurrent fault drive tripped on identifier at identifier a check vfd parameters and fault log inspect motor terminal connections megger test windings check encoder feedback signal clear fault and trial run under reduced load,motor identifier vfd overcurrent fault drive tripped on identifier at identifier a check vfd parameters and fault log inspect motor terminal connections megger test windings check encoder feedback signal clear fault and trial run under reduced load
20356,20422701,P-181,centrifugal pump identifier vibration trending upward over identifier days broadband velocity identifier mm s bearing defect frequency identified in spectrum vibration analysis confirms bearing fault replace drive end bearing proactively re baseline vibration signature after repair,centrifugal pump identifier vibration trending upward over identifier days broadband velocity identifier mm s bearing defect frequency identified in spectrum vibration analysis confirms bearing fault replace drive end bearing proactively re baseline vibration signature after repair
20358,20684054,UF-130,ultrafiltration unit identifier quarterly membrane integrity test and chemical clean perform air pressure decay integrity test on all modules record results chemical clean with citric acid and sodium hypochlorite per sop re test flux after cleaning,ultrafiltration unit identifier quarterly membrane integrity test and chemical clean perform air pressure decay integrity test on all modules record results chemical clean with citric acid and sodium hypochlorite per sop re test flux after cleaning
20414,20352349,HV-167,hvac unit identifier annual ahu inspection including ductwork and damper verification full ahu inspection check all damper actuators and blades inspect fan blades for wear clean heat exchange coil with biocide solution verify all interlocks,hvac unit identifier annual ahu inspection including ductwork and damper verification full ahu inspection check all damper actuators and blades inspect fan blades for wear clean heat exchange coil with biocide solution verify all interlocks
20456,20718429,TK-138,storage tank identifier level transmitter lt failure reading stuck at identifier suspect impulse line blockage isolate and remove level transmitter blow down impulse lines clean displacer float bench calibrate reinstalla nd verify reading against dip measurement,storage tank identifier level transmitter lt failure reading stuck at identifier suspect impulse line blockage isolate and remove level transmitter blow down impulse lines clean displacer float bench calibrate reinstalla nd verify reading against dip measurement
20566,20357866,EX-069,extruder identifier annual screw and barrel wear inspection remove screw measure screw flight wear profile against original drawing replace screw if worn beyond tolerance measure barrel bore wear replace barrel liner if required,extruder identifier annual screw and barrel wear inspection remove screw measure screw flight wear profile against original drawing replace screw if worn beyond tolerance measure barrel bore wear replace barrel liner if required
20612,20735988,AG-142,agitator identifier gearbox oil temperature high temperature identifier degc above alarm setpoint drain gearbox inspect internal gears and bearings for damage replace oil clean oil cooler if fitted if bearing damaged replace and refill run up and monitor temperature,agitator identifier gearbox oil temperature high temperature identifier degc above alarm setpoint drain gearbox inspect internal gears and bearings for damage replace oil clean oil cooler if fitted if bearing damaged replace and refill run up and monitor temperature
20620,20015953,P-106,centrifugal pump identifier bearing temperature high alarm drive end temperature identifier degc above baseline remove bearing housing end cover measure bearing clearance replace worn bearing re grease per lubrication schedule monitor temperature for identifier hours post start,centrifugal pump identifier bearing temperature high alarm drive end temperature identifier degc above baseline remove bearing housing end cover measure bearing clearance replace worn bearing re grease per lubrication schedule monitor temperature for identifier hours post start
20631,20421990,FCC-081,fluid catalytic cracker identifier slide valve actuator failure catalyst flow control lost on identifier valve stroke isolate slide valve replace hydraulic actuator and positioner stroke test under atmospheric conditions verify control loop response before return to feed,fluid catalytic cracker identifier slide valve actuator failure catalyst flow control lost on identifier valve stroke isolate slide valve replace hydraulic actuator and positioner stroke test under atmospheric conditions verify control loop response before return to feed
20677,20225412,GB-043,gearbox identifier six monthly oil sample analysis and external inspection take oil sample for laboratory analysis inspect for external leaks check oil level inspect coupling for wear document condition oil analysis report to maintenance planner,gearbox identifier six monthly oil sample analysis and external inspection take oil sample for laboratory analysis inspect for external leaks check oil level inspect coupling for wear document condition oil analysis report to maintenance planner
20703,20750429,TK-243,storage tank identifier api identifier internal inspection floor shell and roof condition assessment drain and gas free tank internal inspection per api identifier measure floor plate thickness using ut inspect shell for corrosion check annular plates write inspection report,storage tank identifier api identifier internal inspection floor shell and roof condition assessment drain and gas free tank internal inspection per api identifier measure floor plate thickness using ut inspect shell for corrosion check annular plates write inspection report
20810,20080509,K-116,compressor identifier high vibration trip nde bearing vibration identifier mm s peak replace nde bearing check shaft alignment inspect labyrinth seals rebalance rotor if indicated run up on no load and verify vibration levels,compressor identifier high vibration trip nde bearing vibration identifier mm s peak replace nde bearing check shaft alignment inspect labyrinth seals rebalance rotor if indicated run up on no load and verify vibration levels
20864,20120742,DOS-024,dosing pump identifier low flow alarm dosing rate identifier l h below setpoint diaphragm or valve fault inspe t suction nd disch rg check v lv s f r wear or debris repl valve balls and seats check diaphragm c nditi n r pl ce diaphragm if cr cked calibrat stroke l ngth verify fl w r t,dosing pump identifier low flow alarm dosing rate identifier l h below setpoint diaphragm or valve fault inspe t suction nd disch rg check v lv s f r wear or debris repl valve balls and seats check diaphragm c nditi n r pl ce diaphragm if cr cked calibrat stroke l ngth verify fl w r t
20928,20141806,RLP-027,rotary lobe pump identifier seal failure product leakage at front seal drain pump remove front cover replace mechanical seal complete assembly inspect rotor faces and housing bore for scoring reassemble pressure test before returning to service,rotary lobe pump identifier seal failure product leakage at front seal drain pump remove front cover replace mechanical seal complete assembly inspect rotor faces and housing bore for scoring reassemble pressure test before returning to service
20999,20276519,TK-055,storage tank identifier level transmitter lt failure reading stuck at identifier suspect impulse line blockage isolate and remove level transmitter blow down impulse lines clean displacer float bench calibrate reinstall and verify reading against dip measurement,storage tank identifier level transmitter lt failure reading stuck at identifier suspect impulse line blockage isolate and remove level transmitter blow down impulse lines clean displacer float bench calibrate reinstall and verify reading against dip measurement
21024,20666223,EV-227,evaporator identifier six monthly vacuum pump service and oil change drain vacuum pump oil inspect pump internals for wear replace shaft seal refill with correct oil grade run up and verify vacuum level achieved,evaporator identifier six monthly vacuum pump service and oil change drain vacuum pump oil inspect pump internals for wear replace shaft seal refill with correct oil grade run up and verify vacuum level achieved
21080,20144502,TK-128,storage tank identifier annual calibration of all level and temperature instruments,storage tank identifier annual calibration of all level and temperature instruments
21082,20644424,R-125,reactor identifier agitator drive fault alarm motor current identifier a spike then trip inspect agitator gearbox for damage check mechanical seal on agitator shaft replace failed seal assembly verify torque at rated speed,reactor identifier agitator drive fault alarm motor current identifier a spike then trip inspect agitator gearbox for damage check mechanical seal on agitator shaft replace failed seal assembly verify torque at rated speed
21084,20269846.0000000000,P-253,centrifugal pump identifier high vibration alarm on drive end bearing amplitude identifier mm s rms exceeding trip setpoint isolate pump drain casing disassemble bearing housing replace drive end bearing identifier realign coupling to within identifier tir functional test at duty point,centrifugal pump identifier high vibration alarm on drive end bearing amplitude identifier mm s rms exceeding trip setpoint isolate pump drain casing disassemble bearing housing replace drive end bearing identifier realign coupling to within identifier tir functional test at duty point
21124,20396177,P-276,centrifugal pump identifier low flow alarm active flow identifier identifier below minimum process requirement inspect impeller for wear and blockage remove any debris check wear ring clearance trim impeller if required verify system curve against pump curve,centrifugal pump identifier low flow alarm active flow identifier identifier below minimum process requirement inspect impeller for wear and blockage remove any debris check wear ring clearance trim impeller if required verify system curve against pump curve
21152,20043254,K-010,compressor identifier high vibration trip nde bearing vibration identifier mm s peak replace nde bearing check shaft alignment inspect labyrinth seals rebalance rotor if indicated run up on no load and verify vibration levels,compressor identifier high vibration trip nde bearing vibration identifier mm s peak replace nde bearing check shaft alignment inspect labyrinth seals rebalance rotor if indicated run up on no load and verify vibration levels
21172,20135797,EX-026,extruder identifier six monthly gearbox oil change and thrust bearing inspection drain gearbox replace oil inspect thrust bearing for wear and preload replace if necessary check coupling and alignment refill gearbox and verify oil temperature on run up,extruder identifier six monthly gearbox oil change and thrust bearing inspection drain gearbox replace oil inspect thrust bearing for wear and preload replace if necessary check coupling and alignment refill gearbox and verify oil temperature on run up
21181,20741884,EX-141,extruder identifier screw drive motor overload trip torque identifier nm above maximum foreign object suspected emergency purge extruder remove screw inspect for foreign object damage replace damaged screw flights if necessary inspect barrel bore for scoring purge and recommission,extruder identifier screw drive motor overload trip torque identifier nm above maximum foreign object suspected emergency purge extruder remove screw inspect for foreign object damage replace damaged screw flights if necessary inspect barrel bore for scoring purge and recommission
21209,20133605,DC-126,distillation column identifier reboiler steam control valve cv failure valve stuck at identifier open isolate control valve remove actuator and positioner disassemble valve body inspect seat and plug for erosion replace trim if worn calibrate positioner and stroke test,distillation column identifier reboiler steam control valve cv failure valve stuck at identifier open isolate control valve remove actuator and positioner disassemble valve body inspect seat and plug for erosion replace trim if worn calibrate positioner and stroke test
21237,20542986,DP-103,diaphragm pump identifier diaphragm rupture process fluid detected in air exhaust isolate pump drain product side replace both diaphragms as a set inspect valve balls and seats reassemble test at low pressure before full service monitor exhaust for leakage,diaphragm pump identifier diaphragm rupture process fluid detected in air exhaust isolate pump drain product side replace both diaphragms as a set inspect valve balls and seats reassemble test at low pressure before full service monitor exhaust for leakage
21258,20325325,M-063,motor identifier annual motor inspection including terminal box and cooling fan check inspect terminal box for moisture ingress and loose connections clean cooling fins and fan guard check mounting bolts verify earthing continuity test run and measure current balance,motor identifier annual motor inspection including terminal box and cooling fan check inspect terminal box for moisture ingress and loose connections clean cooling fins and fan guard check mounting bolts verify earthing continuity test run and measure current balance
21316,20525060,M-101,motor identifier insulation resistance failure megger test identifier mohm below minimum identifier mohm winding degradation disconnect motor and perform full ir test on all phases test confirms winding failure remove motor for rewind install spare motor align and commission,motor identifier insulation resistance failure megger test identifier mohm below minimum identifier mohm winding degradation disconnect motor and perform full ir test on all phases test confirms winding failure remove motor for rewind install spare motor align and commission
21356,20112153,R-023,reactor identifier agitator drive fault alarm motor current identifier a spike then trip inspect agitator gearbox for damage check mechanical seal on agitator shaft replace failed seal assembly verify torque at rated speed,reactor identifier agitator drive fault alarm motor current identifier a spike then trip inspect agitator gearbox for damage check mechanical seal on agitator shaft replace failed seal assembly verify torque at rated speed
21415,ROW_021415,P-645,centrifugal pump identifier bearing temperature high alarm drive end temperature identifier degc above baseline remove bearing housing end cover measure bearing clearance replace worn bearing re grease per lubrication schedule monitor temperature for identifier hours post start,centrifugal pump identifier bearing temperature high alarm drive end temperature identifier degc above baseline remove bearing housing end cover measure bearing clearance replace worn bearing re grease per lubrication schedule monitor temperature for identifier hours post start
21425,20587559,BLR-112,boiler identifier feedwater pump failure loss of boiler feed emergency shutdown initiated start standby feedwater pump investigate duty pump failure replace mechanical seal and bearings on duty pump test duty pump before returning to service,boiler identifier feedwater pump failure loss of boiler feed emergency shutdown initiated start standby feedwater pump investigate duty pump failure replace mechanical seal and bearings on duty pump test duty pump before returning to service
21465,20602239,P-715,centrifugal pump identifier motor current increasing trend current draw identifier a versus baseline identifier a possible internal wear inspect impeller and wear rings for erosion measure internal clearances replace worn components re test performance at duty conditions,centrifugal pump identifier motor current increasing trend current draw identifier a versus baseline identifier a possible internal wear inspect impeller and wear rings for erosion measure internal clearances replace worn components re test performance at duty conditions
21507,20481388,K-093,compressor identifier high vibration trip nde bearing vibration identifier mm s peak replace nde bearing check shaft alignment inspect labyrinth seals rebalance rotor if indicated run up on no load and verify vibration levels,compressor identifier high vibration trip nde bearing vibration identifier mm s peak replace nde bearing check shaft alignment inspect labyrinth seals rebalance rotor if indicated run up on no load and verify vibration levels
21523,20164679,P-432,centrifugal pump identifier vibration trending upward over identifier days broadband velocity identifier mm s bearing defect frequency identified in spectrum vibration analysis confirms bearing fault replace drive end bearing proactively re baseline vibration signature after repair,centrifugal pump identifier vibration trending upward over identifier days broadband velocity identifier mm s bearing defect frequency identified in spectrum vibration analysis confirms bearing fault replace drive end bearing proactively re baseline vibration signature after repair
21579,20240926,HV-048,hvac unit identifier six monthly filter change and coil inspection replace primary and secondary filters clean cooling and heating coils check condensate drain tray and trap inspect ductwork connection flanges document filter changes,hvac unit identifier six monthly filter change and coil inspection replace primary and secondary filters clean cooling and heating coils check condensate drain tray and trap inspect ductwork connection flanges document filter changes
21599,20500673,UF-096,ultrafiltration unit identifier integrity test failure on module identifier hollow fibre breach detected isolate and replace failed membrane module perform post replacement integrity test with pressurised air decay method verify rejection and flux within specification,ultrafiltration unit identifier integrity test failure on module identifier hollow fibre breach detected isolate and replace failed membrane module perform post replacement integrity test with pressurised air decay method verify rejection and flux within specification
21607,20726767,RLP-238,rotary lobe pump identifier annual overhaul including rotor and seal replacement full disassembly replace rotors if worn beyond tolerance replace all seals and o rings replace timing gears if backlash excessive reassemble and performance test,rotary lobe pump identifier annual overhaul including rotor and seal replacement full disassembly replace rotors if worn beyond tolerance replace all seals and o rings replace timing gears if backlash excessive reassemble and performance test
21633,20687012,BLR-131,boiler identifier annual statutory inspection internal and external inspection per local pressure vessel regulations drain boiler descale waterside surfaces inspect fireside tubes and refractory inspect safety valve pressure gauge and water level gauges prepare inspection report for regulatory authority,boiler identifier annual statutory inspection internal and external inspection per local pressure vessel regulations drain boiler descale waterside surfaces inspect fireside tubes and refractory inspect safety valve pressure gauge and water level gauges prepare inspection report for regulatory authority
21664,20749462,K-144,compressor identifier six monthly lube oil analysis and filter change drain lube oil replace filters refill with approved grade conduct oil analysis on drained oil check oil cooler condition update lubrication record,compressor identifier six monthly lube oil analysis and filter change drain lube oil replace filters refill with approved grade conduct oil analysis on drained oil check oil cooler condition update lubrication record
21722,20171956,F-035,filter identifier quarterly filter housing inspection and o ring check inspect o ring condition and housing sealing surfaces replace o ring as precautionary measure pressure test housing verify differential pressure indication,filter identifier quarterly filter housing inspection and o ring check inspect o ring condition and housing sealing surfaces replace o ring as precautionary measure pressure test housing verify differential pressure indication
21725,20624755,M-123,motor identifier six monthly insulation resistance test and bearing grease replenishment ir test all three phases and record grease drive end and non drive end bearings per lubrication schedule check terminal connections for heat damage document results,motor identifier six monthly insulation resistance test and bearing grease replenishment ir test all three phases and record grease drive end and non drive end bearings per lubrication schedule check terminal connections for heat damage document results
21759,20334524,R-064,reactor identifier ph probe at failure reading frozen at identifier ph batch on hold remove ph probe clean and bench calibrate using ph identifier and identifier buffer solutions replace if drifted beyond calibration tolerance reinstall and verify loop,reactor identifier ph probe at failure reading frozen at identifier ph batch on hold remove ph probe clean and bench calibrate using ph identifier and identifier buffer solutions replace if drifted beyond calibration tolerance reinstall and verify loop
21768,20346094,CF-067,centrifuge identifier basket screen failure product fines in filtrate above specification remove basket replace damaged screen panel inspect basket welds reassemble and perform integrity testwith water verify filtrate quality before restarting production,centrifuge identifier basket screen failure product fines in filtrate above specification remove basket replace damaged screen panel inspect basket welds reassemble and perform integrity testwith water verify filtrate quality before restarting production
21881,20589325,EX-113,extruder identifier melt pressure high alarm at die head possible die blockage stop extruder remove die head clear blockage with rod and heat gun inspect die land for damage clean die with solvent reassemble verify melt pressure on restart,extruder identifier melt pressure high alarm at die head possible die blockage stop extruder remove die head clear blockage with rod and heat gun inspect die land for damage clean die with solvent reassemble verify melt pressure on restart
21923,20594282,GB-113,gearbox identifier annual oil change and internal inspection drain and replace oil open inspection covers inspect gear teeth for wear and pitting check all bearing clearances replace seals refill run up and verify temperature and noise,gearbox identifier annual oil change and internal inspection drain and replace oil open inspection covers inspect gear teeth for wear and pitting check all bearing clearances replace seals refill run up and verify temperature and noise
21935,20749076,P-543,centrifugal pump identifier cavitating intermittently suction pressure identifier bar below minimum npsh required check suction strainer differential pressure clean strainer basket verify suction vessel level adjust operating point to restore positive npsh,centrifugal pump identifier cavitating intermittently suction pressure identifier bar below minimum npsh required check suction strainer differential pressure clean strainer basket verify suction vessel level adjust operating point to restore positive npsh
22024,20134187,CF-027,centrifuge identifier six monthly basket bearing and seal inspection inspect basket condition measure bearing clearances check mechanical seal faces inspect braking system lubricate all grease points test safety interlock operation,centrifuge identifier six monthly basket bearing and seal inspection inspect basket condition measure bearing clearances check mechanical seal faces inspect braking system lubricate all grease points test safety interlock operation
22047,20696953,R-133,reactor identifier agitator drive fault alarm motor current identifier a spike then trip inspect agitator gearbox for damage check mechanical seal on agitator shaft replace failed seal assembly verify torque at rated speed,reactor identifier agitator drive fault alarm motor current identifier a spike then trip inspect agitator gearbox for damage check mechanical seal on agitator shaft replace failed seal assembly verify torque at rated speed
22063,20059951,R-014,reactor identifier agitator drive fault alarm motor current identifier a spike then trip inspect agitator gearbox for damage check mechanical seal on agitator shaft replace failed seal assembly verify torque at rated speed,reactor identifier agitator drive fault alarm motor current identifier a spike then trip inspect agitator gearbox for damage check mechanical seal on agitator shaft replace failed seal assembly verify torque at rated speed
22080,20442687,GT-084,gas turbine identifier flame out on start igniter fault suspected inspect igniter plugs for erosion replace igniter check fuel supply isolation valve and fuel manifold pressure verify flame detector signal attempt controlled restart per procedure,gas turbine identifier flame out on start igniter fault suspected inspect igniter plugs for erosion replace igniter check fuel supply isolation valve and fuel manifold pressure verify flame detector signal attempt controlled restart per procedure
22120,ROW_022120,DC-011,distillation column identifier flooding indicated by differential pressure identifier mbar above normal identifier mbar open column manways inspect trays identifier to identifier for fouling damage and downcomer blockage clean trays with high pressure water inspect weir heights,distillation column identifier flooding indicated by differential pressure identifier mbar above normal identifier mbar open column manways inspect trays identifier to identifier for fouling damage and downcomer blockage clean trays with high pressure water inspect weir heights
22229,20755061,R-145,reactor identifier quarterly agitator mechanical seal and gearbox oil service drain gearbox replace oil with approved grade inspect mechanical seal faces for wear replace seal if face wear exceeds tolerance check impeller clearance,reactor identifier quarterly agitator mechanical seal and gearbox oil service drain gearbox replace oil with approved grade inspect mechanical seal faces for wear replace seal if face wear exceeds tolerance check impeller clearance
22262,20403256,TK-079,storage tank identifier level transmitter lt failure reading stuck at identifier suspect impulse line blockage isolate and remove level transmitter blow down impulse lines clean displacer float bench calibrate reinstall and verify reading against dip measurement,storage tank identifier level transmitter lt failure reading stuck at identifier suspect impulse line blockage isolate and remove level transmitter blow down impulse lines clean displacer float bench calibrate reinstall and verify reading against dip measurement
22295,20396748,K-076,compressor identifier high vibration trip nde bearing vibration identifier mm s peak replace nde bearing check shaft alignment inspect labyrinth seals rebalance rotor if indicated run up on no load and verify vibration levels,compressor identifier high vibration trip nde bearing vibration identifier mm s peak replace nde bearing check shaft alignment inspect labyrinth seals rebalance rotor if indicated run up on no load and verify vibration levels
22304,20102042,TK-020,storage tank identifier annual calibration of all level and temperature instruments calibrate all level transmitters against certified reference check temperature sensor accuracy verify high level alarm setpoints update calibration records,storage tank identifier annual calibration of all level and temperature instruments calibrate all level transmitters against certified reference check temperature sensor accuracy verify high level alarm setpoints update calibration records
22307,20686697,TK-132,storage tank identifier roof drain blockage causing water ingress to product clear roof drain blockage inspect drain seal condition replace corroded drain fitting verify drain flow rate post repair,storage tank identifier roof drain blockage causing water ingress to product clear roof drain blockage inspect drain seal condition replace corroded drain fitting verify drain flow rate post repair
22312,20140317,CV-127,belt conveyor identifier drive pulley lagging worn belt slipping under load isolate conveyor remove drive pulley lagging clean pulley surface apply new ceramic lagging using approved adhesive cure before return to service verify belt tension,belt conveyor identifier drive pulley lagging worn belt slipping under load isolate conveyor remove drive pulley lagging clean pulley surface apply new ceramic lagging using approved adhesive cure before return to service verify belt tension
22364,20084421,GS-017,gas scrubber identifier high differential pressure alarm identifier mbar packing section flooding suspected reduce gas flow rate to resolve flooding inspect liquid distribution nozzles for blockage clean packing verify liquid to gas ratio within design envelope investigate cause of flooding,gas scrubber identifier high differential pressure alarm identifier mbar packing section flooding suspected reduce gas flow rate to resolve flooding inspect liquid distribution nozzles for blockage clean packing verify liquid to gas ratio within design envelope investigate cause of flooding
22369,20259856,K-051,compressor identifier lube oil analysis shows elevated iron particles identifier ppm bearing wear suspected inspect bearings and journal surfaces replace worn bearings flush and refill lube oil system repeat oil analysis after identifier hours runtime,compressor identifier lube oil analysis shows elevated iron particles identifier ppm bearing wear suspected inspect bearings and journal surfaces replace worn bearings flush and refill lube oil system repeat oil analysis after identifier hours runtime
22384,20497650,HX-195,heat exchanger identifier annual inspection tube bundle inspection gasket replacement and pressure test drain and open channel head inspect tube sheet and tubes using boroscope replace gaskets on both heads hydraulic pressure test reinstate and commission,heat exchanger identifier annual inspection tube bundle inspection gasket replacement and pressure test drain and open channel head inspect tube sheet and tubes using boroscope replace gaskets on both heads hydraulic pressure test reinstate and commission
22403,20622212,P-319,centrifugal pump identifier annual overhaul full disassembly wear measurement impeller and seal replacement full pump disassembly measure all wear components against tolerances replace impeller wear rings bearings and mechanical seal reassemble align and performance test,centrifugal pump identifier annual overhaul full disassembly wear measurement impeller and seal replacement full pump disassembly measure all wear components against tolerances replace impeller wear rings bearings and mechanical seal reassemble align and performance test
22457,20718326,DC-138,distillation column identifier flooding indicated by differential pressure identifier mbar above normal identifier mbar open column manways inspect trays identifier to identifier for fouling damage and downcomer blockage clean trays with high pressure water inspect weir heights,distillation column identifier flooding indicated by differential pressure identifier mbar above normal identifier mbar open column manways inspect trays identifier to identifier for fouling damage and downcomer blockage clean trays with high pressure water inspect weir heights
22472,20686455,R-133,reactor identifier quarterly agitator mechanical seal and gearbox oil service drain gearbox replace oil with approved grade inspect mechanical seal faces for wear replace seal if face wear exceeds tolerance check impeller clearance,reactor identifier quarterly agitator mechanical seal and gearbox oil service drain gearbox replace oil with approved grade inspect mechanical seal faces for wear replace seal if face wear exceeds tolerance check impeller clearance
22510,220055409,EV-011,evap r tor identifier six monthly vacuum pump servic and oil change drain vacuum pump oil inspect pump internals for wear replace shaft seal refill with correct oil grade run up and verify vacuum level achieved,evap r tor identifier six monthly vacuum pump servic and oil change drain vacuum pump oil inspect pump internals for wear replace shaft seal refill with correct oil grade run up and verify vacuum level achieved
22574,20665978,BLR-127,boiler identifier six monthly burner service and combustion efficiency test service burner clean fuel nozzles check igniter electrode gap calibrate combustion analyser run combustion efficiency test adjust air fuel ratio for optimum efficiency,boiler identifier six monthly burner service and combustion efficiency test service burner clean fuel nozzles check igniter electrode gap calibrate combustion analyser run combustion efficiency test adjust air fuel ratio for optimum efficiency
22580,20042863,P-310,centrifugal pump identifier annual overhaul full disassembly wear measurement impeller and seal replacement full pump disassembly measure all wear components against tolerances replace impeller wear rings bearings and mechanical seal reassemble align and performance test,centrifugal pump identifier annual overhaul full disassembly wear measurement impeller and seal replacement full pump disassembly measure all wear components against tolerances replace impeller wear rings bearings and mechanical seal reassemble align and performance test
22596,20044438,TK-309,storage tank identifier level transmitter lt failure reading stuck at identifier suspect impulse line blockage isolate and remove level transmitter blow down impulse lines clean displacer float bench calibrate reinstall and verify reading against dip measurement,storage tank identifier level transmitter lt failure reading stuck at identifier suspect impulse line blockage isolate and remove level transmitter blow down impulse lines clean displacer float bench calibrate reinstall and verify reading against dip measurement
22629,20561458,BLR-207,boiler identifier annual statutory inspection internal and external inspection per local pressure vessel regulations drain boiler descale waterside surfaces inspect fireside tubes and refractory inspect safety valve pressure gauge and water level gauges prepare inspection report for regulatory authority,boiler identifier annual statutory inspection internal and external inspection per local pressure vessel regulations drain boiler descale waterside surfaces inspect fireside tubes and refractory inspect safety valve pressure gauge and water level gauges prepare inspection report for regulatory authority
22639,20027591,HX-009,heat exchanger identifier annual inspection tube bundle inspection gasket replacement and pressure test drain and open channel head inspect tube sheet and tubes using boroscope replace gaskets on both heads hydraulic pressure test reinstate and commission,heat exchanger identifier annual inspection tube bundle inspection gasket replacement and pressure test drain and open channel head inspect tube sheet and tubes using boroscope replace gaskets on both heads hydraulic pressure test reinstate and commission
22652,20392753,TK-077,storage tank identifier roof drain blockage causing water ingress to product clear roof drain blockage inspect drain seal condition replace corroded drain fitting verify drain flow rate post repair,storage tank identifier roof drain blockage causing water ingress to product clear roof drain blockage inspect drain seal condition replace corroded drain fitting verify drain flow rate post repair
22660,20695735,P-235,centrifugal pump identifier annual overhaul full disassembly wear measurement impeller and seal replacement full pump disassembly measure all wear components against tolerances replace impeller wear rings bearings and mechanical seal reassemble align and performance test,centrifugal pump identifier annual overhaul full disassembly wear measurement impeller and seal replacement full pump disassembly measure all wear components against tolerances replace impeller wear rings bearings and mechanical seal reassemble align and performance test
22687,20143589,K-228,compressor identifier six monthly lube oil analysis and filter change drain lube oil replace filters refill with approved grade conduct oil analysis on drained oil check oil cooler condition update lubrication record,compressor identifier six monthly lube oil analysis and filter change drain lube oil replace filters refill with approved grade conduct oil analysis on drained oil check oil cooler condition update lubrication record
22726,2005040,M-018,motor identifier six monthly insulation resistance test and bearing grease replenishment ir test all three phases and record grease drive end and non drive end bearings per lubrication schedule check terminal connections for heat damage document results,motor identifier six monthly insulation resistance test and bearing grease replenishment ir test all three phases and record grease drive end and non drive end bearings per lubrication schedule check terminal connections for heat damage document results
22809,20469941,P-290,centrifugal pump identifier mechanical seal failure product leakage observed at gland area estimated identifier l h replace complete mechanical seal cartridge flush seal chamber pressure test at identifier bar return to service and monitor seal flush flow,centrifugal pump identifier mechanical seal failure product leakage observed at gland area estimated identifier l h replace complete mechanical seal cartridge flush seal chamber pressure test at identifier bar return to service and monitor seal flush flow
22846,20315318,AG-062,agitator identifier annual agitator and impeller inspection remove impeller inspect blades for erosion and corrosion measure blade thickness replace if below minimum thickness inspect shaft bearings reassemble,agitator identifier annual agitator and impeller inspection remove impeller inspect blades for erosion and corrosion measure blade thickness replace if below minimum thickness inspect shaft bearings reassemble
22887,20385789,P-176,centrifugal pump identifier quarterly lubrication service bearing grease replenishment and vibration baseline measurement grease drive end and non drive end bearings measure and record vibration signature check motor current at duty point inspect coupling spider for wear,centrifugal pump identifier quarterly lubrication service bearing grease replenishment and vibration baseline measurement grease drive end and non drive end bearings measure and record vibration signature check motor current at duty point inspect coupling spider for wear
22916,ROW_022916,P-544,centrifugal pump identifier cavitating intermittently suction pressure identifier bar below minimum npsh required check suction strainer differential pressure clean strainer basket verify suction vessel level adjust operating point to restore positive npsh,centrifugal pump identifier cavitating intermittently suction pressure identifier bar below minimum npsh required check suction strainer differential pressure clean strainer basket verify suction vessel level adjust operating point to restore positive npsh
22917,20003508,CT-101,cooling tower identifier annual basin cleaning and fill packing inspection drain basin clean and disinfect with chlorine solution inspect fill packing condition replace damaged packing sections check drift eliminators treat and refill legionella risk assessment update,cooling tower identifier annual basin cleaning and fill packing inspection drain basin clean and disinfect with chlorine solution inspect fill packing condition replace damaged packing sections check drift eliminators treat and refill legionella risk assessment update
23021,20665331,R-128,reactor identifier quarterly agitator mechanical seal and gearbox oil service drain gearbox replace oil with approved grade inspect mechanical seal faces for wear replace seal if face wear exceeds tolerance check impeller clearance,reactor identifier quarterly agitator mechanical seal and gearbox oil service drain gearbox replace oil with approved grade inspect mechanical seal faces for wear replace seal if face wear exceeds tolerance check impeller clearance
23116,20290524,HP-055,hydraulic press identifier six monthly safety device and pressure relief valve test test all pressure relief valves at rated pressure test safety interlocks and emergency stop verify guard interlock operation calibrate pressure gauges document all results,hydraulic press identifier six monthly safety device and pressure relief valve test test all pressure relief valves at rated pressure test safety interlocks and emergency stop verify guard interlock operation calibrate pressure gauges document all results
23131,20472936,AG-090,agitator identifier mechanical seal failure product leakage at shaft gland area isolate vessel remove agitator shaft replace mechanical seal complete assembly inspect shaft for scoring reinstall pressure test seal chamber monitor seal flush post start,agitator identifier mechanical seal failure product leakage at shaft gland area isolate vessel remove agitator shaft replace mechanical seal complete assembly inspect shaft for scoring reinstall pressure test seal chamber monitor seal flush post start
23133,20230485,CT-045,cooling tower identifier fan bearing failure high vibration identifier mm s fan shutdown isolate fan remove fan assembly replace fan shaft bearing check fan blade condition and balance reassemble verify vibration on restart below alarm setpoint,cooling tower identifier fan bearing failure high vibration identifier mm s fan shutdown isolate fan remove fan assembly replace fan shaft bearing check fan blade condition and balance reassemble verify vibration on restart below alarm setpoint
23193,20210451,FM-040,fermentor identifier agitator current trending up identifier over identifier days impeller fouling or seal wear suspected after batch completion inspect agitator shaft seal assembly check impeller blade wear and fouling measure shaft runout replace lip seals clean impeller re measure current baseline,fermentor identifier agitator current trending up identifier over identifier days impeller fouling or seal wear suspected after batch completion inspect agitator shaft seal assembly check impeller blade wear and fouling measure shaft runout replace lip seals clean impeller re measure current baseline
23223,20633477,HX-121,heat exchanger identifier differential pressure high alarm tube side pressure drop identifier bar versus clean baseline identifier bar isolate and drain tube side hydroblast tube bundle to remove fouling deposit inspect tube wall thickness using eddy current testing reassemble and pressure test,heat exchanger identifier differential pressure high alarm tube side pressure drop identifier bar versus clean baseline identifier bar isolate and drain tube side hydroblast tube bundle to remove fouling deposit inspect tube wall thickness using eddy current testing reassemble and pressure test
23304,20485107,FM-192,fermentor identifier annual vessel inspection agitator overhaul and instrument calibration steam sterilise vessel open manways for internal inspection replace agitator seal calibrate ph and do probes replace sparger if worn inspect jacket integrity document in batch record system,fermentor identifier annual vessel inspection agitator overhaul and instrument calibration steam sterilise vessel open manways for internal inspection replace agitator seal calibrate ph and do probes replace sparger if worn inspect jacket integrity document in batch record system
23364,20130702,DRY-026,dryer identifier annual vessel inspection and filter sock replacement open dryer internal inspection for corrosion and erosion replace filter socks inspect agitator shaft seal replace if worn check heating coil integrity update inspection record,dryer identifier annual vessel inspection and filter sock replacement open dryer internal inspection for corrosion and erosion replace filter socks inspect agitator shaft seal replace if worn check heating coil integrity update inspection record
23431,20015027,FM-103,fermentor identifier six monthly mechanical seal and ph probe service replace agitator mechanical seal clean ph probe and calibrate with fresh buffer solutions replace do membrane cap verify all alarm setpoints update gxp calibration records,fermentor identifier six monthly mechanical seal and ph probe service replace agitator mechanical seal clean ph probe and calibrate with fresh buffer solutions replace do membrane cap verify all alarm setpoints update gxp calibration records
23440,20533212,P-402,centrifugal pump identifier motor current increasing trend current draw identifier a versus baseline identifier a possible internal wear inspect impeller and wear rings for erosion measure internal clearances replace worn components re test performance at duty conditions,centrifugal pump identifier motor current increasing trend current draw identifier a versus baseline identifier a possible internal wear inspect impeller and wear rings for erosion measure internal clearances replace worn components re test performance at duty conditions
23444,20436788,VP-083,vacuum pump identifier six monthly oil change and shaft seal replacement drain oil replace with approved vacuum pump oil replace shaft seal assembly check coupling alignment run up and verify vacuum level and oil temperature,vacuum pump identifier six monthly oil change and shaft seal replacement drain oil replace with approved vacuum pump oil replace shaft seal assembly check coupling alignment run up and verify vacuum level and oil temperature
23484,20043447,K-209,compressor identifier high vibration trip nde bearing vibration identifier mm s peak replace nde bearing check shaft alignment inspect labyrinth seals rebalance rotor if indicated run up on no load and verify vibration levels,compressor identifier high vibration trip nde bearing vibration identifier mm s peak replace nde bearing check shaft alignment inspect labyrinth seals rebalance rotor if indicated run up on no load and verify vibration levels
23504,20749115,P-543,centrifugal pump identifier annual overhaul full disassembly wear measurement impeller and seal replacement full pump disassembly measure all wear components against tolerances replace impeller wear rings bearings and mechanical seal reassemble align and performance test,centrifugal pump identifier annual overhaul full disassembly wear measurement impeller and seal replacement full pump disassembly measure all wear components against tolerances replace impeller wear rings bearings and mechanical seal reassemble align and performance test
23510,20056749,VP-012,vacuum pump identifier vacuum level low unable to reach target identifier mbar possible internal wear or seal failure check all system flanges for air ingress pressure test with nitrogen inspect pump internals for vane or rotor wear replace worn components verify vacuum level achieved,vacuum pump identifier vacuum level low unable to reach target identifier mbar possible internal wear or seal failure check all system flanges for air ingress pressure test with nitrogen inspect pump internals for vane or rotor wear replace worn components verify vacuum level achieved
23515,20520823,BM-199,ball mill identifier annual liner replacement and trunnion bearing inspection drain mill remove worn liner plates install new liners to correct installation sequence torque all liner bolts inspect trunnion bearings refill with grinding media if required,ball mill identifier annual liner replacement and trunnion bearing inspection drain mill remove worn liner plates install new liners to correct installation sequence torque all liner bolts inspect trunnion bearings refill with grinding media if required
23558,20607696,K-316,compressor identifier discharge valve efficiency declining based on performance monitoring throughput identifier identifier below rated remove and bench test discharge valves replace worn valve seats and plates re test compressor performance post repair,compressor identifier discharge valve efficiency declining based on performance monitoring throughput identifier identifier below rated remove and bench test discharge valves replace worn valve seats and plates re test compressor performance post repair
23562,20609358,M-121,motor identifier earth fault trip single phase to earth detected on stator winding isolate motor identify faulted phase using ir and hipot testing send motor to approved rewind shop install inspected spare verify earth continuity post installation,motor identifier earth fault trip single phase to earth detected on stator winding isolate motor identify faulted phase using ir and hipot testing send motor to approved rewind shop install inspected spare verify earth continuity post installation
23598,20660368,TK-127,storage tank identifier annual calibration of all level and temperature instruments,storage tank identifier annual calibration of all level and temperature instruments
23723,20189742,DOS-037,dosing pump identifier low flow alarm dosing rate identifier l h below setpoint diaphragm or valve fault inspect suction and discharge check valves for wear or debris replace valve balls and seats check diaphragm condition replace diaphragm if cracked calibrate stroke length verify flow rate,dosing pump identifier low flow alarm dosing rate identifier l h below setpoint diaphragm or valve fault inspect suction and discharge check valves for wear or debris replace valve balls and seats check diaphragm condition replace diaphragm if cracked calibrate stroke length verify flow rate
23784,20409816,AG-080,agitator identifier gearbox oil temperature high temperature identifier degc above alarm setpoint drain gearbox inspect internal gears and bearings for damage replace oil clean oil cooler if fitted if bearing damaged replace and refill run up and monitor temperature,agitator identifier gearbox oil temperature high temperature identifier degc above alarm setpoint drain gearbox inspect internal gears and bearings for damage replace oil clean oil cooler if fitted if bearing damaged replace and refill run up and monitor temperature
23795,20683453,BM-130,ball mill identifier liner bolt failure mill shell vibration elevated shutdown required shut down mill inspect liner bolts for failure replace all suspect fasteners retorque all liner bolts to specification inspect liner plates for cracking trial run identifier hours,ball mill identifier liner bolt failure mill shell vibration elevated shutdown required shut down mill inspect liner bolts for failure replace all suspect fasteners retorque all liner bolts to specification inspect liner plates for cracking trial run identifier hours
23821,20701420,P-634,centrifugal pump identifier mechanical seal failure product leakage observed at gland area estimated identifier l h replace complete mechanical seal cartridge flush seal chamber pressure test at identifier bar return to service and monitor seal flush flow,centrifugal pump identifier mechanical seal failure product leakage observed at gland area estimated identifier l h replace complete mechanical seal cartridge flush seal chamber pressure test at identifier bar return to service and monitor seal flush flow
23829,20573509,VP-109,vacuum pump identifier vacuum level low unable to reach target identifier mbar possible internal wear or seal failure check all system flanges for air ingress pressure test with nitrogen inspect pump internals for vane or rotor wear replace worn components verify vacuum level achieved,vacuum pump identifier vacuum level low unable to reach target identifier mbar possible internal wear or seal failure check all system flanges for air ingress pressure test with nitrogen inspect pump internals for vane or rotor wear replace worn components verify vacuum level achieved
23872,20570330,P-509,centrifugal pump identifier bearing temperature high alarm drive end temperature identifier degc above baseline,centrifugal pump identifier bearing temperature high alarm drive end temperature identifier degc above baseline
23901,20315980,EX-061,extruder identifier screw drive motor overload trip torque identifier nm above maximum foreign object suspected emergency purge extruder remove screw inspect for foreign object damage replace damaged screw flights if necessary inspect barrel bore for scoring purge and recommission,extruder identifier screw drive motor overload trip torque identifier nm above maximum foreign object suspected emergency purge extruder remove screw inspect for foreign object damage replace damaged screw flights if necessary inspect barrel bore for scoring purge and recommission
23912,20108829,CT-022,cooling tower identifier annual basin cleaning and fill packing inspection drain basin clean and disinfect with chlorine solution inspect fill packing condition replace damaged packing sections check drift eliminators treat and refill legionella risk assessment update,cooling tower identifier annual basin cleaning and fill packing inspection drain basin clean and disinfect with chlorine solution inspect fill packing condition replace damaged packing sections check drift eliminators treat and refill legionella risk assessment update
23913,20206943,K-140,compressor identifier high vibration trip nde bearing vibration identifier mm s peak replace nde bearing check shaft alignment inspect labyrinth seals rebalance rotor if indicated run up on no load and verify vibration levels,compressor identifier high vibration trip nde bearing vibration identifier mm s peak replace nde bearing check shaft alignment inspect labyrinth seals rebalance rotor if indicated run up on no load and verify vibration levels
23942,20607676,K-316,compressor identifier annual overhaul per oem schedule valve inspection oil change and performance test disassemble suction and discharge valve assemblies replace valve plates and springs change lube oil and filters check coupling and alignment performance test,compressor identifier annual overhaul per oem schedule valve inspection oil change and performance test disassemble suction and discharge valve assemblies replace valve plates and springs change lube oil and filters check coupling and alignment performance test
23964,20193606,AG-039,agitator identifier annual agitator and impeller inspection remove impeller inspect blades for erosion and corrosion measure blade thickness replace if below minimum thickness inspect shaft bearings reassemble,agitator identifier annual agitator and impeller inspection remove impeller inspect blades for erosion and corrosion measure blade thickness replace if below minimum thickness inspect shaft bearings reassemble
23992,20761205,EV-146,evaporator identifier product carryover into condenser entrainment separator fouled remove and clean entrainment separator mesh pads inspect for damage replace if mesh is blocked or torn verify separator performance post cleaning,evaporator identifier product carryover into condenser entrainment separator fouled remove and clean entrainment separator mesh pads inspect for damage replace if mesh is blocked or torn verify separator performance post cleaning
24000,20209442,CT-041,cooling tower identifier fan bearing failure high vibration identifier mm s fan shutdown isolate fan remove fan assembly replace fan shaft bearing check fan blade condition and balance reassemble verify vibration on restart below alarm setpoint,cooling tower identifier fan bearing failure high vibration identifier mm s fan shutdown isolate fan remove fan assembly replace fan shaft bearing check fan blade condition and balance reassemble verify vibration on restart below alarm setpoint
24002,20567120,F-208,filter identifier quarterly filter housing inspection and o ring check inspect o ring condition and housing sealing surfaces replace o ring as precautionary measure pressure test housing verify differential pressure indication,filter identifier quarterly filter housing inspection and o ring check inspect o ring condition and housing sealing surfaces replace o ring as precautionary measure pressure test housing verify differential pressure indication
24006,20609318,M-120,motor identifier six monthly insulation resistance test and bearing grease replenishment ir test all three phases and record grease drive end and non drive end bearings per lubrication schedule check terminal connnections for heat damage document results,motor identifier six monthly insulation resistance test and bearing grease replenishment ir test all three phases and record grease drive end and non drive end bearings per lubrication schedule check terminal connnections for heat damage document results
24010,20304747,HV-060,hvac unit identifier six monthly filter change and coil inspection replace primary and secondary filters clean cooling and heating coils check condensate drain tray and trap inspect ductwork connection flanges document filter changes,hvac unit identifier six monthly filter change and coil inspection replace primary and secondary filters clean cooling and heating coils check condensate drain tray and trap inspect ductwork connection flanges document filter changes
24023,20347746,DRY-066,dryer identifier vacuum cannot reach target identifier mbar air ingress suspected from inspection port gasket pressure test dryer vessel with nitrogen to identify air ingress replace failed gasket on inspection port test all other flanges verify vacuum level achieved after repair,dryer identifier vacuum cannot reach target identifier mbar air ingress suspected from inspection port gasket pressure test dryer vessel with nitrogen to identify air ingress replace failed gasket on inspection port test all other flanges verify vacuum level achieved after repair
24036,20493976,M-100,motor identifier six monthly insulation resistance test and bearing grease replenishment ir test all three phases and record grease drive end and non drive end bearings per lubrication schedule check terminal connections for heat damage document results,motor identifier six monthly insulation resistance test and bearing grease replenishment ir test all three phases and record grease drive end and non drive end bearings per lubrication schedule check terminal connections for heat damage document results
24058,20240279,M-048,motor identifier earth fault trip single phase to earth detected on stator winding isolate motor identify faulted phase using ir and hipot testing send motor to approved rewind shop install inspected spare verify earth continuity post installation,motor identifier earth fault trip single phase to earth detected on stator winding isolate motor identify faulted phase using ir and hipot testing send motor to approved rewind shop install inspected spare verify earth continuity post installation
24075,20597197,HX-114,heat exchanger identifier annual inspection tube bundle inspection gasket replacement and pressure test drain and open channel head inspect tube sheet and tubes using boroscope replace gaskets on both heads hydraulic pressure test reinstate and commission,heat exchanger identifier annual inspection tube bundle inspection gasket replacement and pressure test drain and open channel head inspect tube sheet and tubes using boroscope replace gaskets on both heads hydraulic pressure test reinstate and commission
24083,20163808,SC-032,screw conveyor identifier annual trough liner inspection and coupling check inspect trough liner plates for wear replace worn liner sections check coupling condition and alignment verify all covers in place and safety guards serviceable,screw conveyor identifier annual trough liner inspection and coupling check inspect trough liner plates for wear replace worn liner sections check coupling condition and alignment verify all covers in place and safety guards serviceable
24142,20548130,FCC-105,fluid catalytic cracker identifier standpipe pluggage event catalyst circulation lost implement catalyst aeration procedure to restore standpipe flow inspect aeration taps for blockage clear any aeration line pluggage monitor catalyst density profile after recovery,fluid catalytic cracker identifier standpipe pluggage event catalyst circulation lost implement catalyst aeration procedure to restore standpipe flow inspect aeration taps for blockage clear any aeration line pluggage monitor catalyst density profile after recovery
24164,20429390,HX-382,drain and open channel head inspect tube sheet and tubes using boroscope replace gaskets on both heads hydraulic pressure test reinstate and commission,drain and open channel head inspect tube sheet and tubes using boroscope replace gaskets on both heads hydraulic pressure test reinstate and commission
24248,20424476,TK-082,storage tank identifier roof drain blockage causing water ingress to product clear roof drain blockage inspect drain seal condition replace corroded drain fitting verify drain flow rate post repair,storage tank identifier roof drain blockage causing water ingress to product clear roof drain blockage inspect drain seal condition replace corroded drain fitting verify drain flow rate post repair
24270,20006777,R-202,reactor identifier quarterly agitator mechanical seal and gearbox oil service drain gearbox replace oil with approved grade inspect mechanical seal faces for wear replace seal if face wear exceeds tolerance check impeller clearance,reactor identifier quarterly agitator mechanical seal and gearbox oil service drain gearbox replace oil with approved grade inspect mechanical seal faces for wear replace seal if face wear exceeds tolerance check impeller clearance
24380,20486876,K-193,compressor identifier low lube oil pressure alarm oil pressure identifier bar below minimum unit tripped drain and inspect lube oil system replace oil filter cartridges check oil pump relief valve refill with approved oil grade run up and verify pressure,compressor identifier low lube oil pressure alarm oil pressure identifier bar below minimum unit tripped drain and inspect lube oil system replace oil filter cartridges check oil pump relief valve refill with approved oil grade run up and verify pressure
24439,20544167,P-704,centrifugal pump identifier bearing temperature high alarm drive end temperature identifier degc above baseline remove bearing housing end cover measure bearing clearance replace worn bearing re grease per lubrication schedule monitor temperature for identifier hours post start,centrifugal pump identifier bearing temperature high alarm drive end temperature identifier degc above baseline remove bearing housing end cover measure bearing clearance replace worn bearing re grease per lubrication schedule monitor temperature for identifier hours post start
24452,20185743,P-536,centrifugal pump identifier quarterly lubrication service bearing grease replenishment and vibration baseline measurement grease drive end and non drive end bearings measure and record vibration signature check motor current at duty point inspect coupling spider for wear,centrifugal pump identifier quarterly lubrication service bearing grease replenishment and vibration baseline measurement grease drive end and non drive end bearings measure and record vibration signature check motor current at duty point inspect coupling spider for wear
24471,20082290,M-020,motor identifier vfd overcurrent fault drive tripped on identifier at identifier a check vfd parameters and fault log inspect motor terminal connections megger test windings check encoder feedback signal clear fault and trial run under reduced load,motor identifier vfd overcurrent fault drive tripped on identifier at identifier a check vfd parameters and fault log inspect motor terminal connections megger test windings check encoder feedback signal clear fault and trial run under reduced load
24546,20189768,DOS-037,dosing pump identifier annual calibration and flow verification calibrate dosing pump using certified flow measurement method verify actual versus setpoint flow across operating range adjust if outside tolerance document calibration results,dosing pump identifier annual calibration and flow verification calibrate dosing pump using certified flow measurement method verify actual versus setpoint flow across operating range adjust if outside tolerance document calibration results
24557,20702243,R-135,reactor identifier jacket leak confirmed pressure decay test failed on zone identifier at identifier bar identify leak location on jacket weld seam using nitrogen pressure test weld repair by certified welder post weld heat treat if required retest at identifier design pressure,reactor identifier jacket leak confirmed pressure decay test failed on zone identifier at identifier bar identify leak location on jacket weld seam using nitrogen pressure test weld repair by certified welder post weld heat treat if required retest at identifier design pressure
24594,20494596,GB-094,gearbox identifier six monthly oil sample analysis and external inspection take oil sample for laboratory analysis inspect for external leaks check oil level inspect coupling for wear document condition oil analysis report to maintenance planner,gearbox identifier six monthly oil sample analysis and external inspection take oil sample for laboratory analysis inspect for external leaks check oil level inspect coupling for wear document condition oil analysis report to maintenance planner
24598,-20333678.0,P-365,centrifugal pump identifier vibration trending upward over identifier days broadband velocity identifier mm s bearing defect frequency identified in spectrum vibration analysis confirms bearing fault replace drive end bearing proactively re baseline vibration signature after repair,centrifugal pump identifier vibration trending upward over identifier days broadband velocity identifier mm s bearing defect frequency identified in spectrum vibration analysis confirms bearing fault replace drive end bearing proactively re baseline vibration signature after repair
24621,2050815,BM-199,ball mill identifier liner bolt failure mill shell vibration elevated shutdown required shut down mill inspect liner bolts for failure replace all suspect fasteners retorque all liner bolts to specification inspect liner plates for cracking trial run identifier hours,ball mill identifier liner bolt failure mill shell vibration elevated shutdown required shut down mill inspect liner bolts for failure replace all suspect fasteners retorque all liner bolts to specification inspect liner plates for cracking trial run identifier hours
24641,20078430,GT-015,inspect gas turbine internals via borescope identify blade damage or fouling compressor wash offline if blade damage confirmed plan major inspection replace de bearing if worn,inspect gas turbine internals via borescope identify blade damage or fouling compressor wash offline if blade damage confirmed plan major inspection replace de bearing if worn
24651,20306385,GS-158,gas scrubber identifier high identifier outlet alarm identifier ppm scrubbing efficiency loss chemical depletion increase caustic dosing rate check ph of scrubbing liquor top up caustic tank inspect spray nozzles for wear and blockage replace nozzles if worn verify outlet identifier after adjustment,gas scrubber identifier high identifier outlet alarm identifier ppm scrubbing efficiency loss chemical depletion increase caustic dosing rate check ph of scrubbing liquor top up caustic tank inspect spray nozzles for wear and blockage replace nozzles if worn verify outlet identifier after adjustment
24671,20071046,TK-314,storage tank identifier outlet valve passing confirmed by downstream flow with valve closed,storage tank identifier outlet valve passing confirmed by downstream flow with valve closed
24673,20234445,BLR-145,boiler identifier high conductivity alarm boiler water tds identifier ppm above blowdown setpoint in rease blowd wn fr quen y che k dosing ump f r hemic l ddition flush with fresh feedwat r v rify conductivity analys r calibr ti n,boiler identifier high conductivity alarm boiler water tds identifier ppm above blowdown setpoint in rease blowd wn fr quen y che k dosing ump f r hemic l ddition flush with fresh feedwat r v rify conductivity analys r calibr ti n
24700,20484685,SEP-093,separator identifier liquid dump valve failing to open liquid accumulation in vessel isolate dump valve remove actuator inspect valve body for erosion and debris replace seat and trim actuator service stroke test under pressure verify automatic control,separator identifier liquid dump valve failing to open liquid accumulation in vessel isolate dump valve remove actuator inspect valve body for erosion and debris replace seat and trim actuator service stroke test under pressure verify automatic control
24723,20064698,K-014,compressor identifier high discharge temperature alarm discharge temp identifier degc exceeding trip setpoint inspect intercooler for fouling clean tube bundle check cooling water flow verify discharge valve seating retest at operating conditions,compressor identifier high discharge temperature alarm discharge temp identifier degc exceeding trip setpoint inspect intercooler for fouling clean tube bundle check cooling water flow verify discharge valve seating retest at operating conditions
24748,20673411,UF-228,ultrafiltration unit identifier normalised flux declining identifier versus baseline membrane fouling confirmed perform enhanced cip with citric acid identifier solution monitor flux recovery if flux not restored replace fouled membrane modules rebaseline after chemical clean,ultrafiltration unit identifier normalised flux declining identifier versus baseline membrane fouling confirmed perform enhanced cip with citric acid identifier solution monitor flux recovery if flux not restored replace fouled membrane modules rebaseline after chemical clean
24796,20501498,P-196,centrifugal pump identifier bearing temperature high alarm drive end temperature identifier degc above baseline remove bearing housing end cover measure bearing clearance replace worn bearing re grease per lubrication schedule monitor temperature for identifier hours post start,centrifugal pump identifier bearing temperature high alarm drive end temperature identifier degc above baseline remove bearing housing end cover measure bearing clearance replace worn bearing re grease per lubrication schedule monitor temperature for identifier hours post start
24801,20064193,P-214,centrifugal pump identifier motor current increasing trend current draw identifier a versus baseline identifier a possible internal wear inspect impeller and wear rings for erosion measure internal clearances replace worn components re test performance at duty conditions,centrifugal pump identifier motor current increasing trend current draw identifier a versus baseline identifier a possible internal wear inspect impeller and wear rings for erosion measure internal clearances replace worn components re test performance at duty conditions
24815,20472210,CR-091,crystalliser identifier agitator overload motor current identifier a suspected crystalline buildup on impeller shutdown and open identifier manway remove crystalline deposit from impeller and baffles using citric acid solvent wash inspect impeller blades for damage reassemble and verify torque,crystalliser identifier agitator overload motor current identifier a suspected crystalline buildup on impeller shutdown and open identifier manway remove crystalline deposit from impeller and baffles using citric acid solvent wash inspect impeller blades for damage reassemble and verify torque
24824,20039239,BLR-008,boiler identifier annual statutory inspection internal and external inspection per local pressure vessel regulations drain boiler descale waterside surfaces inspect fireside tubes and refractory inspect safety valve pressure gauge and water level gauges prepare inspection report for regulatory authority,boiler identifier annual statutory inspection internal and external inspection per local pressure vessel regulations drain boiler descale waterside surfaces inspect fireside tubes and refractory inspect safety valve pressure gauge and water level gauges prepare inspection report for regulatory authority
24859,20089892,P-118,centrifugal pump identifier quarterly lubrication service bearing grease replenishment and vibration baseline measurement grease drive end and non drive end bearings measure and record vibration signature check motor current at duty point inspect coupling spider for wear,centrifugal pump identifier quarterly lubrication service bearing grease replenishment and vibration baseline measurement grease drive end and non drive end bearings measure and record vibration signature check motor current at duty point inspect coupling spider for wear
24869,20176691,TK-234,storage tank identifier annual calibration of all level and temperature instruments calibrate all level transmitters against certified reference check temperature sensor accuracy verify high level alarm setpoints update calibration records,storage tank identifier annual calibration of all level and temperature instruments calibrate all level transmitters against certified reference check temperature sensor accuracy verify high level alarm setpoints update calibration records
24876,20328648,P-563,centrifugal pump identifier six monthly planned maintenance bearing inspection mechanical seal check and coupling alignment verification inspect bearing condition and clearances replenish grease per lubrication schedule total carter ep identifier check coupling alignment verify seal flush flow rate update maintenance record,centrifugal pump identifier six monthly planned maintenance bearing inspection mechanical seal check and coupling alignment verification inspect bearing condition and clearances replenish grease per lubrication schedule total carter ep identifier check coupling alignment verify seal flush flow rate update maintenance record
24917,20478535,HV-092,hvac unit identifier hepa filter differential pressure high high alarm dp identifier pa cleanroom qualification at risk isolate hvac unit replace hepa filter cassette seal integrity test with particle counter verify room pressure recovery document in gxp qualification record,hvac unit identifier hepa filter differential pressure high high alarm dp identifier pa cleanroom qualification at risk isolate hvac unit replace hepa filter cassette seal integrity test with particle counter verify room pressure recovery document in gxp qualification record
25023,20550207,HX-305,heat exchanger identifier outlet temperature low heat transfer coefficient identifier identifier below design identifier identifier,heat exchanger identifier outlet temperature low heat transfer coefficient identifier identifier below design identifier identifier
25041,20525873,CT-101,cooling tower identifier six monthly fan inspection and gearbox oil change inspect fan blades for erosion check blade pitch angle uniformity change gearbox oil inspect gearbox for wear lubricate fan shaft bearings measure and record vibration,cooling tower identifier six monthly fan inspection and gearbox oil change inspect fan blades for erosion check blade pitch angle uniformity change gearbox oil inspect gearbox for wear lubricate fan shaft bearings measure and record vibration
25154,20045568,CV-209,belt conveyor identifier quarterly roller belt and structure inspection walk full conveyor length inspect belt condition and splices replace damaged or seized idler rollers check belt tension lubricate all grease points test emergency pull cord,belt conveyor identifier quarterly roller belt and structure inspection walk full conveyor length inspect belt condition and splices replace damaged or seized idler rollers check belt tension lubricate all grease points test emergency pull cord
25188,20118793,M-029,motor identifier earth fault trip single phase to earth detected on stator winding isolate motor identify faulted phase using ir and hipot testing send motor to approved rewind shop install inspected spare verify earth continuity post installation,motor identifier earth fault trip single phase to earth detected on stator winding isolate motor identify faulted phase using ir and hipot testing send motor to approved rewind shop install inspected spare verify earth continuity post installation
25228,20515711,DRY-099,dryer identifier six monthly steam trap inspection and condenser cleaning test all steam traps for correct operation replace failed traps clean condenser coils check vacuum pump condition verify all instruments are calibrated,dryer identifier six monthly steam trap inspection and condenser cleaning test all steam traps for correct operation replace failed traps clean condenser coils check vacuum pump condition verify all instruments are calibrated
25229,20653981,P-426,centrifugal pump identifier low flow alarm active flow identifier identifier below minimum process requirement inspect impeller for wear and blockage remove any debris check wear ring clearance trim impeller if required verify system curve against pump curve,centrifugal pump identifier low flow alarm active flow identifier identifier below minimum process requirement inspect impeller for wear and blockage remove any debris check wear ring clearance trim impeller if required verify system curve against pump curve
25234,20179572,SC-034,screw conveyor identifier blocked motor overload trip material compaction in trough isolate and lockout access clean out ports to clear material compaction check for foreign material in product inspect screw for damage verify material properties within design spec,screw conveyor identifier blocked motor overload trip material compaction in trough isolate and lockout access clean out ports to clear material compaction check for foreign material in product inspect screw for damage verify material properties within design spec
25300,20007997,M-006,motor identifier vfd overcurrent fault drive tripped on identifier at identifier a check vfd parameters and fault log inspect motor terminal connections megger test windings check encoder feedback signal clear fault and trial run under reduced load,motor identifier vfd overcurrent fault drive tripped on identifier at identifier a check vfd parameters and fault log inspect motor terminal connections megger test windings check encoder feedback signal clear fault and trial run under reduced load
25357,20153313,P-230,centrifugal pump identifier mechanical seal failure product leakage observed at gland area estimated identifier l h replace complete mechanical seal cartridge flush seal chamber pressure test at identifier bar return to service and monitor seal flush flow,centrifugal pump identifier mechanical seal failure product leakage observed at gland area estimated identifier l h replace complete mechanical seal cartridge flush seal chamber pressure test at identifier bar return to service and monitor seal flush flow
25363,20650831,M-124,motor identifier insulation resistance failure megger test identifier mohm below minimum identifier mohm winding degradation dis onnect mot r and perform full ir test on all hases t st c nfirms winding failure remove motor f r rewind install spar motor align and commission,motor identifier insulation resistance failure megger test identifier mohm below minimum identifier mohm winding degradation dis onnect mot r and perform full ir test on all hases t st c nfirms winding failure remove motor f r rewind install spar motor align and commission
25420,20439443,K-085,compressor identifier surge event detected inlet guide vane malfunction suspected,compressor identifier surge event detected inlet guide vane malfunction suspected
25421,20760234,HX-245,heat exchanger identifier annual inspection tube bundle inspection gasket replacement and pressure test drain and open h nn l he d ins ect tube sh et nd tubes using b roscope repl ce gaskets n both heads hydrauli ressure t st reinst t and c mmission,heat exchanger identifier annual inspection tube bundle inspection gasket replacement and pressure test drain and open h nn l he d ins ect tube sh et nd tubes using b roscope repl ce gaskets n both heads hydrauli ressure t st reinst t and c mmission
25443,20599370,HV-114,hvac unit identifier supply fan drive belt failure airflow loss to controlled area replace drive belt with correct specification check tension and alignment on pulleys run up and verify supply air volume check room pressures return to setpoint,hvac unit identifier supply fan drive belt failure airflow loss to controlled area replace drive belt with correct specification check tension and alignment on pulleys run up and verify supply air volume check room pressures return to setpoint
25476,20428699,P-582,centrifugal pump identifier motor current increasing trend current draw identifier a versus baseline identifier a possible internal wear inspect impeller and wear rings for erosion measure internal clearances replace worn components re test performance at duty conditions,centrifugal pump identifier motor current increasing trend current draw identifier a versus baseline identifier a possible internal wear inspect impeller and wear rings for erosion measure internal clearances replace worn components re test performance at duty conditions
25485,20535856,AG-103,agitator identifier mechanical seal failure product leakage at shaft gland area isolate vessel remove agitator shaft replace mechanical seal complete assembly inspect shaft for scoring reinstall pressure test seal chamber monitor seal flush post start,agitator identifier mechanical seal failure product leakage at shaft gland area isolate vessel remove agitator shaft replace mechanical seal complete assembly inspect shaft for scoring reinstall pressure test seal chamber monitor seal flush post start
25488,20309081,F-059,filter identifier quarterly filter housing inspection and o ring check inspect o ring condition and housing sealing surfaces replace o ring as precautionary measure pressure test housing verify differential pressure indication,filter identifier quarterly filter housing inspection and o ring check inspect o ring condition and housing sealing surfaces replace o ring as precautionary measure pressure test housing verify differential pressure indication
25493,20481116,P-492,centrifugal pump identifier annual overhaul full disassembly wear measurement impeller and seal replacement full pump disassembly measure all wear components against tolerances replace impeller wear rings bearings and mechanical seal reassemble align and performance test,centrifugal pump identifier annual overhaul full disassembly wear measurement impeller and seal replacement full pump disassembly measure all wear components against tolerances replace impeller wear rings bearings and mechanical seal reassemble align and performance test
25522,20174600,P-134,centrifugal pump identifier mechanical seal failure product leakage observed at gland area estimated identifier l h replace complete mechanical seal cartridge flush seal chamber pressure test at identifier bar return to service and monitor seal flush flow,centrifugal pump identifier mechanical seal failure product leakage observed at gland area estimated identifier l h replace complete mechanical seal cartridge flush seal chamber pressure test at identifier bar return to service and monitor seal flush flow
25538,20175070,P-334,centrifugal pump identifier motor current increasing trend current draw identifier a versus baseline identifier a possible internal wear inspect impeller and wear rings for erosion measure internal clearances replace worn components re test performance at duty conditions,centrifugal pump identifier motor current increasing trend current draw identifier a versus baseline identifier a possible internal wear inspect impeller and wear rings for erosion measure internal clearances replace worn components re test performance at duty conditions
25559,20590616,P-213,centrifugal pump identifier quarterly lubrication service bearing grease replenishment and vibration baseline measurement grease drive end and non drive end bearings measure and record vibration signature check motor current at duty point inspect coupling spider for wear,centrifugal pump identifier quarterly lubrication service bearing grease replenishment and vibration baseline measurement grease drive end and non drive end bearings measure and record vibration signature check motor current at duty point inspect coupling spider for wear
25610,20600282,GT-114,gas turbine identifier flame out on start igniter fault suspected inspect igniter plugs for erosion replace igniter check fuel supply isolation valve and fuel manifold pressure verify flame detector signal attempt controlled restart per procedure,gas turbine identifier flame out on start igniter fault suspected inspect igniter plugs for erosion replace igniter check fuel supply isolation valve and fuel manifold pressure verify flame detector signal attempt controlled restart per procedure
25617,20538957,K-104,compressor identifier high vibration trip nde bearing vibration identifier mm s peak replace nde bearing check shaft alignment inspect labyrinth seals rebalance rotor if indicated run up on no load and verify vibration levels,compressor identifier high vibration trip nde bearing vibration identifier mm s peak replace nde bearing check shaft alignment inspect labyrinth seals rebalance rotor if indicated run up on no load and verify vibration levels
25693,20622058,P-220,centrifugal pump identifier annual overhaul full disassembly wear measurement impeller and seal replacement full pump disassembly measure all wear components against tolerances replace impeller wear rings bearings and mechanical seal reassemble align and performance test,centrifugal pump identifier annual overhaul full disassembly wear measurement impeller and seal replacement full pump disassembly measure all wear components against tolerances replace impeller wear rings bearings and mechanical seal reassemble align and performance test
25713,20548370,DOS-106,dosing pump identifier annual calibration and flow verification calibrate dosing pump using certified flow measurement method verify actual versus setpoint flow across operating range adjust if outside tolerance document calibration results,dosing pump identifier annual calibration and flow verification calibrate dosing pump using certified flow measurement method verify actual versus setpoint flow across operating range adjust if outside tolerance document calibration results
25725,20050682,M-017,motor identifier vfd overcurrent fault drive tripped on identifier at identifier a check vfd parameters and fault log inspect motor terminal connections megger test windings check encoder feedback signal clear fault and trial run under reduced load,motor identifier vfd overcurrent fault drive tripped on identifier at identifier a check vfd parameters and fault log inspect motor terminal connections megger test windings check encoder feedback signal clear fault and trial run under reduced load
25773,20735954,AG-141,agitator identifier mechanical seal failure product leakage at shaft gland area isolate vessel remove agitator shaft replace mechanical seal complete assembly inspect shaft for scoring reinstall pressure test seal chamber monitor seal flush post start,agitator identifier mechanical seal failure product leakage at shaft gland area isolate vessel remove agitator shaft replace mechanical seal complete assembly inspect shaft for scoring reinstall pressure test seal chamber monitor seal flush post start
25805,20712119,K-136,compressor identifier low lube oil pressure alarm oil pressure identifier bar below minimum unit tripped drain and inspect lube oil system replace oil filter cartridges check oil pump relief valve refill with approved oil grade run up and verify pressure,compressor identifier low lube oil pressure alarm oil pressure identifier bar below minimum unit tripped drain and inspect lube oil system replace oil filter cartridges check oil pump relief valve refill with approved oil grade run up and verify pressure
25818,20007760,F-004,filter identifier quarterly filter housing inspection and o ring check inspect o ring condition and housing sealing surfaces replace o ring as precautionary measure pressure test housing verify differential pressure indication,filter identifier quarterly filter housing inspection and o ring check inspect o ring condition and housing sealing surfaces replace o ring as precautionary measure pressure test housing verify differential pressure indication
25838,20494130,CV-096,belt conveyor identifier annual gearbox oil change and drive inspection drain gearbox replace oil with approved grade inspect coupling and guard condition check brake adjustment verify all safety switches and interlocks operational,belt conveyor identifier annual gearbox oil change and drive inspection drain gearbox replace oil with approved grade inspect coupling and guard condition check brake adjustment verify all safety switches and interlocks operational
25856,20055034,TK-211,storage tank identifier roof drain blockage causing water ingress to product clear roof drain blockage inspect drain seal condition replace corroded drain fitting verify drain flow rate post repair,storage tank identifier roof drain blockage causing water ingress to product clear roof drain blockage inspect drain seal condition replace corroded drain fitting verify drain flow rate post repair
25907,20334066,K-066,compressor identifier high discharge temperature alarm discharge temp identifier degc exceeding trip setpoint inspect intercooler for fouling clean tube bundle check cooling water flow verify discharge valve seating retest at operating conditions,compressor identifier high discharge temperature alarm discharge temp identifier degc exceeding trip setpoint inspect intercooler for fouling clean tube bundle check cooling water flow verify discharge valve seating retest at operating conditions
26007,20211653,P-242,centrifugal pump identifier quarterly lubrication service bearing grease replenishment and vibration baseline measurement grease drive end and non drive end bearings measure and record vibration signature check motor current at duty point inspect coupling spider for wear,centrifugal pump identifier quarterly lubrication service bearing grease replenishment and vibration baseline measurement grease drive end and non drive end bearings measure and record vibration signature check motor current at duty point inspect coupling spider for wear
26028,20590659,P-214,centrifugal pump identifier motor overload trip overcurrent detected phase a identifier a above flc megger test motor windings check vfd parameters inspect terminal connections for heat damage replace overload relay if tripped beyond reset,centrifugal pump identifier motor overload trip overcurrent detected phase a identifier a above flc megger test motor windings check vfd parameters inspect terminal connections for heat damage replace overload relay if tripped beyond reset
26057,20539718,DC-104,distillation column identifier lanned turnar und tray insp ction and cleaning full internal inspection of all trays record tray conditions replace damaged tray panels clean downcomers and sumps inspect column internals for corrosion,distillation column identifier lanned turnar und tray insp ction and cleaning full internal inspection of all trays record tray conditions replace damaged tray panels clean downcomers and sumps inspect column internals for corrosion
26078,20449159,P-188,centrifugal pump identifier quarterly lubrication service bearing grease replenishment and vibration baseline measurement grease drive end and non drive end bearings measure and record vibration signature check motor current at duty point inspect coupling spider for wear,centrifugal pump identifier quarterly lubrication service bearing grease replenishment and vibration baseline measurement grease drive end and non drive end bearings measure and record vibration signature check motor current at duty point inspect coupling spider for wear
26081,20482035,R-094,reactor identifier annual shutdown inspection internal inspection instrument calibration and gasket replacement open reactor manways internal visual inspection for corrosion and erosion replace all manway gaskets calibrate all critical instruments update mechanical integrity record,reactor identifier annual shutdown inspection internal inspection instrument calibration and gasket replacement open reactor manways internal visual inspection for corrosion and erosion replace all manway gaskets calibrate all critical instruments update mechanical integrity record
26086,20491627,P-394,centrifugal pump identifier vibration trending upward over identifier days broadband velocity identifier mm s bearing defect frequency identified in spectrum vibration analysis confirms bearing fault replace drive end bearing proactively re baseline vibration signature after repair,centrifugal pump identifier vibration trending upward over identifier days broadband velocity identifier mm s bearing defect frequency identified in spectrum vibration analysis confirms bearing fault replace drive end bearing proactively re baseline vibration signature after repair
26172,20300250,GT-057,gas turbine identifier flame out on start igniter fault suspected inspect igniter plugs for erosion replace igniter check fuel supply isolation valve and fuel manifold pressure verify flame detector signal attempt controlled restart per procedure,gas turbine identifier flame out on start igniter fault suspected inspect igniter plugs for erosion replace igniter check fuel supply isolation valve and fuel manifold pressure verify flame detector signal attempt controlled restart per procedure
26175,20352967,SEP-068,separator identifier interface level control erratic identifier suspected fouling on displacer remove level transmitter clean displacer float calibrate instrument using water column replace isolation valves on bridle if passing reinstall and verify control response,separator identifier interface level control erratic identifier suspected fouling on displacer remove level transmitter clean displacer float calibrate instrument using water column replace isolation valves on bridle if passing reinstall and verify control response
26185,20218421,TK-043,storage tank identifier annual calibration of all level and temperature instruments calibrate all level transmitters against certified reference check temperature sensor accuracy verify high level alarm setpoints update calibration records,storage tank identifier annual calibration of all level and temperature instruments calibrate all level transmitters against certified reference check temperature sensor accuracy verify high level alarm setpoints update calibration records
26227,20198753,HV-138,hvac unit identifier hepa filter differential pressure high high alarm dp identifier pa cleanroom qualification at risk isolate hvac unit replace hepa filter cassette seal integrity test with particle counter verify room pressure recovery document in gxp qualification record,hvac unit identifier hepa filter differential pressure high high alarm dp identifier pa cleanroom qualification at risk isolate hvac unit replace hepa filter cassette seal integrity test with particle counter verify room pressure recovery document in gxp qualification record
26228,20658905,P-426,centrifugal pump identifier six monthly planned maintenance bearing inspection mechanical seal check and coupling alignment verification inspect bearing condition and clearances replenish grease per lubrication schedule mobil shc identifier check coupling alignment verify seal flush flow rate update maintenance record,centrifugal pump identifier six monthly planned maintenance bearing inspection mechanical seal check and coupling alignment verification inspect bearing condition and clearances replenish grease per lubrication schedule mobil shc identifier check coupling alignment verify seal flush flow rate update maintenance record
26251,20189790,DOS-038,dosing pump identifier six monthly diaphragm replacement and valve inspection replace dosing diaphragm as preventive measure inspect suction and discharge valves replace worn valve components flush dosing head calibrate stroke and verify flow rate,dosing pump identifier six monthly diaphragm replacement and valve inspection replace dosing diaphragm as preventive measure inspect suction and discharge valves replace worn valve components flush dosing head calibrate stroke and verify flow rate
26255,20300471,UF-058,ultrafiltration unit identifier quarterly membrane integrity test and chemical clean perform air pressure decay integrity test on all modules record results chemical clean with citric acid and sodium hypochlorite per sop re test flux after cleaning,ultrafiltration unit identifier quarterly membrane integrity test and chemical clean perform air pressure decay integrity test on all modules record results chemical clean with citric acid and sodium hypochlorite per sop re test flux after cleaning
26267,20364137,DP-070,diaphragm pump identifier pump stalled air inlet valve frozen open no stroke detected disassemble air distribution valve clean or replace frozen valve spool check air supply quality for moisture and contamination install air line filter regulator lubricator if not present,diaphragm pump identifier pump stalled air inlet valve frozen open no stroke detected disassemble air distribution valve clean or replace frozen valve spool check air supply quality for moisture and contamination install air line filter regulator lubricator if not present
26304,20495771,DOS-094,dosing pump identifier six monthly diaphragm replacement and valve inspection replace dosing diaphragm as preventive measure inspect suction and discharge valves replace worn valve components flush dosing head calibrate stroke and verify flow rate,dosing pump identifier six monthly diaphragm replacement and valve inspection replace dosing diaphragm as preventive measure inspect suction and discharge valves replace worn valve components flush dosing head calibrate stroke and verify flow rate
26315,20518122,HX-100,heat exchanger identifier tube lea kdetected cross contamination confirmed by conductivity rise on shell side pressure test tube bundle with nitrogen identify leaking tubes plug failed tubes or replace bundle hydrotest at identifier design pressure update mechanical integrity record,heat exchanger identifier tube lea kdetected cross contamination confirmed by conductivity rise on shell side pressure test tube bundle with nitrogen identify leaking tubes plug failed tubes or replace bundle hydrotest at identifier design pressure update mechanical integrity record
26344,20673419,UF-228,ultrafiltration unit identifier quarterly membrane integrity test and chemical clean perform air pressure decay integrity test on all modules record results chemical clean with citric acid and sodium hypochlorite per sop re test flux after cleaning,ultrafiltration unit identifier quarterly membrane integrity test and chemical clean perform air pressure decay integrity test on all modules record results chemical clean with citric acid and sodium hypochlorite per sop re test flux after cleaning
26393,20534674,TK-106,storage tank identifier outlet valve passing confirmed by downstream flow with valve closed isolate valve disassemble inspect seat and ball gate for erosion lap seat if minor damage replace valve internals if worn beyond tolerance,storage tank identifier outlet valve passing confirmed by downstream flow with valve closed isolate valve disassemble inspect seat and ball gate for erosion lap seat if minor damage replace valve internals if worn beyond tolerance
26406,20485919,P-194,centrifugal pump identifier bearing temperature high alarm drive end temperature identifier degc above baseline remove bearing housing end cover measure bearing clearance replace worn bearing re grease per lubrication schedule monitor temperature for identifier hours post start,centrifugal pump identifier bearing temperature high alarm drive end temperature identifier degc above baseline remove bearing housing end cover measure bearing clearance replace worn bearing re grease per lubrication schedule monitor temperature for identifier hours post start
26473,20609765,AG-216,agitator identifier gearbox oil temperature high temperature identifier degc above alarm setpoint drain gearbox inspect internal gears and bearings for damage replace oil clean oil cooler if fitted if bearing damaged replace and refill run up and monitor temperature,agitator identifier gearbox oil temperature high temperature identifier degc above alarm setpoint drain gearbox inspect internal gears and bearings for damage replace oil clean oil cooler if fitted if bearing damaged replace and refill run up and monitor temperature
26572,20601765,P-316,centrifugal pump identifier motor current increasing trend current draw identifier a versus baseline identifier a possible internal wear inspect impeller and wear rings for erosion measure internal clearances replace worn components re test performance at duty conditions,centrifugal pump identifier motor current increasing trend current draw identifier a versus baseline identifier a possible internal wear inspect impeller and wear rings for erosion measure internal clearances replace worn components re test performance at duty conditions
26573,20430178,CF-083,centrifuge identifier six monthly basket bearing and seal inspection inspect basket condition measure bearing clearances check mechanical seal faces inspect braking system lubricate all grease points test safety interlock operation,centrifuge identifier six monthly basket bearing and seal inspection inspect basket condition measure bearing clearances check mechanical seal faces inspect braking system lubricate all grease points test safety interlock operation
26596,20496470,P-197,centrifugal pump identifier six monthly planned maintenance bearing inspection mechanical seal check and coupling alignment verification inspect bearing condition and clearances replenish grease per lubrication schedule shell omala identifier check coupling alignment verify seal flush flow rate update maintenance record,centrifugal pump identifier six monthly planned maintenance bearing inspection mechanical seal check and coupling alignment verification inspect bearing condition and clearances replenish grease per lubrication schedule shell omala identifier check coupling alignment verify seal flush flow rate update maintenance record
26597,20612893,K-317,compressor identifier discharge valve efficiency declining based on performance monitoring throughput identifier identifier below rated remove and bench test discharge valves replace worn valve seats and plates re test compressor performance post repair,compressor identifier discharge valve efficiency declining based on performance monitoring throughput identifier identifier below rated remove and bench test discharge valves replace worn valve seats and plates re test compressor performance post repair
26629,20662694,DRY-126,dryer identifier six monthly steam trap inspection and condenser cleaning test all steam traps for correct operation replace failed traps clean condenser coils check vacuum pump condition verify all instruments are calibrated,dryer identifier six monthly steam trap inspection and condenser cleaning test all steam traps for correct operation replace failed traps clean condenser coils check vacuum pump condition verify all instruments are calibrated
26649,20138717,R-227,reactor identifier quarterly agitator mechanical seal and gearbox oil service drain gearbox replace oil with approved grade inspect mechanical seal faces for wear replace seal if face wear exceeds tolerance check impeller clearance,reactor identifier quarterly agitator mechanical seal and gearbox oil service drain gearbox replace oil with approved grade inspect mechanical seal faces for wear replace seal if face wear exceeds tolerance check impeller clearance
26683,20368838,GT-071,gas turbine identifier hot section borescope inspection per oem schedule borescope inspection of all compressor and turbine stages record blade condition replace any blades with damage beyond serviceable limits update oem inspection record,gas turbine identifier hot section borescope inspection per oem schedule borescope inspection of all compressor and turbine stages record blade condition replace any blades with damage beyond serviceable limits update oem inspection record
26691,20726035,DRY-139,test all steam traps for correct operation replace failed traps clean condenser coils check vacuum pump condition verify all instruments are calibrated,test all steam traps for correct operation replace failed traps clean condenser coils check vacuum pump condition verify all instruments are calibrated
26696,20028536,CF-007,centrifuge identifier basket imbalance vibration trip vibration identifier mm s peak product batch loss balance basket assembly inspect screen for damage and blockage remove debris perform dynamic balance test trial run at identifier then identifier speed verify vibration within limits,centrifuge identifier basket imbalance vibration trip vibration identifier mm s peak product batch loss balance basket assembly inspect screen for damage and blockage remove debris perform dynamic balance test trial run at identifier then identifier speed verify vibration within limits
26705,20171505,BLR-034,boiler identifier high conductivity alarm boiler water tds identifier ppm above blowdown setpoint increase blowdown frequency check dosing pump for chemical addition flush with fresh feedwater verify conductivity analyser calibration,boiler identifier high conductivity alarm boiler water tds identifier ppm above blowdown setpoint increase blowdown frequency check dosing pump for chemical addition flush with fresh feedwater verify conductivity analyser calibration
26709,20232172,SC-144,screw conveyor identifier annual trough liner inspection and coupling check inspect trough liner plates for wear replace worn liner sections check coupling condition and alignment verify all covers in place and safety guards serviceable,screw conveyor identifier annual trough liner inspection and coupling check inspect trough liner plates for wear replace worn liner sections check coupling condition and alignment verify all covers in place and safety guards serviceable
26756,20492310,K-294,compressor identifier six monthly lube oil analysis and filter change drain lube oil replace filters refill with approved grade conduct oil analysis on drained oil check oil cooler condition update lubrication record,compressor identifier six monthly lube oil analysis and filter change drain lube oil replace filters refill with approved grade conduct oil analysis on drained oil check oil cooler condition update lubrication record
26766,20199482,GT-038,gas turbine identifier combustion inspection fuel nozzles and transition piece inspection remove combustion liners inspect for cracking and oxidation replace liners beyond service life inspect and clean fuel nozzles replace transition pieces if cracked,gas turbine identifier combustion inspection fuel nozzles and transition piece inspection remove combustion liners inspect for cracking and oxidation replace liners beyond service life inspect and clean fuel nozzles replace transition pieces if cracked
26862,20251921,BM-048,drain mill remove worn liner plates install new liners to correct installation sequence torque all liner bolts inspect trunnion bearings refill with grinding media if required,drain mill remove worn liner plates install new liners to correct installation sequence torque all liner bolts inspect trunnion bearings refill with grinding media if required
26892,20611147,RLP-117,rotary lobe pump identifier lobe contact noise timing gear wear suspected pressure pulsation elevated isolate pump drain product inspect timing gears for backlash and tooth wear replace timing gear set if worn beyond tolerance realign rotor timing test for contact noise,rotary lobe pump identifier lobe contact noise timing gear wear suspected pressure pulsation elevated isolate pump drain product inspect timing gears for backlash and tooth wear replace timing gear set if worn beyond tolerance realign rotor timing test for contact noise
26910,20468177,VP-189,vacuum pump identifier six monthly oil change and shaft seal replacement drain oil replace with approved vacuum pump oil replace shaft seal assembly check coupling alignment run up and verify vacuum level and oil temperature,vacuum pump identifier six monthly oil change and shaft seal replacement drain oil replace with approved vacuum pump oil replace shaft seal assembly check coupling alignment run up and verify vacuum level and oil temperature
26936,20089975,P-119,centrifugal pump identifier six monthly planned maintenance bearing inspection mechanical seal check and coupling alignment verification inspect bearing condition and clearances replenish grease per lubrication schedule castrol tribol identifier check coupling alignment verify seal flush flow rate update maintenance record,centrifugal pump identifier six monthly planned maintenance bearing inspection mechanical seal check and coupling alignment verification inspect bearing condition and clearances replenish grease per lubrication schedule castrol tribol identifier check coupling alignment verify seal flush flow rate update maintenance record
26978,20740960,M-148,motor identifier annual motor inspection including terminal box and cooling fan check inspect terminal box for moisture ingress and loose connections clean cooling fins and fan guard check mounting bolts verify earthing continuity test run and measure current balance,motor identifier annual motor inspection including terminal box and cooling fan check inspect terminal box for moisture ingress and loose connections clean cooling fins and fan guard check mounting bolts verify earthing continuity test run and measure current balance
27005,20576734,TK-111,storage tank identifier annual calibration of all level and temperature instruments calibrate all level transmitters against certified reference check temperature sensor accuracy verify high level alarm setpoints update calibration records,storage tank identifier annual calibration of all level and temperature instruments calibrate all level transmitters against certified reference check temperature sensor accuracy verify high level alarm setpoints update calibration records
27010,20611127,RLP-116,rotary lobe pump identifier six monthly lobe inspection gearbox oil change and seal check drain gearbox replace oil inspect lobes for wear and damage check rotor tip clearances against tolerance replace front seals as preventive measure document lobe condition,rotary lobe pump identifier six monthly lobe inspection gearbox oil change and seal check drain gearbox replace oil inspect lobes for wear and damage check rotor tip clearances against tolerance replace front seals as preventive measure document lobe condition
27035,20760902,TK-345,storage tank identifier outlet valve passing confirmed by downstream flow with valve closed isolate valve disassemble inspect seat and ball gate for erosion lap seat if minor damage replace valve internals if worn beyond tolerance,storage tank identifier outlet valve passing confirmed by downstream flow with valve closed isolate valve disassemble inspect seat and ball gate for erosion lap seat if minor damage replace valve internals if worn beyond tolerance
27059,20674305,P-229,centrifugal pump identifier vibration trending upward over identifier days broadband velocity identifier mm s bearing defect frequency identified in spectrum vibration analysis confirms bearing fault replace drive end bearing proactively re baseline vibration signature after repair,centrifugal pump identifier vibration trending upward over identifier days broadband velocity identifier mm s bearing defect frequency identified in spectrum vibration analysis confirms bearing fault replace drive end bearing proactively re baseline vibration signature after repair
27117,20284869,DOS-056,dosing pump identifier annual calibration and flow verification calibrate dosing pump using certified flow measurement method verify actual versus setpoint flow across operating range adjust if outside tolerance document calibration results,dosing pump identifier annual calibration and flow verification calibrate dosing pump using certified flow measurement method verify actual versus setpoint flow across operating range adjust if outside tolerance document calibration results
27119,1616191006.2703493,TK-331,storage tank identifier annual calibration of all level and temperature instruments calibrate all level transmitters against certified reference check temperature sensor accuracy verify high level alarm setpoints update calibration records,storage tank identifier annual calibration of all level and temperature instruments calibrate all level transmitters against certified reference check temperature sensor accuracy verify high level alarm setpoints update calibration records
27146,20604960,VP-116,vacuum pump identifier six monthly oil change and shaft seal replacement drain oil replace with approved vacuum pump oil replace shaft seal assembly check coupling alignment run up and verify vacuum level and oil temperature,vacuum pump identifier six monthly oil change and shaft seal replacement drain oil replace with approved vacuum pump oil replace shaft seal assembly check coupling alignment run up and verify vacuum level and oil temperature
27201,20093427,GB-018,g rbox identifier nnual oil change nd int rnal inspection drain and replace oil open inspection covers inspect gear teeth for wear and pitting check all bearing clearances replace seals refill run up and verify temperature and noise,g rbox identifier nnual oil change nd int rnal inspection drain and replace oil open inspection covers inspect gear teeth for wear and pitting check all bearing clearances replace seals refill run up and verify temperature and noise
27250,20136381,FM-027,fermentor identifier annual vessel inspection agitator overhaul and instrument calibration steam sterilise vessel open manways for internal inspection replace agitator seal calibrate ph and do probes replace sparger if worn inspect jacket integrity document in batch record system,fermentor identifier annual vessel inspection agitator overhaul and instrument calibration steam sterilise vessel open manways for internal inspection replace agitator seal calibrate ph and do probes replace sparger if worn inspect jacket integrity document in batch record system
27266,20288316,CV-056,belt conveyor identifier quarterly roller belt and structure inspection walk full conveyor length inspect belt condition and splices replace damaged or seized idler rollers check belt tension lubricate all grease points test emergency pull cord,belt conveyor identifier quarterly roller belt and structure inspection walk full conveyor length inspect belt condition and splices replace damaged or seized idler rollers check belt tension lubricate all grease points test emergency pull cord
27283,20275781,K-153,compressor identifier low lube oil pressure alarm oil pressure identifier bar below minimum unit tripped drain and inspect lube oil system replace oil filter cartridges check oil pump relief valve refill with approved oil grade run up and verify pressure,compressor identifier low lube oil pressure alarm oil pressure identifier bar below minimum unit tripped drain and inspect lube oil system replace oil filter cartridges check oil pump relief valve refill with approved oil grade run up and verify pressure
27287,20206715,P-640,centrifugal pump identifier motor current increasing trend current draw identifier a versus baseline identifier a possible internal wear inspect impeller and wear rings for erosion measure internal clearances replace worn components re test performance at duty conditions,centrifugal pump identifier motor current increasing trend current draw identifier a versus baseline identifier a possible internal wear inspect impeller and wear rings for erosion measure internal clearances replace worn components re test performance at duty conditions
27289,20387977,CR-075,crystalliser identifier agitator overload motor current identifier a suspected crystalline buildup on impeller shutdown and open identifier manway remove crystalline deposit from impeller and baffles using citric acid solvent wash inspect impeller blades for damage reassemble and verify torque,crystalliser identifier agitator overload motor current identifier a suspected crystalline buildup on impeller shutdown and open identifier manway remove crystalline deposit from impeller and baffles using citric acid solvent wash inspect impeller blades for damage reassemble and verify torque
27297,20501501,P-196,centrifugal pump identifier six monthly planned maintenance bearing inspection mechanical seal check and coupling alignment verification inspect bearing condition and clearances replenish grease per lubrication schedule castrol tribol identifier check coupling alignment verify seal flush flow rate update maintenance record,centrifugal pump identifier six monthly planned maintenance bearing inspection mechanical seal check and coupling alignment verification inspect bearing condition and clearances replenish grease per lubrication schedule castrol tribol identifier check coupling alignment verify seal flush flow rate update maintenance record
27304,20465193,K-090,compressor identifier surge event detected inlet guide vane malfunction suspected,compressor identifier surge event detected inlet guide vane malfunction suspected
27321,20150668,M-034,motor identifier earth fault trip single phase to earth detected on stator winding isolate motor identify faulted phase using ir and hipot testing send motor to approved rewind shop install inspected spare verify earth continuity post installation,motor identifier earth fault trip single phase to earth detected on stator winding isolate motor identify faulted phase using ir and hipot testing send motor to approved rewind shop install inspected spare verify earth continuity post installation
27355,20081127,DC-116,distillation column identifier reboiler steam control valve cv failure valve stuck at identifier open isolate control valve remove actuator and positioner disassemble valve body inspect seat and plug for erosion replace trim if worn calibrate positioner and stroke test,distillation column identifier reboiler steam control valve cv failure valve stuck at identifier open isolate control valve remove actuator and positioner disassemble valve body inspect seat and plug for erosion replace trim if worn calibrate positioner and stroke test
27364,20153288,P-132,centrifugal pump identifier annual overhaul full disassembly wear measurement impeller and seal replacement full pump disassembly measure all wear components against tolerances replace impeller wear rings bearings and mechanical seal reassemble align and performance test,centrifugal pump identifier annual overhaul full disassembly wear measurement impeller and seal replacement full pump disassembly measure all wear components against tolerances replace impeller wear rings bearings and mechanical seal reassemble align and performance test
27408,20602207,P-715,centrifugal pump identifier annual overhaul full disassembly wear measurement impeller and seal replacement full pump disassembly measure all wear components against tolerances replace impeller wear rings bearings and mechanical seal reassemble align and performance test,centrifugal pump identifier annual overhaul full disassembly wear measurement impeller and seal replacement full pump disassembly measure all wear components against tolerances replace impeller wear rings bearings and mechanical seal reassemble align and performance test
27506,20032505,K-007,compressor identifier annual overhaul per oem schedule valve inspection oil change and performance test disassemble suction and discharge valve assemblies replace valve plates and springs change lube oil and filters check coupling and alignment performance test,compressor identifier annual overhaul per oem schedule valve inspection oil change and performance test disassemble suction and discharge valve assemblies replace valve plates and springs change lube oil and filters check coupling and alignment performance test
27518,20436608,CT-083,cooling tower identifier six monthly fan inspection and gearbox oil change inspect fan blades for erosion check blade pitch angle uniformity change gearbox oil inspect gearbox for wear lubricate fan shaft bearings measure and record vibration,cooling tower identifier six monthly fan inspection and gearbox oil change inspect fan blades for erosion check blade pitch angle uniformity change gearbox oil inspect gearbox for wear lubricate fan shaft bearings measure and record vibration
27552,20617772,K-119,compressor identifier surge event detected inlet guide vane malfunction suspected inspect inlet guide vanes for damage and actuator operation replace faulty actuator positioner calibrate surge control curve verify anti surge valve response,compressor identifier surge event detected inlet guide vane malfunction suspected inspect inlet guide vanes for damage and actuator operation replace faulty actuator positioner calibrate surge control curve verify anti surge valve response
27577,20218546,TK-046,storage tank identifier api identifier internal inspection floor shell and roof condition assessment drain and gas free tank internal inspection per api identifier measure floor plate thickness using ut inspect shell for corrosion check annular plates write inspection report,storage tank identifier api identifier internal inspection floor shell and roof condition assessment drain and gas free tank internal inspection per api identifier measure floor plate thickness using ut inspect shell for corrosion check annular plates write inspection report
27601,20708349,EV-135,evaporator identifier annual evaporator cleaning and tube inspection drain and clean heating tubes with edta solution inspect tube bundle using eddy current testing replace any thinned tubes pressure test update inspection records,evaporator identifier annual evaporator cleaning and tube inspection drain and clean heating tubes with edta solution inspect tube bundle using eddy current testing replace any thinned tubes pressure test update inspection records
27626,20699200,GB-135,gearbox identifier annual oil change and internal inspection drain and replace oil open inspection covers inspect gear teeth for wear and pitting check all bearing clearances replace seals refill run up and verify temperature and noise,gearbox identifier annual oil change and internal inspection drain and replace oil open inspection covers inspect gear teeth for wear and pitting check all bearing clearances replace seals refill run up and verify temperature and noise
27662,20193789,CT-037,cooling tower identifier fan bearing failure high vibration identifier mm s fan shutdown isolate fan remove fan assembly replace fan shaft bearing check fan blade condition and balance reassemble verify vibration on restart below alarm setpoint,cooling tower identifier fan bearing failure high vibration identifier mm s fan shutdown isolate fan remove fan assembly replace fan shaft bearing check fan blade condition and balance reassemble verify vibration on restart below alarm setpoint
27684,20114529,BM-023,ball mill identifier annual liner replacement and trunnion bearing inspection drain mill remove worn liner plates install new liners to correct installation sequence torque all liner bolts inspect trunnion bearings refill with grinding media if required,ball mill identifier annual liner replacement and trunnion bearing inspection drain mill remove worn liner plates install new liners to correct installation sequence torque all liner bolts inspect trunnion bearings refill with grinding media if required
27691,20390059,FCC-075,fluid catalytic cracker identifier planned turnaround regenerator and reactor internal inspection full turnaround inspection of regenerator cyclones reactor riser and stripper internals replace worn refractory inspect all slide valves replace catalyst addition and withdrawal systems,fluid catalytic cracker identifier planned turnaround regenerator and reactor internal inspection full turnaround inspection of regenerator cyclones reactor riser and stripper internals replace worn refractory inspect all slide valves replace catalyst addition and withdrawal systems
27732,20138928,TK-029,storage tank identifier outlet valve passing confirmed by downstream flow with valve closed isolate valve disassemble inspect seat and ball gate for erosion lap seat if minor damage replace valve internals if worn beyond tolerance,storage tank identifier outlet valve passing confirmed by downstream flow with valve closed isolate valve disassemble inspect seat and ball gate for erosion lap seat if minor damage replace valve internals if worn beyond tolerance
27777,20724850,M-141,motor identifier vfd overcurrent fault drive tripped on identifier at identifier a check vfd parameters and fault log inspect motor terminal connections megger test windings check encoder feedback signal clear fault and trial run under reduced load,motor identifier vfd overcurrent fault drive tripped on identifier at identifier a check vfd parameters and fault log inspect motor terminal connections megger test windings check encoder feedback signal clear fault and trial run under reduced load
27797,20409577,M-085,motor identifier annual motor inspection including terminal box and cooling fan check inspect terminal box for moisture ingress and loose connections clean cooling fins and fan guard check mounting bolts verify earthing continuity test run and measure current balance,motor identifier annual motor inspection including terminal box and cooling fan check inspect terminal box for moisture ingress and loose connections clean cooling fins and fan guard check mounting bolts verify earthing continuity test run and measure current balance
27804,20182731,CV-036,belt conveyor identifier belt mistracking causing spillage and belt edge damage adjust tail pulley tracking screws to correct belt alignment inspect all return rollers for seized bearings causing mistrack replace seized rollers monitor belt tracking for identifier hours,belt conveyor identifier belt mistracking causing spillage and belt edge damage adjust tail pulley tracking screws to correct belt alignment inspect all return rollers for seized bearings causing mistrack replace seized rollers monitor belt tracking for identifier hours
27945,20697960,CR-133,crystalliser identifier jacket cooling valve failure temperature rising uncontrolled batch at risk isolate cooling valve replace actuator diaphragm and positioner stroke test valve through full range verify temperature control loop response,crystalliser identifier jacket cooling valve failure temperature rising uncontrolled batch at risk isolate cooling valve replace actuator diaphragm and positioner stroke test valve through full range verify temperature control loop response
27964,20523485,HX-100,heat exchanger identifier annual inspection tube bundle inspection gasket replacement and pressure test drain and open channel head inspect tube sheet and tubes using boroscope replace gaskets on both heads hydraulic pressure test reinstate and commission,heat exchanger identifier annual inspection tube bundle inspection gasket replacement and pressure test drain and open channel head inspect tube sheet and tubes using boroscope replace gaskets on both heads hydraulic pressure test reinstate and commission
27974,2001177,K-005,compressor identifier high vibration trip nde bearing vibration identifier mm s peak replace nde bearing check shaft alignment inspect labyrinth seals rebalance rotor if indicated run up on no load and verify vibration levels,compressor identifier high vibration trip nde bearing vibration identifier mm s peak replace nde bearing check shaft alignment inspect labyrinth seals rebalance rotor if indicated run up on no load and verify vibration levels
27979,20665751,TK-131,storage tank identifier level transmitter lt failure reading stuck at identifier suspect impulse line blockage isolate and remove level transmitter blow down impulse lines clean displacer float bench calibrate reinstall and verify reading against dip measurement,storage tank identifier level transmitter lt failure reading stuck at identifier suspect impulse line blockage isolate and remove level transmitter blow down impulse lines clean displacer float bench calibrate reinstall and verify reading against dip measurement
27984,20618979,BLR-119,service burner clean fuel nozzles check igniter electrode gap calibrate combustion analyser run combustion efficiency test adjust air fuel ratio for optimum efficiency,service burner clean fuel nozzles check igniter electrode gap calibrate combustion analyser run combustion efficiency test adjust air fuel ratio for optimum efficiency
28031,20319873,F-063,filter identifier housing o ring failure bypass leakage detected downstream integrity breach drain and disassemble filter housing replace o ring with compatible elastomer inspect housing sealing faces for damage reassemble and perform integrity test,filter identifier housing o ring failure bypass leakage detected downstream integrity breach drain and disassemble filter housing replace o ring with compatible elastomer inspect housing sealing faces for damage reassemble and perform integrity test
28090,20322903,P-263,centrifugal pump identifier bearing temperature high alarm drive end temperature identifier degc above baseline remove bearing housing end cover measure bearing clearance replace worn bearing re grease per lubrication schedule monitor temperature for identifier hours post start,centrifugal pump identifier bearing temperature high alarm drive end temperature identifier degc above baseline remove bearing housing end cover measure bearing clearance replace worn bearing re grease per lubrication schedule monitor temperature for identifier hours post start
28138,20175062,P-334,centrifugal pump identifier annual overhaul full disassembly wear measurement impeller and seal replacement full pump disassembly measure all wear components against tolerances replace impeller wear rings bearings and mechanical seal reassemble align and performance test,centrifugal pump identifier annual overhaul full disassembly wear measurement impeller and seal replacement full pump disassembly measure all wear components against tolerances replace impeller wear rings bearings and mechanical seal reassemble align and performance test
28142,20293682,M-063,motor identifier insulation resistance failure megger test identifier mohm below minimum identifier mohm winding degradation disconnect motor and perform full ir test on all phases test confirms winding failure remove motor for rewind install spare motor align and commission,motor identifier insulation resistance failure megger test identifier mohm below minimum identifier mohm winding degradation disconnect motor and perform full ir test on all phases test confirms winding failure remove motor for rewind install spare motor align and commission
28176,20302043,P-658,centrifugal pump identifier low flow alarm active flow identifier identifier below minimum process requirement inspect impeller for wear and blockage remove any debris check wear ring clearance trim impeller if required verify system curve against pump curve,centrifugal pump identifier low flow alarm active flow identifier identifier below minimum process requirement inspect impeller for wear and blockage remove any debris check wear ring clearance trim impeller if required verify system curve against pump curve
28198,20536026,HV-104,hvac unit identifier six monthly filter change and coil inspection replace primary and secondary filters clean cooling and heating coils check condensate drain tray and trap inspect ductwork connection flanges document filter changes,hvac unit identifier six monthly filter change and coil inspection replace primary and secondary filters clean cooling and heating coils check condensate drain tray and trap inspect ductwork connection flanges document filter changes
28282,20032542,K-008,compressor identifier low lube oil pressure alarm oil pressure identifier bar below minimum unit tripped drain and inspect lube oil system replace oil filter cartridges check oil pump relief valve refill with approved oil grade run up and verify pressure,compressor identifier low lube oil pressure alarm oil pressure identifier bar below minimum unit tripped drain and inspect lube oil system replace oil filter cartridges check oil pump relief valve refill with approved oil grade run up and verify pressure
28291,20040474,HV-010,hvac unit identifier annual ahu inspection including ductwork and damper verification full ahu inspection check all damper actuators and blades inspect fan blades for wear clean heat exchange coil with biocide solution verify all interlocks,hvac unit identifier annual ahu inspection including ductwork and damper verification full ahu inspection check all damper actuators and blades inspect fan blades for wear clean heat exchange coil with biocide solution verify all interlocks
28297,20710885,DOS-137,dosing pump identifier annual calibration and flow verification calibrate dosing pump using certified flow measurement method verify actual versus setpoint flow across operating range adjust if outside tolerance document calibration results,dosing pump identifier annual calibration and flow verification calibrate dosing pump using certified flow measurement method verify actual versus setpoint flow across operating range adjust if outside tolerance document calibration results
28394,20123049,TK-025,storage tank identifier level transmitter lt failure reading stuck at identifier suspect impulse line blockage isolate and remove level transmitter blow down impulse lines clean displacer float bench calibrate reinstall and verify reading against dip measurement,storage tank identifier level transmitter lt failure reading stuck at identifier suspect impulse line blockage isolate and remove level transmitter blow down impulse lines clean displacer float bench calibrate reinstall and verify reading against dip measurement
28414,20267602,HV-051,hvac unit identifier hepa filter differential pressure high high alarm dp identifier pa cleanroom qualification at risk isolate hvac unit replace hepa filter cassette seal integrity test with particle counter verify room pressure recovery document in gxp qualification record,hvac unit identifier hepa filter differential pressure high high alarm dp identifier pa cleanroom qualification at risk isolate hvac unit replace hepa filter cassette seal integrity test with particle counter verify room pressure recovery document in gxp qualification record
28420,20259208,P-251,centrifugal pump identifier motor overload trip overcurrent detected phase a identifier a above flc megger test motor windings check vfd parameters inspect terminal connections for heat damage replace overload relay if tripped beyond reset,centrifugal pump identifier motor overload trip overcurrent detected phase a identifier a above flc megger test motor windings check vfd parameters inspect terminal connections for heat damage replace overload relay if tripped beyond reset
28436,20136624,DOS-027,dosing pump identifier six monthly diaphragm replacement and valve inspection replace dosing diaphragm as preventive measure inspect suction and discharge valves replace worn valve components flush dosing head calibrate stroke and verify flow rate,dosing pump identifier six monthly diaphragm replacement and valve inspection replace dosing diaphragm as preventive measure inspect suction and discharge valves replace worn valve components flush dosing head calibrate stroke and verify flow rate
28467,20644720,TK-125,storage tank identifier outlet valve passing confirmed by downstream flow with valve closed isolate valve disassemble inspect seat and ball gate for erosion lap seat if minor damage replace valve internals if worn beyond tolerance,storage tank identifier outlet valve passing confirmed by downstream flow with valve closed isolate valve disassemble inspect seat and ball gate for erosion lap seat if minor damage replace valve internals if worn beyond tolerance
28490,20307289,P-459,centrifugal pump identifier high vibration alarm on drive end bearing amplitude identifier mm s rms exceeding trip setpoint isolate pump drain casing disassemble bearing housing replace drive end bearing identifier realign coupling to within identifier tir functional test at duty point,centrifugal pump identifier high vibration alarm on drive end bearing amplitude identifier mm s rms exceeding trip setpoint isolate pump drain casing disassemble bearing housing replace drive end bearing identifier realign coupling to within identifier tir functional test at duty point
28525,20101640,HX-220,heat exchanger identifier annual inspection tube bundle inspection gasket replacement and pressure test drain and open channel head inspect tube sheet and tubes using boroscope replace gaskets on both heads hydraulic pressure test reinstate and commission,heat exchanger identifier annual inspection tube bundle inspection gasket replacement and pressure test drain and open channel head inspect tube sheet and tubes using boroscope replace gaskets on both heads hydraulic pressure test reinstate and commission
28692,20199707,UF-039,ultrafiltration unit identifier quarterly membrane integrity test and chemical clean perform air pressure decay integrity test on all modules record results chemical clean with citric acid and sodium hypochlorite per sop re test flux after cleaning,ultrafiltration unit identifier quarterly membrane integrity test and chemical clean perform air pressure decay integrity test on all modules record results chemical clean with citric acid and sodium hypochlorite per sop re test flux after cleaning
28732,20638704,K-123,compressor identifier surge event detected inlet guide vane malfunction suspected inspect inlet guide vanes for damage and actuator operation replace faulty actuator positioner calibrate surge control curve verify anti surge valve response,compressor identifier surge event detected inlet guide vane malfunction suspected inspect inlet guide vanes for damage and actuator operation replace faulty actuator positioner calibrate surge control curve verify anti surge valve response
28734,20568745,SD-108,spray dryer identifier six monthly air heater and bag filter inspection inspect air heater coils and clean replace bag filter elements check explosion relief valves and burst discs verify fire suppression system update inspection records,spray dryer identifier six monthly air heater and bag filter inspection inspect air heater coils and clean replace bag filter elements check explosion relief valves and burst discs verify fire suppression system update inspection records
28736,ROW_028736,DRY-072,dryer identifier six monthly steam trap inspection and condenser cleaning test all steam traps for correct operation replace failed traps clean condenser coils check vacuum pump condition verify all instruments are calibrated,dryer identifier six monthly steam trap inspection and condenser cleaning test all steam traps for correct operation replace failed traps clean condenser coils check vacuum pump condition verify all instruments are calibrated
28757,-20042851.0,P-310,centrifugal pump identifier low flow alarm active flow identifier identifier below minimum process requirement inspect impeller for wear and blockage remove any debris check wear ring clearance trim impeller if required verify system curve against pump curve,centrifugal pump identifier low flow alarm active flow identifier identifier below minimum process requirement inspect impeller for wear and blockage remove any debris check wear ring clearance trim impeller if required verify system curve against pump curve
28768,20335123,TK-165,storage tank identifier outlet valve passing confirmed by downstream flow with valve closed isolate valve disassemble inspect seat and ball gate for erosion lap seat if minor damage replace valve internals if worn beyond tolerance,storage tank identifier outlet valve passing confirmed by downstream flow with valve closed isolate valve disassemble inspect seat and ball gate for erosion lap seat if minor damage replace valve internals if worn beyond tolerance
28832,20156085,M-037,motor identifier annual motor inspection including terminal box and cooling fan check inspect terminal box for moisture ingress and loose connections clean cooling fins and fan guard check mounting bolts verify earthing continuity test run and measure current balance,motor identifier annual motor inspection including terminal box and cooling fan check inspect terminal box for moisture ingress and loose connections clean cooling fins and fan guard check mounting bolts verify earthing continuity test run and measure current balance
28856,20526328,DRY-101,dryer identifier six monthly steam trap inspection and condenser cleaning test all steam traps for correct operation replace failed traps clean condenser coils check vacuum pump condition verify all instruments are calibrated,dryer identifier six monthly steam trap inspection and condenser cleaning test all steam traps for correct operation replace failed traps clean condenser coils check vacuum pump condition verify all instruments are calibrated
28926,20478391,AG-092,agitator identifier gearbox oil temperature high temperature identifier degc above alarm setpoint drain gearbox inspect internal gears and bearings for damage replace oil clean oil cooler if fitted if bearing damaged replace and refill run up and monitor temperature,agitator identifier gearbox oil temperature high temperature identifier degc above alarm setpoint drain gearbox inspect internal gears and bearings for damage replace oil clean oil cooler if fitted if bearing damaged replace and refill run up and monitor temperature
28933,20640209,F-122,filter identifier quarterly filter housing inspection and o ring check inspect o ring condition and housing sealing surfaces replace o ring as precautionary measure pressure test housing verify differential pressure indication,filter identifier quarterly filter housing inspection and o ring check inspect o ring condition and housing sealing surfaces replace o ring as precautionary measure pressure test housing verify differential pressure indication
28953,20718219,R-237,reactor identifier annual shutdown inspection internal inspection instrument calibration and gasket replacement open reactor manways internal visual inspection for corrosion and erosion replace all manway gaskets calibrate all critical instruments update mechanical integrity record,reactor identifier annual shutdown inspection internal inspection instrument calibration and gasket replacement open reactor manways internal visual inspection for corrosion and erosion replace all manway gaskets calibrate all critical instruments update mechanical integrity record
29007,20754541,K-146,compressor identifier lube oil analysis shows elevated iron particles identifier ppm bearing wear suspected inspect bearings and journal surfaces replace worn bearings flush and refill lube oil system repeat oil analysis after identifier hours runtime,compressor identifier lube oil analysis shows elevated iron particles identifier ppm bearing wear suspected inspect bearings and journal surfaces replace worn bearings flush and refill lube oil system repeat oil analysis after identifier hours runtime
29045,20090553,P-518,centrifugal pump identifier low flow alarm active flow identifier identifier below minimum process requirement inspect impeller for wear and blockage remove any debris check wear ring clearance trim impeller if required verify system curve against pump curve,centrifugal pump identifier low flow alarm active flow identifier identifier below minimum process requirement inspect impeller for wear and blockage remove any debris check wear ring clearance trim impeller if required verify system curve against pump curve
29082,20364672,P-171,centrifugal pump identifier motor current increasing trend current draw identifier a versus baseline identifier a possible internal wear inspect impeller and wear rings for erosion measure internal clearances replace worn components re test performance at duty conditions,centrifugal pump identifier motor current increasing trend current draw identifier a versus baseline identifier a possible internal wear inspect impeller and wear rings for erosion measure internal clearances replace worn components re test performance at duty conditions
29124,20341175,CR-165,crystalliser identifier six monthly agitator seal and bearing service remove agitator shaft replace mechanical seal assembly inspect shaft for scoring replenish gearbox oil re install and verify seal flush flow,crystalliser identifier six monthly agitator seal and bearing service remove agitator shaft replace mechanical seal assembly inspect shaft for scoring replenish gearbox oil re install and verify seal flush flow
29154,20579175,UF-110,ultrafiltration unit identifier normalised flux declining identifier versus baseline membrane fouling confirmed perform enhanced cip with edta identifier solution monitor flux recovery if flux not restored replace fouled membrane modules rebaseline after chemical clean,ultrafiltration unit identifier normalised flux declining identifier versus baseline membrane fouling confirmed perform enhanced cip with edta identifier solution monitor flux recovery if flux not restored replace fouled membrane modules rebaseline after chemical clean
29173,20058878,P-313,centrifugal pump identifier motor overload trip overcurrent detected phase a identifier a above flc megger test motor windings check vfd parameters inspect terminal connections for heat damage replace overload relay if tripped beyond reset,centrifugal pump identifier motor overload trip overcurrent detected phase a identifier a above flc megger test motor windings check vfd parameters inspect terminal connections for heat damage replace overload relay if tripped beyond reset
29176,20106848,HX-321,heat exchanger identifier tube leak detected cross contamination confirmed by conductivity rise on shell side pressure test tube bundle with nitrogen identify leaking tubes plug failed tubes or replace bundle hydrotest at identifier design pressure update mechanical integrity record,heat exchanger identifier tube leak detected cross contamination confirmed by conductivity rise on shell side pressure test tube bundle with nitrogen identify leaking tubes plug failed tubes or replace bundle hydrotest at identifier design pressure update mechanical integrity record
29381,20180421,P-535,centrifugal pump identifier high vibration alarm on drive end bearing amplitude identifier mm s rms exceeding trip setpoint isolate pump drain casing disassemble bearing housing replace drive end bearing identifier realign coupling to within identifier tir functional test at duty point,centrifugal pump identifier high vibration alarm on drive end bearing amplitude identifier mm s rms exceeding trip setpoint isolate pump drain casing disassemble bearing housing replace drive end bearing identifier realign coupling to within identifier tir functional test at duty point
29405,20666360,F-128,filter identifier housing o ring failure bypass leakage detected downstream integrity breach drain and disassemble filter housing replace o ring with compatible elastomer inspect housing sealing faces for damage reassemble and perform integrity test,filter identifier housing o ring failure bypass leakage detected downstream integrity breach drain and disassemble filter housing replace o ring with compatible elastomer inspect housing sealing faces for damage reassemble and perform integrity test
29417,20448906,P-186,centrifugal pump identifier mechanical seal failure product leakage observed at gland area estimated identifier l h replace complete mechanical seal cartridge flush seal chamber pressure test at identifier bar return to service and monitor seal flush flow,centrifugal pump identifier mechanical seal failure product leakage observed at gland area estimated identifier l h replace complete mechanical seal cartridge flush seal chamber pressure test at identifier bar return to service and monitor seal flush flow
29422,20369827,HP-071,hydraulic press identifier pressure relief valve lifting prematurely at identifier bar isolate and remove relief valve bench test and set to correct pressure replace if seat damaged reinstall and verify operation at working pressure update relief valve test record,hydraulic press identifier pressure relief valve lifting prematurely at identifier bar isolate and remove relief valve bench test and set to correct pressure replace if seat damaged reinstall and verify operation at working pressure update relief valve test record
29473,20006422,HX-005,heat exchanger identifier tube leak detected cross contamination confirmed by conductivity rise on shell side pressure test tube bundle with nitrogen identify leaking tubes plug failed tubes or replace bundle hydrotest at identifier design pressure update mechanical integrity record,heat exchanger identifier tube leak detected cross contamination confirmed by conductivity rise on shell side pressure test tube bundle with nitrogen identify leaking tubes plug failed tubes or replace bundle hydrotest at identifier design pressure update mechanical integrity record
29570,20369974,P-172,centrifug l pump identifier vitating intermittently su ti n pressure identifier bar below minimum npsh requir d check suction strainer differential pressure clean strainer basket verify suction vessel level adjust operating point to restore positive npsh,centrifug l pump identifier vitating intermittently su ti n pressure identifier bar below minimum npsh requir d check suction strainer differential pressure clean strainer basket verify suction vessel level adjust operating point to restore positive npsh
29631,20028779,CR-007,crystalliser identifier annual internal inspection and agitator overhaul drain vessel open manways internal inspection for scaling and corrosion replace agitator mechanical seal and bearings check jacket integrity inspect baffles,crystalliser identifier annual internal inspection and agitator overhaul drain vessel open manways internal inspection for scaling and corrosion replace agitator mechanical seal and bearings check jacket integrity inspect baffles
29657,2013407,BLR-026,boiler identifier annual statutory inspection internal and external inspection per local pressure vessel regulations drain boiler descale waterside surfaces inspect fireside tubes and refractory inspect safety valve pressure gauge and water level gauges prepare inspection report for regulatory authority,boiler identifier annual statutory inspection internal and external inspection per local pressure vessel regulations drain boiler descale waterside surfaces inspect fireside tubes and refractory inspect safety valve pressure gauge and water level gauges prepare inspection report for regulatory authority
29741,20655672,CF-126,centrifuge identifier basket screen failure product fines in filtrate above specification remove basket replace damaged screen panel inspect basket welds reassemble and perform integrity test with water verify filtrate quality before restarting production,centrifuge identifier basket screen failure product fines in filtrate above specification remove basket replace damaged screen panel inspect basket welds reassemble and perform integrity test with water verify filtrate quality before restarting production
29746,20758755,HP-145,hydraulic press identifier pressure relief valve lifting prematurely at identifier bar isolate and remove relief valve bench test and set to correct pressure replace if seat damaged reinstall and verify operation at working pressure update relief valve test record,hydraulic press identifier pressure relief valve lifting prematurely at identifier bar isolate and remove relief valve bench test and set to correct pressure replace if seat damaged reinstall and verify operation at working pressure update relief valve test record
29760,20730192,M-139,motor identifier insulation resistance failure megger test identifier mohm below minimum identifier mohm winding degradation disconnect motor and perform full ir test on all phases test confirms winding failure remove motor for rewind install spare motor align and commission,motor identifier insulation resistance failure megger test identifier mohm below minimum identifier mohm winding degradation disconnect motor and perform full ir test on all phases test confirms winding failure remove motor for rewind install spare motor align and commission
29763,20232429,P-146,centrifugal pump identifier six monthly planned maintenance bearing inspection mechanical seal check and coupling alignment verification inspect bearing condition and clearances replenish grease per lubrication schedule castrol tribol identifier check coupling alignment verify seal flush flow rate update maintenance record,centrifugal pump identifier six monthly planned maintenance bearing inspection mechanical seal check and coupling alignment verification inspect bearing condition and clearances replenish grease per lubrication schedule castrol tribol identifier check coupling alignment verify seal flush flow rate update maintenance record
29803,20239979,CR-047,crystalliser identifier agitator overload motor current identifier a suspected crystalline buildup on impeller shutdown and open identifier manway remove crystalline deposit from impeller and baffles using citric acid solvent wash inspect impeller blades for damage reassemble and verify torque,crystalliser identifier agitator overload motor current identifier a suspected crystalline buildup on impeller shutdown and open identifier manway remove crystalline deposit from impeller and baffles using citric acid solvent wash inspect impeller blades for damage reassemble and verify torque
29812,20719765,CV-138,belt conveyor identifier blocked chute material buildup causing belt overload trip clear chute blockage inspect chute liner wear replace worn liner plates investigate root cause of blockage adjust belt speed or chute geometry if required,belt conveyor identifier blocked chute material buildup causing belt overload trip clear chute blockage inspect chute liner wear replace worn liner plates investigate root cause of blockage adjust belt speed or chute geometry if required
29928,20430357,CR-082,crystalliser identifier annual internal inspection and agitator overhaul drain vessel open manways internal inspection for scaling and corrosion replace agitator mechanical seal and bearings check jacket integrity inspect baffles,crystalliser identifier annual internal inspection and agitator overhaul drain vessel open manways internal inspection for scaling and corrosion replace agitator mechanical seal and bearings check jacket integrity inspect baffles
29961,20440829,EV-085,evaporator identifier vacuum loss level dropping in vapour body steam ejector or vacuum pump fault suspected inspect vacuum pump oil level and condition check all flanges and gaskets for air ingress using nitrogen pressure test replace failed gasket on vapour body flange re establish vacuum,evaporator identifier vacuum loss level dropping in vapour body steam ejector or vacuum pump fault suspected inspect vacuum pump oil level and condition check all flanges and gaskets for air ingress using nitrogen pressure test replace failed gasket on vapour body flange re establish vacuum
29972,20259668,P-650,centrifugal pump identifier low flow alarm active flow identifier identifier below minimum process requirement inspect impeller for wear and blockage remove any debris check wear ring clearance trim impeller if required verify system curve against pump curve,centrifugal pump identifier low flow alarm active flow identifier identifier below minimum process requirement inspect impeller for wear and blockage remove any debris check wear ring clearance trim impeller if required verify system curve against pump curve
30025,20662835,GT-127,gas turbine identifier flame out on start igniter fault suspected inspect igniter plugs for erosion replace igniter check fuel supply isolation valve and fuel manifold pressure verify flame detector signal attempt controlled restart per procedure,gas turbine identifier flame out on start igniter fault suspected inspect igniter plugs for erosion replace igniter check fuel supply isolation valve and fuel manifold pressure verify flame detector signal attempt controlled restart per procedure
30048,ROW_030048,CV-087,belt conveyor identifier blocked chute material buildup causing belt overload trip clear chute blockage inspect chute liner wear replace worn liner plates investigate root cause of blockage adjust belt speed or chute geometry if required,belt conveyor identifier blocked chute material buildup causing belt overload trip clear chute blockage inspect chute liner wear replace worn liner plates investigate root cause of blockage adjust belt speed or chute geometry if required
30058,20540995,M-110,motor identifier six monthly insulation resistance test and bearing grease replenishment ir test all three phases and record grease drive end and non drive end bearings per lubrication schedule check terminal connections for heat damage document results,motor identifier six monthly insulation resistance test and bearing grease replenishment ir test all three phases and record grease drive end and non drive end bearings per lubrication schedule check terminal connections for heat damage document results
30087,20340609,TK-165,storag tank identifier annual alibration f all level and tem erature instruments calibrate all level transmitters against certified reference check temperature sensor accuracy verify high level alarm setpoints update calibration records,storag tank identifier annual alibration f all level and tem erature instruments calibrate all level transmitters against certified reference check temperature sensor accuracy verify high level alarm setpoints update calibration records
30144,20342297,GB-066,gearbox identifier oil leak from output shaft seal identifier l h estimated loss rate drain oil remove output shaft seal retainer replace lip seal and o ring inspect shaft journal surface for scoring reinstall refill and check for leakage at operating pressure,gearbox identifier oil leak from output shaft seal identifier l h estimated loss rate drain oil remove output shaft seal retainer replace lip seal and o ring inspect shaft journal surface for scoring reinstall refill and check for leakage at operating pressure
30170,20358064,SEP-069,separator identifier annual internal inspection and mist extractor cleaning drain and open separator inspect internals for corrosion clean mist extractor pads inspect vortex breaker check all nozzles replace damaged internals pressure test,separator identifier annual internal inspection and mist extractor cleaning drain and open separator inspect internals for corrosion clean mist extractor pads inspect vortex breaker check all nozzles replace damaged internals pressure test
30180,20686793,TK-135,storage tank identifier roof drain blockage causing water ingress to product clear roof drain blockage inspect drain seal condition replace corroded drain fitting verify drain flow rate post repair,storage tank identifier roof drain blockage causing water ingress to product clear roof drain blockage inspect drain seal condition replace corroded drain fitting verify drain flow rate post repair
30181,20137583,P-327,centrifugal pump identifier six monthly planned maintenance bearing inspection mechanical seal check and coupling alignment verification inspect bearing condition and clearances replenish grease per lubrication schedule mobil shc identifier check coupling alignment verify seal flush flow rate update maintenance record,centrifugal pump identifier six monthly planned maintenance bearing inspection mechanical seal check and coupling alignment verification inspect bearing condition and clearances replenish grease per lubrication schedule mobil shc identifier check coupling alignment verify seal flush flow rate update maintenance record
30257,20575966,K-112,compressor identifier six monthly lube oil analysis and filter change drain lube oil replace filters refill with approved grade conduct oil analysis on drained oil check oil cooler condition update lubrication record,compressor identifier six monthly lube oil analysis and filter change drain lube oil replace filters refill with approved grade conduct oil analysis on drained oil check oil cooler condition update lubrication record
30270,20344150,P-266,centrifugal pump identifier annual overhaul full disassembly wear measurement impeller and seal replacement full pump disassembly measure all wear components against tolerances replace impeller wear rings bearings and mechanical seal reassemble align and performance test,centrifugal pump identifier annual overhaul full disassembly wear measurement impeller and seal replacement full pump disassembly measure all wear components against tolerances replace impeller wear rings bearings and mechanical seal reassemble align and performance test
30311,20455279,HX-090,heat exchanger identifier outlet temperature low heat transfer coefficient identifier identifier below design identifier identifier chemical clean tube side with phosphoric acid identifier solution for identifier hours flush with demineralised water re baseline heat transfer performance,heat exchanger identifier outlet temperature low heat transfer coefficient identifier identifier below design identifier identifier chemical clean tube side with phosphoric acid identifier solution for identifier hours flush with demineralised water re baseline heat transfer performance
30341,20645403,CR-124,crystalliser identifier six monthly agitator seal and bearing service remove agitator shaft replace mechanical seal assembly inspect shaft for scoring replenish gearbox oil re install and verify seal flush flow,crystalliser identifier six monthly agitator seal and bearing service remove agitator shaft replace mechanical seal assembly inspect shaft for scoring replenish gearbox oil re install and verify seal flush flow
30387,20181367,R-235,reactor identifier agitator drive fault alarm motor current identifier a spike then trip inspect agitator gearbox for damage check mechanical seal on agitator shaft replace failed seal assembly verify torque at rated speed,reactor identifier agitator drive fault alarm motor current identifier a spike then trip inspect agitator gearbox for damage check mechanical seal on agitator shaft replace failed seal assembly verify torque at rated speed
30388,20228918,TK-048,storage tank identifier level transmitter lt failure reading stuck at identifier suspect impulse line blockage isolate and remove level transmitter blow down impulse lines clean displacer float bench calibrate reinstall and verify reading against dip measurement,storage tank identifier level transmitter lt failure reading stuck at identifier suspect impulse line blockage isolate and remove level transmitter blow down impulse lines clean displacer float bench calibrate reinstall and verify reading against dip measurement
30423,20195304,SC-038,screw conveyor identifier annual trough liner inspection and coupling check inspect trough liner plates for wear replace worn liner sections check coupling condition and alignment verify all covers in place and safety guards serviceable,screw conveyor identifier annual trough liner inspection and coupling check inspect trough liner plates for wear replace worn liner sections check coupling condition and alignment verify all covers in place and safety guards serviceable
30427,20408483,TK-080,storage tank identifier level transmitter lt failure reading stuck at identifier suspect impulse line blockage isolate and remove level transmitter blow down impulse lines clean displacer float bench calibrate reinstall and verify reading against dip measurement,storage tank identifier level transmitter lt failure reading stuck at identifier suspect impulse line blockage isolate and remove level transmitter blow down impulse lines clean displacer float bench calibrate reinstall and verify reading against dip measurement
30499,20714633,AG-137,agitator identifier annual agitator and impeller inspection remove impeller inspect blades for erosion and corrosion measure blade thickness replace if below minimum thickness inspect shaft bearings reassemble,agitator identifier annual agitator and impeller inspection remove impeller inspect blades for erosion and corrosion measure blade thickness replace if below minimum thickness inspect shaft bearings reassemble
30527,20624485,F-119,filter identifier scheduled cartridge replacement at identifier service hours replace filter cartridges at planned interval regardless of differential pressure inspect housing internals record cartridge condition on removal update filter log,filter identifier scheduled cartridge replacement at identifier service hours replace filter cartridges at planned interval regardless of differential pressure inspect housing internals record cartridge condition on removal update filter log
30555,20223086,HX-044,heat exchanger identifier outlet temperature low heat transfer coefficient identifier identifier below design identifier identifier chemical clean tube side with citric acid identifier solution for identifier hours flush with demineralised water re baseline heat transfer performance,heat exchanger identifier outlet temperature low heat transfer coefficient identifier identifier below design identifier identifier chemical clean tube side with citric acid identifier solution for identifier hours flush with demineralised water re baseline heat transfer performance
30590,20731723,GT-140,gas turbine identifier flame out on start igniter fault suspected inspect igniter plugs for erosion replace igniter check fuel supply isolation valve and fuel manifold pressure verify flame detector signal attempt controlled restart per procedure,gas turbine identifier flame out on start igniter fault suspected inspect igniter plugs for erosion replace igniter check fuel supply isolation valve and fuel manifold pressure verify flame detector signal attempt controlled restart per procedure
30610,20508174,R-099,reactor identifier annual shutdown inspection internaal inspection instrument calibration and gasket replacement open reactor manways internal visual inspection for corrosion and erosion replace all manway gaskets calibrate all critical instruments update mechanical integrity record,reactor identifier annual shutdown inspection internaal inspection instrument calibration and gasket replacement open reactor manways internal visual inspection for corrosion and erosion replace all manway gaskets calibrate all critical instruments update mechanical integrity record
30616,20682698,CV-132,belt conveyor identifier blocked chute material buildup causing belt overload trip clear chute blockage inspect chute liner wear replace worn liner plates investigate root cause of blockage adjust belt speed or chute geometry if required,belt conveyor identifier blocked chute material buildup causing belt overload trip clear chute blockage inspect chute liner wear replace worn liner plates investigate root cause of blockage adjust belt speed or chute geometry if required
30668,20333375,P-166,centrifugal pump identifier vibration trending upward over identifier days broadband velocity identifier mm s bearing defect frequency identified in spectrum vibration analysis confirms bearing fault replace drive end bearing proactively re baseline vibration signature after repair,centrifugal pump identifier vibration trending upward over identifier days broadband velocity identifier mm s bearing defect frequency identified in spectrum vibration analysis confirms bearing fault replace drive end bearing proactively re baseline vibration signature after repair
30683,20454534,P-388,centrifugal pump identifier quarterly lubrication service bearing grease replenishment and vibration baseline measurement grease drive end and non drive end bearings measure and record vibration signature check motor current at duty point inspect coupling spider for wear,centrifugal pump identifier quarterly lubrication service bearing grease replenishment and vibration baseline measurement grease drive end and non drive end bearings measure and record vibration signature check motor current at duty point inspect coupling spider for wear
30684,20216000,DOS-041,dosing pump identifier six monthly diaphragm replacement and valve inspection replace dosing diaphragm as preventive measure inspect suction and discharge valves replace worn valve components flush dosing head calibrate stroke and verify flow rate,dosing pump identifier six monthly diaphragm replacement and valve inspection replace dosing diaphragm as preventive measure inspect suction and discharge valves replace worn valve components flush dosing head calibrate stroke and verify flow rate
30694,20530193,M-101,motor identifier six monthly insulation resistance test and bearing grease replenishment ir test all three phases and record grease drive end and non drive end bearings per lubrication schedule check terminal connections for heat damage document results,motor identifier six monthly insulation resistance test and bearing grease replenishment ir test all three phases and record grease drive end and non drive end bearings per lubrication schedule check terminal connections for heat damage document results
30732,20259392,P-351,centrifugal pump identifier six monthly planned maintenance bearing inspection mechanical seal check and coupling alignment verification inspect bearing condition and clearances replenish grease per lubrication schedule mobil shc identifier check coupling alignment verify seal flush flow rate update maintenance record,centrifugal pump identifier six monthly planned maintenance bearing inspection mechanical seal check and coupling alignment verification inspect bearing condition and clearances replenish grease per lubrication schedule mobil shc identifier check coupling alignment verify seal flush flow rate update maintenance record
30744,20214720,HV-043,hvac unit identifier supply fan drive belt failure airflow loss to controlled area replace drive belt with correct specification check tension and alignment on pulleys run up and verify supply air volume check room pressures return to setpoint,hvac unit identifier supply fan drive belt failure airflow loss to controlled area replace drive belt with correct specification check tension and alignment on pulleys run up and verify supply air volume check room pressures return to setpoint
30746,20450893,BLR-087,boiler identifier safety valve lifting at identifier bar below set pressure seat leakage suspected isolate safety valve remove and send to certified workshop for testing reconditioning and recertification fit inspected spare valve update safety valve register,boiler identifier safety valve lifting at identifier bar below set pressure seat leakage suspected isolate safety valve remove and send to certified workshop for testing reconditioning and recertification fit inspected spare valve update safety valve register
30769,20293960,AG-056,agitator identifier six monthly gearbox oil change and seal inspection drain gearbox oil replace with approved grade inspect mechanical seal faces replace if worn check shaft coupling alignment document in lubrication record,agitator identifier six monthly gearbox oil change and seal inspection drain gearbox oil replace with approved grade inspect mechanical seal faces replace if worn check shaft coupling alignment document in lubrication record
30898,20270516,K-053,compressor identifier high vibration trip nde bearing vibration identifier mm s peak replace nde bearing check shaft alignment inspect labyrinth seals rebalance rotor if indicated run up on no load and verify vibration levels,compressor identifier high vibration trip nde bearing vibration identifier mm s peak replace nde bearing check shaft alignment inspect labyrinth seals rebalance rotor if indicated run up on no load and verify vibration levels
30907,20738895,K-141,compressor identifier discharge valve efficiency declining based on performance monitoring throughput identifier identifier below rated,compressor identifier discharge valve efficiency declining based on performance monitoring throughput identifier identifier below rated
30980,20084015,FCC-017,fluid catalytic cracker identifier slide valve actuator failure catalyst flow control lost on identifier valve stroke isolate slide valve replace hydraulic actuator and posiitioner stroke test under atmospheric conditions verify control loop response before return to feed,fluid catalytic cracker identifier slide valve actuator failure catalyst flow control lost on identifier valve stroke isolate slide valve replace hydraulic actuator and posiitioner stroke test under atmospheric conditions verify control loop response before return to feed
31037,20335230,BLR-064,boiler identifier high conductivity alarm boiler w ter tds identifier p m bove blowd wn s t oint increase blowdown frequency check dosing pump for chemical addition flush with fresh feedwater verify conductivity analyser calibration,boiler identifier high conductivity alarm boiler w ter tds identifier p m bove blowd wn s t oint increase blowdown frequency check dosing pump for chemical addition flush with fresh feedwater verify conductivity analyser calibration
31065,20353499,RLP-068,rotary lobe pump identifier annual overhaul including rotor and seal replacement full disassembly replace rotors if worn beyond tolerance replace all seals and o rings replace timing gears if backlash excessive reassemble and performance test,rotary lobe pump identifier annual overhaul including rotor and seal replacement full disassembly replace rotors if worn beyond tolerance replace all seals and o rings replace timing gears if backlash excessive reassemble and performance test
31114,20328962,K-065,compressor identifier discharge valve efficiency declining based on performance monitoring throughput identifier identifier below rated remove and bench test discharge valves replace worn valve seats and plates re test compressor performance post repair,compressor identifier discharge valve efficiency declining based on performance monitoring throughput identifier identifier below rated remove and bench test discharge valves replace worn valve seats and plates re test compressor performance post repair
31155,20132904,K-028,compressor identifier six monthly lube oil analysis and filter change drain lube oil replace filters refill with approved grade conduct oil analysis on drained oil check oil cooler condition update lubrication record,compressor identifier six monthly lube oil analysis and filter change drain lube oil replace filters refill with approved grade conduct oil analysis on drained oil check oil cooler condition update lubrication record
31225,20484161,GB-094,gearbox identifier six monthly oil sample analysis and external inspection take oil sample for laboratory analysis inspect for external leaks check oil level inspect coupling for wear document condition oil analysis report to maintenance planner,gearbox identifier six monthly oil sample analysis and external inspection take oil sample for laboratory analysis inspect for external leaks check oil level inspect coupling for wear document condition oil analysis report to maintenance planner
31237,20365178,P-470,centrifugal pump identifier motor overload trip overcurrent detected phase a identifier a above flc megger test motor windings check vfd parameters inspect terminal connections for heat damage replace overload relay if tripped beyond reset,centrifugal pump identifier motor overload trip overcurrent detected phase a identifier a above flc megger test motor windings check vfd parameters inspect terminal connections for heat damage replace overload relay if tripped beyond reset
31329,20178975,UF-134,replace all membrane modules at planned service life interval perform full integrity test on replacement modules rebaseline flux and establish new performance record,replace all membrane modules at planned service life interval perform full integrity test on replacement modules rebaseline flux and establish new performance record
31375,-20650492.0,EV-125,inspect vacuum pump oil level and condition check all flanges and gaskets for air ingress using nitrogen pressure test replace failed gasket on vapour body flange re establish vacuum,inspect vacuum pump oil level and condition check all flanges and gaskets for air ingress using nitrogen pressure test replace failed gasket on vapour body flange re establish vacuum
31377,20278923,GT-054,gas turbine identifier combustion inspection fuel nozzles and transition piece inspection remove combustion liners inspect for cracking and oxidation replace liners beyond service life inspect and clean fuel nozzles replace transition pieces if cracked,gas turbine identifier combustion inspection fuel nozzles and transition piece inspection remove combustion liners inspect for cracking and oxidation replace liners beyond service life inspect and clean fuel nozzles replace transition pieces if cracked
31395,20416225,SD-079,spray dryer identifier annual chamber inspection and atomiser overhaul full internal inspection of drying chamber remove product deposits inspect wall coatings overhaul atomiser assembly and replace bearings and seals clean cyclone and bag filter,spray dryer identifier annual chamber inspection and atomiser overhaul full internal inspection of drying chamber remove product deposits inspect wall coatings overhaul atomiser assembly and replace bearings and seals clean cyclone and bag filter
31411,20525730,HV-101,hvac unit identifier supply fan drive belt failure airflow loss to controlled area replace drive belt with correct specification check tension and alignment on pulleys run up and verify supply air volume check room pressures return to setpoint,hvac unit identifier supply fan drive belt failure airflow loss to controlled area replace drive belt with correct specification check tension and alignment on pulleys run up and verify supply air volume check room pressures return to setpoint
31453,20284555,FM-055,fermentor identifier sparger blockage do declining despite air flow batch intervention required isolate air supply remove sparger assembly unblock sparger holes with wire and acid wash inspect for damage reinstall verify do response on aeration restart,fermentor identifier sparger blockage do declining despite air flow batch intervention required isolate air supply remove sparger assembly unblock sparger holes with wire and acid wash inspect for damage reinstall verify do response on aeration restart
31503,20102076,TK-021,storage tank identifier annual calibration of all level and temperature instruments calibrate all level transmitters against certified reference check temperature sensor accuracy verify high level alarm setpoints update calibration records,storage tank identifier annual calibration of all level and temperature instruments calibrate all level transmitters against certified reference check temperature sensor accuracy verify high level alarm setpoints update calibration records
31554,20029579,AG-008,agitator identifier annual agitator and impeller inspection remove impeller inspect blades for erosion and corrosion measure blade thickness replace if below minimum thickness inspect shaft bearings reassemble,agitator identifier annual agitator and impeller inspection remove impeller inspect blades for erosion and corrosion measure blade thickness replace if below minimum thickness inspect shaft bearings reassemble
31560,20170629,HX-036,heat exchanger identifier tube leak detected cross contamination confirmed by conductivity rise on shell side pressure test tube bundle with nitrogen identify leaking tubes plug failed tubes or replace bundle hydrotest at identifier design pressure update mechanical integrity record,heat exchanger identifier tube leak detected cross contamination confirmed by conductivity rise on shell side pressure test tube bundle with nitrogen identify leaking tubes plug failed tubes or replace bundle hydrotest at identifier design pressure update mechanical integrity record
31567,20344863,K-166,compressor identifier discharge valve efficiency declining based on performance monitoring throughput identifier identifier below rated remove and bench test discharge valves replace worn valve seats and plates re test compressor performance post repair,compressor identifier discharge valve efficiency declining based on performance monitoring throughput identifier identifier below rated remove and bench test discharge valves replace worn valve seats and plates re test compressor performance post repair
31572,202977931,TK-059,storage tank identifier api identifier internal inspection floor shell and roof condition assessment drain and gas free tank internal inspection per api identifier measure floor plate thickness using ut inspect shell for corrosion check annular plates write inspection report,storage tank identifier api identifier internal inspection floor shell and roof condition assessment drain and gas free tank internal inspection per api identifier measure floor plate thickness using ut inspect shell for corrosion check annular plates write inspection report
31616,20198557,AG-038,agitator identifier six monthly gearbox oil change and seal inspection drain gearbox oil replace with approved grade inspect mechanical seal faces replace if worn check shaft coupling alignment document in lubrication record,agitator identifier six monthly gearbox oil change and seal inspection drain gearbox oil replace with approved grade inspect mechanical seal faces replace if worn check shaft coupling alignment document in lubrication record
31711,20569907,P-211,centrifugal pump identifier annual overhaul full disassembly wear measurement impeller and seal replacement full pump disassembly measure all wear components against tolerances replace impeller wear rings bearings and mechanical seal reassemble align and performance test,centrifugal pump identifier annual overhaul full disassembly wear measurement impeller and seal replacement full pump disassembly measure all wear components against tolerances replace impeller wear rings bearings and mechanical seal reassemble align and performance test
31742,20229439,CR-045,crystalliser identifier jacket cooling valve failure temperature rising uncontrolled batch at risk isolate cooling valve replace actuator diaphragm and positioner stroke test valve through full range verify temperature control loop response,crystalliser identifier jacket cooling valve failure temperature rising uncontrolled batch at risk isolate cooling valve replace actuator diaphragm and positioner stroke test valve through full range verify temperature control loop response
31819,20632857,P-422,centrifugal pump identifier annual overhaul full disassembly wear measurement impeller and seal replacement full pump disassembly measure all wear components against tolerances replace impeller wear rings bearings and mechanical seal reassemble align and performance test,centrifugal pump identifier annual overhaul full disassembly wear measurement impeller and seal replacement full pump disassembly measure all wear components against tolerances replace impeller wear rings bearings and mechanical seal reassemble align and performance test
31840,20243900,K-147,compressor identifier low lube oil pressure alarm oil pressure identifier bar below minimum unit tripped drain and inspect lube oil system replace oil filter cartridges check oil pump relief valve refill with approved oil grade run up and verify pressure,compressor identifier low lube oil pressure alarm oil pressure identifier bar below minimum unit tripped drain and inspect lube oil system replace oil filter cartridges check oil pump relief valve refill with approved oil grade run up and verify pressure
31881,20056868,BM-012,ball mill identifier six monthly oil analysis and lubrication system inspection take oil samples from all bearing reservoirs inspect filters and strainers check oil coolers replace oil if analysis shows degradation flush if metal contamination detected,ball mill identifier six monthly oil analysis and lubrication system inspection take oil samples from all bearing reservoirs inspect filters and strainers check oil coolers replace oil if analysis shows degradation flush if metal contamination detected
31889,20231199,GT-044,gas turbine identifier flame out on start igniter fault suspected inspect igniter plugs for erosion replace igniter check fuel supply isolation valve and fuel manifold pressure verify flame detector signal attempt controlled restart per procedure,gas turbine identifier flame out on start igniter fault suspected inspect igniter plugs for erosion replace igniter check fuel supply isolation valve and fuel manifold pressure verify flame detector signal attempt controlled restart per procedure
31942,20678900.0000000000,FCC-129,fluid catalytic cracker identifier standpipe pluggage event catalyst circulation lost,fluid catalytic cracker identifier standpipe pluggage event catalyst circulation lost
32004,20459742,P-488,centrifugal pump identifier six monthly planned maintenance bearing inspection mechanical seal check and coupling alignment verification inspect bearing condition and clearances replenish grease per lubrication schedule mobil shc identifier check coupling alignment verify seal flush flow rate update maintenance record,centrifugal pump identifier six monthly planned maintenance bearing inspection mechanical seal check and coupling alignment verification inspect bearing condition and clearances replenish grease per lubrication schedule mobil shc identifier check coupling alignment verify seal flush flow rate update maintenance record
32026,20088901,GT-018,gas turbine identifier combustion inspection fuel nozzles and transition piece inspection remov combustion lin rs inspect for racking nd oxidation repl e liners b yond service life inspect and l n fuel n zzl s r pl e tr nsition pi es if cracked,gas turbine identifier combustion inspection fuel nozzles and transition piece inspection remov combustion lin rs inspect for racking nd oxidation repl e liners b yond service life inspect and l n fuel n zzl s r pl e tr nsition pi es if cracked
32186,20226261,UF-143,ultrafiltration unit identifier normalised flux declining identifier versus baseline membrane fouling confirmed perform enhanced cip with citric acid identifier solution monitor flux recovery if flux not restored replace fouled membrane modules rebaseline after chemical clean,ultrafiltration unit identifier normalised flux declining identifier versus baseline membrane fouling confirmed perform enhanced cip with citric acid identifier solution monitor flux recovery if flux not restored replace fouled membrane modules rebaseline after chemical clean
32317,20024457,HV-007,hvac unit identifier supply fan drive belt failure airflow loss to controlled area replace drive belt with correct specification check tension and alignment on pulleys run up and verify supply air volume check room pressures return to setpoint,hvac unit identifier supply fan drive belt failure airflow loss to controlled area replace drive belt with correct specification check tension and alignment on pulleys run up and verify supply air volume check room pressures return to setpoint
32336,20045509,CV-109,belt conveyor identifier blocked chute material buildup causing belt overload trip clear chute blockage inspect chute liner wear replace worn liner plates investigate root cause of blockage adjust belt speed or chute geometry if required,belt conveyor identifier blocked chute material buildup causing belt overload trip clear chute blockage inspect chute liner wear replace worn liner plates investigate root cause of blockage adjust belt speed or chute geometry if required
32384,ROW_032384,DC-047,distillation column identifier planned turnaround tray inspection and cleaning full internal inspection of all trays record tray conditions replace damaged tray panels clean downcomers and sumps inspect column internals for corrosion,distillation column identifier planned turnaround tray inspection and cleaning full internal inspection of all trays record tray conditions replace damaged tray panels clean downcomers and sumps inspect column internals for corrosion
32390,20361852,M-069,motor identifier six monthly insulation resistance test and bearing grease replenishment ir test all three phases and record grease drive end and non drive end bearings per lubrication schedule check terminal connections for heat damage document results,motor identifier six monthly insulation resistance test and bearing grease replenishment ir test all three phases and record grease drive end and non drive end bearings per lubrication schedule check terminal connections for heat damage document results
32394,20308841,CF-060,centrifuge identifier six monthly basket bearing and seal inspection inspect basket condition measure bearing clearances check mechanical seal faces inspect braking system lubricate all grease points test safety interlock operation,centrifuge identifier six monthly basket bearing and seal inspection inspect basket condition measure bearing clearances check mechanical seal faces inspect braking system lubricate all grease points test safety interlock operation
32404,205047703,AG-097,agitator identifier annual agitator nd impeller ins ection remove impeller inspect blades for erosion and corrosion measure blade thickness replace if below minimum thickness inspect shaft bearings reassemble,agitator identifier annual agitator nd impeller ins ection remove impeller inspect blades for erosion and corrosion measure blade thickness replace if below minimum thickness inspect shaft bearings reassemble
32420,20270456,K-052,compressor identifier annual overhaul per oem schedule valve inspection oil change and performance test disassemble suction and discharge valve assemblies replace valve plates and springs change lube oil and filters check coupling and alignment performance test,compressor identifier annual overhaul per oem schedule valve inspection oil change and performance test disassemble suction and discharge valve assemblies replace valve plates and springs change lube oil and filters check coupling and alignment performance test
32459,20393573,M-081,motor identifier insulation resistance failure megger test identifier mohm below minimum identifier mohm winding degradation disconnect motor and perform full ir test on all phases test confirms winding failure remove motor for rewind install spare motor align and commission,motor identifier insulation resistance failure megger test identifier mohm below minimum identifier mohm winding degradation disconnect motor and perform full ir test on all phases test confirms winding failure remove motor for rewind install spare motor align and commission
32467,20209585,GB-042,gearbox identifier six monthly oil sample analysis and external inspection take oil sample for laboratory analysis inspect for external leaks check oil level inspect coupling for wear document condition oil analysis report to maintenance planner,gearbox identifier six monthly oil sample analysis and external inspection take oil sample for laboratory analysis inspect for external leaks check oil level inspect coupling for wear document condition oil analysis report to maintenance planner
32497,20616782,HP-118,hydraulic press identifier pressure relief valve lifting prematurely at identifier bar is lat and remov r li f valv bench test and set to rrect pr ssur re l if s t damaged reinst ll nd verify o eration at working ressure update r li f v lve test r cord,hydraulic press identifier pressure relief valve lifting prematurely at identifier bar is lat and remov r li f valv bench test and set to rrect pr ssur re l if s t damaged reinst ll nd verify o eration at working ressure update r li f v lve test r cord
32540,20141999,DOS-127,dosing pump identifier chemical tank low level alarm identifier level production impact if not replenished notify operations to arrange chemical delivery check dosing system isolation valves in correct position prime dosing head after tank fill verify dosing rate on restart,dosing pump identifier chemical tank low level alarm identifier level production impact if not replenished notify operations to arrange chemical delivery check dosing system isolation valves in correct position prime dosing head after tank fill verify dosing rate on restart
32614,20281816,TK-055,storage tank identifier annual calibration of all level and temperature instruments calibrate all level transmitters against certified reference check temperature sensor accuracy verify high level alarm setpoints update calibration records,storage tank identifier annual calibration of all level and temperature instruments calibrate all level transmitters against certified reference check temperature sensor accuracy verify high level alarm setpoints update calibration records
32640,20596384,P-414,centrifugal pump identifier mechanical seal failure product leakage observed at gland area estimated identifier l h replace complete mechanical seal cartridge flush seal chamber pressure test at identifier bar return to service and monitor seal flush flow,centrifugal pump identifier mechanical seal failure product leakage observed at gland area estimated identifier l h replace complete mechanical seal cartridge flush seal chamber pressure test at identifier bar return to service and monitor seal flush flow
32657,20488576,M-094,motor identifier insulation resistance failure megger test identifier mohm below minimum identifier mohm winding degradation disconnect motor and perform full ir test on all phases test confirms winding failure remove motor for rewind install spare motor align and commission,motor identifier insulation resistance failure megger test identifier mohm below minimum identifier mohm winding degradation disconnect motor and perform full ir test on all phases test confirms winding failure remove motor for rewind install spare motor align and commission
32679,20245499.0000000000,F-048,filter identifier quarterly filter housing inspection and o ring check inspect o ring condition and housing sealing surfaces replace o ring as precautionary measure pressure test housing verify differential pressure indication,filter identifier quarterly filter housing inspection and o ring check inspect o ring condition and housing sealing surfaces replace o ring as precautionary measure pressure test housing verify differential pressure indication
32686,20506981,P-297,centrifugal pump identifier low flow alarm active flow identifier identifier below minimum process requirement inspect impeller for wear and blockage remove any debris check wear ring clearance trim impeller if required verify system curve against pump curve,centrifugal pump identifier low flow alarm active flow identifier identifier below minimum process requirement inspect impeller for wear and blockage remove any debris check wear ring clearance trim impeller if required verify system curve against pump curve
32709,20297996,TK-061,storage tank identifier roof drain blockage causing water ingress to product clear roof drain blockage inspect drain seal condition replace corroded drain fitting verify drain flow rate post repair,storage tank identifier roof drain blockage causing water ingress to product clear roof drain blockage inspect drain seal condition replace corroded drain fitting verify drain flow rate post repair
32722,20134385,CR-126,crystalliser identifier jacket cooling valve failure temperature rising uncontrolled batch at risk isolate cooling valve replace actuator diaphragm and positioner stroke test valve through full range verify temperature control loop response,crystalliser identifier jacket cooling valve failure temperature rising uncontrolled batch at risk isolate cooling valve replace actuator diaphragm and positioner stroke test valve through full range verify temperature control loop response
32766,20138200,K-227,compressor identifier low lube oil pressure alarm oil pressure identifier bar below minimum unit tripped drain and inspect lube oil system replace oil filter cartridges check oil pump relief valve refill with approved oil grade run up and verify pressure,compressor identifier low lube oil pressure alarm oil pressure identifier bar below minimum unit tripped drain and inspect lube oil system replace oil filter cartridges check oil pump relief valve refill with approved oil grade run up and verify pressure
32831,20600693,FCC-115,fluid catalytic cracker identifier annual catalyst sampling and activity analysis sample catalyst from multiple bed locations send for laboratory analysis of activity selectivity and metals content adjust fresh catalyst addition rate based on results,fluid catalytic cracker identifier annual catalyst sampling and activity analysis sample catalyst from multiple bed locations send for laboratory analysis of activity selectivity and metals content adjust fresh catalyst addition rate based on results
32855,20711432,P-237,centrifugal pump identifier quarterly lubrication service bearing grease replenishment and vibration baseline measurement grease drive end and non drive end bearings measure and record vibration signature check motor current at duty point inspect coupling spider for wear,centrifugal pump identifier quarterly lubrication service bearing grease replenishment and vibration baseline measurement grease drive end and non drive end bearings measure and record vibration signature check motor current at duty point inspect coupling spider for wear
32971,20584117,EX-112,extruder identifier annual screw and barrel wear inspection remove screw measure screw flight wear profile against original drawing replace screw if worn beyond tolerance measure barrel bore wear replace barrel liner if required,extruder identifier annual screw and barrel wear inspection remove screw measure screw flight wear profile against original drawing replace screw if worn beyond tolerance measure barrel bore wear replace barrel liner if required
33039,20167547,CT-132,cooling tower identifier annual basin cleaning and fill packing inspection drain basin clean and disinfect with chlorine solution inspect fill packing condition replace damaged packing sections check drift eliminators treat and refill legionella risk assessment update,cooling tower identifier annual basin cleaning and fill packing inspection drain basin clean and disinfect with chlorine solution inspect fill packing condition replace damaged packing sections check drift eliminators treat and refill legionella risk assessment update
33049,20584430,TRB-112,steam turbine identifier annual steam turbine inspection and governor test partial disassembly inspection inspect blade condition labyrinth seals and gland packing test governor and overspeed trip replace gland packing update inspection record,steam turbine identifier annual steam turbine inspection and governor test partial disassembly inspection inspect blade condition labyrinth seals and gland packing test governor and overspeed trip replace gland packing update inspection record
33111,20429723,TK-083,storage identifier api identifier internal inspection floor shell and roof condition assessment drain and gas free tank internal inspection per api identifier measure floor plate thickness using ut inspect shell for corrosion check annular plates write inspection report,storage identifier api identifier internal inspection floor shell and roof condition assessment drain and gas free tank internal inspection per api identifier measure floor plate thickness using ut inspect shell for corrosion check annular plates write inspection report
33124,20324892,CF-063,centrifuge identifier six monthly basket bearing and seal inspection inspect basket condition measure bearing clearances check mechanical seal faces inspect braking system lubricate all grease points test safety interlock operation,centrifuge identifier six monthly basket bearing and seal inspection inspect basket condition measure bearing clearances check mechanical seal faces inspect braking system lubricate all grease points test safety interlock operation
33148,20184610,DP-036,diaphragm pump identifier annual diaphragm and valve inspection,diaphragm pump identifier annual diaphragm and valve inspection
33157,20428583,P-482,centrifugal pump identifier bearing temperature high alarm drive end temperature identifier degc above baseline remove bearing housing end cover measure bearing clearance replace worn bearing re grease per lubrication schedule monitor temperature for identifier hours post start,centrifugal pump identifier bearing temperature high alarm drive end temperature identifier degc above baseline remove bearing housing end cover measure bearing clearance replace worn bearing re grease per lubrication schedule monitor temperature for identifier hours post start
33291,20061517,CV-013,belt conveyor identifier annual gearbox oil change and drive inspection drain gearbox replace oil with approved grade inspect coupling and guard condition check brake adjustment verify all safety switches and interlocks operational,belt conveyor identifier annual gearbox oil change and drive inspection drain gearbox replace oil with approved grade inspect coupling and guard condition check brake adjustment verify all safety switches and interlocks operational
33359,20381743,R-073,reactor identifier agitator drive fault alarm motor current identifier a spike then trip inspect agitator gearbox for damage check mechanical seal on agitator shaft replace failed seal assembly verify torque at rated speed,reactor identifier agitator drive fault alarm motor current identifier a spike then trip inspect agitator gearbox for damage check mechanical seal on agitator shaft replace failed seal assembly verify torque at rated speed
33389,20651663,CT-125,cooling tower identifier six monthly fan inspection and gearbox oil change inspect fan blades for erosion check blade pitch angle uniformity change gearbox oil inspect gearbox for wear lubricate fan shaft bearings measure and record vibration,cooling tower identifier six monthly fan inspection and gearbox oil change inspect fan blades for erosion check blade pitch angle uniformity change gearbox oil inspect gearbox for wear lubricate fan shaft bearings measure and record vibration
33433,20670022,K-129,compressor identifier discharge valve efficiency declining based on performance monitoring throughput identifier identifier below rated remove and bench test discharge valves replace worn valve seats and plates re test compressor performance post repair,compressor identifier discharge valve efficiency declining based on performance monitoring throughput identifier identifier below rated remove and bench test discharge valves replace worn valve seats and plates re test compressor performance post repair
33486,20456165,BLR-187,boiler identifier annual statutory inspection internal and external inspection per local pressure vessel regulations drain boiler descale waterside surfaces inspect fireside tubes and refractory inspect safety valve pressure gauge and water level gauges prepare inspection report for regulatory authority,boiler identifier annual statutory inspection internal and external inspection per local pressure vessel regulations drain boiler descale waterside surfaces inspect fireside tubes and refractory inspect safety valve pressure gauge and water level gauges prepare inspection report for regulatory authority
33501,20005419,P-104,centrifugal pump identifier motor current increasing trend current draw identifier a versus baseline identifier a possible internal wear inspect impeller and wear rings for erosion measure internal clearances replace worn components re test performance at duty conditions,centrifugal pump identifier motor current increasing trend current draw identifier a versus baseline identifier a possible internal wear inspect impeller and wear rings for erosion measure internal clearances replace worn components re test performance at duty conditions
33537,20330554,M-063,motor identifier vfd overcurrent fault drive tripped on identifier at identifier a check vfd parameters and fault log inspect motor terminal connections megger test windings check encoder feedback signal clear fault and trial run under reduced load,motor identifier vfd overcurrent fault drive tripped on identifier at identifier a check vfd parameters and fault log inspect motor terminal connections megger test windings check encoder feedback signal clear fault and trial run under reduced load
33546,20188883,EX-036,extruder identifier annual screw and barrel wear inspection remove screw measure screw flight wear profile against original drawing replace screw if worn beyond tolerance measure barrel bore wear replace barrel liner if required,extruder identifier annual screw and barrel wear inspection remove screw measure screw flight wear profile against original drawing replace screw if worn beyond tolerance measure barrel bore wear replace barrel liner if required
33547,20037026,P-109,centrifugal pump identifier low flow alarm active flow identifier identifier below minimum process requirement inspect impeller for wear and blockage remove any debris check wear ring clearance trim impeller if required verify system curve against pump curve,centrifugal pump identifier low flow alarm active flow identifier identifier below minimum process requirement inspect impeller for wear and blockage remove any debris check wear ring clearance trim impeller if required verify system curve against pump curve
33562,20697217,DC-134,distillation column identifier reboiler steam control valve cv failure valve stuck at identifier open isolate control valve remove actuator and positioner disassemble valve body inspect seat and plug for erosion replace trim if worn calibrate positioner and stroke test,distillation column identifier reboiler steam control valve cv failure valve stuck at identifier open isolate control valve remove actuator and positioner disassemble valve body inspect seat and plug for erosion replace trim if worn calibrate positioner and stroke test
33601,20737958,P-241,replace complete mechanical seal cartridge flush seal chamber pressure test at identifier bar return to service and monitor seal flush flow,replace complete mechanical seal cartridge flush seal chamber pressure test at identifier bar return to service and monitor seal flush flow
33612,20287360,BLR-056,boiler identifier six monthly burner service and combustion efficiency test service burner clean fuel nozzles check igniter electrode gap calibrate combustion analyser run combustion efficiency test adjust air fuel ratio for optimum efficiency,boiler identifier six monthly burner service and combustion efficiency test service burner clean fuel nozzles check igniter electrode gap calibrate combustion analyser run combustion efficiency test adjust air fuel ratio for optimum efficiency
33764,20339851,HX-066,heat exchanger identifier differential pressure high alarm tube side pressure drop identifier bar versus clean baseline identifier bar isolate and drain tube side hydroblast tube bundle to remove fouling deposit inspect tube wall thickness using eddy current testing reassemble and pressure test,heat exchanger identifier differential pressure high alarm tube side pressure drop identifier bar versus clean baseline identifier bar isolate and drain tube side hydroblast tube bundle to remove fouling deposit inspect tube wall thickness using eddy current testing reassemble and pressure test
33774,20186062,K-038,compressor identifier lube oil analysis shows elevated iron particles identifier ppm bearing wear suspected inspect bearings and journal surfaces replace worn bearings flush and refill lube oil system repeat oil analysis after identifier hours runtime,compressor identifier lube oil analysis shows elevated iron particles identifier ppm bearing wear suspected inspect bearings and journal surfaces replace worn bearings flush and refill lube oil system repeat oil analysis after identifier hours runtime
33780,ROW_033780,RLP-066,rotary lobe pump identifier seal failure product leakage at front seal drain pump remove front cover replace mechanical seal complete assembly inspect rotor faces and housing bore for scoring reassemble pressure test before returning to service,rotary lobe pump identifier seal failure product leakage at front seal drain pump remove front cover replace mechanical seal complete assembly inspect rotor faces and housing bore for scoring reassemble pressure test before returning to service
33787,20167102,CV-034,adjust tail pulley tracking screws to correct belt alignment inspect all return rollers for seized bearings causing mistrack replace seized rollers monitor belt tracking for identifier hours,adjust tail pulley tracking screws to correct belt alignment inspect all return rollers for seized bearings causing mistrack replace seized rollers monitor belt tracking for identifier hours
33808,20190692,P-337,centrifugal pump identifier high vibration alarm on drive end bearing amplitude identifier mm s rms exceeding trip setpoint isolate pump drain casing disassemble bearing housing replace drive end bearing identifier realign coupling to within identifier tir functional test at duty point,centrifugal pump identifier high vibration alarm on drive end bearing amplitude identifier mm s rms exceeding trip setpoint isolate pump drain casing disassemble bearing housing replace drive end bearing identifier realign coupling to within identifier tir functional test at duty point
33821,20141552,UF-027,ultrafiltration unit identifier annual module replacement based on service life replace all membrane modules at planned service life interval perform full integrity test on replacement modules rebaseline flux and establish new performance record,ultrafiltration unit identifier annual module replacement based on service life replace all membrane modules at planned service life interval perform full integrity test on replacement modules rebaseline flux and establish new performance record
33842,20675283,K-130,compressor identifier six monthly lube oil analysis and filter change drain lube oil replace filters refill with approved grade conduct oil analysis on drained oil check oil cooler condition update lubrication record,compressor identifier six monthly lube oil analysis and filter change drain lube oil replace filters refill with approved grade conduct oil analysis on drained oil check oil cooler condition update lubrication record
33851,20678928,FCC-130,fluid catalytic cracker identifier slide valve actuator failure catalyst flow control lost on identifier valve stroke isolate slide valve replace hydraulic actuator and positioner stroke test under atmospheric conditions verify control loop response before return to feed,fluid catalytic cracker identifier slide valve actuator failure catalyst flow control lost on identifier valve stroke isolate slide valve replace hydraulic actuator and positioner stroke test under atmospheric conditions verify control loop response before return to feed
33862,20050578,M-015,motor identifier vfd overcurrent fault drive tripped on identifier at identifier a check vfd parameters and fault log inspect motor terminal connections megger test windings check encoder feedback signal clear fault and trial run under reduced load,motor identifier vfd overcurrent fault drive tripped on identifier at identifier a check vfd parameters and fault log inspect motor terminal connections megger test windings check encoder feedback signal clear fault and trial run under reduced load
33864,20624069,BLR-119,boiler identifier feedwater pump failure loss of boiler feed emergency shutdown initiated start standby feedwater pump investigate duty pump failure replace mechanical seal and bearings on duty pump test duty pump before returning to service,boiler identifier feedwater pump failure loss of boiler feed emergency shutdown initiated start standby feedwater pump investigate duty pump failure replace mechanical seal and bearings on duty pump test duty pump before returning to service
33871,20108628,HV-022,hvac unit identifier six monthly filter change and coil inspection replace primary and secondary filters clean cooling and heating coils check condensate drain tray and trap inspect ductwork connection flanges document filter changes,hvac unit identifier six monthly filter change and coil inspection replace primary and secondary filters clean cooling and heating coils check condensate drain tray and trap inspect ductwork connection flanges document filter changes
33881,20751912,GB-143,gearbox identifier oil leak from output shaft seal identifier l h estimated loss rate drain oil remove output shaft seal retainer replace lip seal and o ring inspect shaft journal surface for scoring reinstall refill and check for leakage at operating pressure,gearbox identifier oil leak from output shaft seal identifier l h estimated loss rate drain oil remove output shaft seal retainer replace lip seal and o ring inspect shaft journal surface for scoring reinstall refill and check for leakage at operating pressure
33890,20439245,P-584,centrifugal pump identifier cavitating intermittently suction pressure identifier bar below minimum npsh required check suction strainer differential pressure clean strainer basket verify suction vessel level adjust operating point to restore positive npsh,centrifugal pump identifier cavitating intermittently suction pressure identifier bar below minimum npsh required check suction strainer differential pressure clean strainer basket verify suction vessel level adjust operating point to restore positive npsh
33892,20064365,P-314,centrifugal pump identifier vibration trending upward over identifier days broadband velocity identifier mm s bearing defect frequency identified in spectrum vibration analysis confirms bearing fault replace drive end bearing proactively re baseline vibration signature after repair,centrifugal pump identifier vibration trending upward over identifier days broadband velocity identifier mm s bearing defect frequency identified in spectrum vibration analysis confirms bearing fault replace drive end bearing proactively re baseline vibration signature after repair
33920,20422288,DP-081,diaphragm pump identifier six monthly air supply inspection and pump wet end service inspect air supply filter and regulator drain water from air filter bowl check pump stroke rate and flow rate inspect wet end components for corrosion or erosion,diaphragm pump identifier six monthly air supply inspection and pump wet end service inspect air supply filter and regulator drain water from air filter bowl check pump stroke rate and flow rate inspect wet end components for corrosion or erosion
33929,20558317,TRB-106,steam turbine identifier lube il low ressur alarm il pump su tion str in r blocked clean oil pump suction strainer check oil pump relief valve setting inspect main oil pump for wear flush lubrication system verify pressure at all bearing oil supply points,steam turbine identifier lube il low ressur alarm il pump su tion str in r blocked clean oil pump suction strainer check oil pump relief valve setting inspect main oil pump for wear flush lubrication system verify pressure at all bearing oil supply points
33934,20284469,UF-055,ultrafiltration unit identifier quarterly membrane integrity test and chemical clean,ultrafiltration unit identifier quarterly membrane integrity test and chemical clean
33942,20040395,AG-108,agitator identifier annual agitator and impeller inspection remove impeller inspect blades for erosion and corrosion measure blade thickness replace if below minimum thickness inspect shaft bearings reassemble,agitator identifier annual agitator and impeller inspection remove impeller inspect blades for erosion and corrosion measure blade thickness replace if below minimum thickness inspect shaft bearings reassemble
34019,20065292,R-014,reactor identifier agitator drive fault alarm motor current identifier a spike then trip inspect agitator gearbox for damage check mechanical seal on agitator shaft replace failed seal assembly verify torque at rated speed,reactor identifier agitator drive fault alarm motor current identifier a spike then trip inspect agitator gearbox for damage check mechanical seal on agitator shaft replace failed seal assembly verify torque at rated speed
34021,20752527,GT-143,gas turbine identifier hot section borescope inspection per oem schedule borescope inspection of all compressor and turbine stages record blade condition replace any blades with damage beyond serviceable limits update oem inspection record,gas turbine identifier hot section borescope inspection per oem schedule borescope inspection of all compressor and turbine stages record blade condition replace any blades with damage beyond serviceable limits update oem inspection record
34047,20500185,BM-096,ball mill identifier six monthly oil analysis and lubrication system inspection take oil samples from all bearing reservoirs inspect filters and strainers check oil coolers replace oil if analysis shows degradation flush if metal contamination detected,ball mill identifier six monthly oil analysis and lubrication system inspection take oil samples from all bearing reservoirs inspect filters and strainers check oil coolers replace oil if analysis shows degradation flush if metal contamination detected
34116,20468401,DRY-090,dryer identifier high product moisture alarm identifier above specification steam pressure insufficient ch k ste m sup ly pressur nd ontrol v lve peration ins e t heating coils f r f uling cl n ils verify moisture an lyser alibrati n adjust drying cycle time if required,dryer identifier high product moisture alarm identifier above specification steam pressure insufficient ch k ste m sup ly pressur nd ontrol v lve peration ins e t heating coils f r f uling cl n ils verify moisture an lyser alibrati n adjust drying cycle time if required
34189,20413289,R-079,reactor identifier ph probe at failure reading frzen at identifier ph batch on hold remove ph probe clean and bench calibrate using ph identifier and identifier buffer solutins replace if drifted beyond calibration tolerance reinstall and verify loop,reactor identifier ph probe at failure reading frzen at identifier ph batch on hold remove ph probe clean and bench calibrate using ph identifier and identifier buffer solutins replace if drifted beyond calibration tolerance reinstall and verify loop
34293,20586844,HX-312,heat exchanger identifier differential pressure high alarm tube side pressure drop identifier bar versus clean baseline identifier bar isolate and drain tube side hydroblast tube bundle to remove fouling deposit inspect tube wall thickness using eddy current testing reassemble and pressure test,heat exchanger identifier differential pressure high alarm tube side pressure drop identifier bar versus clean baseline identifier bar isolate and drain tube side hydroblast tube bundle to remove fouling deposit inspect tube wall thickness using eddy current testing reassemble and pressure test
34300,20512771,K-099,compressor identifier low lube oil pressure alarm oil pressure identifier bar below minimum unit tripped drain and inspect lube oil system replace oil filter cartridges check oil pump relief valve refill with approved oil grade run up and verify pressure,compressor identifier low lube oil pressure alarm oil pressure identifier bar below minimum unit tripped drain and inspect lube oil system replace oil filter cartridges check oil pump relief valve refill with approved oil grade run up and verify pressure
34309,20231217,GT-044,gas turbine identifier combustion inspection fuel nozzles and transition piece inspection remove combustion liners inspect for cracking and oxidation replace liners beyond service life inspect and clean fuel nozzles replace transition pieces if cracked,gas turbine identifier combustion inspection fuel nozzles and transition piece inspection remove combustion liners inspect for cracking and oxidation replace liners beyond service life inspect and clean fuel nozzles replace transition pieces if cracked
34372,20018513,M-007,motor identifier insulation resistance failure megger test identifier mohm below minimum identifier mohm winding degradation disconnect motor and perform full ir test on all phases test confirms winding failure remove motor for rewind install spare motor align and commission,motor identifier insulation resistance failure megger test identifier mohm below minimum identifier mohm winding degradation disconnect motor and perform full ir test on all phases test confirms winding failure remove motor for rewind install spare motor align and commission
34441,20738257,P-341,centrifugal pump identifier motor overload trip overcurrent detected phase a identifier a above flc megger test motor windings check vfd parameters inspect terminal connections for heat damage replace overload relay if tripped beyond reset,centrifugal pump identifier motor overload trip overcurrent detected phase a identifier a above flc megger test motor windings check vfd parameters inspect terminal connections for heat damage replace overload relay if tripped beyond reset
34473,20576495,R-112,reactor identifier ph probe at failure reading frozen at identifier ph batch on hold remove ph probe clean and bench calibrate using ph identifier and identifier buffer solutions replace if drifted beyond calibration tolerance reinstall and verify loop,reactor identifier ph probe at failure reading frozen at identifier ph batch on hold remove ph probe clean and bench calibrate using ph identifier and identifier buffer solutions replace if drifted beyond calibration tolerance reinstall and verify loop
34487,20223064,HX-043,heat exchanger identifier six monthly fouling inspection based on duty criticality measure differential pressure and calculate fouling factor if above threshold clean tube bundle inspect sacrificial anodes document condition in rbi record,heat exchanger identifier six monthly fouling inspection based on duty criticality measure differential pressure and calculate fouling factor if above threshold clean tube bundle inspect sacrificial anodes document condition in rbi record
34530,20227969,K-045,compressor identifier surge event detected inlet guide vane malfunction suspected inspect inlet guide vanes for damage and actuator operation replace faulty actuator positioner calibrate surge control curve verify anti surge valve response,compressor identifier surge event detected inlet guide vane malfunction suspected inspect inlet guide vanes for damage and actuator operation replace faulty actuator positioner calibrate surge control curve verify anti surge valve response
34566,20733947,HX-140,heat exchanger identifier differential pressure high alarm tube side pressure drop identifier bar versus clean baseline identifier bar isolate and drain tube side hydroblast tube bundle to remove fouling deposit inspect tube wall thickness using eddy current testing reassemble and pressure test,heat exchanger identifier differential pressure high alarm tube side pressure drop identifier bar versus clean baseline identifier bar isolate and drain tube side hydroblast tube bundle to remove fouling deposit inspect tube wall thickness using eddy current testing reassemble and pressure test
34605,20407975,HX-080,heat exchanger identifier annual inspection tube bundle inspection gasket replacement and pressure test drain and open channel head inspect tube sheet and tubes using boroscope replace gaskets on both heads hydraulic pressure test reinstate and commission,heat exchanger identifier annual inspection tube bundle inspection gasket replacement and pressure test drain and open channel head inspect tube sheet and tubes using boroscope replace gaskets on both heads hydraulic pressure test reinstate and commission
34641,20144651,BLR-028,isolate safety valve remove and send to certified workshop for testing reconditioning and recertification fit inspected spare valve update safety valve register,isolate safety valve remove and send to certified workshop for testing reconditioning and recertification fit inspected spare valve update safety valve register
34645,20271846,CR-052,crystalliser identifier annual internal inspection and agitator overhaul drain vessel open manways internal inspection for scaling and corrosion replace agitator mechanical seal and bearings check jacket integrity inspect baffles,crystalliser identifier annual internal inspection and agitator overhaul drain vessel open manways internal inspection for scaling and corrosion replace agitator mechanical seal and bearings check jacket integrity inspect baffles
34648,20495135,SEP-095,separator identifier interface level control erratic identifier suspected fouling on displacer remove level transmitter clean displacer float calibrate instrument using water column replace isolation valves on bridle if passing reinstall and verify control response,separator identifier interface level control erratic identifier suspected fouling on displacer remove level transmitter clean displacer float calibrate instrument using water column replace isolation valves on bridle if passing reinstall and verify control response
34663,20614716,CV-118,belt conveyor identifier drive pulley lagging worn belt slipping under load isolate conveyor remove drive pulley lagging clean pulley surface apply new ceramic lagging using approved adhesive cure before return to service verify belt tension,belt conveyor identifier drive pulley lagging worn belt slipping under load isolate conveyor remove drive pulley lagging clean pulley surface apply new ceramic lagging using approved adhesive cure before return to service verify belt tension
34706,20751468,CV-243,belt conveyor identifier blocked chute material buildup causing belt overload trip clear chute blockage inspect chute liner wear replace worn liner plates investigate root cause of blockage adjust belt speed or chute geometry if required,belt conveyor identifier blocked chute material buildup causing belt overload trip clear chute blockage inspect chute liner wear replace worn liner plates investigate root cause of blockage adjust belt speed or chute geometry if required
34719,20216960,P-243,centrifugal pump identifier vibration trending upward over identifier days broadband velocity identifier mm s bearing defect frequency identified in spectrum,centrifugal pump identifier vibration trending upward over identifier days broadband velocity identifier mm s bearing defect frequency identified in spectrum
34727,20100365,P-120,centrifugal pump identifier high vibration alarm on drive end bearing amplitude identifier mm s rms exceeding trip setpoint isolate pump drain casing disassemble bearing housing replace drive end bearing identifier realign coupling to within identifier tir functional test at duty point,centrifugal pump identifier high vibration alarm on drive end bearing amplitude identifier mm s rms exceeding trip setpoint isolate pump drain casing disassemble bearing housing replace drive end bearing identifier realign coupling to within identifier tir functional test at duty point
34741,20014366,BM-004,ball mill identifier six monthly oil analysis and lubrication system inspection take oil samples from all bearing reservoirs inspect filters and strainers check oil coolers replace oil if analysis shows degradation flush if metal contamination detected,ball mill identifier six monthly oil analysis and lubrication system inspection take oil samples from all bearing reservoirs inspect filters and strainers check oil coolers replace oil if analysis shows degradation flush if metal contamination detected
34768,20439336,P-684,centrifugal pump identifier annual overhaul full disassembly wear measurement impeller and seal replacement full pump disassembly measure all wear components against tolerances replace impeller wear rings bearings and mechanical seal reassemble align and performance test,centrifugal pump identifier annual overhaul full disassembly wear measurement impeller and seal replacement full pump disassembly measure all wear components against tolerances replace impeller wear rings bearings and mechanical seal reassemble align and performance test
34790,20158991,P-331,centrifugal pump identifier bearing temperature high alarm drive end temperature identifier degc above baseline remove bearing housing end cover measure bearing clearance replace worn bearing re grease per lubrication schedule monitor temperature for identifier hours post start,centrifugal pump identifier bearing temperature high alarm drive end temperature identifier degc above baseline remove bearing housing end cover measure bearing clearance replace worn bearing re grease per lubrication schedule monitor temperature for identifier hours post start
34807,20410709,SEP-078,separator identifier annual internal inspection and mist extractor cleaning drain and open separator inspect internals for corrosion clean mist extractor pads inspect vortex breaker check all nozzles replace damaged internals pressure test,separator identifier annual internal inspection and mist extractor cleaning drain and open separator inspect internals for corrosion clean mist extractor pads inspect vortex breaker check all nozzles replace damaged internals pressure test
34816,20344841,K-166,compressor identifier surge event detected inlet guide vane malfunction suspected inspect inlet guide vanes for damage and actuator operation replace faulty actuator positioner calibrate surge control curve verify anti surge valve response,compressor identifier surge event detected inlet guide vane malfunction suspected inspect inlet guide vanes for damage and actuator operation replace faulty actuator positioner calibrate surge control curve verify anti surge valve response
34821,20223219,HX-143,he t exchanger identifier outl t t mperatur low h at transfer c effici nt identifier identifier below design identifier identifier chemical clean tube side with sodium hydroxide identifier solution for identifier hours flush with demineralised water re baseline heat transfer performance,he t exchanger identifier outl t t mperatur low h at transfer c effici nt identifier identifier below design identifier identifier chemical clean tube side with sodium hydroxide identifier solution for identifier hours flush with demineralised water re baseline heat transfer performance
34826,20092948,CV-020,belt conveyor identifier annual gearbox oil change and drive inspection drain gearbox replace oil with approved grade inspect coupling and guard condition check brake adjustment verify all safety switches and interlocks operational,belt conveyor identifier annual gearbox oil change and drive inspection drain gearbox replace oil with approved grade inspect coupling and guard condition check brake adjustment verify all safety switches and interlocks operational
34902,20074341,P-116,centrifugal pump identifier bearing temperature high alarm drive end temperature identifier degc above baseline remove bearing housing end cover measure bearing clearance replace worn bearing re grease per lubrication schedule monitor temperature for identifier hours post start,centrifugal pump identifier bearing temperature high alarm drive end temperature identifier degc above baseline remove bearing housing end cover measure bearing clearance replace worn bearing re grease per lubrication schedule monitor temperature for identifier hours post start
35040,20581608,R-112,reactor identifier quarterly agitator mechanical seal and gearbox oil service drain gearbox replace oil with approved grade inspect mechanical seal faces for wear replace seal if face wear exceeds tolerance check impeller clearance,reactor identifier quarterly agitator mechanical seal and gearbox oil service drain gearbox replace oil with approved grade inspect mechanical seal faces for wear replace seal if face wear exceeds tolerance check impeller clearance
35046,20183714,DRY-135,dryer identifier vacuum cannot reach target identifier mbar air ingress suspected from inspection port gasket pressure test dryer vessel with nitrogen to identify air ingress replace failed gasket on inspection port test all other flanges verify vacuum level achieved after repair,dryer identifier vacuum cannot reach target identifier mbar air ingress suspected from inspection port gasket pressure test dryer vessel with nitrogen to identify air ingress replace failed gasket on inspection port test all other flanges verify vacuum level achieved after repair
35047,20480764,P-293,centrifugal pump identifier high vibration alarm on drive ennd bearing amplitude identifier mm s rms exceeding trip setpoint isolate pump drain casing disassemble bearing housing replace drive end bearing identifier realign coupling to within identifier tir functional test at duty point,centrifugal pump identifier high vibration alarm on drive ennd bearing amplitude identifier mm s rms exceeding trip setpoint isolate pump drain casing disassemble bearing housing replace drive end bearing identifier realign coupling to within identifier tir functional test at duty point
35128,20689383,FM-132,fermentor identifier sparger blockage do declining despite air flow batch intervention required isolate air supply remove sparger ssembly unbl ck sp rger h l s with wir and acid wash insp t for dam ge reinst ll verify do res onse n aeration restart,fermentor identifier sparger blockage do declining despite air flow batch intervention required isolate air supply remove sparger ssembly unbl ck sp rger h l s with wir and acid wash insp t for dam ge reinst ll verify do res onse n aeration restart
35182,20248343,P-150,centrifugal pump identifier low flow alarm active flow identifier identifier below minimum process requirement inspect impeller for wear and blockage remove any debris check wear ring clearance trim impeller if required verify system curve against pump curve,centrifugal pump identifier low flow alarm active flow identifier identifier below minimum process requirement inspect impeller for wear and blockage remove any debris check wear ring clearance trim impeller if required verify system curve against pump curve
35223,20434490,HX-084,heat exchanger identifier six monthly fouling inspection based on duty criticality measure differential pressure and calculate fouling factor if above threshold clean tube bundle inspect sacrificial anodes document condition in rbi record,heat exchanger identifier six monthly fouling inspection based on duty criticality measure differential pressure and calculate fouling factor if above threshold clean tube bundle inspect sacrificial anodes document condition in rbi record
35242,20539023,K-105,compressor identifier high vibration trip nde bearing vibration identifier mm s peak replace nde bearing check shaft alignment inspect labyrinth seals rebalance rotor if indicated run up on no load and verify vibration levels,compressor identifier high vibration trip nde bearing vibration identifier mm s peak replace nde bearing check shaft alignment inspect labyrinth seals rebalance rotor if indicated run up on no load and verify vibration levels
35249,20238339,P-646,centrifugal pump identifier six monthly planned maintenance bearing inspection mechanical seal check and coupling alignment verification inspect bearing condition and clearances replenish grease per lubrication schedule mobil shc identifier check coupling alignment verify seal flush flow rate update maintenance record,centrifugal pump identifier six monthly planned maintenance bearing inspection mechanical seal check and coupling alignment verification inspect bearing condition and clearances replenish grease per lubrication schedule mobil shc identifier check coupling alignment verify seal flush flow rate update maintenance record
35250,20086519,TK-019,storage tank identifier level transmitter lt failure reading stuck at identifier suspect impulse line blockage isolate and remove level transmitter blow down impulse lines clean displacer float bench calibrate reinstall and verify reading against dip measurement,storage tank identifier level transmitter lt failure reading stuck at identifier suspect impulse line blockage isolate and remove level transmitter blow down impulse lines clean displacer float bench calibrate reinstall and verify reading against dip measurement
35376,20081374,TK-116,storage tank identifier api identifier internal inspection floor shell and roof condition assessment drain and gas free tank internal inspection per api identifier measure floor plate thickness using ut inspect shell for corrosion check annular plates write inspection report,storage tank identifier api identifier internal inspection floor shell and roof condition assessment drain and gas free tank internal inspection per api identifier measure floor plate thickness using ut inspect shell for corrosion check annular plates write inspection report
35404,20492284,K-294,compressor identifier surge event detected inlet guide vane malfunction suspected inspect inlet guide vanes for damage and actuator operation replace faulty actuator positioner calibrate surge control curve verify anti surge valve response,compressor identifier surge event detected inlet guide vane malfunction suspected inspect inlet guide vanes for damage and actuator operation replace faulty actuator positioner calibrate surge control curve verify anti surge valve response
35603,20549024,P-305,centrifugal pump identifier mechanical seal failure product leakage observed at gland area estimated identifier l h replace complete mechanical seal cartridge flush seal chamber pressure test at identifier bar return to service and monitor seal flush flow,centrifugal pump identifier mechanical seal failure product leakage observed at gland area estimated identifier l h replace complete mechanical seal cartridge flush seal chamber pressure test at identifier bar return to service and monitor seal flush flow
35741,20557096.0000000000,M-113,motor identifier vfd overcurrent fault drive tripped on identifier at identifier a check vfd parameters and fault log inspect motor terminal connections megger test windings check encoder feedback signal clear fault and trial run under reduced load,motor identifier vfd overcurrent fault drive tripped on identifier at identifier a check vfd parameters and fault log inspect motor terminal connections megger test windings check encoder feedback signal clear fault and trial run under reduced load
35766,20381099,P-673,centrifugal pump identifier six monthly planned maintenance bearing inspection mechanical seal check and coupling alignment verification inspect bearing condition and clearances replenish grease per lubrication schedule mobil shc identifier check coupling alignment verify seal flush flow rate update maintenance record,centrifugal pump identifier six monthly planned maintenance bearing inspection mechanical seal check and coupling alignment verification inspect bearing condition and clearances replenish grease per lubrication schedule mobil shc identifier check coupling alignment verify seal flush flow rate update maintenance record
35816,20252617,FM-048,fermentor identifier annual vessel inspection agitator overhaul and instrument calibration steam sterilise vessel open manways for internal inspection replace agitator seal calibrate ph and do probes replace sparger if worn inspect jacket integrity document in batch record system,fermentor identifier annual vessel inspection agitator overhaul and instrument calibration steam sterilise vessel open manways for internal inspection replace agitator seal calibrate ph and do probes replace sparger if worn inspect jacket integrity document in batch record system
35924,20301503,P-258,centrifugal pump identifier high vibration alarm on drive end bearing amplitude identifier mm s rms exceeding trip setpoint isolate pump drain casing disassemble bearing housing replace drive end bearing identifier realign coupling to within identifier tir functional test at duty point,centrifugal pump identifier high vibration alarm on drive end bearing amplitude identifier mm s rms exceeding trip setpoint isolate pump drain casing disassemble bearing housing replace drive end bearing identifier realign coupling to within identifier tir functional test at duty point
35970,20413580,TK-079,storage tank identifier api identifier internal inspection floor shell and roof condition assessment drain and gas free tank internal inspection per api identifier measure floor plate thickness using ut inspect shell for corrosion check annular plates write inspection report,storage tank identifier api identifier internal inspection floor shell and roof condition assessment drain and gas free tank internal inspection per api identifier measure floor plate thickness using ut inspect shell for corrosion check annular plates write inspection report
36028,20146715,SEP-128,separator identifier six monthly level instrument calibration calibrate all level transmitters verify high and low level alarm setpoints check interface level instruments document calibration results,separator identifier six monthly level instrument calibration calibrate all level transmitters verify high and low level alarm setpoints check interface level instruments document calibration results
36033,20518826,TK-102,storage tank identifier api identifier internal inspection floor shell and roof condition assessment drain and gas free tank internal inspection per api identifier measure floor plate thickness using ut inspect shell for corrosion check annular plates write inspection report,storage tank identifier api identifier internal inspection floor shell and roof condition assessment drain and gas free tank internal inspection per api identifier measure floor plate thickness using ut inspect shell for corrosion check annular plates write inspection report
36162,20191565,HX-039,heat exchanger identifier outlet temperature low heat transfer coefficient identifier identifier below design identifier identifier chemical clean tube side with citric acid identifier solution for identifier hours flush with demineralised water re baseline heat transfer performance,heat exchanger identifier outlet temperature low heat transfer coefficient identifier identifier below design identifier identifier chemical clean tube side with citric acid identifier solution for identifier hours flush with demineralised water re baseline heat transfer performance
36163,02244838,TK-147,storage tank identifier api identifier internal inspection floor shell and roof condition assessment drain and gas free tank internal inspection per api identifier measure floor plate thickness using ut inspect shell for corrosion check annular plates write inspection report,storage tank identifier api identifier internal inspection floor shell and roof condition assessment drain and gas free tank internal inspection per api identifier measure floor plate thickness using ut inspect shell for corrosion check annular plates write inspection report
36180,20438665,P-186,centrifugal pump identifier motor overload trip overcurrent detected phase a identifier a above flc megger test motor windings check vfd parameters inspect terminal connections for heat damage replace overload relay if tripped beyond reset,centrifugal pump identifier motor overload trip overcurrent detected phase a identifier a above flc megger test motor windings check vfd parameters inspect terminal connections for heat damage replace overload relay if tripped beyond reset
36186,20435579,EV-083,evaporator identifier vacuum loss level dropping in vapour body steam ejector or vacuum pump fault suspected inspect vacuum pump oil level and condition check all flanges and gaskets for air ingress using nitrogen pressure test replace failed gasket on vapour body flange re establish vacuum,evaporator identifier vacuum loss level dropping in vapour body steam ejector or vacuum pump fault suspected inspect vacuum pump oil level and condition check all flanges and gaskets for air ingress using nitrogen pressure test replace failed gasket on vapour body flange re establish vacuum
36194,ROW_036194,DOS-145,dosing pump identifier low flow alarm dosing rate identifier l h below setpoint diaphragm or valve fault inspect suction and discharge check valves for wear or debris replace valve balls and seats check diaphragm condition replace diaphragm if cracked calibrate stroke length verify flow rate,dosing pump identifier low flow alarm dosing rate identifier l h below setpoint diaphragm or valve fault inspect suction and discharge check valves for wear or debris replace valve balls and seats check diaphragm condition replace diaphragm if cracked calibrate stroke length verify flow rate
36223,20032133,P-308,centrifugal pump identifier high vibration alarm on drive end bearing amplitude identifier mm s rms exceeding trip setpoint isolate pump drain casing disassemble bearing housing replace drive end bearing identifier realign coupling to within identifier tir functional test at duty point,centrifugal pump identifier high vibration alarm on drive end bearing amplitude identifier mm s rms exceeding trip setpoint isolate pump drain casing disassemble bearing housing replace drive end bearing identifier realign coupling to within identifier tir functional test at duty point
36279,20451947,CV-186,belt conveyor identifier annual gearbox oil change and drive inspection drain gearbox replace oil with approved grade inspect coupling and guard condition check brake adjustment verify all safety switches and interlocks operational,belt conveyor identifier annual gearbox oil change and drive inspection drain gearbox replace oil with approved grade inspect coupling and guard condition check brake adjustment verify all safety switches and interlocks operational
36310,20521229,TRB-099,steam turbine identifier six monthly lube oil change and coupling inspection drain and replace lube oil inspect coupling for wear and alignment check thrust bearing clearance verify oil cooler effectiveness document in pm record,steam turbine identifier six monthly lube oil change and coupling inspection drain and replace lube oil inspect coupling for wear and alignment check thrust bearing clearance verify oil cooler effectiveness document in pm record
36354,20703726,M-141,motor identifier earth fault trip single phase to earth detected on stator winding isolate motor identify faulted phase using ir and hipot testing send motor to approved rewind shop install inspected spare verify earth continuity post installation,motor identifier earth fault trip single phase to earth detected on stator winding isolate motor identify faulted phase using ir and hipot testing send motor to approved rewind shop install inspected spare verify earth continuity post installation
36449,ROW_036449,DOS-031,dosing pump identifier low flow alarm dosing rate identifier l h below setpoint diaphragm or valve fault inspect suction and discharge check valves for wear or debris replace valve balls and seats check diaphragm condition replace diaphragm if cracked calibrate stroke length verify flow rate,dosing pump identifier low flow alarm dosing rate identifier l h below setpoint diaphragm or valve fault inspect suction and discharge check valves for wear or debris replace valve balls and seats check diaphragm condition replace diaphragm if cracked calibrate stroke length verify flow rate
36540,20411205,RLP-078,rotary lobe pump identifier six monthly lobe inspection gearbox oil change and seal check drain gearbox replace oil inspect lobes for wear and damage check rotor tip clearances against tolerance replace front seals as preventive measure document lobe condition,rotary lobe pump identifier six monthly lobe inspection gearbox oil change and seal check drain gearbox replace oil inspect lobes for wear and damage check rotor tip clearances against tolerance replace front seals as preventive measure document lobe condition
36594,20705081,SD-135,spray dryer identifier six monthly air heater and bag filter inspection inspect air heater coils and clean replace bag filter elements check explosion relief valves and burst discs verify fire suppression system update inspection records,spray dryer identifier six monthly air heater and bag filter inspection inspect air heater coils and clean replace bag filter elements check explosion relief valves and burst discs verify fire suppression system update inspection records
36633,20651591,HV-224,hvac unit identifier annual ahu inspection including ductwork and damper verification full ahu inspection check all damper actuators and blades inspect fan blades for wear clean heat exchange coil with biocide solution verify all interlocks,hvac unit identifier annual ahu inspection including ductwork and damper verification full ahu inspection check all damper actuators and blades inspect fan blades for wear clean heat exchange coil with biocide solution verify all interlocks
36640,20606468,P-216,centrifugal pump identifier mechanical seal failure product leakage observed at gland area estimated identifier l h replace complete mechanical seal cartridge flush seal chamber pressure test at identifier bar return to service and monitor seal flush flow,centrifugal pump identifier mechanical seal failure product leakage observed at gland area estimated identifier l h replace complete mechanical seal cartridge flush seal chamber pressure test at identifier bar return to service and monitor seal flush flow
36654,20480446,P-192,centrifugal pump identifier cavitating intermittently sucti n pressure identifier b r b low minimum npsh requir d check suction strainer differential pressure clean strainer basket verify suction vessel level adjust operating point to restore positive npsh,centrifugal pump identifier cavitating intermittently sucti n pressure identifier b r b low minimum npsh requir d check suction strainer differential pressure clean strainer basket verify suction vessel level adjust operating point to restore positive npsh
36687,20679489.0000000000,HP-129,hydraulic press identifier six monthly safety device and pressure relief valve test test all pressure relief valves at rated pressure test safety interlocks and emergency stop verify guard interlock operation calibrate pressure gauges document all results,hydraulic press identifier six monthly safety device and pressure relief valve test test all pressure relief valves at rated pressure test safety interlocks and emergency stop verify guard interlock operation calibrate pressure gauges document all results
36714,20278712,DRY-053,dryer identifier annual vessel inspection and filter sock replacement open dryer internal inspection for corrosion and erosion replace filter socks inspect agitator shaft seal replace if worn check heating coil integrity update inspection record,dryer identifier annual vessel inspection and filter sock replacement open dryer internal inspection for corrosion and erosion replace filter socks inspect agitator shaft seal replace if worn check heating coil integrity update inspection record
36716,20559081,SC-106,screw conveyor identifier annual trough liner inspection and coupling check inspect trough liner plates for wear replace worn liner sections check coupling condition and alignment verify all covers in place and safety guards serviceable,screw conveyor identifier annual trough liner inspection and coupling check inspect trough liner plates for wear replace worn liner sections check coupling condition and alignment verify all covers in place and safety guards serviceable
36728,20759560,P-545,centrifugal pump identifier vibration trending upward over identifier days broadband velocity identifier mm s bearing defect frequency identified in spectrum vibration analysis confirms bearing fault replace drive end bearing proactively re baseline vibration signature after repair,centrifugal pump identifier vibration trending upward over identifier days broadband velocity identifier mm s bearing defect frequency identified in spectrum vibration analysis confirms bearing fault replace drive end bearing proactively re baseline vibration signature after repair
36749,20619360,F-119,filter identifier scheduled cartridge replacement at identifier service hours r pla e filter artridges t planned interv l regardless f differ nti l pressure ins ect housing int rn ls re ord c rtridge ondition on removal update filter log,filter identifier scheduled cartridge replacement at identifier service hours r pla e filter artridges t planned interv l regardless f differ nti l pressure ins ect housing int rn ls re ord c rtridge ondition on removal update filter log
36833,20648900,P-624,centrifugal pump identifier bearing temperature high alarm drive end temperature identifier degc above baseline remove bearing housing end cover measure bearing clearance replace worn bearing re grease per lubrication schedule monitor temperature for identifier hours post start,centrifugal pump identifier bearing temperature high alarm drive end temperature identifier degc above baseline remove bearing housing end cover measure bearing clearance replace worn bearing re grease per lubrication schedule monitor temperature for identifier hours post start
36905,20223684,TK-044,storage tank identifier outlet valve passing confirmed by downstream flow with valve closed isolate valve disassemble inspect seat and ball gate for erosion lap seat if minor damage replace valve internals if worn beyond tolerance,storage tank identifier outlet valve passing confirmed by downstream flow with valve closed isolate valve disassemble inspect seat and ball gate for erosion lap seat if minor damage replace valve internals if worn beyond tolerance
36991,20059385,K-014,compressor identifier surge event detected inlet guide vane malfunction suspected inspect inlet guide vanes for damage and actuator operation replace faulty actuator positioner calibrate surge control curve verify anti surge valve response,compressor identifier surge event detected inlet guide vane malfunction suspected inspect inlet guide vanes for damage and actuator operation replace faulty actuator positioner calibrate surge control curve verify anti surge valve response
37121,20623876,TK-123,storage tank identifier level transmitter lt failure reading stuck at identifier suspect impulse line blockage isolate and remove level transmitter blow down impulse lines clean displacer float bench calibrate reinstall and verify reading against dip measurement,storage tank identifier level transmitter lt failure reading stuck at identifier suspect impulse line blockage isolate and remove level transmitter blow down impulse lines clean displacer float bench calibrate reinstall and verify reading against dip measurement
37128,20296611,P-358,centrifugal pump identifier quarterly lubrication service bearing grease replenishment and vibration baseline measurement grease drive end and non drive end bearings measure and record vibration signature check motor current at duty point inspect coupling spider for wear,centrifugal pump identifier quarterly lubrication service bearing grease replenishment and vibration baseline measurement grease drive end and non drive end bearings measure and record vibration signature check motor current at duty point inspect coupling spider for wear
37138,20241773,GT-047,gas turbine identifier hot section borescope inspection per oem schedule borescope inspection of all compressor and turbine stages record blade condition replace any blades with damage beyond serviceable limits update oem inspection record,gas turbine identifier hot section borescope inspection per oem schedule borescope inspection of all compressor and turbine stages record blade condition replace any blades with damage beyond serviceable limits update oem inspection record
37139,20713775,CR-137,crystalliser identifier agitator overload motor current identifier a suspected crystalline buildup on impeller shutdown and open identifier manway remove crystalline deposit from impeller and baffles using citric acid solvent wash inspect impeller blades for damage reassemble and verify torque,crystalliser identifier agitator overload motor current identifier a suspected crystalline buildup on impeller shutdown and open identifier manway remove crystalline deposit from impeller and baffles using citric acid solvent wash inspect impeller blades for damage reassemble and verify torque
37153,20376461,HX-074,heat exchanger identifier six monthly fouling inspection based on duty criticality measure differential pressure and calculate fouling factor if above threshold clean tube bundle inspect sacrificial anodes document condition in rbi record,heat exchanger identifier six monthly fouling inspection based on duty criticality measure differential pressure and calculate fouling factor if above threshold clean tube bundle inspect sacrificial anodes document condition in rbi record
37155,20415338,CT-079,cooling tower identifier high conductivity alarm identifier us cm blowdown valve failed closed manually open blowdown valve to flush system inspect valve actuator and replace if faulty verify automatic blowdown control loop functioning check water treatment dosing,cooling tower identifier high conductivity alarm identifier us cm blowdown valve failed closed manually open blowdown valve to flush system inspect valve actuator and replace if faulty verify automatic blowdown control loop functioning check water treatment dosing
37159,20159602,K-033,compressor identifier six monthly lube oil analysis and filter change drain lube oil replace filters refill with approved grade conduct oil analysis on drained oil check oil cooler condition update lubrication record,compressor identifier six monthly lube oil analysis and filter change drain lube oil replace filters refill with approved grade conduct oil analysis on drained oil check oil cooler condition update lubrication record
37187,25003199,TK-097,storage tank identifier roof drain blockage causing water ingress to product clear roof drain blockage inspect drain seal condition replace corroded drain fitting verify drain flow rate post repair,storage tank identifier roof drain blockage causing water ingress to product clear roof drain blockage inspect drain seal condition replace corroded drain fitting verify drain flow rate post repair
37196,20381584,HX-075,heat exchanger identifier six monthly fouling inspection based on duty criticality measure differential pressure and calculate fouling factor if above threshold clean tube bundle inspect sacrificial anodes document condition in rbi record,heat exchanger identifier six monthly fouling inspection based on duty criticality measure differential pressure and calculate fouling factor if above threshold clean tube bundle inspect sacrificial anodes document condition in rbi record
37216,20333494,P-265,centrifugal pump identifier low flow alarm active flow identifier identifier below minimm process requirement inspect impeller for wear and blockage remove any debris check wear ring clearance trim impeller if required verify system curve against pump curve,centrifugal pump identifier low flow alarm active flow identifier identifier below minimm process requirement inspect impeller for wear and blockage remove any debris check wear ring clearance trim impeller if required verify system curve against pump curve
37254,20518036,K-299,compressor identifier annual overhaul per oem schedule valve inspection oil change and performance test disassemble suction and discharge valve assemblies replace valve plates and springs change lube oil and filters check coupling and alignment performance test,compressor identifier annual overhaul per oem schedule valve inspection oil change and performance test disassemble suction and discharge valve assemblies replace valve plates and springs change lube oil and filters check coupling and alignment performance test
37284,20432906,DP-083,diaphragm pump identifier six monthly air supply inspection and pump wet end service inspect air supply filter and regul t r drain wat r from air filter bowl check um strok rat and flow rate inspect w t end com onents f r corrosion or erosion,diaphragm pump identifier six monthly air supply inspection and pump wet end service inspect air supply filter and regul t r drain wat r from air filter bowl check um strok rat and flow rate inspect w t end com onents f r corrosion or erosion
37311,20173377,DRY-133,dryer identifier six monthly steam trap inspection and condenser cleaning test all steam traps for correct operation replace failed traps clean condenser coils check vacuum pump condition verify all instruments are calibrated,dryer identifier six monthly steam trap inspection and condenser cleaning test all steam traps for correct operation replace failed traps clean condenser coils check vacuum pump condition verify all instruments are calibrated
37331,20373965,DRY-072,dryer identifier vacuum cannot reach target identifier mbar air ingress suspected from inspection port gasket pressure test dryer vessel with nitrogen to identify air ingress replace failed gasket on inspection port test all other flanges verify vacuum level achieved after repair,dryer identifier vacuum cannot reach target identifier mbar air ingress suspected from inspection port gasket pressure test dryer vessel with nitrogen to identify air ingress replace failed gasket on inspection port test all other flanges verify vacuum level achieved after repair
37446,20346176,EV-067,evaporator identifier product carryover into condenser entrainment separator fouled remove and clean entrainment separator mesh pads inspect for damage replace if mesh is blocked or torn verify separator performance post cleaning,evaporator identifier product carryover into condenser entrainment separator fouled remove and clean entrainment separator mesh pads inspect for damage replace if mesh is blocked or torn verify separator performance post cleaning
37488,20570009,P-309,centrifugal pump identifier quarterly lubrication service bearing grease replenishment and vibration baseline measurement grease drive end and non drive end bearings measure and record vibration signature check motor current at duty point inspect coupling spider for wear,centrifugal pump identifier quarterly lubrication service bearing grease replenishment and vibration baseline measurement grease drive end and non drive end bearings measure and record vibration signature check motor current at duty point inspect coupling spider for wear
37504,20116846,K-025,compressor identifier high discharge temperature alarm discharge temp identifier degc exceeding trip setpoint inspect intercooler for fouling clean tube bundle check cooling water flow verify discharge valve seating retest at operating conditions,compressor identifier high discharge temperature alarm discharge temp identifier degc exceeding trip setpoint inspect intercooler for fouling clean tube bundle check cooling water flow verify discharge valve seating retest at operating conditions
37510,20670510,R-128,reactor identifier ph probe at failure reading frozen at identifier ph batch on hold remove ph probe clean and bench calibrate using ph identifier and identifier buffer solutions replace if drifted beyond calibration tolerance reinstall and verify loop,reactor identifier ph probe at failure reading frozen at identifier ph batch on hold remove ph probe clean and bench calibrate using ph identifier and identifier buffer solutions replace if drifted beyond calibration tolerance reinstall and verify loop
37550,20713769,CR-136,crystalliser identifier six monthly agitator seal and bearing service remove agitator shaft replace mechanical seal assembly inspect shaft for scoring replenish gearbox oil re install and verify seal flush flow,crystalliser identifier six monthly agitator seal and bearing service remove agitator shaft replace mechanical seal assembly inspect shaft for scoring replenish gearbox oil re install and verify seal flush flow
37570,20594211,CT-114,cooling t wer identifier high onductivity larm identifier us cm bl wd wn valve failed closed manually open blowdown valve to flush system inspect valve actuator and replace if faulty verify automatic blowdown control loop functioning check water treatment dosing,cooling t wer identifier high onductivity larm identifier us cm bl wd wn valve failed closed manually open blowdown valve to flush system inspect valve actuator and replace if faulty verify automatic blowdown control loop functioning check water treatment dosing
37683,20072875,EX-015,extruder identifier screw drive motor overload trip torque identifier nm above maximum foreign object suspected emergency purge extruder remove screw inspect for foreign object damage replace damaged screw flights if necessary inspect barrel bore for scoring purge and recommission,extruder identifier screw drive motor overload trip torque identifier nm above maximum foreign object suspected emergency purge extruder remove screw inspect for foreign object damage replace damaged screw flights if necessary inspect barrel bore for scoring purge and recommission
37711,20400824,RLP-077,rotary lobe pump identifier seal failure product leakage at front seal drain pump remove front cover replace mechanical seal complete assembly inspect rotor faces and housing bore for scoring reassemble pressure test before returning to service,rotary lobe pump identifier seal failure product leakage at front seal drain pump remove front cover replace mechanical seal complete assembly inspect rotor faces and housing bore for scoring reassemble pressure test before returning to service
37715,20759681,P-745,centrifugal pump identifier cavitating intermittently suction pressure identifier bar below minimum npsh required check suction strainer differential pressure clean strainer basket verify suction vessel level adjust operating point to restore positive npsh,centrifugal pump identifier cavitating intermittently suction pressure identifier bar below minimum npsh required check suction strainer differential pressure clean strainer basket verify suction vessel level adjust operating point to restore positive npsh
37746,20182451,M-036,motor identifier annual motor inspection including terminal box and cooling fan check inspect terminal box for moisture ingress and loose connections clean cooling fins and fan guard check mounting bolts verify earthing continuity test run and measure current balance,motor identifier annual motor inspection including terminal box and cooling fan check inspect terminal box for moisture ingress and loose connections clean cooling fins and fan guard check mounting bolts verify earthing continuity test run and measure current balance
37764,1591822253.5115378,K-084,compressor identifier high vibration trip nde bearing vibration identifier mm s peak replace nde bearing check shaft alignment inspect labyrinth seals rebalance rotor if indicated run up on no load and verify vibration levels,compressor identifier high vibration trip nde bearing vibration identifier mm s peak replace nde bearing check shaft alignment inspect labyrinth seals rebalance rotor if indicated run up on no load and verify vibration levels
37787,20612944,HX-118,heat exchanger identifier tube leak detected cross contamination confirmed by conductivity rise on shell side pressure test tube bundle with nitrogen identify leaking tubes plug failed tubes or replace bundle hydrotest at identifier design pressure update mechanical integrity record,heat exchanger identifier tube leak detected cross contamination confirmed by conductivity rise on shell side pressure test tube bundle with nitrogen identify leaking tubes plug failed tubes or replace bundle hydrotest at identifier design pressure update mechanical integrity record
37819,20177957,HV-035,hvac unit identifier six monthly filter change and coil inspection replace primary and secondary filters clean cooling and heating coils check condensate drain tray and trap inspect ductwork connection flanges document filter changes,hvac unit identifier six monthly filter change and coil inspection replace primary and secondary filters clean cooling and heating coils check condensate drain tray and trap inspect ductwork connection flanges document filter changes
37884,20705880,HP-134,hydraulic press identifier pressure relief valve lifting prematurely at identifier bar isolate and remove relief valve bench test and set to correct pressure replace if seat damaged reinstall and verify operation at working pressure update relief valve test record,hydraulic press identifier pressure relief valve lifting prematurely at identifier bar isolate and remove relief valve bench test and set to correct pressure replace if seat damaged reinstall and verify operation at working pressure update relief valve test record
37923,20362265,CV-070,belt conveyor identifier annual gearbox oil change nd drive ins ction drain gearbox replace oil with approved grade inspect coupling and guard condition check brake adjustment verify all safety switches and interlocks operational,belt conveyor identifier annual gearbox oil change nd drive ins ction drain gearbox replace oil with approved grade inspect coupling and guard condition check brake adjustment verify all safety switches and interlocks operational
37969,20314822,M-062,motor identifier earth fault trip single phase to earth detected on stator winding isolate motor identify faulted phase using ir and hipot testing send motor to approved rewind shop install inspected spare verify earth continuity post installation,motor identifier earth fault trip single phase to earth detected on stator winding isolate motor identify faulted phase using ir and hipot testing send motor to approved rewind shop install inspected spare verify earth continuity post installation
38016,20098351,AG-021,agitator identifier gearbox oil temperature high temperature identifier degc above alarm setpoint drain gearbox inspect internal gears and bearings for damage replace oil clean oil cooler if fitted if bearing damaged replace and refill run up and monitor temperature,agitator identifier gearbox oil temperature high temperature identifier degc above alarm setpoint drain gearbox inspect internal gears and bearings for damage replace oil clean oil cooler if fitted if bearing damaged replace and refill run up and monitor temperature
38083,20076359,TK-215,storage tank identifier annual calibration of all level and temperature instruments calibrate all level transmitters against certified reference check temperature sensor accuracy verify high level alarm setpoints update calibration records,storage tank identifier annual calibration of all level and temperature instruments calibrate all level transmitters against certified reference check temperature sensor accuracy verify high level alarm setpoints update calibration records
38092,20125376,GT-024,gas turbine identifier flame out on start igniter fault suspected inspect igniter plugs for erosion replace igniter check fuel supply isolation valve and fuel manifold pressure verify flame detector signal attempt controlled restart per procedure,gas turbine identifier flame out on start igniter fault suspected inspect igniter plugs for erosion replace igniter check fuel supply isolation valve and fuel manifold pressure verify flame detector signal attempt controlled restart per procedure
38128,20014041,CT-103,cooling tower identifier high conductivity alarm identifier us cm blowdown valve failed closed manually open blowdown valve to flush system inspect valve actuator and replace if faulty vverify automatic blowdown control loop functioning check water treatment dosing,cooling tower identifier high conductivity alarm identifier us cm blowdown valve failed closed manually open blowdown valve to flush system inspect valve actuator and replace if faulty vverify automatic blowdown control loop functioning check water treatment dosing
38132,20410883,SD-078,spray dryer identifier fire detection alarm in drying chamber emergency identifier system activated,spray dryer identifier fire detection alarm in drying chamber emergency identifier system activated
38162,20142431,P-128,centrifugal pump identifier bearing temperature high alarm drive end temperature identifier degc above baseline remove bearing housing end cover measure bearing clearance replace worn bearing re grease per lubrication schedule monitor temperature for identifier hours post start,centrifugal pump identifier bearing temperature high alarm drive end temperature identifier degc above baseline remove bearing housing end cover measure bearing clearance replace worn bearing re grease per lubrication schedule monitor temperature for identifier hours post start
38196,20157495,SD-031,spray dryer identifier six monthly air heater and bag filter inspection inspect air heater coils and clean replace bag filter elements check explosion relief valves and burst discs verify fire suppression system update inspection records,spray dryer identifier six monthly air heater and bag filter inspection inspect air heater coils and clean replace bag filter elements check explosion relief valves and burst discs verify fire suppression system update inspection records
38246,20616184,FM-217,fermentor identifier annual vessel inspection agitator overhaul and instrument calibration steam sterilise vessel open manways for internal inspection replace agitator seal calibrate ph and do probes replace sparger if worn inspect jacket integrity document in batch record system,fermentor identifier annual vessel inspection agitator overhaul and instrument calibration steam sterilise vessel open manways for internal inspection replace agitator seal calibrate ph and do probes replace sparger if worn inspect jacket integrity document in batch record system
38289,20317445,P-162,centrifugal pump identifier annual overhaul full disassembly wear measurement impeller and seal replacement full pump disassembly measure all wear components against tolerances replace impeller wear rings bearings and mechanical seal reassemble align and performance test,centrifugal pump identifier annual overhaul full disassembly wear measurement impeller and seal replacement full pump disassembly measure all wear components against tolerances replace impeller wear rings bearings and mechanical seal reassemble align and performance test
38354,20627327,P-320,centrifugal pump identifier motor current increasing trend current draw identifier a versus baseline identifier a possible internal wear inspect impeller and wear rings for erosion measure internal clearances replace worn components re test performance at duty conditions,centrifugal pump identifier motor current increasing trend current draw identifier a versus baseline identifier a possible internal wear inspect impeller and wear rings for erosion measure internal clearances replace worn components re test performance at duty conditions
38401,20522386,P-201,centrifugal pump identifier six monthly planned maintenance bearing inspection mechanical seal check and coupling alignment verification inspect bearing condition and clearances replenish grease per lubrication schedule castrol tribol identifier check coupling alignment verify seal flush flow rate update maintenance record,centrifugal pump identifier six monthly planned maintenance bearing inspection mechanical seal check and coupling alignment verification inspect bearing condition and clearances replenish grease per lubrication schedule castrol tribol identifier check coupling alignment verify seal flush flow rate update maintenance record
38430,20226031,GT-043,remove combustion liners inspect for cracking and oxidation replace liners beyond service life inspect and clean fuel nozzles replace transition pieces if cracked,remove combustion liners inspect for cracking and oxidation replace liners beyond service life inspect and clean fuel nozzles replace transition pieces if cracked
38457,20607292,P-616,centrifugal pump identifier vibration trending upward over identifier days broadband velocity identifier mm s bearing defect frequency identified in spectrum vibration analysis confirms bearing fault replace drive end bearing proactively re baseline vibration signature after repair,centrifugal pump identifier vibration trending upward over identifier days broadband velocity identifier mm s bearing defect frequency identified in spectrum vibration analysis confirms bearing fault replace drive end bearing proactively re baseline vibration signature after repair
38484,20173808,UF-133,ultrafiltration unit identifier annual module replacement based on service life replace all membrane modules at planned service life interval perform full integrity test on replacement modules rebaseline flux and establish new performance record,ultrafiltration unit identifier annual module replacement based on service life replace all membrane modules at planned service life interval perform full integrity test on replacement modules rebaseline flux and establish new performance record
38497,20633691,HX-321,heat exchanger identifier annual inspection tube bundle inspection gasket replacement and pressure test drain and open channel head inspect tube sheet and tubes using boroscope replace gaskets on both heads hydraulic pressure test reinstate and commission,heat exchanger identifier annual inspection tube bundle inspection gasket replacement and pressure test drain and open channel head inspect tube sheet and tubes using boroscope replace gaskets on both heads hydraulic pressure test reinstate and commission
38507,20210247,TRB-041,steam turbine identifier annual steam turbine inspection and governor test partial disassembly inspection inspect blade condition labyrinth seals and gland packing test governor and overspeed trip replace gland packing update inspection record,steam turbine identifier annual steam turbine inspection and governor test partial disassembly inspection inspect blade condition labyrinth seals and gland packing test governor and overspeed trip replace gland packing update inspection record
38516,ROW_038516,P-163,centrifugal pump identifier six monthly planned maintenance bearing inspection mechanical seal check and coupling alignment verification inspect bearing condition and clearances replenish grease per lubrication schedule castrol tribol identifier check coupling alignment verify seal flush flow rate update maintenance record,centrifugal pump identifier six monthly planned maintenance bearing inspection mechanical seal check and coupling alignment verification inspect bearing condition and clearances replenish grease per lubrication schedule castrol tribol identifier check coupling alignment verify seal flush flow rate update maintenance record
38611,20425223,F-081,filter identifier housing o ring failure bypass leakage detected downstream integrity breach drain and disassemble filter housing replace o ring with compatible elastomer inspect housing sealing faces for damage reassemble and perform integrity test,filter identifier housing o ring failure bypass leakage detected downstream integrity breach drain and disassemble filter housing replace o ring with compatible elastomer inspect housing sealing faces for damage reassemble and perform integrity test
38791,20023875,M-008,motor identifier annual motor inspection including terminal box and cooling fan check inspect terminal box for moisture ingress and loose connections clean cooling fins and fan guard check mounting bolts verify earthing continuity test run and measure current balance,motor identifier annual motor inspection including terminal box and cooling fan check inspect terminal box for moisture ingress and loose connections clean cooling fins and fan guard check mounting bolts verify earthing continuity test run and measure current balance
38824,20408999,EV-079,evaporator identifier annual evaporator cleaning and tube inspection drain and clean heating tubes with sodium hydroxide solution inspect tube bundle using eddy current testing replace any thinned tubes pressure test update inspection records,evaporator identifier annual evaporator cleaning and tube inspection drain and clean heating tubes with sodium hydroxide solution inspect tube bundle using eddy current testing replace any thinned tubes pressure test update inspection records
38861,20085946,HX-018,heat exchanger identifier six monthly fouling inspection based on duty criticality measure differential pressure and calculate fouling factor if above threshold clean tube bundle inspect sacrificial anodes document condition in rbi record,heat exchanger identifier six monthly fouling inspection based on duty criticality measure differential pressure and calculate fouling factor if above threshold clean tube bundle inspect sacrificial anodes document condition in rbi record
38908,20509029,CR-098,crystalliser identifier six monthly agitator seal and bearing service remove agitator shaft replace mechanical seal assembly inspect shaft for scoring replenish gearbox oil re install and verify seal flush flow,crystalliser identifier six monthly agitator seal and bearing service remove agitator shaft replace mechanical seal assembly inspect shaft for scoring replenish gearbox oil re install and verify seal flush flow
38945,20740207,BLR-241,boiler identifier safety valve lifting at identifier bar below set pressure seat leakage suspected isolate safety valve remove and send to certified workshop for testing reconditioning and recertification fit inspected spare valve update safety valve register,boiler identifier safety valve lifting at identifier bar below set pressure seat leakage suspected isolate safety valve remove and send to certified workshop for testing reconditioning and recertification fit inspected spare valve update safety valve register
38949,20373590,GB-072,gearbox identifier annual oil change and internal inspection drain and replace oil open inspection covers inspect gear teeth for wear and pitting check all bearing clearances replace seals refill run up and verify temperature and noise,gearbox identifier annual oil change and internal inspection drain and replace oil open inspection covers inspect gear teeth for wear and pitting check all bearing clearances replace seals refill run up and verify temperature and noise
38954,20054991,TK-112,storage tank identifier roof drain blockage causing water ingress to product clear roof drain blockage inspect drain seal condition replace corroded drain fitting verify drain flow rate post repair,storage tank identifier roof drain blockage causing water ingress to product clear roof drain blockage inspect drain seal condition replace corroded drain fitting verify drain flow rate post repair
38981,20507920,HX-099,heat exchanger identifier differential pressure high alarm tube side pressure drop identifier bar versus clean baseline identifier bar isolate and drain tube side hydroblast tube bundle to remove fouling deposit inspect tube wall thickness using eddy current testing reassemble and pressure test,heat exchanger identifier differential pressure high alarm tube side pressure drop identifier bar versus clean baseline identifier bar isolate and drain tube side hydroblast tube bundle to remove fouling deposit inspect tube wall thickness using eddy current testing reassemble and pressure test
39013,20300136,DRY-058,dryer identifier six monthly steam trap inspection and condenser cleaning test all steam traps for correct operation replace failed traps clean condenser coils check vacuum pump condition verify all instruments are calibrated,dryer identifier six monthly steam trap inspection and condenser cleaning test all steam traps for correct operation replace failed traps clean condenser coils check vacuum pump condition verify all instruments are calibrated
39066,20099339,TRB-019,steam turbine identifier six monthly lube oil change and coupling inspection drain and replace lube oil inspect coupling for wear and alignment check thrust bearing clearance verify oil cooler effectiveness document in pm record,steam turbine identifier six monthly lube oil change and coupling inspection drain and replace lube oil inspect coupling for wear and alignment check thrust bearing clearance verify oil cooler effectiveness document in pm record
39125,20119037,CV-123,belt conveyor identifier drive pulley lagging worn belt slipping under load isolate conveyor remove drive pulley lagging clean pulley surface apply new ceramic lagging using approved adhesive cure before return to service verify belt tension,belt conveyor identifier drive pulley lagging worn belt slipping under load isolate conveyor remove drive pulley lagging clean pulley surface apply new ceramic lagging using approved adhesive cure before return to service verify belt tension
39133,20743513,P-342,centrifugal pump identifier cavitating intermittently suction pressure identifier bar below minimum npsh required check suction strainer differential pressure clean strainer basket verify suction vessel level adjust operating point to restore positive npsh,centrifugal pump identifier cavitating intermittently suction pressure identifier bar below minimum npsh required check suction strainer differential pressure clean strainer basket verify suction vessel level adjust operating point to restore positive npsh
39139,20157712,FCC-031,fluid catalytic cracker identifier standpipe pluggage event catalyst circulation lost implement catalyst aeration procedure to restore standpipe flow inspect aeration taps for blockage clear any aeration line pluggage monitor catalyst density profile after recovery,fluid catalytic cracker identifier standpipe pluggage event catalyst circulation lost implement catalyst aeration procedure to restore standpipe flow inspect aeration taps for blockage clear any aeration line pluggage monitor catalyst density profile after recovery
39147,20491988,P-694,centrifugal pump identifier motor current increasing trend current draw identifier a versus baseline identifier a possible internal wear inspect impeller and wear rings for erosion measure internal clearances replace worn components re test performance at duty conditions,centrifugal pump identifier motor current increasing trend current draw identifier a versus baseline identifier a possible internal wear inspect impeller and wear rings for erosion measure internal clearances replace worn components re test performance at duty conditions
39151,20213123,TK-042,storage tank identifier annual calibration of all level and temperature instruments calibrate all level transmitters against certified reference check temperature sensor accuracy verify high level alarm setpoints update calibration records,storage tank identifier annual calibration of all level and temperature instruments calibrate all level transmitters against certified reference check temperature sensor accuracy verify high level alarm setpoints update calibration records
39237,20333500,P-265,centrifugal pump identifier six monthly planned maintenance bearing inspection mechanical seal check and coupling alignment verification inspect bearing condition and clearances replenish grease per lubrication schedule mobil shc identifier check coupling alignment verify seal flush flow rate update maintenance record,centrifugal pump identifier six monthly planned maintenance bearing inspection mechanical seal check and coupling alignment verification inspect bearing condition and clearances replenish grease per lubrication schedule mobil shc identifier check coupling alignment verify seal flush flow rate update maintenance record
39281,20273970,FM-052,fermentor identifier agitator current trending up identifier over identifier days impeller fouling or seal wear suspected after batch completion inspect agitator shaft seal assembly check impeller blade wear and fouling measure shaft runout replace lip seals clean impeller re measure current baseline,fermentor identifier agitator current trending up identifier over identifier days impeller fouling or seal wear suspected after batch completion inspect agitator shaft seal assembly check impeller blade wear and fouling measure shaft runout replace lip seals clean impeller re measure current baseline
39335,20269834,P-252,centrifugal pump identifier motor current increasing trend current draw identifier a versus baseline identifier a possible internal wear inspect impeller and wear rings for erosion measure internal clearances replace worn components re test performance at duty conditions,centrifugal pump identifier motor current increasing trend current draw identifier a versus baseline identifier a possible internal wear inspect impeller and wear rings for erosion measure internal clearances replace worn components re test performance at duty conditions
39387,20601460,P-216,centrifugal pump identifier motor overload trip overcurrent detected phase a identifier a above flc megger test motor windings check vfd parameters inspect terminal connections for heat damage replace overload relay if tripped beyond reset,centrifugal pump identifier motor overload trip overcurrent detected phase a identifier a above flc megger test motor windings check vfd parameters inspect terminal connections for heat damage replace overload relay if tripped beyond reset
39391,20200758,P-141,centrifugal pump identifier motor current increasing trend current draw identifier a versus baseline identifier a possible internal wear inspect impeller and wear rings for erosion measure internal clearances replace worn components re test performance at duty conditions,centrifugal pump identifier motor current increasing trend current draw identifier a versus baseline identifier a possible internal wear inspect impeller and wear rings for erosion measure internal clearances replace worn components re test performance at duty conditions
39462,20651948,BM-124,ball mill identifier annual liner replacement and trunnion bearing inspection drain mill remove worn liner plates install new liners to correct installation sequence torque all liner bolts inspect trunnion bearings refill with grinding media if required,ball mill identifier annual liner replacement and trunnion bearing inspection drain mill remove worn liner plates install new liners to correct installation sequence torque all liner bolts inspect trunnion bearings refill with grinding media if required
39481,20317744,P-361,centrifugal pump identifier low flow alarm active flow identifier identifier below minimum process requirement inspect impeller for wear and blockage remove any debris check wear ring clearance trim impeller if required verify system curve against pump curve,centrifugal pump identifier low flow alarm active flow identifier identifier below minimum process requirement inspect impeller for wear and blockage remove any debris check wear ring clearance trim impeller if required verify system curve against pump curve
39484,20271208,DC-053,distillation column identifier nnual reboil r and ondenser ins ecti n open reboiler bundle eddy current tube inspection replace damaged tubes clean condenser tubes pressure test both vessels update inspection records,distillation column identifier nnual reboil r and ondenser ins ecti n open reboiler bundle eddy current tube inspection replace damaged tubes clean condenser tubes pressure test both vessels update inspection records
39610,20087294,F-117,filter identifier scheduled cartridge replacement at identifier service hours replace filter cartridges at planned interval regardless of differential pressure inspect housing internals record cartridge condition on removal update filter log,filter identifier scheduled cartridge replacement at identifier service hours replace filter cartridges at planned interval regardless of differential pressure inspect housing internals record cartridge condition on removal update filter log
39617,20715159,BM-136,ball mill identifier six monthly oil analysis and lubrication system inspection take oil samples from all bearing reservoirs inspect filters and strainers check oil coolers replace oil if analysis shows degradation flush if metal contamination detected,ball mill identifier six monthly oil analysis and lubrication system inspection take oil samples from all bearing reservoirs inspect filters and strainers check oil coolers replace oil if analysis shows degradation flush if metal contamination detected
39618,20622533,P-519,centrifugal pump identifier high vibration alarm on drive end bearing amplitude identifier mm s rms exceeding trip setpoint isolate pump drain casing disassemble bearing housing replace drive end bearing identifier realign coupling to within identifier tir functional test at duty point,centrifugal pump identifier high vibration alarm on drive end bearing amplitude identifier mm s rms exceeding trip setpoint isolate pump drain casing disassemble bearing housing replace drive end bearing identifier realign coupling to within identifier tir functional test at duty point
39639,20446975,AG-185,agitator identifier six monthly gearbox oil change and seal inspection drain gearbox oil replace with approved grade inspect mechanical seal faces replace if worn check shaft coupling alignment document in lubrication record,agitator identifier six monthly gearbox oil change and seal inspection drain gearbox oil replace with approved grade inspect mechanical seal faces replace if worn check shaft coupling alignment document in lubrication record
39706,20047773,P-112,centrifugal pump identifier cavitating intermittently suction pressure identifier bar below minimum npsh required check suction strainer differential pressure clean strainer basket verify suction vessel level adjust operating point to restore positive npsh,centrifugal pump identifier cavitating intermittently suction pressure identifier bar below minimum npsh required check suction strainer differential pressure clean strainer basket verify suction vessel level adjust operating point to restore positive npsh
39718,20031945,P-208,centrifugal pump identifier bearing temperature high alarm drive end temperature identifier degc above baseline remove bearing housing end cover measure bearing clearance replace worn bearing re grease per lubrication schedule monitor temperature for identifier hours post start,centrifugal pump identifier bearing temperature high alarm drive end temperature identifier degc above baseline remove bearing housing end cover measure bearing clearance replace worn bearing re grease per lubrication schedule monitor temperature for identifier hours post start
39763,20044140,TK-010,calibrate all level transmitters against certified reference check temperature sensor accuracy verify high level alarm setpoints update calibration records,calibrate all level transmitters against certified reference check temperature sensor accuracy verify high level alarm setpoints update calibration records
39780,20640471,M-125,motor identifier insulation resistance failure megger test identifier mohm below minimum identifier mohm winding degradation disconnect motor and perform full ir test on all phases test confirms winding failure remove motor for rewind install spare motor align and commission,motor identifier insulation resistance failure megger test identifier mohm below minimum identifier mohm winding degradation disconnect motor and perform full ir test on all phases test confirms winding failure remove motor for rewind install spare motor align and commission
39792,20654481,K-225,compressor identifier low lube oil pressure alarm oil pressure identifier bar below minimum unit tripped drain and inspect lube oil system replace oil filter cartridges check oil pump relief valve refill with approved oil grade run up and verify pressure,compressor identifier low lube oil pressure alarm oil pressure identifier bar below minimum unit tripped drain and inspect lube oil system replace oil filter cartridges check oil pump relief valve refill with approved oil grade run up and verify pressure
39805,20128950,EV-026,evaporator identifier six monthly vacuum pump service and oil change drain vacuum pump oil inspe t pum int rnals for wear repl ce shaft s l refill with corr ct oil grade run up and verify va uum level a hi v d,evaporator identifier six monthly vacuum pump service and oil change drain vacuum pump oil inspe t pum int rnals for wear repl ce shaft s l refill with corr ct oil grade run up and verify va uum level a hi v d
39815,20108110,M-025,motor identifier insulation resistance failure megger test identifier mohm below minimum identifier mohm winding degradation disconnect motor and perform full ir test on all phases test confirms winding failure remove motor for rewind install spare motor align and commission,motor identifier insulation resistance failure megger test identifier mohm below minimum identifier mohm winding degradation disconnect motor and perform full ir test on all phases test confirms winding failure remove motor for rewind install spare motor align and commission
39841,20436006,M-086,motor identifier annual motor inspection including terminal box and cooling fan check inspect terminal box for moisture ingress and loose connections clean cooling fins and fan guard check mounting bolts verify earthing continuity test run and measure current balance,motor identifier annual motor inspection including terminal box and cooling fan check inspect terminal box for moisture ingress and loose connections clean cooling fins and fan guard check mounting bolts verify earthing continuity test run and measure current balance
39851,20268648,UF-051,ultrafiltration unit identifier annual module replacement based on service life replace all membrane modules at planned service life interval perform full integrity test on replacement modules rebaseline flux and establish new performance record,ultrafiltration unit identifier annual module replacement based on service life replace all membrane modules at planned service life interval perform full integrity test on replacement modules rebaseline flux and establish new performance record
39855,20117961,TK-323,storage tank identifier annual calibration of all level and temperature instruments calibrate all level transmitters against certified reference check temperature sensor accuracy verify high level alarm setpoints update calibration records,storage tank identifier annual calibration of all level and temperature instruments calibrate all level transmitters against certified reference check temperature sensor accuracy verify high level alarm setpoints update calibration records
39858,20622682,P-619,centrifugal pump identifier quarterly lubrication service bearing grease replenishment and vibration baseline measurement grease drive end and non drive end bearings measure and record vibration signature check motor current at duty point inspect coupling spider for wear,centrifugal pump identifier quarterly lubrication service bearing grease replenishment and vibration baseline measurement grease drive end and non drive end bearings measure and record vibration signature check motor current at duty point inspect coupling spider for wear
39875,20333896,P-664,centrifugal pump identifier low flow alarm active flow identifier identifier below minimum process requirement inspect impeller for wear and blockage remove any debris check wear ring clearance trim impeller if required verify system curve against pump curve,centrifugal pump identifier low flow alarm active flow identifier identifier below minimum process requirement inspect impeller for wear and blockage remove any debris check wear ring clearance trim impeller if required verify system curve against pump curve
39879,2016951,P-134,centrifugal pump identifier quarterly lubrication service bearing grease replenishment and vibration baseline measurement grease drive end and non drive end bearings measure and record vibration signature check motor current at duty point inspect coupling spider for wear,centrifugal pump identifier quarterly lubrication service bearing grease replenishment and vibration baseline measurement grease drive end and non drive end bearings measure and record vibration signature check motor current at duty point inspect coupling spider for wear
39945,20012025,R-005,reactor identifier jacket leak confirmed pressure decay test failed on zone identifier at identifier bar identify leak location on jacket weld seam using nitrogen pressure test weld repair by certified welder post weld heat treat if required retest at identifier design pressure,reactor identifier jacket leak confirmed pressure decay test failed on zone identifier at identifier bar identify leak location on jacket weld seam using nitrogen pressure test weld repair by certified welder post weld heat treat if required retest at identifier design pressure
40073,20505147,VP-096,vacuum pump identifier vacuum level low unable to reach target identifier mbar possible internal wear or seal failure check all system flanges for air ingress pressure test with nitrogen inspect pump internals for vane or rotor wear replace worn components verify vacuum level achieved,vacuum pump identifier vacuum level low unable to reach target identifier mbar possible internal wear or seal failure check all system flanges for air ingress pressure test with nitrogen inspect pump internals for vane or rotor wear replace worn components verify vacuum level achieved
40082,20582431,CF-211,centrifuge identifier annual full overhaul including spindle bearing replacement full disassembly replace spindle bearings inspect basket for fatigue cracks replace all seals reassemble balance basket and perform no load and loaded test run,centrifuge identifier annual full overhaul including spindle bearing replacement full disassembly replace spindle bearings inspect basket for fatigue cracks replace all seals reassemble balance basket and perform no load and loaded test run
40107,20378357,CV-272,belt conveyor identifier annual gearbox oil change and drive inspection drain gearbox replace oil with approved grade inspect coupling and guard condition check brake adjustment verify all safety switches and interlocks operational,belt conveyor identifier annual gearbox oil change and drive inspection drain gearbox replace oil with approved grade inspect coupling and guard condition check brake adjustment verify all safety switches and interlocks operational
40127,20666410,F-227,filter identifier housing o ring failure bypass leakage detected downstream integrity breach drain and disassemble filter housing replace o ring with compatible elastomer inspect housing sealing faces for damage reassemble and perform integrity test,filter identifier housing o ring failure bypass leakage detected downstream integrity breach drain and disassemble filter housing replace o ring with compatible elastomer inspect housing sealing faces for damage reassemble and perform integrity test
40235,20669835,P-728,centrifugal pump identifier low flow alarm active flow identifier identifier below minimum process requirement inspect impeller for wear and blockage remove any debris check wear ring clearance trim impeller if required verify system curve against pump curve,centrifugal pump identifier low flow alarm active flow identifier identifier below minimum process requirement inspect impeller for wear and blockage remove any debris check wear ring clearance trim impeller if required verify system curve against pump curve
40283,20746147,M-147,motor identifier six monthly insulation resistance test and bearing grease replenishment ir test all three phases and record grease drive end and non drive end bearings per lubrication schedule check terminal connections for heat damage document results,motor identifier six monthly insulation resistance test and bearing grease replenishment ir test all three phases and record grease drive end and non drive end bearings per lubrication schedule check terminal connections for heat damage document results
40309,20713256,TK-140,storage tank identifier annual calibration of all level and temperature instruments calibrate all level transmitters against certified reference check temperature sensor accuracy verify high level alarm setpoints update calibration records,storage tank identifier annual calibration of all level and temperature instruments calibrate all level transmitters against certified reference check temperature sensor accuracy verify high level alarm setpoints update calibration records
40314,20336395,AG-065,agitator identifier mechanical seal failure product leakage at shaft gland area,agitator identifier mechanical seal failure product leakage at shaft gland area
40318,20538537,P-404,centrifugal pump identifier motor overload trip overcurrent detected phase a identifier a above flc megger test motor windings check vfd parameters inspect terminal connections for heat damage replace overload relay if tripped beyond reset,centrifugal pump identifier motor overload trip overcurrent detected phase a identifier a above flc megger test motor windings check vfd parameters inspect terminal connections for heat damage replace overload relay if tripped beyond reset
40339,20706493,P-435,centrifugal pump identifier motor current increasing trend current draw identifier a versus baseline identifier a possible internal wear inspect impeller and wear rings for erosion measure internal clearances replace worn components re test performance at duty conditions,centrifugal pump identifier motor current increasing trend current draw identifier a versus baseline identifier a possible internal wear inspect impeller and wear rings for erosion measure internal clearances replace worn components re test performance at duty conditions
40367,20424296,R-281,reactor identifier jacket leak confirmed pressure decay test failed on zone identifier at identifier bar identify leak location on jacket weld seam using nitrogen pressure test weld repair by certified welder post weld heat treat if required retest at identifier design pressure,reactor identifier jacket leak confirmed pressure decay test failed on zone identifier at identifier bar identify leak location on jacket weld seam using nitrogen pressure test weld repair by certified welder post weld heat treat if required retest at identifier design pressure
40379,20712115,K-136,compressor identifier high discharge temperature alarm discharge temp identifier degc exceeding trip setpoint inspect intercooler for fouling clean tube bundle check cooling water flow verify discharge valve seating retest at operating conditions,compressor identifier high discharge temperature alarm discharge temp identifier degc exceeding trip setpoint inspect intercooler for fouling clean tube bundle check cooling water flow verify discharge valve seating retest at operating conditions
40387,20609772,AG-216,agitator identifier annual agitator and impeller inspection remove impeller inspect blades for erosion and corrosion measure blade thickness replace if below minimum thickness inspect shaft bearings reassemble,agitator identifier annual agitator and impeller inspection remove impeller inspect blades for erosion and corrosion measure blade thickness replace if below minimum thickness inspect shaft bearings reassemble
40399,20717813,HX-138,heat exchanger identifier annual inspection tube bundle inspection gasket replacement and pressure test drain and open channel head inspect tube sheet and tubes using boroscope replace gaskets on both heads hydraulic pressure test reinstate and commission,heat exchanger identifier annual inspection tube bundle inspection gasket replacement and pressure test drain and open channel head inspect tube sheet and tubes using boroscope replace gaskets on both heads hydraulic pressure test reinstate and commission
40489,20352901,DRY-068,dryer identifier annual vessel inspection and filter sock replacement open dryer internal inspection for corrosion and erosion replace filter socks inspect agitator shaft seal replace if worn check heating coil integrity update inspection record,dryer identifier annual vessel inspection and filter sock replacement open dryer internal inspection for corrosion and erosion replace filter socks inspect agitator shaft seal replace if worn check heating coil integrity update inspection record
40501,20044995,F-109,filter identifier differential pressure high high alarm dp identifier bar cartridges blocked production stopped isolate filter drain housing remove and replace all identifier filter cartridges with grade identifier micron inspect housing for damage reassemble and pressure test,filter identifier differential pressure high high alarm dp identifier bar cartridges blocked production stopped isolate filter drain housing remove and replace all identifier filter cartridges with grade identifier micron inspect housing for damage reassemble and pressure test
40519,20150876,CV-031,belt conveyor identifier belt mistracking causing spillage and belt edge damage adjust tail pulley tracking screws to correct belt alignment inspect all return rollers for seized bearings causing mistrack replace seized rollers monitor belt tracking for identifier hours,belt conveyor identifier belt mistracking causing spillage and belt edge damage adjust tail pulley tracking screws to correct belt alignment inspect all return rollers for seized bearings causing mistrack replace seized rollers monitor belt tracking for identifier hours
40523,20761293,CR-145,crystalliser identifier annual internal inspection and agitator overhaul drain vessel open manways internal inspection for scaling and corrosion replace agitator mechanical seal and bearings check jacket integrity inspect baffles,crystalliser identifier annual internal inspection and agitator overhaul drain vessel open manways internal inspection for scaling and corrosion replace agitator mechanical seal and bearings check jacket integrity inspect baffles
40534,20596455,P-414,centrifugal pump identifier vibration trending upward over identifier days broadband velocity identifier mm s bearing defect frequency identified in spectrum vibration analysis confirms bearing fault replace drive end bearing proactively re baseline vibration signature after repair,centrifugal pump identifier vibration trending upward over identifier days broadband velocity identifier mm s bearing defect frequency identified in spectrum vibration analysis confirms bearing fault replace drive end bearing proactively re baseline vibration signature after repair
40550,20423499.0000000000,K-081,compressor identifier high vibration trip nde bearing vibration identifier mm s peak replace nde bearing check shaft alignment inspect labyrinth seals rebalance rotor if indicated run up on no load and verify vibration levels,compressor identifier high vibration trip nde bearing vibration identifier mm s peak replace nde bearing check shaft alignment inspect labyrinth seals rebalance rotor if indicated run up on no load and verify vibration levels
40555,20728196,K-139,compressor identifier surge event detected inlet guide vane malfunction suspected inspect inlet guide vanes for damage and actuator operation replace faulty actuator positioner calibrate surge control curve verify anti surge valve response,compressor identifier surge event detected inlet guide vane malfunction suspected inspect inlet guide vanes for damage and actuator operation replace faulty actuator positioner calibrate surge control curve verify anti surge valve response
40570,20638174,P-422,centrifugal pump identifier mechanical seal failure product leakage observed at gland area estimated identifier l h replace complete mechanical seal cartridge flush seal chamber pressure test at identifier bar return to service and monitor seal flush flow,centrifugal pump identifier mechanical seal failure product leakage observed at gland area estimated identifier l h replace complete mechanical seal cartridge flush seal chamber pressure test at identifier bar return to service and monitor seal flush flow
40662,20096959,TK-021,storage tank identifier api identifier internal inspection floor shell and roof condition assessment drain and gas free tank internal inspection per api identifier measure floor plate thickness using ut inspect shell for corrosion check annular plates write inspection report,storage tank identifier api identifier internal inspection floor shell and roof condition assessment drain and gas free tank internal inspection per api identifier measure floor plate thickness using ut inspect shell for corrosion check annular plates write inspection report
40706,20398711,M-078,inspect terminal box for moisture ingress and loose connections clean cooling fins and fan guard check mounting bolts verify earthing continuity test run and measure current balance,inspect terminal box for moisture ingress and loose connections clean cooling fins and fan guard check mounting bolts verify earthing continuity test run and measure current balance
40730,20106563,K-221,compressor identifier lube oil analysis shows elevated iron particles identifier ppm bearing wear suspected inspect bearings and journal surfaces replace worn bearings flush and refill lube oil system repeat oil analysis after identifier hours runtime,compressor identifier lube oil analysis shows elevated iron particles identifier ppm bearing wear suspected inspect bearings and journal surfaces replace worn bearings flush and refill lube oil system repeat oil analysis after identifier hours runtime
40771,20627077,P-220,centrifugal pump identifier bearing temperature high alarm drive end temperature identifier degc above baseline remove bearing housing end cover measure bearing clearance replace worn bearing re grease per lubrication schedule monitor temperature for identifier hours post start,centrifugal pump identifier bearing temperature high alarm drive end temperature identifier degc above baseline remove bearing housing end cover measure bearing clearance replace worn bearing re grease per lubrication schedule monitor temperature for identifier hours post start
40781,20184353,RLP-036,rotary lobe pump identifier six monthly lobe inspection gearbox oil change and seal check drain gearbox replace oil inspect lobes for wear and damage check rotor tip clearances against tolerance replace front seals as preventive measure document lobe condition,rotary lobe pump identifier six monthly lobe inspection gearbox oil change and seal check drain gearbox replace oil inspect lobes for wear and damage check rotor tip clearances against tolerance replace front seals as preventive measure document lobe condition
40795,20673062,SEP-129,separator identifier liquid dump valve failing to open liquid accumulation in vessel isolate dump valve remove actuator inspect valve body for erosion and debris replace seat and trim actuator service stroke test under pressure verify automatic control,separator identifier liquid dump valve failing to open liquid accumulation in vessel isolate dump valve remove actuator inspect valve body for erosion and debris replace seat and trim actuator service stroke test under pressure verify automatic control
40801,20487367,R-094,reactor identifier annual shutdown inspection internal inspection instrument calibration and gasket replacement open reactor manways internal visual inspection for corrosion and erosion replace all manway gaskets calibrate all critical instruments update mechanical integrity record,reactor identifier annual shutdown inspection internal inspection instrument calibration and gasket replacement open reactor manways internal visual inspection for corrosion and erosion replace all manway gaskets calibrate all critical instruments update mechanical integrity record
40819,20340627,TK-166,drain and gas free tank internal inspection per api identifier measure floor plate thickness using ut inspect shell for corrosion check annular plates write inspection report,drain and gas free tank internal inspection per api identifier measure floor plate thickness using ut inspect shell for corrosion check annular plates write inspection report
40857,20654545,K-325,compressor identifier high vibration trip nde bearing vibration identifier mm s peak replace nde bearing check shaft alignment inspect labyrinth seals rebalance rotor if indicated run up on no load and verify vibration levels,compressor identifier high vibration trip nde bearing vibration identifier mm s peak replace nde bearing check shaft alignment inspect labyrinth seals rebalance rotor if indicated run up on no load and verify vibration levels
40910,20623814,TK-121,storage tank identifier api identifier internal inspection floor shell and roof condition assessment drain and gas free tank internal inspection per api identifier measure floor plate thickness using ut inspect shell for corrosion check annular plates write inspection report,storage tank identifier api identifier internal inspection floor shell and roof condition assessment drain and gas free tank internal inspection per api identifier measure floor plate thickness using ut inspect shell for corrosion check annular plates write inspection report
40911,20147599,GS-128,gas scrubber identifier annual packing inspection and nozzle replacement drain scrubber inspect packing condition replace packing if fouled or damaged replace liquid distribution nozzles inspect sump for corrosion pressure test vessel recommission,gas scrubber identifier annual packing inspection and nozzle replacement drain scrubber inspect packing condition replace packing if fouled or damaged replace liquid distribution nozzles inspect sump for corrosion pressure test vessel recommission
40917,20560761,R-108,reactor identifier agitator drive fault alarm motor current identifier a spike then trip inspect agitator gearbox for damage check mechanical seal on agitator shaft replace failed seal assembly verify torque at rated speed,reactor identifier agitator drive fault alarm motor current identifier a spike then trip inspect agitator gearbox for damage check mechanical seal on agitator shaft replace failed seal assembly verify torque at rated speed
40974,20110318,GS-022,increase caustic dosing rate check ph of scrubbing liquor top up caustic tank inspect spray nozzles for wear and blockage replace nozzles if worn verify outlet identifier after adjustment,increase caustic dosing rate check ph of scrubbing liquor top up caustic tank inspect spray nozzles for wear and blockage replace nozzles if worn verify outlet identifier after adjustment
40988,20704831,SEP-135,separator identifier liquid dump valve failing to open liquid accumulation in vessel isolate dump valve remove actuator inspect valve body for erosion and debris replace seat and trim actuator service stroke test under pressure verify automatic control,separator identifier liquid dump valve failing to open liquid accumulation in vessel isolate dump valve remove actuator inspect valve body for erosion and debris replace seat and trim actuator service stroke test under pressure verify automatic control
40998,20388053,F-074,filter identifier differential pressure high high alarm dp identifier bar cartridges blocked production stopped isolate filter drain housing remove and replace all identifier filter cartridges with grade identifier micron inspect housing for damage reassemble and pressure test,filter identifier differential pressure high high alarm dp identifier bar cartridges blocked production stopped isolate filter drain housing remove and replace all identifier filter cartridges with grade identifier micron inspect housing for damage reassemble and pressure test
40999,20560101,P-707,centrifugal pump identifier six monthly planned maintenance bearing inspection mechanical seal check and coupling alignment verification inspect bearing condition and clearances replenish grease per lubrication schedule mobil shc identifier check coupling alignment verify seal flush flow rate update maintenance record,centrifugal pump identifier six monthly planned maintenance bearing inspection mechanical seal check and coupling alignment verification inspect bearing condition and clearances replenish grease per lubrication schedule mobil shc identifier check coupling alignment verify seal flush flow rate update maintenance record
41121,20686876,TK-232,storage tank identifier roof drain blockage causing water ingress to product clear roof drain blockage inspect drain seal condition replace corroded drain fitting verify drain flow rate post repair,storage tank identifier roof drain blockage causing water ingress to product clear roof drain blockage inspect drain seal condition replace corroded drain fitting verify drain flow rate post repair
41132,20631870,DOS-122,dosing pump identifier chemical tank low level alarm identifier level production impact if not replenished notify operations to arrange chemical delivery check dosing system isolation valves in correct position prime dosing head after tank fill verify dosing rate on restart,dosing pump identifier chemical tank low level alarm identifier level production impact if not replenished notify operations to arrange chemical delivery check dosing system isolation valves in correct position prime dosing head after tank fill verify dosing rate on restart
41152,20695305,SC-132,s r w conv yor identifier end be ring f ilur s r w shaft vibrati n dete ted remove end bearing housing replace worn bearing inspect shaft journal for scoring check shaft alignment grease bearing per lubrication schedule trial run before loading,s r w conv yor identifier end be ring f ilur s r w shaft vibrati n dete ted remove end bearing housing replace worn bearing inspect shaft journal for scoring check shaft alignment grease bearing per lubrication schedule trial run before loading
41184,20085985,HX-019,heat exchanger identifier annual inspection tube bundle inspection gasket replacement and pressure test drain and open channel head inspect tube sheet and tubes using boroscope replace gaskets on both heads hydraulic pressure test reinstate and commission,heat exchanger identifier annual inspection tube bundle inspection gasket replacement and pressure test drain and open channel head inspect tube sheet and tubes using boroscope replace gaskets on both heads hydraulic pressure test reinstate and commission
41270,20250098,TK-149,storage tank identifier annual calibration of all level and temperature instruments calibrate all level transmitters against certified reference check temperature sensor accuracy verify high level alarm setpoints update calibration records,storage tank identifier annual calibration of all level and temperature instruments calibrate all level transmitters against certified reference check temperature sensor accuracy verify high level alarm setpoints update calibration records
41300,20727127,SC-139,screw conveyor identifier end bearing failure screw shaft vibration detected remove end bearing housing replace worn bearing inspect shaft journal for scoring check shaft alignment grease bearing per lubrication schedule trial run before loading,screw conveyor identifier end bearing failure screw shaft vibration detected remove end bearing housing replace worn bearing inspect shaft journal for scoring check shaft alignment grease bearing per lubrication schedule trial run before loading
41307,20726659,FCC-139,fluid catalytic cracker identifier standpipe pluggage event catalyst circulation lost implement catalyst aeration procedure to restore standpipe flow inspect aeration taps for blockage clear any aeration line pluggage monitor catalyst density profile after recovery,fluid catalytic cracker identifier standpipe pluggage event catalyst circulation lost implement catalyst aeration procedure to restore standpipe flow inspect aeration taps for blockage clear any aeration line pluggage monitor catalyst density profile after recovery
41356,ROW_041356,CT-111,cooling tower identifier high conductivity alarm identifier us cm blowdown valve failed closed manually open blowdown valve to flush system inspect valve actuator and replace if faulty verify automatic blowdown control loop functioning check water treatment dosing,cooling tower identifier high conductivity alarm identifier us cm blowdown valve failed closed manually open blowdown valve to flush system inspect valve actuator and replace if faulty verify automatic blowdown control loop functioning check water treatment dosing
41364,20459942,P-688,centrifugal pump identifier motor current increasing trend current draw identifier a versus baseline identifier a possible internal wear inspect impeller and wear rings for erosion measure internal clearances replace worn components re test performance at duty conditions,centrifugal pump identifier motor current increasing trend current draw identifier a versus baseline identifier a possible internal wear inspect impeller and wear rings for erosion measure internal clearances replace worn components re test performance at duty conditions
41366,ROW_041366,K-147,compressor identifier annual overhaul per oem schedule valve inspection oil change and performance test disassemble suction and discharge valve assemblies replace valve plates and springs change lube oil and filters check coupling and alignment performance test,compressor identifier annual overhaul per oem schedule valve inspection oil change and performance test disassemble suction and discharge valve assemblies replace valve plates and springs change lube oil and filters check coupling and alignment performance test
41372,20033297,DC-008,distillation column identifier planned turnaround tray inspection and cleaning full internal inspection of all trays record tray conditions replace damaged tray panels clean downcomers and sumps inspect column internals for corrosion,distillation column identifier planned turnaround tray inspection and cleaning full internal inspection of all trays record tray conditions replace damaged tray panels clean downcomers and sumps inspect column internals for corrosion
41377,20557632,CT-107,cooling tower identifier high conductivity alarm identifier us cm blowdown valve failed closed manually open blowdown valve to flush system inspect valve actuator and replace if faulty verify automatic blowdown control loop functioning check water treatment dosing,cooling tower identifier high conductivity alarm identifier us cm blowdown valve failed closed manually open blowdown valve to flush system inspect valve actuator and replace if faulty verify automatic blowdown control loop functioning check water treatment dosing
41386,20381510,HX-074,heat exchanger identifier differential pressure high alarm tube side pressure drop identifier bar versus clean baseline identifier bar isolate and drain tube side hydroblast tube bundle to remove fouling deposit inspect tube wall thickness using eddy current testing reassemble and pressure test,heat exchanger identifier differential pressure high alarm tube side pressure drop identifier bar versus clean baseline identifier bar isolate and drain tube side hydroblast tube bundle to remove fouling deposit inspect tube wall thickness using eddy current testing reassemble and pressure test
41401,20278235,GB-053,gearbox identifier oil leak from output shaft seal identifier l h estimated loss rate drain oil remove output shaft seal retainer replace lip seal and o ring inspect shaft journal surface for scoring reinstall refill and check for leakage at operating pressure,gearbox identifier oil leak from output shaft seal identifier l h estimated loss rate drain oil remove output shaft seal retainer replace lip seal and o ring inspect shaft journal surface for scoring reinstall refill and check for leakage at operating pressure
41433,20388832,AG-076,agitator identifier six monthly gearbox oil change and seal inspection drain gearbox oil replace with approved grade inspect mechanical seal faces replace if worn check shaft coupling alignment document in lubrication record,agitator identifier six monthly gearbox oil change and seal inspection drain gearbox oil replace with approved grade inspect mechanical seal faces replace if worn check shaft coupling alignment document in lubrication record
41435,20741059,CV-143,belt conveyor identifier annual gearbox oil change and drive inspection drain gearbox replace oil with approved grade inspect coupling and guard condition check brake adjustment verify all safety switches and interlocks operational,belt conveyor identifier annual gearbox oil change and drive inspection drain gearbox replace oil with approved grade inspect coupling and guard condition check brake adjustment verify all safety switches and interlocks operational
41490,20152018,TRB-029,steam turbine identifier lube oil low pressure alarm oil pump suction strainer blocked clean oil pump suction strainer check oil pump relief valve setting inspect main oil pump for wear flush lubrication system verify pressure at all bearing oil supply points,steam turbine identifier lube oil low pressure alarm oil pump suction strainer blocked clean oil pump suction strainer check oil pump relief valve setting inspect main oil pump for wear flush lubrication system verify pressure at all bearing oil supply points
41506,20049590,TK-110,storage tank identifier annual calibration of all level and temperature instruments calibrate all level transmitters against certified reference check temperature sensor accuracy verify high level alarm setpoints update calibration records,storage tank identifier annual calibration of all level and temperature instruments calibrate all level transmitters against certified reference check temperature sensor accuracy verify high level alarm setpoints update calibration records
41620,20360170,K-070,compressor identifier discharge valve efficiency declining based on performance monitoring throughput identifier identifier below rated remove and bench test discharge valves replace worn valve seats and plates re test compressor performance post repair,compressor identifier discharge valve efficiency declining based on performance monitoring throughput identifier identifier below rated remove and bench test discharge valves replace worn valve seats and plates re test compressor performance post repair
41681,20546266,M-106,m t r identifier six m nthly insul tion resistanc test and be ring grease replenishm nt ir test all three phases and record grease drive end and non drive end bearings per lubrication schedule check terminal connections for heat damage document results,m t r identifier six m nthly insul tion resistanc test and be ring grease replenishm nt ir test all three phases and record grease drive end and non drive end bearings per lubrication schedule check terminal connections for heat damage document results
41711,20608310,TK-117,storage tank identifier level transmitter lt failure reading stuck at identifier suspect impulse line blockage isolate and remove level transmitter blow down impulse lines clean displacer float bench calibrate reinstall and verify reading against dip measurement,storage tank identifier level transmitter lt failure reading stuck at identifier suspect impulse line blockage isolate and remove level transmitter blow down impulse lines clean displacer float bench calibrate reinstall and verify reading against dip measurement
41721,20351954,CV-069,belt conveyor identifier blocked chute material buildup causing belt overload trip clear chute blockage inspect chute liner wear replace worn liner plates investigate root cause of blockage adjust belt speed or chute geometry if required,belt conveyor identifier blocked chute material buildup causing belt overload trip clear chute blockage inspect chute liner wear replace worn liner plates investigate root cause of blockage adjust belt speed or chute geometry if required
41747,20319292,TK-162,storage tank identifier outlet valve passing confirmed by downstream flow with valve closed isolate valve disassemble inspect seat and ball gate for erosion lap seat if minor damage replace valve internals if worn beyond tolerance,storage tank identifier outlet valve passing confirmed by downstream flow with valve closed isolate valve disassemble inspect seat and ball gate for erosion lap seat if minor damage replace valve internals if worn beyond tolerance
41770,20393730,CV-076,belt conveyor identifier drive pulley lagging worn belt slipping under load isolate conveyor remove drive pulley lagging clean pulley surface apply new ceramic lagging using approved adhesive cure before return to service verify belt tension,belt conveyor identifier drive pulley lagging worn belt slipping under load isolate conveyor remove drive pulley lagging clean pulley surface apply new ceramic lagging using approved adhesive cure before return to service verify belt tension
41793,20568832,UF-109,ultrafiltration unit identifier integrity test failure on module identifier hollow fibre breach detected isolate and replace failed membrane module perform post replacement integrity test with pressurised air decay method verify rejection and flux within specification,ultrafiltration unit identifier integrity test failure on module identifier hollow fibre breach detected isolate and replace failed membrane module perform post replacement integrity test with pressurised air decay method verify rejection and flux within specification
41809,20602921,R-117,reactor identifier ph probe at failure reading frozen at identifier ph batch on hold remove ph probe clean and bench calibrate using ph identifier and identifier buffer solutions replace if drifted beyond calibration tolerance reinstall and verify loop,reactor identifier ph probe at failure reading frozen at identifier ph batch on hold remove ph probe clean and bench calibrate using ph identifier and identifier buffer solutions replace if drifted beyond calibration tolerance reinstall and verify loop
41946,20407777,K-178,compressor identifier lube oil analysis shows elevated iron particles identifier ppm bearing wear suspected inspect bearings and journal surfaces replace worn bearings flush and refill lube oil system repeat oil analysis after identifier hours runtime,compressor identifier lube oil analysis shows elevated iron particles identifier ppm bearing wear suspected inspect bearings and journal surfaces replace worn bearings flush and refill lube oil system repeat oil analysis after identifier hours runtime
41979,20457828,EX-088,extruder identifier screw drive motor overload trip torque identifier nm above maximum foreign object suspected emergency purge extruder remove screw inspect for foreign object damage replace damaged screw flights if necessary inspect barrel bore for scoring purge and recommission,extruder identifier screw drive motor overload trip torque identifier nm above maximum foreign object suspected emergency purge extruder remove screw inspect for foreign object damage replace damaged screw flights if necessary inspect barrel bore for scoring purge and recommission
41987,20159550,K-032,compressor identifier lube oil analysis shows elevated iron particles identifier ppm bearing wear suspected inspect bearings and journal surfaces replace worn bearings flush and refill lube oil system repeat oil analysis after identifier hours runtime,compressor identifier lube oil analysis shows elevated iron particles identifier ppm bearing wear suspected inspect bearings and journal surfaces replace worn bearings flush and refill lube oil system repeat oil analysis after identifier hours runtime
41997,20026787,P-306,centrifugal pump identifier bearing temperature high alarm drive end temperature identifier degc above baseline remove bearing housing end cover measure bearing clearance replace worn bearing re grease per lubrication schedule monitor temperature for identifier hours post start,centrifugal pump identifier bearing temperature high alarm drive end temperature identifier degc above baseline remove bearing housing end cover measure bearing clearance replace worn bearing re grease per lubrication schedule monitor temperature for identifier hours post start
42004,20059127,P-612,centrifugal pump identifier cavitating intermittently suction pressure identifier bar below minimum npsh required check suction strainer differential pressure cean strainer basket verify suction vessel level adjust operating point to restore positive npsh,centrifugal pump identifier cavitating intermittently suction pressure identifier bar below minimum npsh required check suction strainer differential pressure cean strainer basket verify suction vessel level adjust operating point to restore positive npsh
42047,20356780,M-072,motor identifier earth fault trip single phase to earth detected on stator winding isolate motor identify faulted phase using ir and hipot testing send motor to approved rewind shop install inspected spare verify earth continuity post installation,motor identifier earth fault trip single phase to earth detected on stator winding isolate motor identify faulted phase using ir and hipot testing send motor to approved rewind shop install inspected spare verify earth continuity post installation
42049,20048111,P-311,centrifugal pump identifier motor overload trip overcurrent detected phase a identifier a above flc megger test motor windings check vfd parameters inspect terminal connections for heat damage replace overload relay if tripped beyond reset,centrifugal pump identifier motor overload trip overcurrent detected phase a identifier a above flc megger test motor windings check vfd parameters inspect terminal connections for heat damage replace overload relay if tripped beyond reset
42050,20196258,P-638,centrifugal pump identifier motor current increasing trend current draw identifier a versus baseline identifier a possible internal wear inspect impeller and wear rings for erosion measure internal clearances replace worn components re test performance at duty conditions,centrifugal pump identifier motor current increasing trend current draw identifier a versus baseline identifier a possible internal wear inspect impeller and wear rings for erosion measure internal clearances replace worn components re test performance at duty conditions
42092,20087558,M-021,motor identifier six monthly insulation resistance test and bearing grease replenishment ir test all three phases and record grease drive end and non drive end bearings per lubrication schedule check terminal connections for heat damage document results,motor identifier six monthly insulation resistance test and bearing grease replenishment ir test all three phases and record grease drive end and non drive end bearings per lubrication schedule check terminal connections for heat damage document results
42222,20062301,BM-013,ball mill identifier annual liner replacement and trunnion bearing inspection drain mill remove worn liner plates install new liners to correct installation sequence torque all liner bolts inspect trunnion bearings refill with grinding media if required,ball mill identifier annual liner replacement and trunnion bearing inspection drain mill remove worn liner plates install new liners to correct installation sequence torque all liner bolts inspect trunnion bearings refill with grinding media if required
42278,20471045,HX-093,heat exchanger identifier differential pressure high alarm tube side pressure drop identifier bar versus clean baseline identifier bar isolate and drain tube side hydroblast tube bundle to remove fouling deposit inspect tube wall thickness using eddy current testing reassemble and pressure test,heat exchanger identifier differential pressure high alarm tube side pressure drop identifier bar versus clean baseline identifier bar isolate and drain tube side hydroblast tube bundle to remove fouling deposit inspect tube wall thickness using eddy current testing reassemble and pressure test
42319,20397828,TK-080,storage tank identifier level transmitter lt failure reading stuck at identifier suspect impulse line blockage isolate and remove level transmitter blow down impulse lines clean displacer float bench calibrate reinstall and verify reading against dip measurement,storage tank identifier level transmitter lt failure reading stuck at identifier suspect impulse line blockage isolate and remove level transmitter blow down impulse lines clean displacer float bench calibrate reinstall and verify reading against dip measurement
42344,20667317,CT-128,cooling tower identifier fan bearing failure high vibration identifier mm s fan shutdown isolate fan remove fan assembly replace fan shaft bearing check fan blade condition and balance reassemble verify vibration on restart below alarm setpoint,cooling tower identifier fan bearing failure high vibration identifier mm s fan shutdown isolate fan remove fan assembly replace fan shaft bearing check fan blade condition and balance reassemble verify vibration on restart below alarm setpoint
42364,20225850,DRY-043,dryer identifier annual vessel inspection and filter sock replacement,dryer identifier annual vessel inspection and filter sock replacement
42365,20662059,HV-128,hvac unit identifier supply fan drive belt failure airflow loss to controlled area replace drive belt with correct specification check tension and alignment on pulleys run up and verify supply air volume check room pressures return to setpoint,hvac unit identifier supply fan drive belt failure airflow loss to controlled area replace drive belt with correct specification check tension and alignment on pulleys run up and verify supply air volume check room pressures return to setpoint
42369,20153331,P-230,centrifugal pump identifier motor overload trip overcurrent detected phase a identifier a above flc megger test motor windings check vfd parameters inspect terminal connections for heat damage replace overload relay if tripped beyond reset,centrifugal pump identifier motor overload trip overcurrent detected phase a identifier a above flc megger test motor windings check vfd parameters inspect terminal connections for heat damage replace overload relay if tripped beyond reset
42375,20011508,K-005,compressor identifier lube oil analysis shows elevated iron particles identifier ppm bearing wear suspected inspect bearings and journal surfaces replace worn bearings flush and refill lube oil system repeat oil analysis after identifier hours runtime,compressor identifier lube oil analysis shows elevated iron particles identifier ppm bearing wear suspected inspect bearings and journal surfaces replace worn bearings flush and refill lube oil system repeat oil analysis after identifier hours runtime
42407,20125403,GT-025,gas turbine identifier hot section borescope inspection per oem schedule borescope inspection of all compressor and turbine stages record blade condition replace any blades with damage beyond serviceable limits update oem inspection record,gas turbine identifier hot section borescope inspection per oem schedule borescope inspection of all compressor and turbine stages record blade condition replace any blades with damage beyond serviceable limits update oem inspection record
42491,20356717,M-070,motor identifier vfd overcurrent fault drive tripped on identifier at identifier a check vfd parametters and fault log inspect motor terminal connections megger test windings check encoder feedback signal clear fault and trial run under reduced load,motor identifier vfd overcurrent fault drive tripped on identifier at identifier a check vfd parametters and fault log inspect motor terminal connections megger test windings check encoder feedback signal clear fault and trial run under reduced load
42545,20750970,F-243,filter identifier scheduled cartridge replacement at identifier service hours replace filter cartridges at planned interval regardless of differential pressure inspect housing internals record cartridge condition on removal update filter log,filter identifier scheduled cartridge replacement at identifier service hours replace filter cartridges at planned interval regardless of differential pressure inspect housing internals record cartridge condition on removal update filter log
42634,20503528,BLR-096,boiler identifier feedwater pump failure loss of boiler feed emergency shutdown initiated start standby feedwater pump investigate duty pump failure replace mechanical seal and bearings on duty pump test duty pump before returning to service,boiler identifier feedwater pump failure loss of boiler feed emergency shutdown initiated start standby feedwater pump investigate duty pump failure replace mechanical seal and bearings on duty pump test duty pump before returning to service
42681,20625723,EX-119,extrud r identifier screw drive motor overload trip t rque identifier nm abov m ximum foreign obj ct susp ct d emergency purge extruder remove screw inspect for foreign object damage replace damaged screw flights if necessary inspect barrel bore for scoring purge and recommission,extrud r identifier screw drive motor overload trip t rque identifier nm abov m ximum foreign obj ct susp ct d emergency purge extruder remove screw inspect for foreign object damage replace damaged screw flights if necessary inspect barrel bore for scoring purge and recommission
42746,20595581,DP-213,diaphragm pump identifier six monthly air supply inspection and pump wet end service inspect air supply filter and regulator drain water from air filter bowl check pump stroke rate and flow rate inspect wet end components for corrosion or erosion,diaphragm pump identifier six monthly air supply inspection and pump wet end service inspect air supply filter and regulator drain water from air filter bowl check pump stroke rate and flow rate inspect wet end components for corrosion or erosion
42772,20374450,FM-071,fermentor identifier agitator current trending up identifier over identifier days impeller fouling or seal wear suspected after batch completion inspect agitator shaft seal assembly check impeller blade wear and fouling measure shaft runout replace lip seals clean impeller re measure current baseline,fermentor identifier agitator current trending up identifier over identifier days impeller fouling or seal wear suspected after batch completion inspect agitator shaft seal assembly check impeller blade wear and fouling measure shaft runout replace lip seals clean impeller re measure current baseline
42800,20213742,CR-041,crystalliser identifier annual internal inspection and agitator overhaul drain vessel open manways internal inspection for scaling and corrosion replace agitator mechanical seal and bearings check jacket integrity inspect baffles,crystalliser identifier annual internal inspection and agitator overhaul drain vessel open manways internal inspection for scaling and corrosion replace agitator mechanical seal and bearings check jacket integrity inspect baffles
42835,20462605,GB-088,gearbox identifier annual oil change and internal inspection drain and replace oil open inspection covers inspect gear teeth for wear and pitting check all bearing clearances replace seals refill run up and verify temperature and noise,gearbox identifier annual oil change and internal inspection drain and replace oil open inspection covers inspect gear teeth for wear and pitting check all bearing clearances replace seals refill run up and verify temperature and noise
42901,20012376,TK-006,storage tank identifier outlet valve passing confirmed by downstream flow with valve closed isolate valve disassemble inspect seat and ball gate for erosion lap seat if minor damage replace valve internals if worn beyond tolerance,storage tank identifier outlet valve passing confirmed by downstream flow with valve closed isolate valve disassemble inspect seat and ball gate for erosion lap seat if minor damage replace valve internals if worn beyond tolerance
42927,20323007,P-362,centrifugal pump identifier bearing temperature high alarm drive end temperature identifier degc above baseline remove bearing housing end cover measure bearing clearance replace worn bearing re grease per lubrication schedule monitor temperature for identifier hours post start,centrifugal pump identifier bearing temperature high alarm drive end temperature identifier degc above baseline remove bearing housing end cover measure bearing clearance replace worn bearing re grease per lubrication schedule monitor temperature for identifier hours post start
42956,20627628,P-520,centrifugal pump identifier motor overload trip overcurrent detected phase a identifier a above flc megger test motor windings check vfd parameters inspect terminal connections for heat damage replace overload relay if tripped beyond reset,centrifugal pump identifier motor overload trip overcurrent detected phase a identifier a above flc megger test motor windings check vfd parameters inspect terminal connections for heat damage replace overload relay if tripped beyond reset
42996,20383575,AG-075,agitator identifier gearbox oil temperature high temperature identifier degc above alarm setpoint drain gearbox inspect internal gears and bearings for damage replace oil clean oil cooler if fitted if bearing damaged replace and refill run up and monitor temperature,agitator identifier gearbox oil temperature high temperature identifier degc above alarm setpoint drain gearbox inspect internal gears and bearings for damage replace oil clean oil cooler if fitted if bearing damaged replace and refill run up and monitor temperature
43056,20477123,TK-192,storage tank identifier roof drain blockage causing water ingress to product clear roof drain blockage inspect drain seal condition replace corroded drain fitting verify drain flow rate post repair,storage tank identifier roof drain blockage causing water ingress to product clear roof drain blockage inspect drain seal condition replace corroded drain fitting verify drain flow rate post repair
43067,20443906,P-187,centrifugal pump identifier vibration trending upward over identifier days broadband velocity identifier mm s bearing defect frequency identified in spectrum vibration analysis confirms bearing fault replace drive end bearing proactively re baseline vibration signature after repair,centrifugal pump identifier vibration trending upward over identifier days broadband velocity identifier mm s bearing defect frequency identified in spectrum vibration analysis confirms bearing fault replace drive end bearing proactively re baseline vibration signature after repair
43068,20447727.0000000000,DRY-085,dryer identifier six monthly steam trap inspection and condenser cleaning test all steam traps for correct operation replace failed traps clean condenser coils check vacuum pump condition verify all instruments are calibrated,dryer identifier six monthly steam trap inspection and condenser cleaning test all steam traps for correct operation replace failed traps clean condenser coils check vacuum pump condition verify all instruments are calibrated
43092,20044246,TK-013,storage tank identifier roof drain blockage causing water ingress to product clear roof drain blockage inspect drain seal condition replace corroded drain fitting verify drain flow rate post repair,storage tank identifier roof drain blockage causing water ingress to product clear roof drain blockage inspect drain seal condition replace corroded drain fitting verify drain flow rate post repair
43117,20239254,DC-146,distillation column identifier flooding indicated by differential pressure identifier mbar above normal identifier mbar open column manways inspect trays identifier to identifier for fouling damage and downcomer blockage clean trays with high pressure water inspect weir heights,distillation column identifier flooding indicated by differential pressure identifier mbar above normal identifier mbar open column manways inspect trays identifier to identifier for fouling damage and downcomer blockage clean trays with high pressure water inspect weir heights
43153,20593531,M-118,motor identifier vfd overcurrent fault drive tripped on identifier at identifier a check vfd p rameters nd fault log inspe t motor termin l connections megg r test windings che k encoder f edb ck sign l clear f ult nd trial run und r reduced load,motor identifier vfd overcurrent fault drive tripped on identifier at identifier a check vfd p rameters nd fault log inspe t motor termin l connections megg r test windings che k encoder f edb ck sign l clear f ult nd trial run und r reduced load
43173,20004366,UF-02,ultrafiltration unit identifier integrity test failure on module identifier hollow fibre breach detected isolate and replace failed membrane module perform post replacement integrity test with pressurised air decay method verify rejection and flux within specification,ultrafiltration unit identifier integrity test failure on module identifier hollow fibre breach detected isolate and replace failed membrane module perform post replacement integrity test with pressurised air decay method verify rejection and flux within specification
43303,206368661,SD-122,spray dryer identifier six monthly air heater and bag filter inspection inspect air heater coils and clean replace bag filter elements check explosion relief valves and burst discs verify fire suppression system update inspection records,spray dryer identifier six monthly air heater and bag filter inspection inspect air heater coils and clean replace bag filter elements check explosion relief valves and burst discs verify fire suppression system update inspection records
43365,20479772,FCC-091,fluid catalytic cracker identifier slide valve actuator failure catalyst flow control lost on identifier valve stroke isolate slide valve replace hydraulic actuator and positioner stroke test under atmospheric conditions verify control loop response before return to feed,fluid catalytic cracker identifier slide valve actuator failure catalyst flow control lost on identifier valve stroke isolate slide valve replace hydraulic actuator and positioner stroke test under atmospheric conditions verify control loop response before return to feed
43372,20745042,TK-144,storage tank identifier level transmitter lt failure reading stuck at identifier suspect impulse line blockage isolate and remove level transmitter blow down impulse lines clean displacer float bench calibrate reinstall and verify reading against dip measurement,storage tank identifier level transmitter lt failure reading stuck at identifier suspect impulse line blockage isolate and remove level transmitter blow down impulse lines clean displacer float bench calibrate reinstall and verify reading against dip measurement
43394,20319230,TK-065,storage tank identifier api identifier internal inspection floor shell andd roof condition assessment drain and gas free tank internal inspection per api identifier measure floor plate thickness using ut inspect shell for corrosion check annular plates write inspection report,storage tank identifier api identifier internal inspection floor shell andd roof condition assessment drain and gas free tank internal inspection per api identifier measure floor plate thickness using ut inspect shell for corrosion check annular plates write inspection report
43437,20088558,BM-117,ball mill identifier trunnion bearing temperature high identifier degc oil supply pressure low check oil supply ump and filters flush bearing lubricati n cir uit repl ce il m nit r trunnion temperature n restart if b aring d mag d r move mill fr m s rvice for bearing r pla m nt,ball mill identifier trunnion bearing temperature high identifier degc oil supply pressure low check oil supply ump and filters flush bearing lubricati n cir uit repl ce il m nit r trunnion temperature n restart if b aring d mag d r move mill fr m s rvice for bearing r pla m nt
43461,20216530,HP-141,hydraulic press identifier annual hydraulic oil change and cylinder inspection drain and replace hydraulic oil replace suction and return filters inspect cylinder rods and seals check all hydraulic hoses for condition verify accumulator precharge pressure,hydraulic press identifier annual hydraulic oil change and cylinder inspection drain and replace hydraulic oil replace suction and return filters inspect cylinder rods and seals check all hydraulic hoses for condition verify accumulator precharge pressure
43527,20590500,HP-113,hydraulic press identifier pressure relief valve lifting prematurely at identifier bar isolate and remove relief valve bench test and set to correct pressure replace if seat damaged reinstall and verify operation at working pressure update relief valve test record,hydraulic press identifier pressure relief valve lifting prematurely at identifier bar isolate and remove relief valve bench test and set to correct pressure replace if seat damaged reinstall and verify operation at working pressure update relief valve test record
43531,20397624,DC-077,distillation column identifier planned turnaround tray inspection and cleaning full internal inspection of all trays record tray conditions replace damaged tray panels clean downcomers and sumps inspect column internals for corrosion,distillation column identifier planned turnaround tray inspection and cleaning full internal inspection of all trays record tray conditions replace damaged tray panels clean downcomers and sumps inspect column internals for corrosion
43564,20098115,CV-020,belt conveyor identifier belt mistracking causing spillage and belt edge damage adjust tail pulley tracking screws to correct belt alignment inspect all return rollers for seized bearings causing mistrack replace seized rollers monitor belt tracking for identifier hours,belt conveyor identifier belt mistracking causing spillage and belt edge damage adjust tail pulley tracking screws to correct belt alignment inspect all return rollers for seized bearings causing mistrack replace seized rollers monitor belt tracking for identifier hours
43597,20728093,P-639,centrifugal pump identifier motor current increasing trend current draw identifier a versus baseline identifier a possible internal wear inspect impeller and wear rings for erosion measure internal clearances replace worn components re test performance at duty conditions,centrifugal pump identifier motor current increasing trend current draw identifier a versus baseline identifier a possible internal wear inspect impeller and wear rings for erosion measure internal clearances replace worn components re test performance at duty conditions
43644,20236610,SD-045,spray dryer identifier six monthly air heater and bag filter inspection inspect air heater coils and clean replace bag filter elements check explosion relief valves and burst discs verify fire suppression system update inspection records,spray dryer identifier six monthly air heater and bag filter inspection inspect air heater coils and clean replace bag filter elements check explosion relief valves and burst discs verify fire suppression system update inspection records
43668,20430670,M-084,motor identifier insulation resistance failure megger test identifier mohm below minimum identifier mohm winding degradation disconnect motor and perform full ir test on all phases test confirms winding failure remove motor for rewind install spare motor align and commission,motor identifier insulation resistance failure megger test identifier mohm below minimum identifier mohm winding degradation disconnect motor and perform full ir test on all phases test confirms winding failure remove motor for rewind install spare motor align and commission
43669,20741578,GB-141,gearbox identifier oil leak from output shaft seal identifier l h estimated loss rate drain oil remove output shaft seal retainer replace lip seal and o ring inspect shaft journal surface for scoring reinstall refill and check for leakage at operating pressure,gearbox identifier oil leak from output shaft seal identifier l h estimated loss rate drain oil remove output shaft seal retainer replace lip seal and o ring inspect shaft journal surface for scoring reinstall refill and check for leakage at operating pressure
43748,20178466,BM-134,ball mill identifier annual liner replacement and trunnion bearing inspection drain mill remove worn liner plates install new liners to correct installation sequence torque all liner bolts inspect trunnion bearings refill with grinding media if required,ball mill identifier annual liner replacement and trunnion bearing inspection drain mill remove worn liner plates install new liners to correct installation sequence torque all liner bolts inspect trunnion bearings refill with grinding media if required
43752,20327671,GS-162,gas scrubber identifier six monthly sump inspection and recirculation pump service drain and inspect sump for sediment and corrosion clean sump service recirculation pump replace mechanical seal clean recirculation strainer refill and verify liquid distribution,gas scrubber identifier six monthly sump inspection and recirculation pump service drain and inspect sump for sediment and corrosion clean sump service recirculation pump replace mechanical seal clean recirculation strainer refill and verify liquid distribution
43773,20107911,F-023,filter identifier differential pressure high high alarm dp identifier bar cartridges blocked production stopped isolate filter drain housing remove and replace all identifier filter cartridges with grade identifier micron inspect housing for damage reassemble and pressure test,filter identifier differential pressure high high alarm dp identifier bar cartridges blocked production stopped isolate filter drain housing remove and replace all identifier filter cartridges with grade identifier micron inspect housing for damage reassemble and pressure test
43895,20070711,DC-114,distillation column identifier planned turnaround tray inspection and cleaning full internal inspection of all trays record tray conditions replace damaged tray panels clean downcomers and sumps inspect column internals for corrosion,distillation column identifier planned turnaround tray inspection and cleaning full internal inspection of all trays record tray conditions replace damaged tray panels clean downcomers and sumps inspect column internals for corrosion
43936,20717811,HX-138,heat exchanger identifier outlet temperature low heat transfer coefficient identifier identifier below design identifier identifier chemical clean tube side with citric acid identifier solution for identifier hours flush with demineralised water re baseline heat transfer performance,heat exchanger identifier outlet temperature low heat transfer coefficient identifier identifier below design identifier identifier chemical clean tube side with citric acid identifier solution for identifier hours flush with demineralised water re baseline heat transfer performance
44033,20002976,CV-01,belt conveyor identifier blocked chute material buildup causing belt overload trip clear chute blockage inspect chute liner wear replace worn liner plates investigate root cause of blockage adjust belt speed or chute geometry if required,belt conveyor identifier blocked chute material buildup causing belt overload trip clear chute blockage inspect chute liner wear replace worn liner plates investigate root cause of blockage adjust belt speed or chute geometry if required
44052,20490297,UF-094,ultrafiltration unit identifier annual module replacement based on service life r l ce all m mbran modul s at planned servi lif interval perf rm full int grity test on re la ement modules rebaselin flux nd establish new erforman e r cord,ultrafiltration unit identifier annual module replacement based on service life r l ce all m mbran modul s at planned servi lif interval perf rm full int grity test on re la ement modules rebaselin flux nd establish new erforman e r cord
44163,20644845,TK-223,storage tank identifier roof drain blockage causing water ingress to product clear roof drain blockage inspect drain seal condition replace corroded drain fitting verify drain flow rate post repair,storage tank identifier roof drain blockage causing water ingress to product clear roof drain blockage inspect drain seal condition replace corroded drain fitting verify drain flow rate post repair
44210,20529779,EV-101,evaporator identifier vacuum loss level dropping in vapour body steam ejector or vacuum pump fault suspected inspect vacuum pump oil level and condition check all flanges and gaskets for air ingress using nitrogen pressure test replace failed gasket on vapour body flange re establish vacuum,evaporator identifier vacuum loss level dropping in vapour body steam ejector or vacuum pump fault suspected inspect vacuum pump oil level and condition check all flanges and gaskets for air ingress using nitrogen pressure test replace failed gasket on vapour body flange re establish vacuum
44215,20127116,P-326,centrifugal pump identifier vibration trending upward over identifier days broadband velocity identifier mm s bearing defect frequency identified in spectrum vibration analysis confirms bearing fault replace drive end bearing proactively re baseline vibration signature after repair,centrifugal pump identifier vibration trending upward over identifier days broadband velocity identifier mm s bearing defect frequency identified in spectrum vibration analysis confirms bearing fault replace drive end bearing proactively re baseline vibration signature after repair
44376,20624688,M-121,motor identifier six monthly insulation resistance test and bearing grease replenishment ir test all three phases and record grease drive end and non drive end bearings per lubrication schedule check terminal connections for heat damage document results,motor identifier six monthly insulation resistance test and bearing grease replenishment ir test all three phases and record grease drive end and non drive end bearings per lubrication schedule check terminal connections for heat damage document results
44378,20348026,TRB-067,ste m turbine identifier overspeed trip activated at identifier rpm g vernor malfunction susp ted inspect governor mechanism and overspeed trip actuator replace faulty governor valve test overspeed trip device at reduced speed set trip setpoint and retest sign off and return to service,ste m turbine identifier overspeed trip activated at identifier rpm g vernor malfunction susp ted inspect governor mechanism and overspeed trip actuator replace faulty governor valve test overspeed trip device at reduced speed set trip setpoint and retest sign off and return to service
44394,20221990,P-145,centrifugal pump identifier mechanical seal failure product leakage observed at gland area estimated identifier l h replace complete mechanical seal cartridge flush seal chamber pressure test at identifier bar return to service and monitor seal flush flow,centrifugal pump identifier mechanical seal failure product leakage observed at gland area estimated identifier l h replace complete mechanical seal cartridge flush seal chamber pressure test at identifier bar return to service and monitor seal flush flow
44442,20023894,M-009,motor identifier earth fault trip single phase to earth detected on stator winding isolate motor identify faulted phase using ir and hipot testing send motor to approved rewind shop install inspected spare verify earth continuity post installation,motor identifier earth fault trip single phase to earth detected on stator winding isolate motor identify faulted phase using ir and hipot testing send motor to approved rewind shop install inspected spare verify earth continuity post installation
44486,20349419,P-268,centrifugal pump identifier vibration trending upward over identifier days broadband velocity identifier mm s bearing defect frequency identified in spectrum vibration analysis confirms bearing fault replace drive end bearing proactively re baseline vibration signature after repair,centrifugal pump identifier vibration trending upward over identifier days broadband velocity identifier mm s bearing defect frequency identified in spectrum vibration analysis confirms bearing fault replace drive end bearing proactively re baseline vibration signature after repair
44500,20382133,TK-076,storage tank identifier roof drain blockage causing water ingress to product clear roof drain blockage inspect drain seal condition replace corroded drain fitting verify drain flow rate post repair,storage tank identifier roof drain blockage causing water ingress to product clear roof drain blockage inspect drain seal condition replace corroded drain fitting verify drain flow rate post repair
44509,20052404,RLP-011,rotary lobe pump identifier lobe contact noise timing gear wear suspected pressure pulsation elevated isolate pump drain product inspect timing gears for backlash and tooth wear replace timing gear set if worn beyond tolerance realign rotor timing test for contact noise,rotary lobe pump identifier lobe contact noise timing gear wear suspected pressure pulsation elevated isolate pump drain product inspect timing gears for backlash and tooth wear replace timing gear set if worn beyond tolerance realign rotor timing test for contact noise
44525,20067384,VP-013,vacuum pump identifier annual internal inspection and vane replacement disassemble pump body measure vane wear replace vanes if worn beyond tolerance inspect rotor and stator for scoring reassemble and test at rated vacuum level,vacuum pump identifier annual internal inspection and vane replacement disassemble pump body measure vane wear replace vanes if worn beyond tolerance inspect rotor and stator for scoring reassemble and test at rated vacuum level
44540,20314652,F-062,filter identifier housing o ring failure bypass leakage detected downstream integrity breach drain and disassemble filter housing replace o ring with compatible elastomer inspect housing sealing faces for damage reassemble and perform integrity test,filter identifier housing o ring failure bypass leakage detected downstream integrity breach drain and disassemble filter housing replace o ring with compatible elastomer inspect housing sealing faces for damage reassemble and perform integrity test
44594,20573395,GB-109,gearbox identifier six monthly oil sample analysis and external inspection take oil sample for laboratory analysis inspect for external leaks check oil level inspect coupling for wear document condition oil analysis report to maintenance planner,gearbox identifier six monthly oil sample analysis and external inspection take oil sample for laboratory analysis inspect for external leaks check oil level inspect coupling for wear document condition oil analysis report to maintenance planner
44646,1416137553.7025983,UF-027,ultrafiltration unit identifier normalised flux declining identifier versus baseline membrane fouling confirmed perform enhanc d cip with edta identifier soluti n monitor flux r covery if flux n t r stored replace f uled membran modules r bas line ft r hemi al le n,ultrafiltration unit identifier normalised flux declining identifier versus baseline membrane fouling confirmed perform enhanc d cip with edta identifier soluti n monitor flux r covery if flux n t r stored replace f uled membran modules r bas line ft r hemi al le n
44684,20401497,P-177,centrifugal pump identifier annual overhaul full disassembly wear measurement impeller and seal replacement full pump disassembly measure all wear components against tolerances replace impeller wear rings bearings and mechanical seal reassemble align and performance test,centrifugal pump identifier annual overhaul full disassembly wear measurement impeller and seal replacement full pump disassembly measure all wear components against tolerances replace impeller wear rings bearings and mechanical seal reassemble align and performance test
44712,20259771,K-050,compressor identifier six monthly lube oil analysis and filter change drain lube oil replace filters refill with approved grade conduct oil analysis on drained oil check oil cooler condition update lubrication record,compressor identifier six monthly lube oil analysis and filter change drain lube oil replace filters refill with approved grade conduct oil analysis on drained oil check oil cooler condition update lubrication record
44727,20378187,CV-072,belt conveyor identifier blocked chute material buildup causing belt overload trip clear chute blockage inspect chute liner wear replace worn liner plates investigate root cause of blockage adjust belt speed or chute geometry if required,belt conveyor identifier blocked chute material buildup causing belt overload trip clear chute blockage inspect chute liner wear replace worn liner plates investigate root cause of blockage adjust belt speed or chute geometry if required
44816,20608061,R-118,reactor identifier annual shutdown inspection internal inspection instrument calibration and gasket replacement open reactor manways internal visual inspection for corrosion and erosion replace all manway gaskets calibrate all critical instruments update mechanical integrity record,reactor identifier annual shutdown inspection internal inspection instrument calibration and gasket replacement open reactor manways internal visual inspection for corrosion and erosion replace all manway gaskets calibrate all critical instruments update mechanical integrity record
44868,20313599,R-160,reactor identifier agitator driv f ult larm mot r current identifier a s ike then trip inspect agitator gearbox for damage check mechanical seal on agitator shaft replace failed seal assembly verify torque at rated speed,reactor identifier agitator driv f ult larm mot r current identifier a s ike then trip inspect agitator gearbox for damage check mechanical seal on agitator shaft replace failed seal assembly verify torque at rated speed
44937,20535480,M-106,motor identifier earth fault trip single phase to earth detected on stator winding isolate motor identify faulted phase using ir and hipot testing send motor to approved rewind shop install inspected spare verify earth continuity post installation,motor identifier earth fault trip single phase to earth detected on stator winding isolate motor identify faulted phase using ir and hipot testing send motor to approved rewind shop install inspected spare verify earth continuity post installation
44941,20547955,UF-105,ultrafiltration unit identifier integrity test failure on module identifier hollow fibre breach detected isol te and r plac f il d membran m dule perf rm post r pla em nt integrity t st with pressurised ir d cay m thod verify r jection and flux within specification,ultrafiltration unit identifier integrity test failure on module identifier hollow fibre breach detected isol te and r plac f il d membran m dule perf rm post r pla em nt integrity t st with pressurised ir d cay m thod verify r jection and flux within specification
44957,20305644,TRB-058,steam turbine identifier six monthly lube oil change and coupling inspection drain and replace lube oil inspect coupling for wear and alignment check thrust bearing clearance verify oil cooler effectiveness document in pm record,steam turbine identifier six monthly lube oil change and coupling inspection drain and replace lube oil inspect coupling for wear and alignment check thrust bearing clearance verify oil cooler effectiveness document in pm record
44970,20149943,BLR-030,boiler identifier high conductivity alarm boiler water tds identifier ppm above blowdown setpoint increase blowdown frequency check dosing pump for chemical addition flush with fresh feedwater verify conductivity analyser calibration,boiler identifier high conductivity alarm boiler water tds identifier ppm above blowdown setpoint increase blowdown frequency check dosing pump for chemical addition flush with fresh feedwater verify conductivity analyser calibration
44995,20354409,P-269,centrifugal pump identifier high vibration alarm on drive end bearing amplitude identifier mm s rms exceeding trip setpoint isolate pump drain casing disassemble bearing housing replace drive end bearing identifier realign coupling to within identifier tir functional test at duty point,centrifugal pump identifier high vibration alarm on drive end bearing amplitude identifier mm s rms exceeding trip setpoint isolate pump drain casing disassemble bearing housing replace drive end bearing identifier realign coupling to within identifier tir functional test at duty point
45021,20348919,HP-067,hydraulic press identifier annual hydraulic oil change and cylinder inspection drain and replace hydraulic oil replace suction and return filters inspect cylinder rods and seals check all hydraulic hoses for condition verify accumulator precharge pressure,hydraulic press identifier annual hydraulic oil change and cylinder inspection drain and replace hydraulic oil replace suction and return filters inspect cylinder rods and seals check all hydraulic hoses for condition verify accumulator precharge pressure
45030,20561356,BLR-107,boiler identifier feedwater pump failure loss of boiler feed emergency shutdown initiated start standby feedwater pump investigate duty pump failure replace mechanical seal and bearings on duty pump test duty pump before returning to service,boiler identifier feedwater pump failure loss of boiler feed emergency shutdown initiated start standby feedwater pump investigate duty pump failure replace mechanical seal and bearings on duty pump test duty pump before returning to service
45051,20106106,P-521,centrifugal pump identifier annual overhaul full disassembly wear measurement impeller and seal replacement full pump disassembly measure all wear components against tolerances replace impeller wear rings bearings and mechanical seal reassemble align and performance test,centrifugal pump identifier annual overhaul full disassembly wear measurement impeller and seal replacement full pump disassembly measure all wear components against tolerances replace impeller wear rings bearings and mechanical seal reassemble align and performance test
45058,20310462,BM-060,ball mill identifier annual liner replacement and trunnion bearing inspection drain mill remove worn liner plates install new liners to correct installation sequence torque all liner bolts inspect trunnion bearings refill with grinding media if required,ball mill identifier annual liner replacement and trunnion bearing inspection drain mill remove worn liner plates install new liners to correct installation sequence torque all liner bolts inspect trunnion bearings refill with grinding media if required
45063,20663258.0000000000,RLP-126,rotary lobe pump identifier lobe contact noise timing gear wear suspected pressure pulsation elevated isolate pump drain product inspect timing gears for backlash and tooth wear replace timing gear set if worn beyond tolerance realign rotor timing test for contact noise,rotary lobe pump identifier lobe contact noise timing gear wear suspected pressure pulsation elevated isolate pump drain product inspect timing gears for backlash and tooth wear replace timing gear set if worn beyond tolerance realign rotor timing test for contact noise
45086,20653217,GS-125,gas scrubber identifier high identifier outlet alarm identifier ppm scrubbing efficiency loss chemical depletion increase caustic dosing rate check ph of scrubbing liquor top up caustic tank inspect spray nozzles for wear and blockage replace nozzles if worn verify outlet identifier after adjustment,gas scrubber identifier high identifier outlet alarm identifier ppm scrubbing efficiency loss chemical depletion increase caustic dosing rate check ph of scrubbing liquor top up caustic tank inspect spray nozzles for wear and blockage replace nozzles if worn verify outlet identifier after adjustment
45088,20447987,TRB-086,steam turbine identifier annual steam turbine inspection and governor test partial disassembly inspection inspect blade condition labyrinth seals and gland packing test governor and overspeed trip replace gland packing update inspection record,steam turbine identifier annual steam turbine inspection and governor test partial disassembly inspection inspect blade condition labyrinth seals and gland packing test governor and overspeed trip replace gland packing update inspection record
45098,20062166,GB-112,gearbox identifier oil temperature high alarm identifier degc possible bearing failure or oil degradation drain gearbox inspect output shaft bearing for pitting and spalling replace bearing clean sump refill with correct oil grade commission and monitor temperature for identifier hours,gearbox identifier oil temperature high alarm identifier degc possible bearing failure or oil degradation drain gearbox inspect output shaft bearing for pitting and spalling replace bearing clean sump refill with correct oil grade commission and monitor temperature for identifier hours
45123,20377370,BLR-172,boiler identifier safety valve lifting at identifier bar below set pressure set leakage suspected isolate safety valve remove and send to certified workshop for testing reconditioning and recertification fit inspected spare valve update safety valve register,boiler identifier safety valve lifting at identifier bar below set pressure set leakage suspected isolate safety valve remove and send to certified workshop for testing reconditioning and recertification fit inspected spare valve update safety valve register
45159,20687599,M-131,motor identifier earth fault trip single phase to earth detected on stator winding isolate motor identify faulted phase using ir and hipot testing send motor to approved rewind shop install inspected spare verify earth continuity post installation,motor identifier earth fault trip single phase to earth detected on stator winding isolate motor identify faulted phase using ir and hipot testing send motor to approved rewind shop install inspected spare verify earth continuity post installation
45167,20243257,P-248,centrifugal pump identifier quarterly lubrication service bearing grease replenishment and vibration baseline measurement grease drive end and non drive end bearings measure and record vibration signature check motor current at duty point inspect coupling spider for wear,centrifugal pump identifier quarterly lubrication service bearing grease replenishment and vibration baseline measurement grease drive end and non drive end bearings measure and record vibration signature check motor current at duty point inspect coupling spider for wear
45243,20388841,AG-076,agitator identifier annual agitator and impeller inspection remove impeller inspect blades for erosion and corrosion measure blade thickness replace if below minimum thickness inspect shaft bearings reassemble,agitator identifier annual agitator and impeller inspection remove impeller inspect blades for erosion and corrosion measure blade thickness replace if below minimum thickness inspect shaft bearings reassemble
45351,20468328,EX-090,extruder identifier melt pressure high alarm at die head possible die blockage stop extruder remove die head clear blockage with rod and heat gun inspect die land for damage clean die with solvent reassemble verify melt pressure on restart,extruder identifier melt pressure high alarm at die head possible die blockage stop extruder remove die head clear blockage with rod and heat gun inspect die land for damage clean die with solvent reassemble verify melt pressure on restart
45362,20316739,RLP-061,rotary lobe pump identifier annual overhaul including rotor and seal replacement full disassembly replace rotors if worn beyond tolerance replace all seals and o rings replace timing gears if backlash excessive reassemble and performance test,rotary lobe pump identifier annual overhaul including rotor and seal replacement full disassembly replace rotors if worn beyond tolerance replace all seals and o rings replace timing gears if backlash excessive reassemble and performance test
45402,20631653,FCC-121,fluid catalytic cracker identifier standpipe pluggage event catalyst circulation lost implement catalyst aeration procedure to restore standpipe flow inspect aeration taps for blockage clear any aeration line pluggage monitor catalyst density profile after recovery,fluid catalytic cracker identifier standpipe pluggage event catalyst circulation lost implement catalyst aeration procedure to restore standpipe flow inspect aeration taps for blockage clear any aeration line pluggage monitor catalyst density profile after recovery
45423,20347195,HV-068,hvac unit identifier annual ahu inspection including ductwork and damper verification full ahu inspection check all damper actuators and blades inspect fan blades for wear clean heat exchange coil with biocide solution verify all interlocks,hvac unit identifier annual ahu inspection including ductwork and damper verification full ahu inspection check all damper actuators and blades inspect fan blades for wear clean heat exchange coil with biocide solution verify all interlocks
45487,20325115,F-062,filter identifier quarterly filter housing inspection and o ring check inspect o ring condition and housing sealing surfaces replace o ring as precautionary measure pressure test housing verify differential pressure indication,filter identifier quarterly filter housing inspection and o ring check inspect o ring condition and housing sealing surfaces replace o ring as precautionary measure pressure test housing verify differential pressure indication
45497,20457001,CV-089,belt conveyor identifier belt mistracking causing spillage and belt edge damage adjust tail pulley tracking screws to correct belt alignment inspect all return rollers for seized bearings causing mistrack replace seized rollers monitor belt tracking for identifier hours,belt conveyor identifier belt mistracking causing spillage and belt edge damage adjust tail pulley tracking screws to correct belt alignment inspect all return rollers for seized bearings causing mistrack replace seized rollers monitor belt tracking for identifier hours
45578,20014534,DRY-004,dryer identifier vacuum cannot reach target identifier mbar air ingress suspected from inspection port gasket pressure test dryer vessel with nitrogen to identify air ingress replace failed gasket on inspection port test all other flanges verify vacuum level achieved after repair,dryer identifier vacuum cannot reach target identifier mbar air ingress suspected from inspection port gasket pressure test dryer vessel with nitrogen to identify air ingress replace failed gasket on inspection port test all other flanges verify vacuum level achieved after repair
45585,20100428,P-120,centrifugal pump identifier vibration trending upward over identifier days broadband velocity identifier mm s bearing defect frequency identified in spectrum vibration analysis confirms bearing fault replace drive end bearing proactively re baseline vibration signature after repair,centrifugal pump identifier vibration trending upward over identifier days broadband velocity identifier mm s bearing defect frequency identified in spectrum vibration analysis confirms bearing fault replace drive end bearing proactively re baseline vibration signature after repair
45605,20176277,R-234,reactor identifier ph probe at failure reading frozen at identifier ph batch on hold rem ve ph probe clean and ben h alibr t using h identifier and identifier buffer solutions r lace if drift d beyond alibrati n t l r n e reinst ll and verify l p,reactor identifier ph probe at failure reading frozen at identifier ph batch on hold rem ve ph probe clean and ben h alibr t using h identifier and identifier buffer solutions r lace if drift d beyond alibrati n t l r n e reinst ll and verify l p
45669,20704023,AG-136,agitator identifier mechanical seal failure product leakage at shaft gland area isolate vessel remove agitator shaft replace mechanical seal complete assembly inspect shaft for scoring reinstall pressure test seal chamber monitor seal flush post start,agitator identifier mechanical seal failure product leakage at shaft gland area isolate vessel remove agitator shaft replace mechanical seal complete assembly inspect shaft for scoring reinstall pressure test seal chamber monitor seal flush post start
45693,20733425,P-640,centrifugal pump identifier high vibration alarm on drive end bearing amplitude identifier mm s rms exceeding trip setpoint isolate pump drain casing disassemble bearing housing replace drive end bearing identifier realign coupling to within identifier tir functional test at duty point,centrifugal pump identifier high vibration alarm on drive end bearing amplitude identifier mm s rms exceeding trip setpoint isolate pump drain casing disassemble bearing housing replace drive end bearing identifier realign coupling to within identifier tir functional test at duty point
45730,20754275,P-644,centrifugal pump identifier annual overhaul full disassembly wear measurement impeller and seal replacement full pump disassembly measure all wear components against tolerances replace impeller wear rings bearings and mechanical seal reassemble align and performance test,centrifugal pump identifier annual overhaul full disassembly wear measurement impeller and seal replacement full pump disassembly measure all wear components against tolerances replace impeller wear rings bearings and mechanical seal reassemble align and performance test
45749,20553180,UF-106,ultrafiltration unit identifier normalised flux declining identifier versus baseline membrane fouling confirmed perform enhanced cip with citric acid identifier solution monitor flux recovery if flux not restored replace fouled membrane modules rebaseline after chemical clean,ultrafiltration unit identifier normalised flux declining identifier versus baseline membrane fouling confirmed perform enhanced cip with citric acid identifier solution monitor flux recovery if flux not restored replace fouled membrane modules rebaseline after chemical clean
45750,20650879,M-125,motor identifier vfd overcurrent fault drive tripped on identifier at identifier a ch ck vfd param ters and f ult log inspe t mot r termin l connections megger t st windings ch k n der fe dba k signal cl r f ult and trial run under r duced l ad,motor identifier vfd overcurrent fault drive tripped on identifier at identifier a ch ck vfd param ters and f ult log inspe t mot r termin l connections megger t st windings ch k n der fe dba k signal cl r f ult and trial run under r duced l ad
45762,20123617,CR-025,drain vessel open manways internal inspection for scaling and corrosion replace agitator mechanical seal and bearings check jacket integrity inspect baffles,drain vessel open manways internal inspection for scaling and corrosion replace agitator mechanical seal and bearings check jacket integrity inspect baffles
45845,20757062,CT-144,cooling tower identifier annual basin cleaning and fill packing inspection drain basin clean and disinfect with chlorine solution inspect fill packing condition replace damaged packing sections check drift eliminators treat and refill legionella risk assessment update,cooling tower identifier annual basin cleaning and fill packing inspection drain basin clean and disinfect with chlorine solution inspect fill packing condition replace damaged packing sections check drift eliminators treat and refill legionella risk assessment update
45879,20691699,R-132,reactor identifier agitator drive fault alarm motor current identifier a spike then trip inspect agitator gearbox for damage check mechanical seal on agitator shaft replace failed seal assembly verify torque at rated speed,reactor identifier agitator drive fault alarm motor current identifier a spike then trip inspect agitator gearbox for damage check mechanical seal on agitator shaft replace failed seal assembly verify torque at rated speed
45954,20385748,P-176,centrifugal pump identifier mechanical seal failure product leakage observed at gland area estimated identifier l h replace complete mechanical seal cartridge flush seal chamber pressure test at identifier bar return to service and monitor seal flush flow,centrifugal pump identifier mechanical seal failure product leakage observed at gland area estimated identifier l h replace complete mechanical seal cartridge flush seal chamber pressure test at identifier bar return to service and monitor seal flush flow
45959,20225733,EX-043,extruder identifier screw drive motor overload trip torque identifier nm above maximum foreign object suspected emergency purge extruder remove screw inspect for foreign object damage replace damaged screw flights if necessary inspect barrel bore for scoring purge and recommission,extruder identifier screw drive motor overload trip torque identifier nm above maximum foreign object suspected emergency purge extruder remove screw inspect for foreign object damage replace damaged screw flights if necessary inspect barrel bore for scoring purge and recommission
45971,20652532,SD-124,spray dryer identifier six monthly air heater and bag filter inspection inspect air heater coils and clean replace bag filter elements check explosion relief valves and burst discs verify fire suppression system update inspection records,spray dryer identifier six monthly air heater and bag filter inspection inspect air heater coils and clean replace bag filter elements check explosion relief valves and burst discs verify fire suppression system update inspection records
46024,20263777,DOS-052,dosing pump identifier low flow alarm dosing rate identifier l h below setpoint diaphragm or valve fault inspect suction and discharge check valves for wear or debris replace valve balls and seats check diaphragm condition replace diaphragm if cracked calibrate stroke length verify flow rate,dosing pump identifier low flow alarm dosing rate identifier l h below setpoint diaphragm or valve fault inspect suction and discharge check valves for wear or debris replace valve balls and seats check diaphragm condition replace diaphragm if cracked calibrate stroke length verify flow rate
46043,20571208,R-110,reactor identifier agitator drive fault alarm motor current identifier a spike then trip inspect agitator gearbox for damage check mechanical seal on agitator shaft replace failed seal assembly verify torque at rated speed,reactor identifier agitator drive fault alarm motor current identifier a spike then trip inspect agitator gearbox for damage check mechanical seal on agitator shaft replace failed seal assembly verify torque at rated speed
46084,20403693,CF-078,centrifuge identifier six monthly basket bearing and seal inspection inspect basket condition measure bearing clearances check mechanical seal faces inspect braking system lubricate all grease points test safety interlock operation,centrifuge identifier six monthly basket bearing and seal inspection inspect basket condition measure bearing clearances check mechanical seal faces inspect braking system lubricate all grease points test safety interlock operation
46121,20565373,P-708,remove bearing housing end cover measure bearing clearance replace worn bearing re grease per lubrication schedule monitor temperature for identifier hours post start,remove bearing housing end cover measure bearing clearance replace worn bearing re grease per lubrication schedule monitor temperature for identifier hours post start
46142,20582372,CF-112,centrifuge identifier basket imbalance vibration trip vibration identifier mm s peak product batch loss balance basket assembly inspect screen for damage and blockage remove debris perform dynamic balance test trial run at identifier then identifier speed verify vibration within limits,centrifuge identifier basket imbalance vibration trip vibration identifier mm s peak product batch loss balance basket assembly inspect screen for damage and blockage remove debris perform dynamic balance test trial run at identifier then identifier speed verify vibration within limits
46149,20433993,P-683,centrifugal pump identifier high vibration alarm on drive end bearing amplitude identifier mm s rms exceeding trip setpoint isolate pump drain casing disassemble bearing housing replace drive end bearing identifier realign coupling to within identifier tir functional test at duty point,centrifugal pump identifier high vibration alarm on drive end bearing amplitude identifier mm s rms exceeding trip setpoint isolate pump drain casing disassemble bearing housing replace drive end bearing identifier realign coupling to within identifier tir functional test at duty point
46176,20099432,SD-020,spray dryer identifier fire detection alarm in drying chamber emergency identifier system activated investigate ignition source inspect chamber walls and cyclone for product buildup clean chamber thoroughly verify explosion relief panels undamaged test fire detection before restart,spray dryer identifier fire detection alarm in drying chamber emergency identifier system activated investigate ignition source inspect chamber walls and cyclone for product buildup clean chamber thoroughly verify explosion relief panels undamaged test fire detection before restart
46227,20585956,P-413,centrifugal pump identifier high vibration alarm on drive end bearing amplitude identifier mm s rms exceeding trip setpoint isolate pump drain casing disassemble bearing housing replace drive end bearing identifier realign coupling to within identifier tir functional test at duty point,centrifugal pump identifier high vibration alarm on drive end bearing amplitude identifier mm s rms exceeding trip setpoint isolate pump drain casing disassemble bearing housing replace drive end bearing identifier realign coupling to within identifier tir functional test at duty point
46238,20196296,K-038,compressor identifier high vibration trip nde bearing vibration identifier mm s peak replace nde bearing check shaft alignment inspect labyrinth seals rebalance rotor if indicated run up on no load and verify vibration levels,compressor identifier high vibration trip nde bearing vibration identifier mm s peak replace nde bearing check shaft alignment inspect labyrinth seals rebalance rotor if indicated run up on no load and verify vibration levels
46242,20143172,P-528,centrifugal pump identifier motor current increasing trend current draw identifier a versus baseline identifier a possible internal wear inspect impeller and wear rings for erosion measure internal clearances replace worn components re test performance at duty conditions,centrifugal pump identifier motor current increasing trend current draw identifier a versus baseline identifier a possible internal wear inspect impeller and wear rings for erosion measure internal clearances replace worn components re test performance at duty conditions
46247,20090492,P-418,centrifugal pump identifier quarterly lubrication service bearing grease replenishment and vibration baseline measurement grease drive end and non drive end bearings measure and record vibration signature check motor current at duty point inspect coupling spider for wear,centrifugal pump identifier quarterly lubrication service bearing grease replenishment and vibration baseline measurement grease drive end and non drive end bearings measure and record vibration signature check motor current at duty point inspect coupling spider for wear
46263,20688565,GB-133,gearbox identifier annual oil change and internal inspection drain and replace oil open inspection covers inspect gear teeth for wear and pitting check all bearing clearances replace seals refill run up and verify temperature and noise,gearbox identifier annual oil change and internal inspection drain and replace oil open inspection covers inspect gear teeth for wear and pitting check all bearing clearances replace seals refill run up and verify temperature and noise
46309,20629023,TK-320,clear roof drain blockage inspect drain seal condition replace corroded drain fitting verify drain flow rate post repair,clear roof drain blockage inspect drain seal condition replace corroded drain fitting verify drain flow rate post repair
46423,20346618,M-068,motor identifier earth fault trip single phase to earth detected on stator winding isolate motor identify faulted phase using ir and hipot testing send motor to approved rewind shop install inspected spare verify earth continuity post installation,motor identifier earth fault trip single phase to earth detected on stator winding isolate motor identify faulted phase using ir and hipot testing send motor to approved rewind shop install inspected spare verify earth continuity post installation
46455,20053312,P-212,centrifugal pump identifier cavitating intermittently suction pressure identifier bar below minimum npsh required check suction strainer differential pressure clean strainer basket verify suction vessel level adjust operating point to restore positive npsh,centrifugal pump identifier cavitating intermittently suction pressure identifier bar below minimum npsh required check suction strainer differential pressure clean strainer basket verify suction vessel level adjust operating point to restore positive npsh
46497,20272139,M-054,motor identifier insulation resistance failure megger test identifier mohm below minimum identifier mohm winding degradation disconnect motor and perform full ir test on all phases test confirms winding failure remove motor for rewind install spare motor align and commission,motor identifier insulation resistance failure megger test identifier mohm below minimum identifier mohm winding degradation disconnect motor and perform full ir test on all phases test confirms winding failure remove motor for rewind install spare motor align and commission
46591,20116490,P-423,centrifugal pump identifier motor overload trip overcurrent detected phase a identifier a above flc megger test motor windings check vfd parameters inspect terminal connections for heat damage replace overload relay if tripped beyond reset,centrifugal pump identifier motor overload trip overcurrent detected phase a identifier a above flc megger test motor windings check vfd parameters inspect terminal connections for heat damage replace overload relay if tripped beyond reset
46671,20121209,HP-123,hydraulic press identifier pressure relief valve lifting prematurely at identifier bar isolate and remove relief valve bench test and set to correct pressure replace if seat damaged reinstall and verify operation at working pressure update relief valve test record,hydraulic press identifier pressure relief valve lifting prematurely at identifier bar isolate and remove relief valve bench test and set to correct pressure replace if seat damaged reinstall and verify operation at working pressure update relief valve test record
46678,20650401,CF-124,centrifuge identifier annual full overhaul including spindle bearing replacement full disassembl y replace spindle bearings inspect basket for fatigue cracks replace all seals reassemble balance basket and perform no load and loaded test run,centrifuge identifier annual full overhaul including spindle bearing replacement full disassembl y replace spindle bearings inspect basket for fatigue cracks replace all seals reassemble balance basket and perform no load and loaded test run
46936,20647879,DP-124,diaphragm pump identifier annual diaphragm and valve inspection inspect diaphragms for cracking and deformation replace both diaphragms preventively inspect ball valves and seats replace worn components test pump performance,diaphragm pump identifier annual diaphragm and valve inspection inspect diaphragms for cracking and deformation replace both diaphragms preventively inspect ball valves and seats replace worn components test pump performance
46938,20519391,CR-099,crystalliser identifier six monthly agitator seal and bearing service remove agitator shaft replace mechanical seal assembly inspect shaft for scoring replenish gearbox oil re install and verify seal flush flow,crystalliser identifier six monthly agitator seal and bearing service remove agitator shaft replace mechanical seal assembly inspect shaft for scoring replenish gearbox oil re install and verify seal flush flow
47021,20722767,P-738,centrifugal pump identifier six monthly planned maintenance bearing inspection mechanical seal check and coupling alignment verification inspect bearing condition and clearances replenish grease per lubrication schedule mobil shc identifier check coupling alignment verify seal flush flow rate update maintenance record,centrifugal pump identifier six monthly planned maintenance bearing inspection mechanical seal check and coupling alignment verification inspect bearing condition and clearances replenish grease per lubrication schedule mobil shc identifier check coupling alignment verify seal flush flow rate update maintenance record
47036,20562152,M-111,motor identifier annual motor inspection including terminal box and cooling fan check inspect terminal box for moisture ingress and loose connections clean cooling fins and fan guard check mounting bolts verify earthing continuity test run and measure current balance,motor identifier annual motor inspection including terminal box and cooling fan check inspect terminal box for moisture ingress and loose connections clean cooling fins and fan guard check mounting bolts verify earthing continuity test run and measure current balance
47128,20452829,DRY-087,dryer identifier high product moisture alarm identifier above specification steam pressure insufficient check steam supply pressure and control valve operation inspect heating coils for fouling clean coils verify moisture analyser calibration adjust drying cycle time if required,dryer identifier high product moisture alarm identifier above specification steam pressure insufficient check steam supply pressure and control valve operation inspect heating coils for fouling clean coils verify moisture analyser calibration adjust drying cycle time if required
47163,20354410,P-269,centrifugal pump identifier mechanical seal failure product leakage observed at gland area estimated identifier l h replace complete mechanical seal cartridge flush seal chamber pressure test at identifier bar return to service and monitor seal flush flow,centrifugal pump identifier mechanical seal failure product leakage observed at gland area estimated identifier l h replace complete mechanical seal cartridge flush seal chamber pressure test at identifier bar return to service and monitor seal flush flow
47247,20739568,R-143,reactor identifier annual shutdown inspection internal inspection instrument calibration and gasket replacement open reactor manways internal visual inspection for corrosion and erosion replace all manway gaskets calibrate all critical instruments update mechanical integrity record,reactor identifier annual shutdown inspection internal inspection instrument calibration and gasket replacement open reactor manways internal visual inspection for corrosion and erosion replace all manway gaskets calibrate all critical instruments update mechanical integrity record
47268,20237374,HP-045,hydraulic press identifier annual hydraulic oil change and cylinder inspection drain and replace hydraulic oil replace suction and return filters inspect cylinder rods and seals check all hydraulic hoses for condition verify accumulator precharge pressure,hydraulic press identifier annual hydraulic oil change and cylinder inspection drain and replace hydraulic oil replace suction and return filters inspect cylinder rods and seals check all hydraulic hoses for condition verify accumulator precharge pressure
47275,20438627,P-185,centrifugal pum identifier m tor curr nt incr asing trend current draw identifier a versus b seline identifier a p ssible internal wear inspect impeller and wear rings for erosion measure internal clearances replace worn components re test performance at duty conditions,centrifugal pum identifier m tor curr nt incr asing trend current draw identifier a versus b seline identifier a p ssible internal wear inspect impeller and wear rings for erosion measure internal clearances replace worn components re test performance at duty conditions
47312,20027658,HX-206,heat exchanger identifier outlet temperature low heat transfer coefficient identifier identifier below design identifier identifier chemical clean tube side with phosphoric acid identifier solution for identifier hours flush with demineralised water re baseline heat transfer performance,heat exchanger identifier outlet temperature low heat transfer coefficient identifier identifier below design identifier identifier chemical clean tube side with phosphoric acid identifier solution for identifier hours flush with demineralised water re baseline heat transfer performance
47346,20144055,R-030,reactor identifier ph probe at failure reading frozen at identifier ph batch on hold remove ph probe clean and bench calibrate using ph identifier and identifier buffer solutions replace if drifted beyond calibration tolerance reinstall and verify loop,reactor identifier ph probe at failure reading frozen at identifier ph batch on hold remove ph probe clean and bench calibrate using ph identifier and identifier buffer solutions replace if drifted beyond calibration tolerance reinstall and verify loop
47468,20050428,M-012,motor identifier earth fault trip single phase to earth detected on stator winding isolate motor identify faulted phase using ir and hipot testing send motor to approved rewind shop install inspected spare verify earth continuity post installation,motor identifier earth fault trip single phase to earth detected on stator winding isolate motor identify faulted phase using ir and hipot testing send motor to approved rewind shop install inspected spare verify earth continuity post installation
47554,20537626,GS-102,in reas c ustic d sing rate check ph of s rubbing liquor top up c usti tank ins e t spray n zzles f r wear nd blockage replace nozzles if w rn verify outlet identifier aft r adjustm nt,in reas c ustic d sing rate check ph of s rubbing liquor top up c usti tank ins e t spray n zzles f r wear nd blockage replace nozzles if w rn verify outlet identifier aft r adjustm nt
47558,20045396,CV-009,belt conveyor identifier blocked chute material buildup causing belt overload trip clear chute blockage inspect chute liner wear replace worn liner plates investigate root cause of blockage adjust belt speed or chute geometry if required,belt conveyor identifier blocked chute material buildup causing belt overload trip clear chute blockage inspect chute liner wear replace worn liner plates investigate root cause of blockage adjust belt speed or chute geometry if required
47578,20481993,R-093,reactor identifier annual shutdown inspection internal inspection instrument calibration and gasket replacement open reactor manways internal visual inspection for corrosion and erosion replace all manway gaskets calibrate all critical instruments update mechanical integrity record,reactor identifier annual shutdown inspection internal inspection instrument calibration and gasket replacement open reactor manways internal visual inspection for corrosion and erosion replace all manway gaskets calibrate all critical instruments update mechanical integrity record
47605,20584401,TRB-111,partial disassembly inspection inspect blade condition labyrinth seals and gland packing test governor and overspeed trip replace gland packing update inspection record,partial disassembly inspection inspect blade condition labyrinth seals and gland packing test governor and overspeed trip replace gland packing update inspection record
47612,20570761,K-209,compressor identifier high discharge temperature alarm discharge temp identifier degc exceeding trip setpoint inspect intercooler for fouling clean tube bundle check cooling water flow verify discharge valve seating retest at operating conditions,compressor identifier high discharge temperature alarm discharge temp identifier degc exceeding trip setpoint inspect intercooler for fouling clean tube bundle check cooling water flow verify discharge valve seating retest at operating conditions
47624,20406712,P-178,centrifugal pump identifier motor current increasing trend current draw identifier a versus baseline identifier a possible internal wear inspect impeller and wear rings for erosion measure internal clearances replace worn components re test performance at duty conditions,centrifugal pump identifier motor current increasing trend current draw identifier a versus baseline identifier a possible internal wear inspect impeller and wear rings for erosion measure internal clearances replace worn components re test performance at duty conditions
47648,20440618,BLR-085,boiler identifier feedwater pump failure loss of boiler feed emergency shutdown initiated start standby feedwater pump investigate duty pump failure replace mechanical seal and bearings on duty pump test duty pump before returning to service,boiler identifier feedwater pump failure loss of boiler feed emergency shutdown initiated start standby feedwater pump investigate duty pump failure replace mechanical seal and bearings on duty pump test duty pump before returning to service
47663,20402308,K-077,compressor identifier annual overhaul per oem schedule valve inspection oil change and performance test disassemble suction and discharge valve assemblies replace valve plates and springs change lube oil and filters check coupling and alignment performance test,compressor identifier annual overhaul per oem schedule valve inspection oil change and performance test disassemble suction and discharge valve assemblies replace valve plates and springs change lube oil and filters check coupling and alignment performance test
47668,-20059608.0,HX-012,heat exchanger identifier annual inspection tube bundle inspection gasket replacement and pressure test drain and open channel head inspect tube sheet and tubes using boroscope replace gaskets on both heads hydraulic pressure test reinstate and commission,heat exchanger identifier annual inspection tube bundle inspection gasket replacement and pressure test drain and open channel head inspect tube sheet and tubes using boroscope replace gaskets on both heads hydraulic pressure test reinstate and commission
47685,20133873,TK-126,storage tank identifier annual calibration of all level and temperature instruments calibrate all level transmitters against certified reference check temperature sensor accuracy verify high level alarm setpoints update calibration records,storage tank identifier annual calibration of all level and temperature instruments calibrate all level transmitters against certified reference check temperature sensor accuracy verify high level alarm setpoints update calibration records
47704,20072374,HV-114,hvac unit identifier six monthly filter change and coil inspection replace primary and secondary filters clean cooling and heating coils check condensate drain tray and trap inspect ductwork connection flanges document filter changes,hvac unit identifier six monthly filter change and coil inspection replace primary and secondary filters clean cooling and heating coils check condensate drain tray and trap inspect ductwork connection flanges document filter changes
47747,20519670.0000000000,M-100,motor identifier annual motor inspection including terminal box and cooling fan check inspect terminal box for moisture ingress and loose connections clean cooling fins and fan guard check mounting bolts verify earthing continuity test run and measure current balance,motor identifier annual motor inspection including terminal box and cooling fan check inspect terminal box for moisture ingress and loose connections clean cooling fins and fan guard check mounting bolts verify earthing continuity test run and measure current balance
47750,20388091,F-075,filter identifier housing o ring failure bypass leakage detected downstream integrity breach drain and disassemble filter housing replace o ring with compatible elastomer inspect housing sealing faces for damage reassemble and perform integrity test,filter identifier housing o ring failure bypass leakage detected downstream integrity breach drain and disassemble filter housing replace o ring with compatible elastomer inspect housing sealing faces for damage reassemble and perform integrity test
47761,20303718,EV-158,drain and clean heating tubes with nitric acid solution inspect tube bundle using eddy current testing replace any thinned tubes pressure test update inspection records,drain and clean heating tubes with nitric acid solution inspect tube bundle using eddy current testing replace any thinned tubes pressure test update inspection records
47769,20293257,F-056,filter identifier housing o ring failure bypass leakage detected downstream integrity breach drain and disassemble filter housing replace o ring with compatible elastomer inspect housing sealing faces for damage reassemble and perform integrity test,filter identifier housing o ring failure bypass leakage detected downstream integrity breach drain and disassemble filter housing replace o ring with compatible elastomer inspect housing sealing faces for damage reassemble and perform integrity test
47777,20454181,P-189,centrifugal pump identifier quarterly lubrication service bearing grease replenishment and vibration baseline measurement grease drive end and non drive end bearings measure and record vibration signature check motor current at duty point inspect coupling spider for wear,centrifugal pump identifier quarterly lubrication service bearing grease replenishment and vibration baseline measurement grease drive end and non drive end bearings measure and record vibration signature check motor current at duty point inspect coupling spider for wear
47791,20593378,M-114,motor identifier insulation resistance failure megger test identifier mohm below minimum identifier mohm winding degradation disconnect motor and perform full ir test on all phases test confirms winding failure remove motor for rewind install spare motor align and commission,motor identifier insulation resistance failure megger test identifier mohm below minimum identifier mohm winding degradation disconnect motor and perform full ir test on all phases test confirms winding failure remove motor for rewind install spare motor align and commission
47825,20473776,DRY-090,dryer identifier vacuum cannot reach target identifier mbar air ingress suspected from inspection port gasket pressure test dryer vessel with nitrogen to identify air ingress replace failed gasket on inspection port test all other flanges verify vacuum level achieved after repair,dryer identifier vacuum cannot reach target identifier mbar air ingress suspected from inspection port gasket pressure test dryer vessel with nitrogen to identify air ingress replace failed gasket on inspection port test all other flanges verify vacuum level achieved after repair
47842,20087508,M-020,motor identifier vfd overcurrent fault drive tripped on identifier at identifier a check vfd parameters and fault log inspect motor terminal connections megger test windings check encoder feedback signal clear fault and trial run under reduced load,motor identifier vfd overcurrent fault drive tripped on identifier at identifier a check vfd parameters and fault log inspect motor terminal connections megger test windings check encoder feedback signal clear fault and trial run under reduced load
47927,20575099,P-211,centrifugal pump identifier motor current increasing trend current draw identifier a versus baseline identifier a possible internal wear inspect impeller and wear rings for erosion measure internal clearances replace worn components re test performance at duty conditions,centrifugal pump identifier motor current increasing trend current draw identifier a versus baseline identifier a possible internal wear inspect impeller and wear rings for erosion measure internal clearances replace worn components re test performance at duty conditions
47981,ROW_047981,UF-143,ultrafiltration unit identifier quarterly membrane integrity test and chemical clean perform air pressure decay integrity test on all modules record results chemical clean with citric acid and sodium hypochlorite per sop re test flux after cleaning,ultrafiltration unit identifier quarterly membrane integrity test and chemical clean perform air pressure decay integrity test on all modules record results chemical clean with citric acid and sodium hypochlorite per sop re test flux after cleaning
48014,20183725,DRY-135,dryer identifier high product moisture alarm identifier above specification steam pressure insufficient check steam supply pressure and control valve operation inspect heating coils for fouling clean coils verify moisture analyser calibration adjust drying cycle time if required,dryer identifier high product moisture alarm identifier above specification steam pressure insufficient check steam supply pressure and control valve operation inspect heating coils for fouling clean coils verify moisture analyser calibration adjust drying cycle time if required
48118,20030654,TRB-007,steam turbine identifier overspeed trip activated at identifier rpm governor malfunction suspected inspect governor mechanism and overspeed trip actuator replace faulty governor valve test overspeed trip device at reduced speed set trip setpoint and retest sign off and return to service,steam turbine identifier overspeed trip activated at identifier rpm governor malfunction suspected inspect governor mechanism and overspeed trip actuator replace faulty governor valve test overspeed trip device at reduced speed set trip setpoint and retest sign off and return to service
48215,20637933,P-224,centrifugal pump identifier mechanical seal failure product leakage observed at gland area estimated identifier l h replace complete mechanical seal cartridge flush seal chamber pressure test at identifier bar return to service and monitor seal flush flow,centrifugal pump identifier mechanical seal failure product leakage observed at gland area estimated identifier l h replace complete mechanical seal cartridge flush seal chamber pressure test at identifier bar return to service and monitor seal flush flow
48274,20733593,P-740,centrifugal pump identifier quarterly lubrication service bearing grease replenishment and vibration baseline measurement grease drive end and non drive end bearings measure and record vibration signature check motor current at duty point inspect coupling spider for wear,centrifugal pump identifier quarterly lubrication service bearing grease replenishment and vibration baseline measurement grease drive end and non drive end bearings measure and record vibration signature check motor current at duty point inspect coupling spider for wear
48300,20553780,GS-106,gas scrubber identifier high differential pressure alarm identifier mbar packing section flooding suspected reduce gas flow rate to resolve flooding inspect liquid distribution nozzles for blockage clean packing verify liquid to gas ratio within design envelope investigate cause of flooding,gas scrubber identifier high differential pressure alarm identifier mbar packing section flooding suspected reduce gas flow rate to resolve flooding inspect liquid distribution nozzles for blockage clean packing verify liquid to gas ratio within design envelope investigate cause of flooding
48314,20756460,M-149,motor identifier vfd overcurrent fault drive tripped on identifier at identifier a check vfd parameters and fault log inspect motor terminal connections megger test windings check encoder feedback signal clear fault and trial run under reduced load,motor identifier vfd overcurrent fault drive tripped on identifier at identifier a check vfd parameters and fault log inspect motor terminal connections megger test windings check encoder feedback signal clear fault and trial run under reduced load
48320,20535371,M-103,motor identifier insulation resistance ailure megger test identifier mohm below minimum identifier mohm winding degradation disconnect motor and perform full ir test on all phases test confirms winding failure remove motor for rewind install spare motor align and commission,motor identifier insulation resistance ailure megger test identifier mohm below minimum identifier mohm winding degradation disconnect motor and perform full ir test on all phases test confirms winding failure remove motor for rewind install spare motor align and commission
48322,20217966,HX-242,heat exchanger identifier annual inspection tube bundle inspection gasket replacement and pressure test drain and open channel head inspect tube sheet and tubes using boroscope replace gaskets on both heads hydraulic pressure test reinstate and commission,heat exchanger identifier annual inspection tube bundle inspection gasket replacement and pressure test drain and open channel head inspect tube sheet and tubes using boroscope replace gaskets on both heads hydraulic pressure test reinstate and commission
48323,20360969,TK-070,storage tank identifier api identifier internal inspection floor shell and roof condition assessment drain and gas free tank internal inspection per api identifier measure floor plate thickness using ut inspect shell for corrosion check annular plates write inspection report,storage tank identifier api identifier internal inspection floor shell and roof condition assessment drain and gas free tank internal inspection per api identifier measure floor plate thickness using ut inspect shell for corrosion check annular plates write inspection report
48328,20058858,P-313,centrifugal pump identifier high vibration alarm on drive end bearing amplitude identifier mm s rms exceeding trip setpoint isolate pump drain casing disassemble bearing housing replace drive end bearing identifier realign coupling to within identifier tir functional test at duty point,centrifugal pump identifier high vibration alarm on drive end bearing amplitude identifier mm s rms exceeding trip setpoint isolate pump drain casing disassemble bearing housing replace drive end bearing identifier realign coupling to within identifier tir functional test at duty point
48391,20492818,DC-095,distillation column identifier annual reboiler and condenser inspection open reboiler bundle eddy current tube inspection replace damaged tubes clean condenser tubes pressure test both vessels update inspection records,distillation column identifier annual reboiler and condenser inspection open reboiler bundle eddy current tube inspection replace damaged tubes clean condenser tubes pressure test both vessels update inspection records
48400,20320351,CV-062,belt conveyor identifier blocked chute material buildup causing belt overload trip clear chute blockage inspect chute liner wear replace worn liner plates investigate root cause of blockage adjust belt speed or chute geometry if required,belt conveyor identifier blocked chute material buildup causing belt overload trip clear chute blockage inspect chute liner wear replace worn liner plates investigate root cause of blockage adjust belt speed or chute geometry if required
48416,20109325,DRY-022,dryer identifier six monthly steam trap inspection and condenser cleaning test all steam traps for corre t op ration re lace fail d traps clean condenser coils check v cuum pump conditi n v rify ll instruments are calibrated,dryer identifier six monthly steam trap inspection and condenser cleaning test all steam traps for corre t op ration re lace fail d traps clean condenser coils check v cuum pump conditi n v rify ll instruments are calibrated
48418,20184150,FM-035,fermentor identifier sparger blockage do declining despite air flow batch intervention required isolate air supply remove sparger assembly unblock sparger holes with wire and acid wash inspect for damage reinstall verify do response on aeration restart,fermentor identifier sparger blockage do declining despite air flow batch intervention required isolate air supply remove sparger assembly unblock sparger holes with wire and acid wash inspect for damage reinstall verify do response on aeration restart
48433,20575146,P-212,centrifugal pump identifier bearing temperature high alarm drive end temperature identifier degc above baseline remove bearing housing end cover measure bearing clearance replace worn bearing re grease per lubrication schedule monitor temperature for identifier hours post start,centrifugal pump identifier bearing temperature high alarm drive end temperature identifier degc above baseline remove bearing housing end cover measure bearing clearance replace worn bearing re grease per lubrication schedule monitor temperature for identifier hours post start
48435,20152508,RLP-129,rotary lobe pump identifier six monthly lobe inspection gearbox oil change and seal check drain gearbox replace oil inspect lobes for wear and damage check rotor tip clearances against tolerance replace front seals as preventive measure document lobe condition,rotary lobe pump identifier six monthly lobe inspection gearbox oil change and seal check drain gearbox replace oil inspect lobes for wear and damage check rotor tip clearances against tolerance replace front seals as preventive measure document lobe condition
48518,20675340,K-131,compressor identifier discharge valve efficiency declining based on performance monitoring throughput identifier identifier below rated remove and bench test discharge valves replace worn valve seats and plates re test compressor performance post repair,compressor identifier discharge valve efficiency declining based on performance monitoring throughput identifier identifier below rated remove and bench test discharge valves replace worn valve seats and plates re test compressor performance post repair
48592,ROW_048592,AG-121,agitator identifier mechanical seal failure product leakage at shaft gland area isolate vessel remove agitator shaft replace mechanical seal complete assembly inspect shaft for scoring reinstall pressure test seal chamber monitor seal flush post start,agitator identifier mechanical seal failure product leakage at shaft gland area isolate vessel remove agitator shaft replace mechanical seal complete assembly inspect shaft for scoring reinstall pressure test seal chamber monitor seal flush post start
48596,20392680,TK-175,isolate valve disassemble inspect seat and ball gate for erosion lap seat if minor damage replace valve internals if worn beyond tolerance,isolate valve disassemble inspect seat and ball gate for erosion lap seat if minor damage replace valve internals if worn beyond tolerance
48602,20163271,RLP-031,rotary lobe pump identifier lobe contact noise timing gear wear suspected pressure pulsation elevated isolate pump drain product inspect timing gears for backlash and tooth wear replace timing gear set if worn beyond tolerance realign rotor timing test for contact noise,rotary lobe pump identifier lobe contact noise timing gear wear suspected pressure pulsation elevated isolate pump drain product inspect timing gears for backlash and tooth wear replace timing gear set if worn beyond tolerance realign rotor timing test for contact noise
48628,20453790,SC-086,screw conveyor identifier blocked motor overload trip material compaction in trough isolate and lockout access clean out ports to clear material compaction check for foreign material in product inspect screw for damage verify material properties within design spec,screw conveyor identifier blocked motor overload trip material compaction in trough isolate and lockout access clean out ports to clear material compaction check for foreign material in product inspect screw for damage verify material properties within design spec
48631,20113133.0000000000,EV-122,drain vacuum pump oil inspect pump internals for wear replace shaft seal refill with correct oil grade run up and verify vacuum level achieved,drain vacuum pump oil inspect pump internals for wear replace shaft seal refill with correct oil grade run up and verify vacuum level achieved
48694,20406997,P-278,centrifugal pump identifier motor current increasing trend current draw identifier a versus baseline identifier a possiblle internal wear inspect impeller and wear rings for erosion measure internal clearances replace worn components re test performance at duty conditions,centrifugal pump identifier motor current increasing trend current draw identifier a versus baseline identifier a possiblle internal wear inspect impeller and wear rings for erosion measure internal clearances replace worn components re test performance at duty conditions
48711,20280844,K-054,compressor identifier high discharge temperature alarm discharge temp identifier degc exceeding trip setpoint inspect intercooler for fouling clean tube bundle check cooling water flow verify discharge valve seating retest at operating conditions,compressor identifier high discharge temperature alarm discharge temp identifier degc exceeding trip setpoint inspect intercooler for fouling clean tube bundle check cooling water flow verify discharge valve seating retest at operating conditions
48761,20412170,P-379,centrifugal pump identifier high vibration alarm on drive end bearing amplitude identifier mm s rms exceeding trip setpoint isolate pump drain casing disassemble bearing housing replace drive end bearing identifier realign coupling to within identifier tir functional test at duty point,centrifugal pump identifier high vibration alarm on drive end bearing amplitude identifier mm s rms exceeding trip setpoint isolate pump drain casing disassemble bearing housing replace drive end bearing identifier realign coupling to within identifier tir functional test at duty point
48829,20588402,CV-112,belt conveyor identifier annual gearbox oil change and drive inspection drain gearbox replace oil with approved grade inspect coupling and guard condition check brake adjustment verify all safety switches and interlocks operational,belt conveyor identifier annual gearbox oil change and drive inspection drain gearbox replace oil with approved grade inspect coupling and guard condition check brake adjustment verify all safety switches and interlocks operational
48857,20462159,CV-188,belt conveyor identifier blocked chute material buildup causing belt overload trip clear chute blockage inspect chute liner wear replace worn liner plates investigate root cause of blockage adjust belt speed or chute geometry if required,belt conveyor identifier blocked chute material buildup causing belt overload trip clear chute blockage inspect chute liner wear replace worn liner plates investigate root cause of blockage adjust belt speed or chute geometry if required
48888,20412963,K-279,compressor identifier lube oil analysis shows elevated iron particles identifier ppm bearing wear suspected inspect bearings and journal surfaces replace worn bearings flush and refill lube oil system repeat oil analysis after identifier hours runtime,compressor identifier lube oil analysis shows elevated iron particles identifier ppm bearing wear suspected inspect bearings and journal surfaces replace worn bearings flush and refill lube oil system repeat oil analysis after identifier hours runtime
48900,20282585,F-055,filter identifier quarterly filter housing inspection and o ring check inspect o ring condition and housing sealing surfaces replace o ring as precautionary measure pressure test housing verify differential pressure indication,filter identifier quarterly filter housing inspection and o ring check inspect o ring condition and housing sealing surfaces replace o ring as precautionary measure pressure test housing verify differential pressure indication
48955,20737498,DOS-142,dosing pump identifier low flow alarm dosing rate identifier l h below setpoint diaphragm or valve fault inspect suction and discharge check valves for wear or debris replace valve balls and seats check diaphragm condition replace diaphragm if cracked calibrate stroke length verify flow rate,dosing pump identifier low flow alarm dosing rate identifier l h below setpoint diaphragm or valve fault inspect suction and discharge check valves for wear or debris replace valve balls and seats check diaphragm condition replace diaphragm if cracked calibrate stroke length verify flow rate
48999,20537327,RLP-102,rotary lobe pump identifier lobe contact noise timing gear wear suspected pressure pulsation elevated isolate pump drain product inspect timing gears for backlash and tooth wear replace timing gear set if worn beyond tolerance realign rotor timing test for contact noise,rotary lobe pump identifier lobe contact noise timing gear wear suspected pressure pulsation elevated isolate pump drain product inspect timing gears for backlash and tooth wear replace timing gear set if worn beyond tolerance realign rotor timing test for contact noise
49069,20213607,CF-141,centrifuge identifier six monthly basket bearing and seal inspection inspect basket condition measure bearing clearances check mechanical seal faces inspect braking system lubricate all grease points test safety interlock operation,centrifuge identifier six monthly basket bearing and seal inspection inspect basket condition measure bearing clearances check mechanical seal faces inspect braking system lubricate all grease points test safety interlock operation
49085,20135536,GB-126,gearbox identifier oil leak from output shaft seal identifier l h estimated loss rate drain oil remove output shaft seal retainer replace lip seal and o ring inspect shaft journal surface for scoring reinstall refill and check for leakage at operating pressure,gearbox identifier oil leak from output shaft seal identifier l h estimated loss rate drain oil remove output shaft seal retainer replace lip seal and o ring inspect shaft journal surface for scoring reinstall refill and check for leakage at operating pressure
49117,20051505,BM-110,ball mill identifier trunnion bearing temperature high identifier degc oil supply pressure low check oil supply pump and filters flush bearing lubrication circuit replace oil monitor trunnion temperature on restart if bearing damaged remove mill from service for bearing replacement,ball mill identifier trunnion bearing temperature high identifier degc oil supply pressure low check oil supply pump and filters flush bearing lubrication circuit replace oil monitor trunnion temperature on restart if bearing damaged remove mill from service for bearing replacement
49123,20625591,VP-119,vacuum pump identifier six monthly oil change and shaft seal replacement,vacuum pump identifier six monthly oil change and shaft seal replacement
49142,20577628,M-113,motor identifier six monthly insulation resistance test and bearing grease replenishment ir test all three phases and record grease drive end and non drive end bearings per lubrication schedule check terminal connections for heat damage document results,motor identifier six monthly insulation resistance test and bearing grease replenishment ir test all three phases and record grease drive end and non drive end bearings per lubrication schedule check terminal connections for heat damage document results
49183,20659859,HX-326,heat exchanger identifier differential pressure high alarm tube side pressure drop identifier bar versus clean baseline identifier bar isolate and drain tube side hydroblast tube bundle to remove fouling deposit inspect tube wall thickness using eddy current testing reassemble and pressure test,heat exchanger identifier differential pressure high alarm tube side pressure drop identifier bar versus clean baseline identifier bar isolate and drain tube side hydroblast tube bundle to remove fouling deposit inspect tube wall thickness using eddy current testing reassemble and pressure test
49270,20185606,P-436,centrifugal pump identifier mechanical seal failure product leakage observed at gland area estimated identifier l h replace complete mechanical seal cartridge flush seal chamber pressure test at identifier bar return to service and monitor seal flush flow,centrifugal pump identifier mechanical seal failure product leakage observed at gland area estimated identifier l h replace complete mechanical seal cartridge flush seal chamber pressure test at identifier bar return to service and monitor seal flush flow
49279,20325396,M-066,motor identifier insulation resistance failure megger test identifier mohm below minimum identifier mohm winding degradation disconnect motor and perform full ir test on all phases test confirms winding failure remove motor for rewind install spare motor align and commission,motor identifier insulation resistance failure megger test identifier mohm below minimum identifier mohm winding degradation disconnect motor and perform full ir test on all phases test confirms winding failure remove motor for rewind install spare motor align and commission
49284,20486964,K-293,compressor identifier annual overhaul per oem schedule valve inspection oil change and performance test disassemble suction and discharge valve assemblies replace valve plates and springs change lube oil and filters check coupling and alignment performance test,compressor identifier annual overhaul per oem schedule valve inspection oil change and performance test disassemble suction and discharge valve assemblies replace valve plates and springs change lube oil and filters check coupling and alignment performance test
49394,20592128,R-113,react r identifier agitator drive f ult alarm mot r current identifier a spike then trip inspect agitator gearbox for damage check mechanical seal on agitator shaft replace failed seal assembly verify torque at rated speed,react r identifier agitator drive f ult alarm mot r current identifier a spike then trip inspect agitator gearbox for damage check mechanical seal on agitator shaft replace failed seal assembly verify torque at rated speed
49433,20378248,CV-074,belt conveyor identifier belt mistracking causing spillage and belt edge damage adjust tail pulley tracking screws to correct belt alignment inspect all return rollers for seized bearings causing mistrack replace seized rollers monitor belt tracking for identifier hours,belt conveyor identifier belt mistracking causing spillage and belt edge damage adjust tail pulley tracking screws to correct belt alignment inspect all return rollers for seized bearings causing mistrack replace seized rollers monitor belt tracking for identifier hours
49479,20041212,SEP-108,separator identifier annual internal inspection and mist extractor cleaning drain and open separator inspect internals for corrosion clean mist extractor pads inspect vortex breaker check all nozzles replace damaged internals pressure test,separator identifier annual internal inspection and mist extractor cleaning drain and open separator inspect internals for corrosion clean mist extractor pads inspect vortex breaker check all nozzles replace damaged internals pressure test
49496,20125907,RLP-025,rotary lobe pump identifier lobe contact noise timing gear wear suspected pressure pulsation elevated isolate pump drain product inspect timing gears for backlash and tooth wear replace timing gear set if worn beyond tolerance realign rotor timing test for contact noise,rotary lobe pump identifier lobe contact noise timing gear wear suspected pressure pulsation elevated isolate pump drain product inspect timing gears for backlash and tooth wear replace timing gear set if worn beyond tolerance realign rotor timing test for contact noise
49548,ROW_049548,HP-056,hydraulic press identifier six monthly safety device and pressure relief valve test test all pressure relief valves at rated pressure test safety interlocks and emergency stop verify guard interlock operation calibrate pressure gauges document all results,hydraulic press identifier six monthly safety device and pressure relief valve test test all pressure relief valves at rated pressure test safety interlocks and emergency stop verify guard interlock operation calibrate pressure gauges document all results
49552,20226197,UF-043,ultrafiltration unit identifier integrity test failure on module identifier hollow fibre breach detected isolate and replace failed membrane module perform post replacement integrity test with pressurised air decay method verify rejection and flux within specification,ultrafiltration unit identifier integrity test failure on module identifier hollow fibre breach detected isolate and replace failed membrane module perform post replacement integrity test with pressurised air decay method verify rejection and flux within specification
49616,20472526,M-092,motor identifier six monthly insulation resistance test and bearing grease replenishment ir test all three phases and record grease drive end and non drive end bearings per lubrication schedule check terminal connections for heat damage document results,motor identifier six monthly insulation resistance test and bearing grease replenishment ir test all three phases and record grease drive end and non drive end bearings per lubrication schedule check terminal connections for heat damage document results
49636,20369853,HP-071,hydraulic press identifier six monthly safety device and pressure relief valve test test all pressure relief valves at rated pressure test safety interlocks and emergency stop verify guard interlock operation calibrate pressure gauges document all results,hydraulic press identifier six monthly safety device and pressure relief valve test test all pressure relief valves at rated pressure test safety interlocks and emergency stop verify guard interlock operation calibrate pressure gauges document all results
49651,20214764,HV-241,hvac unit identifier hepa filter differential pressure high high alarm dp identifier pa cleanroom qualification at risk isolate hvac unit replace hepa filter cassette seal integrity test with particle counter verify room pressure recovery document in gxp qualification record,hvac unit identifier hepa filter differential pressure high high alarm dp identifier pa cleanroom qualification at risk isolate hvac unit replace hepa filter cassette seal integrity test with particle counter verify room pressure recovery document in gxp qualification record
49702,20138005,K-028,compressor identifier low lube oil pressure alarm oil pressure identifier bar below minimum unit tripped drain and inspect lube oil system replace oil filter cartridges check oil pump relief valve refill with approved oil grade run up and verify pressure,compressor identifier low lube oil pressure alarm oil pressure identifier bar below minimum unit tripped drain and inspect lube oil system replace oil filter cartridges check oil pump relief valve refill with approved oil grade run up and verify pressure
49782,20088216,CT-017,cooling tower identifier annual basin cleaning and fill packing inspection drain basin clean and disinfect with chlorine solution inspect fill packing condition replace damaged packing sections check drift eliminators treat and refill legionella risk assessment update,cooling tower identifier annual basin cleaning and fill packing inspection drain basin clean and disinfect with chlorine solution inspect fill packing condition replace damaged packing sections check drift eliminators treat and refill legionella risk assessment update
49784,20325976,HV-063,hvac unit identifier six monthly filter change and coil inspection replace primary and secondary filters clean cooling and heating coils check condensate drain tray and trap inspect ductwork connection flanges document filter changes,hvac unit identifier six monthly filter change and coil inspection replace primary and secondary filters clean cooling and heating coils check condensate drain tray and trap inspect ductwork connection flanges document filter changes
49792,20110794,P-124,centrifugal pump identifier six monthly planned maintenance bearing inspection mechanical seal check and coupling alignment verification inspect bearing condition and clearances replenish grease per lubrication schedule shell omala identifier check coupling alignment verify seal flush flow rate update maintenance record,centrifugal pump identifier six monthly planned maintenance bearing inspection mechanical seal check and coupling alignment verification inspect bearing condition and clearances replenish grease per lubrication schedule shell omala identifier check coupling alignment verify seal flush flow rate update maintenance record
49809,20156627,CT-130,cooling tower identifier fan bearing failure high vibration identifier mm s fan shutdown isolate fan remove fan assembly replace fan shaft bearing check fan blade condition and balance reassemble verify vibration on restart below alarm setpoint,cooling tower identifier fan bearing failure high vibration identifier mm s fan shutdown isolate fan remove fan assembly replace fan shaft bearing check fan blade condition and balance reassemble verify vibration on restart below alarm setpoint
49821,20116003,P-124,centrifugal pump identifier mechanical seal failure product leakage observed at gland area estimated identifier l h replace complete mechanical seal cartridge flush seal chamber pressure test at identifier bar return to service and monitor seal flush flow,centrifugal pump identifier mechanical seal failure product leakage observed at gland area estimated identifier l h replace complete mechanical seal cartridge flush seal chamber pressure test at identifier bar return to service and monitor seal flush flow
49822,ROW_049822,P-510,centrifugal pump identifier quarterly lubrication service bearing grease replenishment and vibration baseline measurement grease drive end and non drive end bearings measure and record vibration signature check motor current at duty point inspect coupling spider for wear,centrifugal pump identifier quarterly lubrication service bearing grease replenishment and vibration baseline measurement grease drive end and non drive end bearings measure and record vibration signature check motor current at duty point inspect coupling spider for wear
49837,20558450,UF-107,ultrafiltration unit identifier integrity test failure on module identifier hollow fibre breach detected isolate and replace failed membrane module perform post replacement integrity test with pressurised air decay method verify rejection and flux within specification,ultrafiltration unit identifier integrity test failure on module identifier hollow fibre breach detected isolate and replace failed membrane module perform post replacement integrity test with pressurised air decay method verify rejection and flux within specification
49875,20065052,HX-014,heat exchanger identifier six monthly fouling iinspection based on duty criticality,heat exchanger identifier six monthly fouling iinspection based on duty criticality
49891,20315529,CT-060,cooling tower identifier annual basin cleaning and fill packing inspection drain b sin clean and disinfe t with hlorine solution inspect fill pa king condition repl ce damaged pa king secti ns ch ck drift eliminators treat and refill l gionell risk ssessm nt update,cooling tower identifier annual basin cleaning and fill packing inspection drain b sin clean and disinfe t with hlorine solution inspect fill pa king condition repl ce damaged pa king secti ns ch ck drift eliminators treat and refill l gionell risk ssessm nt update
49926,20607756,HX-117,heat exchanger identifier differential pressure high alarm tube side pressure drop identifier bar versus clean baseline identifier bar isolate and drain tube side hydroblast tube bundle to remove fouling deposit inspect tube wall thickness using eddy current testing reassemble and pressure test,heat exchanger identifier differential pressure high alarm tube side pressure drop identifier bar versus clean baseline identifier bar isolate and drain tube side hydroblast tube bundle to remove fouling deposit inspect tube wall thickness using eddy current testing reassemble and pressure test
49981,20010954,P-303,centrifugal pump identifier vibration trending upward over identifier days broadband velocity identifier mm s bearing defect frequency identified in spectrum vibration analysis confirms bearing fault replace drive end bearing proactively re baseline vibration signature after repair,centrifugal pump identifier vibration trending upward over identifier days broadband velocity identifier mm s bearing defect frequency identified in spectrum vibration analysis confirms bearing fault replace drive end bearing proactively re baseline vibration signature after repair
