method,query_id,equipment_id,hit@1,hit@5,hit@10,hit@20,hit@50,mrr@10,mrr@50,n_candidates,positives
word,1,P-573,0.0,0.0,0.0,0.0,0.0,0.0,0.0,,
word,80,SD-124,0.0,0.0,0.0,0.0,0.0,0.0,0.0,,
word,81,P-415,0.0,0.0,0.0,0.0,0.0,0.0,0.0,,
word,96,BLR-141,0.0,0.0,0.0,0.0,0.0,0.0,0.0,,
word,97,P-174,0.0,0.0,0.0,0.0,0.0,0.0,0.0,,
word,121,EX-215,0.0,0.0,0.0,0.0,0.0,0.0,0.0,,
word,128,M-098,0.0,0.0,0.0,0.0,0.0,0.0,0.0,,
word,156,M-108,0.0,0.0,0.0,0.0,0.0,0.0,0.0,,
word,161,GS-055,0.0,0.0,0.0,0.0,0.0,0.0,0.0,,
word,200,P-131,0.0,0.0,0.0,0.0,1.0,0.0,0.02702702702702703,,
word,296,TK-009,0.0,0.0,0.0,0.0,0.0,0.0,0.0,,
word,350,P-162,0.0,0.0,0.0,0.0,0.0,0.0,0.0,,
word,361,TRB-042,0.0,0.0,0.0,0.0,0.0,0.0,0.0,,
word,390,P-606,0.0,0.0,0.0,0.0,0.0,0.0,0.0,,
word,402,TK-017,0.0,0.0,0.0,0.0,0.0,0.0,0.0,,
word,424,R-067,0.0,0.0,0.0,0.0,0.0,0.0,0.0,,
word,505,FM-098,0.0,0.0,0.0,0.0,0.0,0.0,0.0,,
word,566,P-210,0.0,0.0,0.0,0.0,0.0,0.0,0.0,,
word,597,F-019,0.0,0.0,0.0,0.0,0.0,0.0,0.0,,
word,629,CT-037,0.0,0.0,0.0,0.0,0.0,0.0,0.0,,
word,631,TK-183,0.0,0.0,0.0,0.0,0.0,0.0,0.0,,
word,652,P-284,0.0,0.0,0.0,0.0,0.0,0.0,0.0,,
word,678,M-112,0.0,0.0,0.0,0.0,0.0,0.0,0.0,,
word,714,FM-125,0.0,0.0,0.0,0.0,0.0,0.0,0.0,,
word,849,DOS-130,0.0,0.0,0.0,1.0,1.0,0.0,0.0625,,
word,865,TK-417,0.0,0.0,0.0,0.0,0.0,0.0,0.0,,
word,1007,AG-079,0.0,0.0,0.0,0.0,0.0,0.0,0.0,,
word,1030,EX-072,0.0,0.0,0.0,0.0,0.0,0.0,0.0,,
word,1040,P-358,0.0,0.0,0.0,0.0,0.0,0.0,0.0,,
word,1042,VP-009,0.0,0.0,0.0,0.0,1.0,0.0,0.020833333333333332,,
word,1070,FM-147,0.0,0.0,0.0,0.0,0.0,0.0,0.0,,
word,1117,P-233,0.0,0.0,0.0,0.0,0.0,0.0,0.0,,
word,1252,DOS-133,0.0,0.0,0.0,0.0,0.0,0.0,0.0,,
word,1263,SC-015,0.0,0.0,0.0,0.0,0.0,0.0,0.0,,
word,1313,SC-031,0.0,0.0,0.0,0.0,0.0,0.0,0.0,,
word,1397,CV-014,0.0,0.0,0.0,0.0,0.0,0.0,0.0,,
word,1434,P-628,0.0,0.0,0.0,0.0,0.0,0.0,0.0,,
word,1455,HX-081,0.0,0.0,0.0,0.0,0.0,0.0,0.0,,
word,1505,CT-073,0.0,0.0,0.0,0.0,0.0,0.0,0.0,,
word,1540,EV-121,0.0,0.0,0.0,0.0,1.0,0.0,0.02857142857142857,,
word,1555,R-064,0.0,0.0,0.0,0.0,0.0,0.0,0.0,,
word,1599,FCC-017,0.0,0.0,0.0,0.0,0.0,0.0,0.0,,
word,1611,EV-118,0.0,0.0,0.0,0.0,0.0,0.0,0.0,,
word,1725,CV-047,0.0,0.0,0.0,0.0,0.0,0.0,0.0,,
word,1746,FM-132,0.0,0.0,0.0,0.0,0.0,0.0,0.0,,
word,1939,HX-301,0.0,0.0,0.0,0.0,0.0,0.0,0.0,,
word,1967,GB-072,0.0,0.0,0.0,0.0,0.0,0.0,0.0,,
word,2005,K-019,0.0,0.0,0.0,0.0,1.0,0.0,0.025,,
word,2070,M-115,0.0,0.0,1.0,1.0,1.0,0.1111111111111111,0.1111111111111111,,
word,2103,DP-121,0.0,0.0,0.0,0.0,0.0,0.0,0.0,,
word,2134,SC-059,0.0,0.0,0.0,0.0,0.0,0.0,0.0,,
word,2184,P-167,0.0,0.0,0.0,0.0,0.0,0.0,0.0,,
word,2220,UF-121,0.0,0.0,0.0,0.0,0.0,0.0,0.0,,
word,2243,HX-195,0.0,0.0,0.0,0.0,0.0,0.0,0.0,,
word,2298,P-189,0.0,0.0,0.0,0.0,0.0,0.0,0.0,,
word,2377,CV-036,0.0,0.0,0.0,0.0,0.0,0.0,0.0,,
word,2379,GT-124,0.0,0.0,0.0,0.0,0.0,0.0,0.0,,
word,2408,DOS-038,0.0,0.0,0.0,0.0,0.0,0.0,0.0,,
word,2503,GT-039,0.0,0.0,0.0,0.0,0.0,0.0,0.0,,
word,2508,P-701,0.0,0.0,0.0,0.0,0.0,0.0,0.0,,
word,2514,K-061,0.0,0.0,0.0,1.0,1.0,0.0,0.07692307692307693,,
word,2537,F-145,0.0,0.0,0.0,0.0,0.0,0.0,0.0,,
word,2608,HX-287,0.0,0.0,0.0,0.0,0.0,0.0,0.0,,
word,2654,K-282,0.0,0.0,0.0,0.0,0.0,0.0,0.0,,
word,2668,SC-120,0.0,0.0,0.0,0.0,0.0,0.0,0.0,,
word,2730,DC-106,0.0,0.0,0.0,0.0,0.0,0.0,0.0,,
word,2733,GB-040,0.0,0.0,0.0,0.0,0.0,0.0,0.0,,
word,2764,P-398,0.0,0.0,0.0,0.0,0.0,0.0,0.0,,
word,2771,BLR-015,0.0,0.0,0.0,0.0,0.0,0.0,0.0,,
word,2877,P-417,0.0,0.0,0.0,0.0,0.0,0.0,0.0,,
word,2934,FCC-133,0.0,0.0,1.0,1.0,1.0,0.1,0.1,,
word,3023,GS-102,0.0,0.0,0.0,0.0,1.0,0.0,0.038461538461538464,,
word,3081,P-187,0.0,0.0,0.0,0.0,0.0,0.0,0.0,,
word,3099,TRB-119,0.0,0.0,0.0,0.0,0.0,0.0,0.0,,
word,3127,HV-060,0.0,0.0,0.0,0.0,0.0,0.0,0.0,,
word,3152,DOS-065,0.0,0.0,0.0,0.0,0.0,0.0,0.0,,
word,3156,P-338,0.0,0.0,0.0,0.0,0.0,0.0,0.0,,
word,3160,SD-091,0.0,0.0,0.0,0.0,0.0,0.0,0.0,,
word,3178,BLR-111,0.0,0.0,0.0,0.0,0.0,0.0,0.0,,
word,3203,TK-097,0.0,0.0,0.0,0.0,0.0,0.0,0.0,,
word,3211,HX-143,0.0,0.0,0.0,1.0,1.0,0.0,0.07692307692307693,,
word,3241,HX-307,0.0,0.0,0.0,0.0,0.0,0.0,0.0,,
word,3282,VP-058,0.0,0.0,0.0,0.0,0.0,0.0,0.0,,
word,3288,DOS-112,0.0,0.0,0.0,0.0,0.0,0.0,0.0,,
word,3289,SD-080,0.0,0.0,0.0,0.0,0.0,0.0,0.0,,
word,3300,SD-032,0.0,0.0,0.0,0.0,1.0,0.0,0.03225806451612903,,
word,3309,F-094,0.0,0.0,0.0,0.0,0.0,0.0,0.0,,
word,3324,P-269,0.0,0.0,0.0,0.0,0.0,0.0,0.0,,
word,3386,SD-047,0.0,0.0,0.0,0.0,0.0,0.0,0.0,,
word,3387,DOS-136,0.0,0.0,0.0,0.0,0.0,0.0,0.0,,
word,3467,M-078,0.0,1.0,1.0,1.0,1.0,0.25,0.25,,
word,3468,P-314,0.0,0.0,0.0,0.0,0.0,0.0,0.0,,
word,3469,M-019,0.0,0.0,0.0,0.0,0.0,0.0,0.0,,
word,3488,CV-053,0.0,0.0,0.0,0.0,0.0,0.0,0.0,,
word,3490,DP-197,0.0,0.0,0.0,0.0,0.0,0.0,0.0,,
word,3584,P-441,0.0,1.0,1.0,1.0,1.0,0.2,0.2,,
word,3601,R-034,0.0,0.0,0.0,0.0,0.0,0.0,0.0,,
word,3605,GS-120,0.0,0.0,0.0,0.0,0.0,0.0,0.0,,
word,3665,SD-098,0.0,0.0,0.0,0.0,1.0,0.0,0.022727272727272728,,
word,3672,HP-103,0.0,0.0,0.0,0.0,0.0,0.0,0.0,,
word,3686,GB-077,0.0,0.0,0.0,0.0,0.0,0.0,0.0,,
word,3792,GS-004,0.0,0.0,0.0,0.0,0.0,0.0,0.0,,
word,3836,TK-104,0.0,0.0,0.0,0.0,1.0,0.0,0.02702702702702703,,
word,3876,M-142,0.0,0.0,0.0,0.0,1.0,0.0,0.03571428571428571,,
word,3906,R-210,0.0,0.0,0.0,0.0,0.0,0.0,0.0,,
word,3995,DOS-060,0.0,0.0,0.0,0.0,0.0,0.0,0.0,,
word,4030,FM-118,0.0,0.0,0.0,0.0,0.0,0.0,0.0,,
word,4072,P-103,0.0,0.0,0.0,0.0,0.0,0.0,0.0,,
word,4112,K-142,0.0,0.0,0.0,1.0,1.0,0.0,0.06666666666666667,,
word,4145,TK-205,0.0,0.0,0.0,0.0,0.0,0.0,0.0,,
word,4152,HX-330,0.0,0.0,0.0,0.0,0.0,0.0,0.0,,
word,4155,GS-115,0.0,0.0,0.0,0.0,0.0,0.0,0.0,,
word,4161,DRY-115,0.0,0.0,0.0,0.0,0.0,0.0,0.0,,
word,4163,M-023,0.0,0.0,0.0,0.0,0.0,0.0,0.0,,
word,4184,P-184,0.0,0.0,0.0,0.0,0.0,0.0,0.0,,
word,4229,F-083,0.0,0.0,0.0,0.0,0.0,0.0,0.0,,
word,4230,GB-089,0.0,0.0,0.0,0.0,0.0,0.0,0.0,,
word,4232,HV-127,0.0,0.0,0.0,0.0,0.0,0.0,0.0,,
word,4239,M-111,0.0,0.0,0.0,0.0,0.0,0.0,0.0,,
word,4322,P-744,0.0,0.0,0.0,0.0,0.0,0.0,0.0,,
word,4398,R-219,0.0,0.0,0.0,0.0,0.0,0.0,0.0,,
word,4447,DOS-096,0.0,0.0,0.0,0.0,0.0,0.0,0.0,,
word,4471,HX-069,0.0,0.0,0.0,0.0,0.0,0.0,0.0,,
word,4573,AG-073,0.0,0.0,0.0,0.0,0.0,0.0,0.0,,
word,4574,CV-115,0.0,0.0,0.0,0.0,0.0,0.0,0.0,,
word,4618,K-220,0.0,0.0,0.0,0.0,0.0,0.0,0.0,,
word,4675,P-645,0.0,0.0,0.0,0.0,0.0,0.0,0.0,,
word,4722,BLR-145,0.0,0.0,0.0,0.0,0.0,0.0,0.0,,
word,4727,TK-069,0.0,0.0,0.0,0.0,0.0,0.0,0.0,,
word,4738,DP-089,0.0,0.0,0.0,0.0,0.0,0.0,0.0,,
word,4790,EX-015,0.0,0.0,0.0,0.0,0.0,0.0,0.0,,
word,4798,R-046,0.0,0.0,0.0,0.0,0.0,0.0,0.0,,
word,4804,P-149,0.0,0.0,0.0,0.0,0.0,0.0,0.0,,
word,4865,P-345,0.0,0.0,0.0,0.0,0.0,0.0,0.0,,
word,4900,P-182,0.0,0.0,0.0,0.0,0.0,0.0,0.0,,
word,4916,DRY-030,0.0,0.0,0.0,0.0,0.0,0.0,0.0,,
word,4919,HX-115,0.0,0.0,0.0,0.0,0.0,0.0,0.0,,
word,4955,DP-126,0.0,0.0,0.0,0.0,0.0,0.0,0.0,,
word,4971,R-204,0.0,0.0,0.0,0.0,1.0,0.0,0.038461538461538464,,
word,5050,EV-017,0.0,0.0,0.0,0.0,0.0,0.0,0.0,,
word,5076,K-048,0.0,0.0,0.0,0.0,0.0,0.0,0.0,,
word,5099,HV-010,0.0,0.0,0.0,0.0,0.0,0.0,0.0,,
word,5110,F-102,0.0,0.0,0.0,0.0,0.0,0.0,0.0,,
word,5123,P-111,0.0,0.0,0.0,0.0,0.0,0.0,0.0,,
word,5141,FM-019,0.0,0.0,1.0,1.0,1.0,0.1111111111111111,0.1111111111111111,,
word,5227,TK-014,0.0,0.0,0.0,0.0,0.0,0.0,0.0,,
word,5231,P-233,0.0,0.0,0.0,0.0,0.0,0.0,0.0,,
word,5237,K-130,0.0,0.0,0.0,0.0,0.0,0.0,0.0,,
word,5264,BM-099,0.0,0.0,0.0,0.0,1.0,0.0,0.03125,,
word,5341,P-597,0.0,0.0,0.0,0.0,0.0,0.0,0.0,,
word,5345,TK-050,0.0,0.0,0.0,0.0,0.0,0.0,0.0,,
word,5348,P-587,0.0,0.0,0.0,0.0,0.0,0.0,0.0,,
word,5375,P-329,0.0,0.0,0.0,0.0,0.0,0.0,0.0,,
word,5462,FCC-138,0.0,0.0,0.0,0.0,0.0,0.0,0.0,,
word,5484,DC-077,0.0,0.0,0.0,0.0,0.0,0.0,0.0,,
word,5493,P-116,0.0,0.0,0.0,0.0,0.0,0.0,0.0,,
word,5587,BM-099,0.0,0.0,0.0,0.0,0.0,0.0,0.0,,
word,5632,P-557,0.0,0.0,0.0,0.0,0.0,0.0,0.0,,
word,5634,M-122,0.0,0.0,0.0,0.0,0.0,0.0,0.0,,
word,5650,DC-031,0.0,0.0,0.0,0.0,0.0,0.0,0.0,,
word,5670,BM-020,0.0,0.0,0.0,0.0,0.0,0.0,0.0,,
word,5693,P-693,0.0,0.0,0.0,0.0,0.0,0.0,0.0,,
word,5723,SC-104,0.0,1.0,1.0,1.0,1.0,0.2,0.2,,
word,5733,K-025,0.0,0.0,0.0,0.0,0.0,0.0,0.0,,
word,5745,F-233,0.0,0.0,0.0,0.0,0.0,0.0,0.0,,
word,5795,DOS-078,0.0,0.0,0.0,0.0,0.0,0.0,0.0,,
word,5807,BM-176,0.0,0.0,0.0,0.0,0.0,0.0,0.0,,
word,5869,DOS-128,0.0,0.0,0.0,0.0,0.0,0.0,0.0,,
word,5891,M-048,0.0,0.0,0.0,0.0,0.0,0.0,0.0,,
word,5896,SD-060,0.0,0.0,0.0,0.0,1.0,0.0,0.024390243902439025,,
word,5910,P-128,0.0,0.0,0.0,1.0,1.0,0.0,0.058823529411764705,,
word,5926,F-047,0.0,0.0,0.0,0.0,0.0,0.0,0.0,,
word,5941,EV-108,0.0,0.0,0.0,0.0,0.0,0.0,0.0,,
word,5948,DRY-087,0.0,0.0,0.0,0.0,0.0,0.0,0.0,,
word,6081,HP-109,0.0,0.0,0.0,0.0,0.0,0.0,0.0,,
word,6094,CV-089,0.0,0.0,0.0,0.0,0.0,0.0,0.0,,
word,6102,P-220,0.0,0.0,0.0,0.0,0.0,0.0,0.0,,
word,6108,P-323,0.0,0.0,0.0,0.0,0.0,0.0,0.0,,
word,6150,M-068,0.0,0.0,0.0,0.0,0.0,0.0,0.0,,
word,6171,HP-079,0.0,0.0,0.0,0.0,0.0,0.0,0.0,,
word,6186,SC-047,0.0,0.0,0.0,0.0,0.0,0.0,0.0,,
word,6233,HX-142,0.0,0.0,0.0,0.0,1.0,0.0,0.045454545454545456,,
word,6238,P-151,0.0,0.0,0.0,0.0,0.0,0.0,0.0,,
word,6249,FM-142,0.0,0.0,0.0,0.0,0.0,0.0,0.0,,
word,6252,P-214,0.0,0.0,0.0,0.0,0.0,0.0,0.0,,
word,6299,P-215,0.0,0.0,0.0,0.0,0.0,0.0,0.0,,
word,6306,HX-084,0.0,0.0,0.0,0.0,0.0,0.0,0.0,,
word,6331,R-256,0.0,0.0,0.0,0.0,0.0,0.0,0.0,,
word,6399,R-121,0.0,0.0,0.0,0.0,0.0,0.0,0.0,,
word,6404,HX-035,0.0,0.0,0.0,0.0,0.0,0.0,0.0,,
word,6425,HP-105,0.0,0.0,0.0,0.0,1.0,0.0,0.02564102564102564,,
word,6448,CF-033,0.0,0.0,0.0,0.0,0.0,0.0,0.0,,
word,6451,CT-032,0.0,0.0,0.0,0.0,0.0,0.0,0.0,,
word,6454,K-118,0.0,0.0,0.0,0.0,0.0,0.0,0.0,,
word,6466,BM-013,0.0,0.0,0.0,0.0,1.0,0.0,0.02,,
word,6484,P-232,0.0,0.0,0.0,0.0,0.0,0.0,0.0,,
word,6489,HX-371,0.0,0.0,0.0,0.0,0.0,0.0,0.0,,
word,6491,CT-074,0.0,0.0,0.0,0.0,0.0,0.0,0.0,,
word,6541,P-648,0.0,0.0,0.0,0.0,0.0,0.0,0.0,,
word,6556,SEP-023,0.0,0.0,0.0,0.0,0.0,0.0,0.0,,
word,6568,P-522,0.0,0.0,0.0,0.0,0.0,0.0,0.0,,
word,6608,P-540,0.0,0.0,0.0,0.0,0.0,0.0,0.0,,
word,6757,UF-108,0.0,0.0,0.0,1.0,1.0,0.0,0.05,,
word,6801,P-268,0.0,0.0,0.0,0.0,0.0,0.0,0.0,,
word,6812,GT-129,0.0,0.0,0.0,1.0,1.0,0.0,0.08333333333333333,,
word,6909,P-309,0.0,0.0,0.0,0.0,0.0,0.0,0.0,,
word,6946,EV-179,0.0,0.0,0.0,0.0,0.0,0.0,0.0,,
word,6956,P-671,0.0,0.0,0.0,0.0,0.0,0.0,0.0,,
word,6973,P-655,0.0,0.0,0.0,0.0,0.0,0.0,0.0,,
word,7065,P-392,0.0,0.0,0.0,0.0,0.0,0.0,0.0,,
word,7074,M-127,0.0,0.0,0.0,0.0,0.0,0.0,0.0,,
word,7080,CV-106,0.0,0.0,0.0,0.0,0.0,0.0,0.0,,
word,7085,EX-087,0.0,0.0,0.0,0.0,0.0,0.0,0.0,,
word,7170,DOS-049,0.0,0.0,1.0,1.0,1.0,0.1,0.1,,
word,7209,GB-117,0.0,0.0,1.0,1.0,1.0,0.14285714285714285,0.14285714285714285,,
word,7236,K-140,0.0,0.0,0.0,0.0,0.0,0.0,0.0,,
word,7247,TK-137,0.0,0.0,0.0,0.0,0.0,0.0,0.0,,
word,7287,M-074,0.0,0.0,0.0,0.0,0.0,0.0,0.0,,
word,7338,CT-037,0.0,0.0,0.0,0.0,0.0,0.0,0.0,,
word,7355,TK-024,0.0,0.0,0.0,0.0,0.0,0.0,0.0,,
word,7371,HX-297,0.0,0.0,0.0,0.0,0.0,0.0,0.0,,
word,7394,F-120,0.0,0.0,0.0,0.0,0.0,0.0,0.0,,
word,7490,TK-043,0.0,0.0,0.0,0.0,0.0,0.0,0.0,,
word,7517,M-125,0.0,0.0,0.0,0.0,0.0,0.0,0.0,,
word,7524,M-029,0.0,0.0,0.0,0.0,0.0,0.0,0.0,,
word,7526,UF-105,0.0,0.0,0.0,0.0,1.0,0.0,0.022222222222222223,,
word,7599,TK-081,0.0,0.0,0.0,0.0,0.0,0.0,0.0,,
word,7608,K-207,0.0,0.0,0.0,0.0,1.0,0.0,0.022727272727272728,,
word,7611,P-234,0.0,0.0,0.0,0.0,0.0,0.0,0.0,,
word,7743,M-118,0.0,0.0,0.0,0.0,0.0,0.0,0.0,,
word,7780,F-032,0.0,0.0,0.0,0.0,0.0,0.0,0.0,,
word,7790,P-196,0.0,0.0,0.0,0.0,0.0,0.0,0.0,,
word,7827,BLR-101,0.0,0.0,0.0,0.0,0.0,0.0,0.0,,
word,7836,P-230,0.0,0.0,0.0,0.0,1.0,0.0,0.02564102564102564,,
word,7839,TK-117,0.0,0.0,0.0,0.0,0.0,0.0,0.0,,
word,7888,P-165,0.0,0.0,0.0,0.0,0.0,0.0,0.0,,
word,7893,P-568,0.0,0.0,0.0,0.0,0.0,0.0,0.0,,
word,7912,K-095,0.0,0.0,0.0,0.0,0.0,0.0,0.0,,
word,7916,CF-025,0.0,0.0,0.0,0.0,0.0,0.0,0.0,,
word,7948,P-170,0.0,0.0,0.0,0.0,1.0,0.0,0.020833333333333332,,
word,7958,RLP-004,0.0,0.0,0.0,0.0,0.0,0.0,0.0,,
word,8028,HP-127,0.0,0.0,0.0,0.0,0.0,0.0,0.0,,
word,8042,P-428,0.0,0.0,0.0,0.0,1.0,0.0,0.029411764705882353,,
word,8078,R-127,0.0,0.0,0.0,0.0,0.0,0.0,0.0,,
word,8100,DP-095,0.0,0.0,0.0,0.0,1.0,0.0,0.02564102564102564,,
word,8113,P-330,0.0,0.0,0.0,0.0,0.0,0.0,0.0,,
word,8117,TRB-058,0.0,0.0,0.0,0.0,0.0,0.0,0.0,,
word,8158,TK-157,0.0,0.0,0.0,0.0,0.0,0.0,0.0,,
word,8163,HX-311,0.0,0.0,0.0,0.0,0.0,0.0,0.0,,
word,8275,P-169,0.0,0.0,0.0,0.0,0.0,0.0,0.0,,
word,8288,HX-014,0.0,0.0,0.0,0.0,0.0,0.0,0.0,,
word,8314,DOS-090,0.0,0.0,0.0,0.0,0.0,0.0,0.0,,
word,8340,P-157,0.0,0.0,0.0,0.0,0.0,0.0,0.0,,
word,8343,HX-324,0.0,0.0,0.0,0.0,0.0,0.0,0.0,,
word,8403,K-212,0.0,0.0,0.0,0.0,0.0,0.0,0.0,,
word,8407,DOS-056,0.0,0.0,0.0,0.0,0.0,0.0,0.0,,
word,8419,UF-029,0.0,0.0,0.0,0.0,0.0,0.0,0.0,,
word,8446,DOS-064,0.0,0.0,0.0,0.0,0.0,0.0,0.0,,
word,8485,R-028,0.0,0.0,0.0,0.0,0.0,0.0,0.0,,
word,8496,F-100,0.0,0.0,0.0,0.0,1.0,0.0,0.02631578947368421,,
word,8497,R-015,0.0,0.0,0.0,0.0,0.0,0.0,0.0,,
word,8508,K-200,0.0,0.0,0.0,0.0,0.0,0.0,0.0,,
word,8515,CV-100,0.0,0.0,0.0,0.0,0.0,0.0,0.0,,
word,8527,EV-116,0.0,0.0,0.0,0.0,0.0,0.0,0.0,,
word,8528,F-074,0.0,0.0,0.0,0.0,0.0,0.0,0.0,,
word,8533,HP-143,0.0,0.0,0.0,0.0,0.0,0.0,0.0,,
word,8704,M-108,0.0,0.0,0.0,0.0,0.0,0.0,0.0,,
word,8832,GB-145,0.0,0.0,0.0,0.0,0.0,0.0,0.0,,
word,8875,P-345,0.0,1.0,1.0,1.0,1.0,0.2,0.2,,
word,8929,K-145,1.0,1.0,1.0,1.0,1.0,1.0,1.0,,
word,8990,EV-035,0.0,0.0,0.0,0.0,0.0,0.0,0.0,,
word,9022,HV-125,0.0,0.0,0.0,0.0,0.0,0.0,0.0,,
word,9038,DP-131,0.0,0.0,0.0,0.0,0.0,0.0,0.0,,
word,9084,EX-036,0.0,0.0,0.0,0.0,0.0,0.0,0.0,,
word,9102,P-317,0.0,0.0,0.0,0.0,0.0,0.0,0.0,,
word,9106,M-096,0.0,0.0,0.0,0.0,1.0,0.0,0.03225806451612903,,
word,9109,R-074,0.0,0.0,0.0,0.0,0.0,0.0,0.0,,
word,9146,P-546,0.0,0.0,0.0,0.0,0.0,0.0,0.0,,
word,9169,M-018,0.0,0.0,0.0,0.0,0.0,0.0,0.0,,
word,9228,DRY-072,0.0,0.0,0.0,0.0,0.0,0.0,0.0,,
word,9235,CF-016,0.0,0.0,0.0,0.0,0.0,0.0,0.0,,
word,9275,CR-140,0.0,0.0,0.0,0.0,0.0,0.0,0.0,,
word,9291,FCC-022,0.0,0.0,0.0,0.0,0.0,0.0,0.0,,
word,9298,TK-033,0.0,0.0,0.0,0.0,0.0,0.0,0.0,,
word,9326,HX-317,0.0,0.0,0.0,0.0,0.0,0.0,0.0,,
word,9328,P-241,0.0,0.0,0.0,0.0,0.0,0.0,0.0,,
word,9405,HP-036,0.0,0.0,0.0,0.0,0.0,0.0,0.0,,
word,9434,DC-123,0.0,0.0,0.0,0.0,0.0,0.0,0.0,,
word,9466,P-193,0.0,0.0,1.0,1.0,1.0,0.1,0.1,,
word,9467,RLP-131,0.0,1.0,1.0,1.0,1.0,0.3333333333333333,0.3333333333333333,,
word,9531,DC-044,0.0,0.0,0.0,0.0,0.0,0.0,0.0,,
word,9597,DC-100,0.0,0.0,0.0,0.0,0.0,0.0,0.0,,
word,9605,GB-016,0.0,0.0,0.0,0.0,0.0,0.0,0.0,,
word,9607,DC-130,0.0,0.0,0.0,0.0,0.0,0.0,0.0,,
word,9641,F-114,0.0,0.0,0.0,0.0,0.0,0.0,0.0,,
word,9654,BLR-106,0.0,0.0,0.0,0.0,0.0,0.0,0.0,,
word,9662,P-203,0.0,0.0,0.0,0.0,0.0,0.0,0.0,,
word,9664,F-012,0.0,0.0,0.0,0.0,0.0,0.0,0.0,,
word,9669,K-114,0.0,0.0,0.0,0.0,0.0,0.0,0.0,,
word,9681,BLR-220,0.0,0.0,0.0,0.0,0.0,0.0,0.0,,
word,9729,TK-214,0.0,0.0,0.0,0.0,0.0,0.0,0.0,,
word,9813,FCC-090,0.0,0.0,0.0,0.0,0.0,0.0,0.0,,
word,9845,DOS-067,0.0,0.0,0.0,0.0,0.0,0.0,0.0,,
word,9885,M-084,0.0,0.0,0.0,0.0,0.0,0.0,0.0,,
word,9980,P-241,0.0,0.0,0.0,0.0,0.0,0.0,0.0,,
word,9984,DRY-102,0.0,0.0,0.0,0.0,0.0,0.0,0.0,,
word,10022,P-257,0.0,0.0,0.0,0.0,0.0,0.0,0.0,,
word,10030,K-201,0.0,0.0,0.0,0.0,0.0,0.0,0.0,,
word,10060,TRB-066,0.0,0.0,0.0,0.0,0.0,0.0,0.0,,
word,10097,GB-146,0.0,0.0,0.0,0.0,0.0,0.0,0.0,,
word,10125,DC-133,0.0,0.0,0.0,0.0,0.0,0.0,0.0,,
word,10150,HV-059,0.0,0.0,0.0,0.0,0.0,0.0,0.0,,
word,10153,GB-199,0.0,0.0,0.0,0.0,0.0,0.0,0.0,,
word,10196,P-535,0.0,0.0,0.0,0.0,0.0,0.0,0.0,,
word,10241,P-246,0.0,0.0,0.0,0.0,0.0,0.0,0.0,,
word,10282,P-243,0.0,0.0,0.0,0.0,0.0,0.0,0.0,,
word,10345,R-083,0.0,0.0,0.0,0.0,0.0,0.0,0.0,,
word,10362,P-111,0.0,0.0,0.0,0.0,0.0,0.0,0.0,,
word,10384,HX-097,0.0,0.0,0.0,0.0,0.0,0.0,0.0,,
word,10401,AG-023,0.0,0.0,0.0,0.0,0.0,0.0,0.0,,
word,10438,M-014,0.0,0.0,0.0,1.0,1.0,0.0,0.05263157894736842,,
word,10456,BLR-132,1.0,1.0,1.0,1.0,1.0,1.0,1.0,,
word,10479,P-265,0.0,0.0,0.0,0.0,0.0,0.0,0.0,,
word,10532,CF-093,0.0,0.0,1.0,1.0,1.0,0.125,0.125,,
word,10550,TK-049,0.0,0.0,0.0,0.0,0.0,0.0,0.0,,
word,10573,HX-049,0.0,0.0,0.0,0.0,0.0,0.0,0.0,,
word,10683,AG-119,0.0,0.0,0.0,0.0,0.0,0.0,0.0,,
word,10736,GB-009,0.0,0.0,0.0,0.0,0.0,0.0,0.0,,
word,10744,DP-046,0.0,0.0,0.0,0.0,0.0,0.0,0.0,,
word,10778,FCC-015,0.0,0.0,0.0,0.0,0.0,0.0,0.0,,
word,10819,BLR-034,0.0,0.0,0.0,0.0,0.0,0.0,0.0,,
word,10849,DP-116,0.0,0.0,0.0,0.0,0.0,0.0,0.0,,
word,10851,DC-106,0.0,0.0,0.0,0.0,0.0,0.0,0.0,,
word,10874,FCC-013,0.0,0.0,0.0,0.0,0.0,0.0,0.0,,
word,11069,SEP-143,0.0,0.0,0.0,1.0,1.0,0.0,0.06666666666666667,,
word,11089,TK-119,0.0,0.0,0.0,0.0,0.0,0.0,0.0,,
word,11223,DC-105,0.0,0.0,1.0,1.0,1.0,0.14285714285714285,0.14285714285714285,,
word,11265,K-040,0.0,0.0,0.0,0.0,0.0,0.0,0.0,,
word,11280,P-218,0.0,0.0,0.0,0.0,0.0,0.0,0.0,,
word,11292,HX-110,0.0,0.0,0.0,0.0,1.0,0.0,0.03333333333333333,,
word,11327,TK-135,0.0,0.0,0.0,0.0,0.0,0.0,0.0,,
word,11360,DP-124,0.0,0.0,0.0,0.0,1.0,0.0,0.041666666666666664,,
word,11395,HX-017,0.0,0.0,0.0,0.0,0.0,0.0,0.0,,
word,11402,BLR-100,0.0,0.0,0.0,0.0,0.0,0.0,0.0,,
word,11457,P-134,0.0,0.0,0.0,0.0,0.0,0.0,0.0,,
word,11494,CR-021,0.0,0.0,0.0,0.0,1.0,0.0,0.03125,,
word,11507,HP-123,0.0,0.0,0.0,0.0,0.0,0.0,0.0,,
word,11515,M-120,0.0,0.0,0.0,1.0,1.0,0.0,0.06666666666666667,,
word,11554,BM-006,0.0,0.0,0.0,0.0,0.0,0.0,0.0,,
word,11559,P-494,0.0,0.0,0.0,0.0,0.0,0.0,0.0,,
word,11592,GT-108,0.0,0.0,1.0,1.0,1.0,0.1111111111111111,0.1111111111111111,,
word,11631,P-200,0.0,0.0,0.0,0.0,0.0,0.0,0.0,,
word,11632,TRB-049,0.0,0.0,0.0,0.0,0.0,0.0,0.0,,
word,11670,P-108,0.0,0.0,0.0,0.0,1.0,0.0,0.02127659574468085,,
word,11763,P-521,0.0,0.0,0.0,0.0,0.0,0.0,0.0,,
word,11779,BM-030,0.0,0.0,0.0,0.0,0.0,0.0,0.0,,
word,11794,TK-214,0.0,0.0,0.0,0.0,0.0,0.0,0.0,,
word,11825,DP-116,0.0,0.0,0.0,0.0,1.0,0.0,0.02857142857142857,,
word,11839,HV-110,0.0,0.0,0.0,0.0,0.0,0.0,0.0,,
word,11850,P-172,0.0,0.0,0.0,0.0,0.0,0.0,0.0,,
word,11913,P-294,0.0,0.0,0.0,0.0,0.0,0.0,0.0,,
word,11921,TK-138,0.0,0.0,0.0,0.0,0.0,0.0,0.0,,
word,11929,M-017,0.0,0.0,0.0,0.0,0.0,0.0,0.0,,
word,11948,CV-039,0.0,0.0,0.0,0.0,0.0,0.0,0.0,,
word,11973,HX-123,0.0,0.0,0.0,0.0,1.0,0.0,0.03571428571428571,,
word,12107,CV-091,0.0,0.0,0.0,0.0,1.0,0.0,0.041666666666666664,,
word,12123,M-062,0.0,0.0,0.0,0.0,0.0,0.0,0.0,,
word,12141,CV-039,0.0,0.0,0.0,0.0,0.0,0.0,0.0,,
word,12144,M-135,0.0,0.0,0.0,0.0,0.0,0.0,0.0,,
word,12147,CV-068,0.0,0.0,0.0,0.0,0.0,0.0,0.0,,
word,12240,P-440,0.0,0.0,0.0,0.0,0.0,0.0,0.0,,
word,12248,K-094,0.0,0.0,0.0,0.0,0.0,0.0,0.0,,
word,12311,P-423,0.0,0.0,0.0,0.0,0.0,0.0,0.0,,
word,12337,HX-091,0.0,0.0,1.0,1.0,1.0,0.1,0.1,,
word,12375,CT-006,0.0,0.0,0.0,0.0,0.0,0.0,0.0,,
word,12561,K-040,0.0,0.0,0.0,0.0,0.0,0.0,0.0,,
word,12582,AG-128,0.0,1.0,1.0,1.0,1.0,0.5,0.5,,
word,12583,DP-070,0.0,0.0,0.0,0.0,0.0,0.0,0.0,,
word,12592,TK-301,0.0,0.0,0.0,0.0,0.0,0.0,0.0,,
word,12609,DOS-082,0.0,0.0,0.0,0.0,1.0,0.0,0.03125,,
word,12617,AG-045,0.0,0.0,0.0,0.0,0.0,0.0,0.0,,
word,12641,CF-119,0.0,0.0,0.0,0.0,0.0,0.0,0.0,,
word,12652,P-338,0.0,0.0,0.0,0.0,0.0,0.0,0.0,,
word,12700,TK-029,0.0,0.0,0.0,0.0,0.0,0.0,0.0,,
word,12730,K-030,0.0,0.0,0.0,0.0,0.0,0.0,0.0,,
word,12731,TK-035,0.0,0.0,0.0,0.0,0.0,0.0,0.0,,
word,12784,SC-073,0.0,0.0,0.0,0.0,0.0,0.0,0.0,,
word,12790,K-233,0.0,0.0,0.0,0.0,0.0,0.0,0.0,,
word,12854,TK-024,0.0,0.0,0.0,0.0,0.0,0.0,0.0,,
word,12881,M-131,0.0,0.0,0.0,0.0,0.0,0.0,0.0,,
word,12902,BM-063,0.0,0.0,0.0,0.0,0.0,0.0,0.0,,
word,12927,P-388,0.0,0.0,0.0,0.0,0.0,0.0,0.0,,
word,12948,P-407,0.0,0.0,0.0,0.0,0.0,0.0,0.0,,
word,12956,P-197,0.0,0.0,0.0,0.0,0.0,0.0,0.0,,
word,13096,TK-107,0.0,0.0,0.0,0.0,0.0,0.0,0.0,,
word,13139,R-051,0.0,0.0,0.0,0.0,0.0,0.0,0.0,,
word,13152,P-316,0.0,0.0,0.0,0.0,0.0,0.0,0.0,,
word,13210,TRB-079,0.0,0.0,0.0,0.0,0.0,0.0,0.0,,
word,13213,R-059,0.0,0.0,0.0,0.0,0.0,0.0,0.0,,
word,13239,HV-239,0.0,0.0,0.0,0.0,0.0,0.0,0.0,,
word,13271,P-217,0.0,0.0,0.0,0.0,0.0,0.0,0.0,,
word,13278,M-009,0.0,0.0,0.0,0.0,0.0,0.0,0.0,,
word,13345,P-223,0.0,0.0,0.0,0.0,0.0,0.0,0.0,,
word,13360,AG-101,0.0,0.0,0.0,0.0,0.0,0.0,0.0,,
word,13389,TK-338,0.0,0.0,0.0,0.0,0.0,0.0,0.0,,
word,13421,CV-086,0.0,0.0,0.0,0.0,0.0,0.0,0.0,,
word,13428,TK-075,0.0,0.0,0.0,0.0,0.0,0.0,0.0,,
word,13434,GS-081,0.0,0.0,0.0,1.0,1.0,0.0,0.06666666666666667,,
word,13527,M-133,0.0,0.0,0.0,0.0,0.0,0.0,0.0,,
word,13560,SEP-101,0.0,0.0,0.0,0.0,0.0,0.0,0.0,,
word,13561,TK-041,0.0,0.0,0.0,0.0,0.0,0.0,0.0,,
word,13577,HV-140,0.0,0.0,0.0,0.0,0.0,0.0,0.0,,
word,13578,EV-142,0.0,0.0,0.0,0.0,0.0,0.0,0.0,,
word,13608,P-569,0.0,0.0,0.0,0.0,0.0,0.0,0.0,,
word,13647,GT-025,0.0,0.0,0.0,0.0,0.0,0.0,0.0,,
word,13705,M-146,0.0,1.0,1.0,1.0,1.0,0.25,0.25,,
word,13717,M-015,0.0,0.0,0.0,0.0,0.0,0.0,0.0,,
word,13718,GS-026,1.0,1.0,1.0,1.0,1.0,1.0,1.0,,
word,13727,HV-218,0.0,0.0,0.0,0.0,0.0,0.0,0.0,,
word,13739,CV-042,0.0,0.0,0.0,0.0,0.0,0.0,0.0,,
word,13756,K-238,0.0,0.0,0.0,0.0,0.0,0.0,0.0,,
word,13757,R-078,0.0,0.0,0.0,0.0,0.0,0.0,0.0,,
word,13794,FCC-046,0.0,0.0,0.0,0.0,0.0,0.0,0.0,,
word,13798,CT-066,0.0,0.0,0.0,0.0,0.0,0.0,0.0,,
word,13824,P-233,0.0,0.0,0.0,0.0,0.0,0.0,0.0,,
word,13833,EV-109,0.0,0.0,0.0,0.0,0.0,0.0,0.0,,
word,13843,FM-125,0.0,0.0,0.0,0.0,0.0,0.0,0.0,,
word,14009,GB-082,0.0,0.0,0.0,0.0,0.0,0.0,0.0,,
word,14068,GS-031,0.0,0.0,0.0,0.0,0.0,0.0,0.0,,
word,14169,P-156,0.0,0.0,0.0,0.0,0.0,0.0,0.0,,
word,14225,EX-067,0.0,0.0,0.0,0.0,0.0,0.0,0.0,,
word,14233,P-423,0.0,0.0,0.0,0.0,0.0,0.0,0.0,,
word,14259,DOS-072,0.0,0.0,0.0,0.0,0.0,0.0,0.0,,
word,14266,HX-086,0.0,0.0,0.0,0.0,0.0,0.0,0.0,,
word,14273,FM-010,0.0,0.0,0.0,0.0,0.0,0.0,0.0,,
word,14278,DOS-145,0.0,0.0,0.0,0.0,0.0,0.0,0.0,,
word,14297,EV-118,0.0,0.0,0.0,0.0,0.0,0.0,0.0,,
word,14318,DC-126,0.0,0.0,0.0,0.0,0.0,0.0,0.0,,
word,14332,TK-146,0.0,0.0,0.0,0.0,0.0,0.0,0.0,,
word,14341,P-325,0.0,0.0,0.0,0.0,0.0,0.0,0.0,,
word,14344,DRY-124,0.0,0.0,0.0,0.0,0.0,0.0,0.0,,
word,14366,CT-103,0.0,0.0,0.0,0.0,0.0,0.0,0.0,,
word,14425,P-343,0.0,0.0,0.0,0.0,0.0,0.0,0.0,,
word,14461,M-066,0.0,0.0,0.0,0.0,0.0,0.0,0.0,,
word,14462,GB-014,0.0,0.0,0.0,0.0,1.0,0.0,0.043478260869565216,,
word,14485,CV-049,0.0,0.0,0.0,0.0,0.0,0.0,0.0,,
word,14576,SD-085,0.0,0.0,0.0,0.0,0.0,0.0,0.0,,
word,14722,EV-005,0.0,0.0,0.0,0.0,0.0,0.0,0.0,,
word,14760,GT-025,0.0,0.0,0.0,0.0,0.0,0.0,0.0,,
word,14802,P-194,0.0,0.0,0.0,0.0,0.0,0.0,0.0,,
word,14840,GB-042,0.0,0.0,0.0,0.0,0.0,0.0,0.0,,
word,14869,HP-107,0.0,0.0,0.0,0.0,0.0,0.0,0.0,,
word,14871,GT-116,0.0,0.0,0.0,0.0,0.0,0.0,0.0,,
word,14878,RLP-049,0.0,0.0,0.0,0.0,1.0,0.0,0.022727272727272728,,
word,14893,HX-336,0.0,0.0,0.0,0.0,0.0,0.0,0.0,,
word,14920,CT-036,0.0,0.0,0.0,0.0,0.0,0.0,0.0,,
word,14951,R-112,0.0,0.0,0.0,0.0,0.0,0.0,0.0,,
word,15071,P-174,0.0,0.0,0.0,0.0,0.0,0.0,0.0,,
word,15119,DP-131,0.0,0.0,0.0,0.0,0.0,0.0,0.0,,
word,15130,SC-006,0.0,0.0,0.0,0.0,0.0,0.0,0.0,,
word,15137,UF-119,0.0,0.0,0.0,0.0,0.0,0.0,0.0,,
word,15151,TK-217,0.0,0.0,0.0,0.0,0.0,0.0,0.0,,
word,15154,HV-047,0.0,0.0,0.0,0.0,0.0,0.0,0.0,,
word,15236,TK-209,0.0,0.0,0.0,0.0,0.0,0.0,0.0,,
word,15248,P-270,0.0,0.0,0.0,0.0,0.0,0.0,0.0,,
word,15273,F-066,0.0,0.0,0.0,0.0,0.0,0.0,0.0,,
word,15296,M-121,0.0,0.0,0.0,1.0,1.0,0.0,0.07142857142857142,,
word,15332,EX-112,0.0,0.0,0.0,0.0,0.0,0.0,0.0,,
word,15349,DC-005,0.0,0.0,0.0,0.0,0.0,0.0,0.0,,
word,15407,CV-126,0.0,0.0,0.0,1.0,1.0,0.0,0.07142857142857142,,
word,15424,EX-107,0.0,0.0,0.0,0.0,0.0,0.0,0.0,,
word,15520,P-309,0.0,0.0,0.0,0.0,0.0,0.0,0.0,,
word,15541,SEP-092,0.0,0.0,0.0,0.0,0.0,0.0,0.0,,
word,15556,P-237,0.0,0.0,0.0,0.0,0.0,0.0,0.0,,
word,15561,BLR-136,0.0,0.0,0.0,0.0,1.0,0.0,0.024390243902439025,,
word,15570,CV-020,0.0,0.0,0.0,0.0,0.0,0.0,0.0,,
word,15578,UF-122,0.0,0.0,1.0,1.0,1.0,0.1111111111111111,0.1111111111111111,,
word,15597,EX-020,0.0,0.0,0.0,0.0,0.0,0.0,0.0,,
word,15602,P-633,0.0,0.0,0.0,0.0,0.0,0.0,0.0,,
word,15630,HX-035,0.0,0.0,0.0,0.0,0.0,0.0,0.0,,
word,15649,P-210,0.0,0.0,0.0,0.0,0.0,0.0,0.0,,
word,15661,K-058,0.0,0.0,0.0,0.0,0.0,0.0,0.0,,
word,15691,F-091,0.0,0.0,0.0,0.0,0.0,0.0,0.0,,
word,15714,TK-220,0.0,0.0,0.0,0.0,0.0,0.0,0.0,,
word,15767,K-016,0.0,0.0,0.0,0.0,0.0,0.0,0.0,,
word,15770,M-061,0.0,0.0,0.0,0.0,0.0,0.0,0.0,,
word,15779,P-443,0.0,0.0,0.0,0.0,0.0,0.0,0.0,,
word,15790,M-015,0.0,0.0,0.0,0.0,0.0,0.0,0.0,,
word,15839,M-109,0.0,0.0,0.0,0.0,0.0,0.0,0.0,,
word,15899,M-092,0.0,0.0,0.0,0.0,0.0,0.0,0.0,,
word,15930,P-449,0.0,0.0,0.0,0.0,0.0,0.0,0.0,,
word,15989,P-198,0.0,0.0,0.0,0.0,0.0,0.0,0.0,,
word,16011,TRB-069,0.0,0.0,0.0,0.0,1.0,0.0,0.027777777777777776,,
word,16063,UF-055,0.0,0.0,0.0,0.0,0.0,0.0,0.0,,
word,16066,VP-128,0.0,0.0,1.0,1.0,1.0,0.16666666666666666,0.16666666666666666,,
word,16099,M-013,0.0,0.0,0.0,0.0,0.0,0.0,0.0,,
word,16177,K-189,0.0,0.0,0.0,0.0,0.0,0.0,0.0,,
word,16185,RLP-015,0.0,0.0,0.0,0.0,0.0,0.0,0.0,,
word,16212,AG-109,0.0,0.0,0.0,0.0,0.0,0.0,0.0,,
word,16218,K-193,0.0,0.0,0.0,0.0,0.0,0.0,0.0,,
word,16223,DOS-143,0.0,0.0,0.0,0.0,1.0,0.0,0.045454545454545456,,
word,16284,VP-013,0.0,0.0,0.0,0.0,0.0,0.0,0.0,,
word,16307,HP-145,0.0,0.0,0.0,0.0,0.0,0.0,0.0,,
word,16350,HX-228,0.0,0.0,1.0,1.0,1.0,0.125,0.125,,
word,16426,BLR-075,0.0,0.0,0.0,0.0,1.0,0.0,0.022727272727272728,,
word,16442,P-421,0.0,0.0,0.0,0.0,0.0,0.0,0.0,,
word,16448,M-055,0.0,0.0,0.0,0.0,0.0,0.0,0.0,,
word,16520,P-660,0.0,0.0,0.0,0.0,0.0,0.0,0.0,,
word,16524,M-148,0.0,0.0,0.0,0.0,0.0,0.0,0.0,,
word,16585,RLP-036,0.0,0.0,0.0,0.0,0.0,0.0,0.0,,
word,16608,K-115,0.0,0.0,0.0,0.0,0.0,0.0,0.0,,
word,16609,DRY-051,0.0,0.0,0.0,0.0,0.0,0.0,0.0,,
word,16668,K-205,0.0,0.0,0.0,0.0,0.0,0.0,0.0,,
word,16711,F-007,0.0,0.0,1.0,1.0,1.0,0.1111111111111111,0.1111111111111111,,
word,16715,RLP-140,0.0,0.0,0.0,0.0,0.0,0.0,0.0,,
word,16758,CV-201,0.0,0.0,0.0,0.0,0.0,0.0,0.0,,
word,16811,EV-095,0.0,0.0,0.0,0.0,0.0,0.0,0.0,,
word,16822,P-123,0.0,0.0,0.0,0.0,0.0,0.0,0.0,,
word,16850,RLP-132,0.0,0.0,0.0,0.0,0.0,0.0,0.0,,
word,16969,TK-056,0.0,0.0,0.0,0.0,0.0,0.0,0.0,,
word,16991,R-121,0.0,0.0,0.0,0.0,0.0,0.0,0.0,,
word,17017,BLR-144,0.0,0.0,0.0,0.0,0.0,0.0,0.0,,
word,17036,P-243,0.0,0.0,0.0,0.0,0.0,0.0,0.0,,
word,17044,P-361,0.0,0.0,0.0,0.0,0.0,0.0,0.0,,
word,17062,P-210,0.0,0.0,0.0,0.0,0.0,0.0,0.0,,
word,17110,P-353,0.0,0.0,0.0,0.0,0.0,0.0,0.0,,
word,17121,R-127,0.0,0.0,0.0,0.0,0.0,0.0,0.0,,
word,17139,K-083,0.0,0.0,0.0,0.0,0.0,0.0,0.0,,
word,17151,P-116,0.0,0.0,0.0,0.0,0.0,0.0,0.0,,
word,17170,M-107,0.0,0.0,0.0,0.0,0.0,0.0,0.0,,
word,17204,FM-035,0.0,0.0,0.0,0.0,0.0,0.0,0.0,,
word,17244,P-132,0.0,0.0,0.0,0.0,0.0,0.0,0.0,,
word,17266,RLP-026,0.0,0.0,0.0,0.0,0.0,0.0,0.0,,
word,17281,VP-102,0.0,0.0,0.0,0.0,0.0,0.0,0.0,,
word,17294,K-145,0.0,0.0,1.0,1.0,1.0,0.125,0.125,,
word,17328,DC-047,0.0,0.0,0.0,0.0,0.0,0.0,0.0,,
word,17387,FM-112,0.0,0.0,0.0,0.0,0.0,0.0,0.0,,
word,17391,TRB-068,0.0,0.0,0.0,0.0,0.0,0.0,0.0,,
word,17450,F-137,0.0,0.0,0.0,0.0,0.0,0.0,0.0,,
word,17500,P-340,0.0,0.0,0.0,0.0,0.0,0.0,0.0,,
word,17522,RLP-041,0.0,0.0,0.0,0.0,0.0,0.0,0.0,,
word,17614,SEP-060,0.0,0.0,0.0,0.0,0.0,0.0,0.0,,
word,17617,FCC-064,0.0,0.0,0.0,0.0,0.0,0.0,0.0,,
word,17633,M-112,0.0,0.0,0.0,0.0,0.0,0.0,0.0,,
word,17640,R-151,0.0,0.0,0.0,0.0,0.0,0.0,0.0,,
word,17740,AG-141,0.0,0.0,0.0,1.0,1.0,0.0,0.08333333333333333,,
word,17852,P-587,0.0,0.0,0.0,0.0,0.0,0.0,0.0,,
word,17866,GS-111,0.0,0.0,0.0,0.0,1.0,0.0,0.03333333333333333,,
word,17869,P-116,0.0,0.0,0.0,0.0,0.0,0.0,0.0,,
word,18072,AG-005,0.0,0.0,0.0,0.0,0.0,0.0,0.0,,
word,18103,P-327,0.0,0.0,0.0,0.0,0.0,0.0,0.0,,
word,18149,TK-080,0.0,0.0,1.0,1.0,1.0,0.14285714285714285,0.14285714285714285,,
word,18157,K-107,0.0,0.0,0.0,0.0,0.0,0.0,0.0,,
word,18185,P-345,0.0,0.0,0.0,0.0,0.0,0.0,0.0,,
word,18189,M-056,0.0,0.0,0.0,0.0,0.0,0.0,0.0,,
word,18205,DOS-042,0.0,0.0,0.0,0.0,0.0,0.0,0.0,,
word,18210,P-169,0.0,0.0,0.0,0.0,0.0,0.0,0.0,,
word,18222,R-076,0.0,0.0,0.0,0.0,0.0,0.0,0.0,,
word,18297,P-223,0.0,0.0,0.0,0.0,0.0,0.0,0.0,,
word,18313,CF-004,0.0,0.0,0.0,0.0,0.0,0.0,0.0,,
word,18316,RLP-134,0.0,0.0,0.0,0.0,0.0,0.0,0.0,,
word,18333,BLR-073,0.0,0.0,0.0,0.0,0.0,0.0,0.0,,
word,18337,P-350,0.0,0.0,0.0,0.0,0.0,0.0,0.0,,
word,18482,M-025,0.0,0.0,0.0,0.0,0.0,0.0,0.0,,
word,18534,P-323,0.0,0.0,0.0,0.0,1.0,0.0,0.02040816326530612,,
word,18557,K-050,0.0,0.0,0.0,0.0,0.0,0.0,0.0,,
word,18558,CV-042,0.0,0.0,0.0,0.0,0.0,0.0,0.0,,
word,18574,P-173,0.0,0.0,0.0,0.0,0.0,0.0,0.0,,
word,18579,M-018,0.0,0.0,0.0,0.0,1.0,0.0,0.038461538461538464,,
word,18656,P-254,0.0,0.0,0.0,0.0,0.0,0.0,0.0,,
word,18658,GB-045,0.0,0.0,0.0,0.0,0.0,0.0,0.0,,
word,18738,P-252,0.0,0.0,0.0,0.0,0.0,0.0,0.0,,
word,18745,P-211,0.0,0.0,0.0,0.0,0.0,0.0,0.0,,
word,18766,DC-088,0.0,0.0,0.0,0.0,0.0,0.0,0.0,,
word,18768,P-260,0.0,0.0,0.0,0.0,0.0,0.0,0.0,,
word,18771,AG-087,0.0,0.0,0.0,0.0,0.0,0.0,0.0,,
word,18777,TK-021,0.0,0.0,0.0,0.0,0.0,0.0,0.0,,
word,18835,EV-104,0.0,0.0,0.0,0.0,0.0,0.0,0.0,,
word,18844,DOS-133,0.0,0.0,0.0,0.0,0.0,0.0,0.0,,
word,18854,DP-011,0.0,1.0,1.0,1.0,1.0,0.5,0.5,,
word,18880,RLP-047,0.0,0.0,0.0,0.0,0.0,0.0,0.0,,
word,19009,SEP-067,0.0,0.0,0.0,0.0,0.0,0.0,0.0,,
word,19046,HV-291,0.0,0.0,0.0,0.0,0.0,0.0,0.0,,
word,19053,EX-097,0.0,0.0,0.0,0.0,0.0,0.0,0.0,,
word,19071,DOS-084,0.0,0.0,0.0,0.0,0.0,0.0,0.0,,
word,19123,BLR-076,0.0,0.0,0.0,0.0,0.0,0.0,0.0,,
word,19127,P-271,0.0,0.0,0.0,0.0,0.0,0.0,0.0,,
word,19131,P-131,0.0,0.0,0.0,0.0,0.0,0.0,0.0,,
word,19138,DP-042,0.0,0.0,0.0,0.0,1.0,0.0,0.041666666666666664,,
word,19144,P-241,0.0,0.0,0.0,0.0,0.0,0.0,0.0,,
word,19147,P-279,0.0,0.0,0.0,0.0,0.0,0.0,0.0,,
word,19153,HX-313,0.0,0.0,0.0,0.0,0.0,0.0,0.0,,
word,19159,K-057,0.0,0.0,0.0,0.0,0.0,0.0,0.0,,
word,19170,FM-140,0.0,0.0,0.0,0.0,0.0,0.0,0.0,,
word,19195,HP-137,0.0,0.0,0.0,0.0,0.0,0.0,0.0,,
word,19247,BLR-129,0.0,0.0,0.0,0.0,0.0,0.0,0.0,,
word,19279,AG-102,0.0,0.0,0.0,0.0,1.0,0.0,0.03571428571428571,,
word,19380,P-195,0.0,0.0,0.0,0.0,0.0,0.0,0.0,,
word,19390,TK-114,0.0,0.0,0.0,0.0,0.0,0.0,0.0,,
word,19405,DP-079,0.0,0.0,0.0,0.0,1.0,0.0,0.02631578947368421,,
word,19553,UF-104,0.0,0.0,0.0,1.0,1.0,0.0,0.09090909090909091,,
word,19622,P-371,0.0,0.0,0.0,0.0,0.0,0.0,0.0,,
word,19633,BLR-071,0.0,0.0,0.0,0.0,0.0,0.0,0.0,,
word,19654,FCC-053,0.0,0.0,0.0,0.0,1.0,0.0,0.043478260869565216,,
word,19688,GB-132,0.0,0.0,0.0,0.0,0.0,0.0,0.0,,
word,19695,M-050,0.0,0.0,0.0,0.0,0.0,0.0,0.0,,
word,19726,M-093,0.0,0.0,0.0,0.0,0.0,0.0,0.0,,
word,19727,TK-351,0.0,0.0,0.0,0.0,0.0,0.0,0.0,,
word,19728,UF-128,0.0,0.0,0.0,0.0,1.0,0.0,0.022727272727272728,,
word,19737,GS-098,0.0,0.0,0.0,0.0,0.0,0.0,0.0,,
word,19751,K-215,0.0,0.0,0.0,0.0,0.0,0.0,0.0,,
word,19772,M-079,0.0,0.0,0.0,0.0,0.0,0.0,0.0,,
word,19822,P-237,0.0,0.0,0.0,0.0,0.0,0.0,0.0,,
word,19836,HV-057,0.0,0.0,0.0,0.0,0.0,0.0,0.0,,
word,19878,FCC-055,0.0,0.0,0.0,0.0,0.0,0.0,0.0,,
word,20034,SD-053,0.0,0.0,0.0,0.0,1.0,0.0,0.03225806451612903,,
word,20060,P-515,0.0,0.0,0.0,0.0,0.0,0.0,0.0,,
word,20065,F-026,0.0,0.0,0.0,0.0,0.0,0.0,0.0,,
word,20098,TK-325,0.0,0.0,0.0,0.0,0.0,0.0,0.0,,
word,20122,TK-330,0.0,0.0,0.0,0.0,0.0,0.0,0.0,,
word,20154,EX-044,0.0,0.0,0.0,0.0,0.0,0.0,0.0,,
word,20174,GS-104,0.0,0.0,0.0,0.0,0.0,0.0,0.0,,
word,20184,DOS-017,0.0,0.0,0.0,0.0,0.0,0.0,0.0,,
word,20186,R-248,0.0,0.0,0.0,0.0,0.0,0.0,0.0,,
word,20228,K-137,0.0,0.0,0.0,0.0,0.0,0.0,0.0,,
word,20229,P-619,0.0,0.0,0.0,0.0,0.0,0.0,0.0,,
word,20262,M-121,0.0,0.0,0.0,0.0,0.0,0.0,0.0,,
word,20273,UF-126,0.0,0.0,0.0,0.0,1.0,0.0,0.04,,
word,20283,HX-145,0.0,0.0,0.0,0.0,1.0,0.0,0.029411764705882353,,
word,20326,M-047,0.0,0.0,0.0,0.0,1.0,0.0,0.043478260869565216,,
word,20356,P-181,0.0,0.0,0.0,0.0,0.0,0.0,0.0,,
word,20358,UF-130,0.0,0.0,0.0,0.0,0.0,0.0,0.0,,
word,20414,HV-167,0.0,0.0,0.0,0.0,0.0,0.0,0.0,,
word,20456,TK-138,0.0,0.0,0.0,0.0,0.0,0.0,0.0,,
word,20566,EX-069,0.0,0.0,0.0,0.0,0.0,0.0,0.0,,
word,20612,AG-142,0.0,0.0,0.0,0.0,0.0,0.0,0.0,,
word,20620,P-106,0.0,0.0,0.0,0.0,0.0,0.0,0.0,,
word,20631,FCC-081,0.0,0.0,0.0,0.0,0.0,0.0,0.0,,
word,20677,GB-043,0.0,0.0,0.0,0.0,0.0,0.0,0.0,,
word,20703,TK-243,0.0,0.0,0.0,0.0,0.0,0.0,0.0,,
word,20810,K-116,0.0,0.0,0.0,0.0,0.0,0.0,0.0,,
word,20864,DOS-024,0.0,0.0,0.0,0.0,0.0,0.0,0.0,,
word,20928,RLP-027,0.0,0.0,0.0,0.0,0.0,0.0,0.0,,
word,20999,TK-055,0.0,0.0,0.0,0.0,0.0,0.0,0.0,,
word,21024,EV-227,0.0,0.0,0.0,0.0,0.0,0.0,0.0,,
word,21080,TK-128,0.0,0.0,0.0,0.0,0.0,0.0,0.0,,
word,21082,R-125,0.0,0.0,0.0,0.0,0.0,0.0,0.0,,
word,21084,P-253,0.0,0.0,0.0,0.0,0.0,0.0,0.0,,
word,21124,P-276,0.0,0.0,0.0,0.0,0.0,0.0,0.0,,
word,21152,K-010,0.0,0.0,0.0,0.0,0.0,0.0,0.0,,
word,21172,EX-026,0.0,0.0,0.0,0.0,0.0,0.0,0.0,,
word,21181,EX-141,0.0,0.0,0.0,0.0,0.0,0.0,0.0,,
word,21209,DC-126,0.0,0.0,0.0,0.0,0.0,0.0,0.0,,
word,21237,DP-103,0.0,0.0,0.0,0.0,0.0,0.0,0.0,,
word,21258,M-063,0.0,0.0,0.0,0.0,0.0,0.0,0.0,,
word,21316,M-101,0.0,0.0,0.0,0.0,0.0,0.0,0.0,,
word,21356,R-023,0.0,0.0,0.0,0.0,0.0,0.0,0.0,,
word,21415,P-645,0.0,0.0,0.0,0.0,0.0,0.0,0.0,,
word,21425,BLR-112,0.0,0.0,0.0,0.0,0.0,0.0,0.0,,
word,21465,P-715,0.0,0.0,0.0,0.0,0.0,0.0,0.0,,
word,21507,K-093,0.0,0.0,0.0,1.0,1.0,0.0,0.07142857142857142,,
word,21523,P-432,0.0,0.0,0.0,0.0,0.0,0.0,0.0,,
word,21579,HV-048,0.0,0.0,0.0,0.0,0.0,0.0,0.0,,
word,21599,UF-096,0.0,0.0,0.0,0.0,1.0,0.0,0.038461538461538464,,
word,21607,RLP-238,0.0,0.0,0.0,0.0,0.0,0.0,0.0,,
word,21633,BLR-131,0.0,0.0,0.0,0.0,0.0,0.0,0.0,,
word,21664,K-144,0.0,0.0,1.0,1.0,1.0,0.1,0.1,,
word,21722,F-035,0.0,0.0,0.0,0.0,0.0,0.0,0.0,,
word,21725,M-123,0.0,0.0,0.0,0.0,1.0,0.0,0.03333333333333333,,
word,21759,R-064,0.0,0.0,0.0,0.0,0.0,0.0,0.0,,
word,21768,CF-067,0.0,0.0,0.0,0.0,0.0,0.0,0.0,,
word,21881,EX-113,0.0,0.0,0.0,1.0,1.0,0.0,0.08333333333333333,,
word,21923,GB-113,0.0,0.0,0.0,0.0,0.0,0.0,0.0,,
word,21935,P-543,0.0,0.0,0.0,0.0,0.0,0.0,0.0,,
word,22024,CF-027,0.0,0.0,0.0,0.0,0.0,0.0,0.0,,
word,22047,R-133,0.0,0.0,0.0,0.0,0.0,0.0,0.0,,
word,22063,R-014,0.0,0.0,0.0,0.0,0.0,0.0,0.0,,
word,22080,GT-084,0.0,0.0,0.0,0.0,0.0,0.0,0.0,,
word,22120,DC-011,0.0,0.0,0.0,0.0,0.0,0.0,0.0,,
word,22229,R-145,0.0,0.0,0.0,0.0,0.0,0.0,0.0,,
word,22262,TK-079,0.0,1.0,1.0,1.0,1.0,0.2,0.2,,
word,22295,K-076,0.0,0.0,0.0,0.0,0.0,0.0,0.0,,
word,22304,TK-020,0.0,0.0,0.0,1.0,1.0,0.0,0.07142857142857142,,
word,22307,TK-132,0.0,0.0,0.0,0.0,1.0,0.0,0.02127659574468085,,
word,22312,CV-127,0.0,0.0,0.0,0.0,0.0,0.0,0.0,,
word,22364,GS-017,0.0,0.0,0.0,0.0,0.0,0.0,0.0,,
word,22369,K-051,0.0,0.0,0.0,0.0,0.0,0.0,0.0,,
word,22384,HX-195,0.0,0.0,0.0,0.0,0.0,0.0,0.0,,
word,22403,P-319,0.0,0.0,0.0,0.0,0.0,0.0,0.0,,
word,22457,DC-138,0.0,0.0,0.0,0.0,0.0,0.0,0.0,,
word,22472,R-133,0.0,0.0,0.0,0.0,0.0,0.0,0.0,,
word,22510,EV-011,0.0,0.0,0.0,0.0,1.0,0.0,0.038461538461538464,,
word,22574,BLR-127,0.0,0.0,0.0,1.0,1.0,0.0,0.05,,
word,22580,P-310,0.0,0.0,0.0,0.0,0.0,0.0,0.0,,
word,22596,TK-309,0.0,0.0,0.0,0.0,0.0,0.0,0.0,,
word,22629,BLR-207,0.0,0.0,0.0,0.0,0.0,0.0,0.0,,
word,22639,HX-009,0.0,0.0,0.0,0.0,0.0,0.0,0.0,,
word,22652,TK-077,1.0,1.0,1.0,1.0,1.0,1.0,1.0,,
word,22660,P-235,0.0,0.0,0.0,0.0,0.0,0.0,0.0,,
word,22687,K-228,0.0,0.0,0.0,0.0,0.0,0.0,0.0,,
word,22726,M-018,0.0,0.0,0.0,0.0,1.0,0.0,0.038461538461538464,,
word,22809,P-290,0.0,0.0,0.0,0.0,0.0,0.0,0.0,,
word,22846,AG-062,0.0,0.0,0.0,0.0,0.0,0.0,0.0,,
word,22887,P-176,0.0,0.0,0.0,0.0,0.0,0.0,0.0,,
word,22916,P-544,0.0,0.0,1.0,1.0,1.0,0.1,0.1,,
word,22917,CT-101,0.0,0.0,0.0,0.0,0.0,0.0,0.0,,
word,23021,R-128,0.0,0.0,0.0,0.0,0.0,0.0,0.0,,
word,23116,HP-055,0.0,0.0,0.0,0.0,1.0,0.0,0.02564102564102564,,
word,23131,AG-090,0.0,0.0,0.0,0.0,0.0,0.0,0.0,,
word,23133,CT-045,0.0,0.0,0.0,1.0,1.0,0.0,0.06666666666666667,,
word,23193,FM-040,0.0,0.0,0.0,0.0,0.0,0.0,0.0,,
word,23223,HX-121,0.0,0.0,0.0,0.0,0.0,0.0,0.0,,
word,23304,FM-192,0.0,0.0,0.0,0.0,0.0,0.0,0.0,,
word,23364,DRY-026,0.0,0.0,0.0,1.0,1.0,0.0,0.06666666666666667,,
word,23431,FM-103,0.0,0.0,0.0,0.0,0.0,0.0,0.0,,
word,23440,P-402,0.0,0.0,0.0,0.0,0.0,0.0,0.0,,
word,23444,VP-083,0.0,0.0,0.0,0.0,0.0,0.0,0.0,,
word,23484,K-209,0.0,0.0,0.0,0.0,0.0,0.0,0.0,,
word,23504,P-543,0.0,0.0,0.0,0.0,0.0,0.0,0.0,,
word,23510,VP-012,0.0,0.0,0.0,0.0,0.0,0.0,0.0,,
word,23515,BM-199,0.0,0.0,0.0,0.0,0.0,0.0,0.0,,
word,23558,K-316,0.0,0.0,0.0,0.0,0.0,0.0,0.0,,
word,23562,M-121,0.0,0.0,0.0,0.0,0.0,0.0,0.0,,
word,23598,TK-127,0.0,0.0,0.0,0.0,0.0,0.0,0.0,,
word,23723,DOS-037,0.0,0.0,0.0,0.0,0.0,0.0,0.0,,
word,23784,AG-080,0.0,0.0,0.0,0.0,0.0,0.0,0.0,,
word,23795,BM-130,0.0,1.0,1.0,1.0,1.0,0.5,0.5,,
word,23821,P-634,0.0,0.0,0.0,0.0,0.0,0.0,0.0,,
word,23829,VP-109,0.0,0.0,0.0,0.0,0.0,0.0,0.0,,
word,23872,P-509,0.0,0.0,0.0,0.0,0.0,0.0,0.0,,
word,23901,EX-061,0.0,0.0,0.0,0.0,0.0,0.0,0.0,,
word,23912,CT-022,0.0,0.0,0.0,0.0,0.0,0.0,0.0,,
word,23913,K-140,0.0,0.0,0.0,0.0,0.0,0.0,0.0,,
word,23942,K-316,0.0,0.0,0.0,0.0,0.0,0.0,0.0,,
word,23964,AG-039,0.0,1.0,1.0,1.0,1.0,0.2,0.2,,
word,23992,EV-146,0.0,0.0,0.0,0.0,0.0,0.0,0.0,,
word,24000,CT-041,0.0,0.0,0.0,0.0,1.0,0.0,0.020833333333333332,,
word,24002,F-208,0.0,0.0,1.0,1.0,1.0,0.14285714285714285,0.14285714285714285,,
word,24006,M-120,0.0,0.0,0.0,0.0,0.0,0.0,0.0,,
word,24010,HV-060,0.0,0.0,0.0,0.0,0.0,0.0,0.0,,
word,24023,DRY-066,0.0,0.0,0.0,0.0,0.0,0.0,0.0,,
word,24036,M-100,0.0,0.0,0.0,0.0,0.0,0.0,0.0,,
word,24058,M-048,0.0,0.0,1.0,1.0,1.0,0.125,0.125,,
word,24075,HX-114,0.0,0.0,0.0,0.0,0.0,0.0,0.0,,
word,24083,SC-032,0.0,0.0,0.0,0.0,0.0,0.0,0.0,,
word,24142,FCC-105,0.0,0.0,0.0,0.0,0.0,0.0,0.0,,
word,24164,HX-382,0.0,0.0,0.0,0.0,0.0,0.0,0.0,,
word,24248,TK-082,0.0,0.0,0.0,0.0,0.0,0.0,0.0,,
word,24270,R-202,0.0,0.0,0.0,0.0,0.0,0.0,0.0,,
word,24380,K-193,0.0,0.0,0.0,0.0,0.0,0.0,0.0,,
word,24439,P-704,0.0,0.0,0.0,0.0,0.0,0.0,0.0,,
word,24452,P-536,0.0,0.0,0.0,0.0,0.0,0.0,0.0,,
word,24471,M-020,0.0,0.0,0.0,0.0,0.0,0.0,0.0,,
word,24546,DOS-037,0.0,0.0,0.0,0.0,0.0,0.0,0.0,,
word,24557,R-135,0.0,0.0,0.0,0.0,0.0,0.0,0.0,,
word,24594,GB-094,0.0,0.0,0.0,0.0,0.0,0.0,0.0,,
word,24598,P-365,0.0,0.0,0.0,0.0,0.0,0.0,0.0,,
word,24621,BM-199,0.0,0.0,0.0,0.0,0.0,0.0,0.0,,
word,24641,GT-015,0.0,0.0,0.0,0.0,1.0,0.0,0.02,,
word,24651,GS-158,0.0,0.0,0.0,0.0,0.0,0.0,0.0,,
word,24671,TK-314,0.0,0.0,0.0,0.0,0.0,0.0,0.0,,
word,24673,BLR-145,0.0,0.0,0.0,0.0,0.0,0.0,0.0,,
word,24700,SEP-093,0.0,0.0,0.0,0.0,0.0,0.0,0.0,,
word,24723,K-014,0.0,0.0,0.0,0.0,0.0,0.0,0.0,,
word,24748,UF-228,0.0,0.0,0.0,0.0,0.0,0.0,0.0,,
word,24796,P-196,0.0,0.0,0.0,0.0,0.0,0.0,0.0,,
word,24801,P-214,0.0,0.0,0.0,0.0,0.0,0.0,0.0,,
word,24815,CR-091,0.0,0.0,0.0,0.0,0.0,0.0,0.0,,
word,24824,BLR-008,0.0,0.0,0.0,0.0,0.0,0.0,0.0,,
word,24859,P-118,0.0,0.0,0.0,0.0,0.0,0.0,0.0,,
word,24869,TK-234,0.0,0.0,0.0,0.0,0.0,0.0,0.0,,
word,24876,P-563,0.0,0.0,0.0,0.0,0.0,0.0,0.0,,
word,24917,HV-092,0.0,0.0,0.0,0.0,0.0,0.0,0.0,,
word,25023,HX-305,0.0,0.0,1.0,1.0,1.0,0.125,0.125,,
word,25041,CT-101,0.0,0.0,0.0,0.0,0.0,0.0,0.0,,
word,25154,CV-209,0.0,0.0,0.0,1.0,1.0,0.0,0.0625,,
word,25188,M-029,0.0,0.0,0.0,0.0,0.0,0.0,0.0,,
word,25228,DRY-099,0.0,0.0,0.0,0.0,0.0,0.0,0.0,,
word,25229,P-426,0.0,0.0,0.0,0.0,0.0,0.0,0.0,,
word,25234,SC-034,0.0,0.0,0.0,0.0,0.0,0.0,0.0,,
word,25300,M-006,0.0,0.0,0.0,0.0,0.0,0.0,0.0,,
word,25357,P-230,0.0,0.0,0.0,0.0,0.0,0.0,0.0,,
word,25363,M-124,0.0,0.0,0.0,0.0,0.0,0.0,0.0,,
word,25420,K-085,0.0,1.0,1.0,1.0,1.0,0.2,0.2,,
word,25421,HX-245,0.0,0.0,0.0,0.0,0.0,0.0,0.0,,
word,25443,HV-114,0.0,0.0,0.0,0.0,0.0,0.0,0.0,,
word,25476,P-582,0.0,0.0,0.0,0.0,0.0,0.0,0.0,,
word,25485,AG-103,0.0,0.0,0.0,0.0,0.0,0.0,0.0,,
word,25488,F-059,0.0,0.0,0.0,0.0,0.0,0.0,0.0,,
word,25493,P-492,0.0,0.0,0.0,0.0,0.0,0.0,0.0,,
word,25522,P-134,0.0,0.0,0.0,0.0,0.0,0.0,0.0,,
word,25538,P-334,0.0,0.0,0.0,0.0,0.0,0.0,0.0,,
word,25559,P-213,0.0,0.0,0.0,1.0,1.0,0.0,0.08333333333333333,,
word,25610,GT-114,0.0,0.0,0.0,0.0,1.0,0.0,0.03125,,
word,25617,K-104,0.0,0.0,0.0,0.0,0.0,0.0,0.0,,
word,25693,P-220,0.0,0.0,0.0,0.0,0.0,0.0,0.0,,
word,25713,DOS-106,0.0,0.0,0.0,0.0,1.0,0.0,0.04,,
word,25725,M-017,0.0,0.0,0.0,0.0,0.0,0.0,0.0,,
word,25773,AG-141,0.0,0.0,0.0,0.0,0.0,0.0,0.0,,
word,25805,K-136,0.0,0.0,1.0,1.0,1.0,0.125,0.125,,
word,25818,F-004,0.0,0.0,0.0,0.0,0.0,0.0,0.0,,
word,25838,CV-096,0.0,0.0,0.0,0.0,0.0,0.0,0.0,,
word,25856,TK-211,0.0,0.0,0.0,0.0,0.0,0.0,0.0,,
word,25907,K-066,0.0,0.0,0.0,0.0,0.0,0.0,0.0,,
word,26007,P-242,0.0,0.0,0.0,0.0,0.0,0.0,0.0,,
word,26028,P-214,0.0,0.0,0.0,0.0,0.0,0.0,0.0,,
word,26057,DC-104,0.0,0.0,0.0,0.0,0.0,0.0,0.0,,
word,26078,P-188,0.0,0.0,0.0,0.0,0.0,0.0,0.0,,
word,26081,R-094,0.0,0.0,0.0,0.0,0.0,0.0,0.0,,
word,26086,P-394,0.0,0.0,0.0,0.0,0.0,0.0,0.0,,
word,26172,GT-057,0.0,0.0,0.0,1.0,1.0,0.0,0.09090909090909091,,
word,26175,SEP-068,0.0,0.0,0.0,1.0,1.0,0.0,0.05555555555555555,,
word,26185,TK-043,0.0,0.0,0.0,0.0,0.0,0.0,0.0,,
word,26227,HV-138,0.0,0.0,0.0,0.0,0.0,0.0,0.0,,
word,26228,P-426,0.0,0.0,0.0,0.0,0.0,0.0,0.0,,
word,26251,DOS-038,0.0,0.0,0.0,0.0,0.0,0.0,0.0,,
word,26255,UF-058,1.0,1.0,1.0,1.0,1.0,1.0,1.0,,
word,26267,DP-070,0.0,0.0,0.0,1.0,1.0,0.0,0.058823529411764705,,
word,26304,DOS-094,0.0,0.0,0.0,0.0,0.0,0.0,0.0,,
word,26315,HX-100,0.0,0.0,0.0,0.0,0.0,0.0,0.0,,
word,26344,UF-228,0.0,0.0,0.0,0.0,0.0,0.0,0.0,,
word,26393,TK-106,0.0,0.0,0.0,0.0,0.0,0.0,0.0,,
word,26406,P-194,0.0,0.0,0.0,0.0,0.0,0.0,0.0,,
word,26473,AG-216,0.0,0.0,0.0,0.0,0.0,0.0,0.0,,
word,26572,P-316,0.0,0.0,1.0,1.0,1.0,0.14285714285714285,0.14285714285714285,,
word,26573,CF-083,0.0,0.0,0.0,0.0,0.0,0.0,0.0,,
word,26596,P-197,0.0,0.0,0.0,0.0,0.0,0.0,0.0,,
word,26597,K-317,0.0,0.0,0.0,0.0,0.0,0.0,0.0,,
word,26629,DRY-126,0.0,0.0,0.0,0.0,0.0,0.0,0.0,,
word,26649,R-227,0.0,0.0,0.0,0.0,0.0,0.0,0.0,,
word,26683,GT-071,0.0,0.0,0.0,0.0,0.0,0.0,0.0,,
word,26691,DRY-139,0.0,0.0,0.0,0.0,0.0,0.0,0.0,,
word,26696,CF-007,0.0,0.0,0.0,0.0,0.0,0.0,0.0,,
word,26705,BLR-034,0.0,0.0,0.0,0.0,0.0,0.0,0.0,,
word,26709,SC-144,0.0,0.0,0.0,0.0,0.0,0.0,0.0,,
word,26756,K-294,0.0,0.0,0.0,0.0,0.0,0.0,0.0,,
word,26766,GT-038,0.0,0.0,1.0,1.0,1.0,0.1111111111111111,0.1111111111111111,,
word,26862,BM-048,0.0,0.0,0.0,0.0,0.0,0.0,0.0,,
word,26892,RLP-117,0.0,0.0,0.0,0.0,1.0,0.0,0.02631578947368421,,
word,26910,VP-189,0.0,0.0,0.0,0.0,0.0,0.0,0.0,,
word,26936,P-119,0.0,0.0,0.0,0.0,0.0,0.0,0.0,,
word,26978,M-148,0.0,0.0,0.0,0.0,0.0,0.0,0.0,,
word,27005,TK-111,0.0,0.0,0.0,0.0,0.0,0.0,0.0,,
word,27010,RLP-116,0.0,0.0,0.0,0.0,0.0,0.0,0.0,,
word,27035,TK-345,0.0,0.0,0.0,0.0,0.0,0.0,0.0,,
word,27059,P-229,0.0,0.0,0.0,0.0,0.0,0.0,0.0,,
word,27117,DOS-056,0.0,0.0,0.0,0.0,0.0,0.0,0.0,,
word,27119,TK-331,0.0,0.0,0.0,0.0,0.0,0.0,0.0,,
word,27146,VP-116,0.0,0.0,0.0,0.0,0.0,0.0,0.0,,
word,27201,GB-018,0.0,0.0,0.0,0.0,0.0,0.0,0.0,,
word,27250,FM-027,0.0,0.0,0.0,0.0,0.0,0.0,0.0,,
word,27266,CV-056,0.0,0.0,0.0,0.0,0.0,0.0,0.0,,
word,27283,K-153,0.0,0.0,0.0,0.0,0.0,0.0,0.0,,
word,27287,P-640,0.0,0.0,0.0,0.0,0.0,0.0,0.0,,
word,27289,CR-075,0.0,0.0,0.0,0.0,0.0,0.0,0.0,,
word,27297,P-196,0.0,0.0,0.0,0.0,0.0,0.0,0.0,,
word,27304,K-090,0.0,0.0,0.0,0.0,0.0,0.0,0.0,,
word,27321,M-034,0.0,0.0,0.0,0.0,0.0,0.0,0.0,,
word,27355,DC-116,0.0,0.0,0.0,0.0,0.0,0.0,0.0,,
word,27364,P-132,0.0,0.0,0.0,0.0,0.0,0.0,0.0,,
word,27408,P-715,0.0,0.0,0.0,0.0,0.0,0.0,0.0,,
word,27506,K-007,0.0,0.0,0.0,0.0,0.0,0.0,0.0,,
word,27518,CT-083,0.0,0.0,0.0,0.0,0.0,0.0,0.0,,
word,27552,K-119,0.0,0.0,0.0,0.0,0.0,0.0,0.0,,
word,27577,TK-046,0.0,0.0,0.0,0.0,0.0,0.0,0.0,,
word,27601,EV-135,0.0,0.0,0.0,0.0,1.0,0.0,0.02,,
word,27626,GB-135,0.0,0.0,0.0,0.0,0.0,0.0,0.0,,
word,27662,CT-037,0.0,0.0,0.0,0.0,0.0,0.0,0.0,,
word,27684,BM-023,0.0,0.0,0.0,0.0,0.0,0.0,0.0,,
word,27691,FCC-075,0.0,0.0,0.0,0.0,0.0,0.0,0.0,,
word,27732,TK-029,0.0,0.0,0.0,0.0,0.0,0.0,0.0,,
word,27777,M-141,0.0,0.0,0.0,0.0,0.0,0.0,0.0,,
word,27797,M-085,0.0,1.0,1.0,1.0,1.0,0.3333333333333333,0.3333333333333333,,
word,27804,CV-036,0.0,0.0,0.0,0.0,0.0,0.0,0.0,,
word,27945,CR-133,0.0,0.0,0.0,0.0,0.0,0.0,0.0,,
word,27964,HX-100,0.0,0.0,0.0,0.0,0.0,0.0,0.0,,
word,27974,K-005,0.0,0.0,0.0,0.0,0.0,0.0,0.0,,
word,27979,TK-131,0.0,0.0,0.0,0.0,0.0,0.0,0.0,,
word,27984,BLR-119,0.0,0.0,0.0,0.0,0.0,0.0,0.0,,
word,28031,F-063,0.0,0.0,0.0,0.0,0.0,0.0,0.0,,
word,28090,P-263,0.0,0.0,0.0,0.0,0.0,0.0,0.0,,
word,28138,P-334,0.0,0.0,0.0,0.0,0.0,0.0,0.0,,
word,28142,M-063,0.0,0.0,0.0,1.0,1.0,0.0,0.0625,,
word,28176,P-658,0.0,0.0,0.0,0.0,0.0,0.0,0.0,,
word,28198,HV-104,0.0,0.0,0.0,0.0,0.0,0.0,0.0,,
word,28282,K-008,0.0,0.0,0.0,0.0,0.0,0.0,0.0,,
word,28291,HV-010,0.0,0.0,0.0,0.0,0.0,0.0,0.0,,
word,28297,DOS-137,0.0,0.0,0.0,0.0,1.0,0.0,0.02857142857142857,,
word,28394,TK-025,0.0,0.0,0.0,0.0,0.0,0.0,0.0,,
word,28414,HV-051,0.0,0.0,0.0,0.0,0.0,0.0,0.0,,
word,28420,P-251,0.0,0.0,0.0,0.0,0.0,0.0,0.0,,
word,28436,DOS-027,0.0,0.0,0.0,0.0,1.0,0.0,0.02702702702702703,,
word,28467,TK-125,0.0,0.0,0.0,0.0,0.0,0.0,0.0,,
word,28490,P-459,0.0,0.0,0.0,0.0,0.0,0.0,0.0,,
word,28525,HX-220,0.0,0.0,0.0,0.0,0.0,0.0,0.0,,
word,28692,UF-039,0.0,0.0,0.0,0.0,0.0,0.0,0.0,,
word,28732,K-123,0.0,0.0,0.0,0.0,0.0,0.0,0.0,,
word,28734,SD-108,0.0,0.0,0.0,0.0,0.0,0.0,0.0,,
word,28736,DRY-072,0.0,0.0,0.0,0.0,0.0,0.0,0.0,,
word,28757,P-310,0.0,0.0,0.0,0.0,1.0,0.0,0.04,,
word,28768,TK-165,0.0,0.0,0.0,0.0,0.0,0.0,0.0,,
word,28832,M-037,0.0,0.0,0.0,0.0,0.0,0.0,0.0,,
word,28856,DRY-101,0.0,0.0,0.0,0.0,0.0,0.0,0.0,,
word,28926,AG-092,0.0,0.0,0.0,0.0,0.0,0.0,0.0,,
word,28933,F-122,0.0,0.0,0.0,0.0,0.0,0.0,0.0,,
word,28953,R-237,0.0,0.0,0.0,0.0,0.0,0.0,0.0,,
word,29007,K-146,0.0,0.0,0.0,0.0,0.0,0.0,0.0,,
word,29045,P-518,0.0,0.0,0.0,0.0,0.0,0.0,0.0,,
word,29082,P-171,0.0,0.0,0.0,0.0,0.0,0.0,0.0,,
word,29124,CR-165,0.0,0.0,0.0,0.0,0.0,0.0,0.0,,
word,29154,UF-110,0.0,0.0,0.0,0.0,0.0,0.0,0.0,,
word,29173,P-313,0.0,0.0,0.0,0.0,0.0,0.0,0.0,,
word,29176,HX-321,0.0,0.0,0.0,0.0,0.0,0.0,0.0,,
word,29381,P-535,0.0,0.0,0.0,0.0,0.0,0.0,0.0,,
word,29405,F-128,0.0,0.0,0.0,0.0,0.0,0.0,0.0,,
word,29417,P-186,0.0,0.0,0.0,0.0,0.0,0.0,0.0,,
word,29422,HP-071,0.0,0.0,0.0,0.0,0.0,0.0,0.0,,
word,29473,HX-005,0.0,0.0,0.0,0.0,0.0,0.0,0.0,,
word,29570,P-172,0.0,0.0,0.0,0.0,0.0,0.0,0.0,,
word,29631,CR-007,0.0,0.0,0.0,0.0,0.0,0.0,0.0,,
word,29657,BLR-026,0.0,0.0,0.0,0.0,0.0,0.0,0.0,,
word,29741,CF-126,0.0,0.0,0.0,0.0,0.0,0.0,0.0,,
word,29746,HP-145,0.0,0.0,0.0,0.0,0.0,0.0,0.0,,
word,29760,M-139,0.0,0.0,1.0,1.0,1.0,0.125,0.125,,
word,29763,P-146,0.0,0.0,0.0,0.0,0.0,0.0,0.0,,
word,29803,CR-047,0.0,0.0,0.0,0.0,0.0,0.0,0.0,,
word,29812,CV-138,0.0,0.0,0.0,0.0,1.0,0.0,0.037037037037037035,,
word,29928,CR-082,0.0,0.0,0.0,0.0,0.0,0.0,0.0,,
word,29961,EV-085,0.0,0.0,0.0,0.0,0.0,0.0,0.0,,
word,29972,P-650,0.0,0.0,0.0,0.0,0.0,0.0,0.0,,
word,30025,GT-127,0.0,0.0,0.0,0.0,1.0,0.0,0.038461538461538464,,
word,30048,CV-087,0.0,0.0,0.0,0.0,0.0,0.0,0.0,,
word,30058,M-110,0.0,0.0,0.0,0.0,0.0,0.0,0.0,,
word,30087,TK-165,0.0,0.0,0.0,0.0,0.0,0.0,0.0,,
word,30144,GB-066,0.0,0.0,0.0,0.0,0.0,0.0,0.0,,
word,30170,SEP-069,0.0,0.0,0.0,0.0,0.0,0.0,0.0,,
word,30180,TK-135,0.0,0.0,0.0,0.0,0.0,0.0,0.0,,
word,30181,P-327,0.0,0.0,0.0,0.0,0.0,0.0,0.0,,
word,30257,K-112,0.0,0.0,0.0,0.0,0.0,0.0,0.0,,
word,30270,P-266,0.0,0.0,0.0,0.0,0.0,0.0,0.0,,
word,30311,HX-090,0.0,0.0,0.0,0.0,0.0,0.0,0.0,,
word,30341,CR-124,0.0,0.0,0.0,0.0,0.0,0.0,0.0,,
word,30387,R-235,0.0,0.0,0.0,0.0,0.0,0.0,0.0,,
word,30388,TK-048,0.0,0.0,0.0,0.0,0.0,0.0,0.0,,
word,30423,SC-038,0.0,0.0,0.0,0.0,0.0,0.0,0.0,,
word,30427,TK-080,0.0,0.0,0.0,0.0,0.0,0.0,0.0,,
word,30499,AG-137,0.0,0.0,0.0,0.0,0.0,0.0,0.0,,
word,30527,F-119,0.0,0.0,0.0,1.0,1.0,0.0,0.06666666666666667,,
word,30555,HX-044,0.0,0.0,0.0,0.0,0.0,0.0,0.0,,
word,30590,GT-140,0.0,0.0,0.0,0.0,1.0,0.0,0.037037037037037035,,
word,30610,R-099,0.0,0.0,0.0,0.0,0.0,0.0,0.0,,
word,30616,CV-132,0.0,0.0,0.0,0.0,0.0,0.0,0.0,,
word,30668,P-166,0.0,0.0,0.0,0.0,0.0,0.0,0.0,,
word,30683,P-388,0.0,0.0,0.0,0.0,0.0,0.0,0.0,,
word,30684,DOS-041,0.0,0.0,0.0,0.0,0.0,0.0,0.0,,
word,30694,M-101,0.0,0.0,0.0,0.0,0.0,0.0,0.0,,
word,30732,P-351,0.0,0.0,0.0,0.0,0.0,0.0,0.0,,
word,30744,HV-043,0.0,0.0,0.0,0.0,0.0,0.0,0.0,,
word,30746,BLR-087,0.0,0.0,0.0,0.0,0.0,0.0,0.0,,
word,30769,AG-056,0.0,0.0,0.0,0.0,0.0,0.0,0.0,,
word,30898,K-053,0.0,0.0,0.0,0.0,0.0,0.0,0.0,,
word,30907,K-141,0.0,0.0,0.0,0.0,1.0,0.0,0.030303030303030304,,
word,30980,FCC-017,0.0,0.0,0.0,0.0,0.0,0.0,0.0,,
word,31037,BLR-064,0.0,0.0,0.0,0.0,0.0,0.0,0.0,,
word,31065,RLP-068,0.0,0.0,0.0,0.0,0.0,0.0,0.0,,
word,31114,K-065,0.0,0.0,0.0,0.0,0.0,0.0,0.0,,
word,31155,K-028,0.0,0.0,0.0,0.0,0.0,0.0,0.0,,
word,31225,GB-094,0.0,0.0,0.0,0.0,0.0,0.0,0.0,,
word,31237,P-470,0.0,0.0,0.0,0.0,0.0,0.0,0.0,,
word,31329,UF-134,0.0,0.0,0.0,0.0,0.0,0.0,0.0,,
word,31375,EV-125,0.0,0.0,0.0,0.0,0.0,0.0,0.0,,
word,31377,GT-054,0.0,0.0,0.0,0.0,0.0,0.0,0.0,,
word,31395,SD-079,0.0,0.0,0.0,0.0,1.0,0.0,0.043478260869565216,,
word,31411,HV-101,0.0,0.0,1.0,1.0,1.0,0.1,0.1,,
word,31453,FM-055,0.0,0.0,0.0,0.0,0.0,0.0,0.0,,
word,31503,TK-021,0.0,0.0,0.0,0.0,0.0,0.0,0.0,,
word,31554,AG-008,0.0,0.0,1.0,1.0,1.0,0.1111111111111111,0.1111111111111111,,
word,31560,HX-036,0.0,0.0,0.0,0.0,0.0,0.0,0.0,,
word,31567,K-166,0.0,0.0,0.0,0.0,0.0,0.0,0.0,,
word,31572,TK-059,0.0,0.0,0.0,0.0,0.0,0.0,0.0,,
word,31616,AG-038,0.0,0.0,0.0,0.0,0.0,0.0,0.0,,
word,31711,P-211,0.0,0.0,0.0,0.0,0.0,0.0,0.0,,
word,31742,CR-045,0.0,0.0,0.0,1.0,1.0,0.0,0.07692307692307693,,
word,31819,P-422,0.0,0.0,0.0,0.0,0.0,0.0,0.0,,
word,31840,K-147,0.0,0.0,0.0,0.0,0.0,0.0,0.0,,
word,31881,BM-012,0.0,0.0,0.0,0.0,0.0,0.0,0.0,,
word,31889,GT-044,0.0,0.0,0.0,0.0,0.0,0.0,0.0,,
word,31942,FCC-129,0.0,0.0,0.0,1.0,1.0,0.0,0.06666666666666667,,
word,32004,P-488,0.0,0.0,0.0,0.0,0.0,0.0,0.0,,
word,32026,GT-018,0.0,0.0,0.0,0.0,0.0,0.0,0.0,,
word,32186,UF-143,0.0,0.0,0.0,0.0,0.0,0.0,0.0,,
word,32317,HV-007,0.0,0.0,0.0,0.0,0.0,0.0,0.0,,
word,32336,CV-109,0.0,0.0,0.0,0.0,1.0,0.0,0.043478260869565216,,
word,32384,DC-047,0.0,0.0,0.0,0.0,0.0,0.0,0.0,,
word,32390,M-069,0.0,0.0,0.0,0.0,0.0,0.0,0.0,,
word,32394,CF-060,0.0,0.0,0.0,0.0,0.0,0.0,0.0,,
word,32404,AG-097,0.0,0.0,0.0,0.0,0.0,0.0,0.0,,
word,32420,K-052,0.0,0.0,0.0,0.0,0.0,0.0,0.0,,
word,32459,M-081,0.0,0.0,0.0,0.0,0.0,0.0,0.0,,
word,32467,GB-042,0.0,0.0,0.0,0.0,0.0,0.0,0.0,,
word,32497,HP-118,0.0,0.0,0.0,0.0,0.0,0.0,0.0,,
word,32540,DOS-127,0.0,0.0,0.0,0.0,0.0,0.0,0.0,,
word,32614,TK-055,0.0,0.0,0.0,0.0,0.0,0.0,0.0,,
word,32640,P-414,0.0,0.0,0.0,0.0,0.0,0.0,0.0,,
word,32657,M-094,0.0,0.0,0.0,0.0,1.0,0.0,0.02,,
word,32679,F-048,0.0,0.0,0.0,0.0,0.0,0.0,0.0,,
word,32686,P-297,0.0,0.0,0.0,0.0,0.0,0.0,0.0,,
word,32709,TK-061,0.0,0.0,0.0,0.0,0.0,0.0,0.0,,
word,32722,CR-126,0.0,0.0,0.0,1.0,1.0,0.0,0.08333333333333333,,
word,32766,K-227,0.0,0.0,0.0,0.0,0.0,0.0,0.0,,
word,32831,FCC-115,0.0,0.0,0.0,0.0,1.0,0.0,0.023255813953488372,,
word,32855,P-237,0.0,0.0,0.0,0.0,0.0,0.0,0.0,,
word,32971,EX-112,0.0,0.0,0.0,0.0,0.0,0.0,0.0,,
word,33039,CT-132,0.0,0.0,1.0,1.0,1.0,0.16666666666666666,0.16666666666666666,,
word,33049,TRB-112,0.0,0.0,0.0,0.0,0.0,0.0,0.0,,
word,33111,TK-083,0.0,0.0,0.0,0.0,0.0,0.0,0.0,,
word,33124,CF-063,0.0,0.0,0.0,0.0,0.0,0.0,0.0,,
word,33148,DP-036,0.0,0.0,0.0,0.0,0.0,0.0,0.0,,
word,33157,P-482,0.0,0.0,0.0,0.0,0.0,0.0,0.0,,
word,33291,CV-013,0.0,0.0,0.0,0.0,0.0,0.0,0.0,,
word,33359,R-073,0.0,0.0,0.0,0.0,0.0,0.0,0.0,,
word,33389,CT-125,0.0,0.0,0.0,0.0,0.0,0.0,0.0,,
word,33433,K-129,0.0,0.0,0.0,0.0,0.0,0.0,0.0,,
word,33486,BLR-187,0.0,0.0,0.0,0.0,0.0,0.0,0.0,,
word,33501,P-104,0.0,0.0,0.0,0.0,1.0,0.0,0.045454545454545456,,
word,33537,M-063,0.0,0.0,0.0,0.0,0.0,0.0,0.0,,
word,33546,EX-036,0.0,0.0,0.0,0.0,0.0,0.0,0.0,,
word,33547,P-109,0.0,0.0,0.0,0.0,0.0,0.0,0.0,,
word,33562,DC-134,0.0,0.0,0.0,0.0,0.0,0.0,0.0,,
word,33601,P-241,0.0,0.0,0.0,0.0,0.0,0.0,0.0,,
word,33612,BLR-056,0.0,0.0,0.0,0.0,0.0,0.0,0.0,,
word,33764,HX-066,0.0,0.0,0.0,0.0,0.0,0.0,0.0,,
word,33774,K-038,0.0,0.0,0.0,0.0,0.0,0.0,0.0,,
word,33780,RLP-066,0.0,0.0,0.0,0.0,0.0,0.0,0.0,,
word,33787,CV-034,0.0,0.0,0.0,0.0,0.0,0.0,0.0,,
word,33808,P-337,0.0,0.0,0.0,0.0,0.0,0.0,0.0,,
word,33821,UF-027,0.0,0.0,0.0,0.0,0.0,0.0,0.0,,
word,33842,K-130,0.0,0.0,0.0,0.0,0.0,0.0,0.0,,
word,33851,FCC-130,0.0,0.0,0.0,0.0,0.0,0.0,0.0,,
word,33862,M-015,0.0,0.0,0.0,0.0,0.0,0.0,0.0,,
word,33864,BLR-119,0.0,0.0,0.0,0.0,0.0,0.0,0.0,,
word,33871,HV-022,0.0,0.0,0.0,0.0,0.0,0.0,0.0,,
word,33881,GB-143,0.0,0.0,0.0,0.0,0.0,0.0,0.0,,
word,33890,P-584,0.0,0.0,0.0,0.0,0.0,0.0,0.0,,
word,33892,P-314,0.0,0.0,0.0,0.0,0.0,0.0,0.0,,
word,33920,DP-081,0.0,0.0,0.0,0.0,0.0,0.0,0.0,,
word,33929,TRB-106,0.0,0.0,0.0,0.0,1.0,0.0,0.03333333333333333,,
word,33934,UF-055,0.0,0.0,0.0,0.0,0.0,0.0,0.0,,
word,33942,AG-108,0.0,0.0,0.0,0.0,0.0,0.0,0.0,,
word,34019,R-014,0.0,0.0,0.0,0.0,0.0,0.0,0.0,,
word,34021,GT-143,0.0,0.0,0.0,0.0,0.0,0.0,0.0,,
word,34047,BM-096,0.0,0.0,0.0,0.0,0.0,0.0,0.0,,
word,34116,DRY-090,0.0,0.0,0.0,0.0,0.0,0.0,0.0,,
word,34189,R-079,0.0,0.0,0.0,0.0,0.0,0.0,0.0,,
word,34293,HX-312,0.0,0.0,0.0,0.0,0.0,0.0,0.0,,
word,34300,K-099,0.0,0.0,0.0,0.0,0.0,0.0,0.0,,
word,34309,GT-044,0.0,0.0,0.0,0.0,0.0,0.0,0.0,,
word,34372,M-007,0.0,0.0,0.0,0.0,0.0,0.0,0.0,,
word,34441,P-341,0.0,0.0,0.0,0.0,0.0,0.0,0.0,,
word,34473,R-112,0.0,0.0,0.0,0.0,0.0,0.0,0.0,,
word,34487,HX-043,0.0,0.0,0.0,0.0,0.0,0.0,0.0,,
word,34530,K-045,0.0,0.0,0.0,0.0,0.0,0.0,0.0,,
word,34566,HX-140,0.0,0.0,0.0,0.0,0.0,0.0,0.0,,
word,34605,HX-080,0.0,0.0,0.0,0.0,0.0,0.0,0.0,,
word,34641,BLR-028,0.0,0.0,0.0,0.0,1.0,0.0,0.020833333333333332,,
word,34645,CR-052,0.0,0.0,0.0,0.0,0.0,0.0,0.0,,
word,34648,SEP-095,0.0,0.0,0.0,0.0,0.0,0.0,0.0,,
word,34663,CV-118,0.0,0.0,0.0,0.0,0.0,0.0,0.0,,
word,34706,CV-243,0.0,0.0,1.0,1.0,1.0,0.14285714285714285,0.14285714285714285,,
word,34719,P-243,0.0,0.0,0.0,0.0,0.0,0.0,0.0,,
word,34727,P-120,0.0,0.0,0.0,0.0,0.0,0.0,0.0,,
word,34741,BM-004,0.0,0.0,0.0,0.0,0.0,0.0,0.0,,
word,34768,P-684,0.0,0.0,0.0,0.0,0.0,0.0,0.0,,
word,34790,P-331,0.0,0.0,0.0,0.0,0.0,0.0,0.0,,
word,34807,SEP-078,0.0,0.0,0.0,0.0,0.0,0.0,0.0,,
word,34816,K-166,0.0,0.0,0.0,0.0,0.0,0.0,0.0,,
word,34821,HX-143,0.0,0.0,0.0,0.0,0.0,0.0,0.0,,
word,34826,CV-020,0.0,0.0,0.0,0.0,0.0,0.0,0.0,,
word,34902,P-116,0.0,0.0,0.0,0.0,0.0,0.0,0.0,,
word,35040,R-112,0.0,0.0,0.0,1.0,1.0,0.0,0.0625,,
word,35046,DRY-135,0.0,0.0,0.0,0.0,0.0,0.0,0.0,,
word,35047,P-293,0.0,0.0,0.0,0.0,0.0,0.0,0.0,,
word,35128,FM-132,0.0,0.0,0.0,1.0,1.0,0.0,0.05,,
word,35182,P-150,0.0,0.0,0.0,0.0,0.0,0.0,0.0,,
word,35223,HX-084,0.0,0.0,0.0,1.0,1.0,0.0,0.058823529411764705,,
word,35242,K-105,0.0,0.0,0.0,0.0,0.0,0.0,0.0,,
word,35249,P-646,0.0,0.0,0.0,0.0,0.0,0.0,0.0,,
word,35250,TK-019,0.0,0.0,0.0,0.0,0.0,0.0,0.0,,
word,35376,TK-116,0.0,0.0,0.0,0.0,0.0,0.0,0.0,,
word,35404,K-294,0.0,0.0,0.0,0.0,0.0,0.0,0.0,,
word,35603,P-305,0.0,0.0,0.0,0.0,0.0,0.0,0.0,,
word,35741,M-113,0.0,0.0,0.0,0.0,0.0,0.0,0.0,,
word,35766,P-673,0.0,0.0,0.0,0.0,0.0,0.0,0.0,,
word,35816,FM-048,0.0,0.0,0.0,0.0,0.0,0.0,0.0,,
word,35924,P-258,0.0,0.0,0.0,0.0,0.0,0.0,0.0,,
word,35970,TK-079,0.0,0.0,0.0,0.0,0.0,0.0,0.0,,
word,36028,SEP-128,0.0,0.0,1.0,1.0,1.0,0.125,0.125,,
word,36033,TK-102,0.0,0.0,0.0,1.0,1.0,0.0,0.058823529411764705,,
word,36162,HX-039,0.0,0.0,0.0,0.0,0.0,0.0,0.0,,
word,36163,TK-147,0.0,0.0,0.0,0.0,0.0,0.0,0.0,,
word,36180,P-186,0.0,0.0,0.0,0.0,0.0,0.0,0.0,,
word,36186,EV-083,0.0,0.0,0.0,0.0,0.0,0.0,0.0,,
word,36194,DOS-145,0.0,0.0,0.0,0.0,1.0,0.0,0.045454545454545456,,
word,36223,P-308,0.0,0.0,0.0,0.0,0.0,0.0,0.0,,
word,36279,CV-186,0.0,0.0,0.0,0.0,0.0,0.0,0.0,,
word,36310,TRB-099,0.0,0.0,0.0,0.0,0.0,0.0,0.0,,
word,36354,M-141,0.0,0.0,0.0,0.0,0.0,0.0,0.0,,
word,36449,DOS-031,0.0,0.0,0.0,0.0,0.0,0.0,0.0,,
word,36540,RLP-078,0.0,0.0,1.0,1.0,1.0,0.14285714285714285,0.14285714285714285,,
word,36594,SD-135,0.0,0.0,0.0,1.0,1.0,0.0,0.06666666666666667,,
word,36633,HV-224,0.0,0.0,0.0,0.0,0.0,0.0,0.0,,
word,36640,P-216,0.0,0.0,0.0,0.0,0.0,0.0,0.0,,
word,36654,P-192,0.0,0.0,0.0,0.0,0.0,0.0,0.0,,
word,36687,HP-129,0.0,0.0,0.0,0.0,0.0,0.0,0.0,,
word,36714,DRY-053,0.0,0.0,1.0,1.0,1.0,0.16666666666666666,0.16666666666666666,,
word,36716,SC-106,0.0,0.0,0.0,0.0,0.0,0.0,0.0,,
word,36728,P-545,0.0,0.0,0.0,0.0,0.0,0.0,0.0,,
word,36749,F-119,0.0,0.0,0.0,0.0,0.0,0.0,0.0,,
word,36833,P-624,0.0,0.0,0.0,0.0,0.0,0.0,0.0,,
word,36905,TK-044,0.0,0.0,0.0,0.0,0.0,0.0,0.0,,
word,36991,K-014,0.0,0.0,0.0,0.0,0.0,0.0,0.0,,
word,37121,TK-123,0.0,0.0,0.0,0.0,0.0,0.0,0.0,,
word,37128,P-358,0.0,0.0,0.0,0.0,0.0,0.0,0.0,,
word,37138,GT-047,0.0,0.0,0.0,0.0,1.0,0.0,0.030303030303030304,,
word,37139,CR-137,0.0,1.0,1.0,1.0,1.0,0.3333333333333333,0.3333333333333333,,
word,37153,HX-074,0.0,0.0,0.0,0.0,0.0,0.0,0.0,,
word,37155,CT-079,0.0,0.0,0.0,0.0,0.0,0.0,0.0,,
word,37159,K-033,0.0,0.0,0.0,0.0,0.0,0.0,0.0,,
word,37187,TK-097,0.0,0.0,0.0,0.0,0.0,0.0,0.0,,
word,37196,HX-075,0.0,0.0,0.0,0.0,0.0,0.0,0.0,,
word,37216,P-265,0.0,0.0,0.0,0.0,0.0,0.0,0.0,,
word,37254,K-299,0.0,0.0,0.0,0.0,0.0,0.0,0.0,,
word,37284,DP-083,0.0,0.0,0.0,0.0,1.0,0.0,0.022727272727272728,,
word,37311,DRY-133,0.0,0.0,0.0,0.0,0.0,0.0,0.0,,
word,37331,DRY-072,0.0,0.0,0.0,0.0,0.0,0.0,0.0,,
word,37446,EV-067,0.0,0.0,0.0,0.0,0.0,0.0,0.0,,
word,37488,P-309,0.0,0.0,0.0,0.0,0.0,0.0,0.0,,
word,37504,K-025,0.0,0.0,0.0,0.0,0.0,0.0,0.0,,
word,37510,R-128,0.0,0.0,0.0,0.0,0.0,0.0,0.0,,
word,37550,CR-136,0.0,0.0,0.0,0.0,0.0,0.0,0.0,,
word,37570,CT-114,0.0,0.0,0.0,0.0,0.0,0.0,0.0,,
word,37683,EX-015,0.0,0.0,1.0,1.0,1.0,0.1111111111111111,0.1111111111111111,,
word,37711,RLP-077,0.0,0.0,0.0,0.0,0.0,0.0,0.0,,
word,37715,P-745,0.0,0.0,0.0,0.0,0.0,0.0,0.0,,
word,37746,M-036,0.0,0.0,1.0,1.0,1.0,0.125,0.125,,
word,37764,K-084,0.0,0.0,0.0,0.0,0.0,0.0,0.0,,
word,37787,HX-118,0.0,0.0,0.0,0.0,0.0,0.0,0.0,,
word,37819,HV-035,0.0,0.0,0.0,0.0,0.0,0.0,0.0,,
word,37884,HP-134,0.0,0.0,0.0,0.0,0.0,0.0,0.0,,
word,37923,CV-070,0.0,0.0,0.0,0.0,0.0,0.0,0.0,,
word,37969,M-062,0.0,0.0,0.0,0.0,0.0,0.0,0.0,,
word,38016,AG-021,0.0,0.0,0.0,0.0,0.0,0.0,0.0,,
word,38083,TK-215,0.0,0.0,0.0,0.0,0.0,0.0,0.0,,
word,38092,GT-024,0.0,0.0,0.0,0.0,0.0,0.0,0.0,,
word,38128,CT-103,0.0,0.0,0.0,0.0,0.0,0.0,0.0,,
word,38132,SD-078,0.0,0.0,0.0,0.0,0.0,0.0,0.0,,
word,38162,P-128,0.0,0.0,0.0,0.0,0.0,0.0,0.0,,
word,38196,SD-031,0.0,0.0,0.0,1.0,1.0,0.0,0.05263157894736842,,
word,38246,FM-217,0.0,0.0,0.0,0.0,0.0,0.0,0.0,,
word,38289,P-162,0.0,0.0,0.0,0.0,0.0,0.0,0.0,,
word,38354,P-320,0.0,0.0,0.0,0.0,1.0,0.0,0.04,,
word,38401,P-201,0.0,0.0,0.0,0.0,0.0,0.0,0.0,,
word,38430,GT-043,0.0,0.0,0.0,0.0,0.0,0.0,0.0,,
word,38457,P-616,0.0,0.0,1.0,1.0,1.0,0.1,0.1,,
word,38484,UF-133,0.0,0.0,0.0,1.0,1.0,0.0,0.05263157894736842,,
word,38497,HX-321,0.0,0.0,0.0,0.0,0.0,0.0,0.0,,
word,38507,TRB-041,0.0,0.0,0.0,0.0,1.0,0.0,0.023809523809523808,,
word,38516,P-163,0.0,0.0,0.0,0.0,0.0,0.0,0.0,,
word,38611,F-081,0.0,0.0,0.0,0.0,0.0,0.0,0.0,,
word,38791,M-008,0.0,0.0,0.0,0.0,0.0,0.0,0.0,,
word,38824,EV-079,0.0,0.0,0.0,0.0,1.0,0.0,0.030303030303030304,,
word,38861,HX-018,0.0,0.0,0.0,0.0,0.0,0.0,0.0,,
word,38908,CR-098,0.0,0.0,0.0,0.0,0.0,0.0,0.0,,
word,38945,BLR-241,0.0,0.0,0.0,0.0,0.0,0.0,0.0,,
word,38949,GB-072,0.0,0.0,0.0,0.0,0.0,0.0,0.0,,
word,38954,TK-112,0.0,0.0,0.0,1.0,1.0,0.0,0.07142857142857142,,
word,38981,HX-099,0.0,0.0,1.0,1.0,1.0,0.14285714285714285,0.14285714285714285,,
word,39013,DRY-058,0.0,0.0,0.0,0.0,0.0,0.0,0.0,,
word,39066,TRB-019,0.0,0.0,0.0,0.0,0.0,0.0,0.0,,
word,39125,CV-123,0.0,0.0,0.0,0.0,0.0,0.0,0.0,,
word,39133,P-342,0.0,0.0,0.0,0.0,0.0,0.0,0.0,,
word,39139,FCC-031,0.0,0.0,0.0,0.0,0.0,0.0,0.0,,
word,39147,P-694,0.0,0.0,0.0,0.0,0.0,0.0,0.0,,
word,39151,TK-042,0.0,0.0,0.0,0.0,0.0,0.0,0.0,,
word,39237,P-265,0.0,0.0,0.0,0.0,1.0,0.0,0.022222222222222223,,
word,39281,FM-052,0.0,0.0,0.0,0.0,0.0,0.0,0.0,,
word,39335,P-252,0.0,0.0,0.0,0.0,0.0,0.0,0.0,,
word,39387,P-216,0.0,0.0,0.0,0.0,0.0,0.0,0.0,,
word,39391,P-141,0.0,0.0,0.0,0.0,0.0,0.0,0.0,,
word,39462,BM-124,0.0,0.0,0.0,0.0,0.0,0.0,0.0,,
word,39481,P-361,0.0,0.0,0.0,0.0,0.0,0.0,0.0,,
word,39484,DC-053,0.0,0.0,0.0,0.0,0.0,0.0,0.0,,
word,39610,F-117,0.0,0.0,0.0,0.0,1.0,0.0,0.030303030303030304,,
word,39617,BM-136,0.0,0.0,0.0,0.0,0.0,0.0,0.0,,
word,39618,P-519,0.0,0.0,0.0,0.0,0.0,0.0,0.0,,
word,39639,AG-185,0.0,0.0,0.0,0.0,0.0,0.0,0.0,,
word,39706,P-112,0.0,0.0,0.0,0.0,0.0,0.0,0.0,,
word,39718,P-208,0.0,0.0,0.0,0.0,0.0,0.0,0.0,,
word,39763,TK-010,0.0,0.0,0.0,0.0,0.0,0.0,0.0,,
word,39780,M-125,0.0,0.0,0.0,1.0,1.0,0.0,0.09090909090909091,,
word,39792,K-225,0.0,0.0,0.0,0.0,0.0,0.0,0.0,,
word,39805,EV-026,0.0,0.0,0.0,0.0,0.0,0.0,0.0,,
word,39815,M-025,0.0,0.0,0.0,0.0,1.0,0.0,0.02857142857142857,,
word,39841,M-086,0.0,0.0,0.0,0.0,1.0,0.0,0.020833333333333332,,
word,39851,UF-051,0.0,0.0,0.0,0.0,1.0,0.0,0.030303030303030304,,
word,39855,TK-323,0.0,0.0,0.0,0.0,0.0,0.0,0.0,,
word,39858,P-619,0.0,0.0,0.0,0.0,0.0,0.0,0.0,,
word,39875,P-664,0.0,0.0,0.0,0.0,0.0,0.0,0.0,,
word,39879,P-134,0.0,0.0,0.0,0.0,0.0,0.0,0.0,,
word,39945,R-005,0.0,0.0,0.0,0.0,0.0,0.0,0.0,,
word,40073,VP-096,0.0,0.0,0.0,0.0,0.0,0.0,0.0,,
word,40082,CF-211,0.0,0.0,0.0,0.0,0.0,0.0,0.0,,
word,40107,CV-272,0.0,0.0,0.0,0.0,0.0,0.0,0.0,,
word,40127,F-227,0.0,0.0,0.0,0.0,0.0,0.0,0.0,,
word,40235,P-728,0.0,0.0,0.0,0.0,0.0,0.0,0.0,,
word,40283,M-147,0.0,0.0,0.0,0.0,0.0,0.0,0.0,,
word,40309,TK-140,0.0,0.0,0.0,0.0,0.0,0.0,0.0,,
word,40314,AG-065,0.0,0.0,0.0,0.0,0.0,0.0,0.0,,
word,40318,P-404,0.0,0.0,0.0,0.0,0.0,0.0,0.0,,
word,40339,P-435,0.0,0.0,0.0,0.0,0.0,0.0,0.0,,
word,40367,R-281,0.0,0.0,0.0,0.0,0.0,0.0,0.0,,
word,40379,K-136,0.0,0.0,0.0,0.0,0.0,0.0,0.0,,
word,40387,AG-216,0.0,0.0,0.0,0.0,0.0,0.0,0.0,,
word,40399,HX-138,0.0,0.0,0.0,0.0,0.0,0.0,0.0,,
word,40489,DRY-068,0.0,0.0,0.0,0.0,0.0,0.0,0.0,,
word,40501,F-109,0.0,0.0,0.0,0.0,0.0,0.0,0.0,,
word,40519,CV-031,1.0,1.0,1.0,1.0,1.0,1.0,1.0,,
word,40523,CR-145,0.0,0.0,0.0,0.0,0.0,0.0,0.0,,
word,40534,P-414,0.0,1.0,1.0,1.0,1.0,0.3333333333333333,0.3333333333333333,,
word,40550,K-081,0.0,0.0,0.0,0.0,0.0,0.0,0.0,,
word,40555,K-139,0.0,0.0,0.0,0.0,0.0,0.0,0.0,,
word,40570,P-422,0.0,0.0,0.0,0.0,0.0,0.0,0.0,,
word,40662,TK-021,0.0,0.0,0.0,0.0,0.0,0.0,0.0,,
word,40706,M-078,0.0,0.0,0.0,0.0,0.0,0.0,0.0,,
word,40730,K-221,0.0,0.0,0.0,0.0,0.0,0.0,0.0,,
word,40771,P-220,0.0,0.0,0.0,0.0,0.0,0.0,0.0,,
word,40781,RLP-036,0.0,1.0,1.0,1.0,1.0,0.3333333333333333,0.3333333333333333,,
word,40795,SEP-129,0.0,0.0,0.0,0.0,0.0,0.0,0.0,,
word,40801,R-094,0.0,0.0,0.0,0.0,0.0,0.0,0.0,,
word,40819,TK-166,0.0,0.0,0.0,0.0,0.0,0.0,0.0,,
word,40857,K-325,0.0,0.0,0.0,0.0,0.0,0.0,0.0,,
word,40910,TK-121,0.0,0.0,0.0,0.0,0.0,0.0,0.0,,
word,40911,GS-128,0.0,0.0,0.0,0.0,0.0,0.0,0.0,,
word,40917,R-108,0.0,0.0,0.0,0.0,0.0,0.0,0.0,,
word,40974,GS-022,0.0,0.0,0.0,1.0,1.0,0.0,0.05555555555555555,,
word,40988,SEP-135,0.0,0.0,0.0,0.0,0.0,0.0,0.0,,
word,40998,F-074,0.0,0.0,0.0,0.0,0.0,0.0,0.0,,
word,40999,P-707,0.0,0.0,0.0,0.0,0.0,0.0,0.0,,
word,41121,TK-232,0.0,0.0,0.0,0.0,0.0,0.0,0.0,,
word,41132,DOS-122,0.0,0.0,0.0,0.0,1.0,0.0,0.037037037037037035,,
word,41152,SC-132,0.0,0.0,0.0,0.0,1.0,0.0,0.023255813953488372,,
word,41184,HX-019,0.0,0.0,0.0,0.0,0.0,0.0,0.0,,
word,41270,TK-149,0.0,0.0,0.0,0.0,0.0,0.0,0.0,,
word,41300,SC-139,0.0,0.0,0.0,0.0,0.0,0.0,0.0,,
word,41307,FCC-139,0.0,0.0,0.0,0.0,1.0,0.0,0.03125,,
word,41356,CT-111,0.0,1.0,1.0,1.0,1.0,0.5,0.5,,
word,41364,P-688,0.0,0.0,0.0,0.0,0.0,0.0,0.0,,
word,41366,K-147,0.0,0.0,0.0,0.0,0.0,0.0,0.0,,
word,41372,DC-008,0.0,0.0,0.0,0.0,0.0,0.0,0.0,,
word,41377,CT-107,0.0,0.0,0.0,0.0,0.0,0.0,0.0,,
word,41386,HX-074,0.0,0.0,0.0,0.0,0.0,0.0,0.0,,
word,41401,GB-053,0.0,0.0,0.0,0.0,0.0,0.0,0.0,,
word,41433,AG-076,0.0,0.0,0.0,0.0,0.0,0.0,0.0,,
word,41435,CV-143,0.0,0.0,0.0,0.0,0.0,0.0,0.0,,
word,41490,TRB-029,0.0,0.0,0.0,0.0,0.0,0.0,0.0,,
word,41506,TK-110,0.0,1.0,1.0,1.0,1.0,0.3333333333333333,0.3333333333333333,,
word,41620,K-070,0.0,0.0,0.0,0.0,0.0,0.0,0.0,,
word,41681,M-106,0.0,0.0,0.0,0.0,0.0,0.0,0.0,,
word,41711,TK-117,0.0,0.0,0.0,0.0,0.0,0.0,0.0,,
word,41721,CV-069,0.0,0.0,0.0,0.0,0.0,0.0,0.0,,
word,41747,TK-162,0.0,0.0,0.0,0.0,0.0,0.0,0.0,,
word,41770,CV-076,0.0,0.0,0.0,0.0,0.0,0.0,0.0,,
word,41793,UF-109,0.0,0.0,1.0,1.0,1.0,0.1,0.1,,
word,41809,R-117,0.0,0.0,0.0,0.0,0.0,0.0,0.0,,
word,41946,K-178,0.0,0.0,0.0,0.0,0.0,0.0,0.0,,
word,41979,EX-088,0.0,1.0,1.0,1.0,1.0,0.3333333333333333,0.3333333333333333,,
word,41987,K-032,0.0,0.0,0.0,0.0,1.0,0.0,0.047619047619047616,,
word,41997,P-306,0.0,0.0,0.0,0.0,0.0,0.0,0.0,,
word,42004,P-612,0.0,0.0,0.0,0.0,0.0,0.0,0.0,,
word,42047,M-072,0.0,0.0,0.0,0.0,1.0,0.0,0.03125,,
word,42049,P-311,0.0,0.0,0.0,0.0,0.0,0.0,0.0,,
word,42050,P-638,0.0,0.0,0.0,0.0,0.0,0.0,0.0,,
word,42092,M-021,0.0,0.0,0.0,0.0,1.0,0.0,0.02702702702702703,,
word,42222,BM-013,0.0,0.0,0.0,0.0,0.0,0.0,0.0,,
word,42278,HX-093,0.0,0.0,0.0,0.0,0.0,0.0,0.0,,
word,42319,TK-080,0.0,0.0,0.0,0.0,0.0,0.0,0.0,,
word,42344,CT-128,0.0,0.0,0.0,0.0,1.0,0.0,0.047619047619047616,,
word,42364,DRY-043,0.0,0.0,0.0,0.0,0.0,0.0,0.0,,
word,42365,HV-128,0.0,0.0,0.0,1.0,1.0,0.0,0.06666666666666667,,
word,42369,P-230,0.0,0.0,0.0,0.0,0.0,0.0,0.0,,
word,42375,K-005,0.0,0.0,0.0,0.0,0.0,0.0,0.0,,
word,42407,GT-025,0.0,0.0,0.0,0.0,1.0,0.0,0.03333333333333333,,
word,42491,M-070,0.0,0.0,0.0,0.0,0.0,0.0,0.0,,
word,42545,F-243,0.0,0.0,0.0,0.0,0.0,0.0,0.0,,
word,42634,BLR-096,0.0,0.0,0.0,0.0,0.0,0.0,0.0,,
word,42681,EX-119,0.0,0.0,0.0,0.0,0.0,0.0,0.0,,
word,42746,DP-213,0.0,0.0,0.0,0.0,0.0,0.0,0.0,,
word,42772,FM-071,0.0,0.0,0.0,0.0,0.0,0.0,0.0,,
word,42800,CR-041,0.0,0.0,0.0,0.0,0.0,0.0,0.0,,
word,42835,GB-088,0.0,0.0,0.0,0.0,0.0,0.0,0.0,,
word,42901,TK-006,0.0,0.0,0.0,0.0,0.0,0.0,0.0,,
word,42927,P-362,0.0,0.0,0.0,0.0,0.0,0.0,0.0,,
word,42956,P-520,0.0,0.0,0.0,0.0,0.0,0.0,0.0,,
word,42996,AG-075,0.0,0.0,0.0,0.0,0.0,0.0,0.0,,
word,43056,TK-192,0.0,0.0,0.0,0.0,0.0,0.0,0.0,,
word,43067,P-187,0.0,0.0,0.0,0.0,0.0,0.0,0.0,,
word,43068,DRY-085,0.0,0.0,0.0,0.0,0.0,0.0,0.0,,
word,43092,TK-013,0.0,0.0,0.0,0.0,0.0,0.0,0.0,,
word,43117,DC-146,0.0,0.0,0.0,0.0,0.0,0.0,0.0,,
word,43153,M-118,0.0,0.0,0.0,0.0,0.0,0.0,0.0,,
word,43173,UF-02,0.0,0.0,0.0,0.0,0.0,0.0,0.0,,
word,43303,SD-122,0.0,0.0,0.0,0.0,0.0,0.0,0.0,,
word,43365,FCC-091,0.0,0.0,0.0,0.0,0.0,0.0,0.0,,
word,43372,TK-144,0.0,0.0,0.0,0.0,0.0,0.0,0.0,,
word,43394,TK-065,0.0,0.0,1.0,1.0,1.0,0.125,0.125,,
word,43437,BM-117,0.0,0.0,0.0,0.0,0.0,0.0,0.0,,
word,43461,HP-141,0.0,0.0,0.0,0.0,0.0,0.0,0.0,,
word,43527,HP-113,0.0,0.0,0.0,0.0,1.0,0.0,0.025,,
word,43531,DC-077,0.0,0.0,1.0,1.0,1.0,0.16666666666666666,0.16666666666666666,,
word,43564,CV-020,0.0,0.0,0.0,0.0,0.0,0.0,0.0,,
word,43597,P-639,0.0,0.0,0.0,0.0,0.0,0.0,0.0,,
word,43644,SD-045,0.0,0.0,0.0,0.0,1.0,0.0,0.047619047619047616,,
word,43668,M-084,0.0,0.0,0.0,0.0,0.0,0.0,0.0,,
word,43669,GB-141,0.0,0.0,0.0,0.0,0.0,0.0,0.0,,
word,43748,BM-134,0.0,0.0,0.0,0.0,0.0,0.0,0.0,,
word,43752,GS-162,0.0,0.0,0.0,0.0,1.0,0.0,0.02857142857142857,,
word,43773,F-023,0.0,0.0,0.0,0.0,0.0,0.0,0.0,,
word,43895,DC-114,0.0,0.0,0.0,0.0,0.0,0.0,0.0,,
word,43936,HX-138,0.0,0.0,0.0,0.0,0.0,0.0,0.0,,
word,44033,CV-01,0.0,0.0,0.0,0.0,0.0,0.0,0.0,,
word,44052,UF-094,0.0,0.0,1.0,1.0,1.0,0.1111111111111111,0.1111111111111111,,
word,44163,TK-223,0.0,0.0,0.0,0.0,0.0,0.0,0.0,,
word,44210,EV-101,0.0,0.0,0.0,0.0,0.0,0.0,0.0,,
word,44215,P-326,0.0,0.0,0.0,0.0,0.0,0.0,0.0,,
word,44376,M-121,0.0,0.0,0.0,0.0,0.0,0.0,0.0,,
word,44378,TRB-067,0.0,0.0,0.0,0.0,0.0,0.0,0.0,,
word,44394,P-145,0.0,0.0,0.0,0.0,0.0,0.0,0.0,,
word,44442,M-009,0.0,0.0,0.0,1.0,1.0,0.0,0.07692307692307693,,
word,44486,P-268,0.0,0.0,0.0,0.0,0.0,0.0,0.0,,
word,44500,TK-076,0.0,0.0,0.0,0.0,0.0,0.0,0.0,,
word,44509,RLP-011,0.0,0.0,0.0,0.0,1.0,0.0,0.034482758620689655,,
word,44525,VP-013,0.0,0.0,0.0,0.0,0.0,0.0,0.0,,
word,44540,F-062,0.0,0.0,0.0,0.0,0.0,0.0,0.0,,
word,44594,GB-109,0.0,0.0,0.0,0.0,0.0,0.0,0.0,,
word,44646,UF-027,0.0,0.0,0.0,0.0,0.0,0.0,0.0,,
word,44684,P-177,0.0,0.0,0.0,0.0,0.0,0.0,0.0,,
word,44712,K-050,0.0,0.0,0.0,0.0,1.0,0.0,0.02,,
word,44727,CV-072,0.0,0.0,0.0,0.0,0.0,0.0,0.0,,
word,44816,R-118,0.0,0.0,0.0,0.0,0.0,0.0,0.0,,
word,44868,R-160,0.0,0.0,0.0,0.0,0.0,0.0,0.0,,
word,44937,M-106,0.0,0.0,0.0,0.0,0.0,0.0,0.0,,
word,44941,UF-105,0.0,0.0,0.0,0.0,0.0,0.0,0.0,,
word,44957,TRB-058,0.0,0.0,0.0,0.0,0.0,0.0,0.0,,
word,44970,BLR-030,0.0,0.0,0.0,0.0,0.0,0.0,0.0,,
word,44995,P-269,0.0,0.0,0.0,0.0,0.0,0.0,0.0,,
word,45021,HP-067,0.0,0.0,0.0,0.0,0.0,0.0,0.0,,
word,45030,BLR-107,0.0,0.0,0.0,0.0,0.0,0.0,0.0,,
word,45051,P-521,0.0,0.0,0.0,0.0,0.0,0.0,0.0,,
word,45058,BM-060,0.0,0.0,0.0,0.0,0.0,0.0,0.0,,
word,45063,RLP-126,0.0,0.0,0.0,0.0,0.0,0.0,0.0,,
word,45086,GS-125,0.0,0.0,0.0,0.0,0.0,0.0,0.0,,
word,45088,TRB-086,0.0,0.0,0.0,0.0,0.0,0.0,0.0,,
word,45098,GB-112,0.0,0.0,0.0,0.0,0.0,0.0,0.0,,
word,45123,BLR-172,0.0,0.0,0.0,0.0,0.0,0.0,0.0,,
word,45159,M-131,0.0,0.0,0.0,0.0,1.0,0.0,0.023809523809523808,,
word,45167,P-248,0.0,0.0,0.0,0.0,0.0,0.0,0.0,,
word,45243,AG-076,0.0,0.0,0.0,0.0,0.0,0.0,0.0,,
word,45351,EX-090,0.0,0.0,0.0,0.0,0.0,0.0,0.0,,
word,45362,RLP-061,0.0,0.0,0.0,0.0,0.0,0.0,0.0,,
word,45402,FCC-121,0.0,0.0,0.0,0.0,0.0,0.0,0.0,,
word,45423,HV-068,0.0,0.0,0.0,0.0,0.0,0.0,0.0,,
word,45487,F-062,0.0,0.0,0.0,0.0,0.0,0.0,0.0,,
word,45497,CV-089,0.0,0.0,0.0,0.0,0.0,0.0,0.0,,
word,45578,DRY-004,0.0,0.0,0.0,0.0,0.0,0.0,0.0,,
word,45585,P-120,0.0,0.0,0.0,0.0,0.0,0.0,0.0,,
word,45605,R-234,0.0,0.0,0.0,0.0,0.0,0.0,0.0,,
word,45669,AG-136,0.0,0.0,0.0,0.0,0.0,0.0,0.0,,
word,45693,P-640,0.0,0.0,0.0,0.0,0.0,0.0,0.0,,
word,45730,P-644,0.0,0.0,0.0,0.0,0.0,0.0,0.0,,
word,45749,UF-106,0.0,0.0,0.0,0.0,0.0,0.0,0.0,,
word,45750,M-125,0.0,0.0,0.0,0.0,1.0,0.0,0.030303030303030304,,
word,45762,CR-025,0.0,0.0,0.0,0.0,0.0,0.0,0.0,,
word,45845,CT-144,0.0,0.0,0.0,0.0,0.0,0.0,0.0,,
word,45879,R-132,0.0,0.0,0.0,0.0,0.0,0.0,0.0,,
word,45954,P-176,0.0,0.0,0.0,0.0,0.0,0.0,0.0,,
word,45959,EX-043,0.0,0.0,0.0,0.0,0.0,0.0,0.0,,
word,45971,SD-124,0.0,0.0,0.0,0.0,0.0,0.0,0.0,,
word,46024,DOS-052,0.0,0.0,0.0,0.0,1.0,0.0,0.021739130434782608,,
word,46043,R-110,0.0,0.0,0.0,0.0,0.0,0.0,0.0,,
word,46084,CF-078,0.0,0.0,0.0,0.0,0.0,0.0,0.0,,
word,46121,P-708,0.0,0.0,0.0,0.0,0.0,0.0,0.0,,
word,46142,CF-112,0.0,0.0,0.0,0.0,0.0,0.0,0.0,,
word,46149,P-683,0.0,0.0,0.0,0.0,0.0,0.0,0.0,,
word,46176,SD-020,0.0,0.0,0.0,0.0,0.0,0.0,0.0,,
word,46227,P-413,0.0,0.0,0.0,0.0,0.0,0.0,0.0,,
word,46238,K-038,0.0,0.0,0.0,0.0,0.0,0.0,0.0,,
word,46242,P-528,0.0,0.0,0.0,0.0,0.0,0.0,0.0,,
word,46247,P-418,0.0,0.0,0.0,0.0,0.0,0.0,0.0,,
word,46263,GB-133,0.0,0.0,0.0,0.0,0.0,0.0,0.0,,
word,46309,TK-320,0.0,0.0,0.0,0.0,0.0,0.0,0.0,,
word,46423,M-068,0.0,0.0,0.0,0.0,0.0,0.0,0.0,,
word,46455,P-212,0.0,0.0,0.0,0.0,0.0,0.0,0.0,,
word,46497,M-054,0.0,0.0,0.0,0.0,0.0,0.0,0.0,,
word,46591,P-423,0.0,0.0,0.0,0.0,0.0,0.0,0.0,,
word,46671,HP-123,0.0,0.0,0.0,0.0,1.0,0.0,0.03571428571428571,,
word,46678,CF-124,0.0,0.0,0.0,0.0,1.0,0.0,0.03333333333333333,,
word,46936,DP-124,0.0,0.0,1.0,1.0,1.0,0.125,0.125,,
word,46938,CR-099,0.0,0.0,0.0,0.0,0.0,0.0,0.0,,
word,47021,P-738,0.0,0.0,0.0,0.0,0.0,0.0,0.0,,
word,47036,M-111,0.0,1.0,1.0,1.0,1.0,0.5,0.5,,
word,47128,DRY-087,0.0,0.0,0.0,1.0,1.0,0.0,0.05555555555555555,,
word,47163,P-269,0.0,0.0,0.0,0.0,0.0,0.0,0.0,,
word,47247,R-143,0.0,0.0,0.0,0.0,0.0,0.0,0.0,,
word,47268,HP-045,0.0,0.0,0.0,0.0,1.0,0.0,0.02,,
word,47275,P-185,0.0,0.0,0.0,1.0,1.0,0.0,0.09090909090909091,,
word,47312,HX-206,0.0,0.0,0.0,0.0,0.0,0.0,0.0,,
word,47346,R-030,0.0,0.0,0.0,0.0,0.0,0.0,0.0,,
word,47468,M-012,0.0,0.0,0.0,1.0,1.0,0.0,0.05,,
word,47554,GS-102,0.0,0.0,0.0,1.0,1.0,0.0,0.08333333333333333,,
word,47558,CV-009,0.0,0.0,0.0,0.0,1.0,0.0,0.038461538461538464,,
word,47578,R-093,0.0,0.0,0.0,0.0,0.0,0.0,0.0,,
word,47605,TRB-111,0.0,0.0,0.0,0.0,0.0,0.0,0.0,,
word,47612,K-209,0.0,0.0,0.0,0.0,0.0,0.0,0.0,,
word,47624,P-178,0.0,0.0,0.0,0.0,0.0,0.0,0.0,,
word,47648,BLR-085,0.0,0.0,0.0,0.0,0.0,0.0,0.0,,
word,47663,K-077,0.0,0.0,0.0,0.0,0.0,0.0,0.0,,
word,47668,HX-012,0.0,0.0,0.0,0.0,0.0,0.0,0.0,,
word,47685,TK-126,0.0,0.0,0.0,0.0,0.0,0.0,0.0,,
word,47704,HV-114,0.0,1.0,1.0,1.0,1.0,0.25,0.25,,
word,47747,M-100,0.0,0.0,0.0,0.0,0.0,0.0,0.0,,
word,47750,F-075,0.0,0.0,0.0,0.0,0.0,0.0,0.0,,
word,47761,EV-158,0.0,0.0,0.0,0.0,0.0,0.0,0.0,,
word,47769,F-056,0.0,0.0,0.0,0.0,0.0,0.0,0.0,,
word,47777,P-189,0.0,0.0,0.0,0.0,0.0,0.0,0.0,,
word,47791,M-114,0.0,0.0,0.0,0.0,0.0,0.0,0.0,,
word,47825,DRY-090,0.0,0.0,0.0,0.0,0.0,0.0,0.0,,
word,47842,M-020,0.0,0.0,0.0,0.0,0.0,0.0,0.0,,
word,47927,P-211,0.0,0.0,0.0,0.0,0.0,0.0,0.0,,
word,47981,UF-143,0.0,0.0,0.0,0.0,0.0,0.0,0.0,,
word,48014,DRY-135,0.0,0.0,0.0,0.0,1.0,0.0,0.034482758620689655,,
word,48118,TRB-007,0.0,0.0,0.0,1.0,1.0,0.0,0.05555555555555555,,
word,48215,P-224,0.0,0.0,1.0,1.0,1.0,0.1111111111111111,0.1111111111111111,,
word,48274,P-740,0.0,0.0,0.0,0.0,0.0,0.0,0.0,,
word,48300,GS-106,0.0,0.0,0.0,0.0,1.0,0.0,0.04,,
word,48314,M-149,0.0,0.0,0.0,0.0,0.0,0.0,0.0,,
word,48320,M-103,0.0,0.0,0.0,0.0,0.0,0.0,0.0,,
word,48322,HX-242,0.0,0.0,0.0,0.0,0.0,0.0,0.0,,
word,48323,TK-070,0.0,0.0,0.0,0.0,0.0,0.0,0.0,,
word,48328,P-313,0.0,0.0,0.0,0.0,0.0,0.0,0.0,,
word,48391,DC-095,0.0,0.0,0.0,0.0,0.0,0.0,0.0,,
word,48400,CV-062,0.0,0.0,0.0,0.0,0.0,0.0,0.0,,
word,48416,DRY-022,0.0,0.0,0.0,0.0,0.0,0.0,0.0,,
word,48418,FM-035,0.0,0.0,0.0,0.0,0.0,0.0,0.0,,
word,48433,P-212,0.0,0.0,0.0,0.0,0.0,0.0,0.0,,
word,48435,RLP-129,0.0,0.0,0.0,0.0,0.0,0.0,0.0,,
word,48518,K-131,0.0,0.0,0.0,0.0,0.0,0.0,0.0,,
word,48592,AG-121,0.0,0.0,1.0,1.0,1.0,0.1111111111111111,0.1111111111111111,,
word,48596,TK-175,0.0,0.0,0.0,0.0,0.0,0.0,0.0,,
word,48602,RLP-031,0.0,0.0,0.0,0.0,1.0,0.0,0.02,,
word,48628,SC-086,0.0,0.0,0.0,0.0,0.0,0.0,0.0,,
word,48631,EV-122,0.0,0.0,0.0,0.0,0.0,0.0,0.0,,
word,48694,P-278,0.0,0.0,0.0,0.0,0.0,0.0,0.0,,
word,48711,K-054,0.0,0.0,0.0,0.0,0.0,0.0,0.0,,
word,48761,P-379,0.0,0.0,0.0,0.0,0.0,0.0,0.0,,
word,48829,CV-112,0.0,0.0,0.0,0.0,0.0,0.0,0.0,,
word,48857,CV-188,0.0,0.0,0.0,0.0,0.0,0.0,0.0,,
word,48888,K-279,0.0,0.0,0.0,0.0,1.0,0.0,0.02564102564102564,,
word,48900,F-055,0.0,1.0,1.0,1.0,1.0,0.5,0.5,,
word,48955,DOS-142,0.0,0.0,0.0,0.0,0.0,0.0,0.0,,
word,48999,RLP-102,0.0,0.0,0.0,0.0,0.0,0.0,0.0,,
word,49069,CF-141,0.0,0.0,0.0,0.0,0.0,0.0,0.0,,
word,49085,GB-126,0.0,0.0,0.0,0.0,0.0,0.0,0.0,,
word,49117,BM-110,0.0,0.0,0.0,0.0,1.0,0.0,0.041666666666666664,,
word,49123,VP-119,0.0,0.0,0.0,0.0,1.0,0.0,0.027777777777777776,,
word,49142,M-113,0.0,0.0,0.0,0.0,1.0,0.0,0.047619047619047616,,
word,49183,HX-326,0.0,0.0,0.0,0.0,1.0,0.0,0.047619047619047616,,
word,49270,P-436,0.0,0.0,0.0,0.0,0.0,0.0,0.0,,
word,49279,M-066,0.0,0.0,0.0,0.0,0.0,0.0,0.0,,
word,49284,K-293,0.0,0.0,0.0,0.0,0.0,0.0,0.0,,
word,49394,R-113,0.0,0.0,0.0,0.0,0.0,0.0,0.0,,
word,49433,CV-074,0.0,0.0,0.0,0.0,0.0,0.0,0.0,,
word,49479,SEP-108,0.0,0.0,0.0,0.0,0.0,0.0,0.0,,
word,49496,RLP-025,0.0,0.0,0.0,0.0,0.0,0.0,0.0,,
word,49548,HP-056,0.0,0.0,0.0,0.0,0.0,0.0,0.0,,
word,49552,UF-043,0.0,0.0,0.0,0.0,0.0,0.0,0.0,,
word,49616,M-092,0.0,0.0,0.0,0.0,0.0,0.0,0.0,,
word,49636,HP-071,0.0,0.0,0.0,0.0,0.0,0.0,0.0,,
word,49651,HV-241,0.0,0.0,0.0,0.0,1.0,0.0,0.023809523809523808,,
word,49702,K-028,0.0,0.0,0.0,0.0,0.0,0.0,0.0,,
word,49782,CT-017,0.0,0.0,0.0,0.0,0.0,0.0,0.0,,
word,49784,HV-063,0.0,0.0,0.0,0.0,0.0,0.0,0.0,,
word,49792,P-124,0.0,0.0,0.0,0.0,0.0,0.0,0.0,,
word,49809,CT-130,0.0,0.0,0.0,0.0,0.0,0.0,0.0,,
word,49821,P-124,0.0,0.0,0.0,0.0,0.0,0.0,0.0,,
word,49822,P-510,0.0,0.0,0.0,0.0,0.0,0.0,0.0,,
word,49837,UF-107,0.0,0.0,0.0,0.0,0.0,0.0,0.0,,
word,49875,HX-014,0.0,0.0,0.0,0.0,0.0,0.0,0.0,,
word,49891,CT-060,0.0,0.0,0.0,0.0,0.0,0.0,0.0,,
word,49926,HX-117,0.0,0.0,0.0,0.0,0.0,0.0,0.0,,
word,49981,P-303,0.0,0.0,0.0,0.0,0.0,0.0,0.0,,
word_character,1,P-573,0.0,0.0,0.0,0.0,0.0,0.0,0.0,,
word_character,80,SD-124,0.0,0.0,0.0,0.0,0.0,0.0,0.0,,
word_character,81,P-415,0.0,0.0,0.0,0.0,0.0,0.0,0.0,,
word_character,96,BLR-141,0.0,0.0,0.0,0.0,0.0,0.0,0.0,,
word_character,97,P-174,0.0,0.0,0.0,0.0,0.0,0.0,0.0,,
word_character,121,EX-215,0.0,0.0,0.0,0.0,0.0,0.0,0.0,,
word_character,128,M-098,0.0,0.0,0.0,0.0,0.0,0.0,0.0,,
word_character,156,M-108,0.0,0.0,0.0,0.0,0.0,0.0,0.0,,
word_character,161,GS-055,0.0,0.0,0.0,1.0,1.0,0.0,0.07142857142857142,,
word_character,200,P-131,0.0,0.0,0.0,0.0,1.0,0.0,0.023255813953488372,,
word_character,296,TK-009,0.0,0.0,0.0,0.0,0.0,0.0,0.0,,
word_character,350,P-162,0.0,0.0,0.0,0.0,0.0,0.0,0.0,,
word_character,361,TRB-042,0.0,0.0,0.0,0.0,0.0,0.0,0.0,,
word_character,390,P-606,0.0,0.0,0.0,0.0,0.0,0.0,0.0,,
word_character,402,TK-017,0.0,0.0,0.0,0.0,0.0,0.0,0.0,,
word_character,424,R-067,0.0,0.0,0.0,0.0,0.0,0.0,0.0,,
word_character,505,FM-098,0.0,0.0,0.0,0.0,0.0,0.0,0.0,,
word_character,566,P-210,0.0,0.0,0.0,0.0,0.0,0.0,0.0,,
word_character,597,F-019,0.0,0.0,0.0,0.0,0.0,0.0,0.0,,
word_character,629,CT-037,0.0,0.0,0.0,0.0,0.0,0.0,0.0,,
word_character,631,TK-183,0.0,0.0,0.0,0.0,0.0,0.0,0.0,,
word_character,652,P-284,0.0,0.0,0.0,0.0,0.0,0.0,0.0,,
word_character,678,M-112,0.0,0.0,0.0,0.0,0.0,0.0,0.0,,
word_character,714,FM-125,0.0,0.0,0.0,0.0,0.0,0.0,0.0,,
word_character,849,DOS-130,0.0,0.0,0.0,1.0,1.0,0.0,0.0625,,
word_character,865,TK-417,0.0,0.0,0.0,0.0,0.0,0.0,0.0,,
word_character,1007,AG-079,0.0,0.0,0.0,0.0,0.0,0.0,0.0,,
word_character,1030,EX-072,0.0,0.0,0.0,0.0,0.0,0.0,0.0,,
word_character,1040,P-358,0.0,0.0,0.0,0.0,0.0,0.0,0.0,,
word_character,1042,VP-009,0.0,0.0,0.0,0.0,1.0,0.0,0.02127659574468085,,
word_character,1070,FM-147,0.0,0.0,0.0,0.0,0.0,0.0,0.0,,
word_character,1117,P-233,0.0,0.0,0.0,0.0,0.0,0.0,0.0,,
word_character,1252,DOS-133,0.0,0.0,0.0,0.0,0.0,0.0,0.0,,
word_character,1263,SC-015,0.0,0.0,0.0,0.0,0.0,0.0,0.0,,
word_character,1313,SC-031,0.0,0.0,0.0,0.0,0.0,0.0,0.0,,
word_character,1397,CV-014,0.0,0.0,0.0,0.0,0.0,0.0,0.0,,
word_character,1434,P-628,0.0,0.0,0.0,0.0,0.0,0.0,0.0,,
word_character,1455,HX-081,0.0,0.0,0.0,0.0,0.0,0.0,0.0,,
word_character,1505,CT-073,0.0,0.0,0.0,0.0,0.0,0.0,0.0,,
word_character,1540,EV-121,0.0,0.0,0.0,0.0,1.0,0.0,0.04,,
word_character,1555,R-064,0.0,0.0,0.0,0.0,0.0,0.0,0.0,,
word_character,1599,FCC-017,0.0,0.0,0.0,0.0,0.0,0.0,0.0,,
word_character,1611,EV-118,0.0,0.0,0.0,0.0,0.0,0.0,0.0,,
word_character,1725,CV-047,0.0,0.0,0.0,0.0,0.0,0.0,0.0,,
word_character,1746,FM-132,0.0,0.0,0.0,0.0,0.0,0.0,0.0,,
word_character,1939,HX-301,0.0,0.0,0.0,0.0,0.0,0.0,0.0,,
word_character,1967,GB-072,0.0,0.0,0.0,0.0,0.0,0.0,0.0,,
word_character,2005,K-019,0.0,0.0,0.0,0.0,0.0,0.0,0.0,,
word_character,2070,M-115,0.0,0.0,0.0,1.0,1.0,0.0,0.07142857142857142,,
word_character,2103,DP-121,0.0,0.0,0.0,0.0,0.0,0.0,0.0,,
word_character,2134,SC-059,0.0,0.0,0.0,0.0,0.0,0.0,0.0,,
word_character,2184,P-167,0.0,0.0,0.0,0.0,0.0,0.0,0.0,,
word_character,2220,UF-121,0.0,0.0,0.0,0.0,0.0,0.0,0.0,,
word_character,2243,HX-195,0.0,0.0,0.0,0.0,0.0,0.0,0.0,,
word_character,2298,P-189,0.0,0.0,0.0,0.0,0.0,0.0,0.0,,
word_character,2377,CV-036,0.0,0.0,0.0,0.0,0.0,0.0,0.0,,
word_character,2379,GT-124,0.0,0.0,0.0,0.0,0.0,0.0,0.0,,
word_character,2408,DOS-038,0.0,0.0,0.0,0.0,0.0,0.0,0.0,,
word_character,2503,GT-039,0.0,0.0,0.0,0.0,0.0,0.0,0.0,,
word_character,2508,P-701,0.0,0.0,0.0,0.0,0.0,0.0,0.0,,
word_character,2514,K-061,0.0,0.0,1.0,1.0,1.0,0.1,0.1,,
word_character,2537,F-145,0.0,0.0,0.0,0.0,0.0,0.0,0.0,,
word_character,2608,HX-287,0.0,0.0,0.0,0.0,0.0,0.0,0.0,,
word_character,2654,K-282,0.0,0.0,0.0,0.0,0.0,0.0,0.0,,
word_character,2668,SC-120,0.0,0.0,0.0,0.0,0.0,0.0,0.0,,
word_character,2730,DC-106,0.0,0.0,0.0,0.0,0.0,0.0,0.0,,
word_character,2733,GB-040,0.0,0.0,0.0,0.0,0.0,0.0,0.0,,
word_character,2764,P-398,0.0,0.0,0.0,0.0,0.0,0.0,0.0,,
word_character,2771,BLR-015,0.0,0.0,0.0,0.0,0.0,0.0,0.0,,
word_character,2877,P-417,0.0,0.0,0.0,0.0,0.0,0.0,0.0,,
word_character,2934,FCC-133,0.0,0.0,1.0,1.0,1.0,0.1,0.1,,
word_character,3023,GS-102,0.0,0.0,0.0,0.0,1.0,0.0,0.04,,
word_character,3081,P-187,0.0,0.0,0.0,0.0,0.0,0.0,0.0,,
word_character,3099,TRB-119,0.0,0.0,0.0,0.0,0.0,0.0,0.0,,
word_character,3127,HV-060,0.0,0.0,0.0,0.0,0.0,0.0,0.0,,
word_character,3152,DOS-065,0.0,0.0,0.0,0.0,0.0,0.0,0.0,,
word_character,3156,P-338,0.0,0.0,0.0,0.0,0.0,0.0,0.0,,
word_character,3160,SD-091,0.0,0.0,0.0,0.0,0.0,0.0,0.0,,
word_character,3178,BLR-111,0.0,0.0,0.0,0.0,0.0,0.0,0.0,,
word_character,3203,TK-097,0.0,0.0,0.0,0.0,0.0,0.0,0.0,,
word_character,3211,HX-143,0.0,0.0,1.0,1.0,1.0,0.1111111111111111,0.1111111111111111,,
word_character,3241,HX-307,0.0,0.0,0.0,0.0,0.0,0.0,0.0,,
word_character,3282,VP-058,0.0,0.0,0.0,0.0,0.0,0.0,0.0,,
word_character,3288,DOS-112,0.0,0.0,0.0,0.0,0.0,0.0,0.0,,
word_character,3289,SD-080,0.0,0.0,0.0,0.0,1.0,0.0,0.023809523809523808,,
word_character,3300,SD-032,0.0,0.0,0.0,0.0,1.0,0.0,0.02631578947368421,,
word_character,3309,F-094,0.0,0.0,0.0,0.0,0.0,0.0,0.0,,
word_character,3324,P-269,0.0,0.0,0.0,0.0,0.0,0.0,0.0,,
word_character,3386,SD-047,0.0,0.0,0.0,0.0,0.0,0.0,0.0,,
word_character,3387,DOS-136,0.0,0.0,0.0,0.0,0.0,0.0,0.0,,
word_character,3467,M-078,0.0,0.0,1.0,1.0,1.0,0.16666666666666666,0.16666666666666666,,
word_character,3468,P-314,0.0,0.0,0.0,0.0,0.0,0.0,0.0,,
word_character,3469,M-019,0.0,0.0,0.0,0.0,0.0,0.0,0.0,,
word_character,3488,CV-053,0.0,0.0,0.0,0.0,0.0,0.0,0.0,,
word_character,3490,DP-197,0.0,0.0,0.0,0.0,0.0,0.0,0.0,,
word_character,3584,P-441,0.0,0.0,1.0,1.0,1.0,0.16666666666666666,0.16666666666666666,,
word_character,3601,R-034,0.0,0.0,0.0,0.0,0.0,0.0,0.0,,
word_character,3605,GS-120,0.0,0.0,0.0,0.0,0.0,0.0,0.0,,
word_character,3665,SD-098,0.0,0.0,0.0,0.0,1.0,0.0,0.02564102564102564,,
word_character,3672,HP-103,0.0,0.0,0.0,0.0,0.0,0.0,0.0,,
word_character,3686,GB-077,0.0,0.0,0.0,0.0,0.0,0.0,0.0,,
word_character,3792,GS-004,0.0,0.0,0.0,0.0,0.0,0.0,0.0,,
word_character,3836,TK-104,0.0,0.0,0.0,0.0,1.0,0.0,0.024390243902439025,,
word_character,3876,M-142,0.0,0.0,0.0,0.0,1.0,0.0,0.03571428571428571,,
word_character,3906,R-210,0.0,0.0,0.0,0.0,0.0,0.0,0.0,,
word_character,3995,DOS-060,0.0,0.0,0.0,0.0,0.0,0.0,0.0,,
word_character,4030,FM-118,0.0,0.0,0.0,0.0,0.0,0.0,0.0,,
word_character,4072,P-103,0.0,0.0,0.0,0.0,0.0,0.0,0.0,,
word_character,4112,K-142,0.0,0.0,0.0,1.0,1.0,0.0,0.0625,,
word_character,4145,TK-205,0.0,0.0,0.0,0.0,0.0,0.0,0.0,,
word_character,4152,HX-330,0.0,0.0,0.0,0.0,0.0,0.0,0.0,,
word_character,4155,GS-115,0.0,0.0,0.0,0.0,1.0,0.0,0.041666666666666664,,
word_character,4161,DRY-115,0.0,0.0,0.0,0.0,0.0,0.0,0.0,,
word_character,4163,M-023,0.0,0.0,0.0,0.0,0.0,0.0,0.0,,
word_character,4184,P-184,0.0,0.0,0.0,0.0,0.0,0.0,0.0,,
word_character,4229,F-083,0.0,0.0,0.0,0.0,0.0,0.0,0.0,,
word_character,4230,GB-089,0.0,0.0,0.0,0.0,0.0,0.0,0.0,,
word_character,4232,HV-127,0.0,0.0,0.0,0.0,0.0,0.0,0.0,,
word_character,4239,M-111,0.0,0.0,0.0,0.0,0.0,0.0,0.0,,
word_character,4322,P-744,0.0,0.0,0.0,0.0,0.0,0.0,0.0,,
word_character,4398,R-219,0.0,0.0,0.0,0.0,0.0,0.0,0.0,,
word_character,4447,DOS-096,0.0,0.0,0.0,0.0,0.0,0.0,0.0,,
word_character,4471,HX-069,0.0,0.0,0.0,0.0,0.0,0.0,0.0,,
word_character,4573,AG-073,0.0,0.0,0.0,0.0,0.0,0.0,0.0,,
word_character,4574,CV-115,0.0,0.0,0.0,0.0,0.0,0.0,0.0,,
word_character,4618,K-220,0.0,0.0,0.0,0.0,0.0,0.0,0.0,,
word_character,4675,P-645,0.0,0.0,0.0,0.0,0.0,0.0,0.0,,
word_character,4722,BLR-145,0.0,0.0,0.0,0.0,0.0,0.0,0.0,,
word_character,4727,TK-069,0.0,0.0,0.0,0.0,0.0,0.0,0.0,,
word_character,4738,DP-089,0.0,0.0,0.0,0.0,0.0,0.0,0.0,,
word_character,4790,EX-015,0.0,0.0,0.0,0.0,0.0,0.0,0.0,,
word_character,4798,R-046,0.0,0.0,0.0,0.0,0.0,0.0,0.0,,
word_character,4804,P-149,0.0,0.0,0.0,0.0,0.0,0.0,0.0,,
word_character,4865,P-345,0.0,0.0,0.0,0.0,0.0,0.0,0.0,,
word_character,4900,P-182,0.0,0.0,0.0,0.0,0.0,0.0,0.0,,
word_character,4916,DRY-030,0.0,0.0,0.0,0.0,0.0,0.0,0.0,,
word_character,4919,HX-115,0.0,0.0,0.0,0.0,0.0,0.0,0.0,,
word_character,4955,DP-126,0.0,0.0,0.0,0.0,0.0,0.0,0.0,,
word_character,4971,R-204,0.0,0.0,0.0,0.0,1.0,0.0,0.04,,
word_character,5050,EV-017,0.0,0.0,0.0,0.0,0.0,0.0,0.0,,
word_character,5076,K-048,0.0,0.0,0.0,0.0,0.0,0.0,0.0,,
word_character,5099,HV-010,0.0,0.0,0.0,0.0,0.0,0.0,0.0,,
word_character,5110,F-102,0.0,0.0,0.0,0.0,0.0,0.0,0.0,,
word_character,5123,P-111,0.0,0.0,0.0,0.0,0.0,0.0,0.0,,
word_character,5141,FM-019,0.0,0.0,1.0,1.0,1.0,0.1111111111111111,0.1111111111111111,,
word_character,5227,TK-014,0.0,0.0,0.0,0.0,0.0,0.0,0.0,,
word_character,5231,P-233,0.0,0.0,0.0,0.0,0.0,0.0,0.0,,
word_character,5237,K-130,0.0,0.0,0.0,0.0,0.0,0.0,0.0,,
word_character,5264,BM-099,0.0,0.0,0.0,0.0,1.0,0.0,0.03125,,
word_character,5341,P-597,0.0,0.0,0.0,0.0,0.0,0.0,0.0,,
word_character,5345,TK-050,0.0,0.0,0.0,0.0,0.0,0.0,0.0,,
word_character,5348,P-587,0.0,0.0,0.0,0.0,0.0,0.0,0.0,,
word_character,5375,P-329,0.0,0.0,0.0,0.0,0.0,0.0,0.0,,
word_character,5462,FCC-138,0.0,0.0,0.0,0.0,0.0,0.0,0.0,,
word_character,5484,DC-077,0.0,0.0,0.0,0.0,0.0,0.0,0.0,,
word_character,5493,P-116,0.0,0.0,0.0,0.0,0.0,0.0,0.0,,
word_character,5587,BM-099,0.0,0.0,0.0,0.0,0.0,0.0,0.0,,
word_character,5632,P-557,0.0,0.0,0.0,0.0,0.0,0.0,0.0,,
word_character,5634,M-122,0.0,0.0,0.0,0.0,0.0,0.0,0.0,,
word_character,5650,DC-031,0.0,0.0,0.0,0.0,1.0,0.0,0.024390243902439025,,
word_character,5670,BM-020,0.0,0.0,0.0,0.0,0.0,0.0,0.0,,
word_character,5693,P-693,0.0,0.0,0.0,0.0,0.0,0.0,0.0,,
word_character,5723,SC-104,0.0,1.0,1.0,1.0,1.0,0.2,0.2,,
word_character,5733,K-025,0.0,0.0,0.0,0.0,0.0,0.0,0.0,,
word_character,5745,F-233,0.0,0.0,0.0,0.0,0.0,0.0,0.0,,
word_character,5795,DOS-078,0.0,0.0,0.0,0.0,0.0,0.0,0.0,,
word_character,5807,BM-176,0.0,0.0,0.0,0.0,1.0,0.0,0.027777777777777776,,
word_character,5869,DOS-128,0.0,0.0,0.0,0.0,0.0,0.0,0.0,,
word_character,5891,M-048,0.0,0.0,0.0,0.0,0.0,0.0,0.0,,
word_character,5896,SD-060,0.0,0.0,0.0,0.0,1.0,0.0,0.02564102564102564,,
word_character,5910,P-128,0.0,0.0,0.0,1.0,1.0,0.0,0.06666666666666667,,
word_character,5926,F-047,0.0,0.0,0.0,0.0,0.0,0.0,0.0,,
word_character,5941,EV-108,0.0,0.0,0.0,0.0,0.0,0.0,0.0,,
word_character,5948,DRY-087,0.0,0.0,0.0,0.0,0.0,0.0,0.0,,
word_character,6081,HP-109,0.0,0.0,0.0,0.0,0.0,0.0,0.0,,
word_character,6094,CV-089,0.0,0.0,0.0,0.0,0.0,0.0,0.0,,
word_character,6102,P-220,0.0,0.0,0.0,0.0,0.0,0.0,0.0,,
word_character,6108,P-323,0.0,0.0,0.0,0.0,0.0,0.0,0.0,,
word_character,6150,M-068,0.0,0.0,0.0,0.0,0.0,0.0,0.0,,
word_character,6171,HP-079,0.0,0.0,0.0,0.0,0.0,0.0,0.0,,
word_character,6186,SC-047,0.0,0.0,0.0,0.0,0.0,0.0,0.0,,
word_character,6233,HX-142,0.0,0.0,0.0,0.0,1.0,0.0,0.03225806451612903,,
word_character,6238,P-151,0.0,0.0,0.0,0.0,0.0,0.0,0.0,,
word_character,6249,FM-142,0.0,0.0,0.0,0.0,0.0,0.0,0.0,,
word_character,6252,P-214,0.0,0.0,0.0,0.0,0.0,0.0,0.0,,
word_character,6299,P-215,0.0,0.0,0.0,0.0,0.0,0.0,0.0,,
word_character,6306,HX-084,0.0,0.0,0.0,0.0,0.0,0.0,0.0,,
word_character,6331,R-256,0.0,0.0,0.0,0.0,0.0,0.0,0.0,,
word_character,6399,R-121,0.0,0.0,0.0,0.0,0.0,0.0,0.0,,
word_character,6404,HX-035,0.0,0.0,0.0,0.0,0.0,0.0,0.0,,
word_character,6425,HP-105,0.0,0.0,0.0,0.0,1.0,0.0,0.02564102564102564,,
word_character,6448,CF-033,0.0,0.0,0.0,0.0,0.0,0.0,0.0,,
word_character,6451,CT-032,0.0,0.0,0.0,0.0,0.0,0.0,0.0,,
word_character,6454,K-118,0.0,0.0,0.0,0.0,0.0,0.0,0.0,,
word_character,6466,BM-013,0.0,0.0,0.0,0.0,1.0,0.0,0.02,,
word_character,6484,P-232,0.0,0.0,0.0,0.0,0.0,0.0,0.0,,
word_character,6489,HX-371,0.0,0.0,0.0,0.0,0.0,0.0,0.0,,
word_character,6491,CT-074,0.0,0.0,0.0,0.0,0.0,0.0,0.0,,
word_character,6541,P-648,0.0,0.0,0.0,0.0,0.0,0.0,0.0,,
word_character,6556,SEP-023,0.0,0.0,0.0,0.0,0.0,0.0,0.0,,
word_character,6568,P-522,0.0,0.0,0.0,0.0,0.0,0.0,0.0,,
word_character,6608,P-540,0.0,0.0,0.0,0.0,0.0,0.0,0.0,,
word_character,6757,UF-108,0.0,0.0,0.0,1.0,1.0,0.0,0.05,,
word_character,6801,P-268,0.0,0.0,0.0,0.0,0.0,0.0,0.0,,
word_character,6812,GT-129,0.0,0.0,0.0,0.0,0.0,0.0,0.0,,
word_character,6909,P-309,0.0,0.0,0.0,0.0,0.0,0.0,0.0,,
word_character,6946,EV-179,0.0,0.0,0.0,0.0,0.0,0.0,0.0,,
word_character,6956,P-671,0.0,0.0,0.0,0.0,0.0,0.0,0.0,,
word_character,6973,P-655,0.0,0.0,0.0,0.0,0.0,0.0,0.0,,
word_character,7065,P-392,0.0,0.0,0.0,0.0,0.0,0.0,0.0,,
word_character,7074,M-127,0.0,0.0,0.0,0.0,0.0,0.0,0.0,,
word_character,7080,CV-106,0.0,0.0,0.0,0.0,0.0,0.0,0.0,,
word_character,7085,EX-087,0.0,0.0,0.0,0.0,0.0,0.0,0.0,,
word_character,7170,DOS-049,0.0,0.0,1.0,1.0,1.0,0.1,0.1,,
word_character,7209,GB-117,0.0,0.0,1.0,1.0,1.0,0.14285714285714285,0.14285714285714285,,
word_character,7236,K-140,0.0,0.0,0.0,0.0,0.0,0.0,0.0,,
word_character,7247,TK-137,0.0,0.0,0.0,0.0,0.0,0.0,0.0,,
word_character,7287,M-074,0.0,0.0,0.0,0.0,0.0,0.0,0.0,,
word_character,7338,CT-037,0.0,0.0,0.0,0.0,0.0,0.0,0.0,,
word_character,7355,TK-024,0.0,0.0,0.0,0.0,0.0,0.0,0.0,,
word_character,7371,HX-297,0.0,0.0,0.0,0.0,0.0,0.0,0.0,,
word_character,7394,F-120,0.0,0.0,0.0,0.0,0.0,0.0,0.0,,
word_character,7490,TK-043,0.0,0.0,0.0,0.0,0.0,0.0,0.0,,
word_character,7517,M-125,0.0,0.0,0.0,0.0,0.0,0.0,0.0,,
word_character,7524,M-029,0.0,0.0,0.0,0.0,0.0,0.0,0.0,,
word_character,7526,UF-105,0.0,0.0,0.0,0.0,1.0,0.0,0.021739130434782608,,
word_character,7599,TK-081,0.0,0.0,0.0,0.0,0.0,0.0,0.0,,
word_character,7608,K-207,0.0,0.0,0.0,0.0,1.0,0.0,0.023255813953488372,,
word_character,7611,P-234,0.0,0.0,0.0,0.0,0.0,0.0,0.0,,
word_character,7743,M-118,0.0,0.0,0.0,0.0,0.0,0.0,0.0,,
word_character,7780,F-032,0.0,0.0,0.0,0.0,0.0,0.0,0.0,,
word_character,7790,P-196,0.0,0.0,0.0,0.0,0.0,0.0,0.0,,
word_character,7827,BLR-101,0.0,0.0,0.0,0.0,0.0,0.0,0.0,,
word_character,7836,P-230,0.0,0.0,0.0,0.0,1.0,0.0,0.04,,
word_character,7839,TK-117,0.0,0.0,0.0,0.0,0.0,0.0,0.0,,
word_character,7888,P-165,0.0,0.0,0.0,0.0,0.0,0.0,0.0,,
word_character,7893,P-568,0.0,0.0,0.0,0.0,0.0,0.0,0.0,,
word_character,7912,K-095,0.0,0.0,0.0,0.0,0.0,0.0,0.0,,
word_character,7916,CF-025,0.0,0.0,0.0,0.0,0.0,0.0,0.0,,
word_character,7948,P-170,0.0,0.0,0.0,0.0,0.0,0.0,0.0,,
word_character,7958,RLP-004,0.0,0.0,0.0,0.0,0.0,0.0,0.0,,
word_character,8028,HP-127,0.0,0.0,0.0,0.0,0.0,0.0,0.0,,
word_character,8042,P-428,0.0,0.0,0.0,0.0,1.0,0.0,0.030303030303030304,,
word_character,8078,R-127,0.0,0.0,0.0,0.0,0.0,0.0,0.0,,
word_character,8100,DP-095,0.0,0.0,0.0,0.0,1.0,0.0,0.02564102564102564,,
word_character,8113,P-330,0.0,0.0,0.0,0.0,0.0,0.0,0.0,,
word_character,8117,TRB-058,0.0,0.0,0.0,0.0,0.0,0.0,0.0,,
word_character,8158,TK-157,0.0,0.0,0.0,0.0,0.0,0.0,0.0,,
word_character,8163,HX-311,0.0,0.0,0.0,0.0,0.0,0.0,0.0,,
word_character,8275,P-169,0.0,0.0,0.0,0.0,0.0,0.0,0.0,,
word_character,8288,HX-014,0.0,0.0,0.0,0.0,0.0,0.0,0.0,,
word_character,8314,DOS-090,0.0,0.0,0.0,0.0,0.0,0.0,0.0,,
word_character,8340,P-157,0.0,0.0,0.0,0.0,0.0,0.0,0.0,,
word_character,8343,HX-324,0.0,0.0,0.0,0.0,0.0,0.0,0.0,,
word_character,8403,K-212,0.0,0.0,0.0,0.0,0.0,0.0,0.0,,
word_character,8407,DOS-056,0.0,0.0,0.0,0.0,0.0,0.0,0.0,,
word_character,8419,UF-029,0.0,0.0,0.0,0.0,0.0,0.0,0.0,,
word_character,8446,DOS-064,0.0,0.0,0.0,0.0,0.0,0.0,0.0,,
word_character,8485,R-028,0.0,0.0,0.0,0.0,0.0,0.0,0.0,,
word_character,8496,F-100,0.0,0.0,0.0,0.0,1.0,0.0,0.02631578947368421,,
word_character,8497,R-015,0.0,0.0,0.0,0.0,0.0,0.0,0.0,,
word_character,8508,K-200,0.0,0.0,0.0,0.0,0.0,0.0,0.0,,
word_character,8515,CV-100,0.0,0.0,0.0,0.0,0.0,0.0,0.0,,
word_character,8527,EV-116,0.0,0.0,0.0,0.0,0.0,0.0,0.0,,
word_character,8528,F-074,0.0,0.0,0.0,0.0,0.0,0.0,0.0,,
word_character,8533,HP-143,0.0,0.0,0.0,0.0,0.0,0.0,0.0,,
word_character,8704,M-108,0.0,0.0,0.0,0.0,0.0,0.0,0.0,,
word_character,8832,GB-145,0.0,0.0,0.0,0.0,0.0,0.0,0.0,,
word_character,8875,P-345,0.0,0.0,1.0,1.0,1.0,0.16666666666666666,0.16666666666666666,,
word_character,8929,K-145,0.0,1.0,1.0,1.0,1.0,0.3333333333333333,0.3333333333333333,,
word_character,8990,EV-035,0.0,0.0,0.0,0.0,0.0,0.0,0.0,,
word_character,9022,HV-125,0.0,0.0,0.0,0.0,0.0,0.0,0.0,,
word_character,9038,DP-131,0.0,0.0,0.0,0.0,0.0,0.0,0.0,,
word_character,9084,EX-036,0.0,0.0,0.0,0.0,0.0,0.0,0.0,,
word_character,9102,P-317,0.0,0.0,0.0,0.0,0.0,0.0,0.0,,
word_character,9106,M-096,0.0,0.0,0.0,0.0,1.0,0.0,0.03225806451612903,,
word_character,9109,R-074,0.0,0.0,0.0,0.0,0.0,0.0,0.0,,
word_character,9146,P-546,0.0,0.0,0.0,0.0,0.0,0.0,0.0,,
word_character,9169,M-018,0.0,0.0,0.0,0.0,0.0,0.0,0.0,,
word_character,9228,DRY-072,0.0,0.0,0.0,0.0,0.0,0.0,0.0,,
word_character,9235,CF-016,0.0,0.0,0.0,0.0,0.0,0.0,0.0,,
word_character,9275,CR-140,0.0,0.0,0.0,0.0,0.0,0.0,0.0,,
word_character,9291,FCC-022,0.0,0.0,0.0,0.0,0.0,0.0,0.0,,
word_character,9298,TK-033,0.0,0.0,0.0,0.0,0.0,0.0,0.0,,
word_character,9326,HX-317,0.0,0.0,0.0,0.0,0.0,0.0,0.0,,
word_character,9328,P-241,0.0,0.0,0.0,0.0,0.0,0.0,0.0,,
word_character,9405,HP-036,0.0,0.0,0.0,0.0,1.0,0.0,0.037037037037037035,,
word_character,9434,DC-123,0.0,0.0,0.0,0.0,0.0,0.0,0.0,,
word_character,9466,P-193,0.0,0.0,1.0,1.0,1.0,0.16666666666666666,0.16666666666666666,,
word_character,9467,RLP-131,0.0,1.0,1.0,1.0,1.0,0.3333333333333333,0.3333333333333333,,
word_character,9531,DC-044,0.0,0.0,0.0,0.0,0.0,0.0,0.0,,
word_character,9597,DC-100,0.0,0.0,0.0,0.0,0.0,0.0,0.0,,
word_character,9605,GB-016,0.0,0.0,0.0,0.0,0.0,0.0,0.0,,
word_character,9607,DC-130,0.0,0.0,0.0,1.0,1.0,0.0,0.07142857142857142,,
word_character,9641,F-114,0.0,0.0,0.0,0.0,0.0,0.0,0.0,,
word_character,9654,BLR-106,0.0,0.0,0.0,0.0,0.0,0.0,0.0,,
word_character,9662,P-203,0.0,0.0,0.0,0.0,0.0,0.0,0.0,,
word_character,9664,F-012,0.0,0.0,0.0,0.0,0.0,0.0,0.0,,
word_character,9669,K-114,0.0,0.0,0.0,0.0,0.0,0.0,0.0,,
word_character,9681,BLR-220,0.0,0.0,0.0,0.0,0.0,0.0,0.0,,
word_character,9729,TK-214,0.0,0.0,0.0,0.0,0.0,0.0,0.0,,
word_character,9813,FCC-090,0.0,0.0,0.0,0.0,0.0,0.0,0.0,,
word_character,9845,DOS-067,0.0,0.0,0.0,0.0,0.0,0.0,0.0,,
word_character,9885,M-084,0.0,0.0,0.0,0.0,0.0,0.0,0.0,,
word_character,9980,P-241,0.0,0.0,0.0,0.0,0.0,0.0,0.0,,
word_character,9984,DRY-102,0.0,0.0,0.0,0.0,0.0,0.0,0.0,,
word_character,10022,P-257,0.0,0.0,0.0,0.0,0.0,0.0,0.0,,
word_character,10030,K-201,0.0,0.0,0.0,0.0,0.0,0.0,0.0,,
word_character,10060,TRB-066,0.0,0.0,0.0,0.0,0.0,0.0,0.0,,
word_character,10097,GB-146,0.0,0.0,0.0,0.0,0.0,0.0,0.0,,
word_character,10125,DC-133,0.0,0.0,0.0,0.0,0.0,0.0,0.0,,
word_character,10150,HV-059,0.0,0.0,0.0,0.0,0.0,0.0,0.0,,
word_character,10153,GB-199,0.0,0.0,0.0,0.0,0.0,0.0,0.0,,
word_character,10196,P-535,0.0,0.0,0.0,0.0,0.0,0.0,0.0,,
word_character,10241,P-246,0.0,0.0,0.0,0.0,0.0,0.0,0.0,,
word_character,10282,P-243,0.0,0.0,0.0,0.0,0.0,0.0,0.0,,
word_character,10345,R-083,0.0,0.0,0.0,0.0,0.0,0.0,0.0,,
word_character,10362,P-111,0.0,0.0,0.0,0.0,0.0,0.0,0.0,,
word_character,10384,HX-097,0.0,0.0,0.0,0.0,0.0,0.0,0.0,,
word_character,10401,AG-023,0.0,0.0,0.0,0.0,0.0,0.0,0.0,,
word_character,10438,M-014,0.0,0.0,0.0,1.0,1.0,0.0,0.05,,
word_character,10456,BLR-132,1.0,1.0,1.0,1.0,1.0,1.0,1.0,,
word_character,10479,P-265,0.0,0.0,0.0,0.0,0.0,0.0,0.0,,
word_character,10532,CF-093,0.0,0.0,1.0,1.0,1.0,0.125,0.125,,
word_character,10550,TK-049,0.0,0.0,0.0,0.0,0.0,0.0,0.0,,
word_character,10573,HX-049,0.0,0.0,0.0,0.0,0.0,0.0,0.0,,
word_character,10683,AG-119,0.0,0.0,0.0,0.0,0.0,0.0,0.0,,
word_character,10736,GB-009,0.0,0.0,0.0,0.0,0.0,0.0,0.0,,
word_character,10744,DP-046,0.0,0.0,0.0,0.0,0.0,0.0,0.0,,
word_character,10778,FCC-015,0.0,0.0,0.0,0.0,0.0,0.0,0.0,,
word_character,10819,BLR-034,0.0,0.0,0.0,0.0,0.0,0.0,0.0,,
word_character,10849,DP-116,0.0,0.0,0.0,0.0,0.0,0.0,0.0,,
word_character,10851,DC-106,0.0,0.0,0.0,0.0,0.0,0.0,0.0,,
word_character,10874,FCC-013,0.0,0.0,0.0,0.0,0.0,0.0,0.0,,
word_character,11069,SEP-143,0.0,0.0,0.0,1.0,1.0,0.0,0.06666666666666667,,
word_character,11089,TK-119,0.0,0.0,0.0,0.0,0.0,0.0,0.0,,
word_character,11223,DC-105,0.0,0.0,1.0,1.0,1.0,0.14285714285714285,0.14285714285714285,,
word_character,11265,K-040,0.0,0.0,0.0,0.0,0.0,0.0,0.0,,
word_character,11280,P-218,0.0,0.0,0.0,0.0,0.0,0.0,0.0,,
word_character,11292,HX-110,0.0,0.0,0.0,0.0,1.0,0.0,0.038461538461538464,,
word_character,11327,TK-135,0.0,0.0,0.0,0.0,0.0,0.0,0.0,,
word_character,11360,DP-124,0.0,0.0,0.0,0.0,1.0,0.0,0.041666666666666664,,
word_character,11395,HX-017,0.0,0.0,0.0,0.0,0.0,0.0,0.0,,
word_character,11402,BLR-100,0.0,0.0,0.0,0.0,0.0,0.0,0.0,,
word_character,11457,P-134,0.0,0.0,0.0,0.0,0.0,0.0,0.0,,
word_character,11494,CR-021,0.0,0.0,0.0,0.0,1.0,0.0,0.03125,,
word_character,11507,HP-123,0.0,0.0,0.0,0.0,0.0,0.0,0.0,,
word_character,11515,M-120,0.0,0.0,0.0,1.0,1.0,0.0,0.05555555555555555,,
word_character,11554,BM-006,0.0,0.0,0.0,0.0,0.0,0.0,0.0,,
word_character,11559,P-494,0.0,0.0,0.0,0.0,0.0,0.0,0.0,,
word_character,11592,GT-108,0.0,0.0,1.0,1.0,1.0,0.1,0.1,,
word_character,11631,P-200,0.0,0.0,0.0,0.0,0.0,0.0,0.0,,
word_character,11632,TRB-049,0.0,0.0,0.0,0.0,0.0,0.0,0.0,,
word_character,11670,P-108,0.0,0.0,0.0,0.0,0.0,0.0,0.0,,
word_character,11763,P-521,0.0,0.0,0.0,0.0,0.0,0.0,0.0,,
word_character,11779,BM-030,0.0,0.0,0.0,0.0,0.0,0.0,0.0,,
word_character,11794,TK-214,0.0,0.0,0.0,0.0,0.0,0.0,0.0,,
word_character,11825,DP-116,0.0,0.0,0.0,0.0,0.0,0.0,0.0,,
word_character,11839,HV-110,0.0,0.0,0.0,0.0,0.0,0.0,0.0,,
word_character,11850,P-172,0.0,0.0,0.0,0.0,0.0,0.0,0.0,,
word_character,11913,P-294,0.0,0.0,0.0,0.0,0.0,0.0,0.0,,
word_character,11921,TK-138,0.0,0.0,0.0,0.0,0.0,0.0,0.0,,
word_character,11929,M-017,0.0,0.0,0.0,0.0,0.0,0.0,0.0,,
word_character,11948,CV-039,0.0,0.0,0.0,0.0,0.0,0.0,0.0,,
word_character,11973,HX-123,0.0,0.0,0.0,1.0,1.0,0.0,0.05263157894736842,,
word_character,12107,CV-091,0.0,0.0,0.0,0.0,1.0,0.0,0.041666666666666664,,
word_character,12123,M-062,0.0,0.0,0.0,0.0,0.0,0.0,0.0,,
word_character,12141,CV-039,0.0,0.0,0.0,0.0,0.0,0.0,0.0,,
word_character,12144,M-135,0.0,0.0,0.0,0.0,0.0,0.0,0.0,,
word_character,12147,CV-068,0.0,0.0,0.0,0.0,0.0,0.0,0.0,,
word_character,12240,P-440,0.0,0.0,0.0,0.0,0.0,0.0,0.0,,
word_character,12248,K-094,0.0,0.0,0.0,0.0,0.0,0.0,0.0,,
word_character,12311,P-423,0.0,0.0,0.0,0.0,0.0,0.0,0.0,,
word_character,12337,HX-091,0.0,0.0,1.0,1.0,1.0,0.1,0.1,,
word_character,12375,CT-006,0.0,0.0,0.0,0.0,0.0,0.0,0.0,,
word_character,12561,K-040,0.0,0.0,0.0,0.0,0.0,0.0,0.0,,
word_character,12582,AG-128,0.0,1.0,1.0,1.0,1.0,0.5,0.5,,
word_character,12583,DP-070,0.0,0.0,0.0,0.0,0.0,0.0,0.0,,
word_character,12592,TK-301,0.0,0.0,0.0,0.0,0.0,0.0,0.0,,
word_character,12609,DOS-082,0.0,0.0,0.0,0.0,1.0,0.0,0.03125,,
word_character,12617,AG-045,0.0,0.0,0.0,0.0,0.0,0.0,0.0,,
word_character,12641,CF-119,0.0,0.0,0.0,0.0,0.0,0.0,0.0,,
word_character,12652,P-338,0.0,0.0,0.0,0.0,0.0,0.0,0.0,,
word_character,12700,TK-029,0.0,0.0,0.0,0.0,0.0,0.0,0.0,,
word_character,12730,K-030,0.0,0.0,0.0,0.0,0.0,0.0,0.0,,
word_character,12731,TK-035,0.0,0.0,0.0,0.0,0.0,0.0,0.0,,
word_character,12784,SC-073,0.0,0.0,0.0,0.0,0.0,0.0,0.0,,
word_character,12790,K-233,0.0,0.0,0.0,0.0,0.0,0.0,0.0,,
word_character,12854,TK-024,0.0,0.0,0.0,0.0,0.0,0.0,0.0,,
word_character,12881,M-131,0.0,0.0,0.0,0.0,0.0,0.0,0.0,,
word_character,12902,BM-063,0.0,0.0,0.0,0.0,0.0,0.0,0.0,,
word_character,12927,P-388,0.0,0.0,0.0,0.0,0.0,0.0,0.0,,
word_character,12948,P-407,0.0,0.0,0.0,0.0,0.0,0.0,0.0,,
word_character,12956,P-197,0.0,0.0,0.0,0.0,0.0,0.0,0.0,,
word_character,13096,TK-107,0.0,0.0,0.0,0.0,0.0,0.0,0.0,,
word_character,13139,R-051,0.0,0.0,0.0,0.0,0.0,0.0,0.0,,
word_character,13152,P-316,0.0,0.0,0.0,0.0,0.0,0.0,0.0,,
word_character,13210,TRB-079,0.0,0.0,0.0,0.0,0.0,0.0,0.0,,
word_character,13213,R-059,0.0,0.0,0.0,0.0,0.0,0.0,0.0,,
word_character,13239,HV-239,0.0,0.0,0.0,0.0,0.0,0.0,0.0,,
word_character,13271,P-217,0.0,0.0,0.0,0.0,0.0,0.0,0.0,,
word_character,13278,M-009,0.0,0.0,0.0,0.0,0.0,0.0,0.0,,
word_character,13345,P-223,0.0,0.0,0.0,0.0,0.0,0.0,0.0,,
word_character,13360,AG-101,0.0,0.0,0.0,0.0,0.0,0.0,0.0,,
word_character,13389,TK-338,0.0,0.0,0.0,0.0,0.0,0.0,0.0,,
word_character,13421,CV-086,0.0,0.0,0.0,0.0,0.0,0.0,0.0,,
word_character,13428,TK-075,0.0,0.0,0.0,0.0,0.0,0.0,0.0,,
word_character,13434,GS-081,0.0,0.0,0.0,1.0,1.0,0.0,0.06666666666666667,,
word_character,13527,M-133,0.0,0.0,0.0,0.0,0.0,0.0,0.0,,
word_character,13560,SEP-101,0.0,0.0,0.0,0.0,0.0,0.0,0.0,,
word_character,13561,TK-041,0.0,0.0,0.0,0.0,0.0,0.0,0.0,,
word_character,13577,HV-140,0.0,0.0,0.0,0.0,0.0,0.0,0.0,,
word_character,13578,EV-142,0.0,0.0,0.0,0.0,0.0,0.0,0.0,,
word_character,13608,P-569,0.0,0.0,0.0,0.0,0.0,0.0,0.0,,
word_character,13647,GT-025,0.0,0.0,0.0,0.0,0.0,0.0,0.0,,
word_character,13705,M-146,0.0,1.0,1.0,1.0,1.0,0.5,0.5,,
word_character,13717,M-015,0.0,0.0,0.0,0.0,0.0,0.0,0.0,,
word_character,13718,GS-026,1.0,1.0,1.0,1.0,1.0,1.0,1.0,,
word_character,13727,HV-218,0.0,0.0,0.0,0.0,0.0,0.0,0.0,,
word_character,13739,CV-042,0.0,0.0,0.0,0.0,0.0,0.0,0.0,,
word_character,13756,K-238,0.0,0.0,0.0,0.0,0.0,0.0,0.0,,
word_character,13757,R-078,0.0,0.0,0.0,0.0,0.0,0.0,0.0,,
word_character,13794,FCC-046,0.0,0.0,0.0,0.0,0.0,0.0,0.0,,
word_character,13798,CT-066,0.0,0.0,0.0,0.0,0.0,0.0,0.0,,
word_character,13824,P-233,0.0,0.0,0.0,0.0,0.0,0.0,0.0,,
word_character,13833,EV-109,0.0,0.0,0.0,0.0,0.0,0.0,0.0,,
word_character,13843,FM-125,0.0,0.0,0.0,0.0,0.0,0.0,0.0,,
word_character,14009,GB-082,0.0,0.0,0.0,0.0,0.0,0.0,0.0,,
word_character,14068,GS-031,0.0,0.0,0.0,0.0,0.0,0.0,0.0,,
word_character,14169,P-156,0.0,0.0,0.0,0.0,0.0,0.0,0.0,,
word_character,14225,EX-067,0.0,0.0,0.0,0.0,0.0,0.0,0.0,,
word_character,14233,P-423,0.0,0.0,0.0,0.0,0.0,0.0,0.0,,
word_character,14259,DOS-072,0.0,0.0,0.0,0.0,0.0,0.0,0.0,,
word_character,14266,HX-086,0.0,0.0,0.0,0.0,0.0,0.0,0.0,,
word_character,14273,FM-010,0.0,0.0,0.0,0.0,0.0,0.0,0.0,,
word_character,14278,DOS-145,0.0,0.0,0.0,0.0,0.0,0.0,0.0,,
word_character,14297,EV-118,0.0,0.0,0.0,0.0,0.0,0.0,0.0,,
word_character,14318,DC-126,0.0,0.0,0.0,0.0,0.0,0.0,0.0,,
word_character,14332,TK-146,0.0,0.0,0.0,0.0,0.0,0.0,0.0,,
word_character,14341,P-325,0.0,0.0,0.0,0.0,0.0,0.0,0.0,,
word_character,14344,DRY-124,0.0,0.0,0.0,0.0,0.0,0.0,0.0,,
word_character,14366,CT-103,0.0,0.0,0.0,0.0,0.0,0.0,0.0,,
word_character,14425,P-343,0.0,0.0,0.0,0.0,0.0,0.0,0.0,,
word_character,14461,M-066,0.0,0.0,0.0,0.0,0.0,0.0,0.0,,
word_character,14462,GB-014,0.0,0.0,0.0,0.0,1.0,0.0,0.045454545454545456,,
word_character,14485,CV-049,0.0,0.0,0.0,0.0,0.0,0.0,0.0,,
word_character,14576,SD-085,0.0,0.0,0.0,0.0,0.0,0.0,0.0,,
word_character,14722,EV-005,0.0,0.0,0.0,0.0,0.0,0.0,0.0,,
word_character,14760,GT-025,0.0,0.0,0.0,0.0,0.0,0.0,0.0,,
word_character,14802,P-194,0.0,0.0,0.0,0.0,0.0,0.0,0.0,,
word_character,14840,GB-042,0.0,0.0,0.0,0.0,0.0,0.0,0.0,,
word_character,14869,HP-107,0.0,0.0,0.0,0.0,1.0,0.0,0.022222222222222223,,
word_character,14871,GT-116,0.0,0.0,0.0,0.0,0.0,0.0,0.0,,
word_character,14878,RLP-049,0.0,0.0,0.0,0.0,1.0,0.0,0.023255813953488372,,
word_character,14893,HX-336,0.0,0.0,0.0,0.0,0.0,0.0,0.0,,
word_character,14920,CT-036,0.0,0.0,0.0,0.0,0.0,0.0,0.0,,
word_character,14951,R-112,0.0,0.0,0.0,0.0,0.0,0.0,0.0,,
word_character,15071,P-174,0.0,0.0,0.0,0.0,0.0,0.0,0.0,,
word_character,15119,DP-131,0.0,0.0,0.0,0.0,0.0,0.0,0.0,,
word_character,15130,SC-006,0.0,0.0,0.0,0.0,0.0,0.0,0.0,,
word_character,15137,UF-119,0.0,0.0,0.0,0.0,0.0,0.0,0.0,,
word_character,15151,TK-217,0.0,0.0,0.0,0.0,0.0,0.0,0.0,,
word_character,15154,HV-047,0.0,0.0,0.0,0.0,0.0,0.0,0.0,,
word_character,15236,TK-209,0.0,0.0,0.0,0.0,0.0,0.0,0.0,,
word_character,15248,P-270,0.0,0.0,0.0,0.0,0.0,0.0,0.0,,
word_character,15273,F-066,0.0,0.0,0.0,0.0,0.0,0.0,0.0,,
word_character,15296,M-121,0.0,0.0,0.0,1.0,1.0,0.0,0.08333333333333333,,
word_character,15332,EX-112,0.0,0.0,0.0,0.0,0.0,0.0,0.0,,
word_character,15349,DC-005,0.0,0.0,0.0,0.0,0.0,0.0,0.0,,
word_character,15407,CV-126,0.0,0.0,0.0,1.0,1.0,0.0,0.07142857142857142,,
word_character,15424,EX-107,0.0,0.0,0.0,0.0,0.0,0.0,0.0,,
word_character,15520,P-309,0.0,0.0,0.0,0.0,0.0,0.0,0.0,,
word_character,15541,SEP-092,0.0,0.0,0.0,0.0,0.0,0.0,0.0,,
word_character,15556,P-237,0.0,0.0,0.0,0.0,0.0,0.0,0.0,,
word_character,15561,BLR-136,0.0,0.0,0.0,0.0,1.0,0.0,0.029411764705882353,,
word_character,15570,CV-020,0.0,0.0,0.0,0.0,0.0,0.0,0.0,,
word_character,15578,UF-122,0.0,0.0,1.0,1.0,1.0,0.1111111111111111,0.1111111111111111,,
word_character,15597,EX-020,0.0,0.0,0.0,0.0,0.0,0.0,0.0,,
word_character,15602,P-633,0.0,0.0,0.0,0.0,0.0,0.0,0.0,,
word_character,15630,HX-035,0.0,0.0,0.0,0.0,0.0,0.0,0.0,,
word_character,15649,P-210,0.0,0.0,0.0,0.0,0.0,0.0,0.0,,
word_character,15661,K-058,0.0,0.0,0.0,0.0,0.0,0.0,0.0,,
word_character,15691,F-091,0.0,0.0,0.0,0.0,0.0,0.0,0.0,,
word_character,15714,TK-220,0.0,0.0,0.0,0.0,0.0,0.0,0.0,,
word_character,15767,K-016,0.0,0.0,0.0,0.0,0.0,0.0,0.0,,
word_character,15770,M-061,0.0,0.0,0.0,0.0,0.0,0.0,0.0,,
word_character,15779,P-443,0.0,0.0,0.0,0.0,0.0,0.0,0.0,,
word_character,15790,M-015,0.0,0.0,0.0,0.0,0.0,0.0,0.0,,
word_character,15839,M-109,0.0,0.0,0.0,0.0,0.0,0.0,0.0,,
word_character,15899,M-092,0.0,0.0,0.0,0.0,0.0,0.0,0.0,,
word_character,15930,P-449,0.0,0.0,0.0,0.0,0.0,0.0,0.0,,
word_character,15989,P-198,0.0,0.0,0.0,0.0,0.0,0.0,0.0,,
word_character,16011,TRB-069,0.0,0.0,0.0,0.0,1.0,0.0,0.027777777777777776,,
word_character,16063,UF-055,0.0,0.0,0.0,0.0,0.0,0.0,0.0,,
word_character,16066,VP-128,0.0,0.0,1.0,1.0,1.0,0.14285714285714285,0.14285714285714285,,
word_character,16099,M-013,0.0,0.0,0.0,0.0,0.0,0.0,0.0,,
word_character,16177,K-189,0.0,0.0,0.0,0.0,0.0,0.0,0.0,,
word_character,16185,RLP-015,0.0,0.0,0.0,0.0,0.0,0.0,0.0,,
word_character,16212,AG-109,0.0,0.0,0.0,0.0,0.0,0.0,0.0,,
word_character,16218,K-193,0.0,0.0,0.0,0.0,0.0,0.0,0.0,,
word_character,16223,DOS-143,0.0,0.0,0.0,1.0,1.0,0.0,0.05,,
word_character,16284,VP-013,0.0,0.0,0.0,0.0,0.0,0.0,0.0,,
word_character,16307,HP-145,0.0,0.0,0.0,0.0,0.0,0.0,0.0,,
word_character,16350,HX-228,0.0,0.0,1.0,1.0,1.0,0.125,0.125,,
word_character,16426,BLR-075,0.0,0.0,0.0,0.0,1.0,0.0,0.022727272727272728,,
word_character,16442,P-421,0.0,0.0,0.0,0.0,0.0,0.0,0.0,,
word_character,16448,M-055,0.0,0.0,0.0,0.0,0.0,0.0,0.0,,
word_character,16520,P-660,0.0,0.0,0.0,0.0,0.0,0.0,0.0,,
word_character,16524,M-148,0.0,0.0,0.0,0.0,0.0,0.0,0.0,,
word_character,16585,RLP-036,0.0,0.0,0.0,0.0,0.0,0.0,0.0,,
word_character,16608,K-115,0.0,0.0,0.0,0.0,0.0,0.0,0.0,,
word_character,16609,DRY-051,0.0,0.0,0.0,0.0,0.0,0.0,0.0,,
word_character,16668,K-205,0.0,0.0,0.0,0.0,0.0,0.0,0.0,,
word_character,16711,F-007,0.0,0.0,1.0,1.0,1.0,0.1111111111111111,0.1111111111111111,,
word_character,16715,RLP-140,0.0,0.0,0.0,0.0,1.0,0.0,0.029411764705882353,,
word_character,16758,CV-201,0.0,0.0,0.0,0.0,0.0,0.0,0.0,,
word_character,16811,EV-095,0.0,0.0,0.0,0.0,0.0,0.0,0.0,,
word_character,16822,P-123,0.0,0.0,0.0,0.0,0.0,0.0,0.0,,
word_character,16850,RLP-132,0.0,0.0,0.0,0.0,0.0,0.0,0.0,,
word_character,16969,TK-056,0.0,0.0,0.0,0.0,0.0,0.0,0.0,,
word_character,16991,R-121,0.0,0.0,0.0,0.0,0.0,0.0,0.0,,
word_character,17017,BLR-144,0.0,0.0,0.0,0.0,0.0,0.0,0.0,,
word_character,17036,P-243,0.0,0.0,0.0,0.0,0.0,0.0,0.0,,
word_character,17044,P-361,0.0,0.0,0.0,0.0,0.0,0.0,0.0,,
word_character,17062,P-210,0.0,0.0,0.0,0.0,0.0,0.0,0.0,,
word_character,17110,P-353,0.0,0.0,0.0,0.0,0.0,0.0,0.0,,
word_character,17121,R-127,0.0,0.0,0.0,0.0,0.0,0.0,0.0,,
word_character,17139,K-083,0.0,0.0,0.0,0.0,0.0,0.0,0.0,,
word_character,17151,P-116,0.0,0.0,0.0,0.0,0.0,0.0,0.0,,
word_character,17170,M-107,0.0,0.0,0.0,0.0,0.0,0.0,0.0,,
word_character,17204,FM-035,0.0,0.0,0.0,0.0,0.0,0.0,0.0,,
word_character,17244,P-132,0.0,0.0,0.0,0.0,0.0,0.0,0.0,,
word_character,17266,RLP-026,0.0,0.0,0.0,0.0,0.0,0.0,0.0,,
word_character,17281,VP-102,0.0,0.0,0.0,0.0,0.0,0.0,0.0,,
word_character,17294,K-145,0.0,0.0,1.0,1.0,1.0,0.14285714285714285,0.14285714285714285,,
word_character,17328,DC-047,0.0,0.0,0.0,0.0,0.0,0.0,0.0,,
word_character,17387,FM-112,0.0,0.0,0.0,0.0,0.0,0.0,0.0,,
word_character,17391,TRB-068,0.0,0.0,0.0,0.0,0.0,0.0,0.0,,
word_character,17450,F-137,0.0,0.0,0.0,0.0,0.0,0.0,0.0,,
word_character,17500,P-340,0.0,0.0,0.0,0.0,0.0,0.0,0.0,,
word_character,17522,RLP-041,0.0,0.0,0.0,0.0,0.0,0.0,0.0,,
word_character,17614,SEP-060,0.0,0.0,0.0,0.0,0.0,0.0,0.0,,
word_character,17617,FCC-064,0.0,0.0,0.0,0.0,0.0,0.0,0.0,,
word_character,17633,M-112,0.0,0.0,0.0,0.0,0.0,0.0,0.0,,
word_character,17640,R-151,0.0,0.0,0.0,0.0,0.0,0.0,0.0,,
word_character,17740,AG-141,0.0,0.0,0.0,1.0,1.0,0.0,0.07692307692307693,,
word_character,17852,P-587,0.0,0.0,0.0,0.0,0.0,0.0,0.0,,
word_character,17866,GS-111,0.0,0.0,0.0,0.0,1.0,0.0,0.034482758620689655,,
word_character,17869,P-116,0.0,0.0,0.0,0.0,0.0,0.0,0.0,,
word_character,18072,AG-005,0.0,0.0,0.0,0.0,0.0,0.0,0.0,,
word_character,18103,P-327,0.0,0.0,0.0,0.0,0.0,0.0,0.0,,
word_character,18149,TK-080,0.0,0.0,1.0,1.0,1.0,0.14285714285714285,0.14285714285714285,,
word_character,18157,K-107,0.0,0.0,0.0,0.0,0.0,0.0,0.0,,
word_character,18185,P-345,0.0,0.0,0.0,0.0,0.0,0.0,0.0,,
word_character,18189,M-056,0.0,0.0,0.0,0.0,0.0,0.0,0.0,,
word_character,18205,DOS-042,0.0,0.0,0.0,0.0,0.0,0.0,0.0,,
word_character,18210,P-169,0.0,0.0,0.0,0.0,0.0,0.0,0.0,,
word_character,18222,R-076,0.0,0.0,0.0,0.0,0.0,0.0,0.0,,
word_character,18297,P-223,0.0,0.0,0.0,0.0,0.0,0.0,0.0,,
word_character,18313,CF-004,0.0,0.0,0.0,0.0,0.0,0.0,0.0,,
word_character,18316,RLP-134,0.0,0.0,0.0,0.0,0.0,0.0,0.0,,
word_character,18333,BLR-073,0.0,0.0,0.0,0.0,0.0,0.0,0.0,,
word_character,18337,P-350,0.0,0.0,0.0,0.0,0.0,0.0,0.0,,
word_character,18482,M-025,0.0,0.0,0.0,0.0,0.0,0.0,0.0,,
word_character,18534,P-323,0.0,0.0,0.0,0.0,0.0,0.0,0.0,,
word_character,18557,K-050,0.0,0.0,0.0,0.0,0.0,0.0,0.0,,
word_character,18558,CV-042,0.0,0.0,0.0,0.0,0.0,0.0,0.0,,
word_character,18574,P-173,0.0,0.0,0.0,0.0,0.0,0.0,0.0,,
word_character,18579,M-018,0.0,0.0,0.0,0.0,1.0,0.0,0.038461538461538464,,
word_character,18656,P-254,0.0,0.0,0.0,0.0,0.0,0.0,0.0,,
word_character,18658,GB-045,0.0,0.0,0.0,0.0,0.0,0.0,0.0,,
word_character,18738,P-252,0.0,0.0,0.0,0.0,0.0,0.0,0.0,,
word_character,18745,P-211,0.0,0.0,0.0,0.0,1.0,0.0,0.020833333333333332,,
word_character,18766,DC-088,0.0,0.0,0.0,0.0,0.0,0.0,0.0,,
word_character,18768,P-260,0.0,0.0,0.0,0.0,0.0,0.0,0.0,,
word_character,18771,AG-087,0.0,0.0,0.0,0.0,0.0,0.0,0.0,,
word_character,18777,TK-021,0.0,0.0,0.0,0.0,0.0,0.0,0.0,,
word_character,18835,EV-104,0.0,0.0,0.0,0.0,0.0,0.0,0.0,,
word_character,18844,DOS-133,0.0,0.0,0.0,0.0,0.0,0.0,0.0,,
word_character,18854,DP-011,0.0,1.0,1.0,1.0,1.0,0.5,0.5,,
word_character,18880,RLP-047,0.0,0.0,0.0,0.0,0.0,0.0,0.0,,
word_character,19009,SEP-067,0.0,0.0,0.0,0.0,0.0,0.0,0.0,,
word_character,19046,HV-291,0.0,0.0,0.0,0.0,0.0,0.0,0.0,,
word_character,19053,EX-097,0.0,0.0,0.0,0.0,0.0,0.0,0.0,,
word_character,19071,DOS-084,0.0,0.0,0.0,0.0,0.0,0.0,0.0,,
word_character,19123,BLR-076,0.0,0.0,0.0,0.0,0.0,0.0,0.0,,
word_character,19127,P-271,0.0,0.0,0.0,0.0,0.0,0.0,0.0,,
word_character,19131,P-131,0.0,0.0,0.0,0.0,0.0,0.0,0.0,,
word_character,19138,DP-042,0.0,0.0,0.0,0.0,1.0,0.0,0.041666666666666664,,
word_character,19144,P-241,0.0,0.0,0.0,0.0,0.0,0.0,0.0,,
word_character,19147,P-279,0.0,0.0,0.0,0.0,0.0,0.0,0.0,,
word_character,19153,HX-313,0.0,0.0,0.0,0.0,0.0,0.0,0.0,,
word_character,19159,K-057,0.0,0.0,0.0,0.0,0.0,0.0,0.0,,
word_character,19170,FM-140,0.0,0.0,0.0,0.0,0.0,0.0,0.0,,
word_character,19195,HP-137,0.0,0.0,0.0,0.0,0.0,0.0,0.0,,
word_character,19247,BLR-129,0.0,0.0,0.0,0.0,0.0,0.0,0.0,,
word_character,19279,AG-102,0.0,0.0,0.0,0.0,1.0,0.0,0.03571428571428571,,
word_character,19380,P-195,0.0,0.0,0.0,0.0,0.0,0.0,0.0,,
word_character,19390,TK-114,0.0,0.0,0.0,0.0,0.0,0.0,0.0,,
word_character,19405,DP-079,0.0,0.0,0.0,0.0,1.0,0.0,0.02631578947368421,,
word_character,19553,UF-104,0.0,0.0,0.0,1.0,1.0,0.0,0.09090909090909091,,
word_character,19622,P-371,0.0,0.0,0.0,0.0,0.0,0.0,0.0,,
word_character,19633,BLR-071,0.0,0.0,0.0,0.0,0.0,0.0,0.0,,
word_character,19654,FCC-053,0.0,0.0,0.0,1.0,1.0,0.0,0.05263157894736842,,
word_character,19688,GB-132,0.0,0.0,0.0,0.0,0.0,0.0,0.0,,
word_character,19695,M-050,0.0,0.0,0.0,0.0,0.0,0.0,0.0,,
word_character,19726,M-093,0.0,0.0,0.0,0.0,0.0,0.0,0.0,,
word_character,19727,TK-351,0.0,0.0,0.0,0.0,0.0,0.0,0.0,,
word_character,19728,UF-128,0.0,0.0,0.0,0.0,0.0,0.0,0.0,,
word_character,19737,GS-098,0.0,0.0,0.0,0.0,1.0,0.0,0.037037037037037035,,
word_character,19751,K-215,0.0,0.0,0.0,0.0,0.0,0.0,0.0,,
word_character,19772,M-079,0.0,0.0,0.0,0.0,1.0,0.0,0.02127659574468085,,
word_character,19822,P-237,0.0,0.0,0.0,0.0,0.0,0.0,0.0,,
word_character,19836,HV-057,0.0,0.0,0.0,0.0,0.0,0.0,0.0,,
word_character,19878,FCC-055,0.0,0.0,0.0,0.0,0.0,0.0,0.0,,
word_character,20034,SD-053,0.0,0.0,0.0,0.0,1.0,0.0,0.034482758620689655,,
word_character,20060,P-515,0.0,0.0,0.0,0.0,0.0,0.0,0.0,,
word_character,20065,F-026,0.0,0.0,0.0,0.0,0.0,0.0,0.0,,
word_character,20098,TK-325,0.0,0.0,0.0,0.0,0.0,0.0,0.0,,
word_character,20122,TK-330,0.0,0.0,0.0,0.0,0.0,0.0,0.0,,
word_character,20154,EX-044,0.0,0.0,0.0,0.0,0.0,0.0,0.0,,
word_character,20174,GS-104,0.0,0.0,0.0,0.0,0.0,0.0,0.0,,
word_character,20184,DOS-017,0.0,0.0,0.0,0.0,0.0,0.0,0.0,,
word_character,20186,R-248,0.0,0.0,0.0,0.0,0.0,0.0,0.0,,
word_character,20228,K-137,0.0,0.0,0.0,0.0,0.0,0.0,0.0,,
word_character,20229,P-619,0.0,0.0,0.0,0.0,0.0,0.0,0.0,,
word_character,20262,M-121,0.0,0.0,0.0,0.0,0.0,0.0,0.0,,
word_character,20273,UF-126,0.0,0.0,0.0,0.0,1.0,0.0,0.04,,
word_character,20283,HX-145,0.0,0.0,0.0,0.0,1.0,0.0,0.029411764705882353,,
word_character,20326,M-047,0.0,0.0,0.0,1.0,1.0,0.0,0.05555555555555555,,
word_character,20356,P-181,0.0,0.0,0.0,0.0,0.0,0.0,0.0,,
word_character,20358,UF-130,0.0,0.0,0.0,0.0,0.0,0.0,0.0,,
word_character,20414,HV-167,0.0,0.0,0.0,0.0,0.0,0.0,0.0,,
word_character,20456,TK-138,0.0,0.0,0.0,0.0,0.0,0.0,0.0,,
word_character,20566,EX-069,0.0,0.0,0.0,0.0,0.0,0.0,0.0,,
word_character,20612,AG-142,0.0,0.0,0.0,0.0,0.0,0.0,0.0,,
word_character,20620,P-106,0.0,0.0,0.0,0.0,0.0,0.0,0.0,,
word_character,20631,FCC-081,0.0,0.0,0.0,0.0,0.0,0.0,0.0,,
word_character,20677,GB-043,0.0,0.0,0.0,0.0,0.0,0.0,0.0,,
word_character,20703,TK-243,0.0,0.0,0.0,0.0,0.0,0.0,0.0,,
word_character,20810,K-116,0.0,0.0,0.0,0.0,0.0,0.0,0.0,,
word_character,20864,DOS-024,0.0,0.0,0.0,0.0,0.0,0.0,0.0,,
word_character,20928,RLP-027,0.0,0.0,0.0,0.0,0.0,0.0,0.0,,
word_character,20999,TK-055,0.0,0.0,0.0,0.0,0.0,0.0,0.0,,
word_character,21024,EV-227,0.0,0.0,0.0,0.0,0.0,0.0,0.0,,
word_character,21080,TK-128,0.0,0.0,0.0,0.0,0.0,0.0,0.0,,
word_character,21082,R-125,0.0,0.0,0.0,0.0,0.0,0.0,0.0,,
word_character,21084,P-253,0.0,0.0,0.0,0.0,0.0,0.0,0.0,,
word_character,21124,P-276,0.0,0.0,0.0,0.0,0.0,0.0,0.0,,
word_character,21152,K-010,0.0,0.0,0.0,0.0,0.0,0.0,0.0,,
word_character,21172,EX-026,0.0,0.0,0.0,0.0,0.0,0.0,0.0,,
word_character,21181,EX-141,0.0,0.0,0.0,0.0,0.0,0.0,0.0,,
word_character,21209,DC-126,0.0,0.0,0.0,0.0,0.0,0.0,0.0,,
word_character,21237,DP-103,0.0,0.0,0.0,0.0,0.0,0.0,0.0,,
word_character,21258,M-063,0.0,0.0,0.0,0.0,0.0,0.0,0.0,,
word_character,21316,M-101,0.0,0.0,0.0,0.0,0.0,0.0,0.0,,
word_character,21356,R-023,0.0,0.0,0.0,0.0,0.0,0.0,0.0,,
word_character,21415,P-645,0.0,0.0,0.0,0.0,0.0,0.0,0.0,,
word_character,21425,BLR-112,0.0,0.0,0.0,0.0,0.0,0.0,0.0,,
word_character,21465,P-715,0.0,0.0,0.0,0.0,0.0,0.0,0.0,,
word_character,21507,K-093,0.0,0.0,0.0,1.0,1.0,0.0,0.0625,,
word_character,21523,P-432,0.0,0.0,0.0,0.0,0.0,0.0,0.0,,
word_character,21579,HV-048,0.0,0.0,0.0,0.0,0.0,0.0,0.0,,
word_character,21599,UF-096,0.0,0.0,0.0,0.0,0.0,0.0,0.0,,
word_character,21607,RLP-238,0.0,0.0,0.0,0.0,1.0,0.0,0.024390243902439025,,
word_character,21633,BLR-131,0.0,0.0,0.0,0.0,0.0,0.0,0.0,,
word_character,21664,K-144,0.0,0.0,1.0,1.0,1.0,0.1111111111111111,0.1111111111111111,,
word_character,21722,F-035,0.0,0.0,0.0,0.0,0.0,0.0,0.0,,
word_character,21725,M-123,0.0,0.0,0.0,0.0,1.0,0.0,0.03571428571428571,,
word_character,21759,R-064,0.0,0.0,0.0,0.0,0.0,0.0,0.0,,
word_character,21768,CF-067,0.0,0.0,0.0,0.0,0.0,0.0,0.0,,
word_character,21881,EX-113,0.0,0.0,0.0,1.0,1.0,0.0,0.08333333333333333,,
word_character,21923,GB-113,0.0,0.0,0.0,0.0,0.0,0.0,0.0,,
word_character,21935,P-543,0.0,0.0,0.0,0.0,0.0,0.0,0.0,,
word_character,22024,CF-027,0.0,0.0,0.0,0.0,0.0,0.0,0.0,,
word_character,22047,R-133,0.0,0.0,0.0,0.0,0.0,0.0,0.0,,
word_character,22063,R-014,0.0,0.0,0.0,0.0,0.0,0.0,0.0,,
word_character,22080,GT-084,0.0,0.0,0.0,0.0,0.0,0.0,0.0,,
word_character,22120,DC-011,0.0,0.0,0.0,0.0,1.0,0.0,0.02702702702702703,,
word_character,22229,R-145,0.0,0.0,0.0,0.0,0.0,0.0,0.0,,
word_character,22262,TK-079,0.0,0.0,1.0,1.0,1.0,0.16666666666666666,0.16666666666666666,,
word_character,22295,K-076,0.0,0.0,0.0,0.0,0.0,0.0,0.0,,
word_character,22304,TK-020,0.0,0.0,1.0,1.0,1.0,0.1,0.1,,
word_character,22307,TK-132,0.0,0.0,0.0,0.0,1.0,0.0,0.02040816326530612,,
word_character,22312,CV-127,0.0,0.0,0.0,0.0,0.0,0.0,0.0,,
word_character,22364,GS-017,0.0,0.0,0.0,0.0,0.0,0.0,0.0,,
word_character,22369,K-051,0.0,0.0,0.0,0.0,0.0,0.0,0.0,,
word_character,22384,HX-195,0.0,0.0,0.0,0.0,0.0,0.0,0.0,,
word_character,22403,P-319,0.0,0.0,0.0,0.0,0.0,0.0,0.0,,
word_character,22457,DC-138,0.0,0.0,0.0,0.0,0.0,0.0,0.0,,
word_character,22472,R-133,0.0,0.0,0.0,0.0,0.0,0.0,0.0,,
word_character,22510,EV-011,0.0,0.0,0.0,0.0,1.0,0.0,0.038461538461538464,,
word_character,22574,BLR-127,0.0,0.0,0.0,1.0,1.0,0.0,0.05,,
word_character,22580,P-310,0.0,0.0,0.0,0.0,0.0,0.0,0.0,,
word_character,22596,TK-309,0.0,0.0,0.0,0.0,0.0,0.0,0.0,,
word_character,22629,BLR-207,0.0,0.0,0.0,0.0,0.0,0.0,0.0,,
word_character,22639,HX-009,0.0,0.0,0.0,0.0,0.0,0.0,0.0,,
word_character,22652,TK-077,0.0,1.0,1.0,1.0,1.0,0.5,0.5,,
word_character,22660,P-235,0.0,0.0,0.0,0.0,0.0,0.0,0.0,,
word_character,22687,K-228,0.0,0.0,0.0,0.0,0.0,0.0,0.0,,
word_character,22726,M-018,0.0,0.0,0.0,0.0,1.0,0.0,0.038461538461538464,,
word_character,22809,P-290,0.0,0.0,0.0,0.0,0.0,0.0,0.0,,
word_character,22846,AG-062,0.0,0.0,0.0,0.0,0.0,0.0,0.0,,
word_character,22887,P-176,0.0,0.0,0.0,0.0,0.0,0.0,0.0,,
word_character,22916,P-544,0.0,0.0,1.0,1.0,1.0,0.1111111111111111,0.1111111111111111,,
word_character,22917,CT-101,0.0,0.0,0.0,0.0,0.0,0.0,0.0,,
word_character,23021,R-128,0.0,0.0,0.0,0.0,0.0,0.0,0.0,,
word_character,23116,HP-055,0.0,0.0,0.0,0.0,1.0,0.0,0.02631578947368421,,
word_character,23131,AG-090,0.0,0.0,0.0,0.0,1.0,0.0,0.043478260869565216,,
word_character,23133,CT-045,0.0,0.0,0.0,0.0,0.0,0.0,0.0,,
word_character,23193,FM-040,0.0,0.0,0.0,0.0,0.0,0.0,0.0,,
word_character,23223,HX-121,0.0,0.0,0.0,0.0,0.0,0.0,0.0,,
word_character,23304,FM-192,0.0,0.0,0.0,0.0,0.0,0.0,0.0,,
word_character,23364,DRY-026,0.0,0.0,0.0,1.0,1.0,0.0,0.06666666666666667,,
word_character,23431,FM-103,0.0,0.0,0.0,0.0,0.0,0.0,0.0,,
word_character,23440,P-402,0.0,0.0,0.0,0.0,0.0,0.0,0.0,,
word_character,23444,VP-083,0.0,0.0,0.0,0.0,0.0,0.0,0.0,,
word_character,23484,K-209,0.0,0.0,0.0,0.0,0.0,0.0,0.0,,
word_character,23504,P-543,0.0,0.0,0.0,0.0,0.0,0.0,0.0,,
word_character,23510,VP-012,0.0,0.0,0.0,0.0,0.0,0.0,0.0,,
word_character,23515,BM-199,0.0,0.0,0.0,0.0,0.0,0.0,0.0,,
word_character,23558,K-316,0.0,0.0,0.0,0.0,0.0,0.0,0.0,,
word_character,23562,M-121,0.0,0.0,0.0,0.0,0.0,0.0,0.0,,
word_character,23598,TK-127,0.0,0.0,0.0,0.0,0.0,0.0,0.0,,
word_character,23723,DOS-037,0.0,0.0,0.0,0.0,0.0,0.0,0.0,,
word_character,23784,AG-080,0.0,0.0,0.0,0.0,0.0,0.0,0.0,,
word_character,23795,BM-130,0.0,1.0,1.0,1.0,1.0,0.5,0.5,,
word_character,23821,P-634,0.0,0.0,0.0,0.0,0.0,0.0,0.0,,
word_character,23829,VP-109,0.0,0.0,0.0,0.0,0.0,0.0,0.0,,
word_character,23872,P-509,0.0,0.0,0.0,0.0,0.0,0.0,0.0,,
word_character,23901,EX-061,0.0,0.0,0.0,0.0,0.0,0.0,0.0,,
word_character,23912,CT-022,0.0,0.0,0.0,0.0,0.0,0.0,0.0,,
word_character,23913,K-140,0.0,0.0,0.0,0.0,0.0,0.0,0.0,,
word_character,23942,K-316,0.0,0.0,0.0,0.0,0.0,0.0,0.0,,
word_character,23964,AG-039,0.0,1.0,1.0,1.0,1.0,0.2,0.2,,
word_character,23992,EV-146,0.0,0.0,0.0,0.0,0.0,0.0,0.0,,
word_character,24000,CT-041,0.0,0.0,0.0,0.0,1.0,0.0,0.022222222222222223,,
word_character,24002,F-208,0.0,0.0,1.0,1.0,1.0,0.14285714285714285,0.14285714285714285,,
word_character,24006,M-120,0.0,0.0,0.0,0.0,0.0,0.0,0.0,,
word_character,24010,HV-060,0.0,0.0,0.0,0.0,0.0,0.0,0.0,,
word_character,24023,DRY-066,0.0,0.0,0.0,0.0,0.0,0.0,0.0,,
word_character,24036,M-100,0.0,0.0,0.0,0.0,0.0,0.0,0.0,,
word_character,24058,M-048,0.0,1.0,1.0,1.0,1.0,0.25,0.25,,
word_character,24075,HX-114,0.0,0.0,0.0,0.0,0.0,0.0,0.0,,
word_character,24083,SC-032,0.0,0.0,0.0,0.0,0.0,0.0,0.0,,
word_character,24142,FCC-105,0.0,0.0,0.0,0.0,0.0,0.0,0.0,,
word_character,24164,HX-382,0.0,0.0,0.0,0.0,0.0,0.0,0.0,,
word_character,24248,TK-082,0.0,0.0,0.0,0.0,0.0,0.0,0.0,,
word_character,24270,R-202,0.0,0.0,0.0,0.0,0.0,0.0,0.0,,
word_character,24380,K-193,0.0,0.0,0.0,0.0,0.0,0.0,0.0,,
word_character,24439,P-704,0.0,0.0,0.0,0.0,0.0,0.0,0.0,,
word_character,24452,P-536,0.0,0.0,0.0,0.0,0.0,0.0,0.0,,
word_character,24471,M-020,0.0,0.0,0.0,0.0,0.0,0.0,0.0,,
word_character,24546,DOS-037,0.0,0.0,0.0,0.0,0.0,0.0,0.0,,
word_character,24557,R-135,0.0,0.0,0.0,0.0,0.0,0.0,0.0,,
word_character,24594,GB-094,0.0,0.0,0.0,0.0,0.0,0.0,0.0,,
word_character,24598,P-365,0.0,0.0,0.0,0.0,0.0,0.0,0.0,,
word_character,24621,BM-199,0.0,0.0,0.0,0.0,0.0,0.0,0.0,,
word_character,24641,GT-015,0.0,0.0,0.0,0.0,1.0,0.0,0.02,,
word_character,24651,GS-158,0.0,0.0,0.0,0.0,1.0,0.0,0.02127659574468085,,
word_character,24671,TK-314,0.0,0.0,0.0,0.0,0.0,0.0,0.0,,
word_character,24673,BLR-145,0.0,0.0,0.0,0.0,0.0,0.0,0.0,,
word_character,24700,SEP-093,0.0,0.0,0.0,0.0,0.0,0.0,0.0,,
word_character,24723,K-014,0.0,0.0,0.0,0.0,0.0,0.0,0.0,,
word_character,24748,UF-228,0.0,0.0,0.0,0.0,0.0,0.0,0.0,,
word_character,24796,P-196,0.0,0.0,0.0,0.0,0.0,0.0,0.0,,
word_character,24801,P-214,0.0,0.0,0.0,0.0,0.0,0.0,0.0,,
word_character,24815,CR-091,0.0,0.0,0.0,0.0,0.0,0.0,0.0,,
word_character,24824,BLR-008,0.0,0.0,0.0,0.0,1.0,0.0,0.02040816326530612,,
word_character,24859,P-118,0.0,0.0,0.0,0.0,0.0,0.0,0.0,,
word_character,24869,TK-234,0.0,0.0,0.0,0.0,0.0,0.0,0.0,,
word_character,24876,P-563,0.0,0.0,0.0,0.0,0.0,0.0,0.0,,
word_character,24917,HV-092,0.0,0.0,0.0,0.0,0.0,0.0,0.0,,
word_character,25023,HX-305,0.0,0.0,1.0,1.0,1.0,0.14285714285714285,0.14285714285714285,,
word_character,25041,CT-101,0.0,0.0,0.0,0.0,0.0,0.0,0.0,,
word_character,25154,CV-209,0.0,0.0,0.0,1.0,1.0,0.0,0.0625,,
word_character,25188,M-029,0.0,0.0,0.0,0.0,0.0,0.0,0.0,,
word_character,25228,DRY-099,0.0,0.0,0.0,0.0,0.0,0.0,0.0,,
word_character,25229,P-426,0.0,0.0,0.0,0.0,0.0,0.0,0.0,,
word_character,25234,SC-034,0.0,0.0,0.0,0.0,0.0,0.0,0.0,,
word_character,25300,M-006,0.0,0.0,0.0,0.0,0.0,0.0,0.0,,
word_character,25357,P-230,0.0,0.0,0.0,0.0,0.0,0.0,0.0,,
word_character,25363,M-124,0.0,0.0,0.0,0.0,0.0,0.0,0.0,,
word_character,25420,K-085,0.0,1.0,1.0,1.0,1.0,0.2,0.2,,
word_character,25421,HX-245,0.0,0.0,0.0,0.0,0.0,0.0,0.0,,
word_character,25443,HV-114,0.0,0.0,0.0,0.0,0.0,0.0,0.0,,
word_character,25476,P-582,0.0,0.0,0.0,0.0,0.0,0.0,0.0,,
word_character,25485,AG-103,0.0,0.0,0.0,0.0,0.0,0.0,0.0,,
word_character,25488,F-059,0.0,0.0,0.0,0.0,0.0,0.0,0.0,,
word_character,25493,P-492,0.0,0.0,0.0,0.0,0.0,0.0,0.0,,
word_character,25522,P-134,0.0,0.0,0.0,0.0,0.0,0.0,0.0,,
word_character,25538,P-334,0.0,0.0,0.0,0.0,0.0,0.0,0.0,,
word_character,25559,P-213,0.0,0.0,0.0,1.0,1.0,0.0,0.09090909090909091,,
word_character,25610,GT-114,0.0,0.0,0.0,0.0,0.0,0.0,0.0,,
word_character,25617,K-104,0.0,0.0,0.0,0.0,0.0,0.0,0.0,,
word_character,25693,P-220,0.0,0.0,0.0,0.0,0.0,0.0,0.0,,
word_character,25713,DOS-106,0.0,0.0,0.0,0.0,1.0,0.0,0.043478260869565216,,
word_character,25725,M-017,0.0,0.0,0.0,0.0,0.0,0.0,0.0,,
word_character,25773,AG-141,0.0,0.0,0.0,0.0,0.0,0.0,0.0,,
word_character,25805,K-136,0.0,0.0,1.0,1.0,1.0,0.125,0.125,,
word_character,25818,F-004,0.0,0.0,0.0,0.0,0.0,0.0,0.0,,
word_character,25838,CV-096,0.0,0.0,0.0,0.0,0.0,0.0,0.0,,
word_character,25856,TK-211,0.0,0.0,0.0,0.0,0.0,0.0,0.0,,
word_character,25907,K-066,0.0,0.0,0.0,0.0,0.0,0.0,0.0,,
word_character,26007,P-242,0.0,0.0,0.0,0.0,0.0,0.0,0.0,,
word_character,26028,P-214,0.0,0.0,0.0,0.0,0.0,0.0,0.0,,
word_character,26057,DC-104,0.0,0.0,0.0,0.0,0.0,0.0,0.0,,
word_character,26078,P-188,0.0,0.0,0.0,0.0,0.0,0.0,0.0,,
word_character,26081,R-094,0.0,0.0,0.0,0.0,0.0,0.0,0.0,,
word_character,26086,P-394,0.0,0.0,0.0,0.0,0.0,0.0,0.0,,
word_character,26172,GT-057,0.0,0.0,0.0,0.0,0.0,0.0,0.0,,
word_character,26175,SEP-068,0.0,0.0,0.0,1.0,1.0,0.0,0.07142857142857142,,
word_character,26185,TK-043,0.0,0.0,0.0,0.0,0.0,0.0,0.0,,
word_character,26227,HV-138,0.0,0.0,0.0,0.0,0.0,0.0,0.0,,
word_character,26228,P-426,0.0,0.0,0.0,0.0,0.0,0.0,0.0,,
word_character,26251,DOS-038,0.0,0.0,0.0,0.0,0.0,0.0,0.0,,
word_character,26255,UF-058,1.0,1.0,1.0,1.0,1.0,1.0,1.0,,
word_character,26267,DP-070,0.0,0.0,0.0,1.0,1.0,0.0,0.058823529411764705,,
word_character,26304,DOS-094,0.0,0.0,0.0,0.0,0.0,0.0,0.0,,
word_character,26315,HX-100,0.0,0.0,0.0,0.0,0.0,0.0,0.0,,
word_character,26344,UF-228,0.0,0.0,0.0,0.0,0.0,0.0,0.0,,
word_character,26393,TK-106,0.0,0.0,0.0,0.0,0.0,0.0,0.0,,
word_character,26406,P-194,0.0,0.0,0.0,0.0,0.0,0.0,0.0,,
word_character,26473,AG-216,0.0,0.0,0.0,0.0,0.0,0.0,0.0,,
word_character,26572,P-316,0.0,0.0,0.0,1.0,1.0,0.0,0.08333333333333333,,
word_character,26573,CF-083,0.0,0.0,0.0,0.0,0.0,0.0,0.0,,
word_character,26596,P-197,0.0,0.0,0.0,0.0,0.0,0.0,0.0,,
word_character,26597,K-317,0.0,0.0,0.0,0.0,0.0,0.0,0.0,,
word_character,26629,DRY-126,0.0,0.0,0.0,0.0,0.0,0.0,0.0,,
word_character,26649,R-227,0.0,0.0,0.0,0.0,0.0,0.0,0.0,,
word_character,26683,GT-071,0.0,0.0,0.0,0.0,0.0,0.0,0.0,,
word_character,26691,DRY-139,0.0,0.0,0.0,0.0,0.0,0.0,0.0,,
word_character,26696,CF-007,0.0,0.0,0.0,0.0,0.0,0.0,0.0,,
word_character,26705,BLR-034,0.0,0.0,0.0,0.0,0.0,0.0,0.0,,
word_character,26709,SC-144,0.0,0.0,0.0,0.0,0.0,0.0,0.0,,
word_character,26756,K-294,0.0,0.0,0.0,0.0,0.0,0.0,0.0,,
word_character,26766,GT-038,0.0,0.0,1.0,1.0,1.0,0.1111111111111111,0.1111111111111111,,
word_character,26862,BM-048,0.0,0.0,0.0,0.0,0.0,0.0,0.0,,
word_character,26892,RLP-117,0.0,0.0,0.0,0.0,1.0,0.0,0.02702702702702703,,
word_character,26910,VP-189,0.0,0.0,0.0,0.0,0.0,0.0,0.0,,
word_character,26936,P-119,0.0,0.0,0.0,0.0,0.0,0.0,0.0,,
word_character,26978,M-148,0.0,0.0,0.0,0.0,0.0,0.0,0.0,,
word_character,27005,TK-111,0.0,0.0,0.0,0.0,0.0,0.0,0.0,,
word_character,27010,RLP-116,0.0,0.0,0.0,0.0,0.0,0.0,0.0,,
word_character,27035,TK-345,0.0,0.0,0.0,0.0,0.0,0.0,0.0,,
word_character,27059,P-229,0.0,0.0,0.0,0.0,0.0,0.0,0.0,,
word_character,27117,DOS-056,0.0,0.0,0.0,0.0,0.0,0.0,0.0,,
word_character,27119,TK-331,0.0,0.0,0.0,0.0,0.0,0.0,0.0,,
word_character,27146,VP-116,0.0,0.0,0.0,0.0,0.0,0.0,0.0,,
word_character,27201,GB-018,0.0,0.0,0.0,0.0,0.0,0.0,0.0,,
word_character,27250,FM-027,0.0,0.0,0.0,0.0,0.0,0.0,0.0,,
word_character,27266,CV-056,0.0,0.0,0.0,0.0,1.0,0.0,0.02564102564102564,,
word_character,27283,K-153,0.0,0.0,0.0,0.0,0.0,0.0,0.0,,
word_character,27287,P-640,0.0,0.0,0.0,0.0,0.0,0.0,0.0,,
word_character,27289,CR-075,0.0,0.0,0.0,0.0,0.0,0.0,0.0,,
word_character,27297,P-196,0.0,0.0,0.0,0.0,0.0,0.0,0.0,,
word_character,27304,K-090,0.0,0.0,0.0,0.0,0.0,0.0,0.0,,
word_character,27321,M-034,0.0,0.0,0.0,0.0,0.0,0.0,0.0,,
word_character,27355,DC-116,0.0,0.0,0.0,0.0,0.0,0.0,0.0,,
word_character,27364,P-132,0.0,0.0,0.0,0.0,0.0,0.0,0.0,,
word_character,27408,P-715,0.0,0.0,0.0,0.0,0.0,0.0,0.0,,
word_character,27506,K-007,0.0,0.0,0.0,0.0,0.0,0.0,0.0,,
word_character,27518,CT-083,0.0,0.0,0.0,0.0,0.0,0.0,0.0,,
word_character,27552,K-119,0.0,0.0,0.0,0.0,0.0,0.0,0.0,,
word_character,27577,TK-046,0.0,0.0,0.0,0.0,0.0,0.0,0.0,,
word_character,27601,EV-135,0.0,0.0,1.0,1.0,1.0,0.14285714285714285,0.14285714285714285,,
word_character,27626,GB-135,0.0,0.0,0.0,0.0,0.0,0.0,0.0,,
word_character,27662,CT-037,0.0,0.0,0.0,0.0,0.0,0.0,0.0,,
word_character,27684,BM-023,0.0,0.0,0.0,0.0,0.0,0.0,0.0,,
word_character,27691,FCC-075,0.0,0.0,0.0,0.0,0.0,0.0,0.0,,
word_character,27732,TK-029,0.0,0.0,0.0,0.0,0.0,0.0,0.0,,
word_character,27777,M-141,0.0,0.0,0.0,0.0,0.0,0.0,0.0,,
word_character,27797,M-085,0.0,1.0,1.0,1.0,1.0,0.3333333333333333,0.3333333333333333,,
word_character,27804,CV-036,0.0,0.0,0.0,0.0,0.0,0.0,0.0,,
word_character,27945,CR-133,0.0,0.0,0.0,0.0,0.0,0.0,0.0,,
word_character,27964,HX-100,0.0,0.0,0.0,0.0,0.0,0.0,0.0,,
word_character,27974,K-005,0.0,0.0,0.0,0.0,0.0,0.0,0.0,,
word_character,27979,TK-131,0.0,0.0,0.0,0.0,0.0,0.0,0.0,,
word_character,27984,BLR-119,0.0,0.0,0.0,0.0,0.0,0.0,0.0,,
word_character,28031,F-063,0.0,0.0,0.0,0.0,0.0,0.0,0.0,,
word_character,28090,P-263,0.0,0.0,0.0,0.0,0.0,0.0,0.0,,
word_character,28138,P-334,0.0,0.0,0.0,0.0,0.0,0.0,0.0,,
word_character,28142,M-063,0.0,0.0,0.0,1.0,1.0,0.0,0.05263157894736842,,
word_character,28176,P-658,0.0,0.0,0.0,0.0,0.0,0.0,0.0,,
word_character,28198,HV-104,0.0,0.0,0.0,0.0,0.0,0.0,0.0,,
word_character,28282,K-008,0.0,0.0,0.0,0.0,0.0,0.0,0.0,,
word_character,28291,HV-010,0.0,0.0,0.0,0.0,0.0,0.0,0.0,,
word_character,28297,DOS-137,0.0,0.0,0.0,0.0,0.0,0.0,0.0,,
word_character,28394,TK-025,0.0,0.0,0.0,0.0,0.0,0.0,0.0,,
word_character,28414,HV-051,0.0,0.0,0.0,0.0,0.0,0.0,0.0,,
word_character,28420,P-251,0.0,0.0,0.0,0.0,0.0,0.0,0.0,,
word_character,28436,DOS-027,0.0,0.0,0.0,0.0,1.0,0.0,0.029411764705882353,,
word_character,28467,TK-125,0.0,0.0,0.0,0.0,0.0,0.0,0.0,,
word_character,28490,P-459,0.0,0.0,0.0,0.0,0.0,0.0,0.0,,
word_character,28525,HX-220,0.0,0.0,0.0,0.0,0.0,0.0,0.0,,
word_character,28692,UF-039,0.0,0.0,0.0,0.0,0.0,0.0,0.0,,
word_character,28732,K-123,0.0,0.0,0.0,0.0,0.0,0.0,0.0,,
word_character,28734,SD-108,0.0,0.0,0.0,0.0,0.0,0.0,0.0,,
word_character,28736,DRY-072,0.0,0.0,0.0,0.0,0.0,0.0,0.0,,
word_character,28757,P-310,0.0,0.0,0.0,0.0,1.0,0.0,0.04,,
word_character,28768,TK-165,0.0,0.0,0.0,0.0,0.0,0.0,0.0,,
word_character,28832,M-037,0.0,0.0,0.0,0.0,0.0,0.0,0.0,,
word_character,28856,DRY-101,0.0,0.0,0.0,0.0,1.0,0.0,0.029411764705882353,,
word_character,28926,AG-092,0.0,0.0,0.0,0.0,0.0,0.0,0.0,,
word_character,28933,F-122,0.0,0.0,0.0,0.0,0.0,0.0,0.0,,
word_character,28953,R-237,0.0,0.0,0.0,0.0,0.0,0.0,0.0,,
word_character,29007,K-146,0.0,0.0,0.0,0.0,0.0,0.0,0.0,,
word_character,29045,P-518,0.0,0.0,0.0,0.0,0.0,0.0,0.0,,
word_character,29082,P-171,0.0,0.0,0.0,0.0,0.0,0.0,0.0,,
word_character,29124,CR-165,0.0,0.0,0.0,0.0,0.0,0.0,0.0,,
word_character,29154,UF-110,0.0,0.0,0.0,0.0,0.0,0.0,0.0,,
word_character,29173,P-313,0.0,0.0,0.0,0.0,0.0,0.0,0.0,,
word_character,29176,HX-321,0.0,0.0,0.0,0.0,0.0,0.0,0.0,,
word_character,29381,P-535,0.0,0.0,0.0,0.0,0.0,0.0,0.0,,
word_character,29405,F-128,0.0,0.0,0.0,0.0,0.0,0.0,0.0,,
word_character,29417,P-186,0.0,0.0,0.0,0.0,0.0,0.0,0.0,,
word_character,29422,HP-071,0.0,0.0,0.0,0.0,0.0,0.0,0.0,,
word_character,29473,HX-005,0.0,0.0,0.0,0.0,0.0,0.0,0.0,,
word_character,29570,P-172,0.0,0.0,0.0,0.0,0.0,0.0,0.0,,
word_character,29631,CR-007,0.0,0.0,0.0,0.0,0.0,0.0,0.0,,
word_character,29657,BLR-026,0.0,0.0,0.0,0.0,0.0,0.0,0.0,,
word_character,29741,CF-126,0.0,0.0,0.0,0.0,0.0,0.0,0.0,,
word_character,29746,HP-145,0.0,0.0,0.0,0.0,0.0,0.0,0.0,,
word_character,29760,M-139,0.0,0.0,1.0,1.0,1.0,0.125,0.125,,
word_character,29763,P-146,0.0,0.0,0.0,0.0,0.0,0.0,0.0,,
word_character,29803,CR-047,0.0,0.0,0.0,0.0,0.0,0.0,0.0,,
word_character,29812,CV-138,0.0,0.0,0.0,0.0,1.0,0.0,0.037037037037037035,,
word_character,29928,CR-082,0.0,0.0,0.0,0.0,0.0,0.0,0.0,,
word_character,29961,EV-085,0.0,0.0,0.0,0.0,0.0,0.0,0.0,,
word_character,29972,P-650,0.0,0.0,0.0,0.0,0.0,0.0,0.0,,
word_character,30025,GT-127,0.0,0.0,0.0,0.0,0.0,0.0,0.0,,
word_character,30048,CV-087,0.0,0.0,0.0,0.0,0.0,0.0,0.0,,
word_character,30058,M-110,0.0,0.0,0.0,0.0,0.0,0.0,0.0,,
word_character,30087,TK-165,0.0,0.0,0.0,0.0,0.0,0.0,0.0,,
word_character,30144,GB-066,0.0,0.0,0.0,0.0,0.0,0.0,0.0,,
word_character,30170,SEP-069,0.0,0.0,0.0,0.0,0.0,0.0,0.0,,
word_character,30180,TK-135,0.0,0.0,0.0,0.0,0.0,0.0,0.0,,
word_character,30181,P-327,0.0,0.0,0.0,0.0,0.0,0.0,0.0,,
word_character,30257,K-112,0.0,0.0,0.0,0.0,0.0,0.0,0.0,,
word_character,30270,P-266,0.0,0.0,0.0,0.0,0.0,0.0,0.0,,
word_character,30311,HX-090,0.0,0.0,0.0,0.0,0.0,0.0,0.0,,
word_character,30341,CR-124,0.0,0.0,0.0,0.0,0.0,0.0,0.0,,
word_character,30387,R-235,0.0,0.0,0.0,0.0,0.0,0.0,0.0,,
word_character,30388,TK-048,0.0,0.0,0.0,0.0,0.0,0.0,0.0,,
word_character,30423,SC-038,0.0,0.0,0.0,0.0,0.0,0.0,0.0,,
word_character,30427,TK-080,0.0,0.0,0.0,0.0,0.0,0.0,0.0,,
word_character,30499,AG-137,0.0,0.0,0.0,0.0,0.0,0.0,0.0,,
word_character,30527,F-119,0.0,0.0,0.0,1.0,1.0,0.0,0.0625,,
word_character,30555,HX-044,0.0,0.0,0.0,0.0,0.0,0.0,0.0,,
word_character,30590,GT-140,0.0,0.0,0.0,0.0,0.0,0.0,0.0,,
word_character,30610,R-099,0.0,0.0,0.0,0.0,0.0,0.0,0.0,,
word_character,30616,CV-132,0.0,0.0,0.0,0.0,0.0,0.0,0.0,,
word_character,30668,P-166,0.0,0.0,0.0,0.0,0.0,0.0,0.0,,
word_character,30683,P-388,0.0,0.0,0.0,0.0,0.0,0.0,0.0,,
word_character,30684,DOS-041,0.0,0.0,0.0,0.0,0.0,0.0,0.0,,
word_character,30694,M-101,0.0,0.0,0.0,0.0,0.0,0.0,0.0,,
word_character,30732,P-351,0.0,0.0,0.0,0.0,0.0,0.0,0.0,,
word_character,30744,HV-043,0.0,0.0,0.0,0.0,0.0,0.0,0.0,,
word_character,30746,BLR-087,0.0,0.0,0.0,0.0,0.0,0.0,0.0,,
word_character,30769,AG-056,0.0,0.0,0.0,0.0,0.0,0.0,0.0,,
word_character,30898,K-053,0.0,0.0,0.0,0.0,0.0,0.0,0.0,,
word_character,30907,K-141,0.0,0.0,0.0,0.0,1.0,0.0,0.03125,,
word_character,30980,FCC-017,0.0,0.0,0.0,0.0,0.0,0.0,0.0,,
word_character,31037,BLR-064,0.0,0.0,0.0,0.0,0.0,0.0,0.0,,
word_character,31065,RLP-068,0.0,0.0,0.0,0.0,0.0,0.0,0.0,,
word_character,31114,K-065,0.0,0.0,0.0,0.0,0.0,0.0,0.0,,
word_character,31155,K-028,0.0,0.0,0.0,0.0,0.0,0.0,0.0,,
word_character,31225,GB-094,0.0,0.0,0.0,0.0,0.0,0.0,0.0,,
word_character,31237,P-470,0.0,0.0,0.0,0.0,0.0,0.0,0.0,,
word_character,31329,UF-134,0.0,0.0,0.0,0.0,0.0,0.0,0.0,,
word_character,31375,EV-125,0.0,0.0,0.0,0.0,0.0,0.0,0.0,,
word_character,31377,GT-054,0.0,0.0,0.0,0.0,0.0,0.0,0.0,,
word_character,31395,SD-079,0.0,0.0,0.0,0.0,0.0,0.0,0.0,,
word_character,31411,HV-101,0.0,0.0,1.0,1.0,1.0,0.125,0.125,,
word_character,31453,FM-055,0.0,0.0,0.0,0.0,0.0,0.0,0.0,,
word_character,31503,TK-021,0.0,0.0,0.0,0.0,1.0,0.0,0.02,,
word_character,31554,AG-008,0.0,0.0,1.0,1.0,1.0,0.1,0.1,,
word_character,31560,HX-036,0.0,0.0,0.0,0.0,0.0,0.0,0.0,,
word_character,31567,K-166,0.0,0.0,0.0,0.0,0.0,0.0,0.0,,
word_character,31572,TK-059,0.0,0.0,0.0,0.0,0.0,0.0,0.0,,
word_character,31616,AG-038,0.0,0.0,0.0,0.0,0.0,0.0,0.0,,
word_character,31711,P-211,0.0,0.0,0.0,0.0,0.0,0.0,0.0,,
word_character,31742,CR-045,0.0,0.0,0.0,1.0,1.0,0.0,0.07692307692307693,,
word_character,31819,P-422,0.0,0.0,0.0,0.0,0.0,0.0,0.0,,
word_character,31840,K-147,0.0,0.0,0.0,0.0,0.0,0.0,0.0,,
word_character,31881,BM-012,0.0,0.0,0.0,0.0,0.0,0.0,0.0,,
word_character,31889,GT-044,0.0,0.0,0.0,0.0,0.0,0.0,0.0,,
word_character,31942,FCC-129,0.0,0.0,0.0,1.0,1.0,0.0,0.06666666666666667,,
word_character,32004,P-488,0.0,0.0,0.0,0.0,0.0,0.0,0.0,,
word_character,32026,GT-018,0.0,0.0,0.0,0.0,0.0,0.0,0.0,,
word_character,32186,UF-143,0.0,0.0,0.0,0.0,0.0,0.0,0.0,,
word_character,32317,HV-007,0.0,0.0,0.0,0.0,0.0,0.0,0.0,,
word_character,32336,CV-109,0.0,0.0,0.0,0.0,1.0,0.0,0.043478260869565216,,
word_character,32384,DC-047,0.0,0.0,0.0,0.0,0.0,0.0,0.0,,
word_character,32390,M-069,0.0,0.0,0.0,0.0,0.0,0.0,0.0,,
word_character,32394,CF-060,0.0,0.0,0.0,0.0,0.0,0.0,0.0,,
word_character,32404,AG-097,0.0,0.0,0.0,0.0,0.0,0.0,0.0,,
word_character,32420,K-052,0.0,0.0,0.0,0.0,0.0,0.0,0.0,,
word_character,32459,M-081,0.0,0.0,0.0,0.0,0.0,0.0,0.0,,
word_character,32467,GB-042,0.0,0.0,0.0,0.0,0.0,0.0,0.0,,
word_character,32497,HP-118,0.0,0.0,0.0,0.0,0.0,0.0,0.0,,
word_character,32540,DOS-127,0.0,0.0,0.0,0.0,0.0,0.0,0.0,,
word_character,32614,TK-055,0.0,0.0,0.0,0.0,0.0,0.0,0.0,,
word_character,32640,P-414,0.0,0.0,0.0,0.0,0.0,0.0,0.0,,
word_character,32657,M-094,0.0,0.0,0.0,0.0,1.0,0.0,0.02,,
word_character,32679,F-048,0.0,0.0,0.0,0.0,0.0,0.0,0.0,,
word_character,32686,P-297,0.0,0.0,0.0,0.0,0.0,0.0,0.0,,
word_character,32709,TK-061,0.0,0.0,0.0,0.0,0.0,0.0,0.0,,
word_character,32722,CR-126,0.0,0.0,0.0,1.0,1.0,0.0,0.06666666666666667,,
word_character,32766,K-227,0.0,0.0,0.0,0.0,0.0,0.0,0.0,,
word_character,32831,FCC-115,0.0,0.0,0.0,0.0,0.0,0.0,0.0,,
word_character,32855,P-237,0.0,0.0,0.0,0.0,0.0,0.0,0.0,,
word_character,32971,EX-112,0.0,0.0,0.0,0.0,0.0,0.0,0.0,,
word_character,33039,CT-132,0.0,0.0,1.0,1.0,1.0,0.16666666666666666,0.16666666666666666,,
word_character,33049,TRB-112,0.0,0.0,0.0,0.0,0.0,0.0,0.0,,
word_character,33111,TK-083,0.0,0.0,0.0,0.0,0.0,0.0,0.0,,
word_character,33124,CF-063,0.0,0.0,0.0,0.0,0.0,0.0,0.0,,
word_character,33148,DP-036,0.0,0.0,0.0,0.0,0.0,0.0,0.0,,
word_character,33157,P-482,0.0,0.0,0.0,0.0,0.0,0.0,0.0,,
word_character,33291,CV-013,0.0,0.0,0.0,0.0,0.0,0.0,0.0,,
word_character,33359,R-073,0.0,0.0,0.0,0.0,0.0,0.0,0.0,,
word_character,33389,CT-125,0.0,0.0,0.0,0.0,0.0,0.0,0.0,,
word_character,33433,K-129,0.0,0.0,0.0,0.0,0.0,0.0,0.0,,
word_character,33486,BLR-187,0.0,0.0,0.0,0.0,0.0,0.0,0.0,,
word_character,33501,P-104,0.0,0.0,0.0,0.0,1.0,0.0,0.030303030303030304,,
word_character,33537,M-063,0.0,0.0,0.0,0.0,0.0,0.0,0.0,,
word_character,33546,EX-036,0.0,0.0,0.0,0.0,0.0,0.0,0.0,,
word_character,33547,P-109,0.0,0.0,0.0,0.0,0.0,0.0,0.0,,
word_character,33562,DC-134,0.0,0.0,0.0,0.0,0.0,0.0,0.0,,
word_character,33601,P-241,0.0,0.0,0.0,0.0,0.0,0.0,0.0,,
word_character,33612,BLR-056,0.0,0.0,0.0,0.0,0.0,0.0,0.0,,
word_character,33764,HX-066,0.0,0.0,0.0,0.0,0.0,0.0,0.0,,
word_character,33774,K-038,0.0,0.0,0.0,0.0,0.0,0.0,0.0,,
word_character,33780,RLP-066,0.0,0.0,0.0,0.0,0.0,0.0,0.0,,
word_character,33787,CV-034,0.0,0.0,0.0,0.0,0.0,0.0,0.0,,
word_character,33808,P-337,0.0,0.0,0.0,0.0,0.0,0.0,0.0,,
word_character,33821,UF-027,0.0,0.0,0.0,0.0,0.0,0.0,0.0,,
word_character,33842,K-130,0.0,0.0,0.0,0.0,0.0,0.0,0.0,,
word_character,33851,FCC-130,0.0,0.0,0.0,0.0,0.0,0.0,0.0,,
word_character,33862,M-015,0.0,0.0,0.0,0.0,0.0,0.0,0.0,,
word_character,33864,BLR-119,0.0,0.0,0.0,0.0,0.0,0.0,0.0,,
word_character,33871,HV-022,0.0,0.0,0.0,0.0,0.0,0.0,0.0,,
word_character,33881,GB-143,0.0,0.0,0.0,0.0,0.0,0.0,0.0,,
word_character,33890,P-584,0.0,0.0,0.0,0.0,0.0,0.0,0.0,,
word_character,33892,P-314,0.0,0.0,0.0,0.0,0.0,0.0,0.0,,
word_character,33920,DP-081,0.0,0.0,0.0,0.0,0.0,0.0,0.0,,
word_character,33929,TRB-106,0.0,0.0,0.0,0.0,1.0,0.0,0.03333333333333333,,
word_character,33934,UF-055,0.0,0.0,0.0,0.0,0.0,0.0,0.0,,
word_character,33942,AG-108,0.0,0.0,0.0,0.0,0.0,0.0,0.0,,
word_character,34019,R-014,0.0,0.0,0.0,0.0,0.0,0.0,0.0,,
word_character,34021,GT-143,0.0,0.0,0.0,0.0,0.0,0.0,0.0,,
word_character,34047,BM-096,0.0,0.0,0.0,0.0,0.0,0.0,0.0,,
word_character,34116,DRY-090,0.0,0.0,0.0,0.0,0.0,0.0,0.0,,
word_character,34189,R-079,0.0,0.0,0.0,0.0,0.0,0.0,0.0,,
word_character,34293,HX-312,0.0,0.0,0.0,0.0,0.0,0.0,0.0,,
word_character,34300,K-099,0.0,0.0,0.0,0.0,0.0,0.0,0.0,,
word_character,34309,GT-044,0.0,0.0,0.0,0.0,0.0,0.0,0.0,,
word_character,34372,M-007,0.0,0.0,0.0,0.0,0.0,0.0,0.0,,
word_character,34441,P-341,0.0,0.0,0.0,0.0,0.0,0.0,0.0,,
word_character,34473,R-112,0.0,0.0,0.0,0.0,0.0,0.0,0.0,,
word_character,34487,HX-043,0.0,0.0,0.0,0.0,0.0,0.0,0.0,,
word_character,34530,K-045,0.0,0.0,0.0,0.0,0.0,0.0,0.0,,
word_character,34566,HX-140,0.0,0.0,0.0,0.0,0.0,0.0,0.0,,
word_character,34605,HX-080,0.0,0.0,0.0,0.0,0.0,0.0,0.0,,
word_character,34641,BLR-028,0.0,0.0,0.0,0.0,1.0,0.0,0.020833333333333332,,
word_character,34645,CR-052,0.0,0.0,0.0,0.0,0.0,0.0,0.0,,
word_character,34648,SEP-095,0.0,0.0,0.0,0.0,0.0,0.0,0.0,,
word_character,34663,CV-118,0.0,0.0,0.0,0.0,0.0,0.0,0.0,,
word_character,34706,CV-243,0.0,0.0,1.0,1.0,1.0,0.14285714285714285,0.14285714285714285,,
word_character,34719,P-243,0.0,0.0,0.0,0.0,0.0,0.0,0.0,,
word_character,34727,P-120,0.0,0.0,0.0,0.0,0.0,0.0,0.0,,
word_character,34741,BM-004,0.0,0.0,0.0,0.0,0.0,0.0,0.0,,
word_character,34768,P-684,0.0,0.0,0.0,0.0,0.0,0.0,0.0,,
word_character,34790,P-331,0.0,0.0,0.0,0.0,0.0,0.0,0.0,,
word_character,34807,SEP-078,0.0,0.0,0.0,0.0,0.0,0.0,0.0,,
word_character,34816,K-166,0.0,0.0,0.0,0.0,0.0,0.0,0.0,,
word_character,34821,HX-143,0.0,0.0,0.0,0.0,0.0,0.0,0.0,,
word_character,34826,CV-020,0.0,0.0,0.0,0.0,0.0,0.0,0.0,,
word_character,34902,P-116,0.0,0.0,0.0,0.0,0.0,0.0,0.0,,
word_character,35040,R-112,0.0,0.0,0.0,1.0,1.0,0.0,0.058823529411764705,,
word_character,35046,DRY-135,0.0,0.0,0.0,0.0,0.0,0.0,0.0,,
word_character,35047,P-293,0.0,0.0,0.0,0.0,0.0,0.0,0.0,,
word_character,35128,FM-132,0.0,0.0,0.0,1.0,1.0,0.0,0.05,,
word_character,35182,P-150,0.0,0.0,0.0,0.0,0.0,0.0,0.0,,
word_character,35223,HX-084,0.0,0.0,0.0,1.0,1.0,0.0,0.05555555555555555,,
word_character,35242,K-105,0.0,0.0,0.0,0.0,0.0,0.0,0.0,,
word_character,35249,P-646,0.0,0.0,0.0,0.0,0.0,0.0,0.0,,
word_character,35250,TK-019,0.0,0.0,0.0,0.0,0.0,0.0,0.0,,
word_character,35376,TK-116,0.0,0.0,0.0,0.0,0.0,0.0,0.0,,
word_character,35404,K-294,0.0,0.0,0.0,0.0,0.0,0.0,0.0,,
word_character,35603,P-305,0.0,0.0,0.0,0.0,0.0,0.0,0.0,,
word_character,35741,M-113,0.0,0.0,0.0,0.0,0.0,0.0,0.0,,
word_character,35766,P-673,0.0,0.0,0.0,0.0,0.0,0.0,0.0,,
word_character,35816,FM-048,0.0,0.0,0.0,0.0,0.0,0.0,0.0,,
word_character,35924,P-258,0.0,0.0,0.0,0.0,0.0,0.0,0.0,,
word_character,35970,TK-079,0.0,0.0,0.0,0.0,0.0,0.0,0.0,,
word_character,36028,SEP-128,0.0,0.0,1.0,1.0,1.0,0.14285714285714285,0.14285714285714285,,
word_character,36033,TK-102,0.0,0.0,0.0,0.0,1.0,0.0,0.04,,
word_character,36162,HX-039,0.0,0.0,0.0,0.0,0.0,0.0,0.0,,
word_character,36163,TK-147,0.0,0.0,0.0,0.0,0.0,0.0,0.0,,
word_character,36180,P-186,0.0,0.0,0.0,0.0,0.0,0.0,0.0,,
word_character,36186,EV-083,0.0,0.0,0.0,0.0,0.0,0.0,0.0,,
word_character,36194,DOS-145,0.0,0.0,0.0,0.0,1.0,0.0,0.045454545454545456,,
word_character,36223,P-308,0.0,0.0,0.0,0.0,0.0,0.0,0.0,,
word_character,36279,CV-186,0.0,0.0,0.0,0.0,0.0,0.0,0.0,,
word_character,36310,TRB-099,0.0,0.0,0.0,0.0,0.0,0.0,0.0,,
word_character,36354,M-141,0.0,0.0,0.0,0.0,0.0,0.0,0.0,,
word_character,36449,DOS-031,0.0,0.0,0.0,0.0,0.0,0.0,0.0,,
word_character,36540,RLP-078,0.0,0.0,1.0,1.0,1.0,0.14285714285714285,0.14285714285714285,,
word_character,36594,SD-135,0.0,0.0,0.0,0.0,0.0,0.0,0.0,,
word_character,36633,HV-224,0.0,0.0,0.0,0.0,0.0,0.0,0.0,,
word_character,36640,P-216,0.0,0.0,0.0,0.0,0.0,0.0,0.0,,
word_character,36654,P-192,0.0,0.0,0.0,0.0,0.0,0.0,0.0,,
word_character,36687,HP-129,0.0,0.0,0.0,0.0,0.0,0.0,0.0,,
word_character,36714,DRY-053,0.0,0.0,1.0,1.0,1.0,0.16666666666666666,0.16666666666666666,,
word_character,36716,SC-106,0.0,0.0,0.0,0.0,0.0,0.0,0.0,,
word_character,36728,P-545,0.0,0.0,0.0,0.0,0.0,0.0,0.0,,
word_character,36749,F-119,0.0,0.0,0.0,0.0,0.0,0.0,0.0,,
word_character,36833,P-624,0.0,0.0,0.0,0.0,0.0,0.0,0.0,,
word_character,36905,TK-044,0.0,0.0,0.0,0.0,0.0,0.0,0.0,,
word_character,36991,K-014,0.0,0.0,0.0,0.0,0.0,0.0,0.0,,
word_character,37121,TK-123,0.0,0.0,0.0,0.0,0.0,0.0,0.0,,
word_character,37128,P-358,0.0,0.0,0.0,0.0,0.0,0.0,0.0,,
word_character,37138,GT-047,0.0,0.0,0.0,0.0,1.0,0.0,0.03571428571428571,,
word_character,37139,CR-137,0.0,1.0,1.0,1.0,1.0,0.3333333333333333,0.3333333333333333,,
word_character,37153,HX-074,0.0,0.0,0.0,0.0,0.0,0.0,0.0,,
word_character,37155,CT-079,0.0,0.0,0.0,0.0,0.0,0.0,0.0,,
word_character,37159,K-033,0.0,0.0,0.0,0.0,0.0,0.0,0.0,,
word_character,37187,TK-097,0.0,0.0,0.0,0.0,0.0,0.0,0.0,,
word_character,37196,HX-075,0.0,0.0,0.0,0.0,0.0,0.0,0.0,,
word_character,37216,P-265,0.0,0.0,0.0,0.0,0.0,0.0,0.0,,
word_character,37254,K-299,0.0,0.0,0.0,0.0,0.0,0.0,0.0,,
word_character,37284,DP-083,0.0,0.0,0.0,0.0,1.0,0.0,0.022727272727272728,,
word_character,37311,DRY-133,0.0,0.0,0.0,0.0,0.0,0.0,0.0,,
word_character,37331,DRY-072,0.0,0.0,0.0,0.0,0.0,0.0,0.0,,
word_character,37446,EV-067,0.0,0.0,0.0,0.0,0.0,0.0,0.0,,
word_character,37488,P-309,0.0,0.0,0.0,0.0,0.0,0.0,0.0,,
word_character,37504,K-025,0.0,0.0,0.0,0.0,0.0,0.0,0.0,,
word_character,37510,R-128,0.0,0.0,0.0,0.0,0.0,0.0,0.0,,
word_character,37550,CR-136,0.0,0.0,0.0,0.0,0.0,0.0,0.0,,
word_character,37570,CT-114,0.0,0.0,0.0,0.0,0.0,0.0,0.0,,
word_character,37683,EX-015,0.0,0.0,0.0,1.0,1.0,0.0,0.07692307692307693,,
word_character,37711,RLP-077,0.0,0.0,0.0,0.0,0.0,0.0,0.0,,
word_character,37715,P-745,0.0,0.0,0.0,0.0,0.0,0.0,0.0,,
word_character,37746,M-036,0.0,0.0,1.0,1.0,1.0,0.1111111111111111,0.1111111111111111,,
word_character,37764,K-084,0.0,0.0,0.0,0.0,0.0,0.0,0.0,,
word_character,37787,HX-118,0.0,0.0,0.0,0.0,0.0,0.0,0.0,,
word_character,37819,HV-035,0.0,0.0,0.0,0.0,0.0,0.0,0.0,,
word_character,37884,HP-134,0.0,0.0,0.0,0.0,0.0,0.0,0.0,,
word_character,37923,CV-070,0.0,0.0,0.0,0.0,0.0,0.0,0.0,,
word_character,37969,M-062,0.0,0.0,0.0,0.0,0.0,0.0,0.0,,
word_character,38016,AG-021,0.0,0.0,0.0,0.0,0.0,0.0,0.0,,
word_character,38083,TK-215,0.0,0.0,0.0,0.0,0.0,0.0,0.0,,
word_character,38092,GT-024,0.0,0.0,0.0,0.0,0.0,0.0,0.0,,
word_character,38128,CT-103,0.0,0.0,0.0,0.0,0.0,0.0,0.0,,
word_character,38132,SD-078,0.0,0.0,0.0,0.0,0.0,0.0,0.0,,
word_character,38162,P-128,0.0,0.0,0.0,0.0,0.0,0.0,0.0,,
word_character,38196,SD-031,0.0,0.0,0.0,0.0,0.0,0.0,0.0,,
word_character,38246,FM-217,0.0,0.0,0.0,0.0,0.0,0.0,0.0,,
word_character,38289,P-162,0.0,0.0,0.0,0.0,0.0,0.0,0.0,,
word_character,38354,P-320,0.0,0.0,0.0,0.0,1.0,0.0,0.027777777777777776,,
word_character,38401,P-201,0.0,0.0,0.0,0.0,0.0,0.0,0.0,,
word_character,38430,GT-043,0.0,0.0,0.0,0.0,0.0,0.0,0.0,,
word_character,38457,P-616,0.0,0.0,1.0,1.0,1.0,0.1,0.1,,
word_character,38484,UF-133,0.0,0.0,0.0,1.0,1.0,0.0,0.05555555555555555,,
word_character,38497,HX-321,0.0,0.0,0.0,0.0,0.0,0.0,0.0,,
word_character,38507,TRB-041,0.0,0.0,0.0,0.0,1.0,0.0,0.024390243902439025,,
word_character,38516,P-163,0.0,0.0,0.0,0.0,0.0,0.0,0.0,,
word_character,38611,F-081,0.0,0.0,0.0,0.0,0.0,0.0,0.0,,
word_character,38791,M-008,0.0,0.0,0.0,0.0,0.0,0.0,0.0,,
word_character,38824,EV-079,0.0,0.0,0.0,0.0,1.0,0.0,0.030303030303030304,,
word_character,38861,HX-018,0.0,0.0,0.0,0.0,0.0,0.0,0.0,,
word_character,38908,CR-098,0.0,0.0,0.0,0.0,0.0,0.0,0.0,,
word_character,38945,BLR-241,0.0,0.0,0.0,0.0,0.0,0.0,0.0,,
word_character,38949,GB-072,0.0,0.0,0.0,0.0,0.0,0.0,0.0,,
word_character,38954,TK-112,0.0,0.0,0.0,1.0,1.0,0.0,0.09090909090909091,,
word_character,38981,HX-099,0.0,1.0,1.0,1.0,1.0,0.2,0.2,,
word_character,39013,DRY-058,0.0,0.0,0.0,0.0,0.0,0.0,0.0,,
word_character,39066,TRB-019,0.0,0.0,0.0,0.0,0.0,0.0,0.0,,
word_character,39125,CV-123,0.0,0.0,0.0,0.0,0.0,0.0,0.0,,
word_character,39133,P-342,0.0,0.0,0.0,0.0,0.0,0.0,0.0,,
word_character,39139,FCC-031,0.0,0.0,0.0,0.0,0.0,0.0,0.0,,
word_character,39147,P-694,0.0,0.0,0.0,0.0,0.0,0.0,0.0,,
word_character,39151,TK-042,0.0,0.0,0.0,0.0,0.0,0.0,0.0,,
word_character,39237,P-265,0.0,0.0,0.0,0.0,1.0,0.0,0.022222222222222223,,
word_character,39281,FM-052,0.0,0.0,0.0,0.0,0.0,0.0,0.0,,
word_character,39335,P-252,0.0,0.0,0.0,0.0,0.0,0.0,0.0,,
word_character,39387,P-216,0.0,0.0,0.0,0.0,1.0,0.0,0.023809523809523808,,
word_character,39391,P-141,0.0,0.0,0.0,0.0,0.0,0.0,0.0,,
word_character,39462,BM-124,0.0,0.0,0.0,0.0,0.0,0.0,0.0,,
word_character,39481,P-361,0.0,0.0,0.0,0.0,0.0,0.0,0.0,,
word_character,39484,DC-053,0.0,0.0,0.0,0.0,0.0,0.0,0.0,,
word_character,39610,F-117,0.0,0.0,0.0,0.0,1.0,0.0,0.029411764705882353,,
word_character,39617,BM-136,0.0,0.0,0.0,0.0,0.0,0.0,0.0,,
word_character,39618,P-519,0.0,0.0,0.0,0.0,0.0,0.0,0.0,,
word_character,39639,AG-185,0.0,0.0,0.0,0.0,0.0,0.0,0.0,,
word_character,39706,P-112,0.0,0.0,0.0,0.0,0.0,0.0,0.0,,
word_character,39718,P-208,0.0,0.0,0.0,0.0,0.0,0.0,0.0,,
word_character,39763,TK-010,0.0,0.0,0.0,0.0,0.0,0.0,0.0,,
word_character,39780,M-125,0.0,0.0,0.0,1.0,1.0,0.0,0.07142857142857142,,
word_character,39792,K-225,0.0,0.0,0.0,0.0,1.0,0.0,0.030303030303030304,,
word_character,39805,EV-026,0.0,0.0,0.0,0.0,0.0,0.0,0.0,,
word_character,39815,M-025,0.0,0.0,0.0,0.0,1.0,0.0,0.023809523809523808,,
word_character,39841,M-086,0.0,0.0,0.0,0.0,1.0,0.0,0.024390243902439025,,
word_character,39851,UF-051,0.0,0.0,0.0,0.0,1.0,0.0,0.030303030303030304,,
word_character,39855,TK-323,0.0,0.0,0.0,0.0,0.0,0.0,0.0,,
word_character,39858,P-619,0.0,0.0,0.0,0.0,0.0,0.0,0.0,,
word_character,39875,P-664,0.0,0.0,0.0,0.0,0.0,0.0,0.0,,
word_character,39879,P-134,0.0,0.0,0.0,0.0,0.0,0.0,0.0,,
word_character,39945,R-005,0.0,0.0,0.0,0.0,0.0,0.0,0.0,,
word_character,40073,VP-096,0.0,0.0,0.0,0.0,0.0,0.0,0.0,,
word_character,40082,CF-211,0.0,0.0,0.0,0.0,0.0,0.0,0.0,,
word_character,40107,CV-272,0.0,0.0,0.0,0.0,0.0,0.0,0.0,,
word_character,40127,F-227,0.0,0.0,0.0,0.0,0.0,0.0,0.0,,
word_character,40235,P-728,0.0,0.0,0.0,0.0,0.0,0.0,0.0,,
word_character,40283,M-147,0.0,0.0,0.0,0.0,0.0,0.0,0.0,,
word_character,40309,TK-140,0.0,0.0,0.0,0.0,0.0,0.0,0.0,,
word_character,40314,AG-065,0.0,0.0,0.0,0.0,0.0,0.0,0.0,,
word_character,40318,P-404,0.0,0.0,0.0,0.0,0.0,0.0,0.0,,
word_character,40339,P-435,0.0,0.0,0.0,0.0,0.0,0.0,0.0,,
word_character,40367,R-281,0.0,0.0,0.0,0.0,0.0,0.0,0.0,,
word_character,40379,K-136,0.0,0.0,0.0,0.0,0.0,0.0,0.0,,
word_character,40387,AG-216,0.0,0.0,0.0,0.0,0.0,0.0,0.0,,
word_character,40399,HX-138,0.0,0.0,0.0,0.0,0.0,0.0,0.0,,
word_character,40489,DRY-068,0.0,0.0,0.0,0.0,0.0,0.0,0.0,,
word_character,40501,F-109,0.0,0.0,0.0,0.0,0.0,0.0,0.0,,
word_character,40519,CV-031,1.0,1.0,1.0,1.0,1.0,1.0,1.0,,
word_character,40523,CR-145,0.0,0.0,0.0,0.0,0.0,0.0,0.0,,
word_character,40534,P-414,0.0,1.0,1.0,1.0,1.0,0.3333333333333333,0.3333333333333333,,
word_character,40550,K-081,0.0,0.0,0.0,0.0,0.0,0.0,0.0,,
word_character,40555,K-139,0.0,0.0,0.0,0.0,0.0,0.0,0.0,,
word_character,40570,P-422,0.0,0.0,0.0,0.0,0.0,0.0,0.0,,
word_character,40662,TK-021,0.0,0.0,0.0,0.0,0.0,0.0,0.0,,
word_character,40706,M-078,0.0,0.0,0.0,0.0,0.0,0.0,0.0,,
word_character,40730,K-221,0.0,0.0,0.0,0.0,0.0,0.0,0.0,,
word_character,40771,P-220,0.0,0.0,0.0,0.0,0.0,0.0,0.0,,
word_character,40781,RLP-036,0.0,1.0,1.0,1.0,1.0,0.3333333333333333,0.3333333333333333,,
word_character,40795,SEP-129,0.0,0.0,0.0,0.0,0.0,0.0,0.0,,
word_character,40801,R-094,0.0,0.0,0.0,0.0,0.0,0.0,0.0,,
word_character,40819,TK-166,0.0,0.0,0.0,0.0,0.0,0.0,0.0,,
word_character,40857,K-325,0.0,0.0,0.0,0.0,0.0,0.0,0.0,,
word_character,40910,TK-121,0.0,0.0,0.0,0.0,0.0,0.0,0.0,,
word_character,40911,GS-128,0.0,0.0,0.0,0.0,0.0,0.0,0.0,,
word_character,40917,R-108,0.0,0.0,0.0,0.0,0.0,0.0,0.0,,
word_character,40974,GS-022,0.0,0.0,0.0,1.0,1.0,0.0,0.05555555555555555,,
word_character,40988,SEP-135,0.0,0.0,0.0,0.0,0.0,0.0,0.0,,
word_character,40998,F-074,0.0,0.0,0.0,0.0,0.0,0.0,0.0,,
word_character,40999,P-707,0.0,0.0,0.0,0.0,0.0,0.0,0.0,,
word_character,41121,TK-232,0.0,0.0,0.0,0.0,0.0,0.0,0.0,,
word_character,41132,DOS-122,0.0,0.0,0.0,0.0,1.0,0.0,0.037037037037037035,,
word_character,41152,SC-132,0.0,0.0,0.0,0.0,1.0,0.0,0.023809523809523808,,
word_character,41184,HX-019,0.0,0.0,0.0,0.0,0.0,0.0,0.0,,
word_character,41270,TK-149,0.0,0.0,0.0,0.0,0.0,0.0,0.0,,
word_character,41300,SC-139,0.0,0.0,0.0,0.0,0.0,0.0,0.0,,
word_character,41307,FCC-139,0.0,0.0,0.0,0.0,1.0,0.0,0.03571428571428571,,
word_character,41356,CT-111,1.0,1.0,1.0,1.0,1.0,1.0,1.0,,
word_character,41364,P-688,0.0,0.0,0.0,0.0,0.0,0.0,0.0,,
word_character,41366,K-147,0.0,0.0,0.0,0.0,0.0,0.0,0.0,,
word_character,41372,DC-008,0.0,0.0,0.0,0.0,0.0,0.0,0.0,,
word_character,41377,CT-107,0.0,0.0,0.0,0.0,0.0,0.0,0.0,,
word_character,41386,HX-074,0.0,0.0,0.0,0.0,0.0,0.0,0.0,,
word_character,41401,GB-053,0.0,0.0,0.0,0.0,0.0,0.0,0.0,,
word_character,41433,AG-076,0.0,0.0,0.0,0.0,0.0,0.0,0.0,,
word_character,41435,CV-143,0.0,0.0,0.0,0.0,0.0,0.0,0.0,,
word_character,41490,TRB-029,0.0,0.0,0.0,0.0,0.0,0.0,0.0,,
word_character,41506,TK-110,0.0,0.0,1.0,1.0,1.0,0.125,0.125,,
word_character,41620,K-070,0.0,0.0,0.0,0.0,0.0,0.0,0.0,,
word_character,41681,M-106,0.0,0.0,0.0,0.0,0.0,0.0,0.0,,
word_character,41711,TK-117,0.0,0.0,0.0,0.0,0.0,0.0,0.0,,
word_character,41721,CV-069,0.0,0.0,0.0,0.0,0.0,0.0,0.0,,
word_character,41747,TK-162,0.0,0.0,0.0,0.0,0.0,0.0,0.0,,
word_character,41770,CV-076,0.0,0.0,0.0,0.0,0.0,0.0,0.0,,
word_character,41793,UF-109,0.0,0.0,0.0,1.0,1.0,0.0,0.08333333333333333,,
word_character,41809,R-117,0.0,0.0,0.0,0.0,0.0,0.0,0.0,,
word_character,41946,K-178,0.0,0.0,0.0,0.0,0.0,0.0,0.0,,
word_character,41979,EX-088,0.0,1.0,1.0,1.0,1.0,0.3333333333333333,0.3333333333333333,,
word_character,41987,K-032,0.0,0.0,0.0,0.0,1.0,0.0,0.041666666666666664,,
word_character,41997,P-306,0.0,0.0,0.0,0.0,0.0,0.0,0.0,,
word_character,42004,P-612,0.0,0.0,0.0,0.0,0.0,0.0,0.0,,
word_character,42047,M-072,0.0,0.0,0.0,0.0,1.0,0.0,0.02857142857142857,,
word_character,42049,P-311,0.0,0.0,0.0,0.0,0.0,0.0,0.0,,
word_character,42050,P-638,0.0,0.0,0.0,0.0,0.0,0.0,0.0,,
word_character,42092,M-021,0.0,0.0,0.0,0.0,1.0,0.0,0.025,,
word_character,42222,BM-013,0.0,0.0,0.0,0.0,0.0,0.0,0.0,,
word_character,42278,HX-093,0.0,0.0,0.0,0.0,0.0,0.0,0.0,,
word_character,42319,TK-080,0.0,0.0,0.0,0.0,0.0,0.0,0.0,,
word_character,42344,CT-128,0.0,0.0,0.0,1.0,1.0,0.0,0.05555555555555555,,
word_character,42364,DRY-043,0.0,0.0,0.0,0.0,0.0,0.0,0.0,,
word_character,42365,HV-128,0.0,0.0,0.0,1.0,1.0,0.0,0.06666666666666667,,
word_character,42369,P-230,0.0,0.0,0.0,0.0,1.0,0.0,0.02,,
word_character,42375,K-005,0.0,0.0,0.0,0.0,0.0,0.0,0.0,,
word_character,42407,GT-025,0.0,0.0,0.0,0.0,1.0,0.0,0.04,,
word_character,42491,M-070,0.0,0.0,0.0,0.0,0.0,0.0,0.0,,
word_character,42545,F-243,0.0,0.0,0.0,0.0,0.0,0.0,0.0,,
word_character,42634,BLR-096,0.0,0.0,0.0,0.0,0.0,0.0,0.0,,
word_character,42681,EX-119,0.0,0.0,0.0,0.0,0.0,0.0,0.0,,
word_character,42746,DP-213,0.0,0.0,0.0,0.0,0.0,0.0,0.0,,
word_character,42772,FM-071,0.0,0.0,0.0,0.0,0.0,0.0,0.0,,
word_character,42800,CR-041,0.0,0.0,0.0,0.0,0.0,0.0,0.0,,
word_character,42835,GB-088,0.0,0.0,0.0,0.0,0.0,0.0,0.0,,
word_character,42901,TK-006,0.0,0.0,0.0,0.0,0.0,0.0,0.0,,
word_character,42927,P-362,0.0,0.0,0.0,0.0,0.0,0.0,0.0,,
word_character,42956,P-520,0.0,0.0,0.0,0.0,0.0,0.0,0.0,,
word_character,42996,AG-075,0.0,0.0,0.0,0.0,0.0,0.0,0.0,,
word_character,43056,TK-192,0.0,0.0,0.0,0.0,0.0,0.0,0.0,,
word_character,43067,P-187,0.0,0.0,0.0,0.0,0.0,0.0,0.0,,
word_character,43068,DRY-085,0.0,0.0,0.0,0.0,0.0,0.0,0.0,,
word_character,43092,TK-013,0.0,0.0,0.0,0.0,0.0,0.0,0.0,,
word_character,43117,DC-146,0.0,0.0,0.0,0.0,1.0,0.0,0.022727272727272728,,
word_character,43153,M-118,0.0,0.0,0.0,0.0,0.0,0.0,0.0,,
word_character,43173,UF-02,0.0,0.0,0.0,0.0,0.0,0.0,0.0,,
word_character,43303,SD-122,0.0,0.0,0.0,0.0,0.0,0.0,0.0,,
word_character,43365,FCC-091,0.0,0.0,0.0,0.0,0.0,0.0,0.0,,
word_character,43372,TK-144,0.0,0.0,0.0,0.0,0.0,0.0,0.0,,
word_character,43394,TK-065,0.0,0.0,1.0,1.0,1.0,0.125,0.125,,
word_character,43437,BM-117,0.0,0.0,0.0,0.0,0.0,0.0,0.0,,
word_character,43461,HP-141,0.0,0.0,0.0,0.0,0.0,0.0,0.0,,
word_character,43527,HP-113,0.0,0.0,0.0,0.0,1.0,0.0,0.025,,
word_character,43531,DC-077,0.0,0.0,1.0,1.0,1.0,0.16666666666666666,0.16666666666666666,,
word_character,43564,CV-020,0.0,0.0,0.0,0.0,0.0,0.0,0.0,,
word_character,43597,P-639,0.0,0.0,0.0,0.0,0.0,0.0,0.0,,
word_character,43644,SD-045,0.0,0.0,0.0,0.0,0.0,0.0,0.0,,
word_character,43668,M-084,0.0,0.0,0.0,0.0,0.0,0.0,0.0,,
word_character,43669,GB-141,0.0,0.0,0.0,0.0,0.0,0.0,0.0,,
word_character,43748,BM-134,0.0,0.0,0.0,0.0,0.0,0.0,0.0,,
word_character,43752,GS-162,0.0,0.0,0.0,0.0,1.0,0.0,0.029411764705882353,,
word_character,43773,F-023,0.0,0.0,0.0,0.0,0.0,0.0,0.0,,
word_character,43895,DC-114,0.0,0.0,0.0,0.0,0.0,0.0,0.0,,
word_character,43936,HX-138,0.0,0.0,0.0,0.0,0.0,0.0,0.0,,
word_character,44033,CV-01,0.0,0.0,0.0,0.0,0.0,0.0,0.0,,
word_character,44052,UF-094,0.0,1.0,1.0,1.0,1.0,0.3333333333333333,0.3333333333333333,,
word_character,44163,TK-223,0.0,0.0,0.0,0.0,0.0,0.0,0.0,,
word_character,44210,EV-101,0.0,0.0,0.0,0.0,0.0,0.0,0.0,,
word_character,44215,P-326,0.0,0.0,0.0,0.0,0.0,0.0,0.0,,
word_character,44376,M-121,0.0,0.0,0.0,0.0,0.0,0.0,0.0,,
word_character,44378,TRB-067,0.0,0.0,0.0,0.0,0.0,0.0,0.0,,
word_character,44394,P-145,0.0,0.0,0.0,0.0,0.0,0.0,0.0,,
word_character,44442,M-009,0.0,0.0,0.0,1.0,1.0,0.0,0.08333333333333333,,
word_character,44486,P-268,0.0,0.0,0.0,0.0,0.0,0.0,0.0,,
word_character,44500,TK-076,0.0,0.0,0.0,0.0,0.0,0.0,0.0,,
word_character,44509,RLP-011,0.0,0.0,0.0,0.0,1.0,0.0,0.03571428571428571,,
word_character,44525,VP-013,0.0,0.0,0.0,0.0,0.0,0.0,0.0,,
word_character,44540,F-062,0.0,0.0,0.0,0.0,0.0,0.0,0.0,,
word_character,44594,GB-109,0.0,0.0,0.0,0.0,0.0,0.0,0.0,,
word_character,44646,UF-027,0.0,0.0,0.0,0.0,0.0,0.0,0.0,,
word_character,44684,P-177,0.0,0.0,0.0,0.0,0.0,0.0,0.0,,
word_character,44712,K-050,0.0,0.0,0.0,0.0,1.0,0.0,0.021739130434782608,,
word_character,44727,CV-072,0.0,0.0,0.0,0.0,0.0,0.0,0.0,,
word_character,44816,R-118,0.0,0.0,0.0,0.0,0.0,0.0,0.0,,
word_character,44868,R-160,0.0,0.0,0.0,0.0,0.0,0.0,0.0,,
word_character,44937,M-106,0.0,0.0,0.0,0.0,0.0,0.0,0.0,,
word_character,44941,UF-105,0.0,0.0,0.0,0.0,0.0,0.0,0.0,,
word_character,44957,TRB-058,0.0,0.0,0.0,0.0,0.0,0.0,0.0,,
word_character,44970,BLR-030,0.0,0.0,0.0,0.0,0.0,0.0,0.0,,
word_character,44995,P-269,0.0,0.0,0.0,0.0,0.0,0.0,0.0,,
word_character,45021,HP-067,0.0,0.0,0.0,0.0,0.0,0.0,0.0,,
word_character,45030,BLR-107,0.0,0.0,0.0,0.0,0.0,0.0,0.0,,
word_character,45051,P-521,0.0,0.0,0.0,0.0,0.0,0.0,0.0,,
word_character,45058,BM-060,0.0,0.0,0.0,0.0,0.0,0.0,0.0,,
word_character,45063,RLP-126,0.0,0.0,0.0,0.0,0.0,0.0,0.0,,
word_character,45086,GS-125,0.0,0.0,0.0,0.0,0.0,0.0,0.0,,
word_character,45088,TRB-086,0.0,0.0,0.0,0.0,0.0,0.0,0.0,,
word_character,45098,GB-112,0.0,0.0,0.0,0.0,0.0,0.0,0.0,,
word_character,45123,BLR-172,0.0,0.0,0.0,0.0,0.0,0.0,0.0,,
word_character,45159,M-131,0.0,0.0,0.0,0.0,1.0,0.0,0.034482758620689655,,
word_character,45167,P-248,0.0,0.0,0.0,0.0,0.0,0.0,0.0,,
word_character,45243,AG-076,0.0,0.0,0.0,0.0,0.0,0.0,0.0,,
word_character,45351,EX-090,0.0,0.0,0.0,0.0,0.0,0.0,0.0,,
word_character,45362,RLP-061,0.0,0.0,0.0,0.0,0.0,0.0,0.0,,
word_character,45402,FCC-121,0.0,0.0,0.0,0.0,0.0,0.0,0.0,,
word_character,45423,HV-068,0.0,0.0,0.0,0.0,0.0,0.0,0.0,,
word_character,45487,F-062,0.0,0.0,0.0,0.0,0.0,0.0,0.0,,
word_character,45497,CV-089,0.0,0.0,0.0,0.0,0.0,0.0,0.0,,
word_character,45578,DRY-004,0.0,0.0,0.0,0.0,0.0,0.0,0.0,,
word_character,45585,P-120,0.0,0.0,0.0,0.0,0.0,0.0,0.0,,
word_character,45605,R-234,0.0,0.0,0.0,0.0,0.0,0.0,0.0,,
word_character,45669,AG-136,0.0,0.0,0.0,0.0,0.0,0.0,0.0,,
word_character,45693,P-640,0.0,0.0,0.0,0.0,0.0,0.0,0.0,,
word_character,45730,P-644,0.0,0.0,0.0,0.0,0.0,0.0,0.0,,
word_character,45749,UF-106,0.0,0.0,0.0,0.0,0.0,0.0,0.0,,
word_character,45750,M-125,0.0,0.0,0.0,0.0,1.0,0.0,0.045454545454545456,,
word_character,45762,CR-025,0.0,0.0,0.0,0.0,0.0,0.0,0.0,,
word_character,45845,CT-144,0.0,0.0,0.0,0.0,0.0,0.0,0.0,,
word_character,45879,R-132,0.0,0.0,0.0,0.0,0.0,0.0,0.0,,
word_character,45954,P-176,0.0,0.0,0.0,0.0,0.0,0.0,0.0,,
word_character,45959,EX-043,0.0,0.0,0.0,0.0,0.0,0.0,0.0,,
word_character,45971,SD-124,0.0,0.0,0.0,0.0,0.0,0.0,0.0,,
word_character,46024,DOS-052,0.0,0.0,0.0,0.0,1.0,0.0,0.021739130434782608,,
word_character,46043,R-110,0.0,0.0,0.0,0.0,0.0,0.0,0.0,,
word_character,46084,CF-078,0.0,0.0,0.0,0.0,0.0,0.0,0.0,,
word_character,46121,P-708,0.0,0.0,0.0,0.0,0.0,0.0,0.0,,
word_character,46142,CF-112,0.0,0.0,0.0,0.0,1.0,0.0,0.02,,
word_character,46149,P-683,0.0,0.0,0.0,0.0,0.0,0.0,0.0,,
word_character,46176,SD-020,0.0,0.0,0.0,0.0,0.0,0.0,0.0,,
word_character,46227,P-413,0.0,0.0,0.0,0.0,0.0,0.0,0.0,,
word_character,46238,K-038,0.0,0.0,0.0,0.0,0.0,0.0,0.0,,
word_character,46242,P-528,0.0,0.0,0.0,0.0,0.0,0.0,0.0,,
word_character,46247,P-418,0.0,0.0,0.0,0.0,0.0,0.0,0.0,,
word_character,46263,GB-133,0.0,0.0,0.0,0.0,0.0,0.0,0.0,,
word_character,46309,TK-320,0.0,0.0,0.0,0.0,0.0,0.0,0.0,,
word_character,46423,M-068,0.0,0.0,0.0,0.0,0.0,0.0,0.0,,
word_character,46455,P-212,0.0,0.0,0.0,0.0,0.0,0.0,0.0,,
word_character,46497,M-054,0.0,0.0,0.0,0.0,0.0,0.0,0.0,,
word_character,46591,P-423,0.0,0.0,0.0,0.0,0.0,0.0,0.0,,
word_character,46671,HP-123,0.0,0.0,0.0,0.0,1.0,0.0,0.03571428571428571,,
word_character,46678,CF-124,0.0,0.0,0.0,0.0,1.0,0.0,0.03333333333333333,,
word_character,46936,DP-124,0.0,0.0,1.0,1.0,1.0,0.125,0.125,,
word_character,46938,CR-099,0.0,0.0,0.0,0.0,0.0,0.0,0.0,,
word_character,47021,P-738,0.0,0.0,0.0,0.0,0.0,0.0,0.0,,
word_character,47036,M-111,0.0,0.0,1.0,1.0,1.0,0.14285714285714285,0.14285714285714285,,
word_character,47128,DRY-087,0.0,0.0,0.0,1.0,1.0,0.0,0.0625,,
word_character,47163,P-269,0.0,0.0,0.0,0.0,0.0,0.0,0.0,,
word_character,47247,R-143,0.0,0.0,0.0,0.0,0.0,0.0,0.0,,
word_character,47268,HP-045,0.0,0.0,0.0,0.0,1.0,0.0,0.02,,
word_character,47275,P-185,0.0,0.0,0.0,1.0,1.0,0.0,0.09090909090909091,,
word_character,47312,HX-206,0.0,0.0,0.0,0.0,0.0,0.0,0.0,,
word_character,47346,R-030,0.0,0.0,0.0,0.0,0.0,0.0,0.0,,
word_character,47468,M-012,0.0,0.0,0.0,1.0,1.0,0.0,0.05,,
word_character,47554,GS-102,0.0,0.0,0.0,1.0,1.0,0.0,0.09090909090909091,,
word_character,47558,CV-009,0.0,0.0,0.0,0.0,1.0,0.0,0.038461538461538464,,
word_character,47578,R-093,0.0,0.0,0.0,0.0,0.0,0.0,0.0,,
word_character,47605,TRB-111,0.0,0.0,0.0,0.0,0.0,0.0,0.0,,
word_character,47612,K-209,0.0,0.0,0.0,0.0,0.0,0.0,0.0,,
word_character,47624,P-178,0.0,0.0,0.0,0.0,0.0,0.0,0.0,,
word_character,47648,BLR-085,0.0,0.0,0.0,0.0,0.0,0.0,0.0,,
word_character,47663,K-077,0.0,0.0,0.0,0.0,0.0,0.0,0.0,,
word_character,47668,HX-012,0.0,0.0,0.0,0.0,0.0,0.0,0.0,,
word_character,47685,TK-126,0.0,0.0,0.0,0.0,0.0,0.0,0.0,,
word_character,47704,HV-114,0.0,1.0,1.0,1.0,1.0,0.5,0.5,,
word_character,47747,M-100,0.0,0.0,0.0,0.0,0.0,0.0,0.0,,
word_character,47750,F-075,0.0,0.0,0.0,0.0,0.0,0.0,0.0,,
word_character,47761,EV-158,0.0,0.0,0.0,0.0,0.0,0.0,0.0,,
word_character,47769,F-056,0.0,0.0,0.0,0.0,0.0,0.0,0.0,,
word_character,47777,P-189,0.0,0.0,0.0,0.0,0.0,0.0,0.0,,
word_character,47791,M-114,0.0,0.0,0.0,0.0,0.0,0.0,0.0,,
word_character,47825,DRY-090,0.0,0.0,0.0,0.0,0.0,0.0,0.0,,
word_character,47842,M-020,0.0,0.0,0.0,0.0,0.0,0.0,0.0,,
word_character,47927,P-211,0.0,0.0,0.0,0.0,0.0,0.0,0.0,,
word_character,47981,UF-143,0.0,0.0,0.0,0.0,0.0,0.0,0.0,,
word_character,48014,DRY-135,0.0,0.0,0.0,0.0,1.0,0.0,0.037037037037037035,,
word_character,48118,TRB-007,0.0,0.0,0.0,1.0,1.0,0.0,0.05555555555555555,,
word_character,48215,P-224,0.0,0.0,1.0,1.0,1.0,0.1111111111111111,0.1111111111111111,,
word_character,48274,P-740,0.0,0.0,0.0,0.0,0.0,0.0,0.0,,
word_character,48300,GS-106,0.0,0.0,0.0,0.0,1.0,0.0,0.041666666666666664,,
word_character,48314,M-149,0.0,0.0,0.0,0.0,0.0,0.0,0.0,,
word_character,48320,M-103,0.0,0.0,0.0,0.0,0.0,0.0,0.0,,
word_character,48322,HX-242,0.0,0.0,0.0,0.0,0.0,0.0,0.0,,
word_character,48323,TK-070,0.0,0.0,0.0,0.0,0.0,0.0,0.0,,
word_character,48328,P-313,0.0,0.0,0.0,0.0,0.0,0.0,0.0,,
word_character,48391,DC-095,0.0,0.0,0.0,0.0,0.0,0.0,0.0,,
word_character,48400,CV-062,0.0,0.0,0.0,0.0,0.0,0.0,0.0,,
word_character,48416,DRY-022,0.0,0.0,0.0,0.0,0.0,0.0,0.0,,
word_character,48418,FM-035,0.0,0.0,0.0,0.0,0.0,0.0,0.0,,
word_character,48433,P-212,0.0,0.0,0.0,0.0,0.0,0.0,0.0,,
word_character,48435,RLP-129,0.0,0.0,0.0,0.0,0.0,0.0,0.0,,
word_character,48518,K-131,0.0,0.0,0.0,0.0,0.0,0.0,0.0,,
word_character,48592,AG-121,0.0,0.0,1.0,1.0,1.0,0.1111111111111111,0.1111111111111111,,
word_character,48596,TK-175,0.0,0.0,0.0,0.0,0.0,0.0,0.0,,
word_character,48602,RLP-031,0.0,0.0,0.0,0.0,1.0,0.0,0.02040816326530612,,
word_character,48628,SC-086,0.0,0.0,0.0,0.0,0.0,0.0,0.0,,
word_character,48631,EV-122,0.0,0.0,0.0,0.0,0.0,0.0,0.0,,
word_character,48694,P-278,0.0,0.0,0.0,0.0,0.0,0.0,0.0,,
word_character,48711,K-054,0.0,0.0,0.0,0.0,0.0,0.0,0.0,,
word_character,48761,P-379,0.0,0.0,0.0,0.0,0.0,0.0,0.0,,
word_character,48829,CV-112,0.0,0.0,0.0,0.0,0.0,0.0,0.0,,
word_character,48857,CV-188,0.0,0.0,0.0,0.0,0.0,0.0,0.0,,
word_character,48888,K-279,0.0,0.0,0.0,0.0,1.0,0.0,0.02564102564102564,,
word_character,48900,F-055,0.0,1.0,1.0,1.0,1.0,0.5,0.5,,
word_character,48955,DOS-142,0.0,0.0,0.0,0.0,0.0,0.0,0.0,,
word_character,48999,RLP-102,0.0,0.0,0.0,0.0,0.0,0.0,0.0,,
word_character,49069,CF-141,0.0,0.0,0.0,0.0,0.0,0.0,0.0,,
word_character,49085,GB-126,0.0,0.0,0.0,0.0,0.0,0.0,0.0,,
word_character,49117,BM-110,0.0,0.0,0.0,0.0,1.0,0.0,0.023809523809523808,,
word_character,49123,VP-119,0.0,0.0,0.0,0.0,1.0,0.0,0.027777777777777776,,
word_character,49142,M-113,0.0,0.0,0.0,1.0,1.0,0.0,0.07692307692307693,,
word_character,49183,HX-326,0.0,0.0,0.0,1.0,1.0,0.0,0.07692307692307693,,
word_character,49270,P-436,0.0,0.0,0.0,0.0,0.0,0.0,0.0,,
word_character,49279,M-066,0.0,0.0,0.0,0.0,0.0,0.0,0.0,,
word_character,49284,K-293,0.0,0.0,0.0,0.0,0.0,0.0,0.0,,
word_character,49394,R-113,0.0,0.0,0.0,0.0,0.0,0.0,0.0,,
word_character,49433,CV-074,0.0,0.0,0.0,0.0,0.0,0.0,0.0,,
word_character,49479,SEP-108,0.0,0.0,0.0,0.0,0.0,0.0,0.0,,
word_character,49496,RLP-025,0.0,0.0,0.0,0.0,0.0,0.0,0.0,,
word_character,49548,HP-056,0.0,0.0,0.0,0.0,0.0,0.0,0.0,,
word_character,49552,UF-043,0.0,0.0,0.0,0.0,0.0,0.0,0.0,,
word_character,49616,M-092,0.0,0.0,0.0,0.0,0.0,0.0,0.0,,
word_character,49636,HP-071,0.0,0.0,0.0,0.0,0.0,0.0,0.0,,
word_character,49651,HV-241,0.0,0.0,0.0,0.0,1.0,0.0,0.02564102564102564,,
word_character,49702,K-028,0.0,0.0,0.0,0.0,1.0,0.0,0.021739130434782608,,
word_character,49782,CT-017,0.0,0.0,0.0,0.0,0.0,0.0,0.0,,
word_character,49784,HV-063,0.0,0.0,0.0,0.0,0.0,0.0,0.0,,
word_character,49792,P-124,0.0,0.0,0.0,0.0,0.0,0.0,0.0,,
word_character,49809,CT-130,0.0,0.0,0.0,0.0,1.0,0.0,0.02040816326530612,,
word_character,49821,P-124,0.0,0.0,0.0,0.0,0.0,0.0,0.0,,
word_character,49822,P-510,0.0,0.0,0.0,0.0,0.0,0.0,0.0,,
word_character,49837,UF-107,0.0,0.0,0.0,0.0,1.0,0.0,0.02040816326530612,,
word_character,49875,HX-014,0.0,0.0,0.0,0.0,0.0,0.0,0.0,,
word_character,49891,CT-060,0.0,0.0,0.0,0.0,0.0,0.0,0.0,,
word_character,49926,HX-117,0.0,0.0,0.0,0.0,0.0,0.0,0.0,,
word_character,49981,P-303,0.0,0.0,0.0,0.0,0.0,0.0,0.0,,
Random expectation,1,P-573,0.00020018302447954994,0.001000571676747497,0.0020002851076525996,0.003997139685819273,0.009967169257938835,0.0005860869132154715,0.000899104385560562,34968.0,7.0
Random expectation,80,SD-124,5.642385600634903e-05,0.00028210336132494795,0.000564166925883014,0.0011281746646986113,0.002819242758741236,0.00016525242684092096,0.0002537900827721407,35446.0,2.0
Random expectation,81,P-415,0.00037192801762364613,0.0018583635569481283,0.00371353879794889,0.00741434438468791,0.01844076164061481,0.001088463052788821,0.0016675930941191877,34953.0,13.0
Random expectation,96,BLR-141,0.0001695681664029003,0.0008476012409719402,0.001694603707463882,0.003386813670637867,0.008449108141225237,0.0004964903833270445,0.000761833252543863,35384.0,6.0
Random expectation,97,P-174,0.0002574812610860455,0.0012868171034764453,0.0025721620868830453,0.0051384415874392575,0.012802102222736922,0.0007537379117433993,0.0011557862916897123,34954.0,9.0
Random expectation,121,EX-215,8.464055975621054e-05,0.0004231550386190053,0.0008461906869389191,0.001691903880062684,0.004226179844138533,0.00024787574228804906,0.00038059801603761444,35444.0,3.0
Random expectation,128,M-098,0.0003421923120794368,0.0017098884597229747,0.003417096462116409,0.006823486371978937,0.01697872144846002,0.0010015118816192315,0.0015347267009049594,35068.0,12.0
Random expectation,156,M-108,0.00042786239945236115,0.002137603963875634,0.004270942592474292,0.008524855447003543,0.021185045217437026,0.0012519881583639351,0.001917302019386251,35058.0,15.0
Random expectation,161,GS-055,0.00011289867344055349,0.0005643977740728001,0.0011285566057934737,0.0022561577119626364,0.005633233426682982,0.00033060904072717374,0.0005075196392467678,35430.0,4.0
Random expectation,200,P-131,0.0003433967663470927,0.0017159031645074263,0.0034291069796084095,0.006847432000443687,0.01703802319405545,0.0010050343423071981,0.0015401115280602312,34945.0,12.0
Random expectation,296,TK-009,0.00019966911974445,0.000998003914078116,0.0019951539819997866,0.003986895014411962,0.009941689052395009,0.0005845829474584587,0.0008968002157066745,35058.0,7.0
Random expectation,350,P-162,0.0005658508982883115,0.002826214175440933,0.0056448391659569275,0.011259398782825114,0.027922935824463813,0.0016552107937194325,0.0025321260525142477,35345.0,20.0
Random expectation,361,TRB-042,5.6430224028014564e-05,0.0002821351978399278,0.00056423058992916,0.0011283019568563146,0.002819560719628522,0.00016527107603330117,0.00025381871745880336,35442.0,2.0
Random expectation,390,P-606,0.00037183227504145044,0.0018578855010739082,0.003712584326467372,0.007412441987320606,0.01843605443105456,0.0010881830901386877,0.0016671653020400986,34962.0,13.0
Random expectation,402,TK-017,0.0003991788321168199,0.001994415004172634,0.003985135911592552,0.007955520693684548,0.019778671634167688,0.0011681366335606425,0.0017892835625170555,35072.0,14.0
Random expectation,424,R-067,0.00022677022506945033,0.0011334012226912327,0.0022656782625574134,0.004526863616670762,0.011283538563642503,0.0006638847265226304,0.0010182426992556197,35278.0,8.0
Random expectation,505,FM-098,8.46979107849144e-05,0.00042344172901720434,0.0008467639058939991,0.0016930496707427967,0.004229039469357043,0.00024804367585120967,0.00038085575564029766,35420.0,3.0
Random expectation,566,P-210,0.0006003258911980724,0.0029981989248968333,0.005987835487223148,0.011941514397957098,0.029599458431683545,0.0017559112941800525,0.0026854769266172803,34981.0,21.0
Random expectation,597,F-019,0.00011326311020498636,0.0005662193397586446,0.0011321981922178814,0.00226343470764212,0.005651379639506904,0.00033167602739841675,0.0005091565052466357,35316.0,4.0
Random expectation,629,CT-037,8.442618337367591e-05,0.0004220833983321626,0.0008440480103543146,0.0016876209423375421,0.004215490605441463,0.00024724801151516956,0.0003796345915581212,35534.0,3.0
Random expectation,631,TK-183,5.707762557072282e-05,0.0002853718381121695,0.0005707029518706719,0.0011412430063252321,0.0028518857851937973,0.00016716703478069581,0.0002567298380484693,35040.0,2.0
Random expectation,652,P-284,0.0002574812610860455,0.0012868171034764453,0.0025721620868830453,0.0051384415874392575,0.012802102222736922,0.0007537379117433993,0.0011557862916897123,34954.0,9.0
Random expectation,678,M-112,0.0003138731952291307,0.0015684705771000784,0.0031347043807179453,0.00626047314925815,0.015584394827878434,0.0009186916772250619,0.0014081177828352005,35046.0,11.0
Random expectation,714,FM-125,0.00014116717016288138,0.000705676434457958,0.0014109544292941756,0.002820315775050708,0.007038854801509342,0.0004133614473832636,0.0006344154323086244,35419.0,5.0
Random expectation,849,DOS-130,0.000169664065150954,0.0008480804636472605,0.0016955614754966541,0.0033887264997302102,0.008453869957544158,0.0004967710760833042,0.000762263489730887,35364.0,6.0
Random expectation,865,TK-417,8.55383211678662e-05,0.0004276428271435817,0.0008551637179794458,0.001709839760275167,0.004270943223995793,0.0002505045367903222,0.0003846325968249729,35072.0,3.0
Random expectation,1007,AG-079,8.488724144761761e-05,0.0004243881682799433,0.0008486562493593697,0.001696832217888522,0.004238479797908368,0.00024859806800324073,0.000381706619692492,35341.0,3.0
Random expectation,1030,EX-072,0.00011292098354176439,0.0005645092867948565,0.001128779536802238,0.002256603196397533,0.005634344309098149,0.0003306743595908689,0.000507619845220409,35423.0,4.0
Random expectation,1040,P-358,0.00033787588692424375,0.0016883332320695166,0.003374053166397939,0.006737667848371487,0.01676617428123639,0.0009888882195645409,0.0015154280121795843,35516.0,12.0
Random expectation,1042,VP-009,0.00011287637215340318,0.0005642863053985092,0.0011283337628246182,0.002255712403383181,0.0056321229822291485,0.00033054374766355106,0.0005074194728273479,35437.0,4.0
Random expectation,1070,FM-147,5.648760097154426e-05,0.0002824220501620456,0.0005648042135841802,0.0011294488802088276,0.0028224255983270163,0.00016543910837245562,0.0002540767207064051,35406.0,2.0
Random expectation,1117,P-233,0.0006877776185699735,0.003434357539047861,0.006857410098691785,0.013669742573092059,0.03383910092932607,0.0020112776269473054,0.003073986396291792,34895.0,24.0
Random expectation,1252,DOS-133,0.00014141071327566923,0.0007068935995091508,0.0014133873836402744,0.0028251761842166268,0.007050964647899116,0.00041407438821829617,0.0006355086815541511,35358.0,5.0
Random expectation,1263,SC-015,8.470030209772883e-05,0.00042345368288088103,0.0008467878068708634,0.0016930974457001202,0.004229158704391667,0.0002480506780212317,0.00038086650236615746,35419.0,3.0
Random expectation,1313,SC-031,8.470747684663493e-05,0.00042348954852222676,0.000846859517898424,0.0016932407867523702,0.004229516449842485,0.0002480716869035189,0.00038089874618296824,35416.0,3.0
Random expectation,1397,CV-014,0.00014165911151409194,0.0007081350282366339,0.001415868835471068,0.002830133468962881,0.007063315789461733,0.00041480154111233865,0.0006366237207097987,35296.0,5.0
Random expectation,1434,P-628,0.0002536783358700889,0.0012678197521071022,0.002534210532294856,0.005062710813643623,0.012614062672314907,0.0007426114752119513,0.0011387544835325554,35478.0,9.0
Random expectation,1455,HX-081,0.0001704642309222626,0.0008520790248007781,0.0017035529314397557,0.003404686765431597,0.00849360116035247,0.0004991131330477413,0.0007658533017042506,35198.0,6.0
Random expectation,1505,CT-073,8.472661545411153e-05,0.00042358521994156906,0.0008470508066984461,0.001693623148243506,0.004230470733669334,0.0002481277279918011,0.0003809847563912065,35408.0,3.0
Random expectation,1540,EV-121,0.0001690950596060503,0.0008452370420168887,0.001689878645431686,0.003377376878789029,0.008425615927574848,0.0004951056123528036,0.0007597107106306403,35483.0,6.0
Random expectation,1555,R-064,0.00011337868480720825,0.0005667970163227842,0.001133353054354247,0.0022657424687813066,0.005657134335541714,0.0003320144028450901,0.0005096756061354421,35280.0,4.0
Random expectation,1599,FCC-017,8.461429981665436e-05,0.0004230237685517446,0.0008459282208725938,0.0016913792441376474,0.0042248704746313814,0.0002477988487097045,0.0003804800019345085,35455.0,3.0
Random expectation,1611,EV-118,0.0001407182258246209,0.0007034327250876604,0.0014064695403935845,0.002811356110190566,0.007016531358159717,0.000412047219376796,0.0006324001389948138,35532.0,5.0
Random expectation,1725,CV-047,0.00016887137630172688,0.0008441192553942933,0.0016876446461354666,0.003372915170673396,0.008414508729615577,0.0004944508963701396,0.0007587071740587515,35530.0,6.0
Random expectation,1746,FM-132,0.00016939582156971777,0.0008467400035664374,0.0016928824489355065,0.003383376014590045,0.008440550376323741,0.0004959859349029668,0.0007610600482519469,35420.0,6.0
Random expectation,1939,HX-301,0.00014205352576845964,0.0007101062043826101,0.001419808950804513,0.0028380047575079503,0.007082927059052779,0.0004159561350914484,0.0006383942044891307,35198.0,5.0
Random expectation,1967,GB-072,0.00014071030562279319,0.0007033931419088146,0.001406390418594361,0.0028111980447145246,0.0070161375281294625,0.00041202403396303197,0.0006323645853919034,35534.0,5.0
Random expectation,2005,K-019,0.0003116941996542666,0.0015575879868940934,0.0031129701338220572,0.006217128152181894,0.01547695382973402,0.0009123182237470688,0.0013983701519425427,35291.0,11.0
Random expectation,2070,M-115,0.0005426710841996973,0.0027105667724427462,0.005414172072572443,0.010800565769681691,0.026794419963073746,0.001587495646716581,0.0024289703501941115,35012.0,19.0
Random expectation,2103,DP-121,8.468834688346583e-05,0.0004233939203103221,0.0008466683154764176,0.0016928585978707167,0.004228562596440999,0.0002480156711239306,0.00038081277480087744,35424.0,3.0
Random expectation,2134,SC-059,8.472661545411153e-05,0.00042358521994156906,0.0008470508066984461,0.001693623148243506,0.004230470733669334,0.0002481277279918011,0.0003809847563912065,35408.0,3.0
Random expectation,2184,P-167,0.0005068138303863101,0.00253164427391539,0.005057234541371303,0.010090307538024201,0.02504564171914858,0.0014827278934523775,0.002269282828009159,35516.0,18.0
Random expectation,2220,UF-121,0.00014111935875360526,0.0007054374853745493,0.0014104768009320923,0.002819361596859249,0.007036477431330512,0.0004132214856128354,0.0006342008094862389,35431.0,5.0
Random expectation,2243,HX-195,5.682141030738386e-05,0.0002840909077150844,0.0005681414558750264,0.0011361214735299274,0.0028390928971746554,0.00016641669158830107,0.0002555777369134722,35198.0,2.0
Random expectation,2298,P-189,0.00034346556757680613,0.001716246737634597,0.0034297930447023672,0.0068487998152667595,0.017041410550683755,0.0010052355528893083,0.0015404191182989875,34938.0,12.0
Random expectation,2377,CV-036,8.499546690843296e-05,0.00042492917301306665,0.0008497379524377013,0.0016989943987525402,0.004243876065581298,0.00024891497027633886,0.00038219299082775215,35296.0,3.0
Random expectation,2379,GT-124,0.00011287318697439375,0.0005642703848963704,0.001128301935298337,0.0022556488022210663,0.005631964383043586,0.0003305344221882707,0.0005074051665664094,35438.0,4.0
Random expectation,2408,DOS-038,0.00011315737361738964,0.0005656908363699253,0.0011311416341991398,0.0022613233858780335,0.005646114776915234,0.00033136645523708304,0.0005086815907960132,35349.0,4.0
Random expectation,2503,GT-039,0.00014102781068425774,0.0007049799516505306,0.0014095622498440097,0.0028175345588119516,0.00703192529097707,0.0004129534903056142,0.000633789854706499,35454.0,5.0
Random expectation,2508,P-701,0.00011439029970261583,0.0005718533627648847,0.0011434614282578304,0.0022859419480463217,0.00570750366715711,0.0003349761689831435,0.0005142192142717461,34968.0,4.0
Random expectation,2514,K-061,0.00031190631468513974,0.0015586473599568107,0.003115085878167889,0.00622134765671567,0.01548741316751967,0.0009129386523202258,0.0013993190553273467,35267.0,11.0
Random expectation,2537,F-145,8.494733265373977e-05,0.0004246885562733116,0.000849256855275371,0.0016980327495809133,0.00424147602897984,0.00024877402513154816,0.00038197667294443587,35316.0,3.0
Random expectation,2608,HX-287,8.522969402535718e-05,0.0004261000427886463,0.0008520790275513557,0.0017036738917952654,0.004255554880615797,0.000249600826121228,0.0003832456178607402,35199.0,3.0
Random expectation,2654,K-282,8.512087163770055e-05,0.0004255560544366155,0.000850991359773845,0.0017014997916831032,0.004250128890889715,0.0002492821761863269,0.0003827565656464802,35244.0,3.0
Random expectation,2668,SC-120,0.00016940060419545766,0.0008467639031942698,0.0016929302144556013,0.003383471410802086,0.00844078785792568,0.0004959999335172186,0.0007610815049553875,35419.0,6.0
Random expectation,2730,DC-106,0.00014072218625993393,0.0007034525183478024,0.0014065091046315814,0.0028114351495943657,0.007016728289755636,0.00041205881306222245,0.0006324179172955155,35531.0,5.0
Random expectation,2733,GB-040,5.656428531020108e-05,0.00028280542850700474,0.0005655708619031197,0.0011309817433627911,0.0028262545050831145,0.00016566368371421234,0.0002544215420537189,35358.0,2.0
Random expectation,2764,P-398,0.00020021737886843916,0.0010007433308081293,0.002000628121253123,0.003997824536200678,0.00996887258296697,0.0005861874527950009,0.0008992584179452854,34962.0,7.0
Random expectation,2771,BLR-015,0.00014122299110297387,0.000705955413062731,0.0014115120713845686,0.002821429799557462,0.0070416304312233,0.0004135248559953618,0.0006346660092701905,35405.0,5.0
Random expectation,2877,P-417,0.00034317089910773646,0.0017147752492655544,0.0034268546969402625,0.006842941595944008,0.01702690278290131,0.0010043737885857692,0.0015391017387392154,34968.0,12.0
Random expectation,2934,FCC-133,0.00016922859963330872,0.0008459043657031984,0.0016912123521565237,0.003380040532830142,0.008432246930673792,0.0004954964807176096,0.0007603098250738553,35455.0,6.0
Random expectation,3023,GS-102,0.00011291460832740796,0.0005644774215209925,0.0011287158332417002,0.0022564758971800325,0.0056340268694170526,0.0003306556944248324,0.0005075912109047146,35425.0,4.0
Random expectation,3081,P-187,0.00040092786162260197,0.0020031471633044085,0.0040025678089448125,0.007990255137957036,0.019864544249536653,0.0011732503069025386,0.001797094054105655,34919.0,14.0
Random expectation,3099,TRB-119,5.6430224028014564e-05,0.0002821351978399278,0.00056423058992916,0.0011283019568563146,0.002819560719628522,0.00016527107603330117,0.00025381871745880336,35442.0,2.0
Random expectation,3127,HV-060,0.00016993797263997745,0.0008494492260282538,0.0016982970635851524,0.003394189935790326,0.008467470628181983,0.0004975727944827569,0.0007634923360202623,35307.0,6.0
Random expectation,3152,DOS-065,0.00014141071327566923,0.0007068935995091508,0.0014133873836402744,0.0028251761842166268,0.007050964647899116,0.00041407438821829617,0.0006355086815541511,35358.0,5.0
Random expectation,3156,P-338,0.00040043475773698933,0.0020006853114403755,0.00399765325996293,0.007980462564740609,0.019840334876230714,0.0011718086130433779,0.0017948920680600203,34962.0,14.0
Random expectation,3160,SD-091,5.643818607670159e-05,0.0002821750035896242,0.0005643101901950942,0.0011284611124535715,0.0028199582716086358,0.00016529439344383515,0.0002538545199050405,35437.0,2.0
Random expectation,3178,BLR-111,5.651633322034666e-05,0.0002825656951707112,0.0005650914630140891,0.0011300232167189561,0.002823860221978336,0.00016552325273700244,0.00025420591912278057,35388.0,2.0
Random expectation,3203,TK-097,0.00028526601055489653,0.0014255978087485133,0.0028493662604706094,0.005691423438499266,0.014173907016647225,0.0008350174564131217,0.001280147286329702,35055.0,10.0
Random expectation,3211,HX-143,0.00016885236674735182,0.0008440242611154058,0.0016874547912425486,0.0033725359950960154,0.008413564788215755,0.0004943952558063981,0.0007586218890972288,35534.0,6.0
Random expectation,3241,HX-307,0.00014071030562279319,0.0007033931419088146,0.001406390418594361,0.0028111980447145246,0.0070161375281294625,0.00041202403396303197,0.0006323645853919034,35534.0,5.0
Random expectation,3282,VP-058,8.470747684663493e-05,0.00042348954852222676,0.000846859517898424,0.0016932407867523702,0.004229516449842485,0.0002480716869035189,0.00038089874618296824,35416.0,3.0
Random expectation,3288,DOS-112,8.484642796535713e-05,0.00042418414705114316,0.0008482483223447579,0.0016960168255311103,0.00423644477759022,0.00024847855926383793,0.00038152320148864065,35358.0,3.0
Random expectation,3289,SD-080,5.643500098762022e-05,0.00028215907994177947,0.0005642783473936985,0.0011283974448268452,0.0028197992373644176,0.00016528506569012452,0.00025384019771458523,35439.0,2.0
Random expectation,3300,SD-032,8.465250148137482e-05,0.0004232147337669412,0.0008463100435454063,0.0016921424585446543,0.004226775280430806,0.00024791070969237963,0.00038065168301656927,35439.0,3.0
Random expectation,3309,F-094,8.442618337367591e-05,0.0004220833983321626,0.0008440480103543146,0.0016876209423375421,0.004215490605441463,0.00024724801151516956,0.0003796345915581212,35534.0,3.0
Random expectation,3324,P-269,0.0002574812610860455,0.0012868171034764453,0.0025721620868830453,0.0051384415874392575,0.012802102222736922,0.0007537379117433993,0.0011557862916897123,34954.0,9.0
Random expectation,3386,SD-047,0.00014072218625993393,0.0007034525183478024,0.0014065091046315814,0.0028114351495943657,0.007016728289755636,0.00041205881306222245,0.0006324179172955155,35531.0,5.0
Random expectation,3387,DOS-136,0.0001979749985858703,0.000989539081506896,0.001978238740688254,0.003953122165669898,0.009857687957902872,0.0005796250016021868,0.0008892042213194105,35358.0,7.0
Random expectation,3467,M-078,0.0003713012681366701,0.001855234107533188,0.0037072906289715712,0.007401890865007088,0.01840994696439413,0.0010866303608882155,0.0016647926704961447,35012.0,13.0
Random expectation,3468,P-314,0.0003148434369454334,0.0015733162420641378,0.003144381867638102,0.006279772857817001,0.01563223173735473,0.0009215295662883294,0.0014124579868442805,34938.0,11.0
Random expectation,3469,M-019,0.00042213091686837956,0.002108991997173293,0.004213832086390701,0.008411086891999986,0.02090399234364626,0.001235232942016786,0.001891720382738966,35534.0,15.0
Random expectation,3488,CV-053,0.00017001501799329688,0.0008498342345573118,0.0016990665353286971,0.0033957266998720925,0.008471296229875414,0.0004977983035914142,0.0007638379878210479,35291.0,6.0
Random expectation,3490,DP-197,8.468834688346583e-05,0.0004233939203103221,0.0008466683154764176,0.0016928585978707167,0.004228562596440999,0.0002480156711239306,0.00038081277480087744,35424.0,3.0
Random expectation,3584,P-441,0.00048657622073389195,0.002430653700753682,0.004855746062737865,0.009689294469644838,0.024057703450887757,0.0014235920988409333,0.002179121137327294,34938.0,17.0
Random expectation,3601,R-034,0.00017011624610152598,0.0008503400882113876,0.0017000775257848266,0.003397745815815645,0.00847632258116282,0.000498094594688872,0.0007642921310486365,35270.0,6.0
Random expectation,3605,GS-120,5.645571049506248e-05,0.00028226261578934153,0.0005644853898634228,0.0011288114128661375,0.002820833280709034,0.0001653457149140877,0.0002539333208506449,35426.0,2.0
Random expectation,3665,SD-098,8.465250148137482e-05,0.0004232147337669412,0.0008463100435454063,0.0016921424585446543,0.004226775280430806,0.00024791070969237963,0.00038065168301656927,35439.0,3.0
Random expectation,3672,HP-103,0.00016938147531264658,0.0008466683127774655,0.0016927391685470639,0.0033830898582285496,0.00843983801168946,0.0004959439438008068,0.0007609956853999975,35423.0,6.0
Random expectation,3686,GB-077,0.00011317017965761789,0.0005657548448345651,0.0011312695968003217,0.0022615790938603775,0.005646752419564138,0.0003314039483539852,0.0005087391089930288,35345.0,4.0
Random expectation,3792,GS-004,5.645730416370398e-05,0.00028227058323271326,0.0005645013225008544,0.0011288432691430872,0.002820912853918278,0.00016535038208262393,0.00025394048699894597,35425.0,2.0
Random expectation,3836,TK-104,0.0003992585198916432,0.0019948128525147935,0.003985930134218996,0.00795710325782395,0.019782584237113987,0.0011683696192094904,0.001789639422952283,35065.0,14.0
Random expectation,3876,M-142,0.0004565428294242002,0.002280760827922501,0.0045566442073596836,0.009093817548860628,0.02258928769850288,0.001335818907614495,0.002045232717343943,35046.0,16.0
Random expectation,3906,R-210,0.00014179570075434356,0.0007088176647292999,0.0014172333344811827,0.002832859373056329,0.007070107384699487,0.0004152013876980409,0.0006372368566086214,35262.0,5.0
Random expectation,3995,DOS-060,5.657868680863931e-05,0.00028287742785149117,0.0005657148402234968,0.0011312696185290516,0.0028269735819370645,0.0001657058594847918,0.00025448630028059347,35349.0,2.0
Random expectation,4030,FM-118,0.00014116717016288138,0.000705676434457958,0.0014109544292941756,0.002820315775050708,0.007038854801509342,0.0004133614473832636,0.0006344154323086244,35419.0,5.0
Random expectation,4072,P-103,0.000457731368902925,0.0022866933436379577,0.00456848383038666,0.009117395465854439,0.022647478580317237,0.0013392929076221879,0.0020505341900682508,34955.0,16.0
Random expectation,4112,K-142,0.00039736603088103006,0.001985364400063361,0.003967068157100906,0.007919518657308444,0.01968966077385348,0.0011628364672030425,0.0017811880215993078,35232.0,14.0
Random expectation,4145,TK-205,0.0001711107942392598,0.0008553100012061998,0.0017100102861576927,0.003417583098200949,0.00852570448097234,0.0005010055955431825,0.0007687539662394125,35065.0,6.0
Random expectation,4152,HX-330,8.523211546107579e-05,0.00042611214721544055,0.0008521032295266684,0.001703722268237673,0.004255675615527421,0.00024960791648387143,0.0003832564998826418,35198.0,3.0
Random expectation,4155,GS-115,8.468356574264924e-05,0.0004233700200048096,0.0008466205283603756,0.0016927630776064628,0.004228324200310829,0.000248001671131508,0.0003807912880188593,35426.0,3.0
Random expectation,4161,DRY-115,8.46979107849144e-05,0.00042344172901720434,0.0008467639058939991,0.0016930496707427967,0.004229039469357043,0.00024804367585120967,0.00038085575564029766,35420.0,3.0
Random expectation,4163,M-023,0.0003994749757462168,0.001995893527130921,0.003988087477986402,0.007961401964596049,0.019793211966394053,0.0011690024775663427,0.001790606043762776,35046.0,14.0
Random expectation,4184,P-184,0.00031523140851119624,0.0015752538783738723,0.0031482515928993315,0.0062874901617776535,0.015651359752512528,0.0009226643525623581,0.001414193487152629,34895.0,11.0
Random expectation,4229,F-083,0.0002251364889964691,0.0011252390010505486,0.0022493699537745604,0.004494311455095157,0.011202639943010073,0.000659104131041819,0.0010109214874389535,35534.0,8.0
Random expectation,4230,GB-089,0.00016969285593071426,0.0008482243361368491,0.0016958490170564389,0.0033893007698619915,0.00845529954925428,0.0004968553458100643,0.0007623926556620675,35358.0,6.0
Random expectation,4232,HV-127,5.665240914365377e-05,0.0002832459977863966,0.0005664518757434456,0.0011327432721679465,0.002830654585529002,0.0001659217603491324,0.0002548178022832041,35303.0,2.0
Random expectation,4239,M-111,0.0004563084645220483,0.002279591007986359,0.004554309569923309,0.00908916822386252,0.022577812819347565,0.0013351338766943192,0.00204418732018501,35064.0,16.0
Random expectation,4322,P-744,0.00017158544955386823,0.0008576819224316301,0.0017147507419819075,0.0034270504749474018,0.008549271642874667,0.0005023948877148894,0.0007708833831246512,34968.0,6.0
Random expectation,4398,R-219,8.501955449757848e-05,0.0004250495836567447,0.0008499787054796482,0.0016994756319125282,0.004245077102713046,0.0002489855027560014,0.00038230124167294135,35286.0,3.0
Random expectation,4447,DOS-096,0.00011310617842497095,0.0005654349472813402,0.001130630073150285,0.002260301131924658,0.00564356564574342,0.00033121656756616644,0.0005084516480096335,35365.0,4.0
Random expectation,4471,HX-069,0.0002842847395951864,0.0014206964823986201,0.002839576166007385,0.005671893396731464,0.014125456305262851,0.0008321468991197927,0.0012757551372510256,35176.0,10.0
Random expectation,4573,AG-073,0.00016977448289523522,0.0008486322400746982,0.0016966642480140681,0.003390928926064296,0.008459352686030486,0.0004970942653710897,0.0007627588636342407,35341.0,6.0
Random expectation,4574,CV-115,0.00016999093381686592,0.0008497138819063554,0.001698826000517295,0.0033952463116319054,0.008470100358063837,0.0004977278100399937,0.0007637299380182168,35296.0,6.0
Random expectation,4618,K-220,0.00019849709343544575,0.0009921477818042312,0.001983451709232975,0.003963530393382819,0.009883576082695189,0.0005811529467910232,0.0008915451812596125,35265.0,7.0
Random expectation,4675,P-645,0.0002579166069637262,0.0012889918389229482,0.0025765065774153717,0.00514711067699547,0.012823626357482354,0.0007550116165767839,0.0011577359607834027,34895.0,9.0
Random expectation,4722,BLR-145,0.00014130680533575024,0.0007063742948025808,0.0014123493614847105,0.0028231024874428856,0.0070457979826318295,0.00041377021130020004,0.0006350422460742535,35384.0,5.0
Random expectation,4727,TK-069,0.0002566149635035986,0.0012824895733053454,0.00256351691199308,0.005121190720199564,0.01275926999137389,0.0007512033511654915,0.001151906587259804,35072.0,9.0
Random expectation,4738,DP-089,0.00014121900242891616,0.0007059354787044558,0.0014114722251891143,0.0028213501971925403,0.007041432099364808,0.00041351317966719216,0.0006346481043515668,35406.0,5.0
Random expectation,4790,EX-015,8.466444657673211e-05,0.00042327444576018003,0.0008464294338277334,0.0016923811043210168,0.004227370884531512,0.00024794568696368506,0.00038070536513249353,35434.0,3.0
Random expectation,4798,R-046,0.0001700680272108679,0.0008500991304351002,0.0016995959517499548,0.0033967840326543097,0.008473928336872105,0.0004979534597141765,0.000764075805037756,35280.0,6.0
Random expectation,4804,P-149,0.00045786235512945694,0.002287347151052721,0.004569788640982231,0.009119993903770496,0.022653891470020726,0.0013396757681010177,0.0020511184460282506,34945.0,16.0
Random expectation,4865,P-345,0.000514977255171245,0.0025723826690587925,0.005138514911666725,0.010252085271178712,0.02544426660659227,0.0015065826809137343,0.002305656311074242,34953.0,18.0
Random expectation,4900,P-182,0.00045774446415292047,0.0022867587075594553,0.004568614277914551,0.009117655243014,0.022648119705906744,0.0013393311838223393,0.0020505926006856366,34954.0,16.0
Random expectation,4916,DRY-030,5.64652738566096e-05,0.00028231042719706334,0.0005645809991793316,0.001129002577500371,0.0028213107873128473,0.00016537372187802992,0.0002539763238082956,35420.0,2.0
Random expectation,4919,HX-115,0.0003411610848922386,0.0017047387809867587,0.003406813226965899,0.006802984253345801,0.016927946047554654,0.000998496013527464,0.001530116235475772,35174.0,12.0
Random expectation,4955,DP-126,0.0001694628029147438,0.0008470747211725138,0.0016935514115894446,0.0033847120512663365,0.008443876335263445,0.0004961819874360412,0.000761360552238235,35406.0,6.0
Random expectation,4971,R-204,0.00019842394693581067,0.0009917822981212465,0.0019827213635081886,0.003962072185855425,0.009879949140519262,0.000580938878909496,0.0008912172095119315,35278.0,7.0
Random expectation,5050,EV-017,8.47314014573719e-05,0.0004236091445510848,0.0008470986424018445,0.001693718765600205,0.004230709371914276,0.00024814174222036525,0.0003810062650129339,35406.0,3.0
Random expectation,5076,K-048,0.00025327855012102773,0.0012658226244529613,0.0025302207757206263,0.005054749268834091,0.012594293042229143,0.0007414417885566921,0.001136963932748925,35534.0,9.0
Random expectation,5099,HV-010,0.00011340118504243879,0.0005669094792308815,0.001133577884524839,0.0022661917467036163,0.005658254665461326,0.0003320802782628691,0.0005097766653612362,35273.0,4.0
Random expectation,5110,F-102,0.00019699442787191046,0.0009846395470503033,0.001968447964291742,0.003933573747857411,0.009809064725183392,0.0005767552874787957,0.0008848074979857698,35534.0,7.0
Random expectation,5123,P-111,0.0003940997635401011,0.001969057057025214,0.003934513363671788,0.00785464803211755,0.019529264301612836,0.0011532866296515656,0.0017666009532159522,35524.0,14.0
Random expectation,5141,FM-019,0.00011293054771310818,0.0005645570914518672,0.0011288751056266477,0.0022567941721567397,0.00563482053569575,0.00033070236129136666,0.0005076628027519251,35420.0,4.0
Random expectation,5227,TK-014,0.0002566661913588897,0.0012827454789148263,0.002564028139568575,0.0051222108442715575,0.012761802888159868,0.000751353230758994,0.001152136012336382,35065.0,9.0
Random expectation,5231,P-233,0.0006864595846919341,0.003427784712215165,0.006844307678653738,0.013643709852193764,0.03377529386062905,0.0020074293968575688,0.0030681343536673416,34962.0,24.0
Random expectation,5237,K-130,0.00031190631468513974,0.0015586473599568107,0.003115085878167889,0.00622134765671567,0.01548741316751967,0.0009129386523202258,0.0013993190553273467,35267.0,11.0
Random expectation,5264,BM-099,5.6449336720332255e-05,0.00028223075051370117,0.0005644216683077241,0.0011286840057376235,0.0028205150327604844,0.00016532704887434882,0.000253904660301528,35430.0,2.0
Random expectation,5341,P-597,0.00011439029970261583,0.0005718533627648847,0.0011434614282578304,0.0022859419480463217,0.00570750366715711,0.0003349761689831435,0.0005142192142717461,34968.0,4.0
Random expectation,5345,TK-050,0.0003137031227720133,0.001567621184786372,0.003133008018219363,0.006257090094133444,0.015576009342496255,0.0009181942259553683,0.0014073569859560217,35065.0,11.0
Random expectation,5348,P-587,5.723279439118212e-05,0.0002861475935235225,0.0005722542409658526,0.001144344697606936,0.0028596333615825698,0.0001676214566160885,0.000257427570883107,34945.0,2.0
Random expectation,5375,P-329,0.00045786235512945694,0.002287347151052721,0.004569788640982231,0.009119993903770496,0.022653891470020726,0.0013396757681010177,0.0020511184460282506,34945.0,16.0
Random expectation,5462,FCC-138,0.00014071030562279319,0.0007033931419088146,0.001406390418594361,0.0028111980447145246,0.0070161375281294625,0.00041202403396303197,0.0006323645853919034,35534.0,5.0
Random expectation,5484,DC-077,8.472661545411153e-05,0.00042358521994156906,0.0008470508066984461,0.001693623148243506,0.004230470733669334,0.0002481277279918011,0.0003809847563912065,35408.0,3.0
Random expectation,5493,P-116,0.000486158773736034,0.002428570285259557,0.004851588762059267,0.009681017866978503,0.02403729449814529,0.0014223721085600092,0.0021772602090389006,34968.0,17.0
Random expectation,5587,BM-099,5.6284122249117274e-05,0.0002814047712876855,0.0005627699426807853,0.0011253814857828948,0.0028122657176183896,0.00016484320678563632,0.00025316175021941286,35534.0,2.0
Random expectation,5632,P-557,0.00014298787462818652,0.0007147758182385333,0.0014291428544592755,0.0028566512822482126,0.007129384024570973,0.0004186913070253458,0.0006425883524247959,34968.0,5.0
Random expectation,5634,M-122,0.00042786239945236115,0.002137603963875634,0.004270942592474292,0.008524855447003543,0.021185045217437026,0.0012519881583639351,0.001917302019386251,35058.0,15.0
Random expectation,5650,DC-031,0.00011297520194319954,0.0005647802869480634,0.0011293213075314057,0.0022576858199373495,0.005637043991336466,0.0003308330986235595,0.0005078633674037417,35406.0,4.0
Random expectation,5670,BM-020,0.00011289867344055349,0.0005643977740728001,0.0011285566057934737,0.0022561577119626364,0.005633233426682982,0.00033060904072717374,0.0005075196392467678,35430.0,4.0
Random expectation,5693,P-693,8.576084159972464e-05,0.00042875517518570216,0.0008573877788528028,0.0017142853417217996,0.004282038136243949,0.00025115611239314307,0.0003856326062544371,34981.0,3.0
Random expectation,5723,SC-104,5.6486005592160105e-05,0.00028241407416584874,0.0005647882638449842,0.001129416989742671,0.002822345939752169,0.00016543443619388201,0.0002540695468671763,35407.0,2.0
Random expectation,5733,K-025,0.000312216167120849,0.0015601948646801755,0.003118176499024017,0.006227511377660644,0.015502691733749407,0.0009138449581281923,0.0014007051834965423,35232.0,11.0
Random expectation,5745,F-233,5.663155510249318e-05,0.0002831417393931446,0.0005662433884884299,0.0011323264157843127,0.0028296133305181215,0.00016586068787726132,0.0002547240294181998,35316.0,2.0
Random expectation,5795,DOS-078,0.00011310937676733968,0.0005654509335668578,0.0011306620321596128,0.002260364995718467,0.005643724899004887,0.0003312259315728888,0.0005084660133432249,35364.0,4.0
Random expectation,5807,BM-176,8.471226068784699e-05,0.00042351346232527565,0.0008469073319983256,0.0016933363609388241,0.004229754980435763,0.00024808569480222947,0.00038092024509404926,35414.0,3.0
Random expectation,5869,DOS-128,0.00019794140934281668,0.0009893712492596851,0.0019779033609327312,0.003952452543907192,0.00985602241249428,0.0005795267003425833,0.0008890536137227704,35364.0,7.0
Random expectation,5891,M-048,0.0004562564161058047,0.0022793312109476993,0.00455379108645293,0.009088135686063037,0.022575264429137598,0.0013349817430036873,0.0020439551548192864,35068.0,16.0
Random expectation,5896,SD-060,8.463578400952354e-05,0.0004231311652744818,0.0008461429537222065,0.0016918084675057177,0.004225941716591852,0.0002478617580881346,0.00038057655348295026,35446.0,3.0
Random expectation,5910,P-128,0.0003378283269052096,0.0016880957264469032,0.003373578890402462,0.006736722231172054,0.016763832125527567,0.0009887491258974137,0.001515215363298664,35521.0,12.0
Random expectation,5926,F-047,0.00016987061521478442,0.0008491126296163998,0.0016976243473040276,0.0033928464077793707,0.008464126059948951,0.0004973756415501532,0.0007631901472101646,35321.0,6.0
Random expectation,5941,EV-108,8.472900838818465e-05,0.00042359718190843054,0.0008470747238746856,0.0016936709555722684,0.004230590049426497,0.00024813473490820824,0.0003809955103985098,35407.0,3.0
Random expectation,5948,DRY-087,0.00011292417141883782,0.000564525220780987,0.001128811391278961,0.002256666851392475,0.005634503042352912,0.0003306836929641311,0.0005076341635897825,35422.0,4.0
Random expectation,6081,HP-109,0.00011289548700288421,0.0005643818472804707,0.001128524765694916,0.002256094085687388,0.0056330747649528945,0.0003305997115674165,0.0005075053273371385,35431.0,4.0
Random expectation,6094,CV-089,0.0002549864007252989,0.0012743541635187317,0.002547264586113096,0.005088759932872278,0.012678744805121767,0.0007464385761078167,0.0011446129232028457,35296.0,9.0
Random expectation,6102,P-220,0.0005434471712144617,0.0027144392274137674,0.005421897075848059,0.010815936439327323,0.026832257365997814,0.001589763143046779,0.0024324261163913177,34962.0,19.0
Random expectation,6108,P-323,0.0004292459579339214,0.002144510693952051,0.004284728442998653,0.008552317016863875,0.021252879273160663,0.0012560327401727979,0.001923476918540967,34945.0,15.0
Random expectation,6150,M-068,0.0005418663016198977,0.0027065511226715966,0.005406161385779651,0.010784626547491016,0.02675518209191341,0.0015851443019504227,0.00242538675430481,35064.0,19.0
Random expectation,6171,HP-079,0.00011289548700288421,0.0005643818472804707,0.001128524765694916,0.002256094085687388,0.0056330747649528945,0.0003305997115674165,0.0005075053273371385,35431.0,4.0
Random expectation,6186,SC-047,0.0001129433024621429,0.0005646208435906575,0.0011290025559020922,0.0022570488567908997,0.005635455629734332,0.00033073970426993185,0.0005077200907717053,35416.0,4.0
Random expectation,6233,HX-142,0.0003411416875142015,0.0017046419153696757,0.0034066197985270774,0.006802598605068821,0.016926990939951203,0.0009984392849324572,0.0015300295118039083,35176.0,12.0
Random expectation,6238,P-151,0.0003438888092850423,0.0017183602804669018,0.003434013474681308,0.006857214109626808,0.017062248183093542,0.0010064733304420352,0.001542311299983329,34895.0,12.0
Random expectation,6249,FM-142,8.47314014573719e-05,0.0004236091445510848,0.0008470986424018445,0.001693718765600205,0.004230709371914276,0.00024814174222036525,0.0003810062650129339,35406.0,3.0
Random expectation,6252,P-214,0.0006005490734385388,0.002999312285555389,0.005990055847755471,0.011945929779377584,0.029610308891891868,0.0017565631861152485,0.002686469571807183,34968.0,21.0
Random expectation,6299,P-215,0.0006877776185699735,0.003434357539047861,0.006857410098691785,0.013669742573092059,0.03383910092932607,0.0020112776269473054,0.003073986396291792,34895.0,24.0
Random expectation,6306,HX-084,0.00022727918406773018,0.0011359439960533235,0.002270758759080116,0.004537004434700842,0.011308739810793389,0.0006653740222021612,0.0010205234386010777,35199.0,8.0
Random expectation,6331,R-256,8.505812305070748e-05,0.000425242382691815,0.0008503641942362306,0.0017002461722646078,0.0042470001767432874,0.0002490984379032009,0.00038247457063092283,35270.0,3.0
Random expectation,6399,R-121,0.00017015484090521227,0.0008505329528050165,0.0017004629815488004,0.003398515634580157,0.008478238950935024,0.0004982075602844159,0.0007644652800722267,35262.0,6.0
Random expectation,6404,HX-035,0.00014205352576845964,0.0007101062043826101,0.001419808950804513,0.0028380047575079503,0.007082927059052779,0.0004159561350914484,0.0006383942044891307,35198.0,5.0
Random expectation,6425,HP-105,0.000141151229427261,0.0007055967667792817,0.0014107951839020805,0.0028199976438993968,0.007038062166308756,0.0004133147829262462,0.0006343438752293185,35423.0,5.0
Random expectation,6448,CF-033,8.46907376563788e-05,0.00042340587147482456,0.000846692211057376,0.0016929063620452212,0.004228681804587464,0.0002480226717128959,0.0003808235191012324,35423.0,3.0
Random expectation,6451,CT-032,8.472182999152977e-05,0.0004235612980344472,0.000847002976397282,0.0016935275416821716,0.004230232122344191,0.00024811371534610256,0.0003809632501977574,35410.0,3.0
Random expectation,6454,K-118,0.00042535091450446316,0.0021250665286679515,0.004245917612786476,0.008475004497717098,0.02106189941995651,0.0012446462240819386,0.00190609271135541,35265.0,15.0
Random expectation,6466,BM-013,5.6468462363734595e-05,0.0002823263679324617,0.0005646128761489511,0.001129066313434346,0.0028214699921083053,0.00016538305964121385,0.00025399066136433515,35418.0,2.0
Random expectation,6484,P-232,0.0005441163836307217,0.0027177783991781945,0.005428558231272307,0.010829190248279552,0.026864883100299886,0.001591718377004009,0.0024354059496129294,34919.0,19.0
Random expectation,6489,HX-371,8.528542187857813e-05,0.0004263786187050922,0.0008526360210302508,0.0017047872454729607,0.004258333517909829,0.0002497640064415289,0.00038349606081024306,35176.0,3.0
Random expectation,6491,CT-074,8.46979107849144e-05,0.00042344172901720434,0.0008467639058939991,0.0016930496707427967,0.004229039469357043,0.00024804367585120967,0.00038085575564029766,35420.0,3.0
Random expectation,6541,P-648,0.00011439029970261583,0.0005718533627648847,0.0011434614282578304,0.0022859419480463217,0.00570750366715711,0.0003349761689831435,0.0005142192142717461,34968.0,4.0
Random expectation,6556,SEP-023,0.00011300073450482007,0.0005649079064847795,0.0011295764384543494,0.0022581956493639144,0.005638315325423804,0.00033090785209175736,0.000507978046944744,35398.0,4.0
Random expectation,6568,P-522,0.00037190673723364043,0.001858257301049826,0.003713326650765403,0.007413921545334157,0.01843971538633249,0.0010884008264180883,0.0016674980102410455,34955.0,13.0
Random expectation,6608,P-540,0.00020046393081130098,0.001001975243906994,0.0020030898322755952,0.0040027395066219995,0.009981096803109546,0.0005869089971159466,0.0009003638630587347,34919.0,7.0
Random expectation,6757,UF-108,0.00019751135690304622,0.0009872224445172106,0.0019736093927736897,0.0039438791574677445,0.009834697762494349,0.0005782681207129824,0.0008871253349543481,35441.0,7.0
Random expectation,6801,P-268,0.00034330834811469035,0.0017154616297051506,0.003428225299112908,0.006845674183974637,0.01703366999940592,0.0010047757613155812,0.0015397162353480878,34954.0,12.0
Random expectation,6812,GT-129,0.0001410755600699254,0.0007052185908258402,0.001410039258914808,0.002818487500518496,0.007034299585639059,0.0004130932705594535,0.0006340041994258285,35442.0,5.0
Random expectation,6909,P-309,0.0005909832836157314,0.002951591805196885,0.005894885401694916,0.011756666578483177,0.02914514689228076,0.0017286219167608403,0.0026439201182400416,35534.0,21.0
Random expectation,6946,EV-179,8.472900838818465e-05,0.00042359718190843054,0.0008470747238746856,0.0016936709555722684,0.004230590049426497,0.00024813473490820824,0.0003809955103985098,35407.0,3.0
Random expectation,6956,P-671,0.00017165417405728967,0.000858025348399738,0.0017154371027970905,0.0034284212337803988,0.008552683852646625,0.000502596040651216,0.0007711916962190082,34954.0,6.0
Random expectation,6973,P-655,0.00016893794346206636,0.0008444519038279807,0.0016883094748204597,0.003374242956895035,0.008417814193140472,0.0004946457370076148,0.0007590058224915651,35516.0,6.0
Random expectation,7065,P-392,0.00022887223207646024,0.0011439028790843908,0.0022866606448423976,0.004568744766496047,0.01138761646824149,0.0006700355155460244,0.0010276620487001701,34954.0,8.0
Random expectation,7074,M-127,0.0004565428294242002,0.002280760827922501,0.0045566442073596836,0.009093817548860628,0.02258928769850288,0.001335818907614495,0.002045232717343943,35046.0,16.0
Random expectation,7080,CV-106,0.00016999093381686592,0.0008497138819063554,0.001698826000517295,0.0033952463116319054,0.008470100358063837,0.0004977278100399937,0.0007637299380182168,35296.0,6.0
Random expectation,7085,EX-087,0.00011292098354176439,0.0005645092867948565,0.001128779536802238,0.002256603196397533,0.005634344309098149,0.0003306743595908689,0.000507619845220409,35423.0,4.0
Random expectation,7170,DOS-049,0.00011310617842497095,0.0005654349472813402,0.001130630073150285,0.002260301131924658,0.00564356564574342,0.00033121656756616644,0.0005084516480096335,35365.0,4.0
Random expectation,7209,GB-117,0.00022643004726730087,0.0011317016823696457,0.0022622825510592026,0.004520085653081818,0.011266694257498155,0.0006628893099145278,0.0010167182882184355,35331.0,8.0
Random expectation,7236,K-140,0.0003404834865509132,0.0017013550215680961,0.003400056275330021,0.0067895125289052505,0.01689458128506005,0.0009965143406545462,0.0015270867449357214,35244.0,12.0
Random expectation,7247,TK-137,0.0003137926116103529,0.0015680681186629464,0.0031339006116587464,0.006258870193563415,0.015580421630691288,0.0009184559752407812,0.0014077573028581417,35055.0,11.0
Random expectation,7287,M-074,0.0004569861761681837,0.0022829737667859895,0.004561060614998835,0.009102612597207238,0.02261099432319147,0.0013371147746984923,0.0020472102765380106,35012.0,16.0
Random expectation,7338,CT-037,8.473379466178432e-05,0.0004236211078690877,0.0008471225622794787,0.0016937665783270939,0.004230828701132339,0.0002481487499283057,0.00038101702023453056,35405.0,3.0
Random expectation,7355,TK-024,0.00028142061124558637,0.001406390418594583,0.002811000446156897,0.005614887341026553,0.013984026619931589,0.00082376826208427,0.0012629349091186502,35534.0,10.0
Random expectation,7371,HX-297,8.523211546107579e-05,0.00042611214721544055,0.0008521032295266684,0.001703722268237673,0.004255675615527421,0.00024960791648387143,0.0003832564998826418,35198.0,3.0
Random expectation,7394,F-120,0.00019702215091899067,0.0009847780686729202,0.0019687247736529523,0.003934126432031615,0.009810439446217623,0.00057683642122616,0.0008849318047503784,35529.0,7.0
Random expectation,7490,TK-043,0.0003137657595984056,0.0015679340117434881,0.003133632780228379,0.0062583360573942315,0.01557909768178345,0.000918377434786977,0.001407637183877142,35058.0,11.0
Random expectation,7517,M-125,0.00037081407952532786,0.001852801500433876,0.0037024337428875898,0.00739221032691717,0.01838599331383528,0.0010852057584654425,0.001662615806143665,35058.0,13.0
Random expectation,7524,M-029,0.0005133470225873182,0.0025642473287048606,0.005122283706074815,0.010219780219932861,0.02536467343677029,0.00150181896055552,0.00229839299142639,35064.0,18.0
Random expectation,7526,UF-105,8.460952703270852e-05,0.0004229999100167081,0.0008458805172616435,0.0016912838907421346,0.004224632494612246,0.00024778487318428196,0.00038045855268742655,35457.0,3.0
Random expectation,7599,TK-081,0.00028526601055489653,0.0014255978087485133,0.0028493662604706094,0.005691423438499266,0.014173907016647225,0.0008350174564131217,0.001280147286329702,35055.0,10.0
Random expectation,7608,K-207,0.0002251364889964691,0.0011252390010505486,0.0022493699537745604,0.004494311455095157,0.011202639943010073,0.000659104131041819,0.0010109214874389535,35534.0,8.0
Random expectation,7611,P-234,0.0008163495101902729,0.0040753177959717,0.008134597819359213,0.01620528780035002,0.04003873590051843,0.0023865193796109275,0.003643921124133397,35524.0,29.0
Random expectation,7743,M-118,0.0003998629041471746,0.001997830291123104,0.003991953822025773,0.007969105990659142,0.019812258534775196,0.0011701366737212708,0.001792338394911524,35012.0,14.0
Random expectation,7780,F-032,5.665240914365377e-05,0.0002832459977863966,0.0005664518757434456,0.0011327432721679465,0.002830654585529002,0.0001659217603491324,0.0002548178022832041,35303.0,2.0
Random expectation,7790,P-196,0.00031469931910510507,0.001572596477382282,0.003142944397186098,0.00627690613666132,0.01562512626570489,0.0009211080324636565,0.001411813306158042,34954.0,11.0
Random expectation,7827,BLR-101,5.651633322034666e-05,0.0002825656951707112,0.0005650914630140891,0.0011300232167189561,0.002823860221978336,0.00016552325273700244,0.00025420591912278057,35388.0,2.0
Random expectation,7836,P-230,0.000601064743259494,0.003001884737922511,0.00599518604667626,0.011956131593388375,0.029635378799798495,0.0017580694010635352,0.0026887630946031324,34938.0,21.0
Random expectation,7839,TK-117,0.0003139269406392531,0.0015687389975161947,0.0031352404558487867,0.006261542242611218,0.015587044751964929,0.0009188488791014622,0.0014083582054008074,35040.0,11.0
Random expectation,7888,P-165,0.0004575611988103523,0.002285843952567812,0.004566788690157586,0.009114019709338894,0.022639147249416736,0.0013387955160323926,0.002049775154744746,34968.0,16.0
Random expectation,7893,P-568,0.00014293473599957807,0.0007145102466330489,0.0014286120149755721,0.002855590817408382,0.007126741952811488,0.00041853575159559077,0.0006423498230148745,34981.0,5.0
Random expectation,7912,K-095,0.0002552105487027001,0.0012754738871350035,0.0025495014949371564,0.00509322361199005,0.012689828265241343,0.0007470943800623484,0.0011456168026055167,35265.0,9.0
Random expectation,7916,CF-025,0.00011298477530152784,0.0005648281375164599,0.0011294169681206334,0.0022578769789928232,0.005637520674427465,0.0003308611272158795,0.0005079063661632072,35403.0,4.0
Random expectation,7948,P-170,0.00045786235512945694,0.002287347151052721,0.004569788640982231,0.009119993903770496,0.022653891470020726,0.0013396757681010177,0.0020511184460282506,34945.0,16.0
Random expectation,7958,RLP-004,0.00011293692472758021,0.0005645889657217573,0.0011289388271674694,0.002256921507288845,0.005635138064821188,0.0003307210317265145,0.0005076914451457173,35418.0,4.0
Random expectation,8028,HP-127,0.00011289548700288421,0.0005643818472804707,0.001128524765694916,0.002256094085687388,0.0056330747649528945,0.0003305997115674165,0.0005075053273371385,35431.0,4.0
Random expectation,8042,P-428,0.0004005264061337499,0.0020011428721113944,0.003998566680652349,0.007982282621007308,0.019844834476856255,0.0011720765668226702,0.0017953013312063334,34954.0,14.0
Random expectation,8078,R-127,0.00019842394693581067,0.0009917822981212465,0.0019827213635081886,0.003962072185855425,0.009879949140519262,0.000580938878909496,0.0008912172095119315,35278.0,7.0
Random expectation,8100,DP-095,0.00011291779584465811,0.0005644933537083396,0.001128747684123188,0.0022565395449933856,0.005634185584786455,0.0003306650267444508,0.0005076055276587425,35424.0,4.0
Random expectation,8113,P-330,0.0003432297923460226,0.0017150693450431742,0.0034274419636528553,0.006844112437928707,0.01702980236003926,0.0010045460232230466,0.0015393650343586468,34962.0,12.0
Random expectation,8117,TRB-058,0.00011288274305065737,0.0005643181490979643,0.0011283974232636496,0.002255839616467581,0.0056324402073980595,0.00033056240019281694,0.0005074480877695454,35435.0,4.0
Random expectation,8158,TK-157,0.00011407386282613619,0.0005702717205682273,0.0011402994989795356,0.0022796235076281146,0.005691748155722154,0.00033404971875996935,0.0005127979643531463,35065.0,4.0
Random expectation,8163,HX-311,0.00014205352576845964,0.0007101062043826101,0.001419808950804513,0.0028380047575079503,0.007082927059052779,0.0004159561350914484,0.0006383942044891307,35198.0,5.0
Random expectation,8275,P-169,0.0005150951495206391,0.0025729709946137325,0.005139688703194811,0.010254421455130447,0.025450022352595858,0.0015069271799017083,0.002306181567506002,34945.0,18.0
Random expectation,8288,HX-014,0.00019901063285376885,0.000994713729458141,0.001988579233739185,0.003973767977802023,0.009909039430899602,0.0005826558507227875,0.0008938477598701604,35174.0,7.0
Random expectation,8314,DOS-090,8.444519506844994e-05,0.0004221784354022651,0.000844238030992317,0.0016880007696504773,0.0042164385699047235,0.0002473036810317326,0.0003797200317358606,35526.0,3.0
Random expectation,8340,P-157,0.00037190673723364043,0.001858257301049826,0.003713326650765403,0.007413921545334157,0.01843971538633249,0.0010884008264180883,0.0016674980102410455,34955.0,13.0
Random expectation,8343,HX-324,0.00011258725512275358,0.0005628412091146506,0.0011254447921210664,0.00224993934736617,0.005617726941298917,0.00032969727870573557,0.0005061208981802744,35528.0,4.0
Random expectation,8403,K-212,8.514986376018108e-05,0.00042570098213923213,0.0008512811329141057,0.0017020790089747884,0.0042515744681054235,0.0002493670699230807,0.00038288685748841424,35232.0,3.0
Random expectation,8407,DOS-056,8.442618337367591e-05,0.0004220833983321626,0.0008440480103543146,0.0016876209423375421,0.004215490605441463,0.00024724801151516956,0.0003796345915581212,35534.0,3.0
Random expectation,8419,UF-029,8.467161525216316e-05,0.0004233102810448086,0.0008465010841673948,0.0016925243241001642,0.004227728327569458,0.0002479666780643538,0.0003807375816704587,35431.0,3.0
Random expectation,8446,DOS-064,0.00011315737361738964,0.0005656908363699253,0.0011311416341991398,0.0022613233858780335,0.005646114776915234,0.00033136645523708304,0.0005086815907960132,35349.0,4.0
Random expectation,8485,R-028,0.00019703878849297585,0.000984861200356013,0.0019688908966416507,0.003934458117090589,0.009811264463809977,0.0005768851124322772,0.0008850064055758817,35526.0,7.0
Random expectation,8496,F-100,0.00016995722743107233,0.0008495454454521267,0.0016984893661740053,0.0033945739963943122,0.008468426704640653,0.0004976291526030224,0.0007635787196394656,35303.0,6.0
Random expectation,8497,R-015,0.00019851398105608098,0.0009922321624495911,0.0019836203269701924,0.003963867055254755,0.009884413447544316,0.0005812023694773597,0.0008916209013306903,35262.0,7.0
Random expectation,8508,K-200,8.507983324357316e-05,0.00042535090903106365,0.0008505811853601886,0.0017006799083476576,0.004248082671762687,0.00024916200895719223,0.0003825721372557486,35261.0,3.0
Random expectation,8515,CV-100,0.00016889039013678886,0.0008442142710586298,0.0016878345437540965,0.0033732944315223445,0.008415452882845065,0.0004945065494591658,0.0007587924781980553,35526.0,6.0
Random expectation,8527,EV-116,0.0001694628029147438,0.0008470747211725138,0.0016935514115894446,0.0033847120512663365,0.008443876335263445,0.0004961819874360412,0.000761360552238235,35406.0,6.0
Random expectation,8528,F-074,5.659950192438146e-05,0.00028298149165051356,0.0005659229383725428,0.0011316856970311484,0.002828012894723342,0.00016576681796850892,0.00025457989816223654,35336.0,2.0
Random expectation,8533,HP-143,0.00014111537593131107,0.0007054175802551077,0.0014104370131644561,0.0028192821111524546,0.007036279389635358,0.00041320982641013086,0.0006341829308056469,35432.0,5.0
Random expectation,8704,M-108,0.00048477244211242443,0.0024216512880885777,0.004837782359108811,0.009653531021172945,0.023969514023412852,0.001418320533045851,0.00217108000473702,35068.0,17.0
Random expectation,8832,GB-145,0.00014141071327566923,0.0007068935995091508,0.0014133873836402744,0.0028251761842166268,0.007050964647899116,0.00041407438821829617,0.0006355086815541511,35358.0,5.0
Random expectation,8875,P-345,0.00051496252217198,0.0025723091472813486,0.005138368225421686,0.010251793323027614,0.025443547321379545,0.0015065396296149807,0.00230559067084318,34954.0,18.0
Random expectation,8929,K-145,0.00045033634495761365,0.002249781143915497,0.0044948164498890275,0.008970686911273451,0.022285366560806263,0.001317677576862624,0.0020175468040851915,35529.0,16.0
Random expectation,8990,EV-035,5.6486005592160105e-05,0.00028241407416584874,0.0005647882638449842,0.001129416989742671,0.002822345939752169,0.00016543443619388201,0.0002540695468671763,35407.0,2.0
Random expectation,9022,HV-125,0.00011329198176002198,0.0005663636484782852,0.001132486687049905,0.0022640112070850815,0.005652817215625383,0.0003317605565826646,0.0005092861813122669,35307.0,4.0
Random expectation,9038,DP-131,8.47314014573719e-05,0.0004236091445510848,0.0008470986424018445,0.001693718765600205,0.004230709371914276,0.00024814174222036525,0.0003810062650129339,35406.0,3.0
Random expectation,9084,EX-036,8.442618337367591e-05,0.0004220833983321626,0.0008440480103543146,0.0016876209423375421,0.004215490605441463,0.00024724801151516956,0.0003796345915581212,35534.0,3.0
Random expectation,9102,P-317,0.00061912534474029,0.0030919697524548484,0.0061748125029250645,0.0123132195779041,0.030512047538674647,0.001810814343053103,0.002769039300846587,35534.0,22.0
Random expectation,9106,M-096,0.00039922436409256523,0.001994642326648033,0.003985589714332716,0.007956424938959428,0.01978090721775394,0.0011682697568379025,0.0017894868940059633,35068.0,14.0
Random expectation,9109,R-074,0.00019846895378505813,0.0009920071792833829,0.0019831707433650703,0.003962969417326878,0.00988218078984493,0.0005810705943230158,0.0008914190097169112,35270.0,7.0
Random expectation,9146,P-546,0.00014293473599957807,0.0007145102466330489,0.0014286120149755721,0.002855590817408382,0.007126741952811488,0.00041853575159559077,0.0006423498230148745,34981.0,5.0
Random expectation,9169,M-018,0.0005910997269682472,0.0029521727120439545,0.0058960439484740945,0.011758970656706502,0.029150810511403558,0.0017289620502757808,0.00264443811499603,35527.0,21.0
Random expectation,9228,DRY-072,2.82326369283048e-05,0.000141163184641524,0.000282326369282937,0.000564652738565874,0.0014116318464147959,8.269249728877057e-05,0.00012702443078287475,35420.0,1.0
Random expectation,9235,CF-016,8.46907376563788e-05,0.00042340587147482456,0.000846692211057376,0.0016929063620452212,0.004228681804587464,0.0002480226717128959,0.0003808235191012324,35423.0,3.0
Random expectation,9275,CR-140,0.00011256824449823455,0.0005627461880935991,0.0011252548303115617,0.002249559744542662,0.0056167803374983505,0.0003296416198867336,0.0005060355113989744,35534.0,4.0
Random expectation,9291,FCC-022,5.6428631887817104e-05,0.000282127238037555,0.0005642146725706176,0.0011282701311241539,0.0028194812226831623,0.00016526641334060237,0.0002538115581813798,35443.0,2.0
Random expectation,9298,TK-033,0.0003421532846715758,0.001709693567415016,0.0034167072885437078,0.006822710463783466,0.016976799866028847,0.0010013977445433736,0.0015345522166895287,35072.0,12.0
Random expectation,9326,HX-317,8.449514152941706e-05,0.0004224281114539874,0.0008447372424806865,0.0016889986302857096,0.0042189290063079365,0.0002474499328554946,0.00037994449528727897,35505.0,3.0
Random expectation,9328,P-241,0.000601391792433903,0.00300351624133266,0.005998439720225512,0.011962601759461844,0.029651278375073087,0.001759024673956349,0.0026902176856438585,34919.0,21.0
Random expectation,9405,HP-036,8.46907376563788e-05,0.00042340587147482456,0.000846692211057376,0.0016929063620452212,0.004228681804587464,0.0002480226717128959,0.0003808235191012324,35423.0,3.0
Random expectation,9434,DC-123,0.00014121102575692657,0.0007058956133653149,0.0014113925395469185,0.0028211910059379175,0.007041035469163237,0.0004134898289889046,0.000634612297544903,35408.0,5.0
Random expectation,9466,P-193,0.0003438888092850423,0.0017183602804669018,0.003434013474681308,0.006857214109626808,0.017062248183093542,0.0010064733304420352,0.001542311299983329,34895.0,12.0
Random expectation,9467,RLP-131,0.00011292417141883782,0.000564525220780987,0.001128811391278961,0.002256666851392475,0.005634503042352912,0.0003306836929641311,0.0005076341635897825,35422.0,4.0
Random expectation,9531,DC-044,5.6484410302704013e-05,0.0002824060986201804,0.000564772315006512,0.0011293851010769629,0.0028222662856741687,0.00016542976427919565,0.00025406237343304186,35408.0,2.0
Random expectation,9597,DC-100,0.00011296882060551905,0.0005647483910729001,0.0011292575428074603,0.002257558398548354,0.0056367262473913105,0.0003308144155334374,0.0005078347056085633,35408.0,4.0
Random expectation,9605,GB-016,8.488483956770043e-05,0.00042437616159862745,0.0008486322427923021,0.00169678423192976,0.0042383600367127405,0.00024859103489524635,0.00038169582550465355,35342.0,3.0
Random expectation,9607,DC-130,0.00016941973739936778,0.0008468595151979175,0.0016931213034919734,0.0033838530494494368,0.008441737917982084,0.0004960559358770038,0.0007611673438691702,35415.0,6.0
Random expectation,9641,F-114,0.00016885236674735182,0.0008440242611154058,0.0016874547912425486,0.0033725359950960154,0.008413564788215755,0.0004943952558063981,0.0007586218890972288,35534.0,6.0
Random expectation,9654,BLR-106,0.00014129083305070012,0.0007062944694843365,0.001412189801081043,0.002822783727335687,0.007045003783031967,0.0004137234545118913,0.0006349705475337614,35388.0,5.0
Random expectation,9662,P-203,0.0006790210779459294,0.003390689430515792,0.006770359561268591,0.013496778858284264,0.03341511562878918,0.00198571093773087,0.0030351047658927276,35345.0,24.0
Random expectation,9664,F-012,0.00014155884601230184,0.0007076339278843102,0.0014148672024411058,0.0028281324721535217,0.007058330287902148,0.00041450802723967087,0.0006361736377009102,35321.0,5.0
Random expectation,9669,K-114,0.0005629045876723859,0.0028115141934426102,0.005615517949393745,0.01120107014128302,0.027779443866279285,0.001646603447381993,0.0025190124006230787,35530.0,20.0
Random expectation,9681,BLR-220,8.478408320145014e-05,0.0004238724937356553,0.000847625191950474,0.0016947712695412065,0.004233336170617608,0.00024829600328045025,0.0003812430202360022,35384.0,3.0
Random expectation,9729,TK-214,0.00014263300527739275,0.0007130022822797732,0.0014255978087482912,0.0028495692904437764,0.0071117396881088535,0.00041765247919133507,0.000640995406099229,35055.0,5.0
Random expectation,9813,FCC-090,8.464772438698809e-05,0.0004231908536866946,0.0008462622968625766,0.0016920470190781023,0.004226537085781024,0.00024789672154684425,0.00038063021440890943,35441.0,3.0
Random expectation,9845,DOS-067,5.657868680863931e-05,0.00028287742785149117,0.0005657148402234968,0.0011312696185290516,0.0028269735819370645,0.0001657058594847918,0.00025448630028059347,35349.0,2.0
Random expectation,9885,M-084,0.00034273963212616554,0.0017126216249083726,0.0034225542158905498,0.006834367646519679,0.017005669349178798,0.0010031125369557728,0.0015371736528624895,35012.0,12.0
Random expectation,9980,P-241,0.0006018054162487685,0.003005579624348109,0.006002554675086036,0.011970784617050145,0.029671386449352632,0.0017602328193259682,0.0026920573149335253,34895.0,21.0
Random expectation,9984,DRY-102,8.46979107849144e-05,0.00042344172901720434,0.0008467639058939991,0.0016930496707427967,0.004229039469357043,0.00024804367585120967,0.00038085575564029766,35420.0,3.0
Random expectation,10022,P-257,0.0003148434369454334,0.0015733162420641378,0.003144381867638102,0.006279772857817001,0.01563223173735473,0.0009215295662883294,0.0014124579868442805,34938.0,11.0
Random expectation,10030,K-201,0.0001702417432754011,0.0008509672181767902,0.0017013308964094476,0.0034002490028655075,0.008482553952747995,0.0004984619203169025,0.0007648551523661113,35244.0,6.0
Random expectation,10060,TRB-066,0.00011286044805602913,0.0005642067118700744,0.001128174643147739,0.0022553944334346987,0.00563133007561567,0.00033049712554845994,0.0005073479495888035,35442.0,4.0
Random expectation,10097,GB-146,0.00014147473261272303,0.0007072135513258582,0.0014140269252399529,0.0028264538202030787,0.007054147902186614,0.00041426179640256946,0.000635796059493944,35342.0,5.0
Random expectation,10125,DC-133,8.470986869968389e-05,0.0004235015050861879,0.0008468834242734147,0.0016932885724967317,0.004229635711775814,0.0002480786906551333,0.00038090949533515383,35415.0,3.0
Random expectation,10150,HV-059,0.00011332086803783614,0.0005665080307745152,0.0011327753289412934,0.002264588000272738,0.005654255523298457,0.00033184512886320943,0.0005094159234485976,35298.0,4.0
Random expectation,10153,GB-199,5.660751181679746e-05,0.00028302153657844276,0.0005660030168933572,0.001131845808732157,0.002828412833921101,0.0001657902754831118,0.0002546159156826496,35331.0,2.0
Random expectation,10196,P-535,0.00022910163521294713,0.0011450489756835713,0.0022889505421079814,0.00457331538912209,0.011398974471527934,0.0006707067803612927,0.001028690010939063,34919.0,8.0
Random expectation,10241,P-246,0.0004502856499591923,0.0022495280967229636,0.004494311423108188,0.008969681115522765,0.022282883754273675,0.001317529395108916,0.002017320650279168,35533.0,16.0
Random expectation,10282,P-243,0.0006472674058648487,0.003232331887824458,0.006454668660702101,0.012869474804544256,0.03187706211467889,0.0018929956121155765,0.0028940879840857903,35534.0,23.0
Random expectation,10345,R-083,0.00017003910899504593,0.0008499546213064368,0.001699307138263717,0.0033962072240705243,0.008472492439417056,0.0004978688171137683,0.0007639460682012096,35286.0,6.0
Random expectation,10362,P-111,0.00037163031359876975,0.0018568770792732892,0.003710570941497404,0.007408429019296614,0.018426124875948413,0.0010875925305682533,0.0016662629058184276,34981.0,13.0
Random expectation,10384,HX-097,0.00033770473349470365,0.0016874785244418433,0.003372346396588788,0.006734264868212381,0.016757745581981065,0.0009883876654191118,0.0015146627554040234,35534.0,12.0
Random expectation,10401,AG-023,0.00014142671267747264,0.0007069735603197902,0.0014135472147989159,0.0028254954849148417,0.007051760192103185,0.00041412122436599447,0.0006355805016812287,35354.0,5.0
Random expectation,10438,M-014,0.0005134348793428556,0.002564685761048513,0.005123158446544762,0.010221521233047981,0.025368963038011616,0.0015020756886384098,0.002298784433137356,35058.0,18.0
Random expectation,10456,BLR-132,0.00014071426561224065,0.0007034129329414052,0.0014064299783810297,0.002811277075230545,0.007016334437618066,0.0004120356263437508,0.0006323823616936376,35533.0,5.0
Random expectation,10479,P-265,8.576084159972464e-05,0.00042875517518570216,0.0008573877788528028,0.0017142853417217996,0.004282038136243949,0.00025115611239314307,0.0003856326062544371,34981.0,3.0
Random expectation,10532,CF-093,8.473858147617364e-05,0.0004236450365326938,0.0008471704060881713,0.0016938622118803925,0.004231067379765641,0.00024816276653167116,0.0003810385324994469,35403.0,3.0
Random expectation,10550,TK-049,8.557247989049444e-05,0.0004278135817902262,0.0008555051298699823,0.0017105221945279414,0.0042726463898319356,0.00025060455905265365,0.00038478610671971485,35058.0,3.0
Random expectation,10573,HX-049,0.00031271321355474946,0.001562677274003943,0.0031231342686731667,0.0062373987749965165,0.015527200239311312,0.0009152987962150287,0.0014029287095757748,35176.0,11.0
Random expectation,10683,AG-119,8.485602760643918e-05,0.00042423213439635177,0.0008483442698870025,0.001696208612046557,0.004236923430074757,0.00024850666862875843,0.00038156634285283733,35354.0,3.0
Random expectation,10736,GB-009,8.487763474329668e-05,0.00042434014563030864,0.0008485602312386931,0.0016966402903355604,0.00423800079372838,0.00024856993795875133,0.00038166344660378105,35345.0,3.0
Random expectation,10744,DP-046,8.47314014573719e-05,0.0004236091445510848,0.0008470986424018445,0.001693718765600205,0.004230709371914276,0.00024814174222036525,0.0003810062650129339,35406.0,3.0
Random expectation,10778,FCC-015,5.6428631887817104e-05,0.000282127238037555,0.0005642146725706176,0.0011282701311241539,0.0028194812226831623,0.00016526641334060237,0.0002538115581813798,35443.0,2.0
Random expectation,10819,BLR-034,8.477449983046448e-05,0.00042382458771350606,0.0008475294069851813,0.0016945798079035512,0.004232858328260813,0.00024826794155066804,0.0003811999519489002,35388.0,3.0
Random expectation,10849,DP-116,0.00011297520194319954,0.0005647802869480634,0.0011293213075314057,0.0022576858199373495,0.005637043991336466,0.0003308330986235595,0.0005078633674037417,35406.0,4.0
Random expectation,10851,DC-106,0.00014118311449951015,0.0007057561201290197,0.0014111137106400662,0.0028206339779879297,0.007039647615263878,0.0004134081223785799,0.0006344870055337237,35415.0,5.0
Random expectation,10874,FCC-013,0.00011281906642224282,0.0005639998737408947,0.0011277611419432398,0.002254568130946044,0.00562926956287102,0.0003303759695770537,0.0005071620834972919,35455.0,4.0
Random expectation,11069,SEP-143,0.00016886662351189852,0.0008440955048200083,0.001687597178407274,0.003372820368786278,0.008414272724409644,0.000494436985055124,0.0007586858510207067,35531.0,6.0
Random expectation,11089,TK-119,0.0003422215884785196,0.001710034658115367,0.003417388400481336,0.00682406841894978,0.016980162920771757,0.0010015975015020115,0.0015348575901081196,35065.0,12.0
Random expectation,11223,DC-105,0.00014121102575692657,0.0007058956133653149,0.0014113925395469185,0.0028211910059379175,0.007041035469163237,0.0004134898289889046,0.000634612297544903,35408.0,5.0
Random expectation,11265,K-040,0.00028335836332205044,0.0014160693322827766,0.0028303336818173985,0.0056534556120687585,0.014079714117307462,0.0008294369165598305,0.0012716086239239663,35291.0,10.0
Random expectation,11280,P-218,0.0004864787523251035,0.0024301672508051375,0.004854775388773436,0.009687361996814525,0.024052938262843382,0.0014233072472894454,0.002178686636249687,34945.0,17.0
Random expectation,11292,HX-110,0.00034091877610153976,0.0017035287514632902,0.0034043969491535098,0.006798166790443316,0.016916014943854862,0.0009977873690908046,0.001529032895693801,35199.0,12.0
Random expectation,11327,TK-135,0.0003992585198916432,0.0019948128525147935,0.003985930134218996,0.00795710325782395,0.019782584237113987,0.0011683696192094904,0.001789639422952283,35065.0,14.0
Random expectation,11360,DP-124,0.00014121900242891616,0.0007059354787044558,0.0014114722251891143,0.0028213501971925403,0.007041432099364808,0.00041351317966719216,0.0006346481043515668,35406.0,5.0
Random expectation,11395,HX-017,0.00022728564122964645,0.0011359762561852227,0.0022708232151994467,0.00453713309068926,0.01130905953543171,0.0006653929168731702,0.0010205523742053352,35198.0,8.0
Random expectation,11402,BLR-100,8.476731372386581e-05,0.00042378866530268233,0.0008474575824667374,0.0016944362400619362,0.004232500017278484,0.00024824689941551877,0.00038116765711879223,35391.0,3.0
Random expectation,11457,P-134,0.00042438817371626136,0.0021202604562334804,0.004236324515087153,0.008455894280801846,0.021014689533771724,0.0012418317796179048,0.0019017956480015504,35345.0,15.0
Random expectation,11494,CR-021,0.00011273639412645586,0.0005635866521097599,0.001126935048212263,0.002252917341017846,0.005625153057731924,0.00033013392392427024,0.0005067907595655126,35481.0,4.0
Random expectation,11507,HP-123,0.00016938147531264658,0.0008466683127774655,0.0016927391685470639,0.0033830898582285496,0.00843983801168946,0.0004959439438008068,0.0007609956853999975,35423.0,6.0
Random expectation,11515,M-120,0.00039922436409256523,0.001994642326648033,0.003985589714332716,0.007956424938959428,0.01978090721775394,0.0011682697568379025,0.0017894868940059633,35068.0,14.0
Random expectation,11554,BM-006,8.470986869968389e-05,0.0004235015050861879,0.0008468834242734147,0.0016932885724967317,0.004229635711775814,0.0002480786906551333,0.00038090949533515383,35415.0,3.0
Random expectation,11559,P-494,0.00020031478036919292,0.001001230003976783,0.002001600632291156,0.003999766220663448,0.009973701833583593,0.0005864725023490352,0.0008996951297824751,34945.0,7.0
Random expectation,11592,GT-108,0.00011287637215340318,0.0005642863053985092,0.0011283337628246182,0.002255712403383181,0.0056321229822291485,0.00033054374766355106,0.0005074194728273479,35437.0,4.0
Random expectation,11631,P-200,0.0004864787523251035,0.0024301672508051375,0.004854775388773436,0.009687361996814525,0.024052938262843382,0.0014233072472894454,0.002178686636249687,34945.0,17.0
Random expectation,11632,TRB-049,8.466205728796528e-05,0.0004232625020137437,0.000846405553076579,0.0016923333697806964,0.004227251750283267,0.00024793869071986554,0.00038069462749804365,35435.0,3.0
Random expectation,11670,P-108,0.0005145650495983478,0.002570325646678251,0.005134410860009986,0.010243917003287084,0.025424141980193604,0.0015053781738707853,0.002303819796281698,34981.0,18.0
Random expectation,11763,P-521,0.00025742234425951693,0.001286522788932043,0.0025715741311577167,0.005137268365398739,0.012799189257550303,0.0007535655367879386,0.0011555224352238832,34962.0,9.0
Random expectation,11779,BM-030,8.470986869968389e-05,0.0004235015050861879,0.0008468834242734147,0.0016932885724967317,0.004229635711775814,0.0002480786906551333,0.00038090949533515383,35415.0,3.0
Random expectation,11794,TK-214,0.00017114495978098887,0.0008554807314825608,0.0017103515032549366,0.0034182645594076355,0.008527400853224343,0.0005011055964494832,0.0007689072415716391,35058.0,6.0
Random expectation,11825,DP-116,0.00016943887492582022,0.0008469551487964022,0.0016933124356723894,0.0033842347742004675,0.00844268819193117,0.0004961119508844449,0.0007612532021478945,35411.0,6.0
Random expectation,11839,HV-110,0.00022660963657483713,0.001132598917148897,0.0022640752425823196,0.004523663933045485,0.011275586865093556,0.0006634148181600411,0.0010175230682744876,35303.0,8.0
Random expectation,11850,P-172,0.00037183227504145044,0.0018578855010739082,0.003712584326467372,0.007412441987320606,0.01843605443105456,0.0010881830901386877,0.0016671653020400986,34962.0,13.0
Random expectation,11913,P-294,0.00034330834811469035,0.0017154616297051506,0.003428225299112908,0.006845674183974637,0.01703366999940592,0.0010047757613155812,0.0015397162353480878,34954.0,12.0
Random expectation,11921,TK-138,0.00033770473349470365,0.0016874785244418433,0.003372346396588788,0.006734264868212381,0.016757745581981065,0.0009883876654191118,0.0015146627554040234,35534.0,12.0
Random expectation,11929,M-017,0.0003992699064567784,0.001994869700949864,0.003986043620437529,0.007957329389814527,0.01978314330675679,0.0011684029104606255,0.0017896902717127775,35064.0,14.0
Random expectation,11948,CV-039,8.495695514276758e-05,0.0004247366578189471,0.0008493530311215469,0.0016982249923167547,0.004241955819109022,0.000248802201389698,0.00038201991692944,35312.0,3.0
Random expectation,11973,HX-123,0.00019899931771660828,0.0009946571923673542,0.0019884662559838118,0.003973542407584851,0.009908478386850716,0.0005826227363290607,0.0008937970259270445,35176.0,7.0
Random expectation,12107,CV-091,0.0001983227561196399,0.0009912766881003954,0.0019817110030673213,0.003960054899723731,0.009874931612869453,0.000580642737446143,0.0008907634929427592,35296.0,7.0
Random expectation,12123,M-062,0.00037081407952532786,0.001852801500433876,0.0037024337428875898,0.00739221032691717,0.01838599331383528,0.0010852057584654425,0.001662615806143665,35058.0,13.0
Random expectation,12141,CV-039,0.00011256824449823455,0.0005627461880935991,0.0011252548303115617,0.002249559744542662,0.0056167803374983505,0.0003296416198867336,0.0005060355113989744,35534.0,4.0
Random expectation,12144,M-135,0.00031371206935892904,0.0015676658667090893,0.00313309725468236,0.006257268058509902,0.015576450458856472,0.0009182203941701234,0.0014073970074006837,35064.0,11.0
Random expectation,12147,CV-068,0.00011335619349905901,0.0005666845980270008,0.00113312831335044,0.002265293368964638,0.005656014449181845,0.0003319485535577991,0.0005095745869700976,35287.0,4.0
Random expectation,12240,P-440,0.0002837603927243748,0.0014180774279194397,0.0028343447498871965,0.005661457290244476,0.014099565572918693,0.000830612997965926,0.0012734081391457457,35241.0,10.0
Random expectation,12248,K-094,0.00025544959128065425,0.0012766680152397347,0.002551887041606249,0.005097983883303514,0.01270164810024621,0.0007477937613994628,0.0011466873852034611,35232.0,9.0
Random expectation,12311,P-423,0.00051496252217198,0.0025723091472813486,0.005138368225421686,0.010251793323027614,0.025443547321379545,0.0015065396296149807,0.00230559067084318,34954.0,18.0
Random expectation,12337,HX-091,0.00016946758932356865,0.0008470986396993396,0.0016935992148675583,0.003384807522834654,0.008444114004061198,0.0004961959971193363,0.0007613820258895853,35405.0,6.0
Random expectation,12375,CT-006,5.6484410302704013e-05,0.0002824060986201804,0.000564772315006512,0.0011293851010769629,0.0028222662856741687,0.00016542976427919565,0.00025406237343304186,35408.0,2.0
Random expectation,12561,K-040,0.00033770473349470365,0.0016874785244418433,0.003372346396588788,0.006734264868212381,0.016757745581981065,0.0009883876654191118,0.0015146627554040234,35534.0,12.0
Random expectation,12582,AG-128,0.00016977448289523522,0.0008486322400746982,0.0016966642480140681,0.003390928926064296,0.008459352686030486,0.0004970942653710897,0.0007627588636342407,35341.0,6.0
Random expectation,12583,DP-070,0.00011295924995058382,0.0005647005540145855,0.001129161909221632,0.0022573672934309563,0.005636249698630746,0.00033078639485449677,0.0005077917189811242,35411.0,4.0
Random expectation,12592,TK-301,0.00011409663985395557,0.0005703855667307245,0.001140527093889232,0.0022800783079528486,0.0056928822386557165,0.0003341164043938556,0.0005129002657072787,35058.0,4.0
Random expectation,12609,DOS-082,0.00011310937676733968,0.0005654509335668578,0.0011306620321596128,0.002260364995718467,0.005643724899004887,0.0003312259315728888,0.0005084660133432249,35364.0,4.0
Random expectation,12617,AG-045,8.488724144761761e-05,0.0004243881682799433,0.0008486562493593697,0.001696832217888522,0.004238479797908368,0.00024859806800324073,0.000381706619692492,35341.0,3.0
Random expectation,12641,CF-119,8.46907376563788e-05,0.00042340587147482456,0.000846692211057376,0.0016929063620452212,0.004228681804587464,0.0002480226717128959,0.0003808235191012324,35423.0,3.0
Random expectation,12652,P-338,0.0004006295607382748,0.0020016578780975847,0.003999594777995608,0.0079843311768798,0.019849898967654322,0.001172378161340765,0.0017957619753927211,34945.0,14.0
Random expectation,12700,TK-029,0.0003422215884785196,0.001710034658115367,0.003417388400481336,0.00682406841894978,0.016980162920771757,0.0010015975015020115,0.0015348575901081196,35065.0,12.0
Random expectation,12730,K-030,0.0003403193329740706,0.0017005352777235139,0.003398419344473713,0.0067862488727793435,0.016886498253432025,0.000996034263777023,0.0015263528211022063,35261.0,12.0
Random expectation,12731,TK-035,0.0002567174396713723,0.0012830014866699324,0.0025645395710865992,0.005123231374834503,0.012764336790764497,0.0007515031701721808,0.0011523655288203192,35058.0,9.0
Random expectation,12784,SC-073,5.6484410302704013e-05,0.0002824060986201804,0.000564772315006512,0.0011293851010769629,0.0028222662856741687,0.00016542976427919565,0.00025406237343304186,35408.0,2.0
Random expectation,12790,K-233,0.00022699543171689207,0.001134526361947219,0.0022679263078269063,0.004531350785637378,0.011294689801724878,0.0006645437176972881,0.0010192518943976541,35243.0,8.0
Random expectation,12854,TK-024,0.00025684931506853026,0.0012836602617940507,0.0025658556180327974,0.005125857464522876,0.01277085716306603,0.0007518890035961693,0.0011529561341748395,35040.0,9.0
Random expectation,12881,M-131,0.00039922436409256523,0.001994642326648033,0.003985589714332716,0.007956424938959428,0.01978090721775394,0.0011682697568379025,0.0017894868940059633,35068.0,14.0
Random expectation,12902,BM-063,2.823742022928233e-05,0.00014118710114641164,0.0002823742022928233,0.0005647484045856466,0.0014118710114644495,8.270650742554511e-05,0.0001270459518362632,35414.0,1.0
Random expectation,12927,P-388,0.0002251364889964691,0.0011252390010505486,0.0022493699537745604,0.004494311455095157,0.011202639943010073,0.000659104131041819,0.0010109214874389535,35534.0,8.0
Random expectation,12948,P-407,0.0004222735206350636,0.0021097038927003764,0.004215253073800995,0.008413917682989713,0.020910986054190506,0.0012356498301440253,0.0018923569072422002,35522.0,15.0
Random expectation,12956,P-197,0.00034346556757680613,0.001716246737634597,0.0034297930447023672,0.0068487998152667595,0.017041410550683755,0.0010052355528893083,0.0015404191182989875,34938.0,12.0
Random expectation,13096,TK-107,0.00030964109781839166,0.0015473340707358174,0.003092491250917373,0.0061762859633957,0.01537571078789457,0.0009063129474165048,0.0013891853445465849,35525.0,11.0
Random expectation,13139,R-051,8.503883440103e-05,0.00042514596131615345,0.0008501714061601717,0.0016998608147678063,0.004246038421983234,0.0002490419575261897,0.00038238788651027863,35278.0,3.0
Random expectation,13152,P-316,0.0006472674058648487,0.003232331887824458,0.006454668660702101,0.012869474804544256,0.03187706211467889,0.0018929956121155765,0.0028940879840857903,35534.0,23.0
Random expectation,13210,TRB-079,5.6441371525273176e-05,0.00028219092903492005,0.0005643420365908369,0.0011285247872656612,0.002820117323793614,0.0001653037222504164,0.0002538688437117622,35435.0,2.0
Random expectation,13213,R-059,0.00014173139066842033,0.0007084962601566769,0.001416590889838254,0.0028315759408494845,0.007066909713691616,0.00041501312861814515,0.0006369481750168299,35278.0,5.0
Random expectation,13239,HV-239,0.00011329198176002198,0.0005663636484782852,0.001132486687049905,0.0022640112070850815,0.005652817215625383,0.0003317605565826646,0.0005092861813122669,35307.0,4.0
Random expectation,13271,P-217,0.0007316935892385246,0.0036533234359584776,0.007293811633120484,0.014536455356784939,0.03596081489738501,0.0021394724964792955,0.00326881177682028,35534.0,26.0
Random expectation,13278,M-009,0.0005704831992697779,0.0028493257100710156,0.005690937596767087,0.011351098999752285,0.028148499438132135,0.0016687433541051132,0.002552742342986437,35058.0,20.0
Random expectation,13345,P-223,0.0007945290996282939,0.003966562506256377,0.007917951159050252,0.015775430325123407,0.03898946879879883,0.0023228529540282065,0.003547303816127732,35241.0,28.0
Random expectation,13360,AG-101,0.00014071030562279319,0.0007033931419088146,0.001406390418594361,0.0028111980447145246,0.0070161375281294625,0.00041202403396303197,0.0006323645853919034,35534.0,5.0
Random expectation,13389,TK-338,0.00014074991555002025,0.000703591102363621,0.0014067861166353612,0.0028119885498852915,0.007018107120508765,0.00041213998713151456,0.0006325423933942363,35524.0,5.0
Random expectation,13421,CV-086,0.00016886187098952288,0.0008440717555820987,0.0016875497133489459,0.003372725572227564,0.008414036732441565,0.0004944230745228726,0.0007586645291811721,35532.0,6.0
Random expectation,13428,TK-075,0.0003137657595984056,0.0015679340117434881,0.003133632780228379,0.0062583360573942315,0.01557909768178345,0.000918377434786977,0.001407637183877142,35058.0,11.0
Random expectation,13434,GS-081,0.00011289230074507106,0.0005643659213867558,0.001128492927392477,0.002256030463000158,0.005632916112160324,0.00033059038293414676,0.0005074910162346699,35432.0,4.0
Random expectation,13527,M-133,0.0003707083380860565,0.0018522735167091353,0.003701379581564912,0.007390109211794504,0.018380794244203802,0.0010848965564311925,0.0016621433278618419,35068.0,13.0
Random expectation,13560,SEP-101,8.468834688346583e-05,0.0004233939203103221,0.0008466683154764176,0.0016928585978707167,0.004228562596440999,0.0002480156711239306,0.00038081277480087744,35424.0,3.0
Random expectation,13561,TK-041,0.00028142061124558637,0.001406390418594583,0.002811000446156897,0.005614887341026553,0.013984026619931589,0.00082376826208427,0.0012629349091186502,35534.0,10.0
Random expectation,13577,HV-140,0.00016995722743107233,0.0008495454454521267,0.0016984893661740053,0.0033945739963943122,0.008468426704640653,0.0004976291526030224,0.0007635787196394656,35303.0,6.0
Random expectation,13578,EV-142,0.00016939582156971777,0.0008467400035664374,0.0016928824489355065,0.003383376014590045,0.008440550376323741,0.0004959859349029668,0.0007610600482519469,35420.0,6.0
Random expectation,13608,P-569,8.586639189422929e-05,0.00042928280588938605,0.0008584427383773185,0.0017163940534983269,0.004287300866325117,0.00025146518046329294,0.0003861069494659351,34938.0,3.0
Random expectation,13647,GT-025,0.0,0.0,0.0,0.0,0.0,0.0,0.0,35437.0,0.0
Random expectation,13705,M-146,0.00048491071937928343,0.002422341413200746,0.004839159462344145,0.009656272680027778,0.023976274865393332,0.0014187246516325753,0.002171696445874792,35058.0,17.0
Random expectation,13717,M-015,0.0003138731952291307,0.0015684705771000784,0.0031347043807179453,0.00626047314925815,0.015584394827878434,0.0009186916772250619,0.0014081177828352005,35046.0,11.0
Random expectation,13718,GS-026,0.00014113927623782274,0.0007055370278241657,0.0014106757734457798,0.0028197590926313243,0.007037467807048725,0.000413279791497095,0.0006342902180122299,35426.0,5.0
Random expectation,13727,HV-218,8.497861371559168e-05,0.00042484492614602853,0.0008495695064409947,0.0016986576976680823,0.0042430357438739685,0.00024886562131254045,0.00038211725170460336,35303.0,3.0
Random expectation,13739,CV-042,8.499546690843296e-05,0.00042492917301306665,0.0008497379524377013,0.0016989943987525402,0.004243876065581298,0.00024891497027633886,0.00038219299082775215,35296.0,3.0
Random expectation,13756,K-238,0.00034003003598648274,0.0016990905963063518,0.0033955344846910984,0.006780497127152563,0.01687225293144945,0.000995188196718816,0.0015250593808551365,35291.0,12.0
Random expectation,13757,R-078,0.00011337868480720825,0.0005667970163227842,0.001133353054354247,0.0022657424687813066,0.005657134335541714,0.0003320144028450901,0.0005096756061354421,35280.0,4.0
Random expectation,13794,FCC-046,8.464294783172566e-05,0.0004231669763011814,0.000846214555566771,0.0016919515903768279,0.004226298917975657,0.0002478827349797576,0.00038060874822275497,35443.0,3.0
Random expectation,13798,CT-066,0.00011293054771310818,0.0005645570914518672,0.0011288751056266477,0.0022567941721567397,0.00563482053569575,0.00033070236129136666,0.0005076628027519251,35420.0,4.0
Random expectation,13824,P-233,0.000658026492718844,0.003285993104701568,0.006561656449929898,0.013082117776422653,0.032398793413469074,0.001924413830585621,0.002941890834147027,34953.0,23.0
Random expectation,13833,EV-109,0.0001694580167763693,0.0008470508039963853,0.00169350361100995,0.0033846165850839327,0.008443638679844878,0.0004961679785438274,0.0007613390797981153,35407.0,6.0
Random expectation,13843,FM-125,8.46979107849144e-05,0.00042344172901720434,0.0008467639058939991,0.0016930496707427967,0.004229039469357043,0.00024804367585120967,0.00038085575564029766,35420.0,3.0
Random expectation,14009,GB-082,5.660751181679746e-05,0.00028302153657844276,0.0005660030168933572,0.001131845808732157,0.002828412833921101,0.0001657902754831118,0.0002546159156826496,35331.0,2.0
Random expectation,14068,GS-031,0.00011291142099023599,0.0005644614902330369,0.0011286839841576635,0.0022564122529569186,0.005633868162990052,0.00033064636263196903,0.0005075768949582574,35426.0,4.0
Random expectation,14169,P-156,0.00022887878007604723,0.0011439355928615225,0.0022867260068940576,0.004568875228927238,0.011387940668506458,0.0006700546758936899,0.0010276913905380223,34953.0,8.0
Random expectation,14225,EX-067,5.642703983743669e-05,0.0002821192786841564,0.0005641987561100237,0.0011282383071868907,0.0028194017302198837,0.00016526175091098757,0.0002538043993078175,35444.0,2.0
Random expectation,14233,P-423,0.0005151983513652647,0.002573486000272407,0.005140716210768392,0.010256466489650173,0.025455060766757076,0.0015072287457806206,0.00230664136324051,34938.0,18.0
Random expectation,14259,DOS-072,0.000169664065150954,0.0008480804636472605,0.0016955614754966541,0.0033887264997302102,0.008453869957544158,0.0004967710760833042,0.000762263489730887,35364.0,6.0
Random expectation,14266,HX-086,0.00014205352576845964,0.0007101062043826101,0.001419808950804513,0.0028380047575079503,0.007082927059052779,0.0004159561350914484,0.0006383942044891307,35198.0,5.0
Random expectation,14273,FM-010,8.47314014573719e-05,0.0004236091445510848,0.0008470986424018445,0.001693718765600205,0.004230709371914276,0.00024814174222036525,0.0003810062650129339,35406.0,3.0
Random expectation,14278,DOS-145,0.00011310937676733968,0.0005654509335668578,0.0011306620321596128,0.002260364995718467,0.005643724899004887,0.0003312259315728888,0.0005084660133432249,35364.0,4.0
Random expectation,14297,EV-118,0.00014116318464141298,0.0007056565158516381,0.0014109146145757645,0.002820236235533735,0.0070386566259719174,0.00041334978028118323,0.0006343975415253433,35420.0,5.0
Random expectation,14318,DC-126,0.00011294649159965253,0.0005646367838750832,0.001129034422967523,0.0022571125369312828,0.005635614425613444,0.00033074904133235293,0.0005077344147969435,35415.0,4.0
Random expectation,14332,TK-146,0.00047841503911749683,0.0023899218705598635,0.004774467242486091,0.009527473831729694,0.023658632496668996,0.001399740598167267,0.0021427369117526813,35534.0,17.0
Random expectation,14341,P-325,0.0004003660489590999,0.0020003422782285396,0.003996968468263251,0.007979098067124601,0.019836961514547724,0.0011716077280964187,0.001794585243131966,34968.0,14.0
Random expectation,14344,DRY-124,0.00019762287908298148,0.0009877796777706394,0.001974722915763616,0.003946102433373011,0.009840227756441888,0.0005785944986695433,0.0008876253819828687,35421.0,7.0
Random expectation,14366,CT-103,0.00011293054771310818,0.0005645570914518672,0.0011288751056266477,0.0022567941721567397,0.00563482053569575,0.00033070236129136666,0.0005076628027519251,35420.0,4.0
Random expectation,14425,P-343,0.0005348948509332763,0.0026717649359225826,0.005336766294136264,0.010646542933279712,0.0264152215043445,0.0015647753527955083,0.0023943414635339225,35521.0,19.0
Random expectation,14461,M-066,0.0005065571002420555,0.002530363078732001,0.0050546782774151255,0.010085219433085824,0.025033102986157796,0.001481977673942926,0.002268138833242129,35534.0,18.0
Random expectation,14462,GB-014,0.00019699997185718132,0.0009846672482571872,0.0019685033199365876,0.0039336842722690335,0.00980933963856756,0.0005767715124023452,0.0008848323565447846,35533.0,7.0
Random expectation,14485,CV-049,0.00014165911151409194,0.0007081350282366339,0.001415868835471068,0.002830133468962881,0.007063315789461733,0.00041480154111233865,0.0006366237207097987,35296.0,5.0
Random expectation,14576,SD-085,8.465250148137482e-05,0.0004232147337669412,0.0008463100435454063,0.0016921424585446543,0.004226775280430806,0.00024791070969237963,0.00038065168301656927,35439.0,3.0
Random expectation,14722,EV-005,8.47314014573719e-05,0.0004236091445510848,0.0008470986424018445,0.001693718765600205,0.004230709371914276,0.00024814174222036525,0.0003810062650129339,35406.0,3.0
Random expectation,14760,GT-025,2.8215112014007282e-05,0.00014107556006981437,0.00028215112013973975,0.0005643022402798126,0.001410755600699809,8.264116737114876e-05,0.00012694558259492762,35442.0,1.0
Random expectation,14802,P-194,0.0006003258911980724,0.0029981989248968333,0.005987835487223148,0.011941514397957098,0.029599458431683545,0.0017559112941800525,0.0026854769266172803,34981.0,21.0
Random expectation,14840,GB-042,0.0001979749985858703,0.000989539081506896,0.001978238740688254,0.003953122165669898,0.009857687957902872,0.0005796250016021868,0.0008892042213194105,35358.0,7.0
Random expectation,14869,HP-107,0.000141151229427261,0.0007055967667792817,0.0014107951839020805,0.0028199976438993968,0.007038062166308756,0.0004133147829262462,0.0006343438752293185,35423.0,5.0
Random expectation,14871,GT-116,8.461668641057685e-05,0.00042303569882873315,0.0008459520746959548,0.0016914269248676783,0.0042249894746956285,0.0002478058370636166,0.00038049072746501356,35454.0,3.0
Random expectation,14878,RLP-049,0.0001129433024621429,0.0005646208435906575,0.0011290025559020922,0.0022570488567908997,0.005635455629734332,0.00033073970426993185,0.0005077200907717053,35416.0,4.0
Random expectation,14893,HX-336,0.00011308379509211708,0.0005653230685871424,0.0011304064106629763,0.002259854186392629,0.00564245112451478,0.000331151034340917,0.000508351113397805,35372.0,4.0
Random expectation,14920,CT-036,8.473379466178432e-05,0.0004236211078690877,0.0008471225622794787,0.0016937665783270939,0.004230828701132339,0.0002481487499283057,0.00038101702023453056,35405.0,3.0
Random expectation,14951,R-112,0.00025329993526779226,0.0012659294539154597,0.002530434194181308,0.005055175145317392,0.012595350558491814,0.0007415043569228201,0.0011370597123541556,35531.0,9.0
Random expectation,15071,P-174,0.00025737817433080235,0.0012863021413586084,0.002571133340730114,0.005136388800390912,0.012797005403438977,0.0007534363073025689,0.001155324621921087,34968.0,9.0
Random expectation,15119,DP-131,5.64796249752364e-05,0.0002823821746859023,0.0005647244738953283,0.0011292894458843072,0.002822027350414147,0.00016541575011823654,0.000254040855560861,35411.0,2.0
Random expectation,15130,SC-006,5.6486005592160105e-05,0.00028241407416584874,0.0005647882638449842,0.001129416989742671,0.002822345939752169,0.00016543443619388201,0.0002540695468671763,35407.0,2.0
Random expectation,15137,UF-119,0.00016885236674735182,0.0008440242611154058,0.0016874547912425486,0.0033725359950960154,0.008413564788215755,0.0004943952558063981,0.0007586218890972288,35534.0,6.0
Random expectation,15151,TK-217,0.00019958941605835445,0.0009976056683644874,0.0019943581719265024,0.003985306116767062,0.009937737168861482,0.0005843496906823497,0.0008964428503014652,35072.0,7.0
Random expectation,15154,HV-047,0.00011332086803783614,0.0005665080307745152,0.0011327753289412934,0.002264588000272738,0.005654255523298457,0.00033184512886320943,0.0005094159234485976,35298.0,4.0
Random expectation,15236,TK-209,0.00011410640422193641,0.0005704343718594407,0.001140624662379519,0.0022802732779353407,0.005693368412556965,0.00033414499210232713,0.0005129441216409854,35055.0,4.0
Random expectation,15248,P-270,0.0002251364889964691,0.0011252390010505486,0.0022493699537745604,0.004494311455095157,0.011202639943010073,0.000659104131041819,0.0010109214874389535,35534.0,8.0
Random expectation,15273,F-066,8.489925288657219e-05,0.00042444821187870296,0.000848776302571852,0.0016970721884009832,0.004239078705423283,0.0002486332395134527,0.0003817605997906224,35336.0,3.0
Random expectation,15296,M-121,0.00048554781217868825,0.0024255210616528355,0.0048455042483810384,0.009668904394785294,0.024007423923255056,0.0014205865671463136,0.002174536589739754,35012.0,17.0
Random expectation,15332,EX-112,5.642703983743669e-05,0.0002821192786841564,0.0005641987561100237,0.0011282383071868907,0.0028194017302198837,0.00016526175091098757,0.0002538043993078175,35444.0,2.0
Random expectation,15349,DC-005,0.00014118311449951015,0.0007057561201290197,0.0014111137106400662,0.0028206339779879297,0.007039647615263878,0.0004134081223785799,0.0006344870055337237,35415.0,5.0
Random expectation,15407,CV-126,0.0002549864007252989,0.0012743541635187317,0.002547264586113096,0.005088759932872278,0.012678744805121767,0.0007464385761078167,0.0011446129232028457,35296.0,9.0
Random expectation,15424,EX-107,8.464055975621054e-05,0.0004231550386190053,0.0008461906869389191,0.001691903880062684,0.004226179844138533,0.00024787574228804906,0.00038059801603761444,35444.0,3.0
Random expectation,15520,P-309,0.0005909832836157314,0.002951591805196885,0.005894885401694916,0.011756666578483177,0.02914514689228076,0.0017286219167608403,0.0026439201182400416,35534.0,21.0
Random expectation,15541,SEP-092,8.468834688346583e-05,0.0004233939203103221,0.0008466683154764176,0.0016928585978707167,0.004228562596440999,0.0002480156711239306,0.00038081277480087744,35424.0,3.0
Random expectation,15556,P-237,0.0005151983513652647,0.002573486000272407,0.005140716210768392,0.010256466489650173,0.025455060766757076,0.0015072287457806206,0.00230664136324051,34938.0,18.0
Random expectation,15561,BLR-136,0.00011304544426860019,0.0005651313795084212,0.0011300231950616135,0.002259088405139331,0.005640541540490096,0.0003310387519808915,0.0005081788608130395,35384.0,4.0
Random expectation,15570,CV-020,0.0002265518803805655,0.001132310365142053,0.002263498710541101,0.004522513153937924,0.011272726996460092,0.0006632458139532579,0.001017264250063985,35312.0,8.0
Random expectation,15578,UF-122,0.00016934323050432631,0.0008464771966761875,0.0016923572060578707,0.0033823270111892345,0.008437938960388691,0.0004958320022809797,0.0007608241043382034,35431.0,6.0
Random expectation,15597,EX-020,8.466444657673211e-05,0.00042327444576018003,0.0008464294338277334,0.0016923811043210168,0.004227370884531512,0.00024794568696368506,0.00038070536513249353,35434.0,3.0
Random expectation,15602,P-633,0.00020031478036919292,0.001001230003976783,0.002001600632291156,0.003999766220663448,0.009973701833583593,0.0005864725023490352,0.0008996951297824751,34945.0,7.0
Random expectation,15630,HX-035,0.00011363959203380958,0.0005681011082446785,0.0011359601279529175,0.0022709521768894403,0.005670125350441202,0.0003327782777573705,0.0005108474620965964,35199.0,4.0
Random expectation,15649,P-210,0.0005434471712144617,0.0027144392274137674,0.005421897075848059,0.010815936439327323,0.026832257365997814,0.001589763143046779,0.0024324261163913177,34962.0,19.0
Random expectation,15661,K-058,0.00017024657378772456,0.0008509913570338146,0.0017013791398798883,0.0034003453529493077,0.008482793803858635,0.000498476059045492,0.0007648768235982436,35243.0,6.0
Random expectation,15691,F-091,8.494733265373977e-05,0.0004246885562733116,0.000849256855275371,0.0016980327495809133,0.00424147602897984,0.00024877402513154816,0.00038197667294443587,35316.0,3.0
Random expectation,15714,TK-220,0.00011256824449823455,0.0005627461880935991,0.0011252548303115617,0.002249559744542662,0.0056167803374983505,0.0003296416198867336,0.0005060355113989744,35534.0,4.0
Random expectation,15767,K-016,0.00019848583661785657,0.0009920915360133176,0.0019833393133328325,0.003963305983903265,0.009883017918276726,0.0005811200030028343,0.0008914947083567742,35267.0,7.0
Random expectation,15770,M-061,0.0003998629041471746,0.001997830291123104,0.003991953822025773,0.007969105990659142,0.019812258534775196,0.0011701366737212708,0.001792338394911524,35012.0,14.0
Random expectation,15779,P-443,0.0003939888557438209,0.0019685033292857756,0.003933407933218391,0.007852445250811968,0.019523817537250854,0.0011529623575257935,0.0017661056261394524,35534.0,14.0
Random expectation,15790,M-015,0.0003422899195618667,0.001710375884940718,0.003418069784028921,0.006825426914781496,0.016983527308168433,0.001001797338170833,0.0015351630850886768,35058.0,12.0
Random expectation,15839,M-109,0.00042842454015767917,0.002140410177075114,0.004276543811790545,0.008536013181932645,0.021212606756766728,0.0012536314776073554,0.0019198109042447412,35012.0,15.0
Random expectation,15899,M-092,0.0004562564161058047,0.0022793312109476993,0.00455379108645293,0.009088135686063037,0.022575264429137598,0.0013349817430036873,0.0020439551548192864,35068.0,16.0
Random expectation,15930,P-449,0.00011443611603823012,0.0005720823658164065,0.0011439192378451812,0.002286856781495872,0.005709784864581735,0.00033511030798430273,0.0005144249939683963,34954.0,4.0
Random expectation,15989,P-198,0.00048633957945931616,0.0024294726599686234,0.004853389384686824,0.009684602658123431,0.024046134124866447,0.0014229005141895709,0.0021780662209151557,34955.0,17.0
Random expectation,16011,TRB-069,0.00011290504685557146,0.0005644296303548568,0.0011286202913816101,0.0022562849752809644,0.0056335507769575965,0.00033062770062632893,0.0005075482654877814,35428.0,4.0
Random expectation,16063,UF-055,5.6447743501442105e-05,0.00028222278531886413,0.0005644057401666958,0.0011286521584493725,0.0028204354819935107,0.00016532238302290414,0.0002538974961750996,35431.0,2.0
Random expectation,16066,VP-128,0.00014113927623782274,0.0007055370278241657,0.0014106757734457798,0.0028197590926313243,0.007037467807048725,0.000413279791497095,0.0006342902180122299,35426.0,5.0
Random expectation,16099,M-013,0.00048477244211242443,0.0024216512880885777,0.004837782359108811,0.009653531021172945,0.023969514023412852,0.001418320533045851,0.00217108000473702,35068.0,17.0
Random expectation,16177,K-189,8.514986376018108e-05,0.00042570098213923213,0.0008512811329141057,0.0017020790089747884,0.0042515744681054235,0.0002493670699230807,0.00038288685748841424,35232.0,3.0
Random expectation,16185,RLP-015,8.469312856418387e-05,0.0004234178233141206,0.0008467161079871444,0.0016929541289153471,0.004228801019454997,0.00024802967269707527,0.0003808342640078865,35422.0,3.0
Random expectation,16212,AG-109,0.00014148273910585818,0.0007072535656688084,0.0014141069086370806,0.0028266136059578173,0.007054546011078688,0.0004142852343541034,0.0006358320000120494,35340.0,5.0
Random expectation,16218,K-193,5.674724775850404e-05,0.0002837201370848863,0.0005674000199010765,0.0011346390227273684,0.0028353899287550943,0.0001661995016161769,0.0002552442560017854,35244.0,2.0
Random expectation,16223,DOS-143,0.00019794140934281668,0.0009893712492596851,0.0019779033609327312,0.003952452543907192,0.00985602241249428,0.0005795267003425833,0.0008890536137227704,35364.0,7.0
Random expectation,16284,VP-013,8.468356574264924e-05,0.0004233700200048096,0.0008466205283603756,0.0016927630776064628,0.004228324200310829,0.000248001671131508,0.0003807912880188593,35426.0,3.0
Random expectation,16307,HP-145,5.646049177088219e-05,0.00028228651946882177,0.0005645331904735595,0.001128906987090783,0.0028210720138047707,0.00016535971721017443,0.00025395482050901433,35423.0,2.0
Random expectation,16350,HX-228,0.00011256824449823455,0.0005627461880935991,0.0011252548303115617,0.002249559744542662,0.0056167803374983505,0.0003296416198867336,0.0005060355113989744,35534.0,4.0
Random expectation,16426,BLR-075,8.442618337367591e-05,0.0004220833983321626,0.0008440480103543146,0.0016876209423375421,0.004215490605441463,0.00024724801151516956,0.0003796345915581212,35534.0,3.0
Random expectation,16442,P-421,0.0004005378651331659,0.002001200081911292,0.0039986808875887014,0.007982510186414049,0.019845397070436754,0.0011721100696617222,0.001795352502222911,34953.0,14.0
Random expectation,16448,M-055,0.0003993382394889,0.001995210859615182,0.003986724673479047,0.007958686451712937,0.01978649838829105,0.001168602697815157,0.0017899954249660517,35058.0,14.0
Random expectation,16520,P-660,5.721969501903956e-05,0.00028608210415936863,0.0005721232809789978,0.0011440828525992597,0.0028589793113085182,0.00016758309427175318,0.00025736866822808133,34953.0,2.0
Random expectation,16524,M-148,0.0003707083380860565,0.0018522735167091353,0.003701379581564912,0.007390109211794504,0.018380794244203802,0.0010848965564311925,0.0016621433278618419,35068.0,13.0
Random expectation,16585,RLP-036,8.471226068784699e-05,0.00042351346232527565,0.0008469073319983256,0.0016933363609388241,0.004229754980435763,0.00024808569480222947,0.00038092024509404926,35414.0,3.0
Random expectation,16608,K-115,0.00039724200550461664,0.0019847451878745037,0.003965832015953574,0.007917055484629842,0.019683570700345432,0.001162473847205056,0.0017806341436249317,35243.0,14.0
Random expectation,16609,DRY-051,0.00011257141248977032,0.0005627620227022234,0.0011252864861597267,0.0022496230027844177,0.00561693808264474,0.00032965089505150174,0.0005060497405283774,35533.0,4.0
Random expectation,16668,K-205,0.00019862100275236383,0.0009927669066893685,0.0019846889054275785,0.003966000575951978,0.009889720054953588,0.0005815155751366282,0.0008921007606259396,35243.0,7.0
Random expectation,16711,F-007,0.00011258408623937566,0.0005628253700494801,0.001125413127365582,0.002249876071332424,0.0056175691518426385,0.00032968800093068946,0.0005061066650490192,35529.0,4.0
Random expectation,16715,RLP-140,0.00011292417141883782,0.000564525220780987,0.001128811391278961,0.002256666851392475,0.005634503042352912,0.0003306836929641311,0.0005076341635897825,35422.0,4.0
Random expectation,16758,CV-201,0.00014167918166108073,0.0007082353334822988,0.0014160693322826656,0.0028305340081579144,0.007064313735026251,0.0004148602937749828,0.0006367138137448058,35291.0,5.0
Random expectation,16811,EV-095,8.46979107849144e-05,0.00042344172901720434,0.0008467639058939991,0.0016930496707427967,0.004229039469357043,0.00024804367585120967,0.00038085575564029766,35420.0,3.0
Random expectation,16822,P-123,0.0005154786792290755,0.0025748849125892814,0.0051435072319404584,0.01026202141151944,0.025468746523301333,0.001508047890487518,0.0023078903049408694,34919.0,18.0
Random expectation,16850,RLP-132,0.00014118710114641164,0.0007057760443587302,0.0014111535365959327,0.0028207135399418437,0.007039845846608994,0.0004134197927744365,0.0006345049013634189,35414.0,5.0
Random expectation,16969,TK-056,0.00019958941605835445,0.0009976056683644874,0.0019943581719265024,0.003985306116767062,0.009937737168861482,0.0005843496906823497,0.0008964428503014652,35072.0,7.0
Random expectation,16991,R-121,0.0001700680272108679,0.0008500991304351002,0.0016995959517499548,0.0033967840326543097,0.008473928336872105,0.0004979534597141765,0.000764075805037756,35280.0,6.0
Random expectation,17017,BLR-144,0.0002259950846068559,0.0011295285905978947,0.0022579406680557357,0.004511419067352418,0.011245156208529394,0.0006616165350239939,0.0010147691121882207,35399.0,8.0
Random expectation,17036,P-243,0.0005724426126281212,0.002859101517451501,0.005710436185912937,0.011389884892484714,0.028243895747716352,0.0016744673947279819,0.0025614622637665477,34938.0,20.0
Random expectation,17044,P-361,0.0002860248269549448,0.001429387990375619,0.0028569368828151864,0.0057065257862977115,0.01421137249038018,0.0008372372487103143,0.0012835436796573832,34962.0,10.0
Random expectation,17062,P-210,0.0005941434432027437,0.002967356961827816,0.00592632682649008,0.011819195301560836,0.029298841081612403,0.0017378527457255495,0.002657977638925933,35345.0,21.0
Random expectation,17110,P-353,0.00031478036915155716,0.0015730012639615376,0.0031437528125541903,0.006278518345176565,0.015629122298507325,0.0009213450977756477,0.0014121758666127556,34945.0,11.0
Random expectation,17121,R-127,0.0001417635384178828,0.0007086569260003062,0.001416912039336471,0.0028322175115546022,0.007068508187554001,0.00041510723681332054,0.0006370924831106267,35270.0,5.0
Random expectation,17139,K-083,0.00036886757653997737,0.0018430822702291128,0.0036830284475309893,0.007353532085302206,0.018290284132267298,0.0010795139014741664,0.001653918212079123,35243.0,13.0
Random expectation,17151,P-116,0.0004292459579339214,0.002144510693952051,0.004284728442998653,0.008552317016863875,0.021252879273160663,0.0012560327401727979,0.001923476918540967,34945.0,15.0
Random expectation,17170,M-107,0.00050675675675671,0.0025313594517654137,0.005056666259300013,0.010089176404411426,0.02504285424870467,0.001482561112371797,0.0022690285072316284,35520.0,18.0
Random expectation,17204,FM-035,0.00011257458065971893,0.0005627778582021348,0.0011253181437889115,0.0022496862645836613,0.005617095836651154,0.00032966017073823736,0.000506063970458016,35532.0,4.0
Random expectation,17244,P-132,0.0004859781023984766,0.002427668580636144,0.004849789475006916,0.009677435728678296,0.024028461367803566,0.001421844095240095,0.0021764547934869888,34981.0,17.0
Random expectation,17266,RLP-026,0.00011292417141883782,0.000564525220780987,0.001128811391278961,0.002256666851392475,0.005634503042352912,0.0003306836929641311,0.0005076341635897825,35422.0,4.0
Random expectation,17281,VP-102,0.00014109546519169847,0.000705318071505534,0.0014102381079933446,0.0028188847498378244,0.007035289348353624,0.00041315154026428204,0.0006340935525210261,35437.0,5.0
Random expectation,17294,K-145,0.00045031099603165536,0.002249654613203478,0.004494563922312067,0.008970183985204216,0.02228412508838684,0.0013176034818195264,0.002017433720844217,35531.0,16.0
Random expectation,17328,DC-047,8.442618337367591e-05,0.0004220833983321626,0.0008440480103543146,0.0016876209423375421,0.004215490605441463,0.00024724801151516956,0.0003796345915581212,35534.0,3.0
Random expectation,17387,FM-112,0.00011293373613030511,0.0005645730281369499,0.0011289069654978334,0.002256857837926729,0.00563497929578527,0.00033071169624542923,0.0005076771235448307,35419.0,4.0
Random expectation,17391,TRB-068,8.46787851417341e-05,0.0004233461223975832,0.0008465727466385742,0.0016926675681213643,0.004228085831058714,0.00024798767271953966,0.00038076980366142234,35428.0,3.0
Random expectation,17450,F-137,0.00019818238441715597,0.0009905753065765355,0.0019803094317305536,0.003957256518832608,0.009867971272946474,0.0005802319303811665,0.0008901340968884773,35321.0,7.0
Random expectation,17500,P-340,0.0004256405890865622,0.0021265126019873737,0.004248804019982733,0.008480754417770742,0.02107610377470459,0.0012454930467513587,0.0019073856194936404,35241.0,15.0
Random expectation,17522,RLP-041,0.00011256824449823455,0.0005627461880935991,0.0011252548303115617,0.002249559744542662,0.0056167803374983505,0.0003296416198867336,0.0005060355113989744,35534.0,4.0
Random expectation,17614,SEP-060,8.473618800131089e-05,0.0004236330718631054,0.0008471464835084763,0.001693814393753934,0.0042309480370829045,0.0002481557580320632,0.00038102777606335126,35404.0,3.0
Random expectation,17617,FCC-064,8.461429981665436e-05,0.0004230237685517446,0.0008459282208725938,0.0016913792441376474,0.0042248704746313814,0.0002477988487097045,0.0003804800019345085,35455.0,3.0
Random expectation,17633,M-112,0.0002567174396713723,0.0012830014866699324,0.0025645395710865992,0.005123231374834503,0.012764336790764497,0.0007515031701721808,0.0011523655288203192,35058.0,9.0
Random expectation,17640,R-151,8.501955449757848e-05,0.0004250495836567447,0.0008499787054796482,0.0016994756319125282,0.004245077102713046,0.0002489855027560014,0.00038230124167294135,35286.0,3.0
Random expectation,17740,AG-141,0.0002546689303905003,0.001272768249704348,0.0025440963499283598,0.005082437804932005,0.012663046642645837,0.0007455097319335634,0.0011431910791102624,35340.0,9.0
Random expectation,17852,P-587,5.721642111289338e-05,0.000286065736501695,0.0005720905503472373,0.001144017410069642,0.0028588158454849744,0.0001675735064291749,0.0002573539467758541,34955.0,2.0
Random expectation,17866,GS-111,8.468595624555597e-05,0.00042338196982016907,0.0008466444212440472,0.0016928108363909455,0.004228443395015491,0.0002480086709301458,0.0003808020311067702,35425.0,3.0
Random expectation,17869,P-116,0.000486158773736034,0.002428570285259557,0.004851588762059267,0.009681017866978503,0.02403729449814529,0.0014223721085600092,0.0021772602090389006,34968.0,17.0
Random expectation,18072,AG-005,2.8295747149242878e-05,0.00014147873574610337,0.00028295747149220674,0.0005659149429845245,0.0014147873574604786,8.28773451223297e-05,0.00012730837662571585,35341.0,1.0
Random expectation,18103,P-327,0.000601391792433903,0.00300351624133266,0.005998439720225512,0.011962601759461844,0.029651278375073087,0.001759024673956349,0.0026902176856438585,34919.0,21.0
Random expectation,18149,TK-080,0.00028512773722633167,0.0014249071517253853,0.0028479867186522734,0.005688671431650749,0.01416707983367016,0.000834612959794744,0.0012795283824254878,35072.0,10.0
Random expectation,18157,K-107,0.00042560435818861375,0.0021263317352034905,0.004248443004486124,0.008480035251123619,0.02107432718272495,0.0012453871309061428,0.0019072239100642273,35244.0,15.0
Random expectation,18185,P-345,0.0005154786792290755,0.0025748849125892814,0.0051435072319404584,0.01026202141151944,0.025468746523301333,0.001508047890487518,0.0023078903049408694,34919.0,18.0
Random expectation,18189,M-056,0.0003993382394889,0.001995210859615182,0.003986724673479047,0.007958686451712937,0.01978649838829105,0.001168602697815157,0.0017899954249660517,35058.0,14.0
Random expectation,18205,DOS-042,0.00014138672095920235,0.0007067736922019563,0.0014131477046618324,0.002824697368458584,0.007049771668095617,0.00041400415385735165,0.000635400981791953,35364.0,5.0
Random expectation,18210,P-169,0.0004871758131537174,0.0024336461710577906,0.004861717300383095,0.009701182309469147,0.024087016791016214,0.001425344405694122,0.002181794022202375,34895.0,17.0
Random expectation,18222,R-076,0.00014173139066842033,0.0007084962601566769,0.001416590889838254,0.0028315759408494845,0.007066909713691616,0.00041501312861814515,0.0006369481750168299,35278.0,5.0
Random expectation,18297,P-223,0.0007436645500829009,0.003713008584679156,0.0074127590900774365,0.014772667528185068,0.03653889546692157,0.002174415241494416,0.0033219085995575947,34962.0,26.0
Random expectation,18313,CF-004,0.00011294649159965253,0.0005646367838750832,0.001129034422967523,0.0022571125369312828,0.005635614425613444,0.00033074904133235293,0.0005077344147969435,35415.0,4.0
Random expectation,18316,RLP-134,0.00014071030562279319,0.0007033931419088146,0.001406390418594361,0.0028111980447145246,0.0070161375281294625,0.00041202403396303197,0.0006323645853919034,35534.0,5.0
Random expectation,18333,BLR-073,8.477449983046448e-05,0.00042382458771350606,0.0008475294069851813,0.0016945798079035512,0.004232858328260813,0.00024826794155066804,0.0003811999519489002,35388.0,3.0
Random expectation,18337,P-350,0.0003720876982082899,0.0018591608636813195,0.003715130674821765,0.0074175172178805315,0.018448612333665904,0.0010889299774651218,0.0016683065689973432,34938.0,13.0
Random expectation,18482,M-025,0.0003993382394889,0.001995210859615182,0.003986724673479047,0.007958686451712937,0.01978649838829105,0.001168602697815157,0.0017899954249660517,35058.0,14.0
Random expectation,18534,P-323,0.0004579540901025192,0.002287805038741153,0.004570702451963005,0.009121813691735259,0.02265838265404685,0.0013399439007046633,0.002051527623341128,34938.0,16.0
Random expectation,18557,K-050,0.0003404834865509132,0.0017013550215680961,0.003400056275330021,0.0067895125289052505,0.01689458128506005,0.0009965143406545462,0.0015270867449357214,35244.0,12.0
Random expectation,18558,CV-042,8.500750899664844e-05,0.0004249893698060614,0.0008498583119082026,0.0016992349812604557,0.0042444764991841355,0.0002489502315203618,0.00038224710858629686,35291.0,3.0
Random expectation,18574,P-173,0.00045786235512945694,0.002287347151052721,0.004569788640982231,0.009119993903770496,0.022653891470020726,0.0013396757681010177,0.0020511184460282506,34945.0,16.0
Random expectation,18579,M-018,0.0005703205201322836,0.0028485140761587147,0.0056893187232139875,0.011347878762159147,0.02814057882385601,0.0016682681166997797,0.002552018362071062,35068.0,20.0
Random expectation,18656,P-254,0.0002860984750950868,0.0014297558519678066,0.002857671659204586,0.005707991558392078,0.014215008695033449,0.000837452693814722,0.0012838733195579834,34953.0,10.0
Random expectation,18658,GB-045,0.00014146272457205011,0.0007071535383003091,0.0014139069671076365,0.002826214175440822,0.00705355082309056,0.0004142266444473043,0.0006357421563344292,35345.0,5.0
Random expectation,18738,P-252,0.0002860984750950868,0.0014297558519678066,0.002857671659204586,0.005707991558392078,0.014215008695033449,0.000837452693814722,0.0012838733195579834,34953.0,10.0
Random expectation,18745,P-211,0.0006574997855979259,0.003283366191123349,0.006556419133140534,0.013071708887394506,0.03237325838742633,0.0019228757996240565,0.002939550892694079,34981.0,23.0
Random expectation,18766,DC-088,0.00011296882060551905,0.0005647483910729001,0.0011292575428074603,0.002257558398548354,0.0056367262473913105,0.0003308144155334374,0.0005078347056085633,35408.0,4.0
Random expectation,18768,P-260,0.00020026893256663847,0.0010010009223587746,0.0020011428622889182,0.003998852251906659,0.009971428662357673,0.0005863383268569708,0.000899489565504517,34953.0,7.0
Random expectation,18771,AG-087,0.00011318298859686049,0.0005658188677860609,0.0011313975883568972,0.002261834859680012,0.0056473902062530446,0.000331441449956314,0.0005087966401990328,35341.0,4.0
Random expectation,18777,TK-021,0.00028526601055489653,0.0014255978087485133,0.0028493662604706094,0.005691423438499266,0.014173907016647225,0.0008350174564131217,0.001280147286329702,35055.0,10.0
Random expectation,18835,EV-104,8.443568815086344e-05,0.0004221309115181038,0.0008441430099795921,0.001687810834624659,0.004215964534384997,0.00024727584314021436,0.0003796773068402628,35530.0,3.0
Random expectation,18844,DOS-133,0.0001414467170216538,0.0007070735367747938,0.001413747054587966,0.0028258947122968836,0.007052754874839695,0.0004141797844523886,0.000635670299671063,35349.0,5.0
Random expectation,18854,DP-011,8.468834688346583e-05,0.0004233939203103221,0.0008466683154764176,0.0016928585978707167,0.004228562596440999,0.0002480156711239306,0.00038081277480087744,35424.0,3.0
Random expectation,18880,RLP-047,5.647484045856466e-05,0.0002823582548044934,0.0005646766408883286,0.0011291938068932472,0.0028217884556073214,0.00016540173833145798,0.0002540193413332933,35414.0,2.0
Random expectation,19009,SEP-067,0.00011298158400185887,0.0005648121864260114,0.0011293850794567017,0.0022578132557106168,0.005637361771105742,0.0003308517838240951,0.0005078920324344011,35404.0,4.0
Random expectation,19046,HV-291,8.499065102840486e-05,0.00042490509907022744,0.0008496898181943324,0.001698898184822939,0.004243635939702672,0.00024890086857543134,0.00038217134801474386,35298.0,3.0
Random expectation,19053,EX-097,0.0001128540796749844,0.0005641748807454494,0.0011281110078422696,0.002255267270553918,0.005631012975478189,0.00033047848038471805,0.0005073193459387335,35444.0,4.0
Random expectation,19071,DOS-084,0.000169664065150954,0.0008480804636472605,0.0016955614754966541,0.0033887264997302102,0.008453869957544158,0.0004967710760833042,0.000762263489730887,35364.0,6.0
Random expectation,19123,BLR-076,0.00014071030562279319,0.0007033931419088146,0.001406390418594361,0.0028111980447145246,0.0070161375281294625,0.00041202403396303197,0.0006323645853919034,35534.0,5.0
Random expectation,19127,P-271,0.0002860902900955198,0.0014297149691074873,0.0028575899987195452,0.005707828657642189,0.014214604580409351,0.0008374287499943706,0.0012838366845412934,34954.0,10.0
Random expectation,19131,P-131,0.00031445641919902734,0.001571383366664958,0.0031405216437633277,0.006272074475102585,0.015613150418051891,0.0009203975679358172,0.0014107267409355748,34981.0,11.0
Random expectation,19138,DP-042,0.00011297520194319954,0.0005647802869480634,0.0011293213075314057,0.0022576858199373495,0.005637043991336466,0.0003308330986235595,0.0005078633674037417,35406.0,4.0
Random expectation,19144,P-241,0.000601391792433903,0.00300351624133266,0.005998439720225512,0.011962601759461844,0.029651278375073087,0.001759024673956349,0.0026902176856438585,34919.0,21.0
Random expectation,19147,P-279,0.0002286955775993027,0.00114302031382163,0.0022848972807597567,0.00456522509501156,0.01137887003321858,0.0006695186000473306,0.0010268704519257497,34981.0,8.0
Random expectation,19153,HX-313,8.529027122305965e-05,0.00042640285991302207,0.0008526844896615815,0.001704884127609052,0.004258575310036483,0.0002497782061184993,0.0003835178539276362,35174.0,3.0
Random expectation,19159,K-057,0.00022699543171689207,0.001134526361947219,0.0022679263078269063,0.004531350785637378,0.011294689801724878,0.0006645437176972881,0.0010192518943976541,35243.0,8.0
Random expectation,19170,FM-140,8.47314014573719e-05,0.0004236091445510848,0.0008470986424018445,0.001693718765600205,0.004230709371914276,0.00024814174222036525,0.0003810062650129339,35406.0,3.0
Random expectation,19195,HP-137,0.00014111537593131107,0.0007054175802551077,0.0014104370131644561,0.0028192821111524546,0.007036279389635358,0.00041320982641013086,0.0006341829308056469,35432.0,5.0
Random expectation,19247,BLR-129,0.0001129783928823791,0.0005647962362366199,0.001129353192593996,0.002257749536026088,0.005637202876742964,0.0003308424409600033,0.0005078776995146018,35405.0,4.0
Random expectation,19279,AG-102,0.00011314137014195591,0.0005656108461534748,0.0011309817216508256,0.002261003832203179,0.005645317926085913,0.00033131960076919953,0.0005086097113369138,35354.0,4.0
Random expectation,19380,P-195,0.0005158332139274524,0.002576654135079348,0.0051470370671986565,0.010269046761381961,0.025486054842523198,0.0015090838731313656,0.0023094698500401418,34895.0,18.0
Random expectation,19390,TK-114,0.00025673940949932916,0.0012831112355639052,0.002564758818485169,0.005123668869572051,0.012765423057075842,0.0007515674482417132,0.0011524639210231053,35055.0,9.0
Random expectation,19405,DP-079,0.00011291779584465811,0.0005644933537083396,0.001128747684123188,0.0022565395449933856,0.005634185584786455,0.0003306650267444508,0.0005076055276587425,35424.0,4.0
Random expectation,19553,UF-104,0.00022562540542070408,0.0011276816552111546,0.002254250445860806,0.004504053198743696,0.011226850485506645,0.0006605347888687529,0.001013112475898592,35457.0,8.0
Random expectation,19622,P-371,0.0002572825247991739,0.0012858243311614226,0.0025701788130044756,0.005134484109053927,0.012792276275129133,0.00075315646208136,0.001154896258687278,34981.0,9.0
Random expectation,19633,BLR-071,0.0001130326664405823,0.0005650675120335569,0.0011298955142604594,0.0022588332600397276,0.0056399052996770616,0.0003310013414461854,0.0005081214692227604,35388.0,4.0
Random expectation,19654,FCC-053,8.464772438698809e-05,0.0004231908536866946,0.0008462622968625766,0.0016920470190781023,0.004226537085781024,0.00024789672154684425,0.00038063021440890943,35441.0,3.0
Random expectation,19688,GB-132,0.0001979749985858703,0.000989539081506896,0.001978238740688254,0.003953122165669898,0.009857687957902872,0.0005796250016021868,0.0008892042213194105,35358.0,7.0
Random expectation,19695,M-050,0.00033770473349470365,0.0016874785244418433,0.003372346396588788,0.006734264868212381,0.016757745581981065,0.0009883876654191118,0.0015146627554040234,35534.0,12.0
Random expectation,19726,M-093,0.0004563084645220483,0.002279591007986359,0.004554309569923309,0.00908916822386252,0.022577812819347565,0.0013351338766943192,0.00204418732018501,35064.0,16.0
Random expectation,19727,TK-351,8.561643835613975e-05,0.00042803332395069393,0.0008559444887870082,0.001711400410853714,0.004274838171480666,0.0002507332765310062,0.0003849836567267731,35040.0,3.0
Random expectation,19728,UF-128,0.00016934323050432631,0.0008464771966761875,0.0016923572060578707,0.0033823270111892345,0.008437938960388691,0.0004958320022809797,0.0007608241043382034,35431.0,6.0
Random expectation,19737,GS-098,8.468356574264924e-05,0.0004233700200048096,0.0008466205283603756,0.0016927630776064628,0.004228324200310829,0.000248001671131508,0.0003807912880188593,35426.0,3.0
Random expectation,19751,K-215,0.00022687955531608406,0.001133947440037253,0.0022667696133618076,0.004529041988260096,0.011288952127837093,0.0006642046446337774,0.0010187326300275577,35261.0,8.0
Random expectation,19772,M-079,0.00039922436409256523,0.001994642326648033,0.003985589714332716,0.007956424938959428,0.01978090721775394,0.0011682697568379025,0.0017894868940059633,35068.0,14.0
Random expectation,19822,P-237,0.00048635349316239473,0.002429542101184068,0.004853527949481795,0.009684878521253881,0.02404681436543843,0.0014229411770385104,0.0021781282465475308,34954.0,17.0
Random expectation,19836,HV-057,0.00016885236674735182,0.0008440242611154058,0.0016874547912425486,0.0033725359950960154,0.008413564788215755,0.0004943952558063981,0.0007586218890972288,35534.0,6.0
Random expectation,19878,FCC-055,8.464294783172566e-05,0.0004231669763011814,0.000846214555566771,0.0016919515903768279,0.004226298917975657,0.0002478827349797576,0.00038060874822275497,35443.0,3.0
Random expectation,20034,SD-053,0.00011284771201258703,0.0005641430532121738,0.001128047379714947,0.0022551401220115563,0.005630695911050143,0.0003304598373246102,0.0005072907455137581,35446.0,4.0
Random expectation,20060,P-515,0.00017194440464252114,0.0008594756704092266,0.0017183356705957609,0.003434210071629251,0.008567093856640673,0.0005034455293971885,0.0007724937299180752,34895.0,6.0
Random expectation,20065,F-026,0.00011326311020498636,0.0005662193397586446,0.0011321981922178814,0.00226343470764212,0.005651379639506904,0.00033167602739841675,0.0005091565052466357,35316.0,4.0
Random expectation,20098,TK-325,8.557247989049444e-05,0.0004278135817902262,0.0008555051298699823,0.0017105221945279414,0.0042726463898319356,0.00025060455905265365,0.00038478610671971485,35058.0,3.0
Random expectation,20122,TK-330,8.55553971196299e-05,0.00042772818742509155,0.0008553343898556331,0.0017101809093219567,0.004271794637151216,0.0002505545379391778,0.0003847093364586504,35065.0,3.0
Random expectation,20154,EX-044,0.0001128540796749844,0.0005641748807454494,0.0011281110078422696,0.002255267270553918,0.005631012975478189,0.00033047848038471805,0.0005073193459387335,35444.0,4.0
Random expectation,20174,GS-104,0.0001125809175345216,0.0005628095318757076,0.0011253814643918947,0.002249812798857831,0.005617411371249714,0.00032967872367778704,0.0005060924327182693,35530.0,4.0
Random expectation,20184,DOS-017,0.00014138272303121369,0.0007067537116054456,0.001413107766068178,0.002824617581611011,0.007049572877374621,0.00041399245044687735,0.000635383035380466,35365.0,5.0
Random expectation,20186,R-248,8.501955449757848e-05,0.0004250495836567447,0.0008499787054796482,0.0016994756319125282,0.004245077102713046,0.0002489855027560014,0.00038230124167294135,35286.0,3.0
Random expectation,20228,K-137,0.0003121098626716057,0.0015596639455802697,0.003117116166956202,0.006225396726519117,0.015497449973467248,0.0009135340220646285,0.001400229630298398,35244.0,11.0
Random expectation,20229,P-619,0.00020035491441983133,0.0010014305364208775,0.002002001352878424,0.004000566286111451,0.009975691708758894,0.0005865899562887928,0.0008998750756152111,34938.0,7.0
Random expectation,20262,M-121,0.00048482774355462777,0.0024219272909400402,0.004838333106339077,0.009654627497872936,0.023972217902634263,0.0014184821528505863,0.0021713265391924393,35064.0,17.0
Random expectation,20273,UF-126,8.464772438698809e-05,0.0004231908536866946,0.0008462622968625766,0.0016920470190781023,0.004226537085781024,0.00024789672154684425,0.00038063021440890943,35441.0,3.0
Random expectation,20283,HX-145,0.0001704593880508254,0.0008520548242006987,0.001703504564614211,0.0034045901691629465,0.008493360697707897,0.0004990989581567574,0.0007658315751045381,35199.0,6.0
Random expectation,20326,M-047,0.0003998629041471746,0.001997830291123104,0.003991953822025773,0.007969105990659142,0.019812258534775196,0.0011701366737212708,0.001792338394911524,35012.0,14.0
Random expectation,20356,P-181,0.00040043475773698933,0.0020006853114403755,0.00399765325996293,0.007980462564740609,0.019840334876230714,0.0011718086130433779,0.0017948920680600203,34962.0,14.0
Random expectation,20358,UF-130,5.6431816258029066e-05,0.00028214315809127477,0.0005642465081857617,0.0011283337843842611,0.0028196402210571847,0.0001652757389891063,0.0002538258771401228,35441.0,2.0
Random expectation,20414,HV-167,8.496898632004424e-05,0.00042479680007578846,0.0008494732815663708,0.0016984653569587227,0.004242555709435547,0.0002488374306890627,0.00038207398568179104,35307.0,3.0
Random expectation,20456,TK-138,0.00033770473349470365,0.0016874785244418433,0.003372346396588788,0.006734264868212381,0.016757745581981065,0.0009883876654191118,0.0015146627554040234,35534.0,12.0
Random expectation,20566,EX-069,8.46907376563788e-05,0.00042340587147482456,0.000846692211057376,0.0016929063620452212,0.004228681804587464,0.0002480226717128959,0.0003808235191012324,35423.0,3.0
Random expectation,20612,AG-142,8.48248367122384e-05,0.00042407621520812455,0.0008480325197075533,0.0016955854644012947,0.004235368204815959,0.00024841533643722225,0.0003814261690785168,35367.0,3.0
Random expectation,20620,P-106,0.0004295655660242481,0.0021461061738812237,0.0042879130122654985,0.008558660664306883,0.02126854862677552,0.0012569670527635543,0.0019249033245859921,34919.0,15.0
Random expectation,20631,FCC-081,8.464294783172566e-05,0.0004231669763011814,0.000846214555566771,0.0016919515903768279,0.004226298917975657,0.0002478827349797576,0.00038060874822275497,35443.0,3.0
Random expectation,20677,GB-043,0.00011317978609015622,0.0005658028606897458,0.0011313655877528417,0.002261770912801775,0.0056472307460743165,0.0003314320737600655,0.0005087822561776977,35342.0,4.0
Random expectation,20703,TK-243,2.8512773722622065e-05,0.00014256386861311032,0.00028512773722622065,0.0005702554744524413,0.0014256386861312142,8.351300906615687e-05,0.00012828482374342568,35072.0,1.0
Random expectation,20810,K-116,0.0003404834865509132,0.0017013550215680961,0.003400056275330021,0.0067895125289052505,0.01689458128506005,0.0009965143406545462,0.0015270867449357214,35244.0,12.0
Random expectation,20864,DOS-024,0.00011256824449823455,0.0005627461880935991,0.0011252548303115617,0.002249559744542662,0.0056167803374983505,0.0003296416198867336,0.0005060355113989744,35534.0,4.0
Random expectation,20928,RLP-027,5.647484045856466e-05,0.0002823582548044934,0.0005646766408883286,0.0011291938068932472,0.0028217884556073214,0.00016540173833145798,0.0002540193413332933,35414.0,2.0
Random expectation,20999,TK-055,0.0001712328767122795,0.000855920065331639,0.0017112295442553993,0.003420018136763625,0.00853176605463124,0.0005013629250393695,0.0007693016589396936,35040.0,6.0
Random expectation,21024,EV-227,8.46979107849144e-05,0.00042344172901720434,0.0008467639058939991,0.0016930496707427967,0.004229039469357043,0.00024804367585120967,0.00038085575564029766,35420.0,3.0
Random expectation,21080,TK-128,0.0004222497466501718,0.00210958521007254,0.004215016176016495,0.008413445752178172,0.020909820110819544,0.001235580329249097,0.0018922507900797573,35524.0,15.0
Random expectation,21082,R-125,0.0001700680272108679,0.0008500991304351002,0.0016995959517499548,0.0033967840326543097,0.008473928336872105,0.0004979534597141765,0.000764075805037756,35280.0,6.0
Random expectation,21084,P-253,0.00031478036915155716,0.0015730012639615376,0.0031437528125541903,0.006278518345176565,0.015629122298507325,0.0009213450977756477,0.0014121758666127556,34945.0,11.0
Random expectation,21124,P-276,0.00017165417405728967,0.000858025348399738,0.0017154371027970905,0.0034284212337803988,0.008552683852646625,0.000502596040651216,0.0007711916962190082,34954.0,6.0
Random expectation,21152,K-010,0.00022698899103390513,0.0011344941841116007,0.002267862016054778,0.004531222457363593,0.011294370889059824,0.0006645248712229808,0.0010192230324900906,35244.0,8.0
Random expectation,21172,EX-026,5.642703983743669e-05,0.0002821192786841564,0.0005641987561100237,0.0011282383071868907,0.0028194017302198837,0.00016526175091098757,0.0002538043993078175,35444.0,2.0
Random expectation,21181,EX-141,0.00016938147531264658,0.0008466683127774655,0.0016927391685470639,0.0033830898582285496,0.00843983801168946,0.0004959439438008068,0.0007609956853999975,35423.0,6.0
Random expectation,21209,DC-126,0.00014121102575692657,0.0007058956133653149,0.0014113925395469185,0.0028211910059379175,0.007041035469163237,0.0004134898289889046,0.000634612297544903,35408.0,5.0
Random expectation,21237,DP-103,8.468834688346583e-05,0.0004233939203103221,0.0008466683154764176,0.0016928585978707167,0.004228562596440999,0.0002480156711239306,0.00038081277480087744,35424.0,3.0
Random expectation,21258,M-063,0.0003993382394889,0.001995210859615182,0.003986724673479047,0.007958686451712937,0.01978649838829105,0.001168602697815157,0.0017899954249660517,35058.0,14.0
Random expectation,21316,M-101,0.0004565428294242002,0.002280760827922501,0.0045566442073596836,0.009093817548860628,0.02258928769850288,0.001335818907614495,0.002045232717343943,35046.0,16.0
Random expectation,21356,R-023,0.00014172335600903807,0.0007084561050779703,0.0014165106252088666,0.0028314155935866836,0.007066510208181387,0.0004149896082361905,0.0006369121082075786,35280.0,5.0
Random expectation,21415,P-645,0.00022910163521294713,0.0011450489756835713,0.0022889505421079814,0.00457331538912209,0.011398974471527934,0.0006707067803612927,0.001028690010939063,34919.0,8.0
Random expectation,21425,BLR-112,0.00014129083305070012,0.0007062944694843365,0.001412189801081043,0.002822783727335687,0.007045003783031967,0.0004137234545118913,0.0006349705475337614,35388.0,5.0
Random expectation,21465,P-715,5.724426126285653e-05,0.00028620492131792297,0.0005723688801452242,0.0011445739103280728,0.0028602059011043623,0.00016765503807779372,0.0002574791328275384,34938.0,2.0
Random expectation,21507,K-093,0.0003121098626716057,0.0015596639455802697,0.003117116166956202,0.006225396726519117,0.015497449973467248,0.0009135340220646285,0.001400229630298398,35244.0,11.0
Random expectation,21523,P-432,0.0002860248269549448,0.001429387990375619,0.0028569368828151864,0.0057065257862977115,0.01421137249038018,0.0008372372487103143,0.0012835436796573832,34962.0,10.0
Random expectation,21579,HV-048,0.00017010177756360267,0.0008502677865370734,0.0016999330249221067,0.0033974572236844525,0.008475604165828932,0.0004980522457967804,0.0007642272203847076,35273.0,6.0
Random expectation,21599,UF-096,5.6447743501442105e-05,0.00028222278531886413,0.0005644057401666958,0.0011286521584493725,0.0028204354819935107,0.00016532238302290414,0.0002538974961750996,35431.0,2.0
Random expectation,21607,RLP-238,8.469312856418387e-05,0.0004234178233141206,0.0008467161079871444,0.0016929541289153471,0.004228801019454997,0.00024802967269707527,0.0003808342640078865,35422.0,3.0
Random expectation,21633,BLR-131,0.00011304544426860019,0.0005651313795084212,0.0011300231950616135,0.002259088405139331,0.005640541540490096,0.0003310387519808915,0.0005081788608130395,35384.0,4.0
Random expectation,21664,K-144,0.00028359944414513283,0.0014172735066201314,0.0028327389591842334,0.005658253902457222,0.01409161827715888,0.0008301421654068333,0.0012726877222228802,35261.0,10.0
Random expectation,21722,F-035,0.00016995722743107233,0.0008495454454521267,0.0016984893661740053,0.0033945739963943122,0.008468426704640653,0.0004976291526030224,0.0007635787196394656,35303.0,6.0
Random expectation,21725,M-123,0.0005418044941256639,0.002706242719304086,0.005405546160847541,0.01078340240186526,0.026752168553311417,0.0015849637177535205,0.0024251115310177014,35068.0,19.0
Random expectation,21759,R-064,8.507742045260613e-05,0.0004253388478133724,0.0008505570697666665,0.0017006317045217267,0.004247962367288638,0.0002491549439044612,0.00038256129406159616,35262.0,3.0
Random expectation,21768,CF-067,0.00014071030562279319,0.0007033931419088146,0.001406390418594361,0.0028111980447145246,0.0070161375281294625,0.00041202403396303197,0.0006323645853919034,35534.0,5.0
Random expectation,21881,EX-113,8.466444657673211e-05,0.00042327444576018003,0.0008464294338277334,0.0016923811043210168,0.004227370884531512,0.00024794568696368506,0.00038070536513249353,35434.0,3.0
Random expectation,21923,GB-113,0.00016969285593071426,0.0008482243361368491,0.0016958490170564389,0.0033893007698619915,0.00845529954925428,0.0004968553458100643,0.0007623926556620675,35358.0,6.0
Random expectation,21935,P-543,0.0002572825247991739,0.0012858243311614226,0.0025701788130044756,0.005134484109053927,0.012792276275129133,0.00075315646208136,0.001154896258687278,34981.0,9.0
Random expectation,22024,CF-027,8.473858147617364e-05,0.0004236450365326938,0.0008471704060881713,0.0016938622118803925,0.004231067379765641,0.00024816276653167116,0.0003810385324994469,35403.0,3.0
Random expectation,22047,R-133,0.0001700680272108679,0.0008500991304351002,0.0016995959517499548,0.0033967840326543097,0.008473928336872105,0.0004979534597141765,0.000764075805037756,35280.0,6.0
Random expectation,22063,R-014,0.00014172335600903807,0.0007084561050779703,0.0014165106252088666,0.0028314155935866836,0.007066510208181387,0.0004149896082361905,0.0006369121082075786,35280.0,5.0
Random expectation,22080,GT-084,8.464533604202185e-05,0.00042317891465715185,0.0008462384255412125,0.0016919993033817082,0.004226417998523302,0.0002478897280660115,0.00038061948101316973,35442.0,3.0
Random expectation,22120,DC-011,0.00011297520194319954,0.0005647802869480634,0.0011293213075314057,0.0022576858199373495,0.005637043991336466,0.0003308330986235595,0.0005078633674037417,35406.0,4.0
Random expectation,22229,R-145,0.0002550586634926244,0.0012747151498184728,0.002547985740601888,0.005090198974273097,0.012682317998877646,0.0007466499999384645,0.0011449365629844863,35286.0,9.0
Random expectation,22262,TK-079,0.00019977168949769641,0.000998516411728656,0.0019961781000740197,0.003988939745408371,0.009946774666187319,0.0005848831227972369,0.0008972601043951715,35040.0,7.0
Random expectation,22295,K-076,0.0001702417432754011,0.0008509672181767902,0.0017013308964094476,0.0034002490028655075,0.008482553952747995,0.0004984619203169025,0.0007648551523661113,35244.0,6.0
Random expectation,22304,TK-020,0.000285184657065396,0.0014251914588497838,0.0028485546034722198,0.00568980428856436,0.01416989023000148,0.0008347794697556444,0.001279783152720358,35065.0,10.0
Random expectation,22307,TK-132,0.00045642561688774563,0.002280175767913506,0.004555476589522156,0.009091492291957493,0.022583548801369813,0.001335476304307989,0.0020447098851442765,35055.0,16.0
Random expectation,22312,CV-127,0.00019835085432551303,0.0009914170836101688,0.001981991555440654,0.0039606150508998406,0.009876324859279695,0.0005807249686738424,0.0008908894789767389,35291.0,7.0
Random expectation,22364,GS-017,8.468595624555597e-05,0.00042338196982016907,0.0008466444212440472,0.0016928108363909455,0.004228443395015491,0.0002480086709301458,0.0003808020311067702,35425.0,3.0
Random expectation,22369,K-051,0.00019868301544045952,0.0009930767589843015,0.001985308082489645,0.003967236822209785,0.00989279490642847,0.0005816970590672584,0.0008923788100530751,35232.0,7.0
Random expectation,22384,HX-195,5.681979601690479e-05,0.0002840828371799553,0.000568125317098156,0.0011360892051489602,0.002839012295019039,0.00016641196403137504,0.0002555704780629013,35199.0,2.0
Random expectation,22403,P-319,0.0005721642111286007,0.0028577125350177646,0.005707665766190195,0.011384374117208496,0.028230341979525453,0.001673654102654581,0.002560223321445459,34955.0,20.0
Random expectation,22457,DC-138,0.00011297520194319954,0.0005647802869480634,0.0011293213075314057,0.0022576858199373495,0.005637043991336466,0.0003308330986235595,0.0005078633674037417,35406.0,4.0
Random expectation,22472,R-133,0.00019837896049423875,0.0009915575188940151,0.0019822721872608806,0.003961175360565061,0.009877718498885746,0.0005808072231961838,0.0008910155006536855,35286.0,7.0
Random expectation,22510,EV-011,0.00014071030562279319,0.0007033931419088146,0.001406390418594361,0.0028111980447145246,0.0070161375281294625,0.00041202403396303197,0.0006323645853919034,35534.0,5.0
Random expectation,22574,BLR-127,0.00019771218754416342,0.0009882259174980312,0.0019756146392534424,0.003947882859695273,0.009844656231236426,0.0005788558664165063,0.0008880258256702681,35405.0,7.0
Random expectation,22580,P-310,0.0006007724216849919,0.0030004264733983765,0.005992277855565886,0.011950348427145818,0.029621167309453078,0.0017572155622671522,0.0026874629511046528,34955.0,21.0
Random expectation,22596,TK-309,0.00011415525114155667,0.0005706785228370981,0.0011411127553370148,0.002281248628217769,0.0056958005281730895,0.0003342880040568392,0.0005131635138556838,35040.0,4.0
Random expectation,22629,BLR-207,8.478408320145014e-05,0.0004238724937356553,0.000847625191950474,0.0016947712695412065,0.004233336170617608,0.00024829600328045025,0.0003812430202360022,35384.0,3.0
Random expectation,22639,HX-009,0.00022727918406773018,0.0011359439960533235,0.002270758759080116,0.004537004434700842,0.011308739810793389,0.0006653740222021612,0.0010205234386010777,35199.0,8.0
Random expectation,22652,TK-077,0.0003137926116103529,0.0015680681186629464,0.0031339006116587464,0.006258870193563415,0.015580421630691288,0.0009184559752407812,0.0014077573028581417,35055.0,11.0
Random expectation,22660,P-235,0.0008296381061364544,0.0041415498230764625,0.008266536308234262,0.016467074568493945,0.04067776463177042,0.0024252922924013305,0.0037027619137791033,34955.0,29.0
Random expectation,22687,K-228,0.00028359944414513283,0.0014172735066201314,0.0028327389591842334,0.005658253902457222,0.01409161827715888,0.0008301421654068333,0.0012726877222228802,35261.0,10.0
Random expectation,22726,M-018,0.0005703205201322836,0.0028485140761587147,0.0056893187232139875,0.011347878762159147,0.02814057882385601,0.0016682681166997797,0.002552018362071062,35068.0,20.0
Random expectation,22809,P-290,0.00022925920618999118,0.0011458361987415344,0.00229052340987701,0.004576454819409159,0.011406775920242307,0.0006711678541198597,0.001029396088735022,34895.0,8.0
Random expectation,22846,AG-062,8.488964346353711e-05,0.0004244001756406046,0.0008486802572849061,0.0016968802065616684,0.004238599565872803,0.00024860510150920604,0.0003817174144908573,35340.0,3.0
Random expectation,22887,P-176,0.000486158773736034,0.002428570285259557,0.004851588762059267,0.009681017866978503,0.02403729449814529,0.0014223721085600092,0.0021772602090389006,34968.0,17.0
Random expectation,22916,P-544,0.00020010863039932048,0.0010001999615542045,0.001999542314874758,0.003995656647963641,0.009963480716463136,0.0005858691957287578,0.000898770829682952,34981.0,7.0
Random expectation,22917,CT-101,0.00011293054771310818,0.0005645570914518672,0.0011288751056266477,0.0022567941721567397,0.00563482053569575,0.00033070236129136666,0.0005076628027519251,35420.0,4.0
Random expectation,23021,R-128,0.0001416992574958531,0.0007083356671477858,0.0014162698858859457,0.002830934660742468,0.007065311962620724,0.0004149190630834874,0.000636803932282798,35286.0,5.0
Random expectation,23116,HP-055,5.6447743501442105e-05,0.00028222278531886413,0.0005644057401666958,0.0011286521584493725,0.0028204354819935107,0.00016532238302290414,0.0002538974961750996,35431.0,2.0
Random expectation,23131,AG-090,0.00014147873574599235,0.0007072335579313416,0.001414066915807477,0.00282653371082231,0.007054346951016033,0.0004142735150468299,0.0006358140292450961,35341.0,5.0
Random expectation,23133,CT-045,0.0001129783928823791,0.0005647962362366199,0.001129353192593996,0.002257749536026088,0.005637202876742964,0.0003308424409600033,0.0005078776995146018,35405.0,4.0
Random expectation,23193,FM-040,0.00014116717016288138,0.000705676434457958,0.0014109544292941756,0.002820315775050708,0.007038854801509342,0.0004133614473832636,0.0006344154323086244,35419.0,5.0
Random expectation,23223,HX-121,0.0002841070515370303,0.001419808950804624,0.0028378033722373797,0.0056683568713913335,0.014116682649910506,0.0008316270987216896,0.001274959800714279,35198.0,10.0
Random expectation,23304,FM-192,8.46979107849144e-05,0.00042344172901720434,0.0008467639058939991,0.0016930496707427967,0.004229039469357043,0.00024804367585120967,0.00038085575564029766,35420.0,3.0
Random expectation,23364,DRY-026,0.00014115521427360278,0.000705616682012411,0.0014108349918801055,0.002820077169958468,0.007038260308372846,0.0004133264480527303,0.0006343617629857757,35422.0,5.0
Random expectation,23431,FM-103,0.0001694628029147438,0.0008470747211725138,0.0016935514115894446,0.0033847120512663365,0.008443876335263445,0.0004961819874360412,0.000761360552238235,35406.0,6.0
Random expectation,23440,P-402,0.00040070982883966266,0.002002058621610958,0.004000394774843485,0.007985925225200585,0.01985383980348232,0.0011726128421822772,0.001796120417665427,34938.0,14.0
Random expectation,23444,VP-083,8.470747684663493e-05,0.00042348954852222676,0.000846859517898424,0.0016932407867523702,0.004229516449842485,0.0002480716869035189,0.00038089874618296824,35416.0,3.0
Random expectation,23484,K-209,8.512087163770055e-05,0.0004255560544366155,0.000850991359773845,0.0017014997916831032,0.004250128890889715,0.0002492821761863269,0.0003827565656464802,35244.0,3.0
Random expectation,23504,P-543,0.0002288656844514625,0.001143870167178207,0.002286595286527082,0.004568614311515118,0.011387292286434869,0.0006700163562941157,0.0010276327085377611,34955.0,8.0
Random expectation,23510,VP-012,5.645571049506248e-05,0.00028226261578934153,0.0005644853898634228,0.0011288114128661375,0.002820833280709034,0.0001653457149140877,0.0002539333208506449,35426.0,2.0
Random expectation,23515,BM-199,5.6449336720332255e-05,0.00028223075051370117,0.0005644216683077241,0.0011286840057376235,0.0028205150327604844,0.00016532704887434882,0.000253904660301528,35430.0,2.0
Random expectation,23558,K-316,0.00011342691053450871,0.000567038062928793,0.0011338349425419336,0.002266705425409965,0.005659535585984976,0.00033215559647108964,0.0005098922107034748,35265.0,4.0
Random expectation,23562,M-121,0.00048482774355462777,0.0024219272909400402,0.004838333106339077,0.009654627497872936,0.023972217902634263,0.0014184821528505863,0.0021713265391924393,35064.0,17.0
Random expectation,23598,TK-127,0.0003377997973200708,0.0016879532551454801,0.0033732943888000744,0.006736154988247978,0.016762427146168934,0.0009886656884774163,0.001515087802613609,35524.0,12.0
Random expectation,23723,DOS-037,8.484642796535713e-05,0.00042418414705114316,0.0008482483223447579,0.0016960168255311103,0.00423644477759022,0.00024847855926383793,0.00038152320148864065,35358.0,3.0
Random expectation,23784,AG-080,0.00014137472785369365,0.0007067137538014912,0.0014130278956528963,0.0028244580214369375,0.00704917532956395,0.00041396904561086646,0.0006353471455986151,35367.0,5.0
Random expectation,23795,BM-130,0.000141171155909392,0.0007056963541886008,0.001410994246259456,0.00282039531905387,0.007039052988205841,0.00041337311514398774,0.0006344333241010178,35418.0,5.0
Random expectation,23821,P-634,0.0002579166069637262,0.0012889918389229482,0.0025765065774153717,0.00514711067699547,0.012823626357482354,0.0007550116165767839,0.0011577359607834027,34895.0,9.0
Random expectation,23829,VP-109,0.00016936713148529847,0.000846596634127228,0.001692595912410333,0.003382803750267671,0.008439125767288558,0.000495901959808136,0.00076093133343346,35426.0,6.0
Random expectation,23872,P-509,0.00030965853109254926,0.0015474211389902015,0.0030926651424153517,0.006176632768210011,0.015376570500662212,0.0009063639395758222,0.0013892633359290248,35523.0,11.0
Random expectation,23901,EX-061,5.646049177088219e-05,0.00028228651946882177,0.0005645331904735595,0.001128906987090783,0.0028210720138047707,0.00016535971721017443,0.00025395482050901433,35423.0,2.0
Random expectation,23912,CT-022,8.46979107849144e-05,0.00042344172901720434,0.0008467639058939991,0.0016930496707427967,0.004229039469357043,0.00024804367585120967,0.00038085575564029766,35420.0,3.0
Random expectation,23913,K-140,0.0003404834865509132,0.0017013550215680961,0.003400056275330021,0.0067895125289052505,0.01689458128506005,0.0009965143406545462,0.0015270867449357214,35244.0,12.0
Random expectation,23942,K-316,0.00011334334532886459,0.0005666203790203328,0.0011329999299336535,0.0022650368204233384,0.00565537471316746,0.00033191093711970604,0.0005095168797099162,35291.0,4.0
Random expectation,23964,AG-039,8.488964346353711e-05,0.0004244001756406046,0.0008486802572849061,0.0016968802065616684,0.004238599565872803,0.00024860510150920604,0.0003817174144908573,35340.0,3.0
Random expectation,23992,EV-146,0.00011297520194319954,0.0005647802869480634,0.0011293213075314057,0.0022576858199373495,0.005637043991336466,0.0003308330986235595,0.0005078633674037417,35406.0,4.0
Random expectation,24000,CT-041,0.0001129783928823791,0.0005647962362366199,0.001129353192593996,0.002257749536026088,0.005637202876742964,0.0003308424409600033,0.0005078776995146018,35405.0,4.0
Random expectation,24002,F-208,0.00011330481828741856,0.0005664278093010511,0.001132614954172606,0.00226426752333464,0.005653456373131083,0.0003317981389404174,0.0005093438363240919,35303.0,4.0
Random expectation,24006,M-120,0.0005065571002420555,0.002530363078732001,0.0050546782774151255,0.010085219433085824,0.025033102986157796,0.001481977673942926,0.002268138833242129,35534.0,18.0
Random expectation,24010,HV-060,0.00014175148130302073,0.0007085966677705668,0.0014167915912121076,0.002831976888473031,0.007067908675122192,0.0004150719412390084,0.0006370383599132863,35273.0,5.0
Random expectation,24023,DRY-066,0.00011292735947598942,0.0005645411556667312,0.0011288432475539123,0.002256730509978988,0.005634661784552408,0.0003306930268642822,0.0005076484827669323,35421.0,4.0
Random expectation,24036,M-100,0.0004562564161058047,0.0022793312109476993,0.00455379108645293,0.009088135686063037,0.022575264429137598,0.0013349817430036873,0.0020439551548192864,35068.0,16.0
Random expectation,24058,M-048,0.00042778918548935785,0.0021372384784530407,0.004270213080174501,0.00852340224037651,0.021181455513165748,0.0012517741299450263,0.001916975256893147,35064.0,15.0
Random expectation,24075,HX-114,0.00034091877610153976,0.0017035287514632902,0.0034043969491535098,0.006798166790443316,0.016916014943854862,0.0009977873690908046,0.001529032895693801,35199.0,12.0
Random expectation,24083,SC-032,8.472661545411153e-05,0.00042358521994156906,0.0008470508066984461,0.001693623148243506,0.004230470733669334,0.0002481277279918011,0.0003809847563912065,35408.0,3.0
Random expectation,24142,FCC-105,0.00011286363251605813,0.0005642226287794205,0.0011282064634926536,0.002255458020252621,0.005631488639077364,0.00033050644891930505,0.0005073622526234197,35441.0,4.0
Random expectation,24164,HX-382,8.443331175589375e-05,0.00042211903221867075,0.0008441192580685986,0.0016877633575466122,0.004215846042159188,0.00024726888464655396,0.0003796666271185924,35531.0,3.0
Random expectation,24248,TK-082,0.0003423192126658092,0.0017105221666997572,0.003418361888735344,0.006826009292870583,0.016984969596632427,0.0010018830068703713,0.0015352940487397516,35055.0,12.0
Random expectation,24270,R-202,8.501955449757848e-05,0.0004250495836567447,0.0008499787054796482,0.0016994756319125282,0.004245077102713046,0.0002489855027560014,0.00038230124167294135,35286.0,3.0
Random expectation,24380,K-193,5.6710239033641585e-05,0.0002835351144563347,0.0005670300271326534,0.0011338992471447984,0.0028335420644601816,0.00016609111908201017,0.0002550778416805752,35267.0,2.0
Random expectation,24439,P-704,0.00020046393081130098,0.001001975243906994,0.0020030898322755952,0.0040027395066219995,0.009981096803109546,0.0005869089971159466,0.0009003638630587347,34919.0,7.0
Random expectation,24452,P-536,0.00020018302447954994,0.001000571676747497,0.0020002851076525996,0.003997139685819273,0.009967169257938835,0.0005860869132154715,0.000899104385560562,34968.0,7.0
Random expectation,24471,M-020,0.00048554781217868825,0.0024255210616528355,0.0048455042483810384,0.009668904394785294,0.024007423923255056,0.0014205865671463136,0.002174536589739754,35012.0,17.0
Random expectation,24546,DOS-037,8.486803021301448e-05,0.00042429213384809206,0.0008484642348426386,0.0016964484061950946,0.004237521897802798,0.00024854181427963603,0.00038162028328018555,35349.0,3.0
Random expectation,24557,R-135,0.00019842394693581067,0.0009917822981212465,0.0019827213635081886,0.003962072185855425,0.009879949140519262,0.000580938878909496,0.0008912172095119315,35278.0,7.0
Random expectation,24594,GB-094,0.00011317978609015622,0.0005658028606897458,0.0011313655877528417,0.002261770912801775,0.0056472307460743165,0.0003314320737600655,0.0005087822561776977,35342.0,4.0
Random expectation,24598,P-365,0.0002860248269549448,0.001429387990375619,0.0028569368828151864,0.0057065257862977115,0.01421137249038018,0.0008372372487103143,0.0012835436796573832,34962.0,10.0
Random expectation,24621,BM-199,5.6468462363734595e-05,0.0002823263679324617,0.0005646128761489511,0.001129066313434346,0.0028214699921083053,0.00016538305964121385,0.00025399066136433515,35418.0,2.0
Random expectation,24641,GT-015,0.00011257458065971893,0.0005627778582021348,0.0011253181437889115,0.0022496862645836613,0.005617095836651154,0.00032966017073823736,0.000506063970458016,35532.0,4.0
Random expectation,24651,GS-158,8.468356574264924e-05,0.0004233700200048096,0.0008466205283603756,0.0016927630776064628,0.004228324200310829,0.000248001671131508,0.0003807912880188593,35426.0,3.0
Random expectation,24671,TK-314,8.445708172633015e-05,0.00042223785530726143,0.0008443568373452948,0.0016882382485559067,0.004217031264230231,0.00024733848721158336,0.0003797734513792271,35521.0,3.0
Random expectation,24673,BLR-145,0.00019699442787191046,0.0009846395470503033,0.001968447964291742,0.003933573747857411,0.009809064725183392,0.0005767552874787957,0.0008848074979857698,35534.0,7.0
Random expectation,24700,SEP-093,0.00014122698000229583,0.0007059753485466613,0.0014115519198297788,0.0028215094064136803,0.0070418287742541885,0.00041353653298295664,0.0006346839151991217,35404.0,5.0
Random expectation,24723,K-014,0.0002837442896461706,0.0014179969947509807,0.0028341840888971293,0.005661136788253307,0.014098770439986752,0.0008305658906775505,0.0012733360607536217,35243.0,10.0
Random expectation,24748,UF-228,5.640635135517602e-05,0.00028201584794462775,0.0005639919238118463,0.0011278247593131674,0.002818368735954313,0.00016520116325651388,0.00025371137068736155,35457.0,2.0
Random expectation,24796,P-196,0.0002863770440161284,0.0014311472617393184,0.0028604508953588015,0.0057135357217504845,0.01422876227692238,0.0008382675991773372,0.0012851201553617702,34919.0,10.0
Random expectation,24801,P-214,0.0006296868738908667,0.003144651601522108,0.00627986251199486,0.012522070172536592,0.031024909144902746,0.0018416598648582645,0.0028159909498145287,34938.0,22.0
Random expectation,24815,CR-091,5.636819706322793e-05,0.00028182509800012134,0.0005636104777103634,0.0011270620822608768,0.0028164636569543156,0.0001650894257600303,0.00025353980458866105,35481.0,2.0
Random expectation,24824,BLR-008,0.00019782952747005034,0.0009888122193706383,0.0019767862492389154,0.003950222108836221,0.009850474656939667,0.0005791992701497179,0.0008885519566550621,35384.0,7.0
Random expectation,24859,P-118,0.0004575611988103523,0.002285843952567812,0.004566788690157586,0.009114019709338894,0.022639147249416736,0.0013387955160323926,0.002049775154744746,34968.0,16.0
Random expectation,24869,TK-234,0.0001711107942392598,0.0008553100012061998,0.0017100102861576927,0.003417583098200949,0.00852570448097234,0.0005010055955431825,0.0007687539662394125,35065.0,6.0
Random expectation,24876,P-563,0.0001691188905801333,0.0008453561297292467,0.001690116653046858,0.003377852223349187,0.008426799270281338,0.0004951753650412552,0.0007598176260943411,35478.0,6.0
Random expectation,24917,HV-092,0.00016998130205680972,0.0008496657503902494,0.0016987298056607703,0.0033950541943909007,0.008469622103871255,0.0004976996182093866,0.0007636867266558309,35298.0,6.0
Random expectation,25023,HX-305,0.00016887137630172688,0.0008441192553942933,0.0016876446461354666,0.003372915170673396,0.008414508729615577,0.0004944508963701396,0.0007587071740587515,35530.0,6.0
Random expectation,25041,CT-101,0.00011296882060551905,0.0005647483910729001,0.0011292575428074603,0.002257558398548354,0.0056367262473913105,0.0003308144155334374,0.0005078347056085633,35408.0,4.0
Random expectation,25154,CV-209,0.00016999093381686592,0.0008497138819063554,0.001698826000517295,0.0033952463116319054,0.008470100358063837,0.0004977278100399937,0.0007637299380182168,35296.0,6.0
Random expectation,25188,M-029,0.0005133470225873182,0.0025642473287048606,0.005122283706074815,0.010219780219932861,0.02536467343677029,0.00150181896055552,0.00229839299142639,35064.0,18.0
Random expectation,25228,DRY-099,5.646208570941891e-05,0.00028229448826155856,0.0005645491258090551,0.0011289388487617513,0.0028211516004832404,0.00016536438516923332,0.00025396198787085,35422.0,2.0
Random expectation,25229,P-426,0.00034330834811469035,0.0017154616297051506,0.003428225299112908,0.006845674183974637,0.01703366999940592,0.0010047757613155812,0.0015397162353480878,34954.0,12.0
Random expectation,25234,SC-034,0.00011293373613030511,0.0005645730281369499,0.0011289069654978334,0.002256857837926729,0.00563497929578527,0.00033071169624542923,0.0005076771235448307,35419.0,4.0
Random expectation,25300,M-006,0.0002570547240945409,0.001284686368849819,0.002567905489066158,0.00512994784831966,0.01278101321566738,0.0007524899770320898,0.0011538760578797208,35012.0,9.0
Random expectation,25357,P-230,0.0006304628170225035,0.0031485219912082973,0.006287580036480223,0.012537412600868492,0.03106257847428695,0.0018439259899242675,0.0028194400581970746,34895.0,22.0
Random expectation,25363,M-124,0.0005065571002420555,0.002530363078732001,0.0050546782774151255,0.010085219433085824,0.025033102986157796,0.001481977673942926,0.002268138833242129,35534.0,18.0
Random expectation,25420,K-085,0.0002814760604610278,0.001406667383845206,0.002811553675303169,0.005615990998632969,0.01398676485322703,0.0008239304725820211,0.0012631831136750817,35527.0,10.0
Random expectation,25421,HX-245,0.0002251364889964691,0.0011252390010505486,0.0022493699537745604,0.004494311455095157,0.011202639943010073,0.000659104131041819,0.0010109214874389535,35534.0,8.0
Random expectation,25443,HV-114,0.00014163102285924545,0.0007079946486149291,0.001415588235298193,0.0028295729044935936,0.007061919139253581,0.0004147193153362192,0.000636497633285196,35303.0,5.0
Random expectation,25476,P-582,0.00017173278378845858,0.0008584181721378314,0.0017162221882698336,0.0034299891586404563,0.008556586857702553,0.0005028261270505521,0.0007715443561607619,34938.0,6.0
Random expectation,25485,AG-103,0.00014147873574599235,0.0007072335579313416,0.001414066915807477,0.00282653371082231,0.007054346951016033,0.0004142735150468299,0.0006358140292450961,35341.0,5.0
Random expectation,25488,F-059,5.665240914365377e-05,0.0002832459977863966,0.0005664518757434456,0.0011327432721679465,0.002830654585529002,0.0001659217603491324,0.0002548178022832041,35303.0,2.0
Random expectation,25493,P-492,0.00014304105278217794,0.0007150415873347082,0.0014296740885854087,0.0028577125350177646,0.007132028056020756,0.0004188469781273586,0.0006428270590509485,34955.0,5.0
Random expectation,25522,P-134,0.0003725462100587773,0.0018614502726865823,0.0037197016283736506,0.007426627741419223,0.018471154744767126,0.0010902707178129952,0.0016703552514253821,34895.0,13.0
Random expectation,25538,P-334,0.00048657622073389195,0.002430653700753682,0.004855746062737865,0.009689294469644838,0.024057703450887757,0.0014235920988409333,0.002179121137327294,34938.0,17.0
Random expectation,25559,P-213,0.0005719514985129681,0.0028566512822479906,0.005705549023051204,0.011380163591665493,0.028219986106763684,0.0016730327062925681,0.0025592767033576695,34968.0,20.0
Random expectation,25610,GT-114,8.464533604202185e-05,0.00042317891465715185,0.0008462384255412125,0.0016919993033817082,0.004226417998523302,0.0002478897280660115,0.00038061948101316973,35442.0,3.0
Random expectation,25617,K-104,0.00028373623879240917,0.001417956781588292,0.0028341037652319656,0.005660976550865171,0.014098372907149548,0.0008305423390370337,0.001273300024617351,35244.0,10.0
Random expectation,25693,P-220,0.0005435560005722095,0.0027149822542549273,0.0054229803357848105,0.010818091824916887,0.026837563131247855,0.0015900811095445862,0.002432910708511003,34955.0,19.0
Random expectation,25713,DOS-106,0.00016973606042602896,0.0008484402364217214,0.0016962805123026392,0.0033901625400972746,0.008457444843611883,0.0004969818040204308,0.0007625864866568202,35349.0,6.0
Random expectation,25725,M-017,0.0003713012681366701,0.001855234107533188,0.0037072906289715712,0.007401890865007088,0.01840994696439413,0.0010866303608882155,0.0016647926704961447,35012.0,13.0
Random expectation,25773,AG-141,0.0001980702300444781,0.0009900149155747107,0.0019791896012759658,0.003955020660080577,0.009862410061597826,0.0005799037030250162,0.0008896312200785557,35341.0,7.0
Random expectation,25805,K-136,0.00031190631468513974,0.0015586473599568107,0.003115085878167889,0.00622134765671567,0.01548741316751967,0.0009129386523202258,0.0013993190553273467,35267.0,11.0
Random expectation,25818,F-004,0.00011330481828741856,0.0005664278093010511,0.001132614954172606,0.00226426752333464,0.005653456373131083,0.0003317981389404174,0.0005093438363240919,35303.0,4.0
Random expectation,25838,CV-096,0.0001983227561196399,0.0009912766881003954,0.0019817110030673213,0.003960054899723731,0.009874931612869453,0.000580642737446143,0.0008907634929427592,35296.0,7.0
Random expectation,25856,TK-211,0.00011410640422193641,0.0005704343718594407,0.001140624662379519,0.0022802732779353407,0.005693368412556965,0.00033414499210232713,0.0005129441216409854,35055.0,4.0
Random expectation,25907,K-066,0.00034049314757544913,0.0017014032664067757,0.003400152614490337,0.006789704606438018,0.01689505699849103,0.000996542594883202,0.0015271299389062727,35243.0,12.0
Random expectation,26007,P-242,0.0006863417982154729,0.0034271973280375345,0.006843136769862701,0.013641383400157192,0.033769591530950716,0.002007085497527841,0.003067611376992094,34968.0,24.0
Random expectation,26028,P-214,0.0005721969501902846,0.002857875874665239,0.005707991558391856,0.011385022166922498,0.028231935865319135,0.0016737497430673683,0.002560369017154968,34953.0,20.0
Random expectation,26057,DC-104,8.442618337367591e-05,0.0004220833983321626,0.0008440480103543146,0.0016876209423375421,0.004215490605441463,0.00024724801151516956,0.0003796345915581212,35534.0,3.0
Random expectation,26078,P-188,0.0005147563486616047,0.0025712802835019533,0.005136315496984678,0.01024770779409534,0.025433481596513485,0.001505937169673329,0.002304672099885943,34968.0,18.0
Random expectation,26081,R-094,0.00017011624610152598,0.0008503400882113876,0.0017000775257848266,0.003397745815815645,0.00847632258116282,0.000498094594688872,0.0007642921310486365,35270.0,6.0
Random expectation,26086,P-394,0.0003432297923460226,0.0017150693450431742,0.0034274419636528553,0.006844112437928707,0.01702980236003926,0.0010045460232230466,0.0015393650343586468,34962.0,12.0
Random expectation,26172,GT-057,0.00011286044805602913,0.0005642067118700744,0.001128174643147739,0.0022553944334346987,0.00563133007561567,0.00033049712554845994,0.0005073479495888035,35442.0,4.0
Random expectation,26175,SEP-068,0.00016937669376693165,0.0008466444185455391,0.0016926914138073457,0.0033829944835311876,0.008439600583531881,0.0004959299483467292,0.0007609742335351314,35424.0,6.0
Random expectation,26185,TK-043,0.0003137031227720133,0.001567621184786372,0.003133008018219363,0.006257090094133444,0.015576009342496255,0.0009181942259553683,0.0014073569859560217,35065.0,11.0
Random expectation,26227,HV-138,0.00016998130205680972,0.0008496657503902494,0.0016987298056607703,0.0033950541943909007,0.008469622103871255,0.0004976996182093866,0.0007636867266558309,35298.0,6.0
Random expectation,26228,P-426,0.00034051247126920536,0.001701499764293013,0.0034003453091904223,0.006790088794108917,0.0168960085057257,0.000996599108147348,0.0015272163341783008,35241.0,12.0
Random expectation,26251,DOS-038,8.482963381872821e-05,0.0004241001953153578,0.0008480804663594244,0.0016956813034665341,0.00423560739592177,0.00024842938317372516,0.0003814477275707217,35365.0,3.0
Random expectation,26255,UF-058,0.00011286363251605813,0.0005642226287794205,0.0011282064634926536,0.002255458020252621,0.005631488639077364,0.00033050644891930505,0.0005073622526234197,35441.0,4.0
Random expectation,26267,DP-070,0.00011297520194319954,0.0005647802869480634,0.0011293213075314057,0.0022576858199373495,0.005637043991336466,0.0003308330986235595,0.0005078633674037417,35406.0,4.0
Random expectation,26304,DOS-094,0.00011310617842497095,0.0005654349472813402,0.001130630073150285,0.002260301131924658,0.00564356564574342,0.00033121656756616644,0.0005084516480096335,35365.0,4.0
Random expectation,26315,HX-100,0.00025327855012102773,0.0012658226244529613,0.0025302207757206263,0.005054749268834091,0.012594293042229143,0.0007414417885566921,0.001136963932748925,35534.0,9.0
Random expectation,26344,UF-228,5.6431816258029066e-05,0.00028214315809127477,0.0005642465081857617,0.0011283337843842611,0.0028196402210571847,0.0001652757389891063,0.0002538258771401228,35441.0,2.0
Random expectation,26393,TK-106,0.00037081407952532786,0.001852801500433876,0.0037024337428875898,0.00739221032691717,0.01838599331383528,0.0010852057584654425,0.001662615806143665,35058.0,13.0
Random expectation,26406,P-194,0.0005727540880322568,0.0028606555082900664,0.0057135357217505955,0.011396050311174855,0.028259059485543192,0.0016753773041045287,0.0025628483837834594,34919.0,20.0
Random expectation,26473,AG-216,5.6549891141455255e-05,0.00028273346580398595,0.0005654269568504677,0.0011306940146708078,0.002825535793948397,0.00016562152940748442,0.0002543568167760499,35367.0,2.0
Random expectation,26572,P-316,0.000601064743259494,0.003001884737922511,0.00599518604667626,0.011956131593388375,0.029635378799798495,0.0017580694010635352,0.0026887630946031324,34938.0,21.0
Random expectation,26573,CF-083,5.649238765081943e-05,0.00028244598085391814,0.0005648520682075553,0.0011295445624143197,0.002822664601032421,0.00016545312649172362,0.00025409824465500005,35403.0,2.0
Random expectation,26596,P-197,0.000394699746264493,0.0019720525780754228,0.003940493441042747,0.007866564439042212,0.019558729422016752,0.0011550408558638394,0.0017692805278250944,35470.0,14.0
Random expectation,26597,K-317,0.0001417836381681914,0.0007087573791615398,0.0014171128317276294,0.0028326186409026732,0.007069507600979352,0.0004151660761117461,0.0006371827088794966,35265.0,5.0
Random expectation,26629,DRY-126,0.00016938625712836775,0.0008466922083583128,0.0016927869259818484,0.003383185238304165,0.008440075453206575,0.0004959579400448277,0.000761017138474354,35422.0,6.0
Random expectation,26649,R-227,0.00011335940599666028,0.0005667006550530429,0.0011331604137508888,0.002265357515180977,0.005656174405800796,0.00033195795899960414,0.0005095890158276546,35286.0,4.0
Random expectation,26683,GT-071,5.643659348719687e-05,0.0002821670415410482,0.0005642942683452556,0.00112842927774226,0.0028198787522446533,0.00016528972943538213,0.0002538473586077967,35438.0,2.0
Random expectation,26691,DRY-139,0.0001407182258246209,0.0007034327250876604,0.0014064695403935845,0.002811356110190566,0.007016531358159717,0.000412047219376796,0.0006324001389948138,35532.0,5.0
Random expectation,26696,CF-007,5.6473245799826266e-05,0.0002823502824111923,0.0005646606983531477,0.0011291619308291256,0.0028217088329931528,0.0001653970682633566,0.0002540121707338584,35415.0,2.0
Random expectation,26705,BLR-034,8.476731372386581e-05,0.00042378866530268233,0.0008474575824667374,0.0016944362400619362,0.004232500017278484,0.00024824689941551877,0.00038116765711879223,35391.0,3.0
Random expectation,26709,SC-144,0.00011296882060551905,0.0005647483910729001,0.0011292575428074603,0.002257558398548354,0.0056367262473913105,0.0003308144155334374,0.0005078347056085633,35408.0,4.0
Random expectation,26756,K-294,8.507983324357316e-05,0.00042535090903106365,0.0008505811853601886,0.0017006799083476576,0.004248082671762687,0.00024916200895719223,0.0003825721372557486,35261.0,3.0
Random expectation,26766,GT-038,0.00014102781068425774,0.0007049799516505306,0.0014095622498440097,0.0028175345588119516,0.00703192529097707,0.0004129534903056142,0.000633789854706499,35454.0,5.0
Random expectation,26862,BM-048,8.443093549481695e-05,0.0004221071535881471,0.0008440955074942025,0.001687715883139762,0.004215727556593829,0.000247261926544515,0.00037965594799771257,35532.0,3.0
Random expectation,26892,RLP-117,0.00019765077930877784,0.0009879190843876673,0.0019750014928687776,0.003946658644067624,0.009841611226771185,0.0005786761507323212,0.0008877504818343302,35416.0,7.0
Random expectation,26910,VP-189,8.470747684663493e-05,0.00042348954852222676,0.000846859517898424,0.0016932407867523702,0.004229516449842485,0.0002480716869035189,0.00038089874618296824,35416.0,3.0
Random expectation,26936,P-119,0.0005658508982883115,0.002826214175440933,0.0056448391659569275,0.011259398782825114,0.027922935824463813,0.0016552107937194325,0.0025321260525142477,35345.0,20.0
Random expectation,26978,M-148,0.00042786239945236115,0.002137603963875634,0.004270942592474292,0.008524855447003543,0.021185045217437026,0.0012519881583639351,0.001917302019386251,35058.0,15.0
Random expectation,27005,TK-111,0.0003137031227720133,0.001567621184786372,0.003133008018219363,0.006257090094133444,0.015576009342496255,0.0009181942259553683,0.0014073569859560217,35065.0,11.0
Random expectation,27010,RLP-116,8.47026935456574e-05,0.00042346563741968435,0.0008468117091973149,0.0016931452233543975,0.004229277946151133,0.0002480576805866016,0.0003808772496985213,35418.0,3.0
Random expectation,27035,TK-345,8.557247989049444e-05,0.0004278135817902262,0.0008555051298699823,0.0017105221945279414,0.0042726463898319356,0.00025060455905265365,0.00038478610671971485,35058.0,3.0
Random expectation,27059,P-229,0.0005434471712144617,0.0027144392274137674,0.005421897075848059,0.010815936439327323,0.026832257365997814,0.001589763143046779,0.0024324261163913177,34962.0,19.0
Random expectation,27117,DOS-056,8.486803021301448e-05,0.00042429213384809206,0.0008484642348426386,0.0016964484061950946,0.004237521897802798,0.00024854181427963603,0.00038162028328018555,35349.0,3.0
Random expectation,27119,TK-331,0.00011407386282613619,0.0005702717205682273,0.0011402994989795356,0.0022796235076281146,0.005691748155722154,0.00033404971875996935,0.0005127979643531463,35065.0,4.0
Random expectation,27146,VP-116,0.0001129433024621429,0.0005646208435906575,0.0011290025559020922,0.0022570488567908997,0.005635455629734332,0.00033073970426993185,0.0005077200907717053,35416.0,4.0
Random expectation,27201,GB-018,0.00014071030562279319,0.0007033931419088146,0.001406390418594361,0.0028111980447145246,0.0070161375281294625,0.00041202403396303197,0.0006323645853919034,35534.0,5.0
Random expectation,27250,FM-027,8.46979107849144e-05,0.00042344172901720434,0.0008467639058939991,0.0016930496707427967,0.004229039469357043,0.00024804367585120967,0.00038085575564029766,35420.0,3.0
Random expectation,27266,CV-056,0.0001983227561196399,0.0009912766881003954,0.0019817110030673213,0.003960054899723731,0.009874931612869453,0.000580642737446143,0.0008907634929427592,35296.0,7.0
Random expectation,27283,K-153,8.506535855046238e-05,0.000425278551984265,0.0008504365123085389,0.0017003907263752893,0.004247360947113532,0.0002491196246498953,0.0003825070873093453,35267.0,3.0
Random expectation,27287,P-640,0.0002289770450512041,0.0011444265241487006,0.002287706886257679,0.00457083305987338,0.011392805888557733,0.0006703422126634053,0.0010281317192565528,34938.0,8.0
Random expectation,27289,CR-075,8.455229559478639e-05,0.0004227138173695799,0.0008453084933032207,0.0016901404880319548,0.004221778824156197,0.0002476172897554116,0.00038020135022754595,35481.0,3.0
Random expectation,27297,P-196,0.00031121799405853245,0.001555209654674261,0.003108220201054057,0.006207655161900583,0.015453471893284387,0.0009109253379935727,0.0013962398175252023,35345.0,11.0
Random expectation,27304,K-090,0.00033777127255329997,0.0016878108078903775,0.003373009935178861,0.006735587840841273,0.01676102240228805,0.0009885822651382705,0.0015149602634045463,35527.0,12.0
Random expectation,27321,M-034,0.0005133470225873182,0.0025642473287048606,0.005122283706074815,0.010219780219932861,0.02536467343677029,0.00150181896055552,0.00229839299142639,35064.0,18.0
Random expectation,27355,DC-116,0.00014121102575692657,0.0007058956133653149,0.0014113925395469185,0.0028211910059379175,0.007041035469163237,0.0004134898289889046,0.000634612297544903,35408.0,5.0
Random expectation,27364,P-132,0.0005149477900157073,0.002572235629706432,0.005138221547550947,0.010251501391503215,0.025442828076830404,0.0015064965807765776,0.0023055250343494795,34955.0,18.0
Random expectation,27408,P-715,5.721642111289338e-05,0.000286065736501695,0.0005720905503472373,0.001144017410069642,0.0028588158454849744,0.0001675735064291749,0.0002573539467758541,34955.0,2.0
Random expectation,27506,K-007,0.00017001501799329688,0.0008498342345573118,0.0016990665353286971,0.0033957266998720925,0.008471296229875414,0.0004977983035914142,0.0007638379878210479,35291.0,6.0
Random expectation,27518,CT-083,5.6484410302704013e-05,0.0002824060986201804,0.000564772315006512,0.0011293851010769629,0.0028222662856741687,0.00016542976427919565,0.00025406237343304186,35408.0,2.0
Random expectation,27552,K-119,0.00048226950354612885,0.0024091593623259966,0.004812855316049802,0.009603903442706785,0.023847129446877502,0.0014110055919404328,0.0021599216063757022,35250.0,17.0
Random expectation,27577,TK-046,0.0003421532846715758,0.001709693567415016,0.0034167072885437078,0.006822710463783466,0.016976799866028847,0.0010013977445433736,0.0015345522166895287,35072.0,12.0
Random expectation,27601,EV-135,0.0001690950596060503,0.0008452370420168887,0.001689878645431686,0.003377376878789029,0.008425615927574848,0.0004951056123528036,0.0007597107106306403,35483.0,6.0
Random expectation,27626,GB-135,0.00011312857062051318,0.0005655468702664423,0.0011308538241631139,0.002260748254282019,0.005644680607348351,0.0003312821267339804,0.0005085522223939958,35358.0,4.0
Random expectation,27662,CT-037,8.473379466178432e-05,0.0004236211078690877,0.0008471225622794787,0.0016937665783270939,0.004230828701132339,0.0002481487499283057,0.00038101702023453056,35405.0,3.0
Random expectation,27684,BM-023,8.467400508038736e-05,0.0004233222274880877,0.0008465249703097921,0.0016925720694134228,0.0042278474886817685,0.0002479736758877581,0.00038074832172815603,35430.0,3.0
Random expectation,27691,FCC-075,5.64095332110659e-05,0.00028203175542951264,0.0005640237342943166,0.0011278883623292435,0.0028185276088772415,0.00016521048154240415,0.00025372567834372126,35455.0,2.0
Random expectation,27732,TK-029,0.00028524159963494444,0.0014254758794508549,0.0028491227148081943,0.005690937596766865,0.014172701741560823,0.0008349460461691363,0.0012800380244914723,35058.0,10.0
Random expectation,27777,M-141,0.0003998629041471746,0.001997830291123104,0.003991953822025773,0.007969105990659142,0.019812258534775196,0.0011701366737212708,0.001792338394911524,35012.0,14.0
Random expectation,27797,M-085,0.00048491071937928343,0.002422341413200746,0.004839159462344145,0.009656272680027778,0.023976274865393332,0.0014187246516325753,0.002171696445874792,35058.0,17.0
Random expectation,27804,CV-036,5.6678096749473994e-05,0.00028337442125903056,0.0005667086862971571,0.0011332567477096989,0.0028319371826400763,0.00016599698823808345,0.00025493330986287407,35287.0,2.0
Random expectation,27945,CR-133,0.00014122698000229583,0.0007059753485466613,0.0014115519198297788,0.0028215094064136803,0.0070418287742541885,0.00041353653298295664,0.0006346839151991217,35404.0,5.0
Random expectation,27964,HX-100,0.00019886928605927778,0.0009940074774523744,0.001987167933874101,0.003970950189525424,0.009902030943640727,0.0005822421911631582,0.0008932139992551539,35199.0,7.0
Random expectation,27974,K-005,0.00028373623879240917,0.001417956781588292,0.0028341037652319656,0.005660976550865171,0.014098372907149548,0.0008305423390370337,0.001273300024617351,35244.0,10.0
Random expectation,27979,TK-131,0.00028538812785383616,0.0014262077682507535,0.002850584613602991,0.0056938538919929504,0.014179936468305954,0.0008353746909360587,0.0012806938754325507,35040.0,10.0
Random expectation,27984,BLR-119,0.00014072614691806873,0.0007034723127218312,0.0014065486710953534,0.002811514193442388,0.007016925232405491,0.0004120704074000855,0.0006324356965958277,35530.0,5.0
Random expectation,28031,F-063,0.00011319900384876291,0.000565898916855212,0.0011315576185361165,0.0022621546483171384,0.0056481876422446176,0.00033148833889624495,0.0005088685725071535,35336.0,4.0
Random expectation,28090,P-263,0.00031501474841777455,0.0015741718188362341,0.0031460905725496646,0.0062831804920268075,0.015640677882816312,0.0009220306390908943,0.0014132243102793754,34919.0,11.0
Random expectation,28138,P-334,0.0005149477900157073,0.002572235629706432,0.005138221547550947,0.010251501391503215,0.025442828076830404,0.0015064965807765776,0.0023055250343494795,34955.0,18.0
Random expectation,28142,M-063,0.0004565428294242002,0.002280760827922501,0.0045566442073596836,0.009093817548860628,0.02258928769850288,0.001335818907614495,0.002045232717343943,35046.0,16.0
Random expectation,28176,P-658,2.8609029009585285e-05,0.00014304514504792643,0.0002860902900956308,0.0005721805801910396,0.001430451450477599,8.379493774584464e-05,0.0001287178960442131,34954.0,1.0
Random expectation,28198,HV-104,0.00011340118504243879,0.0005669094792308815,0.001133577884524839,0.0022661917467036163,0.005658254665461326,0.0003320802782628691,0.0005097766653612362,35273.0,4.0
Random expectation,28282,K-008,0.00025519607565149816,0.001275401587525593,0.0025493570596887283,0.005092935396397991,0.01268911261857697,0.0007470520353574559,0.0011455519830569586,35267.0,9.0
Random expectation,28291,HV-010,8.496898632004424e-05,0.00042479680007578846,0.0008494732815663708,0.0016984653569587227,0.004242555709435547,0.0002488374306890627,0.00038207398568179104,35307.0,3.0
Random expectation,28297,DOS-137,0.00011315737361738964,0.0005656908363699253,0.0011311416341991398,0.0022613233858780335,0.005646114776915234,0.00033136645523708304,0.0005086815907960132,35349.0,4.0
Random expectation,28394,TK-025,0.0001712328767122795,0.000855920065331639,0.0017112295442553993,0.003420018136763625,0.00853176605463124,0.0005013629250393695,0.0007693016589396936,35040.0,6.0
Random expectation,28414,HV-051,0.00011332086803783614,0.0005665080307745152,0.0011327753289412934,0.002264588000272738,0.005654255523298457,0.00033184512886320943,0.0005094159234485976,35298.0,4.0
Random expectation,28420,P-251,0.00031470832260460657,0.0015726414433806513,0.0031430342005834833,0.006277085230052215,0.01562557016844035,0.0009211343670292389,0.0014118535814593213,34953.0,11.0
Random expectation,28436,DOS-027,0.00014138272303121369,0.0007067537116054456,0.001413107766068178,0.002824617581611011,0.007049572877374621,0.00041399245044687735,0.000635383035380466,35365.0,5.0
Random expectation,28467,TK-125,0.0003422899195618667,0.001710375884940718,0.003418069784028921,0.006825426914781496,0.016983527308168433,0.001001797338170833,0.0015351630850886768,35058.0,12.0
Random expectation,28490,P-459,8.584919158682869e-05,0.0004291968240427435,0.0008582708239035508,0.0017160504213873384,0.004286443261474759,0.0002514148152313037,0.0003860296512997327,34945.0,3.0
Random expectation,28525,HX-220,8.522969402535718e-05,0.0004261000427886463,0.0008520790275513557,0.0017036738917952654,0.004255554880615797,0.000249600826121228,0.0003832456178607402,35199.0,3.0
Random expectation,28692,UF-039,8.464772438698809e-05,0.0004231908536866946,0.0008462622968625766,0.0016920470190781023,0.004226537085781024,0.00024789672154684425,0.00038063021440890943,35441.0,3.0
Random expectation,28732,K-123,0.00042553191489358433,0.0021259700939196824,0.004247721157511042,0.008478597283675504,0.021070774897118394,0.0012451753532485626,0.0019069005734506476,35250.0,15.0
Random expectation,28734,SD-108,8.465727911499688e-05,0.0004232386165424762,0.0008463577956164814,0.0016922379087782602,0.004227013501930332,0.00024792469941663096,0.00038067315404614383,35437.0,3.0
Random expectation,28736,DRY-072,2.8231042854764965e-05,0.00014115521427382482,0.0002823104285473166,0.0005646208570945221,0.0014115521427360278,8.268782829790112e-05,0.0001270172587185767,35422.0,1.0
Random expectation,28757,P-310,0.0006007896092006249,0.0030005122144439733,0.005992448847526699,0.01195068845852465,0.02962200290218897,0.001757265765119852,0.00268753939532694,34954.0,21.0
Random expectation,28768,TK-165,0.0001426207998174167,0.0007129412828307258,0.0014254758794507438,0.0028493257100709046,0.00711113282027509,0.0004176167494769754,0.0006409406177658042,35058.0,5.0
Random expectation,28832,M-037,0.0003993382394889,0.001995210859615182,0.003986724673479047,0.007958686451712937,0.01978649838829105,0.001168602697815157,0.0017899954249660517,35058.0,14.0
Random expectation,28856,DRY-101,0.00011292417141883782,0.000564525220780987,0.001128811391278961,0.002256666851392475,0.005634503042352912,0.0003306836929641311,0.0005076341635897825,35422.0,4.0
Random expectation,28926,AG-092,0.00014137472785369365,0.0007067137538014912,0.0014130278956528963,0.0028244580214369375,0.00704917532956395,0.00041396904561086646,0.0006353471455986151,35367.0,5.0
Random expectation,28933,F-122,0.00022660963657483713,0.001132598917148897,0.0022640752425823196,0.004523663933045485,0.011275586865093556,0.0006634148181600411,0.0010175230682744876,35303.0,8.0
Random expectation,28953,R-237,0.0001417635384178828,0.0007086569260003062,0.001416912039336471,0.0028322175115546022,0.007068508187554001,0.00041510723681332054,0.0006370924831106267,35270.0,5.0
Random expectation,29007,K-146,0.000312216167120849,0.0015601948646801755,0.003118176499024017,0.006227511377660644,0.015502691733749407,0.0009138449581281923,0.0014007051834965423,35232.0,11.0
Random expectation,29045,P-518,0.00022887223207646024,0.0011439028790843908,0.0022866606448423976,0.004568744766496047,0.01138761646824149,0.0006700355155460244,0.0010276620487001701,34954.0,8.0
Random expectation,29082,P-171,0.00034346556757680613,0.001716246737634597,0.0034297930447023672,0.0068487998152667595,0.017041410550683755,0.0010052355528893083,0.0015404191182989875,34938.0,12.0
Random expectation,29124,CR-165,8.470747684663493e-05,0.00042348954852222676,0.000846859517898424,0.0016932407867523702,0.004229516449842485,0.0002480716869035189,0.00038089874618296824,35416.0,3.0
Random expectation,29154,UF-110,0.00016901884560127645,0.0008448561867077098,0.0016891174713274948,0.003375856674823874,0.008421831463250706,0.0004948825357474695,0.0007593687832510342,35499.0,6.0
Random expectation,29173,P-313,0.0005435871026807648,0.0027151374446894305,0.005423289918132679,0.010818707807162209,0.026839079449576975,0.00159017198047854,0.0024330491988686577,34953.0,19.0
Random expectation,29176,HX-321,8.528542187857813e-05,0.0004263786187050922,0.0008526360210302508,0.0017047872454729607,0.004258333517909829,0.0002497640064415289,0.00038349606081024306,35176.0,3.0
Random expectation,29381,P-535,0.00022893117756472847,0.0011441973704537922,0.002287249037857264,0.004569919196666272,0.011390534935315388,0.0006702079981335313,0.0010279261855739986,34945.0,8.0
Random expectation,29405,F-128,0.00022639800769752583,0.001131541611442799,0.0022619627262672193,0.004519447270130206,0.01126510776763523,0.0006627955567516043,0.001016574711436138,35336.0,8.0
Random expectation,29417,P-186,0.00045851841237998237,0.0022906218042186843,0.004576323889990075,0.009133008341374427,0.022686010469834095,0.0013415933586167943,0.002054044727105257,34895.0,16.0
Random expectation,29422,HP-071,2.8230245885496608e-05,0.000141151229427261,0.00028230245885441096,0.000564604917708933,0.0014115122942721658,8.268549400017655e-05,0.00012701367299013138,35423.0,1.0
Random expectation,29473,HX-005,0.00017057084375715625,0.0008526117860246929,0.0017046176968986693,0.0034068132709746957,0.008498894785464728,0.0004994251844824944,0.0007663315989822101,35176.0,6.0
Random expectation,29570,P-172,0.0003658467946192623,0.001827998838820899,0.0036529127086216695,0.00729350462674605,0.018141736143348353,0.0010706805993462379,0.001640419775280711,35534.0,13.0
Random expectation,29631,CR-007,5.6486005592160105e-05,0.00028241407416584874,0.0005647882638449842,0.001129416989742671,0.002822345939752169,0.00016543443619388201,0.0002540695468671763,35407.0,2.0
Random expectation,29657,BLR-026,0.00011304544426860019,0.0005651313795084212,0.0011300231950616135,0.002259088405139331,0.005640541540490096,0.0003310387519808915,0.0005081788608130395,35384.0,4.0
Random expectation,29741,CF-126,0.00011294968091712931,0.0005646527250597888,0.0011290662918322925,0.0022571762206654578,0.005635773230442065,0.00033075837892197535,0.0005077487396304364,35414.0,4.0
Random expectation,29746,HP-145,8.46907376563788e-05,0.00042340587147482456,0.000846692211057376,0.0016929063620452212,0.004228681804587464,0.0002480226717128959,0.0003808235191012324,35423.0,3.0
Random expectation,29760,M-139,0.0003994749757462168,0.001995893527130921,0.003988087477986402,0.007961401964596049,0.019793211966394053,0.0011690024775663427,0.001790606043762776,35046.0,14.0
Random expectation,29763,P-146,0.0003395105389729647,0.0016964963460120996,0.003390354060735956,0.006770168517217678,0.01684667182551236,0.000993668892628841,0.00152273670418993,35345.0,12.0
Random expectation,29803,CR-047,8.455229559478639e-05,0.0004227138173695799,0.0008453084933032207,0.0016901404880319548,0.004221778824156197,0.0002476172897554116,0.00038020135022754595,35481.0,3.0
Random expectation,29812,CV-138,0.0002548708654281917,0.0012737770105131219,0.002546111587634403,0.005086459158269885,0.01267303188118074,0.0007461005469145956,0.0011440954799513251,35312.0,9.0
Random expectation,29928,CR-082,0.00014121501398023373,0.0007059155454720578,0.001411432381243305,0.002821270599319692,0.007041233778678602,0.0004135015039983916,0.0006346302004431658,35407.0,5.0
Random expectation,29961,EV-085,8.472900838818465e-05,0.00042359718190843054,0.0008470747238746856,0.0016936709555722684,0.004230590049426497,0.00024813473490820824,0.0003809955103985098,35407.0,3.0
Random expectation,29972,P-650,0.0001430451450478154,0.0007150620392978313,0.0014297149691079314,0.0028577942025075354,0.007132231524288657,0.0004188589576223719,0.0006428454284450943,34954.0,5.0
Random expectation,30025,GT-127,8.464533604202185e-05,0.00042317891465715185,0.0008462384255412125,0.0016919993033817082,0.004226417998523302,0.0002478897280660115,0.00038061948101316973,35442.0,3.0
Random expectation,30048,CV-087,0.00014159492523790895,0.0007078142422914935,0.0014152276270313902,0.002828852504959123,0.007060124257502243,0.00041461364436971886,0.0006363355942517967,35312.0,5.0
Random expectation,30058,M-110,0.0002566442340595776,0.0012826357925780352,0.0025638090170708727,0.005121773598480539,0.01276071723783967,0.0007512889893247212,0.001152037676114009,35068.0,9.0
Random expectation,30087,TK-165,0.00014071030562279319,0.0007033931419088146,0.001406390418594361,0.0028111980447145246,0.0070161375281294625,0.00041202403396303197,0.0006323645853919034,35534.0,5.0
Random expectation,30144,GB-066,8.487763474329668e-05,0.00042434014563030864,0.0008485602312386931,0.0016966402903355604,0.00423800079372838,0.00024856993795875133,0.00038166344660378105,35345.0,3.0
Random expectation,30170,SEP-069,8.476491862563496e-05,0.0004237766925188069,0.0008474336436656849,0.001694388389520518,0.00423238059376474,0.0002482398861630875,0.0003811568933913801,35392.0,3.0
Random expectation,30180,TK-135,0.00039937241477683294,0.001995381482709613,0.0039870652872805445,0.007959365156253617,0.01978817635582908,0.0011687026171161136,0.001790148040618976,35055.0,14.0
Random expectation,30181,P-327,0.0005675207854487496,0.0028345456445043604,0.005661457290245031,0.011292456460676226,0.028004254332694156,0.0016600891473410751,0.0025395581798259284,35241.0,20.0
Random expectation,30257,K-112,0.0003119593885595462,0.001558912428422543,0.0031156152636974133,0.00622240342791569,0.015490030211178452,0.0009130938913380829,0.0013995564824281926,35261.0,11.0
Random expectation,30270,P-266,0.00028608210556424485,0.0014296740885852977,0.002857508342901549,0.005707665766190417,0.014214200488760764,0.0008374048075431473,0.0012838000516152883,34955.0,10.0
Random expectation,30311,HX-090,0.00022616759018434518,0.0011303904361247286,0.002259662654509609,0.004514856230530051,0.01125369821650235,0.0006621213160296767,0.001015542154443045,35372.0,8.0
Random expectation,30341,CR-124,0.0001129433024621429,0.0005646208435906575,0.0011290025559020922,0.0022570488567908997,0.005635455629734332,0.00033073970426993185,0.0005077200907717053,35416.0,4.0
Random expectation,30387,R-235,0.0001700680272108679,0.0008500991304351002,0.0016995959517499548,0.0033967840326543097,0.008473928336872105,0.0004979534597141765,0.000764075805037756,35280.0,6.0
Random expectation,30388,TK-048,0.00025684931506853026,0.0012836602617940507,0.0025658556180327974,0.005125857464522876,0.01277085716306603,0.0007518890035961693,0.0011529561341748395,35040.0,9.0
Random expectation,30423,SC-038,5.6484410302704013e-05,0.0002824060986201804,0.000564772315006512,0.0011293851010769629,0.0028222662856741687,0.00016542976427919565,0.00025406237343304186,35408.0,2.0
Random expectation,30427,TK-080,0.0003139269406392531,0.0015687389975161947,0.0031352404558487867,0.006261542242611218,0.015587044751964929,0.0009188488791014622,0.0014083582054008074,35040.0,11.0
Random expectation,30499,AG-137,0.00019807583474817925,0.000990042920065659,0.001979245562718668,0.0039551323930114846,0.009862687973293482,0.000579920105573124,0.0008896563504240272,35340.0,7.0
Random expectation,30527,F-119,0.00016989466530747954,0.0008492328119937831,0.0016978645419302163,0.0033933261170953077,0.008465320245255481,0.0004974460353740567,0.0007632980443208139,35316.0,6.0
Random expectation,30555,HX-044,0.00016946758932356865,0.0008470986396993396,0.0016935992148675583,0.003384807522834654,0.008444114004061198,0.0004961959971193363,0.0007613820258895853,35405.0,6.0
Random expectation,30590,GT-140,8.464533604202185e-05,0.00042317891465715185,0.0008462384255412125,0.0016919993033817082,0.004226417998523302,0.0002478897280660115,0.00038061948101316973,35442.0,3.0
Random expectation,30610,R-099,0.00019699442787191046,0.0009846395470503033,0.001968447964291742,0.003933573747857411,0.009809064725183392,0.0005767552874787957,0.0008848074979857698,35534.0,7.0
Random expectation,30616,CV-132,0.00016991391028542413,0.000849328982393649,0.001698056746575194,0.0033937099822271,0.008466275836144566,0.0004975023647813409,0.0007633843839777357,35312.0,6.0
Random expectation,30668,P-166,0.00037183227504145044,0.0018578855010739082,0.003712584326467372,0.007412441987320606,0.01843605443105456,0.0010881830901386877,0.0016671653020400986,34962.0,13.0
Random expectation,30683,P-388,0.00022878059940512063,0.0011434450825886788,0.0022857459682950054,0.004566919074460385,0.011383079601953394,0.000669767385690395,0.0010272514388264616,34968.0,8.0
Random expectation,30684,DOS-041,0.00014138272303121369,0.0007067537116054456,0.001413107766068178,0.002824617581611011,0.007049572877374621,0.00041399245044687735,0.000635383035380466,35365.0,5.0
Random expectation,30694,M-101,0.00048477244211242443,0.0024216512880885777,0.004837782359108811,0.009653531021172945,0.023969514023412852,0.001418320533045851,0.00217108000473702,35068.0,17.0
Random expectation,30732,P-351,0.0002837603927243748,0.0014180774279194397,0.0028343447498871965,0.005661457290244476,0.014099565572918693,0.000830612997965926,0.0012734081391457457,35241.0,10.0
Random expectation,30744,HV-043,8.497861371559168e-05,0.00042484492614602853,0.0008495695064409947,0.0016986576976680823,0.0042430357438739685,0.00024886562131254045,0.00038211725170460336,35303.0,3.0
Random expectation,30746,BLR-087,8.474815672754321e-05,0.0004236929019708624,0.0008472661099196976,0.0016940535113882937,0.0042315448178303905,0.00024819080448927887,0.00038108156431761116,35399.0,3.0
Random expectation,30769,AG-056,8.485602760643918e-05,0.00042423213439635177,0.0008483442698870025,0.001696208612046557,0.004236923430074757,0.00024850666862875843,0.00038156634285283733,35354.0,3.0
Random expectation,30898,K-053,0.00028373623879240917,0.001417956781588292,0.0028341037652319656,0.005660976550865171,0.014098372907149548,0.0008305423390370337,0.001273300024617351,35244.0,10.0
Random expectation,30907,K-141,0.00025328567810201097,0.0012658582322702117,0.0025302919112074607,0.0050548912196889395,0.01259464552791889,0.0007414626435054713,0.0011369958574910743,35533.0,9.0
Random expectation,30980,FCC-017,0.00011256824449823455,0.0005627461880935991,0.0011252548303115617,0.002249559744542662,0.0056167803374983505,0.0003296416198867336,0.0005060355113989744,35534.0,4.0
Random expectation,31037,BLR-064,0.00014071030562279319,0.0007033931419088146,0.001406390418594361,0.0028111980447145246,0.0070161375281294625,0.00041202403396303197,0.0006323645853919034,35534.0,5.0
Random expectation,31065,RLP-068,0.00011292417141883782,0.000564525220780987,0.001128811391278961,0.002256666851392475,0.005634503042352912,0.0003306836929641311,0.0005076341635897825,35422.0,4.0
Random expectation,31114,K-065,0.00031192400396995446,0.0015587357060956597,0.0031152623200210172,0.006221699540639003,0.015488285417147085,0.0009129903927941012,0.0013993981887430674,35265.0,11.0
Random expectation,31155,K-028,0.00019851961090155967,0.0009922602925210855,0.001983676539253909,0.003963979288588826,0.00988469260069258,0.0005812188455742035,0.0008916461442126869,35261.0,7.0
Random expectation,31225,GB-094,0.00011317978609015622,0.0005658028606897458,0.0011313655877528417,0.002261770912801775,0.0056472307460743165,0.0003314320737600655,0.0005087822561776977,35342.0,4.0
Random expectation,31237,P-470,0.0001430492375475989,0.0007150824924306853,0.0014297558519680287,0.002857875874665128,0.007132435004165716,0.00041887093780265894,0.0006428637988891163,34953.0,5.0
Random expectation,31329,UF-134,0.00019699997185718132,0.0009846672482571872,0.0019685033199365876,0.0039336842722690335,0.00980933963856756,0.0005767715124023452,0.0008848323565447846,35533.0,7.0
Random expectation,31375,EV-125,8.443568815086344e-05,0.0004221309115181038,0.0008441430099795921,0.001687810834624659,0.004215964534384997,0.00024727584314021436,0.0003796773068402628,35530.0,3.0
Random expectation,31377,GT-054,8.461668641057685e-05,0.00042303569882873315,0.0008459520746959548,0.0016914269248676783,0.0042249894746956285,0.0002478058370636166,0.00038049072746501356,35454.0,3.0
Random expectation,31395,SD-079,0.00011287000197524044,0.000564254465292402,0.0011282701095677306,0.002255585204645305,0.0056318057927911,0.0003305250972391659,0.0005073908611121544,35439.0,4.0
Random expectation,31411,HV-101,0.000254935841146664,0.0012741015947356216,0.002546760020811112,0.0050877530879211985,0.01267624476725382,0.0007462906506545122,0.001144386484199465,35303.0,9.0
Random expectation,31453,FM-055,8.475533958640646e-05,0.0004237288081481161,0.0008473379019847682,0.0016941970143778962,0.004231902967094414,0.0002482118371155589,0.0003811138445601452,35396.0,3.0
Random expectation,31503,TK-021,0.000285184657065396,0.0014251914588497838,0.0028485546034722198,0.00568980428856436,0.01416989023000148,0.0008347794697556444,0.001279783152720358,35065.0,10.0
Random expectation,31554,AG-008,0.00011318619128464213,0.000565834875788096,0.0011314295907713934,0.0022618988101740234,0.005647549675437236,0.00033145082668308153,0.0005088110250337056,35340.0,4.0
Random expectation,31560,HX-036,0.00019899931771660828,0.0009946571923673542,0.0019884662559838118,0.003973542407584851,0.009908478386850716,0.0005826227363290607,0.0008937970259270445,35176.0,7.0
Random expectation,31567,K-166,5.6713455267254353e-05,0.00028355119380041316,0.0005670621812603471,0.0011339635371594436,0.002833702652692116,0.0001661005380383347,0.00025509230387634667,35265.0,2.0
Random expectation,31572,TK-059,0.00031364051094895373,0.0015673084826317574,0.0031323835052819993,0.006255844626886553,0.015572922227381936,0.0009180110902065171,0.00140707689956267,35072.0,11.0
Random expectation,31616,AG-038,0.00014142671267747264,0.0007069735603197902,0.0014135472147989159,0.0028254954849148417,0.007051760192103185,0.00041412122436599447,0.0006355805016812287,35354.0,5.0
Random expectation,31711,P-211,0.0006865970533542765,0.003428470248280413,0.006845674245450684,0.013646425049345878,0.03378194901280729,0.002007830761720318,0.0030687447185421086,34955.0,24.0
Random expectation,31742,CR-045,0.00014122698000229583,0.0007059753485466613,0.0014115519198297788,0.0028215094064136803,0.0070418287742541885,0.00041353653298295664,0.0006346839151991217,35404.0,5.0
Random expectation,31819,P-422,0.00034329852667713823,0.0017154125843089618,0.0034281273625996755,0.00684547892674181,0.017033186448417226,0.001004747038307536,0.0015396723264609394,34955.0,12.0
Random expectation,31840,K-147,0.00019848583661785657,0.0009920915360133176,0.0019833393133328325,0.003963305983903265,0.009883017918276726,0.0005811200030028343,0.0008914947083567742,35267.0,7.0
Random expectation,31881,BM-012,0.00011294649159965253,0.0005646367838750832,0.001129034422967523,0.0022571125369312828,0.005635614425613444,0.00033074904133235293,0.0005077344147969435,35415.0,4.0
Random expectation,31889,GT-044,8.464533604202185e-05,0.00042317891465715185,0.0008462384255412125,0.0016919993033817082,0.004226417998523302,0.0002478897280660115,0.00038061948101316973,35442.0,3.0
Random expectation,31942,FCC-129,0.00011256824449823455,0.0005627461880935991,0.0011252548303115617,0.002249559744542662,0.0056167803374983505,0.0003296416198867336,0.0005060355113989744,35534.0,4.0
Random expectation,32004,P-488,0.00019863227490701796,0.0009928232290877803,0.001984801454346874,0.003966225290688685,0.009890278976678268,0.0005815485637914507,0.0008921513021786138,35241.0,7.0
Random expectation,32026,GT-018,8.442618337367591e-05,0.0004220833983321626,0.0008440480103543146,0.0016876209423375421,0.004215490605441463,0.00024724801151516956,0.0003796345915581212,35534.0,3.0
Random expectation,32186,UF-143,0.00016921905406552806,0.0008458566647828736,0.001691117017578847,0.003379850132499196,0.008431772941482896,0.0004954685410830248,0.0007602669998497351,35457.0,6.0
Random expectation,32317,HV-007,0.00011330481828741856,0.0005664278093010511,0.001132614954172606,0.00226426752333464,0.005653456373131083,0.0003317981389404174,0.0005093438363240919,35303.0,4.0
Random expectation,32336,CV-109,0.0002265518803805655,0.001132310365142053,0.002263498710541101,0.004522513153937924,0.011272726996460092,0.0006632458139532579,0.001017264250063985,35312.0,8.0
Random expectation,32384,DC-047,8.470986869968389e-05,0.0004235015050861879,0.0008468834242734147,0.0016932885724967317,0.004229635711775814,0.0002480786906551333,0.00038090949533515383,35415.0,3.0
Random expectation,32390,M-069,0.00048477244211242443,0.0024216512880885777,0.004837782359108811,0.009653531021172945,0.023969514023412852,0.001418320533045851,0.00217108000473702,35068.0,17.0
Random expectation,32394,CF-060,8.473858147617364e-05,0.0004236450365326938,0.0008471704060881713,0.0016938622118803925,0.004231067379765641,0.00024816276653167116,0.0003810385324994469,35403.0,3.0
Random expectation,32404,AG-097,0.00014071030562279319,0.0007033931419088146,0.001406390418594361,0.0028111980447145246,0.0070161375281294625,0.00041202403396303197,0.0006323645853919034,35534.0,5.0
Random expectation,32420,K-052,0.00022668669065772917,0.001132983882005556,0.0022648444089846675,0.004525199216498743,0.011279402281256456,0.0006636402911267297,0.0010178683641580953,35291.0,8.0
Random expectation,32459,M-081,0.0005421446099411753,0.002707939808125892,0.0054089316318785,0.010790138643956837,0.02676875142111501,0.0015859574403291952,0.002426626032556339,35046.0,19.0
Random expectation,32467,GB-042,0.00019806462565785665,0.0009899869126679395,0.0019791336429976214,0.003954908933462398,0.009862132165563864,0.0005798873014047464,0.0008896060911527704,35342.0,7.0
Random expectation,32497,HP-118,8.442618337367591e-05,0.0004220833983321626,0.0008440480103543146,0.0016876209423375421,0.004215490605441463,0.00024724801151516956,0.0003796345915581212,35534.0,3.0
Random expectation,32540,DOS-127,0.000169664065150954,0.0008480804636472605,0.0016955614754966541,0.0033887264997302102,0.008453869957544158,0.0004967710760833042,0.000762263489730887,35364.0,6.0
Random expectation,32614,TK-055,0.00019962925994576608,0.0009978047514840327,0.0019947559975909135,0.003986100407252446,0.009939712717829341,0.000584466295797583,0.0008966214973953896,35065.0,7.0
Random expectation,32640,P-414,0.0003438888092850423,0.0017183602804669018,0.003434013474681308,0.006857214109626808,0.017062248183093542,0.0010064733304420352,0.001542311299983329,34895.0,12.0
Random expectation,32657,M-094,0.0004850767562631919,0.0024231700827286318,0.004840813021459889,0.009659564726965608,0.023984392911607477,0.0014192098980220743,0.002172436637472902,35046.0,17.0
Random expectation,32679,F-048,5.665240914365377e-05,0.0002832459977863966,0.0005664518757434456,0.0011327432721679465,0.002830654585529002,0.0001659217603491324,0.0002548178022832041,35303.0,2.0
Random expectation,32686,P-297,0.00022887223207646024,0.0011439028790843908,0.0022866606448423976,0.004568744766496047,0.01138761646824149,0.0006700355155460244,0.0010276620487001701,34954.0,8.0
Random expectation,32709,TK-061,0.0003137926116103529,0.0015680681186629464,0.0031339006116587464,0.006258870193563415,0.015580421630691288,0.0009184559752407812,0.0014077573028581417,35055.0,11.0
Random expectation,32722,CR-126,0.00014122698000229583,0.0007059753485466613,0.0014115519198297788,0.0028215094064136803,0.0070418287742541885,0.00041353653298295664,0.0006346839151991217,35404.0,5.0
Random expectation,32766,K-227,0.00025519607565149816,0.001275401587525593,0.0025493570596887283,0.005092935396397991,0.01268911261857697,0.0007470520353574559,0.0011455519830569586,35267.0,9.0
Random expectation,32831,FCC-115,5.641430666813996e-05,0.000282055620022037,0.0005640714567468619,0.0011279837803050974,0.002818765951848601,0.00016522446094242263,0.0002537471428542338,35452.0,2.0
Random expectation,32855,P-237,0.0004575611988103523,0.002285843952567812,0.004566788690157586,0.009114019709338894,0.022639147249416736,0.0013387955160323926,0.002049775154744746,34968.0,16.0
Random expectation,32971,EX-112,8.46907376563788e-05,0.00042340587147482456,0.000846692211057376,0.0016929063620452212,0.004228681804587464,0.0002480226717128959,0.0003808235191012324,35423.0,3.0
Random expectation,33039,CT-132,0.00011293054771310818,0.0005645570914518672,0.0011288751056266477,0.0022567941721567397,0.00563482053569575,0.00033070236129136666,0.0005076628027519251,35420.0,4.0
Random expectation,33049,TRB-112,8.463339633824063e-05,0.00042311922961257853,0.0008461190891334569,0.0016917607652630062,0.004225822662881962,0.0002478547665798619,0.0003805658231133242,35447.0,3.0
Random expectation,33111,TK-083,0.00028142061124558637,0.001406390418594583,0.002811000446156897,0.005614887341026553,0.013984026619931589,0.00082376826208427,0.0012629349091186502,35534.0,10.0
Random expectation,33124,CF-063,8.473858147617364e-05,0.0004236450365326938,0.0008471704060881713,0.0016938622118803925,0.004231067379765641,0.00024816276653167116,0.0003810385324994469,35403.0,3.0
Random expectation,33148,DP-036,8.443806467950399e-05,0.0004221427914861131,0.0008441667632275163,0.0016878583143737913,0.004216083033272033,0.0002472828020255294,0.0003796879871627739,35529.0,3.0
Random expectation,33157,P-482,0.00011455081760647357,0.0005726556766774138,0.0011450653672433475,0.002289147071842468,0.00571549584398412,0.00033544612596513745,0.0005149401644826238,34919.0,4.0
Random expectation,33291,CV-013,0.00014165911151409194,0.0007081350282366339,0.001415868835471068,0.002830133468962881,0.007063315789461733,0.00041480154111233865,0.0006366237207097987,35296.0,5.0
Random expectation,33359,R-073,0.00011337868480720825,0.0005667970163227842,0.001133353054354247,0.0022657424687813066,0.005657134335541714,0.0003320144028450901,0.0005096756061354421,35280.0,4.0
Random expectation,33389,CT-125,0.00011296882060551905,0.0005647483910729001,0.0011292575428074603,0.002257558398548354,0.0056367262473913105,0.0003308144155334374,0.0005078347056085633,35408.0,4.0
Random expectation,33433,K-129,0.0003969941868707805,0.0019835079215250184,0.003963362043311158,0.00791213373304811,0.01967140184804017,0.0011617492852646159,0.0017795274204386975,35265.0,14.0
Random expectation,33486,BLR-187,8.478408320145014e-05,0.0004238724937356553,0.000847625191950474,0.0016947712695412065,0.004233336170617608,0.00024829600328045025,0.0003812430202360022,35384.0,3.0
Random expectation,33501,P-104,0.0002862213063140606,0.0014303693755640667,0.002858897126778892,0.005710436185912604,0.014221073172840382,0.0008378120154952831,0.0012844230958122095,34938.0,10.0
Random expectation,33537,M-063,0.0003998629041471746,0.001997830291123104,0.003991953822025773,0.007969105990659142,0.019812258534775196,0.0011701366737212708,0.001792338394911524,35012.0,14.0
Random expectation,33546,EX-036,8.46907376563788e-05,0.00042340587147482456,0.000846692211057376,0.0016929063620452212,0.004228681804587464,0.0002480226717128959,0.0003808235191012324,35423.0,3.0
Random expectation,33547,P-109,0.00034330834811469035,0.0017154616297051506,0.003428225299112908,0.006845674183974637,0.01703366999940592,0.0010047757613155812,0.0015397162353480878,34954.0,12.0
Random expectation,33562,DC-134,0.00011296882060551905,0.0005647483910729001,0.0011292575428074603,0.002257558398548354,0.0056367262473913105,0.0003308144155334374,0.0005078347056085633,35408.0,4.0
Random expectation,33601,P-241,0.0006192996284202223,0.0030928391122424514,0.006176546088994206,0.012316666302562562,0.030520512711269432,0.0018113233602190168,0.002769814162058487,35524.0,22.0
Random expectation,33612,BLR-056,0.00014122299110297387,0.000705955413062731,0.0014115120713845686,0.002821429799557462,0.0070416304312233,0.0004135248559953618,0.0006346660092701905,35405.0,5.0
Random expectation,33764,HX-066,0.00019887493607595452,0.0009940357082766083,0.001987224347406058,0.003971062824327909,0.009902311092779392,0.0005822587262679208,0.0008932393324241369,35198.0,7.0
Random expectation,33774,K-038,0.0002838328792007516,0.0014184394901258779,0.0028350679498075904,0.005662899998407966,0.014103144781249632,0.000830825046907263,0.0012737325929177113,35232.0,10.0
Random expectation,33780,RLP-066,0.00014118710114641164,0.0007057760443587302,0.0014111535365959327,0.0028207135399418437,0.007039845846608994,0.0004134197927744365,0.0006345049013634189,35414.0,5.0
Random expectation,33787,CV-034,0.00019702215091899067,0.0009847780686729202,0.0019687247736529523,0.003934126432031615,0.009810439446217623,0.00057683642122616,0.0008849318047503784,35529.0,7.0
Random expectation,33808,P-337,0.0004292459579339214,0.002144510693952051,0.004284728442998653,0.008552317016863875,0.021252879273160663,0.0012560327401727979,0.001923476918540967,34945.0,15.0
Random expectation,33821,UF-027,8.467161525216316e-05,0.0004233102810448086,0.0008465010841673948,0.0016925243241001642,0.004227728327569458,0.0002479666780643538,0.0003807375816704587,35431.0,3.0
Random expectation,33842,K-130,0.0003119593885595462,0.001558912428422543,0.0031156152636974133,0.00622240342791569,0.015490030211178452,0.0009130938913380829,0.0013995564824281926,35261.0,11.0
Random expectation,33851,FCC-130,5.6428631887817104e-05,0.000282127238037555,0.0005642146725706176,0.0011282701311241539,0.0028194812226831623,0.00016526641334060237,0.0002538115581813798,35443.0,2.0
Random expectation,33862,M-015,0.000314177996115661,0.0015699928418508868,0.0031377445660421,0.006266536176662396,0.015599422989059586,0.0009195831997711359,0.001409481263780424,35012.0,11.0
Random expectation,33864,BLR-119,8.477449983046448e-05,0.00042382458771350606,0.0008475294069851813,0.0016945798079035512,0.004232858328260813,0.00024826794155066804,0.0003811999519489002,35388.0,3.0
Random expectation,33871,HV-022,8.505088878174583e-05,0.0004252062195508888,0.0008502918884623067,0.0017001016427301563,0.0042466394676556884,0.00024907725475991634,0.000382442059480473,35273.0,3.0
Random expectation,33881,GB-143,0.00014146272457205011,0.0007071535383003091,0.0014139069671076365,0.002826214175440822,0.00705355082309056,0.0004142266444473043,0.0006357421563344292,35345.0,5.0
Random expectation,33890,P-584,0.00014293473599957807,0.0007145102466330489,0.0014286120149755721,0.002855590817408382,0.007126741952811488,0.00041853575159559077,0.0006423498230148745,34981.0,5.0
Random expectation,33892,P-314,0.00040043475773698933,0.0020006853114403755,0.00399765325996293,0.007980462564740609,0.019840334876230714,0.0011718086130433779,0.0017948920680600203,34962.0,14.0
Random expectation,33920,DP-081,0.00011297520194319954,0.0005647802869480634,0.0011293213075314057,0.0022576858199373495,0.005637043991336466,0.0003308330986235595,0.0005078633674037417,35406.0,4.0
Random expectation,33929,TRB-106,0.00014071030562279319,0.0007033931419088146,0.001406390418594361,0.0028111980447145246,0.0070161375281294625,0.00041202403396303197,0.0006323645853919034,35534.0,5.0
Random expectation,33934,UF-055,5.629045876720529e-05,0.00028143645031142306,0.0005628332918113932,0.0011255081483759755,0.002812582106590744,0.00016486176372396735,0.0002531902432863432,35530.0,2.0
Random expectation,33942,AG-108,0.0001697792869269632,0.0008486562466415437,0.0016967122271857038,0.00339102474867381,0.008459591226854801,0.0004971083266187507,0.00076278041623596,35340.0,6.0
Random expectation,34019,R-014,0.00014172335600903807,0.0007084561050779703,0.0014165106252088666,0.0028314155935866836,0.007066510208181387,0.0004149896082361905,0.0006369121082075786,35280.0,5.0
Random expectation,34021,GT-143,8.465489023079531e-05,0.000423226674817756,0.000846333918907205,0.0016921901823152563,0.004226894387823865,0.0002479177043571491,0.0003806624182285915,35438.0,3.0
Random expectation,34047,BM-096,0.00011294649159965253,0.0005646367838750832,0.001129034422967523,0.0022571125369312828,0.005635614425613444,0.00033074904133235293,0.0005077344147969435,35415.0,4.0
Random expectation,34116,DRY-090,0.00011256824449823455,0.0005627461880935991,0.0011252548303115617,0.002249559744542662,0.0056167803374983505,0.0003296416198867336,0.0005060355113989744,35534.0,4.0
Random expectation,34189,R-079,0.00025327855012102773,0.0012658226244529613,0.0025302207757206263,0.005054749268834091,0.012594293042229143,0.0007414417885566921,0.001136963932748925,35534.0,9.0
Random expectation,34293,HX-312,8.523211546107579e-05,0.00042611214721544055,0.0008521032295266684,0.001703722268237673,0.004255675615527421,0.00024960791648387143,0.0003832564998826418,35198.0,3.0
Random expectation,34300,K-099,0.00028355119516831895,0.0014170325079425616,0.0028322575767175673,0.0056572935928945745,0.014089235835124891,0.0008300010197089658,0.0012724717560707018,35267.0,10.0
Random expectation,34309,GT-044,5.641112427368089e-05,0.00028203970984486126,0.0005640396408810311,0.0011279201665270744,0.0028186070520553885,0.00016521514107956366,0.00025373283277706156,35454.0,2.0
Random expectation,34372,M-007,0.0003709410489071141,0.0018534354783592555,0.0037036995293461272,0.007394733242672147,0.018392236080915336,0.001085577033634618,0.0016631831347710597,35046.0,13.0
Random expectation,34441,P-341,0.0006294166452093242,0.0031433037032676525,0.0062771748074939016,0.012516726992873317,0.03101179016444111,0.0018408706659605388,0.0028147897569697627,34953.0,22.0
Random expectation,34473,R-112,0.0002268731212069497,0.0011339152950319287,0.0022667053871526788,0.004528913790721845,0.01128863353909515,0.0006641858173865289,0.001018703797519858,35262.0,8.0
Random expectation,34487,HX-043,0.00022744072326152942,0.0011367510494272315,0.002272371260573114,0.004540223024875667,0.011316738353993605,0.0006658467111288669,0.0010212473213014768,35174.0,8.0
Random expectation,34530,K-045,0.0003404255319149341,0.0017010656099828436,0.003399478354993546,0.006788360291887674,0.016891727566939796,0.00099634484892187,0.0015268276324158394,35250.0,12.0
Random expectation,34566,HX-140,0.0003693391669981061,0.0018454370103687667,0.0036877299087151316,0.007362903006364108,0.018313472920243323,0.0010808929048899893,0.001656025457024902,35198.0,13.0
Random expectation,34605,HX-080,0.00028409898008463497,0.0014197686348066396,0.0028377228432957535,0.0056681962250233475,0.014116284106347798,0.0008316034868600636,0.0012749236726151269,35199.0,10.0
Random expectation,34641,BLR-028,8.442618337367591e-05,0.0004220833983321626,0.0008440480103543146,0.0016876209423375421,0.004215490605441463,0.00024724801151516956,0.0003796345915581212,35534.0,3.0
Random expectation,34645,CR-052,0.00011297201118420919,0.0005647643385601198,0.0011292894242691531,0.0022576221074448455,0.0056368851148858035,0.0003308237568147192,0.0005078490361017516,35407.0,4.0
Random expectation,34648,SEP-095,0.00011291779584465811,0.0005644933537083396,0.001128747684123188,0.0022565395449933856,0.005634185584786455,0.0003306650267444508,0.0005076055276587425,35424.0,4.0
Random expectation,34663,CV-118,0.00019835085432551303,0.0009914170836101688,0.001981991555440654,0.0039606150508998406,0.009876324859279695,0.0005807249686738424,0.0008908894789767389,35291.0,7.0
Random expectation,34706,CV-243,0.00016991391028542413,0.000849328982393649,0.001698056746575194,0.0033937099822271,0.008466275836144566,0.0004975023647813409,0.0007633843839777357,35312.0,6.0
Random expectation,34719,P-243,0.0006475042932350128,0.003233513393355536,0.006457024362940156,0.012874157103092365,0.03188855213222386,0.0018936873771274322,0.002895140585783312,35521.0,23.0
Random expectation,34727,P-120,0.00045786235512945694,0.002287347151052721,0.004569788640982231,0.009119993903770496,0.022653891470020726,0.0013396757681010177,0.0020511184460282506,34945.0,16.0
Random expectation,34741,BM-004,8.470986869968389e-05,0.0004235015050861879,0.0008468834242734147,0.0016932885724967317,0.004229635711775814,0.0002480786906551333,0.00038090949533515383,35415.0,3.0
Random expectation,34768,P-684,0.00017164926333856911,0.000858000808852899,0.0017153880588032244,0.0034283232860709,0.008552440033050668,0.0005025816672426,0.0007711696656766923,34955.0,6.0
Random expectation,34790,P-331,0.0005441163836307217,0.0027177783991781945,0.005428558231272307,0.010829190248279552,0.026864883100299886,0.001591718377004009,0.0024354059496129294,34919.0,19.0
Random expectation,34807,SEP-078,5.650994575046031e-05,0.00028253376143139164,0.0005650276045601199,0.0011298955359102525,0.002823541290699949,0.00016550454659317347,0.0002541771970097292,35392.0,2.0
Random expectation,34816,K-166,5.67375886524335e-05,0.00028367184703592674,0.000567303453505752,0.0011344459447472088,0.0028349076448832555,0.00016617121427700026,0.0002552008226396841,35250.0,2.0
Random expectation,34821,HX-143,0.00016885236674735182,0.0008440242611154058,0.0016874547912425486,0.0033725359950960154,0.008413564788215755,0.0004943952558063981,0.0007586218890972288,35534.0,6.0
Random expectation,34826,CV-020,0.0002266545784225249,0.0011328234481833288,0.002264523859480949,0.00452455938843177,0.01127781221077151,0.0006635463254343546,0.0010177244623970107,35296.0,8.0
Random expectation,34902,P-116,0.00045820327042589426,0.0022890488013489474,0.004573184639296346,0.00912675677898478,0.02267058199168115,0.0013406722305355514,0.0020526390708548335,34919.0,16.0
Random expectation,35040,R-112,0.00022671881199343158,0.001133144361276317,0.0022651650492505615,0.0045258392255496105,0.01128099280017103,0.0006637342834360904,0.001018012306619094,35286.0,8.0
Random expectation,35046,DRY-135,8.469551960699206e-05,0.0004234297758282102,0.0008467400062659447,0.0016930018984809836,0.004228920241044487,0.000248036674076502,0.00038084500952089134,35421.0,3.0
Random expectation,35047,P-293,0.0002251364889964691,0.0011252390010505486,0.0022493699537745604,0.004494311455095157,0.011202639943010073,0.000659104131041819,0.0010109214874389535,35534.0,8.0
Random expectation,35128,FM-132,0.00019699442787191046,0.0009846395470503033,0.001968447964291742,0.003933573747857411,0.009809064725183392,0.0005767552874787957,0.0008848074979857698,35534.0,7.0
Random expectation,35182,P-150,0.0006007896092006249,0.0030005122144439733,0.005992448847526699,0.01195068845852465,0.02962200290218897,0.001757265765119852,0.00268753939532694,34954.0,21.0
Random expectation,35223,HX-084,0.00022744072326152942,0.0011367510494272315,0.002272371260573114,0.004540223024875667,0.011316738353993605,0.0006658467111288669,0.0010212473213014768,35174.0,8.0
Random expectation,35242,K-105,0.0003121098626716057,0.0015596639455802697,0.003117116166956202,0.006225396726519117,0.015497449973467248,0.0009135340220646285,0.001400229630298398,35244.0,11.0
Random expectation,35249,P-646,0.00017025623563460268,0.0008510396388561325,0.0017014756350292037,0.003400538069498915,0.008483273546774028,0.0004985043389090531,0.000764920169746883,35241.0,6.0
Random expectation,35250,TK-019,0.00037100456621008693,0.0018537526300472784,0.0037043327471903975,0.007395995346448636,0.018395359054428573,0.0010857627665021609,0.001663466944300436,35040.0,13.0
Random expectation,35376,TK-116,0.00031364051094895373,0.0015673084826317574,0.0031323835052819993,0.006255844626886553,0.015572922227381936,0.0009180110902065171,0.00140707689956267,35072.0,11.0
Random expectation,35404,K-294,8.510638297876127e-05,0.0004254836275841001,0.0008508465471696036,0.001701210330842584,0.004249406470851591,0.0002492397509899772,0.00038269145297242443,35250.0,3.0
Random expectation,35603,P-305,0.0006591202177962385,0.0032914479623046278,0.006572531838723417,0.01310373186643099,0.032451815737391865,0.001927607591741196,0.00294674972596028,34895.0,23.0
Random expectation,35741,M-113,0.00048554781217868825,0.0024255210616528355,0.0048455042483810384,0.009668904394785294,0.024007423923255056,0.0014205865671463136,0.002174536589739754,35012.0,17.0
Random expectation,35766,P-673,0.00019863227490701796,0.0009928232290877803,0.001984801454346874,0.003966225290688685,0.009890278976678268,0.0005815485637914507,0.0008921513021786138,35241.0,7.0
Random expectation,35816,FM-048,5.64652738566096e-05,0.00028231042719706334,0.0005645809991793316,0.001129002577500371,0.0028213107873128473,0.00016537372187802992,0.0002539763238082956,35420.0,2.0
Random expectation,35924,P-258,0.0003433967663470927,0.0017159031645074263,0.0034291069796084095,0.006847432000443687,0.01703802319405545,0.0010050343423071981,0.0015401115280602312,34945.0,12.0
Random expectation,35970,TK-079,0.0002566149635035986,0.0012824895733053454,0.00256351691199308,0.005121190720199564,0.01275926999137389,0.0007512033511654915,0.001151906587259804,35072.0,9.0
Random expectation,36028,SEP-128,0.00019775128538335185,0.000988421274186968,0.0019760050215748004,0.003948662301512806,0.009846594942593545,0.0005789702890737491,0.0008882011334218357,35398.0,7.0
Random expectation,36033,TK-102,0.0003421532846715758,0.001709693567415016,0.0034167072885437078,0.006822710463783466,0.016976799866028847,0.0010013977445433736,0.0015345522166895287,35072.0,12.0
Random expectation,36162,HX-039,0.00016946758932356865,0.0008470986396993396,0.0016935992148675583,0.003384807522834654,0.008444114004061198,0.0004961959971193363,0.0007613820258895853,35405.0,6.0
Random expectation,36163,TK-147,0.00031364051094895373,0.0015673084826317574,0.0031323835052819993,0.006255844626886553,0.015572922227381936,0.0009180110902065171,0.00140707689956267,35072.0,11.0
Random expectation,36180,P-186,0.0004291477126426857,0.0021440202542000186,0.004283749526963976,0.008550367016783356,0.021248062577363114,0.00125574553874793,0.001923038449581457,34953.0,15.0
Random expectation,36186,EV-083,8.472900838818465e-05,0.00042359718190843054,0.0008470747238746856,0.0016936709555722684,0.004230590049426497,0.00024813473490820824,0.0003809955103985098,35407.0,3.0
Random expectation,36194,DOS-145,8.484642796535713e-05,0.00042418414705114316,0.0008482483223447579,0.0016960168255311103,0.00423644477759022,0.00024847855926383793,0.00038152320148864065,35358.0,3.0
Random expectation,36223,P-308,0.0005437115467162856,0.002715758383883382,0.005424528601066458,0.010821172437776583,0.026845146436609846,0.001590535568101039,0.0024336033180036537,34945.0,19.0
Random expectation,36279,CV-186,8.499546690843296e-05,0.00042492917301306665,0.0008497379524377013,0.0016989943987525402,0.004243876065581298,0.00024891497027633886,0.00038219299082775215,35296.0,3.0
Random expectation,36310,TRB-099,8.464533604202185e-05,0.00042317891465715185,0.0008462384255412125,0.0016919993033817082,0.004226417998523302,0.0002478897280660115,0.00038061948101316973,35442.0,3.0
Random expectation,36354,M-141,0.00042778918548935785,0.0021372384784530407,0.004270213080174501,0.00852340224037651,0.021181455513165748,0.0012517741299450263,0.001916975256893147,35064.0,15.0
Random expectation,36449,DOS-031,0.00016969285593071426,0.0008482243361368491,0.0016958490170564389,0.0033893007698619915,0.00845529954925428,0.0004968553458100643,0.0007623926556620675,35358.0,6.0
Random expectation,36540,RLP-078,0.0001694053870913148,0.0008467878041710231,0.0016929779826706515,0.0033835668123931573,0.008441025352891596,0.0004960139329216815,0.0007611029628687285,35418.0,6.0
Random expectation,36594,SD-135,5.643818607670159e-05,0.0002821750035896242,0.0005643101901950942,0.0011284611124535715,0.0028199582716086358,0.00016529439344383515,0.0002538545199050405,35437.0,2.0
Random expectation,36633,HV-224,0.00011329198176002198,0.0005663636484782852,0.001132486687049905,0.0022640112070850815,0.005652817215625383,0.0003317605565826646,0.0005092861813122669,35307.0,4.0
Random expectation,36640,P-216,0.0007164350193437086,0.003577250722848202,0.007142214833256499,0.014235444880124848,0.035224436737118836,0.002094936097712753,0.003201150147166164,34895.0,25.0
Random expectation,36654,P-192,0.00028142061124558637,0.001406390418594583,0.002811000446156897,0.005614887341026553,0.013984026619931589,0.00082376826208427,0.0012629349091186502,35534.0,10.0
Random expectation,36687,HP-129,0.00014111935875360526,0.0007054374853745493,0.0014104768009320923,0.002819361596859249,0.007036477431330512,0.0004132214856128354,0.0006342008094862389,35431.0,5.0
Random expectation,36714,DRY-053,0.00011292417141883782,0.000564525220780987,0.001128811391278961,0.002256666851392475,0.005634503042352912,0.0003306836929641311,0.0005076341635897825,35422.0,4.0
Random expectation,36716,SC-106,0.00016945323090822306,0.0008470268881707321,0.0016934558131287414,0.0033845211242865547,0.008443401037803056,0.000496153970442628,0.0007613176085691239,35408.0,6.0
Random expectation,36728,P-545,0.0002860248269549448,0.001429387990375619,0.0028569368828151864,0.0057065257862977115,0.01421137249038018,0.0008372372487103143,0.0012835436796573832,34962.0,10.0
Random expectation,36749,F-119,0.00016885236674735182,0.0008440242611154058,0.0016874547912425486,0.0033725359950960154,0.008413564788215755,0.0004943952558063981,0.0007586218890972288,35534.0,6.0
Random expectation,36833,P-624,0.0002863770440161284,0.0014311472617393184,0.0028604508953588015,0.0057135357217504845,0.01422876227692238,0.0008382675991773372,0.0012851201553617702,34919.0,10.0
Random expectation,36905,TK-044,0.00028524159963494444,0.0014254758794508549,0.0028491227148081943,0.005690937596766865,0.014172701741560823,0.0008349460461691363,0.0012800380244914723,35058.0,10.0
Random expectation,36991,K-014,0.0002553191489361728,0.0012760163955960468,0.0025505852811930074,0.0050953862691642815,0.012695198189314638,0.0007474121184268329,0.0011461031831367604,35250.0,9.0
Random expectation,37121,TK-123,0.00042808219178080975,0.002138701170539048,0.004273132625673526,0.008529218041580244,0.021195821634016676,0.0012526306829810597,0.001918282975597838,35040.0,15.0
Random expectation,37128,P-358,0.00031457332418205475,0.0015719672232940018,0.003141687688240191,0.006274399901806449,0.015618914274554307,0.0009207395065883322,0.0014112496931161893,34968.0,11.0
Random expectation,37138,GT-047,5.643659348719687e-05,0.0002821670415410482,0.0005642942683452556,0.00112842927774226,0.0028198787522446533,0.00016528972943538213,0.0002538473586077967,35438.0,2.0
Random expectation,37139,CR-137,0.00011273639412645586,0.0005635866521097599,0.001126935048212263,0.002252917341017846,0.005625153057731924,0.00033013392392427024,0.0005067907595655126,35481.0,4.0
Random expectation,37153,HX-074,0.00022744072326152942,0.0011367510494272315,0.002272371260573114,0.004540223024875667,0.011316738353993605,0.0006658467111288669,0.0010212473213014768,35174.0,8.0
Random expectation,37155,CT-079,0.00014120304998588296,0.0007058557525284614,0.001411312862901748,0.0028210318326468142,0.007040638883641925,0.0004134664809476473,0.0006345764947784458,35410.0,5.0
Random expectation,37159,K-033,0.0001701596664870353,0.0008505570670307439,0.0017005111758093827,0.0033986118864537396,0.008478478558086033,0.0004982216845867853,0.000764486929216572,35261.0,6.0
Random expectation,37187,TK-097,0.00028526601055489653,0.0014255978087485133,0.0028493662604706094,0.005691423438499266,0.014173907016647225,0.0008350174564131217,0.001280147286329702,35055.0,10.0
Random expectation,37196,HX-075,0.00025587081366917896,0.0012787722131862855,0.002556090656790855,0.005106372019345273,0.012722475801594246,0.0007490261554878101,0.0011485738720948334,35174.0,9.0
Random expectation,37216,P-265,0.00011256824449823455,0.0005627461880935991,0.0011252548303115617,0.002249559744542662,0.0056167803374983505,0.0003296416198867336,0.0005060355113989744,35534.0,4.0
Random expectation,37254,K-299,8.500750899664844e-05,0.0004249893698060614,0.0008498583119082026,0.0016992349812604557,0.0042444764991841355,0.0002489502315203618,0.00038224710858629686,35291.0,3.0
Random expectation,37284,DP-083,0.00014071030562279319,0.0007033931419088146,0.001406390418594361,0.0028111980447145246,0.0070161375281294625,0.00041202403396303197,0.0006323645853919034,35534.0,5.0
Random expectation,37311,DRY-133,8.469312856418387e-05,0.0004234178233141206,0.0008467161079871444,0.0016929541289153471,0.004228801019454997,0.00024802967269707527,0.0003808342640078865,35422.0,3.0
Random expectation,37331,DRY-072,2.8231839868997355e-05,0.00014115919934498677,0.00028231839868997355,0.0005646367973799471,0.0014115919934502008,8.269016272742876e-05,0.00012702084464948549,35421.0,1.0
Random expectation,37446,EV-067,8.47314014573719e-05,0.0004236091445510848,0.0008470986424018445,0.001693718765600205,0.004230709371914276,0.00024814174222036525,0.0003810062650129339,35406.0,3.0
Random expectation,37488,P-309,0.0005433539235872864,0.0027139739486974346,0.005420968911720725,0.010814089649434755,0.026827711236576235,0.0015894907015313229,0.002432010905339096,34968.0,19.0
Random expectation,37504,K-025,0.0002837442896461706,0.0014179969947509807,0.0028341840888971293,0.005661136788253307,0.014098770439986752,0.0008305658906775505,0.0012733360607536217,35243.0,10.0
Random expectation,37510,R-128,0.00011343656060347485,0.0005670862968549795,0.0011339313693582431,0.002266898114967386,0.00566001608071276,0.00033218384960819586,0.0005099355537118504,35262.0,4.0
Random expectation,37550,CR-136,8.470747684663493e-05,0.00042348954852222676,0.000846859517898424,0.0016932407867523702,0.004229516449842485,0.0002480716869035189,0.00038089874618296824,35416.0,3.0
Random expectation,37570,CT-114,0.00016885236674735182,0.0008440242611154058,0.0016874547912425486,0.0033725359950960154,0.008413564788215755,0.0004943952558063981,0.0007586218890972288,35534.0,6.0
Random expectation,37683,EX-015,5.646049177088219e-05,0.00028228651946882177,0.0005645331904735595,0.001128906987090783,0.0028210720138047707,0.00016535971721017443,0.00025395482050901433,35423.0,2.0
Random expectation,37711,RLP-077,8.471226068784699e-05,0.00042351346232527565,0.0008469073319983256,0.0016933363609388241,0.004229754980435763,0.00024808569480222947,0.00038092024509404926,35414.0,3.0
Random expectation,37715,P-745,0.00011434778879959584,0.0005716408811758944,0.0011430366473476061,0.002285093114983927,0.005705387043934307,0.00033485170745881787,0.0005140282804825015,34981.0,4.0
Random expectation,37746,M-036,0.0003993382394889,0.001995210859615182,0.003986724673479047,0.007958686451712937,0.01978649838829105,0.001168602697815157,0.0017899954249660517,35058.0,14.0
Random expectation,37764,K-084,0.00025536261491321266,0.0012762335282220372,0.002551019053739112,0.005096251846365418,0.01269734743167339,0.0007475392894603993,0.0011462978510070607,35244.0,9.0
Random expectation,37787,HX-118,0.00022742779167617133,0.001136686442958501,0.0022722421761818268,0.004539965369620869,0.011316098054189538,0.0006658088713010104,0.0010211893728963352,35176.0,8.0
Random expectation,37819,HV-035,0.00014175148130302073,0.0007085966677705668,0.0014167915912121076,0.002831976888473031,0.007067908675122192,0.0004150719412390084,0.0006370383599132863,35273.0,5.0
Random expectation,37884,HP-134,5.646049177088219e-05,0.00028228651946882177,0.0005645331904735595,0.001128906987090783,0.0028210720138047707,0.00016535971721017443,0.00025395482050901433,35423.0,2.0
Random expectation,37923,CV-070,0.00014071030562279319,0.0007033931419088146,0.001406390418594361,0.0028111980447145246,0.0070161375281294625,0.00041202403396303197,0.0006323645853919034,35534.0,5.0
Random expectation,37969,M-062,0.00042778918548935785,0.0021372384784530407,0.004270213080174501,0.00852340224037651,0.021181455513165748,0.0012517741299450263,0.001916975256893147,35064.0,15.0
Random expectation,38016,AG-021,8.48248367122384e-05,0.00042407621520812455,0.0008480325197075533,0.0016955854644012947,0.004235368204815959,0.00024841533643722225,0.0003814261690785168,35367.0,3.0
Random expectation,38083,TK-215,0.00019962925994576608,0.0009978047514840327,0.0019947559975909135,0.003986100407252446,0.009939712717829341,0.000584466295797583,0.0008966214973953896,35065.0,7.0
Random expectation,38092,GT-024,8.464533604202185e-05,0.00042317891465715185,0.0008462384255412125,0.0016919993033817082,0.004226417998523302,0.0002478897280660115,0.00038061948101316973,35442.0,3.0
Random expectation,38128,CT-103,0.00011256824449823455,0.0005627461880935991,0.0011252548303115617,0.002249559744542662,0.0056167803374983505,0.0003296416198867336,0.0005060355113989744,35534.0,4.0
Random expectation,38132,SD-078,8.442855936729998e-05,0.00042209527562575566,0.0008440717582558488,0.0016876684114031093,0.004215609077687921,0.0002472549688340646,0.00037964526947757243,35533.0,3.0
Random expectation,38162,P-128,0.0003436524528194207,0.0017171799871903426,0.0034316566059594544,0.006852515211579702,0.017050611597319354,0.0010057821022360534,0.0015412546257589268,34919.0,12.0
Random expectation,38196,SD-031,0.00011287637215340318,0.0005642863053985092,0.0011283337628246182,0.002255712403383181,0.0056321229822291485,0.00033054374766355106,0.0005074194728273479,35437.0,4.0
Random expectation,38246,FM-217,8.46979107849144e-05,0.00042344172901720434,0.0008467639058939991,0.0016930496707427967,0.004229039469357043,0.00024804367585120967,0.00038085575564029766,35420.0,3.0
Random expectation,38289,P-162,0.0005435560005722095,0.0027149822542549273,0.0054229803357848105,0.010818091824916887,0.026837563131247855,0.0015900811095445862,0.002432910708511003,34955.0,19.0
Random expectation,38354,P-320,0.0006296868738908667,0.003144651601522108,0.00627986251199486,0.012522070172536592,0.031024909144902746,0.0018416598648582645,0.0028159909498145287,34938.0,22.0
Random expectation,38401,P-201,0.0004526807186306936,0.002261483176236867,0.004518171012535488,0.00901719861463679,0.022400176811533168,0.001324530156615986,0.002028004977073582,35345.0,16.0
Random expectation,38430,GT-043,0.00014072218625993393,0.0007034525183478024,0.0014065091046315814,0.0028114351495943657,0.007016728289755636,0.00041205881306222245,0.0006324179172955155,35531.0,5.0
Random expectation,38457,P-616,0.00037183227504145044,0.0018578855010739082,0.003712584326467372,0.007412441987320606,0.01843605443105456,0.0010881830901386877,0.0016671653020400986,34962.0,13.0
Random expectation,38484,UF-133,0.00016934323050432631,0.0008464771966761875,0.0016923572060578707,0.0033823270111892345,0.008437938960388691,0.0004958320022809797,0.0007608241043382034,35431.0,6.0
Random expectation,38497,HX-321,8.522969402535718e-05,0.0004261000427886463,0.0008520790275513557,0.0017036738917952654,0.004255554880615797,0.000249600826121228,0.0003832456178607402,35199.0,3.0
Random expectation,38507,TRB-041,5.642226422541974e-05,0.000282095403318694,0.0005641510121161541,0.001128142846146707,0.0028191632797240906,0.00016524776520042474,0.0002537829251099582,35447.0,2.0
Random expectation,38516,P-163,0.0004809732635450148,0.0024026899068014806,0.004799945710089126,0.009578201077987458,0.023783742470324776,0.0014072172444343069,0.002154142606418182,35345.0,17.0
Random expectation,38611,F-081,5.659950192438146e-05,0.00028298149165051356,0.0005659229383725428,0.0011316856970311484,0.002828012894723342,0.00016576681796850892,0.00025457989816223654,35336.0,2.0
Random expectation,38791,M-008,0.00028524159963494444,0.0014254758794508549,0.0028491227148081943,0.005690937596766865,0.014172701741560823,0.0008349460461691363,0.0012800380244914723,35058.0,10.0
Random expectation,38824,EV-079,0.00011270145384878472,0.0005634120097953721,0.0011265859112308263,0.0022522196573950826,0.005623413271233724,0.0003300316267273734,0.0005066338246124997,35492.0,4.0
Random expectation,38861,HX-018,0.0003127309944845891,0.0015627660775878738,0.003123311623468794,0.00623775247703362,0.015528076976338623,0.000915350804562929,0.0014030082517918344,35174.0,11.0
Random expectation,38908,CR-098,0.0001129433024621429,0.0005646208435906575,0.0011290025559020922,0.0022570488567908997,0.005635455629734332,0.00033073970426993185,0.0005077200907717053,35416.0,4.0
Random expectation,38945,BLR-241,8.474815672754321e-05,0.0004236929019708624,0.0008472661099196976,0.0016940535113882937,0.0042315448178303905,0.00024819080448927887,0.00038108156431761116,35399.0,3.0
Random expectation,38949,GB-072,0.00014141071327566923,0.0007068935995091508,0.0014133873836402744,0.0028251761842166268,0.007050964647899116,0.00041407438821829617,0.0006355086815541511,35358.0,5.0
Random expectation,38954,TK-112,0.00039937241477683294,0.001995381482709613,0.0039870652872805445,0.007959365156253617,0.01978817635582908,0.0011687026171161136,0.001790148040618976,35055.0,14.0
Random expectation,38981,HX-099,0.0001704642309222626,0.0008520790248007781,0.0017035529314397557,0.003404686765431597,0.00849360116035247,0.0004991131330477413,0.0007658533017042506,35198.0,6.0
Random expectation,39013,DRY-058,8.469312856418387e-05,0.0004234178233141206,0.0008467161079871444,0.0016929541289153471,0.004228801019454997,0.00024802967269707527,0.0003808342640078865,35422.0,3.0
Random expectation,39066,TRB-019,8.464533604202185e-05,0.00042317891465715185,0.0008462384255412125,0.0016919993033817082,0.004226417998523302,0.0002478897280660115,0.00038061948101316973,35442.0,3.0
Random expectation,39125,CV-123,0.0002550225269898343,0.0012745346311081596,0.002547625112323537,0.005089479351851334,0.012680531150284224,0.0007465442730541583,0.001144774720219571,35291.0,9.0
Random expectation,39133,P-342,0.0005145650495983478,0.002570325646678251,0.005134410860009986,0.010243917003287084,0.025424141980193604,0.0015053781738707853,0.002303819796281698,34981.0,18.0
Random expectation,39139,FCC-031,8.464772438698809e-05,0.0004231908536866946,0.0008462622968625766,0.0016920470190781023,0.004226537085781024,0.00024789672154684425,0.00038063021440890943,35441.0,3.0
Random expectation,39147,P-694,0.00011448852252560204,0.0005723443082786828,0.0011444428978911736,0.002287903202458752,0.005712394181244251,0.0003352637413072745,0.0005146603725270962,34938.0,4.0
Random expectation,39151,TK-042,0.0002281477256523834,0.0011402832435898347,0.0022794286098341,0.00455430960320935,0.011351744618225856,0.0006679155068211819,0.001024415486645547,35065.0,8.0
Random expectation,39237,P-265,0.00011350415708977213,0.0005674241642383837,0.0011346068165780654,0.0022682478597094713,0.00566338182962367,0.0003323817562278936,0.0005102391612163398,35241.0,4.0
Random expectation,39281,FM-052,0.00011293373613030511,0.0005645730281369499,0.0011289069654978334,0.002256857837926729,0.00563497929578527,0.00033071169624542923,0.0005076771235448307,35419.0,4.0
Random expectation,39335,P-252,0.00025759917568268786,0.0012874061367276202,0.002573338805271219,0.0051407896398562025,0.012807932132633981,0.000754082898342873,0.0011563143662867118,34938.0,9.0
Random expectation,39387,P-216,0.0006866363402282527,0.0034286661660949402,0.006846064793345041,0.01364720101846284,0.033783850966555784,0.002007945466876204,0.003068919153113969,34953.0,24.0
Random expectation,39391,P-141,0.0004579540901025192,0.002287805038741153,0.004570702451963005,0.009121813691735259,0.02265838265404685,0.0013399439007046633,0.002051527623341128,34938.0,16.0
Random expectation,39462,BM-124,0.00014112334180071961,0.0007054573916174256,0.0014105165909441553,0.0028194410870476805,0.007036675484173305,0.0004132331454735148,0.0006342186891749197,35430.0,5.0
Random expectation,39481,P-361,0.00031469931910510507,0.001572596477382282,0.003142944397186098,0.00627690613666132,0.01562512626570489,0.0009211080324636565,0.001411813306158042,34954.0,11.0
Random expectation,39484,DC-053,8.442618337367591e-05,0.0004220833983321626,0.0008440480103543146,0.0016876209423375421,0.004215490605441463,0.00024724801151516956,0.0003796345915581212,35534.0,3.0
Random expectation,39610,F-117,0.00014157888775623295,0.0007077340912116092,0.001415067415657001,0.0028285324451204907,0.007059326825110457,0.00041456669677900114,0.0006362636033832314,35316.0,5.0
Random expectation,39617,BM-136,8.470986869968389e-05,0.0004235015050861879,0.0008468834242734147,0.0016932885724967317,0.004229635711775814,0.0002480786906551333,0.00038090949533515383,35415.0,3.0
Random expectation,39618,P-519,0.0002861639719559106,0.0014300829990407937,0.0028583251111404806,0.005709295099205258,0.014218242439396511,0.0008376442936802489,0.0012841664749776197,34945.0,10.0
Random expectation,39639,AG-185,8.485602760643918e-05,0.00042423213439635177,0.0008483442698870025,0.001696208612046557,0.004236923430074757,0.00024850666862875843,0.00038156634285283733,35354.0,3.0
Random expectation,39706,P-112,0.0004573911551984944,0.0022849951922750966,0.00456509480742695,0.009110646451659266,0.022630822045689558,0.0013382984937516528,0.0020490166811509974,34981.0,16.0
Random expectation,39718,P-208,0.0008304934276468501,0.00414581273610104,0.008275028016879626,0.016483922305204124,0.040718881974803556,0.0024277878317599103,0.003706548689298225,34919.0,29.0
Random expectation,39763,TK-010,0.00022520620443089445,0.0011255873035672659,0.0022500658726906098,0.004495700551933934,0.011206092197011186,0.0006593081311845278,0.0010112339054109722,35523.0,8.0
Random expectation,39780,M-125,0.0003994749757462168,0.001995893527130921,0.003988087477986402,0.007961401964596049,0.019793211966394053,0.0011690024775663427,0.001790606043762776,35046.0,14.0
Random expectation,39792,K-225,0.00017013071710092476,0.0008504124021830872,0.001700222051216449,0.003398034456979504,0.008477041118296502,0.0004981369507833448,0.0007643570527400494,35267.0,6.0
Random expectation,39805,EV-026,0.00011256824449823455,0.0005627461880935991,0.0011252548303115617,0.002249559744542662,0.0056167803374983505,0.0003296416198867336,0.0005060355113989744,35534.0,4.0
Random expectation,39815,M-025,0.0003709410489071141,0.0018534354783592555,0.0037036995293461272,0.007394733242672147,0.018392236080915336,0.001085577033634618,0.0016631831347710597,35046.0,13.0
Random expectation,39841,M-086,0.00048491071937928343,0.002422341413200746,0.004839159462344145,0.009656272680027778,0.023976274865393332,0.0014187246516325753,0.002171696445874792,35058.0,17.0
Random expectation,39851,UF-051,8.467161525216316e-05,0.0004233102810448086,0.0008465010841673948,0.0016925243241001642,0.004227728327569458,0.0002479666780643538,0.0003807375816704587,35431.0,3.0
Random expectation,39855,TK-323,5.7036931413123604e-05,0.00028516839054393284,0.0005702961147836527,0.0011404295643511198,0.0028498539217564067,0.00016704785930362698,0.00025654685232968856,35065.0,2.0
Random expectation,39858,P-619,0.00025737817433080235,0.0012863021413586084,0.002571133340730114,0.005136388800390912,0.012797005403438977,0.0007534363073025689,0.001155324621921087,34968.0,9.0
Random expectation,39875,P-664,0.00011443611603823012,0.0005720823658164065,0.0011439192378451812,0.002286856781495872,0.005709784864581735,0.00033511030798430273,0.0005144249939683963,34954.0,4.0
Random expectation,39879,P-134,0.0004289636238846706,0.002143101284024951,0.004281915264490288,0.008546713162354447,0.021239037154653917,0.0012552073899311151,0.001922216858856231,34968.0,15.0
Random expectation,39945,R-005,0.00017007766880206,0.0008501473110650304,0.0016996922447296559,0.003396976345724778,0.008474407077519563,0.000497981680310264,0.0007641190604427172,35278.0,6.0
Random expectation,40073,VP-096,0.00011291142099023599,0.0005644614902330369,0.0011286839841576635,0.0022564122529569186,0.005633868162990052,0.00033064636263196903,0.0005075768949582574,35426.0,4.0
Random expectation,40082,CF-211,8.46907376563788e-05,0.00042340587147482456,0.000846692211057376,0.0016929063620452212,0.004228681804587464,0.0002480226717128959,0.0003808235191012324,35423.0,3.0
Random expectation,40107,CV-272,5.666364460565898e-05,0.00028330216873018177,0.0005665642017155248,0.0011329678604515836,0.002831215578782631,0.00016595466415895882,0.0002548683239673769,35296.0,2.0
Random expectation,40127,F-227,0.00014149875481095364,0.0007073336079402859,0.0014142669025793975,0.002826933231670492,0.007055342363683437,0.0004143321182144544,0.0006359038932395917,35336.0,5.0
Random expectation,40235,P-728,0.00020026320306687495,0.0010009722945271138,0.002001085655760737,0.00399873803518036,0.009971144588808656,0.0005863215592371326,0.0008994638765744259,34954.0,7.0
Random expectation,40283,M-147,0.0004562564161058047,0.0022793312109476993,0.00455379108645293,0.009088135686063037,0.022575264429137598,0.0013349817430036873,0.0020439551548192864,35068.0,16.0
Random expectation,40309,TK-140,0.0004562954513047668,0.0022795260531748296,0.004554179937987457,0.009088910067417855,0.02257717566786044,0.0013350958400210552,0.002044129273899178,35065.0,16.0
Random expectation,40314,AG-065,0.0001970110607638631,0.0009847226553472144,0.0019686140405669184,0.00393390533972604,0.009809889511567693,0.0005768039649881751,0.0008848820778534391,35531.0,7.0
Random expectation,40318,P-404,0.00037192801762364613,0.0018583635569481283,0.00371353879794889,0.00741434438468791,0.01844076164061481,0.001088463052788821,0.0016675930941191877,34953.0,13.0
Random expectation,40339,P-435,0.0005724426126281212,0.002859101517451501,0.005710436185912937,0.011389884892484714,0.028243895747716352,0.0016744673947279819,0.0025614622637665477,34938.0,20.0
Random expectation,40367,R-281,8.503883440103e-05,0.00042514596131615345,0.0008501714061601717,0.0016998608147678063,0.004246038421983234,0.0002490419575261897,0.00038238788651027863,35278.0,3.0
Random expectation,40379,K-136,0.00034049314757544913,0.0017014032664067757,0.003400152614490337,0.006789704606438018,0.01689505699849103,0.000996542594883202,0.0015271299389062727,35243.0,12.0
Random expectation,40387,AG-216,5.659309564232107e-05,0.0002829494638662,0.0005658588918685536,0.0011315576402817218,0.0028276930247900234,0.00016574805673562026,0.00025455109148183984,35340.0,2.0
Random expectation,40399,HX-138,0.00025568908207618257,0.0012778643813795565,0.0025542770567248407,0.005102753061091536,0.012713489974456649,0.000748494453394385,0.001147759970599532,35199.0,9.0
Random expectation,40489,DRY-068,8.469312856418387e-05,0.0004234178233141206,0.0008467161079871444,0.0016929541289153471,0.004228801019454997,0.00024802967269707527,0.0003808342640078865,35422.0,3.0
Random expectation,40501,F-109,0.00019818238441715597,0.0009905753065765355,0.0019803094317305536,0.003957256518832608,0.009867971272946474,0.0005802319303811665,0.0008901340968884773,35321.0,7.0
Random expectation,40519,CV-031,0.000255051435372855,0.001274679041985749,0.002547913606778862,0.005090055033509344,0.012681960588874275,0.0007466288521659556,0.0011449041907707167,35287.0,9.0
Random expectation,40523,CR-145,0.00014121501398023373,0.0007059155454720578,0.001411432381243305,0.002821270599319692,0.007041233778678602,0.0004135015039983916,0.0006346302004431658,35407.0,5.0
Random expectation,40534,P-414,0.00037183227504145044,0.0018578855010739082,0.003712584326467372,0.007412441987320606,0.01843605443105456,0.0010881830901386877,0.0016671653020400986,34962.0,13.0
Random expectation,40550,K-081,0.00039723073430941724,0.0019846889150096914,0.003965719677684443,0.007916831635816024,0.01968301724409871,0.001162440892964895,0.0017805838081623945,35244.0,14.0
Random expectation,40555,K-139,0.0003404255319149341,0.0017010656099828436,0.003399478354993546,0.006788360291887674,0.016891727566939796,0.00099634484892187,0.0015268276324158394,35250.0,12.0
Random expectation,40570,P-422,0.00031523140851119624,0.0015752538783738723,0.0031482515928993315,0.0062874901617776535,0.015651359752512528,0.0009226643525623581,0.001414193487152629,34895.0,11.0
Random expectation,40662,TK-021,0.0003421532846715758,0.001709693567415016,0.0034167072885437078,0.006822710463783466,0.016976799866028847,0.0010013977445433736,0.0015345522166895287,35072.0,12.0
Random expectation,40706,M-078,0.00047856318441574786,0.0023906612635167246,0.004775942700893543,0.009530411480614842,0.02366587794634767,0.0014001735688017939,0.0021433974239912523,35523.0,17.0
Random expectation,40730,K-221,5.676657584019473e-05,0.000283816766522893,0.0005675932513506954,0.0011350253759214723,0.0028363549889529605,0.0001662561051965061,0.00025533116709337914,35232.0,2.0
Random expectation,40771,P-220,0.0005727540880322568,0.0028606555082900664,0.0057135357217505955,0.011396050311174855,0.028259059485543192,0.0016753773041045287,0.0025628483837834594,34919.0,20.0
Random expectation,40781,RLP-036,8.47026935456574e-05,0.00042346563741968435,0.0008468117091973149,0.0016931452233543975,0.004229277946151133,0.0002480576805866016,0.0003808772496985213,35418.0,3.0
Random expectation,40795,SEP-129,0.00011298158400185887,0.0005648121864260114,0.0011293850794567017,0.0022578132557106168,0.005637361771105742,0.0003308517838240951,0.0005078920324344011,35404.0,4.0
Random expectation,40801,R-094,0.00017011624610152598,0.0008503400882113876,0.0017000775257848266,0.003397745815815645,0.00847632258116282,0.000498094594688872,0.0007642921310486365,35270.0,6.0
Random expectation,40819,TK-166,0.00014074595355384467,0.0007035713013041622,0.0014067465368117205,0.0028119094793629396,0.007017910111510428,0.00041212838887787575,0.0006325246080944923,35525.0,5.0
Random expectation,40857,K-325,0.00011349449551700808,0.0005673758728225176,0.0011345102748560043,0.002268054940633535,0.005662900763295786,0.00033235346941720375,0.0005101957665833305,35244.0,4.0
Random expectation,40910,TK-121,0.0003421532846715758,0.001709693567415016,0.0034167072885437078,0.006822710463783466,0.016976799866028847,0.0010013977445433736,0.0015345522166895287,35072.0,12.0
Random expectation,40911,GS-128,8.467400508038736e-05,0.0004233222274880877,0.0008465249703097921,0.0016925720694134228,0.0042278474886817685,0.0002479736758877581,0.00038074832172815603,35430.0,3.0
Random expectation,40917,R-108,0.00028344671201818716,0.0014165106252088666,0.0028312151424323417,0.005655214040001022,0.014084076639947374,0.0008296953686254924,0.0012720040807609422,35280.0,10.0
Random expectation,40974,GS-022,8.443331175589375e-05,0.00042211903221867075,0.0008441192580685986,0.0016877633575466122,0.004215846042159188,0.00024726888464655396,0.0003796666271185924,35531.0,3.0
Random expectation,40988,SEP-135,0.00011298158400185887,0.0005648121864260114,0.0011293850794567017,0.0022578132557106168,0.005637361771105742,0.0003308517838240951,0.0005078920324344011,35404.0,4.0
Random expectation,40998,F-074,5.6623538404965146e-05,0.00028310166044531737,0.0005661632419419194,0.0011321661680896433,0.0028292130517704184,0.00016583721043466758,0.0002546879813063027,35321.0,2.0
Random expectation,40999,P-707,0.00025538435345195953,0.001276342122248919,0.0025512359953450137,0.005096684745254931,0.01269842232576579,0.0007476028912070304,0.0011463952097428645,35241.0,9.0
Random expectation,41121,TK-232,0.00025673940949932916,0.0012831112355639052,0.002564758818485169,0.005123668869572051,0.012765423057075842,0.0007515674482417132,0.0011524639210231053,35055.0,9.0
Random expectation,41132,DOS-122,0.00019794140934281668,0.0009893712492596851,0.0019779033609327312,0.003952452543907192,0.00985602241249428,0.0005795267003425833,0.0008890536137227704,35364.0,7.0
Random expectation,41152,SC-132,0.00019699442787191046,0.0009846395470503033,0.001968447964291742,0.003933573747857411,0.009809064725183392,0.0005767552874787957,0.0008848074979857698,35534.0,7.0
Random expectation,41184,HX-019,0.00025568908207618257,0.0012778643813795565,0.0025542770567248407,0.005102753061091536,0.012713489974456649,0.000748494453394385,0.001147759970599532,35199.0,9.0
Random expectation,41270,TK-149,0.0001711107942392598,0.0008553100012061998,0.0017100102861576927,0.003417583098200949,0.00852570448097234,0.0005010055955431825,0.0007687539662394125,35065.0,6.0
Random expectation,41300,SC-139,8.472900838818465e-05,0.00042359718190843054,0.0008470747238746856,0.0016936709555722684,0.004230590049426497,0.00024813473490820824,0.0003809955103985098,35407.0,3.0
Random expectation,41307,FCC-139,8.464772438698809e-05,0.0004231908536866946,0.0008462622968625766,0.0016920470190781023,0.004226537085781024,0.00024789672154684425,0.00038063021440890943,35441.0,3.0
Random expectation,41356,CT-111,0.00014120304998588296,0.0007058557525284614,0.001411312862901748,0.0028210318326468142,0.007040638883641925,0.0004134664809476473,0.0006345764947784458,35410.0,5.0
Random expectation,41364,P-688,0.00011448852252560204,0.0005723443082786828,0.0011444428978911736,0.002287903202458752,0.005712394181244251,0.0003352637413072745,0.0005146603725270962,34938.0,4.0
Random expectation,41366,K-147,0.00019835085432551303,0.0009914170836101688,0.001981991555440654,0.0039606150508998406,0.009876324859279695,0.0005807249686738424,0.0008908894789767389,35291.0,7.0
Random expectation,41372,DC-008,5.6473245799826266e-05,0.0002823502824111923,0.0005646606983531477,0.0011291619308291256,0.0028217088329931528,0.0001653970682633566,0.0002540121707338584,35415.0,2.0
Random expectation,41377,CT-107,5.648121999435318e-05,0.0002823901488802072,0.0005647404200317396,0.0011293213291481141,0.002822106991005602,0.00016542042124139528,0.00025404802777991844,35410.0,2.0
Random expectation,41386,HX-074,0.00022728564122964645,0.0011359762561852227,0.0022708232151994467,0.00453713309068926,0.01130905953543171,0.0006653929168731702,0.0010205523742053352,35198.0,8.0
Random expectation,41401,GB-053,0.00014146272457205011,0.0007071535383003091,0.0014139069671076365,0.002826214175440822,0.00705355082309056,0.0004142266444473043,0.0006357421563344292,35345.0,5.0
Random expectation,41433,AG-076,5.6570685071033466e-05,0.00028283742369050735,0.0005656348432190317,0.0011311096697915746,0.0028265740496290492,0.00016568242585030403,0.00025445031941858683,35354.0,2.0
Random expectation,41435,CV-143,0.00028331822302807286,0.001415868835471179,0.002829933199317458,0.0056526566880896745,0.014077732045742364,0.0008293194915693384,0.0012714289520905364,35296.0,10.0
Random expectation,41490,TRB-029,0.00011288274305065737,0.0005643181490979643,0.0011283974232636496,0.002255839616467581,0.0056324402073980595,0.00033056240019281694,0.0005074480877695454,35435.0,4.0
Random expectation,41506,TK-110,0.0003137031227720133,0.001567621184786372,0.003133008018219363,0.006257090094133444,0.015576009342496255,0.0009181942259553683,0.0014073569859560217,35065.0,11.0
Random expectation,41620,K-070,0.00019849709343544575,0.0009921477818042312,0.001983451709232975,0.003963530393382819,0.009883576082695189,0.0005811529467910232,0.0008915451812596125,35265.0,7.0
Random expectation,41681,M-106,0.0003939888557438209,0.0019685033292857756,0.003933407933218391,0.007852445250811968,0.019523817537250854,0.0011529623575257935,0.0017661056261394524,35534.0,14.0
Random expectation,41711,TK-117,0.0003139269406392531,0.0015687389975161947,0.0031352404558487867,0.006261542242611218,0.015587044751964929,0.0009188488791014622,0.0014083582054008074,35040.0,11.0
Random expectation,41721,CV-069,0.0002265518803805655,0.001132310365142053,0.002263498710541101,0.004522513153937924,0.011272726996460092,0.0006632458139532579,0.001017264250063985,35312.0,8.0
Random expectation,41747,TK-162,0.00022819327970791115,0.0011405108320099444,0.0022798833323800505,0.004555217233455866,0.011354000129036868,0.0006680488046505912,0.0010246196186584594,35058.0,8.0
Random expectation,41770,CV-076,0.00011334334532886459,0.0005666203790203328,0.0011329999299336535,0.0022650368204233384,0.00565537471316746,0.00033191093711970604,0.0005095168797099162,35291.0,4.0
Random expectation,41793,UF-109,0.00014111935875360526,0.0007054374853745493,0.0014104768009320923,0.002819361596859249,0.007036477431330512,0.0004132214856128354,0.0006342008094862389,35431.0,5.0
Random expectation,41809,R-117,0.0002268731212069497,0.0011339152950319287,0.0022667053871526788,0.004528913790721845,0.01128863353909515,0.0006641858173865289,0.001018703797519858,35262.0,8.0
Random expectation,41946,K-178,5.676657584019473e-05,0.000283816766522893,0.0005675932513506954,0.0011350253759214723,0.0028363549889529605,0.0001662561051965061,0.00025533116709337914,35232.0,2.0
Random expectation,41979,EX-088,0.00011292098354176439,0.0005645092867948565,0.001128779536802238,0.002256603196397533,0.005634344309098149,0.0003306743595908689,0.000507619845220409,35423.0,4.0
Random expectation,41987,K-032,0.00034059945504083533,0.00170193414027342,0.003401212705690604,0.006791818176798636,0.01690029161488016,0.0009968534971757708,0.0015276052339037857,35232.0,12.0
Random expectation,41997,P-306,0.0005154786792290755,0.0025748849125892814,0.0051435072319404584,0.01026202141151944,0.025468746523301333,0.001508047890487518,0.0023078903049408694,34919.0,18.0
Random expectation,42004,P-612,0.00028142061124558637,0.001406390418594583,0.002811000446156897,0.005614887341026553,0.013984026619931589,0.00082376826208427,0.0012629349091186502,35534.0,10.0
Random expectation,42047,M-072,0.00048482774355462777,0.0024219272909400402,0.004838333106339077,0.009654627497872936,0.023972217902634263,0.0014184821528505863,0.0021713265391924393,35064.0,17.0
Random expectation,42049,P-311,0.00034331817011412635,0.0017155106779060958,0.003428323241222331,0.0068458694523464425,0.01703415357784943,0.0010048044859659,0.0015397601467397272,34953.0,12.0
Random expectation,42050,P-638,0.0002289770450512041,0.0011444265241487006,0.002287706886257679,0.00457083305987338,0.011392805888557733,0.0006703422126634053,0.0010281317192565528,34938.0,8.0
Random expectation,42092,M-021,0.00042774039009918496,0.0021369948909307768,0.004269726877077495,0.008522433711174227,0.021179063052725988,0.0012516314849814875,0.0019167574771014914,35068.0,15.0
Random expectation,42222,BM-013,5.6449336720332255e-05,0.00028223075051370117,0.0005644216683077241,0.0011286840057376235,0.0028205150327604844,0.00016532704887434882,0.000253904660301528,35430.0,2.0
Random expectation,42278,HX-093,0.00019887493607595452,0.0009940357082766083,0.001987224347406058,0.003971062824327909,0.009902311092779392,0.0005822587262679208,0.0008932393324241369,35198.0,7.0
Random expectation,42319,TK-080,0.0003139269406392531,0.0015687389975161947,0.0031352404558487867,0.006261542242611218,0.015587044751964929,0.0009188488791014622,0.0014083582054008074,35040.0,11.0
Random expectation,42344,CT-128,0.00014122299110297387,0.000705955413062731,0.0014115120713845686,0.002821429799557462,0.0070416304312233,0.0004135248559953618,0.0006346660092701905,35405.0,5.0
Random expectation,42364,DRY-043,0.00014071426561224065,0.0007034129329414052,0.0014064299783810297,0.002811277075230545,0.007016334437618066,0.0004120356263437508,0.0006323823616936376,35533.0,5.0
Random expectation,42365,HV-128,0.00022660963657483713,0.001132598917148897,0.0022640752425823196,0.004523663933045485,0.011275586865093556,0.0006634148181600411,0.0010175230682744876,35303.0,8.0
Random expectation,42369,P-230,0.0006008067976998044,0.0030005979603902055,0.005992619849246483,0.011951028509253891,0.029622838542064156,0.001757315970841179,0.0026876158438982507,34953.0,21.0
Random expectation,42375,K-005,0.00025544959128065425,0.0012766680152397347,0.002551887041606249,0.005097983883303514,0.01270164810024621,0.0007477937613994628,0.0011466873852034611,35232.0,9.0
Random expectation,42407,GT-025,2.8218296743598437e-05,0.00014109148371799218,0.0002821829674360954,0.0005643659348724128,0.001410914837180588,8.26504953430852e-05,0.00012695991134740743,35438.0,1.0
Random expectation,42491,M-070,0.0005628412224911727,0.0028111980447145246,0.005614887341026442,0.011199815655272838,0.027776357622728676,0.0016464183311827344,0.0025187303622126313,35534.0,20.0
Random expectation,42545,F-243,8.494733265373977e-05,0.0004246885562733116,0.000849256855275371,0.0016980327495809133,0.00424147602897984,0.00024877402513154816,0.00038197667294443587,35316.0,3.0
Random expectation,42634,BLR-096,0.00014129083305070012,0.0007062944694843365,0.001412189801081043,0.002822783727335687,0.007045003783031967,0.0004137234545118913,0.0006349705475337614,35388.0,5.0
Random expectation,42681,EX-119,0.00011256824449823455,0.0005627461880935991,0.0011252548303115617,0.002249559744542662,0.0056167803374983505,0.0003296416198867336,0.0005060355113989744,35534.0,4.0
Random expectation,42746,DP-213,8.47314014573719e-05,0.0004236091445510848,0.0008470986424018445,0.001693718765600205,0.004230709371914276,0.00024814174222036525,0.0003810062650129339,35406.0,3.0
Random expectation,42772,FM-071,0.00011293373613030511,0.0005645730281369499,0.0011289069654978334,0.002256857837926729,0.00563497929578527,0.00033071169624542923,0.0005076771235448307,35419.0,4.0
Random expectation,42800,CR-041,5.6486005592160105e-05,0.00028241407416584874,0.0005647882638449842,0.001129416989742671,0.002822345939752169,0.00016543443619388201,0.0002540695468671763,35407.0,2.0
Random expectation,42835,GB-088,8.484642796535713e-05,0.00042418414705114316,0.0008482483223447579,0.0016960168255311103,0.00423644477759022,0.00024847855926383793,0.00038152320148864065,35358.0,3.0
Random expectation,42901,TK-006,0.00022819327970791115,0.0011405108320099444,0.0022798833323800505,0.004555217233455866,0.011354000129036868,0.0006680488046505912,0.0010246196186584594,35058.0,8.0
Random expectation,42927,P-362,0.0001431885220081197,0.0007157785958129548,0.0014311472617392074,0.0028606555082898444,0.0071393602348709395,0.00041927867209048736,0.0006434890193051448,34919.0,5.0
Random expectation,42956,P-520,0.0001430492375475989,0.0007150824924306853,0.0014297558519680287,0.002857875874665128,0.007132435004165716,0.00041887093780265894,0.0006428637988891163,34953.0,5.0
Random expectation,42996,AG-075,8.48248367122384e-05,0.00042407621520812455,0.0008480325197075533,0.0016955854644012947,0.004235368204815959,0.00024841533643722225,0.0003814261690785168,35367.0,3.0
Random expectation,43056,TK-192,0.00011410640422193641,0.0005704343718594407,0.001140624662379519,0.0022802732779353407,0.005693368412556965,0.00033414499210232713,0.0005129441216409854,35055.0,4.0
Random expectation,43067,P-187,0.00040043475773698933,0.0020006853114403755,0.00399765325996293,0.007980462564740609,0.019840334876230714,0.0011718086130433779,0.0017948920680600203,34962.0,14.0
Random expectation,43068,DRY-085,8.469312856418387e-05,0.0004234178233141206,0.0008467161079871444,0.0016929541289153471,0.004228801019454997,0.00024802967269707527,0.0003808342640078865,35422.0,3.0
Random expectation,43092,TK-013,0.00014263300527739275,0.0007130022822797732,0.0014255978087482912,0.0028495692904437764,0.0071117396881088535,0.00041765247919133507,0.000640995406099229,35055.0,5.0
Random expectation,43117,DC-146,0.00011297520194319954,0.0005647802869480634,0.0011293213075314057,0.0022576858199373495,0.005637043991336466,0.0003308330986235595,0.0005078633674037417,35406.0,4.0
Random expectation,43153,M-118,0.0005065571002420555,0.002530363078732001,0.0050546782774151255,0.010085219433085824,0.025033102986157796,0.001481977673942926,0.002268138833242129,35534.0,18.0
Random expectation,43173,UF-02,8.467161525216316e-05,0.0004233102810448086,0.0008465010841673948,0.0016925243241001642,0.004227728327569458,0.0002479666780643538,0.0003807375816704587,35431.0,3.0
Random expectation,43303,SD-122,0.00016931455823010477,0.0008463339162121386,0.0016920708472947243,0.0033817551016387393,0.008436515232655428,0.0004957480792981366,0.0007606954693089577,35437.0,6.0
Random expectation,43365,FCC-091,0.00011285726377563421,0.0005641907958588988,0.0011281428245975,0.0022553308502015756,0.00563117152108239,0.00033048780270361264,0.0005073336473605979,35443.0,4.0
Random expectation,43372,TK-144,0.00037100456621008693,0.0018537526300472784,0.0037043327471903975,0.007395995346448636,0.018395359054428573,0.0010857627665021609,0.001663466944300436,35040.0,13.0
Random expectation,43394,TK-065,0.0003658467946192623,0.001827998838820899,0.0036529127086216695,0.00729350462674605,0.018141736143348353,0.0010706805993462379,0.001640419775280711,35534.0,13.0
Random expectation,43437,BM-117,0.00011256824449823455,0.0005627461880935991,0.0011252548303115617,0.002249559744542662,0.0056167803374983505,0.0003296416198867336,0.0005060355113989744,35534.0,4.0
Random expectation,43461,HP-141,0.00014111537593131107,0.0007054175802551077,0.0014104370131644561,0.0028192821111524546,0.007036279389635358,0.00041320982641013086,0.0006341829308056469,35432.0,5.0
Random expectation,43527,HP-113,8.46907376563788e-05,0.00042340587147482456,0.000846692211057376,0.0016929063620452212,0.004228681804587464,0.0002480226717128959,0.0003808235191012324,35423.0,3.0
Random expectation,43531,DC-077,0.00011294649159965253,0.0005646367838750832,0.001129034422967523,0.0022571125369312828,0.005635614425613444,0.00033074904133235293,0.0005077344147969435,35415.0,4.0
Random expectation,43564,CV-020,0.000226712386998007,0.0011331122617852518,0.0022651009139343925,0.004525711209257044,0.01128067466050442,0.0006637154828443163,0.0010179835148700722,35287.0,8.0
Random expectation,43597,P-639,0.00034346556757680613,0.001716246737634597,0.0034297930447023672,0.0068487998152667595,0.017041410550683755,0.0010052355528893083,0.0015404191182989875,34938.0,12.0
Random expectation,43644,SD-045,8.465727911499688e-05,0.0004232386165424762,0.0008463577956164814,0.0016922379087782602,0.004227013501930332,0.00024792469941663096,0.00038067315404614383,35437.0,3.0
Random expectation,43668,M-084,0.0003424071220681224,0.0017109611621467513,0.003419238502487265,0.006827757023583847,0.01698929793216275,0.0010021401009030415,0.0015356870737964238,35046.0,12.0
Random expectation,43669,GB-141,0.0002263403593153468,0.001131253597855042,0.0022613872694640103,0.004518298635108886,0.011262253211506534,0.0006626268678697774,0.001016316375389684,35345.0,8.0
Random expectation,43748,BM-134,0.000225797346881218,0.0011285406834974365,0.00225596680618545,0.0045074791430138594,0.011235364695215022,0.0006610379199576733,0.001013882995232846,35430.0,8.0
Random expectation,43752,GS-162,8.466922555883105e-05,0.00042329833527565697,0.0008464771993729192,0.0016924765814803067,0.004227609173173663,0.00024795968063589575,0.00038072684221864976,35432.0,3.0
Random expectation,43773,F-023,0.00014155884601230184,0.0007076339278843102,0.0014148672024411058,0.0028281324721535217,0.007058330287902148,0.00041450802723967087,0.0006361736377009102,35321.0,5.0
Random expectation,43895,DC-114,8.470986869968389e-05,0.0004235015050861879,0.0008468834242734147,0.0016932885724967317,0.004229635711775814,0.0002480786906551333,0.00038090949533515383,35415.0,3.0
Random expectation,43936,HX-138,0.0003106905804265425,0.0015525755673485575,0.003102959469959865,0.0061971634171611445,0.015427464280558412,0.0009093826670156114,0.0013938803791832544,35405.0,11.0
Random expectation,44033,CV-01,8.495695514276758e-05,0.0004247366578189471,0.0008493530311215469,0.0016982249923167547,0.004241955819109022,0.000248802201389698,0.00038201991692944,35312.0,3.0
Random expectation,44052,UF-094,8.442618337367591e-05,0.0004220833983321626,0.0008440480103543146,0.0016876209423375421,0.004215490605441463,0.00024724801151516956,0.0003796345915581212,35534.0,3.0
Random expectation,44163,TK-223,0.00022821280844387282,0.0011406083977173465,0.0022800782690142185,0.00455560632860097,0.011354967050928422,0.0006681059485804855,0.0010247071287131065,35055.0,8.0
Random expectation,44210,EV-101,0.00011297201118420919,0.0005647643385601198,0.0011292894242691531,0.0022576221074448455,0.0056368851148858035,0.0003308237568147192,0.0005078490361017516,35407.0,4.0
Random expectation,44215,P-326,0.00040043475773698933,0.0020006853114403755,0.00399765325996293,0.007980462564740609,0.019840334876230714,0.0011718086130433779,0.0017948920680600203,34962.0,14.0
Random expectation,44376,M-121,0.00048477244211242443,0.0024216512880885777,0.004837782359108811,0.009653531021172945,0.023969514023412852,0.001418320533045851,0.00217108000473702,35068.0,17.0
Random expectation,44378,TRB-067,0.00011256824449823455,0.0005627461880935991,0.0011252548303115617,0.002249559744542662,0.0056167803374983505,0.0003296416198867336,0.0005060355113989744,35534.0,4.0
Random expectation,44394,P-145,0.0003725462100587773,0.0018614502726865823,0.0037197016283736506,0.007426627741419223,0.018471154744767126,0.0010902707178129952,0.0016703552514253821,34895.0,13.0
Random expectation,44442,M-009,0.0005418663016198977,0.0027065511226715966,0.005406161385779651,0.010784626547491016,0.02675518209191341,0.0015851443019504227,0.00242538675430481,35064.0,19.0
Random expectation,44486,P-268,0.0003432297923460226,0.0017150693450431742,0.0034274419636528553,0.006844112437928707,0.01702980236003926,0.0010045460232230466,0.0015393650343586468,34962.0,12.0
Random expectation,44500,TK-076,0.00045642561688774563,0.002280175767913506,0.004555476589522156,0.009091492291957493,0.022583548801369813,0.001335476304307989,0.0020447098851442765,35055.0,16.0
Random expectation,44509,RLP-011,8.470747684663493e-05,0.00042348954852222676,0.000846859517898424,0.0016932407867523702,0.004229516449842485,0.0002480716869035189,0.00038089874618296824,35416.0,3.0
Random expectation,44525,VP-013,8.465727911499688e-05,0.0004232386165424762,0.0008463577956164814,0.0016922379087782602,0.004227013501930332,0.00024792469941663096,0.00038067315404614383,35437.0,3.0
Random expectation,44540,F-062,0.00011319900384876291,0.000565898916855212,0.0011315576185361165,0.0022621546483171384,0.0056481876422446176,0.00033148833889624495,0.0005088685725071535,35336.0,4.0
Random expectation,44594,GB-109,0.00014147473261272303,0.0007072135513258582,0.0014140269252399529,0.0028264538202030787,0.007054147902186614,0.00041426179640256946,0.000635796059493944,35342.0,5.0
Random expectation,44646,UF-027,8.442618337367591e-05,0.0004220833983321626,0.0008440480103543146,0.0016876209423375421,0.004215490605441463,0.00024724801151516956,0.0003796345915581212,35534.0,3.0
Random expectation,44684,P-177,0.00034329852667713823,0.0017154125843089618,0.0034281273625996755,0.00684547892674181,0.017033186448417226,0.001004747038307536,0.0015396723264609394,34955.0,12.0
Random expectation,44712,K-050,0.00028359944414513283,0.0014172735066201314,0.0028327389591842334,0.005658253902457222,0.01409161827715888,0.0008301421654068333,0.0012726877222228802,35261.0,10.0
Random expectation,44727,CV-072,0.00011327594019028275,0.0005662834678874518,0.0011323263939948536,0.0022636908933663102,0.005652018471946962,0.0003317135906063276,0.0005092141308999373,35312.0,4.0
Random expectation,44816,R-118,0.00019846895378505813,0.0009920071792833829,0.0019831707433650703,0.003962969417326878,0.00988218078984493,0.0005810705943230158,0.0008914190097169112,35270.0,7.0
Random expectation,44868,R-160,8.442618337367591e-05,0.0004220833983321626,0.0008440480103543146,0.0016876209423375421,0.004215490605441463,0.00024724801151516956,0.0003796345915581212,35534.0,3.0
Random expectation,44937,M-106,0.0003422313483915085,0.001710083396468498,0.003417485724355074,0.006824262456673336,0.016980643465932754,0.0010016260447162295,0.0015349012248039363,35064.0,12.0
Random expectation,44941,UF-105,8.442618337367591e-05,0.0004220833983321626,0.0008440480103543146,0.0016876209423375421,0.004215490605441463,0.00024724801151516956,0.0003796345915581212,35534.0,3.0
Random expectation,44957,TRB-058,8.464533604202185e-05,0.00042317891465715185,0.0008462384255412125,0.0016919993033817082,0.004226417998523302,0.0002478897280660115,0.00038061948101316973,35442.0,3.0
Random expectation,44970,BLR-030,8.476731372386581e-05,0.00042378866530268233,0.0008474575824667374,0.0016944362400619362,0.004232500017278484,0.00024824689941551877,0.00038116765711879223,35391.0,3.0
Random expectation,44995,P-269,0.00022893117756472847,0.0011441973704537922,0.002287249037857264,0.004569919196666272,0.011390534935315388,0.0006702079981335313,0.0010279261855739986,34945.0,8.0
Random expectation,45021,HP-067,0.00011289230074507106,0.0005643659213867558,0.001128492927392477,0.002256030463000158,0.005632916112160324,0.00033059038293414676,0.0005074910162346699,35432.0,4.0
Random expectation,45030,BLR-107,0.0001130326664405823,0.0005650675120335569,0.0011298955142604594,0.0022588332600397276,0.0056399052996770616,0.0003310013414461854,0.0005081214692227604,35388.0,4.0
Random expectation,45051,P-521,0.0002288656844514625,0.001143870167178207,0.002286595286527082,0.004568614311515118,0.011387292286434869,0.0006700163562941157,0.0010276327085377611,34955.0,8.0
Random expectation,45058,BM-060,8.467400508038736e-05,0.0004233222274880877,0.0008465249703097921,0.0016925720694134228,0.0042278474886817685,0.0002479736758877581,0.00038074832172815603,35430.0,3.0
Random expectation,45063,RLP-126,0.0001129433024621429,0.0005646208435906575,0.0011290025559020922,0.0022570488567908997,0.005635455629734332,0.00033073970426993185,0.0005077200907717053,35416.0,4.0
Random expectation,45086,GS-125,5.645571049506248e-05,0.00028226261578934153,0.0005644853898634228,0.0011288114128661375,0.002820833280709034,0.0001653457149140877,0.0002539333208506449,35426.0,2.0
Random expectation,45088,TRB-086,8.463339633824063e-05,0.00042311922961257853,0.0008461190891334569,0.0016917607652630062,0.004225822662881962,0.0002478547665798619,0.0003805658231133242,35447.0,3.0
Random expectation,45098,GB-112,0.0001698225354505034,0.0008488723668803599,0.0016971441618731653,0.0033918873959269957,0.00846173869981337,0.000497234913654213,0.0007629744444747175,35331.0,6.0
Random expectation,45123,BLR-172,8.442618337367591e-05,0.0004220833983321626,0.0008440480103543146,0.0016876209423375421,0.004215490605441463,0.00024724801151516956,0.0003796345915581212,35534.0,3.0
Random expectation,45159,M-131,0.0003992699064567784,0.001994869700949864,0.003986043620437529,0.007957329389814527,0.01978314330675679,0.0011684029104606255,0.0017896902717127775,35064.0,14.0
Random expectation,45167,P-248,0.00014298787462818652,0.0007147758182385333,0.0014291428544592755,0.0028566512822482126,0.007129384024570973,0.0004186913070253458,0.0006425883524247959,34968.0,5.0
Random expectation,45243,AG-076,2.8296547821216045e-05,0.0001414827391059692,0.0002829654782118274,0.0005659309564237658,0.0014148273910585818,8.287969026508926e-05,0.00012731197901328308,35340.0,1.0
Random expectation,45351,EX-090,5.6442964384451066e-05,0.0002821988924317509,0.000564357961136519,0.0011285566273661063,0.0028201968566134994,0.00016530838704858925,0.0002538760062213086,35434.0,2.0
Random expectation,45362,RLP-061,8.469312856418387e-05,0.0004234178233141206,0.0008467161079871444,0.0016929541289153471,0.004228801019454997,0.00024802967269707527,0.0003808342640078865,35422.0,3.0
Random expectation,45402,FCC-121,0.00011286363251605813,0.0005642226287794205,0.0011282064634926536,0.002255458020252621,0.005631488639077364,0.00033050644891930505,0.0005073622526234197,35441.0,4.0
Random expectation,45423,HV-068,0.00014161497719999971,0.0007079144566746187,0.0014154279422723404,0.0028292526816297014,0.00706112130137504,0.0004146723438131086,0.0006364256057499589,35307.0,5.0
Random expectation,45487,F-062,8.497861371559168e-05,0.00042484492614602853,0.0008495695064409947,0.0016986576976680823,0.0042430357438739685,0.00024886562131254045,0.00038211725170460336,35303.0,3.0
Random expectation,45497,CV-089,0.000226712386998007,0.0011331122617852518,0.0022651009139343925,0.004525711209257044,0.01128067466050442,0.0006637154828443163,0.0010179835148700722,35287.0,8.0
Random expectation,45578,DRY-004,8.469551960699206e-05,0.0004234297758282102,0.0008467400062659447,0.0016930018984809836,0.004228920241044487,0.000248036674076502,0.00038084500952089134,35421.0,3.0
Random expectation,45585,P-120,0.0004290372404324172,0.002143468777545343,0.004282648780948084,0.008548174329324976,0.02124264640353335,0.001255422594098775,0.0019225454108886299,34962.0,15.0
Random expectation,45605,R-234,8.442618337367591e-05,0.0004220833983321626,0.0008440480103543146,0.0016876209423375421,0.004215490605441463,0.00024724801151516956,0.0003796345915581212,35534.0,3.0
Random expectation,45669,AG-136,0.00016977448289523522,0.0008486322400746982,0.0016966642480140681,0.003390928926064296,0.008459352686030486,0.0004970942653710897,0.0007627588636342407,35341.0,6.0
Random expectation,45693,P-640,0.00025754757476037504,0.0012871483683400964,0.002572823858523976,0.005139762102927992,0.012805380893847418,0.0007539319278550073,0.0011560832742860058,34945.0,9.0
Random expectation,45730,P-644,0.00031469031612074705,0.0015725515139555224,0.003142854598920497,0.006276727053489695,0.015624682388190148,0.0009210816994038037,0.0014117730331545289,34955.0,11.0
Random expectation,45749,UF-106,0.00011281270271035204,0.0005639680659497159,0.001127697553275353,0.002254441061221968,0.00562895269473862,0.00033035733808057225,0.0005071335008005903,35457.0,4.0
Random expectation,45750,M-125,0.00042213091686837956,0.002108991997173293,0.004213832086390701,0.008411086891999986,0.02090399234364626,0.001235232942016786,0.001891720382738966,35534.0,15.0
Random expectation,45762,CR-025,0.000168857118734711,0.0008440480076806756,0.0016875022509610371,0.0033726307809976985,0.008413800753710454,0.0004944091647733194,0.0007586432085400466,35533.0,6.0
Random expectation,45845,CT-144,0.00016939582156971777,0.0008467400035664374,0.0016928824489355065,0.003383376014590045,0.008440550376323741,0.0004959859349029668,0.0007610600482519469,35420.0,6.0
Random expectation,45879,R-132,0.00022675736961452753,0.0011333369964210416,0.0022655499374300003,0.004526607475418887,0.011282902015063434,0.0006638471093576693,0.0010181850913204937,35280.0,8.0
Random expectation,45954,P-176,0.00045851841237998237,0.0022906218042186843,0.004576323889990075,0.009133008341374427,0.022686010469834095,0.0013415933586167943,0.002054044727105257,34895.0,16.0
Random expectation,45959,EX-043,8.46907376563788e-05,0.00042340587147482456,0.000846692211057376,0.0016929063620452212,0.004228681804587464,0.0002480226717128959,0.0003808235191012324,35423.0,3.0
Random expectation,45971,SD-124,5.643818607670159e-05,0.0002821750035896242,0.0005643101901950942,0.0011284611124535715,0.0028199582716086358,0.00016529439344383515,0.0002538545199050405,35437.0,2.0
Random expectation,46024,DOS-052,0.00011312857062051318,0.0005655468702664423,0.0011308538241631139,0.002260748254282019,0.005644680607348351,0.0003312821267339804,0.0005085522223939958,35358.0,4.0
Random expectation,46043,R-110,0.00022675736961452753,0.0011333369964210416,0.0022655499374300003,0.004526607475418887,0.011282902015063434,0.0006638471093576693,0.0010181850913204937,35280.0,8.0
Random expectation,46084,CF-078,5.649238765081943e-05,0.00028244598085391814,0.0005648520682075553,0.0011295445624143197,0.002822664601032421,0.00016545312649172362,0.00025409824465500005,35403.0,2.0
Random expectation,46121,P-708,0.00011259993244006061,0.000562904574291534,0.0011255714689635266,0.0022501924870967915,0.005618358187777339,0.0003297343950282391,0.0005061778387117031,35524.0,4.0
Random expectation,46142,CF-112,0.00011294649159965253,0.0005646367838750832,0.001129034422967523,0.0022571125369312828,0.005635614425613444,0.00033074904133235293,0.0005077344147969435,35415.0,4.0
Random expectation,46149,P-683,8.584919158682869e-05,0.0004291968240427435,0.0008582708239035508,0.0017160504213873384,0.004286443261474759,0.0002514148152313037,0.0003860296512997327,34945.0,3.0
Random expectation,46176,SD-020,8.463578400952354e-05,0.0004231311652744818,0.0008461429537222065,0.0016918084675057177,0.004225941716591852,0.0002478617580881346,0.00038057655348295026,35446.0,3.0
Random expectation,46227,P-413,0.0004006295607382748,0.0020016578780975847,0.003999594777995608,0.0079843311768798,0.019849898967654322,0.001172378161340765,0.0017957619753927211,34945.0,14.0
Random expectation,46238,K-038,0.00028373623879240917,0.001417956781588292,0.0028341037652319656,0.005660976550865171,0.014098372907149548,0.0008305423390370337,0.001273300024617351,35244.0,10.0
Random expectation,46242,P-528,0.0001431106531569748,0.0007153894298925767,0.0014303693755638447,0.00285910151745139,0.007135488596167083,0.00041905072277980413,0.0006431394815957543,34938.0,5.0
Random expectation,46247,P-418,0.0004003660489590999,0.0020003422782285396,0.003996968468263251,0.007979098067124601,0.019836961514547724,0.0011716077280964187,0.001794585243131966,34968.0,14.0
Random expectation,46263,GB-133,0.00016969285593071426,0.0008482243361368491,0.0016958490170564389,0.0033893007698619915,0.00845529954925428,0.0004968553458100643,0.0007623926556620675,35358.0,6.0
Random expectation,46309,TK-320,0.00014073010779924733,0.0007034921082099688,0.0014065882397856777,0.0028115932417356326,0.007017122186111502,0.0004120820023904401,0.0006324534768958342,35529.0,5.0
Random expectation,46423,M-068,0.0005418663016198977,0.0027065511226715966,0.005406161385779651,0.010784626547491016,0.02675518209191341,0.0015851443019504227,0.00242538675430481,35064.0,19.0
Random expectation,46455,P-212,0.0008576084159972464,0.004280937808034624,0.008544157539275843,0.017017725752572876,0.04202050518399025,0.0025068891191316668,0.0038265255718767065,34981.0,30.0
Random expectation,46497,M-054,0.0004280089025852085,0.002138335309854189,0.004272402365095851,0.008527763347351835,0.021192228277243652,0.0012524164348443779,0.0019179558786815813,35046.0,15.0
Random expectation,46591,P-423,0.00048636740766172526,0.002429611546369559,0.004853666522189326,0.009685154400100426,0.024047494644496514,0.0014229818422115952,0.002178190275712673,34953.0,17.0
Random expectation,46671,HP-123,0.00016938147531264658,0.0008466683127774655,0.0016927391685470639,0.0033830898582285496,0.00843983801168946,0.0004959439438008068,0.0007609956853999975,35423.0,6.0
Random expectation,46678,CF-124,0.00014071030562279319,0.0007033931419088146,0.001406390418594361,0.0028111980447145246,0.0070161375281294625,0.00041202403396303197,0.0006323645853919034,35534.0,5.0
Random expectation,46936,DP-124,0.00019767868741349393,0.00098805853035977,0.0019752801485840576,0.003947215011582461,0.009842995086166373,0.0005787578258440565,0.000887875616953326,35411.0,7.0
Random expectation,46938,CR-099,5.647165123112696e-05,0.0002823423104681977,0.0005646447567182467,0.0011291300565646756,0.0028216292148718347,0.00016539239845896362,0.0002540050005392432,35416.0,2.0
Random expectation,47021,P-738,0.00017025623563460268,0.0008510396388561325,0.0017014756350292037,0.003400538069498915,0.008483273546774028,0.0004985043389090531,0.000764920169746883,35241.0,6.0
Random expectation,47036,M-111,0.00048491071937928343,0.002422341413200746,0.004839159462344145,0.009656272680027778,0.023976274865393332,0.0014187246516325753,0.002171696445874792,35058.0,17.0
Random expectation,47128,DRY-087,0.00011293054771310818,0.0005645570914518672,0.0011288751056266477,0.0022567941721567397,0.00563482053569575,0.00033070236129136666,0.0005076628027519251,35420.0,4.0
Random expectation,47163,P-269,0.00022925920618999118,0.0011458361987415344,0.00229052340987701,0.004576454819409159,0.011406775920242307,0.0006711678541198597,0.001029396088735022,34895.0,8.0
Random expectation,47247,R-143,0.00019846895378505813,0.0009920071792833829,0.0019831707433650703,0.003962969417326878,0.00988218078984493,0.0005810705943230158,0.0008914190097169112,35270.0,7.0
Random expectation,47268,HP-045,8.466922555883105e-05,0.00042329833527565697,0.0008464771993729192,0.0016924765814803067,0.004227609173173663,0.00024795968063589575,0.00038072684221864976,35432.0,3.0
Random expectation,47275,P-185,0.0005065571002420555,0.002530363078732001,0.0050546782774151255,0.010085219433085824,0.025033102986157796,0.001481977673942926,0.002268138833242129,35534.0,18.0
Random expectation,47312,HX-206,0.00016962569263823113,0.0008478887095646481,0.0016951782383962666,0.0033879611088699635,0.008451964587076755,0.0004966587609036366,0.0007620913365560064,35372.0,6.0
Random expectation,47346,R-030,0.0002835914015086871,0.0014172333344812937,0.002832658717409675,0.005658093828223798,0.014091221147535693,0.0008301186377902683,0.0012726517227734703,35262.0,10.0
Random expectation,47468,M-012,0.00037075062742408793,0.0018524846740851642,0.003701801174051722,0.007390949514497924,0.018382873519188436,0.0010850202160986471,0.0016623322869465933,35064.0,13.0
Random expectation,47554,GS-102,0.00014071030562279319,0.0007033931419088146,0.001406390418594361,0.0028111980447145246,0.0070161375281294625,0.00041202403396303197,0.0006323645853919034,35534.0,5.0
Random expectation,47558,CV-009,0.00019823289533305033,0.000990827689556495,0.001980813768965861,0.0039582634802260985,0.009870475864700246,0.0005803797539422836,0.0008903605769787024,35312.0,7.0
Random expectation,47578,R-093,0.0001417635384178828,0.0007086569260003062,0.001416912039336471,0.0028322175115546022,0.007068508187554001,0.00041510723681332054,0.0006370924831106267,35270.0,5.0
Random expectation,47605,TRB-111,0.0001407182258246209,0.0007034327250876604,0.0014064695403935845,0.002811356110190566,0.007016531358159717,0.000412047219376796,0.0006324001389948138,35532.0,5.0
Random expectation,47612,K-209,0.00011349771585844604,0.0005673919690476481,0.001134542453604448,0.002268119243345912,0.005663061109657308,0.0003323628978191289,0.0005102102306408417,35243.0,4.0
Random expectation,47624,P-178,0.00040070982883966266,0.002002058621610958,0.004000394774843485,0.007985925225200585,0.01985383980348232,0.0011726128421822772,0.001796120417665427,34938.0,14.0
Random expectation,47648,BLR-085,0.0001130326664405823,0.0005650675120335569,0.0011298955142604594,0.0022588332600397276,0.0056399052996770616,0.0003310013414461854,0.0005081214692227604,35388.0,4.0
Random expectation,47663,K-077,0.00034003003598648274,0.0016990905963063518,0.0033955344846910984,0.006780497127152563,0.01687225293144945,0.000995188196718816,0.0015250593808551365,35291.0,12.0
Random expectation,47668,HX-012,0.00022727918406773018,0.0011359439960533235,0.002270758759080116,0.004537004434700842,0.011308739810793389,0.0006653740222021612,0.0010205234386010777,35199.0,8.0
Random expectation,47685,TK-126,0.0003422215884785196,0.001710034658115367,0.003417388400481336,0.00682406841894978,0.016980162920771757,0.0010015975015020115,0.0015348575901081196,35065.0,12.0
Random expectation,47704,HV-114,0.00019845207382418462,0.0009919228368977517,0.0019830022020497218,0.0039626329079082145,0.009881343803215703,0.0005810211940442504,0.0008913433239314104,35273.0,7.0
Random expectation,47747,M-100,0.0004563865594158223,0.0022799808146067857,0.00455508751654099,0.009090717470547904,0.0225816364835707,0.001335362142255348,0.0020445356671412638,35058.0,16.0
Random expectation,47750,F-075,0.00014149875481095364,0.0007073336079402859,0.0014142669025793975,0.002826933231670492,0.007055342363683437,0.0004143321182144544,0.0006359038932395917,35336.0,5.0
Random expectation,47761,EV-158,8.442618337367591e-05,0.0004220833983321626,0.0008440480103543146,0.0016876209423375421,0.004215490605441463,0.00024724801151516956,0.0003796345915581212,35534.0,3.0
Random expectation,47769,F-056,0.00014149875481095364,0.0007073336079402859,0.0014142669025793975,0.002826933231670492,0.007055342363683437,0.0004143321182144544,0.0006359038932395917,35336.0,5.0
Random expectation,47777,P-189,0.0004003660489590999,0.0020003422782285396,0.003996968468263251,0.007979098067124601,0.019836961514547724,0.0011716077280964187,0.001794585243131966,34968.0,14.0
Random expectation,47791,M-114,0.000285339268390139,0.0014259637218256849,0.002850097147342523,0.005692881461543342,0.01417752407218753,0.0008352317604537372,0.0012804751837899551,35046.0,10.0
Random expectation,47825,DRY-090,8.469551960699206e-05,0.0004234297758282102,0.0008467400062659447,0.0016930018984809836,0.004228920241044487,0.000248036674076502,0.00038084500952089134,35421.0,3.0
Random expectation,47842,M-020,0.00048554781217868825,0.0024255210616528355,0.0048455042483810384,0.009668904394785294,0.024007423923255056,0.0014205865671463136,0.002174536589739754,35012.0,17.0
Random expectation,47927,P-211,0.0006583090045223505,0.0032874021096557238,0.006564465598685065,0.013087700788774081,0.032412489467469774,0.001925238788275124,0.002943145907277684,34938.0,23.0
Random expectation,47981,UF-143,0.00014107954064501715,0.0007052384847167081,0.0014100790242441708,0.002818566941424905,0.007034497515902016,0.00041310492318547145,0.0006340220680302249,35441.0,5.0
Random expectation,48014,DRY-135,8.46979107849144e-05,0.00042344172901720434,0.0008467639058939991,0.0016930496707427967,0.004229039469357043,0.00024804367585120967,0.00038085575564029766,35420.0,3.0
Random expectation,48118,TRB-007,0.00011290504685557146,0.0005644296303548568,0.0011286202913816101,0.0022562849752809644,0.0056335507769575965,0.00033062770062632893,0.0005075482654877814,35428.0,4.0
Random expectation,48215,P-224,0.0006877776185699735,0.003434357539047861,0.006857410098691785,0.013669742573092059,0.03383910092932607,0.0020112776269473054,0.003073986396291792,34895.0,24.0
Random expectation,48274,P-740,0.00011439029970261583,0.0005718533627648847,0.0011434614282578304,0.0022859419480463217,0.00570750366715711,0.0003349761689831435,0.0005142192142717461,34968.0,4.0
Random expectation,48300,GS-106,0.00019760056457307495,0.0009876681808012044,0.001974500110655919,0.003945657577683059,0.00983912126019515,0.0005785291936080145,0.0008875253274843067,35425.0,7.0
Random expectation,48314,M-149,0.00022849308808403634,0.0011420086761111392,0.0022828760284412386,0.0045611906723811435,0.011368844384083032,0.0006689260871701061,0.001025963084129666,35012.0,8.0
Random expectation,48320,M-103,0.0005065571002420555,0.002530363078732001,0.0050546782774151255,0.010085219433085824,0.025033102986157796,0.001481977673942926,0.002268138833242129,35534.0,18.0
Random expectation,48322,HX-242,0.00011363959203380958,0.0005681011082446785,0.0011359601279529175,0.0022709521768894403,0.005670125350441202,0.0003327782777573705,0.0005108474620965964,35199.0,4.0
Random expectation,48323,TK-070,0.00037066605839419786,0.0018520624074653824,0.0037009580850959622,0.0073892691001422595,0.018378715439523408,0.0010847729249474872,0.0016619544117306342,35072.0,13.0
Random expectation,48328,P-313,0.0005723279439118212,0.0028585294200192957,0.005709295099205147,0.011387615103734983,0.02823831320859027,0.0016741324140502752,0.002560951965854934,34945.0,20.0
Random expectation,48391,DC-095,8.472661545411153e-05,0.00042358521994156906,0.0008470508066984461,0.001693623148243506,0.004230470733669334,0.0002481277279918011,0.0003809847563912065,35408.0,3.0
Random expectation,48400,CV-062,0.0002265518803805655,0.001132310365142053,0.002263498710541101,0.004522513153937924,0.011272726996460092,0.0006632458139532579,0.001017264250063985,35312.0,8.0
Random expectation,48416,DRY-022,8.442618337367591e-05,0.0004220833983321626,0.0008440480103543146,0.0016876209423375421,0.004215490605441463,0.00024724801151516956,0.0003796345915581212,35534.0,3.0
Random expectation,48418,FM-035,8.475533958640646e-05,0.0004237288081481161,0.0008473379019847682,0.0016941970143778962,0.004231902967094414,0.0002482118371155589,0.0003811138445601452,35396.0,3.0
Random expectation,48433,P-212,0.0009164065408516775,0.004573903886803676,0.009127538047154271,0.01817434459658762,0.04483725888611656,0.002678383583356289,0.0040864755423187585,34919.0,32.0
Random expectation,48435,RLP-129,0.00019763961827323762,0.0009878633170192774,0.001974890052595435,0.003946436140975007,0.009841057791960983,0.0005786434871418815,0.0008877004376624765,35418.0,7.0
Random expectation,48518,K-131,0.00042535091450446316,0.0021250665286679515,0.004245917612786476,0.008475004497717098,0.02106189941995651,0.0012446462240819386,0.00190609271135541,35265.0,15.0
Random expectation,48592,AG-121,0.00022636597719360996,0.0011313815857909582,0.002261642991891022,0.004518809067472929,0.011263521724498626,0.0006627018301041545,0.00101643117519877,35341.0,8.0
Random expectation,48596,TK-175,0.00011259993244006061,0.000562904574291534,0.0011255714689635266,0.0022501924870967915,0.005618358187777339,0.0003297343950282391,0.0005061778387117031,35524.0,4.0
Random expectation,48602,RLP-031,0.0001129433024621429,0.0005646208435906575,0.0011290025559020922,0.0022570488567908997,0.005635455629734332,0.00033073970426993185,0.0005077200907717053,35416.0,4.0
Random expectation,48628,SC-086,8.470030209772883e-05,0.00042345368288088103,0.0008467878068708634,0.0016930974457001202,0.004229158704391667,0.0002480506780212317,0.00038086650236615746,35419.0,3.0
Random expectation,48631,EV-122,0.00014072614691806873,0.0007034723127218312,0.0014065486710953534,0.002811514193442388,0.007016925232405491,0.0004120704074000855,0.0006324356965958277,35530.0,5.0
Random expectation,48694,P-278,0.0002251364889964691,0.0011252390010505486,0.0022493699537745604,0.004494311455095157,0.011202639943010073,0.000659104131041819,0.0010109214874389535,35534.0,8.0
Random expectation,48711,K-054,0.00017024657378772456,0.0008509913570338146,0.0017013791398798883,0.0034003453529493077,0.008482793803858635,0.000498476059045492,0.0007648768235982436,35243.0,6.0
Random expectation,48761,P-379,0.00025754757476037504,0.0012871483683400964,0.002572823858523976,0.005139762102927992,0.012805380893847418,0.0007539319278550073,0.0011560832742860058,34945.0,9.0
Random expectation,48829,CV-112,0.00011332728921120694,0.0005665401257268776,0.0011328394915663953,0.002264716216450302,0.005654575246628268,0.0003318639285592296,0.000509444764012093,35296.0,4.0
Random expectation,48857,CV-188,8.495695514276758e-05,0.0004247366578189471,0.0008493530311215469,0.0016982249923167547,0.004241955819109022,0.000248802201389698,0.00038201991692944,35312.0,3.0
Random expectation,48888,K-279,0.0001419164396003758,0.0007094210849420968,0.0014184394901258779,0.002835268946971281,0.007076110824117965,0.0004155548342157731,0.0006377788404919089,35232.0,5.0
Random expectation,48900,F-055,0.00014163102285924545,0.0007079946486149291,0.001415588235298193,0.0028295729044935936,0.007061919139253581,0.0004147193153362192,0.000636497633285196,35303.0,5.0
Random expectation,48955,DOS-142,0.00016969285593071426,0.0008482243361368491,0.0016958490170564389,0.0033893007698619915,0.00845529954925428,0.0004968553458100643,0.0007623926556620675,35358.0,6.0
Random expectation,48999,RLP-102,0.0001129433024621429,0.0005646208435906575,0.0011290025559020922,0.0022570488567908997,0.005635455629734332,0.00033073970426993185,0.0005077200907717053,35416.0,4.0
Random expectation,49069,CF-141,5.649238765081943e-05,0.00028244598085391814,0.0005648520682075553,0.0011295445624143197,0.002822664601032421,0.00016545312649172362,0.00025409824465500005,35403.0,2.0
Random expectation,49085,GB-126,0.00011317017965761789,0.0005657548448345651,0.0011312695968003217,0.0022615790938603775,0.005646752419564138,0.0003314039483539852,0.0005087391089930288,35345.0,4.0
Random expectation,49117,BM-110,0.00014118710114641164,0.0007057760443587302,0.0014111535365959327,0.0028207135399418437,0.007039845846608994,0.0004134197927744365,0.0006345049013634189,35414.0,5.0
Random expectation,49123,VP-119,0.00016888563627659448,0.0008441905151372886,0.001687787065343227,0.0033731996083146143,0.008415216824675276,0.0004944926350124326,0.0007587711503649591,35527.0,6.0
Random expectation,49142,M-113,0.00048477244211242443,0.0024216512880885777,0.004837782359108811,0.009653531021172945,0.023969514023412852,0.001418320533045851,0.00217108000473702,35068.0,17.0
Random expectation,49183,HX-326,0.00011364282061476771,0.0005681172456463157,0.0011359923890013057,0.0022710166439909862,0.005670286106200351,0.00033278773027747545,0.0005108619631293811,35198.0,4.0
Random expectation,49270,P-436,0.00031523140851119624,0.0015752538783738723,0.0031482515928993315,0.0062874901617776535,0.015651359752512528,0.0009226643525623581,0.001414193487152629,34895.0,11.0
Random expectation,49279,M-066,0.0003994749757462168,0.001995893527130921,0.003988087477986402,0.007961401964596049,0.019793211966394053,0.0011690024775663427,0.001790606043762776,35046.0,14.0
Random expectation,49284,K-293,8.500750899664844e-05,0.0004249893698060614,0.0008498583119082026,0.0016992349812604557,0.0042444764991841355,0.0002489502315203618,0.00038224710858629686,35291.0,3.0
Random expectation,49394,R-113,0.00019699442787191046,0.0009846395470503033,0.001968447964291742,0.003933573747857411,0.009809064725183392,0.0005767552874787957,0.0008848074979857698,35534.0,7.0
Random expectation,49433,CV-074,0.000141695241873796,0.000708315598140663,0.001416229770620836,0.0028308545211522818,0.007065112294533882,0.0004149073078897781,0.0006367859065344409,35287.0,5.0
Random expectation,49479,SEP-108,8.476491862563496e-05,0.0004237766925188069,0.0008474336436656849,0.001694388389520518,0.00423238059376474,0.0002482398861630875,0.0003811568933913801,35392.0,3.0
Random expectation,49496,RLP-025,5.647165123112696e-05,0.0002823423104681977,0.0005646447567182467,0.0011291300565646756,0.0028216292148718347,0.00016539239845896362,0.0002540050005392432,35416.0,2.0
Random expectation,49548,HP-056,8.467161525216316e-05,0.0004233102810448086,0.0008465010841673948,0.0016925243241001642,0.004227728327569458,0.0002479666780643538,0.0003807375816704587,35431.0,3.0
Random expectation,49552,UF-043,0.00011289548700288421,0.0005643818472804707,0.001128524765694916,0.002256094085687388,0.0056330747649528945,0.0003305997115674165,0.0005075053273371385,35431.0,4.0
Random expectation,49616,M-092,0.0004562564161058047,0.0022793312109476993,0.00455379108645293,0.009088135686063037,0.022575264429137598,0.0013349817430036873,0.0020439551548192864,35068.0,16.0
Random expectation,49636,HP-071,5.6447743501442105e-05,0.00028222278531886413,0.0005644057401666958,0.0011286521584493725,0.0028204354819935107,0.00016532238302290414,0.0002538974961750996,35431.0,2.0
Random expectation,49651,HV-241,0.00011332086803783614,0.0005665080307745152,0.0011327753289412934,0.002264588000272738,0.005654255523298457,0.00033184512886320943,0.0005094159234485976,35298.0,4.0
Random expectation,49702,K-028,0.00019848583661785657,0.0009920915360133176,0.0019833393133328325,0.003963305983903265,0.009883017918276726,0.0005811200030028343,0.0008914947083567742,35267.0,7.0
Random expectation,49782,CT-017,5.64652738566096e-05,0.00028231042719706334,0.0005645809991793316,0.001129002577500371,0.0028213107873128473,0.00016537372187802992,0.0002539763238082956,35420.0,2.0
Random expectation,49784,HV-063,0.00017010177756360267,0.0008502677865370734,0.0016999330249221067,0.0033974572236844525,0.008475604165828932,0.0004980522457967804,0.0007642272203847076,35273.0,6.0
Random expectation,49792,P-124,0.0003383140682267083,0.001690521423588165,0.0033784227705545566,0.006746379998418095,0.016787752860168093,0.0009901697198671034,0.0015173871860352532,35470.0,12.0
Random expectation,49809,CT-130,0.00014122299110297387,0.000705955413062731,0.0014115120713845686,0.002821429799557462,0.0070416304312233,0.0004135248559953618,0.0006346660092701905,35405.0,5.0
Random expectation,49821,P-124,0.0003438888092850423,0.0017183602804669018,0.003434013474681308,0.006857214109626808,0.017062248183093542,0.0010064733304420352,0.001542311299983329,34895.0,12.0
Random expectation,49822,P-510,0.00028597574925648406,0.0014291428544594975,0.0028564472417739184,0.005705549023050982,0.014208949387243153,0.0008370936802145077,0.0012833240137480972,34968.0,10.0
Random expectation,49837,UF-107,5.6447743501442105e-05,0.00028222278531886413,0.0005644057401666958,0.0011286521584493725,0.0028204354819935107,0.00016532238302290414,0.0002538974961750996,35431.0,2.0
Random expectation,49875,HX-014,0.0002251364889964691,0.0011252390010505486,0.0022493699537745604,0.004494311455095157,0.011202639943010073,0.000659104131041819,0.0010109214874389535,35534.0,8.0
Random expectation,49891,CT-060,0.00011256824449823455,0.0005627461880935991,0.0011252548303115617,0.002249559744542662,0.0056167803374983505,0.0003296416198867336,0.0005060355113989744,35534.0,4.0
Random expectation,49926,HX-117,0.00034092846184441417,0.0017035771196620697,0.0034044935344563765,0.006798359357956696,0.016916491865086147,0.0009978156955550849,0.0015290761998307614,35198.0,12.0
Random expectation,49981,P-303,0.0004290372404324172,0.002143468777545343,0.004282648780948084,0.008548174329324976,0.02124264640353335,0.001255422594098775,0.0019225454108886299,34962.0,15.0
