method,query_id,equipment_id,hit@1,hit@5,hit@10,hit@20,hit@50,mrr@10,mrr@50
word,6,HX-301,0.0,0.0,0.0,0.0,0.0,0.0,0.0
word,92,DOS-081,0.0,0.0,0.0,1.0,1.0,0.0,0.05
word,146,CR-118,0.0,0.0,0.0,0.0,0.0,0.0,0.0
word,192,FCC-018,0.0,0.0,0.0,0.0,0.0,0.0,0.0
word,260,EX-120,0.0,0.0,0.0,0.0,0.0,0.0,0.0
word,282,GS-059,0.0,0.0,0.0,0.0,0.0,0.0,0.0
word,322,TK-183,0.0,0.0,0.0,0.0,0.0,0.0,0.0
word,332,P-229,0.0,0.0,0.0,0.0,0.0,0.0,0.0
word,333,K-099,0.0,0.0,0.0,0.0,0.0,0.0,0.0
word,334,TK-082,0.0,0.0,0.0,0.0,0.0,0.0,0.0
word,342,HP-097,0.0,0.0,0.0,0.0,1.0,0.0,0.023809523809523808
word,347,CV-009,0.0,0.0,0.0,1.0,1.0,0.0,0.058823529411764705
word,351,DRY-076,0.0,0.0,0.0,0.0,0.0,0.0,0.0
word,353,P-161,0.0,0.0,0.0,0.0,0.0,0.0,0.0
word,408,TK-306,0.0,0.0,0.0,0.0,0.0,0.0,0.0
word,409,BLR-076,0.0,0.0,0.0,0.0,1.0,0.0,0.025
word,436,CV-050,0.0,0.0,0.0,0.0,0.0,0.0,0.0
word,475,F-123,0.0,0.0,0.0,0.0,0.0,0.0,0.0
word,561,P-262,0.0,0.0,0.0,0.0,0.0,0.0,0.0
word,570,SC-215,0.0,0.0,0.0,0.0,0.0,0.0,0.0
word,594,HX-071,0.0,0.0,0.0,0.0,0.0,0.0,0.0
word,600,P-238,0.0,0.0,0.0,0.0,0.0,0.0,0.0
word,601,AG-101,0.0,0.0,0.0,0.0,0.0,0.0,0.0
word,622,HX-337,0.0,0.0,0.0,0.0,0.0,0.0,0.0
word,636,P-313,0.0,0.0,0.0,0.0,0.0,0.0,0.0
word,640,AG-107,0.0,0.0,0.0,0.0,0.0,0.0,0.0
word,645,SEP-079,0.0,0.0,0.0,0.0,0.0,0.0,0.0
word,673,DC-116,0.0,1.0,1.0,1.0,1.0,0.3333333333333333,0.3333333333333333
word,697,P-248,0.0,0.0,0.0,0.0,0.0,0.0,0.0
word,725,P-234,0.0,0.0,0.0,0.0,0.0,0.0,0.0
word,738,HX-133,0.0,0.0,1.0,1.0,1.0,0.16666666666666666,0.16666666666666666
word,739,UF-065,0.0,0.0,0.0,0.0,1.0,0.0,0.022222222222222223
word,767,DP-074,0.0,0.0,0.0,0.0,0.0,0.0,0.0
word,786,DOS-122,0.0,0.0,0.0,0.0,0.0,0.0,0.0
word,831,TK-386,0.0,0.0,0.0,0.0,0.0,0.0,0.0
word,877,R-117,0.0,0.0,0.0,0.0,0.0,0.0,0.0
word,939,P-207,0.0,0.0,0.0,0.0,0.0,0.0,0.0
word,1077,K-023,0.0,0.0,0.0,0.0,0.0,0.0,0.0
word,1094,EX-077,0.0,0.0,0.0,0.0,0.0,0.0,0.0
word,1105,RLP-027,0.0,0.0,0.0,0.0,0.0,0.0,0.0
word,1129,K-179,0.0,0.0,0.0,0.0,0.0,0.0,0.0
word,1134,BLR-220,0.0,0.0,0.0,0.0,0.0,0.0,0.0
word,1187,CR-043,0.0,0.0,0.0,0.0,0.0,0.0,0.0
word,1189,HX-028,0.0,0.0,0.0,0.0,0.0,0.0,0.0
word,1210,HV-030,0.0,0.0,0.0,0.0,0.0,0.0,0.0
word,1221,HV-144,0.0,0.0,0.0,0.0,1.0,0.0,0.03571428571428571
word,1232,CF-141,0.0,0.0,0.0,0.0,0.0,0.0,0.0
word,1237,P-330,0.0,0.0,0.0,0.0,0.0,0.0,0.0
word,1316,EV-059,0.0,0.0,0.0,0.0,0.0,0.0,0.0
word,1327,F-137,0.0,0.0,0.0,0.0,0.0,0.0,0.0
word,1329,SC-121,0.0,0.0,0.0,0.0,0.0,0.0,0.0
word,1343,HP-120,0.0,0.0,0.0,0.0,0.0,0.0,0.0
word,1353,K-111,0.0,1.0,1.0,1.0,1.0,0.25,0.25
word,1396,DC-145,0.0,0.0,0.0,0.0,0.0,0.0,0.0
word,1416,SC-143,0.0,0.0,0.0,0.0,0.0,0.0,0.0
word,1418,P-207,0.0,0.0,0.0,0.0,0.0,0.0,0.0
word,1451,BM-138,0.0,0.0,0.0,0.0,1.0,0.0,0.037037037037037035
word,1480,P-235,0.0,0.0,0.0,0.0,0.0,0.0,0.0
word,1488,M-135,0.0,0.0,0.0,0.0,0.0,0.0,0.0
word,1499,DC-140,0.0,0.0,0.0,0.0,0.0,0.0,0.0
word,1504,FM-061,0.0,0.0,0.0,0.0,0.0,0.0,0.0
word,1551,DOS-096,0.0,0.0,0.0,0.0,0.0,0.0,0.0
word,1577,K-268,0.0,0.0,0.0,0.0,0.0,0.0,0.0
word,1585,EV-115,0.0,0.0,0.0,0.0,0.0,0.0,0.0
word,1630,R-039,0.0,0.0,0.0,0.0,0.0,0.0,0.0
word,1639,TK-134,0.0,0.0,0.0,1.0,1.0,0.0,0.06666666666666667
word,1647,P-628,0.0,0.0,0.0,0.0,0.0,0.0,0.0
word,1661,DC-093,0.0,0.0,0.0,0.0,0.0,0.0,0.0
word,1700,TK-171,0.0,0.0,0.0,0.0,0.0,0.0,0.0
word,1710,CV-086,0.0,0.0,0.0,0.0,0.0,0.0,0.0
word,1719,FCC-071,0.0,0.0,0.0,0.0,0.0,0.0,0.0
word,1788,P-368,0.0,0.0,0.0,0.0,0.0,0.0,0.0
word,1789,M-105,0.0,0.0,0.0,0.0,0.0,0.0,0.0
word,1814,K-021,0.0,0.0,0.0,0.0,0.0,0.0,0.0
word,1821,AG-119,0.0,0.0,0.0,0.0,0.0,0.0,0.0
word,1861,AG-110,0.0,0.0,0.0,0.0,0.0,0.0,0.0
word,1865,GB-122,0.0,0.0,0.0,0.0,0.0,0.0,0.0
word,1873,P-173,0.0,0.0,0.0,0.0,0.0,0.0,0.0
word,1898,SC-026,0.0,0.0,0.0,0.0,0.0,0.0,0.0
word,1901,TK-013,0.0,0.0,0.0,0.0,0.0,0.0,0.0
word,1983,TK-144,0.0,0.0,0.0,0.0,0.0,0.0,0.0
word,2010,VP-131,0.0,0.0,0.0,1.0,1.0,0.0,0.07142857142857142
word,2029,CT-050,0.0,0.0,0.0,1.0,1.0,0.0,0.058823529411764705
word,2043,SEP-057,0.0,0.0,1.0,1.0,1.0,0.125,0.125
word,2058,SEP-113,0.0,0.0,0.0,0.0,0.0,0.0,0.0
word,2090,P-170,0.0,0.0,0.0,0.0,0.0,0.0,0.0
word,2128,P-228,0.0,0.0,0.0,0.0,1.0,0.0,0.022727272727272728
word,2130,M-075,0.0,0.0,0.0,0.0,0.0,0.0,0.0
word,2133,GB-043,0.0,0.0,0.0,0.0,0.0,0.0,0.0
word,2146,P-622,0.0,0.0,0.0,0.0,0.0,0.0,0.0
word,2152,M-012,0.0,0.0,0.0,1.0,1.0,0.0,0.05
word,2165,DC-141,0.0,0.0,0.0,0.0,0.0,0.0,0.0
word,2288,HX-023,0.0,0.0,0.0,0.0,0.0,0.0,0.0
word,2293,P-247,0.0,0.0,0.0,0.0,0.0,0.0,0.0
word,2307,P-315,0.0,0.0,0.0,0.0,0.0,0.0,0.0
word,2356,P-321,0.0,0.0,0.0,0.0,0.0,0.0,0.0
word,2392,K-121,0.0,0.0,0.0,0.0,0.0,0.0,0.0
word,2422,K-286,0.0,0.0,0.0,0.0,0.0,0.0,0.0
word,2433,CR-121,0.0,0.0,0.0,0.0,0.0,0.0,0.0
word,2458,P-309,0.0,0.0,0.0,0.0,0.0,0.0,0.0
word,2530,K-244,0.0,0.0,0.0,0.0,0.0,0.0,0.0
word,2575,CV-244,0.0,0.0,1.0,1.0,1.0,0.1,0.1
word,2611,CT-016,0.0,0.0,0.0,0.0,0.0,0.0,0.0
word,2676,P-299,0.0,0.0,0.0,0.0,0.0,0.0,0.0
word,2684,UF-070,0.0,0.0,0.0,0.0,0.0,0.0,0.0
word,2685,SC-109,0.0,0.0,0.0,0.0,0.0,0.0,0.0
word,2706,CV-081,0.0,0.0,0.0,0.0,0.0,0.0,0.0
word,2716,HV-011,0.0,0.0,0.0,0.0,0.0,0.0,0.0
word,2783,DOS-094,0.0,0.0,0.0,0.0,0.0,0.0,0.0
word,2810,GB-133,0.0,0.0,1.0,1.0,1.0,0.14285714285714285,0.14285714285714285
word,2847,BLR-101,0.0,0.0,0.0,0.0,0.0,0.0,0.0
word,2855,CV-032,0.0,0.0,0.0,1.0,1.0,0.0,0.05
word,2858,TK-007,0.0,0.0,0.0,0.0,0.0,0.0,0.0
word,2890,DOS-093,0.0,0.0,0.0,0.0,0.0,0.0,0.0
word,2908,P-102,0.0,0.0,0.0,0.0,0.0,0.0,0.0
word,2922,TK-015,0.0,0.0,0.0,0.0,0.0,0.0,0.0
word,2932,P-289,0.0,0.0,0.0,0.0,0.0,0.0,0.0
word,2936,DP-091,0.0,0.0,1.0,1.0,1.0,0.16666666666666666,0.16666666666666666
word,2989,P-312,0.0,0.0,0.0,0.0,0.0,0.0,0.0
word,3121,TK-066,0.0,0.0,0.0,0.0,0.0,0.0,0.0
word,3147,P-143,0.0,0.0,0.0,0.0,0.0,0.0,0.0
word,3183,R-089,0.0,0.0,0.0,0.0,0.0,0.0,0.0
word,3218,UF-224,0.0,0.0,0.0,0.0,1.0,0.0,0.029411764705882353
word,3224,K-068,0.0,0.0,0.0,0.0,0.0,0.0,0.0
word,3226,CR-121,0.0,0.0,0.0,0.0,0.0,0.0,0.0
word,3240,EX-031,0.0,0.0,0.0,0.0,0.0,0.0,0.0
word,3320,CV-184,0.0,0.0,0.0,0.0,1.0,0.0,0.02
word,3380,DC-139,0.0,0.0,0.0,0.0,0.0,0.0,0.0
word,3505,P-217,0.0,0.0,0.0,1.0,1.0,0.0,0.05555555555555555
word,3525,P-364,0.0,0.0,0.0,0.0,0.0,0.0,0.0
word,3541,HV-040,0.0,0.0,0.0,0.0,0.0,0.0,0.0
word,3595,TK-114,0.0,0.0,0.0,0.0,0.0,0.0,0.0
word,3608,DOS-032,0.0,0.0,0.0,0.0,0.0,0.0,0.0
word,3611,VP-076,0.0,0.0,1.0,1.0,1.0,0.16666666666666666,0.16666666666666666
word,3651,TK-187,0.0,0.0,0.0,0.0,0.0,0.0,0.0
word,3662,SC-110,0.0,0.0,0.0,0.0,0.0,0.0,0.0
word,3683,K-091,0.0,0.0,0.0,0.0,0.0,0.0,0.0
word,3709,P-228,0.0,0.0,0.0,0.0,0.0,0.0,0.0
word,3737,EV-015,0.0,0.0,0.0,0.0,1.0,0.0,0.02
word,3818,SD-102,0.0,0.0,0.0,0.0,0.0,0.0,0.0
word,3855,M-112,0.0,0.0,0.0,0.0,0.0,0.0,0.0
word,3886,P-629,0.0,0.0,0.0,0.0,0.0,0.0,0.0
word,3903,F-023,0.0,0.0,0.0,0.0,0.0,0.0,0.0
word,3918,TK-143,0.0,0.0,0.0,0.0,0.0,0.0,0.0
word,3956,P-118,0.0,0.0,0.0,0.0,0.0,0.0,0.0
word,3958,TK-109,0.0,0.0,0.0,0.0,0.0,0.0,0.0
word,4316,CR-130,0.0,0.0,0.0,0.0,0.0,0.0,0.0
word,4326,P-337,0.0,0.0,0.0,0.0,0.0,0.0,0.0
word,4351,P-159,0.0,0.0,0.0,0.0,0.0,0.0,0.0
word,4353,EX-067,0.0,0.0,0.0,0.0,0.0,0.0,0.0
word,4461,EV-105,0.0,0.0,0.0,0.0,0.0,0.0,0.0
word,4476,GT-021,0.0,0.0,0.0,0.0,0.0,0.0,0.0
word,4485,GS-054,0.0,0.0,0.0,0.0,1.0,0.0,0.03225806451612903
word,4494,DC-122,0.0,0.0,0.0,1.0,1.0,0.0,0.0625
word,4500,AG-027,0.0,0.0,0.0,0.0,0.0,0.0,0.0
word,4531,P-321,0.0,0.0,0.0,0.0,0.0,0.0,0.0
word,4551,RLP-007,0.0,0.0,0.0,0.0,0.0,0.0,0.0
word,4591,R-121,0.0,0.0,0.0,0.0,0.0,0.0,0.0
word,4628,VP-118,0.0,0.0,0.0,0.0,0.0,0.0,0.0
word,4737,P-312,0.0,0.0,0.0,0.0,0.0,0.0,0.0
word,4777,EX-070,0.0,0.0,0.0,0.0,0.0,0.0,0.0
word,4857,P-302,0.0,0.0,0.0,0.0,0.0,0.0,0.0
word,4883,CT-055,0.0,0.0,0.0,0.0,0.0,0.0,0.0
word,4902,K-033,0.0,0.0,0.0,0.0,0.0,0.0,0.0
word,4985,GT-136,0.0,0.0,0.0,0.0,0.0,0.0,0.0
word,5026,M-044,0.0,0.0,0.0,0.0,0.0,0.0,0.0
word,5040,R-127,0.0,0.0,0.0,0.0,0.0,0.0,0.0
word,5143,P-216,0.0,0.0,0.0,0.0,0.0,0.0,0.0
word,5151,BM-124,0.0,0.0,0.0,0.0,0.0,0.0,0.0
word,5159,P-517,0.0,0.0,0.0,0.0,0.0,0.0,0.0
word,5209,P-439,0.0,0.0,0.0,0.0,0.0,0.0,0.0
word,5223,CT-142,0.0,0.0,0.0,0.0,1.0,0.0,0.02857142857142857
word,5298,HX-030,0.0,0.0,0.0,0.0,1.0,0.0,0.022222222222222223
word,5305,TK-075,0.0,0.0,0.0,0.0,0.0,0.0,0.0
word,5322,P-443,0.0,0.0,0.0,0.0,0.0,0.0,0.0
word,5401,SC-034,0.0,0.0,0.0,0.0,0.0,0.0,0.0
word,5407,HV-172,0.0,0.0,0.0,0.0,0.0,0.0,0.0
word,5451,F-107,0.0,0.0,0.0,0.0,0.0,0.0,0.0
word,5468,P-104,0.0,0.0,0.0,0.0,0.0,0.0,0.0
word,5549,CV-039,0.0,0.0,0.0,0.0,0.0,0.0,0.0
word,5604,CT-145,0.0,0.0,0.0,0.0,0.0,0.0,0.0
word,5616,HP-109,0.0,0.0,0.0,0.0,0.0,0.0,0.0
word,5683,TK-054,0.0,0.0,0.0,0.0,0.0,0.0,0.0
word,5692,R-205,0.0,0.0,0.0,0.0,0.0,0.0,0.0
word,5765,GT-144,0.0,0.0,0.0,0.0,0.0,0.0,0.0
word,5786,BLR-038,0.0,0.0,0.0,0.0,0.0,0.0,0.0
word,5846,FM-019,0.0,0.0,0.0,0.0,0.0,0.0,0.0
word,5859,M-058,0.0,0.0,0.0,0.0,0.0,0.0,0.0
word,5886,GS-013,1.0,1.0,1.0,1.0,1.0,1.0,1.0
word,5934,CR-016,0.0,0.0,0.0,0.0,0.0,0.0,0.0
word,5947,P-324,0.0,0.0,0.0,0.0,0.0,0.0,0.0
word,5983,R-038,0.0,0.0,0.0,0.0,0.0,0.0,0.0
word,6007,K-089,0.0,0.0,0.0,0.0,0.0,0.0,0.0
word,6019,DP-097,0.0,0.0,0.0,0.0,0.0,0.0,0.0
word,6028,DC-049,0.0,0.0,0.0,0.0,0.0,0.0,0.0
word,6072,EX-138,0.0,0.0,0.0,0.0,1.0,0.0,0.027777777777777776
word,6152,GS-126,0.0,0.0,0.0,0.0,0.0,0.0,0.0
word,6162,K-272,0.0,0.0,0.0,0.0,0.0,0.0,0.0
word,6210,FCC-039,0.0,0.0,0.0,0.0,0.0,0.0,0.0
word,6215,SEP-116,0.0,0.0,0.0,0.0,0.0,0.0,0.0
word,6265,HV-031,0.0,0.0,0.0,0.0,0.0,0.0,0.0
word,6283,M-044,0.0,0.0,0.0,0.0,0.0,0.0,0.0
word,6304,EX-129,0.0,0.0,0.0,0.0,0.0,0.0,0.0
word,6309,GB-007,0.0,0.0,0.0,0.0,0.0,0.0,0.0
word,6343,SC-104,0.0,0.0,0.0,0.0,0.0,0.0,0.0
word,6363,HV-107,0.0,0.0,1.0,1.0,1.0,0.125,0.125
word,6431,SD-139,0.0,0.0,0.0,0.0,0.0,0.0,0.0
word,6450,GB-107,0.0,0.0,0.0,0.0,0.0,0.0,0.0
word,6544,F-080,0.0,0.0,0.0,0.0,0.0,0.0,0.0
word,6573,TK-103,0.0,1.0,1.0,1.0,1.0,0.25,0.25
word,6626,GB-033,0.0,0.0,0.0,0.0,0.0,0.0,0.0
word,6649,P-705,0.0,0.0,0.0,0.0,0.0,0.0,0.0
word,6663,R-046,0.0,0.0,0.0,0.0,0.0,0.0,0.0
word,6760,P-378,0.0,0.0,0.0,0.0,0.0,0.0,0.0
word,6765,EX-031,0.0,0.0,0.0,1.0,1.0,0.0,0.0625
word,6803,K-226,0.0,0.0,0.0,0.0,0.0,0.0,0.0
word,6807,F-055,0.0,0.0,0.0,0.0,0.0,0.0,0.0
word,6832,P-184,0.0,0.0,0.0,0.0,0.0,0.0,0.0
word,6835,CR-120,0.0,0.0,0.0,0.0,0.0,0.0,0.0
word,6867,HP-084,0.0,0.0,0.0,0.0,0.0,0.0,0.0
word,6883,UF-015,0.0,0.0,1.0,1.0,1.0,0.1,0.1
word,6978,HX-125,0.0,0.0,0.0,0.0,0.0,0.0,0.0
word,7064,P-568,0.0,0.0,0.0,0.0,0.0,0.0,0.0
word,7091,SEP-210,0.0,0.0,0.0,0.0,0.0,0.0,0.0
word,7093,R-110,0.0,1.0,1.0,1.0,1.0,0.3333333333333333,0.3333333333333333
word,7124,P-524,0.0,0.0,0.0,0.0,0.0,0.0,0.0
word,7202,R-133,0.0,0.0,0.0,0.0,0.0,0.0,0.0
word,7224,AG-040,0.0,0.0,0.0,0.0,0.0,0.0,0.0
word,7232,HX-124,0.0,0.0,0.0,1.0,1.0,0.0,0.05263157894736842
word,7257,HP-138,0.0,0.0,0.0,0.0,0.0,0.0,0.0
word,7271,DC-115,0.0,0.0,0.0,0.0,0.0,0.0,0.0
word,7299,GB-017,0.0,0.0,0.0,0.0,0.0,0.0,0.0
word,7353,P-198,0.0,1.0,1.0,1.0,1.0,0.2,0.2
word,7359,P-613,0.0,0.0,0.0,0.0,0.0,0.0,0.0
word,7362,TK-179,0.0,0.0,1.0,1.0,1.0,0.125,0.125
word,7422,R-243,0.0,0.0,0.0,0.0,0.0,0.0,0.0
word,7432,P-275,0.0,0.0,0.0,0.0,0.0,0.0,0.0
word,7457,P-296,0.0,0.0,0.0,0.0,0.0,0.0,0.0
word,7480,HP-112,0.0,0.0,0.0,0.0,0.0,0.0,0.0
word,7520,K-075,0.0,0.0,0.0,0.0,0.0,0.0,0.0
word,7546,F-106,0.0,0.0,0.0,0.0,0.0,0.0,0.0
word,7553,FCC-083,0.0,0.0,0.0,0.0,0.0,0.0,0.0
word,7573,GB-142,0.0,0.0,0.0,0.0,0.0,0.0,0.0
word,7590,R-064,0.0,0.0,1.0,1.0,1.0,0.125,0.125
word,7639,GS-110,0.0,0.0,0.0,0.0,0.0,0.0,0.0
word,7686,SC-049,0.0,0.0,0.0,0.0,0.0,0.0,0.0
word,7709,P-211,0.0,0.0,0.0,1.0,1.0,0.0,0.06666666666666667
word,7721,M-135,0.0,0.0,0.0,0.0,0.0,0.0,0.0
word,7726,EV-131,0.0,0.0,0.0,0.0,0.0,0.0,0.0
word,7753,GT-081,0.0,0.0,0.0,0.0,0.0,0.0,0.0
word,7798,M-117,0.0,0.0,0.0,0.0,0.0,0.0,0.0
word,7812,M-033,0.0,0.0,0.0,0.0,0.0,0.0,0.0
word,7862,HX-092,0.0,0.0,0.0,0.0,0.0,0.0,0.0
word,7885,CV-123,0.0,0.0,0.0,0.0,0.0,0.0,0.0
word,7930,HP-108,0.0,0.0,0.0,0.0,0.0,0.0,0.0
word,7942,P-695,0.0,0.0,0.0,0.0,0.0,0.0,0.0
word,7952,HX-059,0.0,0.0,0.0,0.0,0.0,0.0,0.0
word,7981,M-047,0.0,0.0,0.0,0.0,0.0,0.0,0.0
word,8038,TRB-140,0.0,0.0,0.0,0.0,0.0,0.0,0.0
word,8057,CT-115,0.0,0.0,0.0,0.0,1.0,0.0,0.02127659574468085
word,8098,TK-111,0.0,0.0,0.0,0.0,0.0,0.0,0.0
word,8107,K-146,0.0,0.0,0.0,0.0,0.0,0.0,0.0
word,8226,GB-104,0.0,0.0,0.0,0.0,0.0,0.0,0.0
word,8303,GB-139,0.0,0.0,0.0,0.0,0.0,0.0,0.0
word,8310,M-110,0.0,0.0,0.0,0.0,0.0,0.0,0.0
word,8360,DOS-140,0.0,0.0,0.0,0.0,0.0,0.0,0.0
word,8423,AG-013,0.0,0.0,0.0,0.0,0.0,0.0,0.0
word,8455,P-591,0.0,0.0,0.0,0.0,0.0,0.0,0.0
word,8612,UF-084,0.0,0.0,0.0,0.0,1.0,0.0,0.024390243902439025
word,8621,P-217,0.0,0.0,0.0,0.0,0.0,0.0,0.0
word,8643,VP-031,0.0,0.0,0.0,0.0,0.0,0.0,0.0
word,8709,DC-085,0.0,0.0,0.0,0.0,0.0,0.0,0.0
word,8748,DOS-103,0.0,0.0,0.0,0.0,1.0,0.0,0.029411764705882353
word,8796,TK-158,0.0,0.0,0.0,0.0,0.0,0.0,0.0
word,8811,P-199,0.0,0.0,0.0,0.0,0.0,0.0,0.0
word,8817,P-326,0.0,0.0,0.0,0.0,0.0,0.0,0.0
word,8863,P-730,0.0,0.0,0.0,0.0,0.0,0.0,0.0
word,8908,P-729,0.0,0.0,0.0,0.0,0.0,0.0,0.0
word,8932,GB-091,0.0,0.0,0.0,0.0,0.0,0.0,0.0
word,8979,AG-137,0.0,0.0,0.0,0.0,0.0,0.0,0.0
word,9144,BM-124,0.0,0.0,0.0,0.0,0.0,0.0,0.0
word,9154,P-436,0.0,0.0,0.0,0.0,0.0,0.0,0.0
word,9244,TK-039,0.0,0.0,0.0,0.0,1.0,0.0,0.03225806451612903
word,9288,K-139,0.0,0.0,0.0,0.0,0.0,0.0,0.0
word,9355,SD-144,0.0,0.0,1.0,1.0,1.0,0.1111111111111111,0.1111111111111111
word,9384,BM-041,0.0,0.0,0.0,0.0,0.0,0.0,0.0
word,9389,M-003,0.0,0.0,0.0,0.0,0.0,0.0,0.0
word,9398,TK-034,0.0,0.0,0.0,0.0,0.0,0.0,0.0
word,9448,SC-007,0.0,0.0,0.0,0.0,0.0,0.0,0.0
word,9572,DOS-118,0.0,0.0,0.0,0.0,1.0,0.0,0.023255813953488372
word,9615,R-245,0.0,0.0,0.0,0.0,0.0,0.0,0.0
word,9682,M-054,0.0,0.0,0.0,0.0,0.0,0.0,0.0
word,9696,SC-227,0.0,0.0,0.0,0.0,0.0,0.0,0.0
word,9700,FCC-047,0.0,0.0,0.0,0.0,1.0,0.0,0.03225806451612903
word,9702,HX-107,0.0,0.0,0.0,0.0,0.0,0.0,0.0
word,9711,VP-115,0.0,0.0,0.0,0.0,0.0,0.0,0.0
word,9714,HX-083,0.0,0.0,0.0,0.0,0.0,0.0,0.0
word,9762,SC-143,0.0,0.0,0.0,0.0,0.0,0.0,0.0
word,9768,GS-074,0.0,0.0,0.0,0.0,0.0,0.0,0.0
word,9806,FM-006,0.0,0.0,0.0,0.0,0.0,0.0,0.0
word,9892,P-436,0.0,0.0,0.0,0.0,0.0,0.0,0.0
word,9896,UF-029,0.0,0.0,0.0,0.0,0.0,0.0,0.0
word,9909,P-301,0.0,0.0,0.0,0.0,0.0,0.0,0.0
word,9920,P-243,0.0,0.0,0.0,0.0,0.0,0.0,0.0
word,9921,P-313,0.0,0.0,0.0,0.0,0.0,0.0,0.0
word,9928,GB-141,0.0,0.0,0.0,0.0,0.0,0.0,0.0
word,9947,P-481,0.0,0.0,0.0,0.0,0.0,0.0,0.0
word,10079,P-569,0.0,0.0,0.0,0.0,0.0,0.0,0.0
word,10118,HV-108,0.0,0.0,1.0,1.0,1.0,0.1,0.1
word,10130,K-178,0.0,0.0,0.0,0.0,0.0,0.0,0.0
word,10191,F-014,0.0,0.0,0.0,0.0,0.0,0.0,0.0
word,10199,K-203,0.0,0.0,0.0,0.0,0.0,0.0,0.0
word,10204,HV-034,0.0,0.0,0.0,0.0,0.0,0.0,0.0
word,10213,CV-128,0.0,0.0,0.0,0.0,1.0,0.0,0.034482758620689655
word,10223,VP-039,0.0,0.0,0.0,0.0,0.0,0.0,0.0
word,10252,P-408,0.0,0.0,0.0,0.0,0.0,0.0,0.0
word,10263,DRY-030,0.0,0.0,0.0,0.0,0.0,0.0,0.0
word,10269,SC-014,0.0,0.0,0.0,0.0,0.0,0.0,0.0
word,10344,M-073,0.0,0.0,0.0,0.0,1.0,0.0,0.024390243902439025
word,10380,TK-108,0.0,0.0,0.0,0.0,0.0,0.0,0.0
word,10421,CF-023,0.0,0.0,0.0,0.0,0.0,0.0,0.0
word,10444,K-288,0.0,0.0,0.0,0.0,0.0,0.0,0.0
word,10454,EX-065,0.0,0.0,0.0,0.0,0.0,0.0,0.0
word,10473,P-328,0.0,0.0,0.0,0.0,0.0,0.0,0.0
word,10493,HX-208,0.0,0.0,0.0,0.0,0.0,0.0,0.0
word,10526,P-169,0.0,0.0,0.0,0.0,0.0,0.0,0.0
word,10575,P-370,0.0,0.0,0.0,0.0,0.0,0.0,0.0
word,10590,HX-107,0.0,0.0,0.0,1.0,1.0,0.0,0.058823529411764705
word,10608,TK-106,0.0,0.0,0.0,0.0,0.0,0.0,0.0
word,10627,P-365,0.0,0.0,0.0,0.0,0.0,0.0,0.0
word,10630,HV-049,0.0,0.0,0.0,0.0,0.0,0.0,0.0
word,10632,P-262,0.0,0.0,0.0,0.0,0.0,0.0,0.0
word,10647,R-069,0.0,0.0,0.0,0.0,1.0,0.0,0.03333333333333333
word,10704,CR-123,0.0,0.0,0.0,0.0,0.0,0.0,0.0
word,10755,BM-143,0.0,0.0,0.0,0.0,0.0,0.0,0.0
word,10780,P-234,0.0,0.0,0.0,0.0,0.0,0.0,0.0
word,10789,P-204,0.0,0.0,0.0,0.0,0.0,0.0,0.0
word,10825,HV-102,0.0,0.0,0.0,0.0,0.0,0.0,0.0
word,10828,M-014,0.0,0.0,0.0,0.0,0.0,0.0,0.0
word,10932,SC-014,0.0,0.0,0.0,0.0,1.0,0.0,0.030303030303030304
word,10939,GT-104,0.0,0.0,0.0,0.0,0.0,0.0,0.0
word,10966,P-362,0.0,0.0,0.0,0.0,0.0,0.0,0.0
word,10970,CF-100,0.0,0.0,0.0,0.0,0.0,0.0,0.0
word,10981,GB-068,0.0,0.0,0.0,0.0,0.0,0.0,0.0
word,11002,VP-054,0.0,0.0,0.0,0.0,1.0,0.0,0.041666666666666664
word,11009,TK-204,0.0,0.0,0.0,0.0,0.0,0.0,0.0
word,11068,SC-103,0.0,0.0,0.0,0.0,0.0,0.0,0.0
word,11101,CV-272,0.0,0.0,0.0,0.0,0.0,0.0,0.0
word,11149,P-602,0.0,0.0,0.0,0.0,0.0,0.0,0.0
word,11165,RLP-059,0.0,0.0,0.0,0.0,0.0,0.0,0.0
word,11173,K-016,0.0,0.0,0.0,0.0,0.0,0.0,0.0
word,11200,AG-090,0.0,0.0,0.0,0.0,0.0,0.0,0.0
word,11221,TK-113,0.0,0.0,0.0,0.0,1.0,0.0,0.03125
word,11278,P-682,0.0,0.0,0.0,0.0,0.0,0.0,0.0
word,11282,M-039,0.0,0.0,0.0,0.0,0.0,0.0,0.0
word,11372,P-204,0.0,0.0,0.0,0.0,0.0,0.0,0.0
word,11373,UF-092,0.0,0.0,0.0,0.0,1.0,0.0,0.030303030303030304
word,11385,CF-013,0.0,0.0,0.0,0.0,0.0,0.0,0.0
word,11400,P-228,0.0,0.0,0.0,0.0,0.0,0.0,0.0
word,11403,CV-050,0.0,0.0,0.0,0.0,0.0,0.0,0.0
word,11458,CV-241,0.0,0.0,0.0,0.0,0.0,0.0,0.0
word,11467,CF-102,0.0,0.0,0.0,0.0,0.0,0.0,0.0
word,11474,GB-112,0.0,0.0,0.0,0.0,0.0,0.0,0.0
word,11580,K-132,0.0,0.0,0.0,0.0,0.0,0.0,0.0
word,11584,BM-115,0.0,0.0,0.0,1.0,1.0,0.0,0.05
word,11622,M-146,0.0,0.0,0.0,1.0,1.0,0.0,0.05555555555555555
word,11673,SC-006,0.0,0.0,0.0,0.0,0.0,0.0,0.0
word,11701,HX-127,0.0,0.0,0.0,0.0,0.0,0.0,0.0
word,11713,BM-063,0.0,0.0,0.0,0.0,0.0,0.0,0.0
word,11820,FCC-040,1.0,1.0,1.0,1.0,1.0,1.0,1.0
word,11917,BLR-043,0.0,0.0,0.0,0.0,0.0,0.0,0.0
word,11959,P-501,0.0,0.0,0.0,0.0,0.0,0.0,0.0
word,11974,M-057,0.0,0.0,0.0,0.0,0.0,0.0,0.0
word,11997,P-224,0.0,0.0,0.0,0.0,1.0,0.0,0.021739130434782608
word,12047,F-011,0.0,0.0,0.0,0.0,1.0,0.0,0.030303030303030304
word,12076,FM-056,0.0,0.0,0.0,0.0,0.0,0.0,0.0
word,12080,HP-056,0.0,0.0,0.0,0.0,0.0,0.0,0.0
word,12214,P-271,0.0,0.0,0.0,0.0,0.0,0.0,0.0
word,12238,BLR-103,0.0,0.0,0.0,0.0,0.0,0.0,0.0
word,12262,P-287,0.0,0.0,0.0,0.0,0.0,0.0,0.0
word,12303,BLR-046,0.0,0.0,0.0,0.0,0.0,0.0,0.0
word,12316,SC-038,0.0,0.0,0.0,0.0,0.0,0.0,0.0
word,12330,P-596,0.0,0.0,0.0,0.0,0.0,0.0,0.0
word,12340,BLR-046,0.0,0.0,0.0,0.0,0.0,0.0,0.0
word,12437,K-064,0.0,0.0,0.0,0.0,0.0,0.0,0.0
word,12449,M-037,0.0,1.0,1.0,1.0,1.0,0.2,0.2
word,12468,P-536,0.0,0.0,0.0,0.0,0.0,0.0,0.0
word,12503,EV-136,0.0,0.0,0.0,0.0,0.0,0.0,0.0
word,12519,P-351,0.0,0.0,0.0,0.0,0.0,0.0,0.0
word,12533,GT-073,0.0,0.0,0.0,0.0,1.0,0.0,0.038461538461538464
word,12567,P-245,0.0,0.0,0.0,0.0,1.0,0.0,0.023809523809523808
word,12738,M-074,0.0,0.0,0.0,0.0,0.0,0.0,0.0
word,12757,VP-092,0.0,0.0,0.0,0.0,0.0,0.0,0.0
word,12850,P-677,0.0,0.0,0.0,0.0,0.0,0.0,0.0
word,12890,SC-019,0.0,0.0,0.0,0.0,0.0,0.0,0.0
word,12907,P-309,0.0,0.0,0.0,0.0,0.0,0.0,0.0
word,13027,BM-004,0.0,0.0,0.0,0.0,0.0,0.0,0.0
word,13073,UF-093,0.0,0.0,0.0,0.0,1.0,0.0,0.047619047619047616
word,13091,TK-038,0.0,0.0,0.0,0.0,0.0,0.0,0.0
word,13158,TK-225,0.0,0.0,0.0,0.0,0.0,0.0,0.0
word,13168,TK-110,0.0,0.0,0.0,0.0,0.0,0.0,0.0
word,13229,K-108,0.0,0.0,0.0,0.0,0.0,0.0,0.0
word,13233,P-206,0.0,0.0,0.0,0.0,0.0,0.0,0.0
word,13319,GT-023,0.0,0.0,0.0,0.0,0.0,0.0,0.0
word,13337,CF-057,0.0,0.0,0.0,0.0,0.0,0.0,0.0
word,13346,P-218,0.0,0.0,0.0,0.0,0.0,0.0,0.0
word,13409,P-290,0.0,0.0,0.0,0.0,0.0,0.0,0.0
word,13481,GT-064,0.0,0.0,0.0,0.0,0.0,0.0,0.0
word,13541,K-031,0.0,0.0,0.0,0.0,0.0,0.0,0.0
word,13562,K-096,0.0,0.0,0.0,0.0,0.0,0.0,0.0
word,13581,VP-014,0.0,0.0,0.0,0.0,0.0,0.0,0.0
word,13585,P-415,0.0,0.0,0.0,0.0,0.0,0.0,0.0
word,13607,DC-022,0.0,0.0,0.0,0.0,0.0,0.0,0.0
word,13643,P-397,0.0,0.0,0.0,0.0,0.0,0.0,0.0
word,13651,P-719,0.0,0.0,0.0,0.0,0.0,0.0,0.0
word,13657,CT-022,0.0,0.0,0.0,0.0,0.0,0.0,0.0
word,13752,HX-059,0.0,0.0,0.0,0.0,0.0,0.0,0.0
word,13836,CF-145,0.0,0.0,0.0,0.0,0.0,0.0,0.0
word,13839,CV-230,0.0,0.0,0.0,0.0,0.0,0.0,0.0
word,13880,HP-047,0.0,0.0,0.0,0.0,1.0,0.0,0.02040816326530612
word,13883,TK-144,0.0,0.0,0.0,0.0,0.0,0.0,0.0
word,13906,GB-006,0.0,0.0,0.0,0.0,0.0,0.0,0.0
word,13931,HX-061,0.0,0.0,0.0,0.0,0.0,0.0,0.0
word,13941,P-223,0.0,0.0,0.0,0.0,0.0,0.0,0.0
word,13956,F-243,0.0,0.0,0.0,0.0,0.0,0.0,0.0
word,14052,FM-107,0.0,0.0,0.0,0.0,0.0,0.0,0.0
word,14122,P-366,0.0,0.0,0.0,0.0,0.0,0.0,0.0
word,14132,M-134,0.0,0.0,0.0,0.0,1.0,0.0,0.024390243902439025
word,14140,DC-044,0.0,0.0,0.0,0.0,0.0,0.0,0.0
word,14188,CT-103,0.0,0.0,0.0,0.0,0.0,0.0,0.0
word,14229,R-138,0.0,0.0,0.0,0.0,0.0,0.0,0.0
word,14243,P-219,0.0,0.0,0.0,0.0,0.0,0.0,0.0
word,14298,P-313,0.0,0.0,0.0,0.0,0.0,0.0,0.0
word,14339,M-062,0.0,0.0,0.0,0.0,0.0,0.0,0.0
word,14428,VP-125,0.0,0.0,0.0,0.0,0.0,0.0,0.0
word,14483,P-476,0.0,0.0,0.0,0.0,0.0,0.0,0.0
word,14520,HX-050,0.0,0.0,0.0,0.0,0.0,0.0,0.0
word,14639,TRB-097,0.0,0.0,0.0,0.0,0.0,0.0,0.0
word,14660,SC-139,0.0,0.0,0.0,0.0,0.0,0.0,0.0
word,14683,BM-115,0.0,0.0,0.0,0.0,1.0,0.0,0.02564102564102564
word,14784,M-106,0.0,0.0,0.0,0.0,0.0,0.0,0.0
word,14788,P-308,0.0,0.0,0.0,0.0,0.0,0.0,0.0
word,14805,F-087,0.0,0.0,0.0,0.0,0.0,0.0,0.0
word,14820,TRB-133,0.0,0.0,0.0,0.0,0.0,0.0,0.0
word,14870,CT-058,0.0,0.0,0.0,0.0,0.0,0.0,0.0
word,14892,P-438,0.0,0.0,0.0,0.0,0.0,0.0,0.0
word,14904,CV-056,0.0,0.0,0.0,0.0,0.0,0.0,0.0
word,14930,P-244,0.0,0.0,0.0,0.0,0.0,0.0,0.0
word,15041,GB-087,0.0,0.0,0.0,1.0,1.0,0.0,0.07692307692307693
word,15044,TRB-136,0.0,0.0,0.0,0.0,0.0,0.0,0.0
word,15050,TRB-131,0.0,0.0,0.0,0.0,0.0,0.0,0.0
word,15084,F-176,0.0,0.0,0.0,0.0,0.0,0.0,0.0
word,15103,HP-133,0.0,0.0,0.0,0.0,1.0,0.0,0.02127659574468085
word,15169,P-219,0.0,0.0,0.0,0.0,0.0,0.0,0.0
word,15181,GS-124,0.0,0.0,0.0,0.0,0.0,0.0,0.0
word,15232,TK-315,0.0,0.0,0.0,0.0,0.0,0.0,0.0
word,15318,R-082,0.0,0.0,0.0,0.0,0.0,0.0,0.0
word,15368,R-070,0.0,0.0,0.0,0.0,0.0,0.0,0.0
word,15413,VP-064,0.0,0.0,0.0,0.0,0.0,0.0,0.0
word,15416,HV-213,0.0,0.0,0.0,0.0,0.0,0.0,0.0
word,15453,DP-123,0.0,0.0,0.0,0.0,0.0,0.0,0.0
word,15472,TK-243,0.0,0.0,0.0,0.0,0.0,0.0,0.0
word,15481,P-159,0.0,0.0,0.0,0.0,0.0,0.0,0.0
word,15524,HX-125,0.0,0.0,0.0,0.0,0.0,0.0,0.0
word,15539,P-419,0.0,1.0,1.0,1.0,1.0,0.2,0.2
word,15619,CT-107,0.0,0.0,0.0,0.0,0.0,0.0,0.0
word,15677,TK-194,0.0,0.0,0.0,0.0,0.0,0.0,0.0
word,15721,CR-047,0.0,0.0,0.0,0.0,0.0,0.0,0.0
word,15723,P-592,0.0,0.0,0.0,0.0,0.0,0.0,0.0
word,15728,SD-121,0.0,0.0,0.0,0.0,0.0,0.0,0.0
word,15775,M-036,0.0,0.0,0.0,0.0,0.0,0.0,0.0
word,15786,CT-091,0.0,0.0,0.0,0.0,0.0,0.0,0.0
word,15844,GT-142,0.0,0.0,0.0,0.0,0.0,0.0,0.0
word,15915,F-122,0.0,0.0,0.0,0.0,0.0,0.0,0.0
word,15938,TK-334,0.0,0.0,0.0,0.0,0.0,0.0,0.0
word,16020,M-025,0.0,0.0,0.0,0.0,1.0,0.0,0.02857142857142857
word,16042,DOS-083,0.0,0.0,0.0,0.0,0.0,0.0,0.0
word,16055,K-214,0.0,0.0,0.0,0.0,0.0,0.0,0.0
word,16059,HX-145,0.0,0.0,0.0,0.0,0.0,0.0,0.0
word,16087,P-743,0.0,0.0,0.0,0.0,0.0,0.0,0.0
word,16118,F-053,0.0,0.0,0.0,0.0,0.0,0.0,0.0
word,16133,HX-044,0.0,0.0,0.0,0.0,0.0,0.0,0.0
word,16181,K-015,0.0,0.0,0.0,0.0,0.0,0.0,0.0
word,16182,CV-079,0.0,0.0,0.0,0.0,1.0,0.0,0.024390243902439025
word,16188,DRY-128,0.0,0.0,0.0,0.0,0.0,0.0,0.0
word,16193,HP-047,0.0,0.0,0.0,0.0,0.0,0.0,0.0
word,16199,HX-068,0.0,0.0,0.0,0.0,0.0,0.0,0.0
word,16257,DC-065,0.0,0.0,0.0,0.0,0.0,0.0,0.0
word,16258,AG-049,1.0,1.0,1.0,1.0,1.0,1.0,1.0
word,16296,BM-108,0.0,0.0,0.0,0.0,0.0,0.0,0.0
word,16316,SD-033,0.0,0.0,0.0,0.0,0.0,0.0,0.0
word,16375,BLR-111,0.0,1.0,1.0,1.0,1.0,0.25,0.25
word,16402,P-534,0.0,0.0,0.0,0.0,0.0,0.0,0.0
word,16416,HV-116,0.0,0.0,0.0,0.0,0.0,0.0,0.0
word,16474,TK-046,0.0,0.0,0.0,0.0,0.0,0.0,0.0
word,16476,DC-137,0.0,0.0,0.0,0.0,0.0,0.0,0.0
word,16485,CT-106,0.0,0.0,0.0,0.0,0.0,0.0,0.0
word,16515,K-100,0.0,0.0,0.0,0.0,0.0,0.0,0.0
word,16519,TK-068,0.0,0.0,0.0,0.0,0.0,0.0,0.0
word,16601,P-546,0.0,0.0,0.0,0.0,0.0,0.0,0.0
word,16726,HV-032,0.0,0.0,0.0,0.0,0.0,0.0,0.0
word,16768,P-142,0.0,0.0,0.0,0.0,0.0,0.0,0.0
word,16778,DOS-078,0.0,0.0,0.0,0.0,0.0,0.0,0.0
word,16793,DP-108,0.0,0.0,0.0,0.0,0.0,0.0,0.0
word,16825,SD-105,0.0,0.0,0.0,0.0,0.0,0.0,0.0
word,16858,HV-105,0.0,0.0,0.0,0.0,1.0,0.0,0.03571428571428571
word,16901,P-402,0.0,0.0,0.0,0.0,0.0,0.0,0.0
word,16961,CV-058,0.0,0.0,0.0,0.0,0.0,0.0,0.0
word,16982,CV-046,0.0,0.0,0.0,0.0,0.0,0.0,0.0
word,16990,TK-229,0.0,0.0,0.0,0.0,0.0,0.0,0.0
word,17021,UF-110,0.0,0.0,0.0,1.0,1.0,0.0,0.0625
word,17112,P-501,0.0,0.0,0.0,0.0,0.0,0.0,0.0
word,17123,P-341,0.0,0.0,0.0,0.0,0.0,0.0,0.0
word,17154,TK-049,0.0,0.0,0.0,0.0,1.0,0.0,0.03125
word,17173,HX-206,0.0,0.0,0.0,0.0,0.0,0.0,0.0
word,17180,CV-071,0.0,0.0,0.0,0.0,0.0,0.0,0.0
word,17184,HV-127,0.0,0.0,0.0,0.0,0.0,0.0,0.0
word,17203,M-089,0.0,0.0,0.0,0.0,0.0,0.0,0.0
word,17283,P-479,0.0,0.0,0.0,0.0,0.0,0.0,0.0
word,17299,M-078,0.0,0.0,0.0,0.0,1.0,0.0,0.030303030303030304
word,17308,BLR-075,0.0,0.0,0.0,0.0,0.0,0.0,0.0
word,17318,GB-102,0.0,0.0,0.0,0.0,0.0,0.0,0.0
word,17326,P-209,0.0,0.0,0.0,0.0,0.0,0.0,0.0
word,17332,GB-079,0.0,0.0,0.0,0.0,0.0,0.0,0.0
word,17347,SC-052,0.0,0.0,0.0,0.0,0.0,0.0,0.0
word,17349,R-073,0.0,0.0,0.0,0.0,0.0,0.0,0.0
word,17369,M-133,0.0,0.0,0.0,0.0,1.0,0.0,0.047619047619047616
word,17380,BLR-101,0.0,0.0,0.0,0.0,0.0,0.0,0.0
word,17385,CV-128,0.0,0.0,0.0,1.0,1.0,0.0,0.05
word,17394,HV-052,0.0,0.0,0.0,0.0,0.0,0.0,0.0
word,17467,P-332,0.0,0.0,0.0,0.0,0.0,0.0,0.0
word,17592,TK-290,0.0,0.0,0.0,0.0,0.0,0.0,0.0
word,17597,P-582,0.0,0.0,0.0,0.0,0.0,0.0,0.0
word,17620,HV-031,0.0,0.0,0.0,0.0,0.0,0.0,0.0
word,17653,F-233,0.0,0.0,0.0,0.0,0.0,0.0,0.0
word,17664,P-215,0.0,0.0,0.0,0.0,0.0,0.0,0.0
word,17690,P-210,0.0,0.0,0.0,0.0,0.0,0.0,0.0
word,17749,P-338,0.0,0.0,0.0,0.0,0.0,0.0,0.0
word,17843,P-144,0.0,0.0,0.0,0.0,0.0,0.0,0.0
word,17864,F-054,0.0,0.0,0.0,0.0,0.0,0.0,0.0
word,17884,GB-069,0.0,0.0,0.0,0.0,0.0,0.0,0.0
word,17924,F-070,0.0,0.0,0.0,0.0,0.0,0.0,0.0
word,17985,GS-004,0.0,0.0,0.0,0.0,0.0,0.0,0.0
word,18060,CT-108,0.0,0.0,0.0,0.0,1.0,0.0,0.023255813953488372
word,18071,P-303,0.0,0.0,0.0,0.0,0.0,0.0,0.0
word,18093,TK-059,0.0,0.0,0.0,0.0,0.0,0.0,0.0
word,18101,BLR-143,0.0,0.0,0.0,0.0,0.0,0.0,0.0
word,18176,DRY-112,0.0,0.0,0.0,0.0,0.0,0.0,0.0
word,18184,FM-121,0.0,0.0,0.0,0.0,0.0,0.0,0.0
word,18230,CF-111,0.0,0.0,0.0,0.0,0.0,0.0,0.0
word,18250,SC-008,0.0,0.0,0.0,0.0,0.0,0.0,0.0
word,18256,F-013,0.0,0.0,0.0,0.0,1.0,0.0,0.03125
word,18291,CF-140,0.0,0.0,0.0,0.0,0.0,0.0,0.0
word,18354,GS-128,0.0,0.0,0.0,0.0,1.0,0.0,0.02040816326530612
word,18355,SC-101,0.0,0.0,0.0,0.0,0.0,0.0,0.0
word,18369,P-356,0.0,0.0,0.0,0.0,0.0,0.0,0.0
word,18394,DOS-067,0.0,0.0,0.0,0.0,0.0,0.0,0.0
word,18437,CV-049,0.0,0.0,0.0,1.0,1.0,0.0,0.05263157894736842
word,18441,M-120,0.0,0.0,0.0,0.0,0.0,0.0,0.0
word,18451,AG-126,0.0,0.0,0.0,0.0,0.0,0.0,0.0
word,18477,P-264,0.0,0.0,0.0,0.0,0.0,0.0,0.0
word,18535,M-080,0.0,0.0,0.0,0.0,0.0,0.0,0.0
word,18548,M-077,0.0,0.0,0.0,0.0,0.0,0.0,0.0
word,18598,K-104,0.0,0.0,0.0,0.0,0.0,0.0,0.0
word,18648,CR-143,0.0,0.0,0.0,0.0,1.0,0.0,0.02631578947368421
word,18671,UF-070,0.0,0.0,0.0,0.0,1.0,0.0,0.037037037037037035
word,18730,P-508,0.0,0.0,0.0,0.0,0.0,0.0,0.0
word,18741,TRB-104,0.0,0.0,0.0,1.0,1.0,0.0,0.05263157894736842
word,18751,GS-104,0.0,0.0,0.0,0.0,0.0,0.0,0.0
word,18790,M-104,0.0,0.0,0.0,0.0,0.0,0.0,0.0
word,18799,K-144,0.0,0.0,1.0,1.0,1.0,0.14285714285714285,0.14285714285714285
word,18815,R-294,0.0,0.0,0.0,0.0,0.0,0.0,0.0
word,18818,P-665,0.0,0.0,0.0,0.0,0.0,0.0,0.0
word,18848,HX-075,0.0,0.0,0.0,0.0,0.0,0.0,0.0
word,18890,P-459,0.0,0.0,0.0,0.0,0.0,0.0,0.0
word,18951,F-212,0.0,0.0,0.0,0.0,0.0,0.0,0.0
word,19249,RLP-069,0.0,0.0,0.0,0.0,0.0,0.0,0.0
word,19272,CV-305,0.0,0.0,0.0,0.0,0.0,0.0,0.0
word,19351,HX-047,0.0,0.0,0.0,0.0,0.0,0.0,0.0
word,19463,BM-080,1.0,1.0,1.0,1.0,1.0,1.0,1.0
word,19467,K-039,0.0,0.0,0.0,0.0,0.0,0.0,0.0
word,19469,HX-136,0.0,0.0,0.0,0.0,0.0,0.0,0.0
word,19494,GB-125,0.0,0.0,0.0,0.0,0.0,0.0,0.0
word,19546,BLR-079,0.0,0.0,0.0,0.0,0.0,0.0,0.0
word,19676,P-667,0.0,0.0,0.0,0.0,0.0,0.0,0.0
word,19693,F-133,0.0,0.0,0.0,0.0,0.0,0.0,0.0
word,19704,HX-226,0.0,0.0,0.0,0.0,0.0,0.0,0.0
word,19732,EX-057,0.0,0.0,0.0,0.0,0.0,0.0,0.0
word,19754,P-692,0.0,0.0,0.0,0.0,0.0,0.0,0.0
word,19881,TK-199,0.0,0.0,0.0,0.0,0.0,0.0,0.0
word,19968,P-121,0.0,0.0,0.0,0.0,0.0,0.0,0.0
word,20016,GB-029,0.0,0.0,0.0,0.0,0.0,0.0,0.0
word,20085,P-125,0.0,0.0,0.0,0.0,0.0,0.0,0.0
word,20097,P-222,0.0,0.0,0.0,0.0,0.0,0.0,0.0
word,20102,P-134,0.0,0.0,0.0,0.0,0.0,0.0,0.0
word,20114,P-429,0.0,0.0,0.0,0.0,0.0,0.0,0.0
word,20158,HP-105,0.0,0.0,0.0,0.0,0.0,0.0,0.0
word,20168,HX-032,0.0,0.0,0.0,0.0,0.0,0.0,0.0
word,20316,DRY-01,0.0,0.0,0.0,0.0,0.0,0.0,0.0
word,20360,TK-140,1.0,1.0,1.0,1.0,1.0,1.0,1.0
word,20385,P-182,0.0,0.0,0.0,0.0,0.0,0.0,0.0
word,20390,P-319,0.0,0.0,0.0,0.0,0.0,0.0,0.0
word,20406,F-015,0.0,0.0,0.0,0.0,1.0,0.0,0.030303030303030304
word,20472,TK-254,0.0,0.0,0.0,0.0,0.0,0.0,0.0
word,20473,BM-080,0.0,0.0,0.0,0.0,0.0,0.0,0.0
word,20500,TRB-050,0.0,0.0,1.0,1.0,1.0,0.125,0.125
word,20539,F-216,0.0,0.0,0.0,0.0,1.0,0.0,0.02
word,20559,EV-076,0.0,0.0,0.0,0.0,0.0,0.0,0.0
word,20563,GT-104,0.0,0.0,0.0,0.0,0.0,0.0,0.0
word,20587,SD-062,0.0,0.0,0.0,0.0,1.0,0.0,0.04
word,20614,F-010,0.0,0.0,0.0,0.0,1.0,0.0,0.024390243902439025
word,20622,M-133,0.0,0.0,0.0,0.0,0.0,0.0,0.0
word,20717,P-354,0.0,0.0,0.0,0.0,0.0,0.0,0.0
word,20723,HP-128,0.0,0.0,0.0,0.0,0.0,0.0,0.0
word,20725,DOS-091,0.0,1.0,1.0,1.0,1.0,0.25,0.25
word,20730,K-149,0.0,0.0,0.0,0.0,0.0,0.0,0.0
word,20873,P-261,0.0,0.0,0.0,0.0,0.0,0.0,0.0
word,20887,TK-004,0.0,0.0,0.0,0.0,0.0,0.0,0.0
word,20920,EV-133,0.0,0.0,0.0,0.0,0.0,0.0,0.0
word,20921,P-517,0.0,0.0,0.0,0.0,0.0,0.0,0.0
word,20998,TK-103,0.0,0.0,0.0,0.0,1.0,0.0,0.02040816326530612
word,21018,TK-118,0.0,0.0,0.0,0.0,0.0,0.0,0.0
word,21042,FM-023,0.0,0.0,0.0,1.0,1.0,0.0,0.05
word,21045,HX-341,0.0,0.0,0.0,0.0,0.0,0.0,0.0
word,21054,M-117,0.0,0.0,0.0,0.0,0.0,0.0,0.0
word,21055,AG-031,0.0,0.0,0.0,0.0,0.0,0.0,0.0
word,21148,R-126,0.0,0.0,0.0,0.0,0.0,0.0,0.0
word,21159,P-339,0.0,0.0,0.0,0.0,0.0,0.0,0.0
word,21194,K-102,0.0,0.0,0.0,0.0,0.0,0.0,0.0
word,21259,HX-090,0.0,0.0,0.0,0.0,0.0,0.0,0.0
word,21271,SEP-111,0.0,0.0,0.0,0.0,0.0,0.0,0.0
word,21306,P-262,0.0,0.0,0.0,0.0,0.0,0.0,0.0
word,21364,P-196,0.0,0.0,0.0,0.0,0.0,0.0,0.0
word,21389,P-114,0.0,0.0,0.0,0.0,0.0,0.0,0.0
word,21505,M-066,0.0,0.0,0.0,0.0,0.0,0.0,0.0
word,21519,CF-140,0.0,0.0,0.0,0.0,0.0,0.0,0.0
word,21532,TK-209,0.0,0.0,0.0,0.0,0.0,0.0,0.0
word,21539,P-133,0.0,0.0,0.0,0.0,0.0,0.0,0.0
word,21598,HV-061,0.0,0.0,0.0,0.0,0.0,0.0,0.0
word,21605,BM-107,0.0,0.0,0.0,0.0,0.0,0.0,0.0
word,21661,M-146,0.0,0.0,0.0,0.0,1.0,0.0,0.047619047619047616
word,21662,FM-106,0.0,0.0,0.0,0.0,0.0,0.0,0.0
word,21689,VP-122,0.0,0.0,0.0,0.0,0.0,0.0,0.0
word,21698,M-081,0.0,0.0,0.0,0.0,0.0,0.0,0.0
word,21815,TK-120,0.0,0.0,0.0,0.0,0.0,0.0,0.0
word,21828,EX-132,0.0,0.0,0.0,0.0,0.0,0.0,0.0
word,21914,P-439,0.0,0.0,0.0,0.0,0.0,0.0,0.0
word,21945,P-472,0.0,0.0,0.0,0.0,0.0,0.0,0.0
word,22050,R-104,0.0,0.0,0.0,0.0,0.0,0.0,0.0
word,22106,K-236,0.0,0.0,0.0,0.0,0.0,0.0,0.0
word,22113,F-048,0.0,0.0,0.0,0.0,0.0,0.0,0.0
word,22164,DP-029,0.0,0.0,0.0,0.0,1.0,0.0,0.02127659574468085
word,22171,BLR-100,0.0,0.0,0.0,0.0,0.0,0.0,0.0
word,22253,SEP-119,0.0,0.0,0.0,0.0,0.0,0.0,0.0
word,22283,FM-049,0.0,0.0,0.0,0.0,0.0,0.0,0.0
word,22289,M-114,0.0,0.0,0.0,0.0,0.0,0.0,0.0
word,22294,RLP-075,0.0,0.0,0.0,0.0,0.0,0.0,0.0
word,22331,SEP-101,0.0,0.0,0.0,0.0,0.0,0.0,0.0
word,22360,GB-199,0.0,0.0,0.0,0.0,0.0,0.0,0.0
word,22391,HX-433,0.0,0.0,0.0,0.0,0.0,0.0,0.0
word,22407,BLR-007,0.0,0.0,0.0,0.0,0.0,0.0,0.0
word,22433,CV-108,0.0,0.0,0.0,0.0,0.0,0.0,0.0
word,22461,F-107,0.0,0.0,0.0,0.0,0.0,0.0,0.0
word,22570,BLR-015,0.0,0.0,0.0,0.0,0.0,0.0,0.0
word,22599,SEP-030,0.0,0.0,0.0,0.0,0.0,0.0,0.0
word,22657,EV-101,0.0,0.0,0.0,0.0,0.0,0.0,0.0
word,22658,P-137,0.0,0.0,0.0,0.0,0.0,0.0,0.0
word,22714,DC-031,0.0,0.0,0.0,0.0,0.0,0.0,0.0
word,22716,TK-109,0.0,0.0,0.0,0.0,0.0,0.0,0.0
word,22844,CV-100,0.0,0.0,0.0,0.0,0.0,0.0,0.0
word,22859,P-164,0.0,0.0,0.0,0.0,0.0,0.0,0.0
word,22864,AG-125,0.0,0.0,0.0,0.0,0.0,0.0,0.0
word,22875,K-229,0.0,0.0,0.0,0.0,0.0,0.0,0.0
word,22900,SC-074,0.0,0.0,0.0,0.0,0.0,0.0,0.0
word,22904,DRY-068,0.0,0.0,0.0,0.0,0.0,0.0,0.0
word,22959,FM-009,0.0,0.0,0.0,0.0,0.0,0.0,0.0
word,22984,P-156,0.0,0.0,0.0,0.0,0.0,0.0,0.0
word,22992,P-528,0.0,0.0,0.0,0.0,0.0,0.0,0.0
word,23008,K-064,0.0,0.0,0.0,0.0,0.0,0.0,0.0
word,23048,GB-085,0.0,0.0,0.0,0.0,0.0,0.0,0.0
word,23058,CV-007,0.0,0.0,0.0,0.0,0.0,0.0,0.0
word,23074,EV-006,0.0,0.0,0.0,0.0,1.0,0.0,0.045454545454545456
word,23105,P-166,0.0,0.0,0.0,0.0,0.0,0.0,0.0
word,23173,EV-125,0.0,0.0,0.0,0.0,0.0,0.0,0.0
word,23184,CV-057,0.0,0.0,0.0,0.0,0.0,0.0,0.0
word,23309,HX-239,0.0,0.0,0.0,0.0,0.0,0.0,0.0
word,23327,SC-141,0.0,0.0,0.0,0.0,0.0,0.0,0.0
word,23370,P-228,0.0,1.0,1.0,1.0,1.0,0.25,0.25
word,23377,VP-133,0.0,0.0,0.0,0.0,1.0,0.0,0.02631578947368421
word,23403,P-155,0.0,0.0,0.0,0.0,0.0,0.0,0.0
word,23462,P-104,0.0,0.0,0.0,0.0,0.0,0.0,0.0
word,23502,K-207,0.0,0.0,0.0,0.0,0.0,0.0,0.0
word,23512,HX-017,0.0,0.0,0.0,0.0,0.0,0.0,0.0
word,23519,M-041,0.0,0.0,0.0,0.0,1.0,0.0,0.023255813953488372
word,23526,P-674,0.0,0.0,0.0,0.0,0.0,0.0,0.0
word,23528,UF-126,0.0,0.0,0.0,0.0,0.0,0.0,0.0
word,23535,UF-043,0.0,0.0,0.0,0.0,0.0,0.0,0.0
word,23547,CF-120,0.0,0.0,0.0,0.0,0.0,0.0,0.0
word,23554,CV-026,0.0,0.0,0.0,0.0,0.0,0.0,0.0
word,23585,TK-060,0.0,0.0,0.0,0.0,0.0,0.0,0.0
word,23605,P-153,0.0,0.0,0.0,0.0,0.0,0.0,0.0
word,23688,HV-093,0.0,0.0,0.0,0.0,0.0,0.0,0.0
word,23709,P-430,0.0,0.0,0.0,0.0,0.0,0.0,0.0
word,23736,SD-144,0.0,0.0,0.0,0.0,0.0,0.0,0.0
word,23785,P-362,0.0,0.0,0.0,0.0,0.0,0.0,0.0
word,23800,EV-015,0.0,0.0,0.0,0.0,0.0,0.0,0.0
word,23819,GB-116,0.0,0.0,0.0,0.0,0.0,0.0,0.0
word,23839,R-094,0.0,0.0,0.0,0.0,0.0,0.0,0.0
word,23847,M-053,0.0,0.0,0.0,0.0,0.0,0.0,0.0
word,23849,GB-142,0.0,0.0,1.0,1.0,1.0,0.1,0.1
word,23858,P-236,0.0,0.0,0.0,0.0,0.0,0.0,0.0
word,23862,DP-104,0.0,0.0,0.0,1.0,1.0,0.0,0.05263157894736842
word,23863,BLR-125,0.0,0.0,0.0,0.0,0.0,0.0,0.0
word,23869,SD-035,0.0,0.0,0.0,0.0,0.0,0.0,0.0
word,23974,P-352,0.0,0.0,0.0,0.0,1.0,0.0,0.023809523809523808
word,24037,M-062,0.0,0.0,0.0,0.0,0.0,0.0,0.0
word,24091,P-442,0.0,0.0,0.0,0.0,0.0,0.0,0.0
word,24095,K-093,0.0,0.0,0.0,0.0,0.0,0.0,0.0
word,24165,TK-029,0.0,0.0,0.0,0.0,0.0,0.0,0.0
word,24183,TK-222,0.0,0.0,0.0,0.0,0.0,0.0,0.0
word,24203,TK-032,0.0,0.0,0.0,0.0,0.0,0.0,0.0
word,24274,TK-118,0.0,0.0,0.0,0.0,0.0,0.0,0.0
word,24288,AG-008,0.0,0.0,0.0,1.0,1.0,0.0,0.0625
word,24306,SC-119,0.0,0.0,0.0,0.0,0.0,0.0,0.0
word,24308,VP-108,0.0,0.0,1.0,1.0,1.0,0.1111111111111111,0.1111111111111111
word,24340,DRY-035,0.0,0.0,0.0,0.0,0.0,0.0,0.0
word,24346,K-036,0.0,0.0,0.0,0.0,0.0,0.0,0.0
word,24381,GB-018,0.0,0.0,0.0,0.0,0.0,0.0,0.0
word,24396,R-007,0.0,0.0,0.0,0.0,0.0,0.0,0.0
word,24461,CV-013,0.0,0.0,0.0,0.0,0.0,0.0,0.0
word,24486,HX-050,0.0,0.0,0.0,0.0,0.0,0.0,0.0
word,24542,BLR-110,0.0,0.0,0.0,1.0,1.0,0.0,0.06666666666666667
word,24545,P-210,0.0,0.0,0.0,0.0,0.0,0.0,0.0
word,24551,P-158,0.0,0.0,0.0,0.0,0.0,0.0,0.0
word,24623,BM-118,0.0,0.0,0.0,0.0,0.0,0.0,0.0
word,24649,TK-037,0.0,0.0,0.0,1.0,1.0,0.0,0.07692307692307693
word,24715,P-674,0.0,0.0,0.0,0.0,0.0,0.0,0.0
word,24743,AG-106,0.0,0.0,0.0,0.0,0.0,0.0,0.0
word,24765,BLR-217,0.0,0.0,0.0,0.0,0.0,0.0,0.0
word,24775,BLR-110,0.0,0.0,0.0,0.0,0.0,0.0,0.0
word,24829,P-296,0.0,0.0,0.0,0.0,0.0,0.0,0.0
word,24914,TK-242,0.0,0.0,0.0,0.0,0.0,0.0,0.0
word,24916,DRY-009,0.0,0.0,0.0,0.0,0.0,0.0,0.0
word,24919,DP-025,0.0,0.0,0.0,0.0,0.0,0.0,0.0
word,24926,CR-031,0.0,0.0,0.0,0.0,0.0,0.0,0.0
word,24934,K-052,0.0,0.0,0.0,0.0,0.0,0.0,0.0
word,24994,GT-141,0.0,0.0,0.0,0.0,0.0,0.0,0.0
word,25020,BLR-086,0.0,0.0,0.0,0.0,0.0,0.0,0.0
word,25102,UF-092,0.0,0.0,0.0,0.0,1.0,0.0,0.030303030303030304
word,25114,P-387,0.0,0.0,0.0,0.0,0.0,0.0,0.0
word,25136,P-521,0.0,0.0,0.0,0.0,0.0,0.0,0.0
word,25211,P-315,0.0,0.0,0.0,0.0,0.0,0.0,0.0
word,25253,HX-335,0.0,0.0,0.0,0.0,0.0,0.0,0.0
word,25259,VP-059,0.0,0.0,0.0,0.0,0.0,0.0,0.0
word,25282,GT-103,0.0,0.0,0.0,0.0,1.0,0.0,0.02
word,25297,P-490,0.0,0.0,0.0,0.0,0.0,0.0,0.0
word,25323,HX-230,0.0,0.0,0.0,0.0,0.0,0.0,0.0
word,25361,TK-112,0.0,0.0,0.0,1.0,1.0,0.0,0.07142857142857142
word,25392,P-186,0.0,0.0,0.0,0.0,0.0,0.0,0.0
word,25428,SD-102,0.0,0.0,0.0,0.0,0.0,0.0,0.0
word,25452,EX-136,0.0,0.0,0.0,0.0,0.0,0.0,0.0
word,25505,TK-243,0.0,0.0,0.0,0.0,0.0,0.0,0.0
word,25524,M-119,0.0,0.0,0.0,0.0,1.0,0.0,0.03571428571428571
word,25573,RLP-104,0.0,0.0,0.0,0.0,0.0,0.0,0.0
word,25585,GB-066,0.0,0.0,0.0,0.0,0.0,0.0,0.0
word,25596,HV-107,0.0,0.0,0.0,0.0,0.0,0.0,0.0
word,25607,M-045,0.0,0.0,0.0,0.0,0.0,0.0,0.0
word,25614,HP-084,0.0,0.0,0.0,0.0,0.0,0.0,0.0
word,25648,DRY-033,0.0,0.0,0.0,0.0,0.0,0.0,0.0
word,25658,DOS-112,0.0,0.0,0.0,0.0,0.0,0.0,0.0
word,25699,P-353,0.0,0.0,0.0,0.0,0.0,0.0,0.0
word,25777,HV-228,0.0,0.0,0.0,0.0,0.0,0.0,0.0
word,25806,CV-044,0.0,0.0,0.0,0.0,0.0,0.0,0.0
word,25813,CR-083,0.0,0.0,0.0,0.0,0.0,0.0,0.0
word,25885,AG-062,0.0,0.0,0.0,0.0,0.0,0.0,0.0
word,25934,P-610,0.0,0.0,0.0,0.0,0.0,0.0,0.0
word,25936,P-642,0.0,0.0,0.0,0.0,0.0,0.0,0.0
word,25950,EV-043,0.0,0.0,0.0,0.0,0.0,0.0,0.0
word,26084,TK-086,0.0,0.0,0.0,0.0,0.0,0.0,0.0
word,26125,P-169,0.0,0.0,0.0,0.0,0.0,0.0,0.0
word,26127,SD-016,0.0,0.0,0.0,0.0,0.0,0.0,0.0
word,26193,GS-015,0.0,0.0,0.0,0.0,1.0,0.0,0.020833333333333332
word,26271,P-327,0.0,0.0,0.0,0.0,0.0,0.0,0.0
word,26302,TK-106,0.0,0.0,0.0,0.0,0.0,0.0,0.0
word,26303,SC-080,0.0,0.0,0.0,0.0,0.0,0.0,0.0
word,26384,UF-037,0.0,0.0,0.0,0.0,0.0,0.0,0.0
word,26404,EV-079,0.0,0.0,0.0,0.0,0.0,0.0,0.0
word,26467,DC-126,0.0,0.0,0.0,0.0,0.0,0.0,0.0
word,26568,K-081,0.0,0.0,0.0,0.0,0.0,0.0,0.0
word,26594,HP-118,0.0,0.0,0.0,0.0,0.0,0.0,0.0
word,26640,TK-134,0.0,0.0,0.0,0.0,0.0,0.0,0.0
word,26667,M-104,0.0,0.0,0.0,0.0,0.0,0.0,0.0
word,26680,K-202,0.0,0.0,0.0,0.0,0.0,0.0,0.0
word,26725,P-389,0.0,0.0,0.0,0.0,0.0,0.0,0.0
word,26727,TRB-119,0.0,0.0,0.0,0.0,0.0,0.0,0.0
word,26735,P-283,0.0,0.0,0.0,0.0,0.0,0.0,0.0
word,26791,CR-091,0.0,0.0,0.0,0.0,0.0,0.0,0.0
word,26839,CV-118,0.0,0.0,0.0,0.0,0.0,0.0,0.0
word,26888,P-213,0.0,0.0,0.0,0.0,0.0,0.0,0.0
word,26907,TK-140,0.0,0.0,0.0,0.0,0.0,0.0,0.0
word,26990,RLP-101,0.0,0.0,0.0,0.0,0.0,0.0,0.0
word,27027,P-238,0.0,0.0,0.0,0.0,0.0,0.0,0.0
word,27105,P-424,0.0,0.0,0.0,0.0,0.0,0.0,0.0
word,27108,M-136,0.0,0.0,0.0,0.0,0.0,0.0,0.0
word,27151,HX-108,0.0,0.0,0.0,0.0,0.0,0.0,0.0
word,27188,TK-077,1.0,1.0,1.0,1.0,1.0,1.0,1.0
word,27258,M-046,0.0,0.0,0.0,0.0,0.0,0.0,0.0
word,27265,P-313,0.0,0.0,0.0,0.0,0.0,0.0,0.0
word,27273,P-689,0.0,0.0,0.0,0.0,0.0,0.0,0.0
word,27328,GT-098,0.0,0.0,0.0,0.0,0.0,0.0,0.0
word,27391,K-153,0.0,0.0,0.0,0.0,0.0,0.0,0.0
word,27399,P-116,0.0,0.0,0.0,0.0,0.0,0.0,0.0
word,27431,DP-122,0.0,0.0,0.0,0.0,0.0,0.0,0.0
word,27447,M-028,0.0,0.0,0.0,0.0,0.0,0.0,0.0
word,27463,BM-046,0.0,0.0,0.0,0.0,0.0,0.0,0.0
word,27500,EX-036,0.0,0.0,0.0,0.0,0.0,0.0,0.0
word,27565,HP-042,0.0,0.0,0.0,0.0,0.0,0.0,0.0
word,27568,BLR-101,0.0,0.0,0.0,0.0,0.0,0.0,0.0
word,27618,DC-024,0.0,0.0,0.0,0.0,0.0,0.0,0.0
word,27639,SC-073,0.0,0.0,0.0,0.0,0.0,0.0,0.0
word,27644,GB-025,0.0,0.0,0.0,0.0,0.0,0.0,0.0
word,27650,BM-108,0.0,0.0,0.0,0.0,0.0,0.0,0.0
word,27669,TK-022,0.0,0.0,0.0,0.0,0.0,0.0,0.0
word,27677,M-105,0.0,0.0,0.0,0.0,1.0,0.0,0.03571428571428571
word,27678,BLR-127,0.0,0.0,0.0,0.0,0.0,0.0,0.0
word,27682,F-225,0.0,0.0,0.0,0.0,0.0,0.0,0.0
word,27714,DOS-128,0.0,0.0,0.0,0.0,0.0,0.0,0.0
word,27805,P-144,0.0,0.0,0.0,0.0,0.0,0.0,0.0
word,27837,F-146,0.0,0.0,0.0,0.0,0.0,0.0,0.0
word,27885,DC-008,0.0,0.0,0.0,0.0,0.0,0.0,0.0
word,27909,HX-018,0.0,0.0,0.0,0.0,0.0,0.0,0.0
word,27958,SEP-062,0.0,0.0,0.0,0.0,0.0,0.0,0.0
word,27981,DOS-137,0.0,0.0,0.0,1.0,1.0,0.0,0.07142857142857142
word,28083,P-154,0.0,0.0,0.0,0.0,0.0,0.0,0.0
word,28131,M-093,0.0,0.0,0.0,0.0,0.0,0.0,0.0
word,28279,P-218,0.0,0.0,0.0,0.0,0.0,0.0,0.0
word,28423,TK-096,0.0,0.0,0.0,0.0,0.0,0.0,0.0
word,28479,BLR-033,0.0,1.0,1.0,1.0,1.0,0.3333333333333333,0.3333333333333333
word,28481,P-227,0.0,0.0,0.0,0.0,0.0,0.0,0.0
word,28531,GB-040,0.0,0.0,0.0,0.0,0.0,0.0,0.0
word,28617,HP-113,0.0,0.0,0.0,0.0,0.0,0.0,0.0
word,28628,M-020,0.0,0.0,0.0,0.0,0.0,0.0,0.0
word,28653,HX-007,0.0,0.0,0.0,0.0,0.0,0.0,0.0
word,28655,HV-117,0.0,0.0,0.0,0.0,0.0,0.0,0.0
word,28679,M-041,0.0,0.0,0.0,0.0,0.0,0.0,0.0
word,28709,K-078,0.0,0.0,0.0,0.0,0.0,0.0,0.0
word,28726,TK-119,0.0,0.0,0.0,1.0,1.0,0.0,0.09090909090909091
word,28754,P-657,0.0,0.0,0.0,0.0,0.0,0.0,0.0
word,28805,M-113,0.0,0.0,0.0,0.0,0.0,0.0,0.0
word,28837,CF-126,0.0,0.0,0.0,0.0,0.0,0.0,0.0
word,28839,TK-142,0.0,0.0,0.0,0.0,0.0,0.0,0.0
word,28848,M-056,0.0,0.0,0.0,0.0,0.0,0.0,0.0
word,28852,BM-066,0.0,0.0,0.0,0.0,0.0,0.0,0.0
word,28911,DC-081,0.0,0.0,0.0,0.0,0.0,0.0,0.0
word,28919,HV-226,0.0,0.0,0.0,0.0,0.0,0.0,0.0
word,28929,P-323,0.0,0.0,0.0,0.0,0.0,0.0,0.0
word,29081,F-065,0.0,0.0,0.0,0.0,0.0,0.0,0.0
word,29136,TK-343,0.0,0.0,0.0,0.0,0.0,0.0,0.0
word,29157,K-012,0.0,0.0,0.0,0.0,0.0,0.0,0.0
word,29179,TRB-097,0.0,1.0,1.0,1.0,1.0,0.25,0.25
word,29237,P-139,0.0,0.0,0.0,0.0,0.0,0.0,0.0
word,29318,M-050,0.0,0.0,0.0,0.0,0.0,0.0,0.0
word,29369,HX-139,0.0,0.0,0.0,0.0,1.0,0.0,0.04
word,29407,P-245,0.0,0.0,0.0,0.0,1.0,0.0,0.023809523809523808
word,29445,M-062,0.0,0.0,0.0,0.0,1.0,0.0,0.022727272727272728
word,29465,HP-128,0.0,0.0,0.0,0.0,0.0,0.0,0.0
word,29489,P-255,0.0,0.0,0.0,0.0,0.0,0.0,0.0
word,29497,FM-117,0.0,0.0,0.0,1.0,1.0,0.0,0.05555555555555555
word,29508,K-103,0.0,0.0,0.0,0.0,0.0,0.0,0.0
word,29543,K-081,0.0,0.0,0.0,0.0,0.0,0.0,0.0
word,29572,CV-145,0.0,0.0,0.0,0.0,0.0,0.0,0.0
word,29585,M-058,0.0,0.0,0.0,0.0,0.0,0.0,0.0
word,29602,HX-007,0.0,0.0,0.0,0.0,0.0,0.0,0.0
word,29636,TRB-131,0.0,0.0,0.0,0.0,1.0,0.0,0.023809523809523808
word,29666,P-201,0.0,0.0,0.0,0.0,0.0,0.0,0.0
word,29674,TK-239,0.0,0.0,0.0,0.0,0.0,0.0,0.0
word,29683,AG-040,0.0,0.0,0.0,0.0,0.0,0.0,0.0
word,29702,TRB-131,0.0,0.0,0.0,0.0,0.0,0.0,0.0
word,29727,TK-403,0.0,0.0,0.0,0.0,0.0,0.0,0.0
word,29799,SD-038,0.0,0.0,0.0,0.0,0.0,0.0,0.0
word,29813,R-108,0.0,0.0,0.0,0.0,0.0,0.0,0.0
word,29821,BLR-126,0.0,0.0,0.0,0.0,0.0,0.0,0.0
word,29840,M-059,0.0,0.0,0.0,0.0,0.0,0.0,0.0
word,29896,CV-032,0.0,0.0,0.0,1.0,1.0,0.0,0.05
word,29898,K-300,0.0,0.0,0.0,0.0,0.0,0.0,0.0
word,29975,F-055,0.0,0.0,0.0,0.0,0.0,0.0,0.0
word,30062,P-158,0.0,0.0,0.0,0.0,0.0,0.0,0.0
word,30083,P-132,0.0,0.0,0.0,0.0,0.0,0.0,0.0
word,30117,CV-135,0.0,0.0,0.0,0.0,1.0,0.0,0.02127659574468085
word,30154,TK-037,0.0,0.0,0.0,0.0,0.0,0.0,0.0
word,30174,M-080,0.0,0.0,0.0,0.0,0.0,0.0,0.0
word,30227,P-352,0.0,0.0,0.0,0.0,0.0,0.0,0.0
word,30258,K-099,0.0,0.0,0.0,0.0,0.0,0.0,0.0
word,30279,AG-049,0.0,0.0,0.0,0.0,0.0,0.0,0.0
word,30366,HV-051,0.0,0.0,0.0,0.0,0.0,0.0,0.0
word,30374,M-100,0.0,0.0,0.0,0.0,0.0,0.0,0.0
word,30390,R-117,0.0,0.0,0.0,0.0,0.0,0.0,0.0
word,30399,F-094,0.0,0.0,0.0,0.0,0.0,0.0,0.0
word,30404,EV-033,0.0,0.0,0.0,0.0,0.0,0.0,0.0
word,30407,P-680,0.0,0.0,0.0,0.0,0.0,0.0,0.0
word,30428,BLR-117,0.0,0.0,0.0,1.0,1.0,0.0,0.05555555555555555
word,30467,FM-139,0.0,0.0,0.0,0.0,0.0,0.0,0.0
word,30480,P-321,0.0,0.0,0.0,0.0,0.0,0.0,0.0
word,30482,GS-111,0.0,1.0,1.0,1.0,1.0,0.3333333333333333,0.3333333333333333
word,30645,SEP-120,0.0,0.0,0.0,0.0,0.0,0.0,0.0
word,30654,SEP-117,0.0,0.0,0.0,0.0,0.0,0.0,0.0
word,30679,TK-068,0.0,0.0,0.0,0.0,0.0,0.0,0.0
word,30708,P-210,0.0,0.0,0.0,0.0,0.0,0.0,0.0
word,30757,HV-129,0.0,0.0,0.0,0.0,0.0,0.0,0.0
word,30792,CR-142,0.0,0.0,0.0,0.0,0.0,0.0,0.0
word,30862,HV-014,0.0,0.0,0.0,0.0,0.0,0.0,0.0
word,30864,GT-056,0.0,0.0,0.0,0.0,0.0,0.0,0.0
word,30872,M-083,0.0,0.0,0.0,0.0,0.0,0.0,0.0
word,30892,GT-005,0.0,0.0,0.0,0.0,0.0,0.0,0.0
word,30925,P-430,0.0,0.0,0.0,0.0,0.0,0.0,0.0
word,30931,K-212,0.0,0.0,0.0,0.0,0.0,0.0,0.0
word,30967,P-439,0.0,0.0,0.0,0.0,0.0,0.0,0.0
word,30992,TK-039,0.0,0.0,0.0,0.0,0.0,0.0,0.0
word,30999,DP-069,0.0,0.0,0.0,0.0,0.0,0.0,0.0
word,31040,HV-017,0.0,0.0,0.0,0.0,0.0,0.0,0.0
word,31058,HX-120,0.0,0.0,0.0,0.0,1.0,0.0,0.02857142857142857
word,31087,P-438,0.0,0.0,0.0,0.0,0.0,0.0,0.0
word,31088,M-083,0.0,0.0,0.0,0.0,0.0,0.0,0.0
word,31124,P-483,0.0,0.0,0.0,0.0,0.0,0.0,0.0
word,31177,P-503,0.0,0.0,0.0,0.0,0.0,0.0,0.0
word,31180,M-010,0.0,0.0,0.0,0.0,0.0,0.0,0.0
word,31258,EX-136,0.0,0.0,0.0,0.0,0.0,0.0,0.0
word,31301,DC-106,0.0,0.0,0.0,0.0,0.0,0.0,0.0
word,31313,CV-124,0.0,0.0,0.0,0.0,0.0,0.0,0.0
word,31389,P-242,0.0,0.0,0.0,0.0,0.0,0.0,0.0
word,31414,P-426,0.0,0.0,0.0,0.0,0.0,0.0,0.0
word,31543,P-388,0.0,0.0,0.0,0.0,0.0,0.0,0.0
word,31547,TK-173,0.0,0.0,0.0,0.0,0.0,0.0,0.0
word,31549,R-201,0.0,0.0,0.0,0.0,0.0,0.0,0.0
word,31568,DRY-013,0.0,0.0,0.0,0.0,0.0,0.0,0.0
word,31579,P-517,0.0,0.0,0.0,0.0,0.0,0.0,0.0
word,31590,AG-128,0.0,0.0,0.0,0.0,0.0,0.0,0.0
word,31611,TK-151,0.0,0.0,0.0,0.0,0.0,0.0,0.0
word,31632,F-013,0.0,0.0,1.0,1.0,1.0,0.1,0.1
word,31720,HV-221,0.0,0.0,0.0,0.0,0.0,0.0,0.0
word,31739,SD-060,0.0,0.0,0.0,0.0,0.0,0.0,0.0
word,31764,P-528,0.0,0.0,0.0,0.0,0.0,0.0,0.0
word,31772,BLR-101,0.0,0.0,0.0,0.0,0.0,0.0,0.0
word,31785,DRY-089,0.0,0.0,0.0,0.0,0.0,0.0,0.0
word,31795,F-125,0.0,0.0,0.0,0.0,0.0,0.0,0.0
word,31808,FCC-052,0.0,0.0,0.0,0.0,1.0,0.0,0.027777777777777776
word,31858,HX-209,0.0,0.0,0.0,0.0,0.0,0.0,0.0
word,31861,F-244,0.0,0.0,0.0,0.0,0.0,0.0,0.0
word,31865,SC-111,0.0,0.0,0.0,0.0,0.0,0.0,0.0
word,31893,M-070,0.0,0.0,0.0,0.0,0.0,0.0,0.0
word,31949,FCC-126,0.0,0.0,1.0,1.0,1.0,0.16666666666666666,0.16666666666666666
word,32042,HX-118,0.0,0.0,0.0,0.0,0.0,0.0,0.0
word,32058,P-203,0.0,0.0,0.0,0.0,0.0,0.0,0.0
word,32081,FM-130,1.0,1.0,1.0,1.0,1.0,1.0,1.0
word,32210,TK-167,0.0,0.0,0.0,0.0,0.0,0.0,0.0
word,32278,FM-132,0.0,0.0,0.0,0.0,0.0,0.0,0.0
word,32391,K-071,0.0,0.0,0.0,0.0,0.0,0.0,0.0
word,32446,K-261,0.0,0.0,0.0,0.0,0.0,0.0,0.0
word,32451,TK-047,0.0,0.0,0.0,0.0,0.0,0.0,0.0
word,32454,P-151,0.0,0.0,0.0,0.0,0.0,0.0,0.0
word,32528,P-316,0.0,0.0,0.0,0.0,0.0,0.0,0.0
word,32543,R-119,0.0,0.0,0.0,0.0,0.0,0.0,0.0
word,32591,CF-050,0.0,0.0,0.0,0.0,0.0,0.0,0.0
word,32620,R-047,0.0,0.0,1.0,1.0,1.0,0.1,0.1
word,32623,EV-057,0.0,0.0,0.0,0.0,0.0,0.0,0.0
word,32682,M-042,0.0,0.0,0.0,0.0,0.0,0.0,0.0
word,32764,CT-126,0.0,0.0,0.0,0.0,0.0,0.0,0.0
word,32790,P-441,0.0,0.0,0.0,0.0,0.0,0.0,0.0
word,32801,DP-109,0.0,0.0,0.0,0.0,1.0,0.0,0.038461538461538464
word,32829,P-509,0.0,0.0,0.0,0.0,0.0,0.0,0.0
word,32877,CV-145,0.0,0.0,0.0,0.0,0.0,0.0,0.0
word,32892,P-409,0.0,0.0,0.0,0.0,0.0,0.0,0.0
word,32898,BLR-125,0.0,0.0,0.0,0.0,0.0,0.0,0.0
word,32907,HX-132,0.0,0.0,0.0,0.0,0.0,0.0,0.0
word,32910,DP-110,0.0,1.0,1.0,1.0,1.0,0.2,0.2
word,32936,AG-071,0.0,0.0,0.0,0.0,0.0,0.0,0.0
word,32986,DC-133,0.0,0.0,0.0,0.0,0.0,0.0,0.0
word,33017,R-026,0.0,0.0,0.0,0.0,0.0,0.0,0.0
word,33021,SEP-136,0.0,0.0,0.0,0.0,0.0,0.0,0.0
word,33098,P-502,0.0,0.0,0.0,0.0,0.0,0.0,0.0
word,33108,RLP-109,0.0,0.0,0.0,0.0,1.0,0.0,0.038461538461538464
word,33133,P-111,0.0,0.0,0.0,0.0,0.0,0.0,0.0
word,33150,FM-099,0.0,0.0,0.0,0.0,0.0,0.0,0.0
word,33216,DOS-140,0.0,0.0,0.0,0.0,0.0,0.0,0.0
word,33268,P-205,0.0,0.0,0.0,0.0,0.0,0.0,0.0
word,33312,P-271,0.0,0.0,0.0,0.0,0.0,0.0,0.0
word,33331,CF-083,0.0,0.0,0.0,0.0,0.0,0.0,0.0
word,33375,K-143,0.0,0.0,0.0,0.0,0.0,0.0,0.0
word,33414,P-121,0.0,0.0,0.0,0.0,0.0,0.0,0.0
word,33456,R-033,0.0,0.0,0.0,0.0,0.0,0.0,0.0
word,33520,P-271,0.0,0.0,0.0,0.0,0.0,0.0,0.0
word,33556,UF-074,0.0,0.0,0.0,0.0,0.0,0.0,0.0
word,33587,SD-139,0.0,0.0,0.0,0.0,0.0,0.0,0.0
word,33595,M-015,0.0,0.0,0.0,0.0,0.0,0.0,0.0
word,33661,P-660,0.0,0.0,0.0,0.0,0.0,0.0,0.0
word,33666,DP-132,0.0,0.0,0.0,0.0,1.0,0.0,0.030303030303030304
word,33674,DOS-040,0.0,1.0,1.0,1.0,1.0,0.2,0.2
word,33679,K-112,0.0,0.0,0.0,0.0,0.0,0.0,0.0
word,33707,K-120,0.0,0.0,1.0,1.0,1.0,0.16666666666666666,0.16666666666666666
word,33769,M-081,0.0,0.0,0.0,1.0,1.0,0.0,0.08333333333333333
word,33786,P-246,0.0,0.0,0.0,0.0,0.0,0.0,0.0
word,33797,AG-129,0.0,0.0,0.0,0.0,0.0,0.0,0.0
word,33903,K-143,0.0,0.0,0.0,0.0,0.0,0.0,0.0
word,33949,TRB-046,0.0,0.0,0.0,0.0,0.0,0.0,0.0
word,33950,P-328,0.0,0.0,0.0,0.0,0.0,0.0,0.0
word,34003,SC-114,0.0,0.0,0.0,0.0,0.0,0.0,0.0
word,34004,HX-029,0.0,0.0,0.0,0.0,0.0,0.0,0.0
word,34087,P-240,0.0,0.0,0.0,0.0,0.0,0.0,0.0
word,34088,K-017,0.0,0.0,0.0,0.0,0.0,0.0,0.0
word,34122,DOS-138,0.0,0.0,0.0,0.0,0.0,0.0,0.0
word,34128,DRY-119,0.0,0.0,0.0,0.0,0.0,0.0,0.0
word,34262,P-346,0.0,0.0,0.0,0.0,1.0,0.0,0.037037037037037035
word,34275,R-090,0.0,0.0,0.0,0.0,0.0,0.0,0.0
word,34290,TK-011,0.0,0.0,0.0,0.0,0.0,0.0,0.0
word,34369,P-441,0.0,0.0,0.0,0.0,0.0,0.0,0.0
word,34380,HX-133,0.0,0.0,0.0,0.0,1.0,0.0,0.022222222222222223
word,34408,DC-041,0.0,0.0,0.0,0.0,0.0,0.0,0.0
word,34458,P-604,0.0,0.0,0.0,0.0,0.0,0.0,0.0
word,34466,K-105,0.0,0.0,0.0,0.0,1.0,0.0,0.022222222222222223
word,34488,TRB-039,0.0,0.0,0.0,0.0,0.0,0.0,0.0
word,34505,M-013,0.0,0.0,0.0,1.0,1.0,0.0,0.08333333333333333
word,34540,M-036,0.0,0.0,0.0,0.0,0.0,0.0,0.0
word,34542,GS-061,0.0,0.0,0.0,0.0,0.0,0.0,0.0
word,34613,DC-043,0.0,0.0,0.0,0.0,1.0,0.0,0.037037037037037035
word,34636,RLP-075,0.0,0.0,0.0,0.0,0.0,0.0,0.0
word,34670,DRY-110,0.0,0.0,0.0,0.0,0.0,0.0,0.0
word,34683,HX-147,0.0,0.0,0.0,0.0,0.0,0.0,0.0
word,34708,HV-102,0.0,0.0,0.0,1.0,1.0,0.0,0.07692307692307693
word,34756,AG-027,0.0,0.0,0.0,0.0,0.0,0.0,0.0
word,34808,CT-055,0.0,0.0,0.0,0.0,0.0,0.0,0.0
word,34853,CV-008,0.0,0.0,0.0,0.0,0.0,0.0,0.0
word,34880,DRY-029,0.0,0.0,0.0,0.0,0.0,0.0,0.0
word,34900,CV-127,0.0,0.0,0.0,0.0,0.0,0.0,0.0
word,34914,HX-052,0.0,0.0,0.0,0.0,0.0,0.0,0.0
word,34934,HP-014,0.0,0.0,0.0,0.0,0.0,0.0,0.0
word,34967,M-007,0.0,0.0,0.0,0.0,0.0,0.0,0.0
word,35025,TK-230,0.0,0.0,0.0,1.0,1.0,0.0,0.07692307692307693
word,35030,K-127,0.0,0.0,0.0,0.0,0.0,0.0,0.0
word,35054,P-176,0.0,0.0,0.0,0.0,0.0,0.0,0.0
word,35078,M-048,0.0,0.0,0.0,0.0,0.0,0.0,0.0
word,35098,CV-115,0.0,0.0,0.0,0.0,0.0,0.0,0.0
word,35162,TK-133,0.0,0.0,0.0,0.0,1.0,0.0,0.021739130434782608
word,35201,P-192,0.0,0.0,0.0,0.0,0.0,0.0,0.0
word,35231,HX-125,0.0,0.0,0.0,0.0,0.0,0.0,0.0
word,35240,TK-223,0.0,0.0,0.0,0.0,0.0,0.0,0.0
word,35243,TK-207,0.0,0.0,0.0,0.0,0.0,0.0,0.0
word,35314,CR-030,0.0,0.0,0.0,0.0,0.0,0.0,0.0
word,35347,K-216,0.0,0.0,0.0,0.0,0.0,0.0,0.0
word,35353,M-021,0.0,0.0,0.0,0.0,0.0,0.0,0.0
word,35401,DOS-109,0.0,0.0,0.0,0.0,0.0,0.0,0.0
word,35475,F-098,0.0,0.0,0.0,0.0,0.0,0.0,0.0
word,35530,TK-318,0.0,0.0,0.0,0.0,0.0,0.0,0.0
word,35550,CV-120,0.0,0.0,0.0,0.0,0.0,0.0,0.0
word,35566,P-145,0.0,0.0,0.0,0.0,0.0,0.0,0.0
word,35591,RLP-134,0.0,0.0,0.0,0.0,0.0,0.0,0.0
word,35605,DC-145,0.0,0.0,0.0,0.0,0.0,0.0,0.0
word,35628,BM-112,0.0,0.0,0.0,0.0,0.0,0.0,0.0
word,35682,TK-109,0.0,0.0,0.0,0.0,0.0,0.0,0.0
word,35690,P-482,0.0,0.0,0.0,0.0,0.0,0.0,0.0
word,35708,TRB-075,0.0,0.0,0.0,0.0,0.0,0.0,0.0
word,35729,VP-106,0.0,0.0,0.0,0.0,0.0,0.0,0.0
word,35747,GS-110,0.0,0.0,0.0,0.0,1.0,0.0,0.03225806451612903
word,35751,CV-082,0.0,0.0,0.0,1.0,1.0,0.0,0.06666666666666667
word,35763,HV-106,0.0,0.0,0.0,0.0,0.0,0.0,0.0
word,35773,K-118,0.0,0.0,0.0,0.0,0.0,0.0,0.0
word,35866,P-335,0.0,0.0,0.0,0.0,0.0,0.0,0.0
word,35918,P-154,0.0,0.0,0.0,0.0,0.0,0.0,0.0
word,35958,CT-109,0.0,0.0,0.0,0.0,0.0,0.0,0.0
word,35975,CF-062,0.0,0.0,0.0,0.0,0.0,0.0,0.0
word,36016,TRB-042,0.0,0.0,0.0,0.0,0.0,0.0,0.0
word,36093,AG-041,0.0,0.0,0.0,0.0,0.0,0.0,0.0
word,36106,P-535,0.0,0.0,0.0,0.0,0.0,0.0,0.0
word,36125,K-336,0.0,0.0,0.0,0.0,0.0,0.0,0.0
word,36138,EX-011,0.0,1.0,1.0,1.0,1.0,0.3333333333333333,0.3333333333333333
word,36166,K-147,0.0,0.0,0.0,1.0,1.0,0.0,0.06666666666666667
word,36189,K-061,0.0,0.0,0.0,0.0,0.0,0.0,0.0
word,36201,HX-062,0.0,0.0,0.0,0.0,0.0,0.0,0.0
word,36259,M-076,0.0,0.0,0.0,0.0,0.0,0.0,0.0
word,36318,BLR-019,0.0,0.0,0.0,0.0,0.0,0.0,0.0
word,36363,DC-090,0.0,0.0,0.0,0.0,0.0,0.0,0.0
word,36370,EX-060,0.0,0.0,0.0,0.0,0.0,0.0,0.0
word,36389,CV-011,0.0,0.0,0.0,1.0,1.0,0.0,0.07692307692307693
word,36394,F-129,0.0,0.0,0.0,0.0,1.0,0.0,0.023255813953488372
word,36731,BM-127,0.0,0.0,0.0,0.0,0.0,0.0,0.0
word,36828,M-069,0.0,0.0,0.0,0.0,0.0,0.0,0.0
word,36832,DOS-129,0.0,1.0,1.0,1.0,1.0,0.3333333333333333,0.3333333333333333
word,36838,CV-032,0.0,0.0,0.0,0.0,0.0,0.0,0.0
word,36859,M-147,0.0,0.0,0.0,0.0,0.0,0.0,0.0
word,36884,BM-108,0.0,0.0,0.0,0.0,0.0,0.0,0.0
word,36977,SEP-109,0.0,0.0,0.0,1.0,1.0,0.0,0.07142857142857142
word,37030,CF-045,0.0,0.0,0.0,0.0,0.0,0.0,0.0
word,37076,M-054,0.0,0.0,0.0,0.0,0.0,0.0,0.0
word,37080,TK-089,0.0,0.0,0.0,0.0,0.0,0.0,0.0
word,37102,M-142,0.0,0.0,0.0,0.0,1.0,0.0,0.03571428571428571
word,37149,DOS-011,0.0,0.0,0.0,0.0,0.0,0.0,0.0
word,37204,HX-095,0.0,0.0,0.0,0.0,0.0,0.0,0.0
word,37242,AG-106,0.0,0.0,0.0,0.0,0.0,0.0,0.0
word,37319,P-543,0.0,0.0,0.0,0.0,0.0,0.0,0.0
word,37339,K-142,0.0,0.0,0.0,0.0,0.0,0.0,0.0
word,37370,EV-010,0.0,1.0,1.0,1.0,1.0,0.3333333333333333,0.3333333333333333
word,37393,P-335,0.0,0.0,0.0,0.0,1.0,0.0,0.025
word,37440,BLR-112,0.0,0.0,0.0,0.0,1.0,0.0,0.02127659574468085
word,37476,P-742,0.0,0.0,0.0,0.0,0.0,0.0,0.0
word,37483,HX-027,0.0,0.0,0.0,0.0,0.0,0.0,0.0
word,37568,UF-098,0.0,0.0,0.0,0.0,0.0,0.0,0.0
word,37574,R-074,0.0,0.0,0.0,0.0,0.0,0.0,0.0
word,37577,P-335,0.0,0.0,0.0,0.0,0.0,0.0,0.0
word,37578,AG-136,0.0,0.0,0.0,0.0,0.0,0.0,0.0
word,37582,M-101,0.0,0.0,0.0,0.0,0.0,0.0,0.0
word,37592,DC-175,0.0,0.0,0.0,0.0,1.0,0.0,0.043478260869565216
word,37627,P-246,0.0,0.0,0.0,0.0,0.0,0.0,0.0
word,37656,M-097,0.0,0.0,0.0,0.0,0.0,0.0,0.0
word,37667,DOS-040,0.0,0.0,0.0,0.0,0.0,0.0,0.0
word,37692,GB-028,0.0,0.0,0.0,0.0,0.0,0.0,0.0
word,37760,CV-118,0.0,0.0,0.0,0.0,0.0,0.0,0.0
word,37835,CT-137,0.0,1.0,1.0,1.0,1.0,0.25,0.25
word,37904,TK-221,0.0,0.0,0.0,0.0,0.0,0.0,0.0
word,37936,M-135,0.0,0.0,0.0,0.0,0.0,0.0,0.0
word,37947,M-122,0.0,0.0,0.0,1.0,1.0,0.0,0.08333333333333333
word,37977,K-031,0.0,0.0,0.0,0.0,0.0,0.0,0.0
word,38003,BM-108,0.0,0.0,0.0,0.0,0.0,0.0,0.0
word,38052,TK-343,0.0,0.0,0.0,0.0,1.0,0.0,0.02
word,38095,AG-097,0.0,0.0,0.0,0.0,0.0,0.0,0.0
word,38181,P-222,0.0,0.0,0.0,0.0,0.0,0.0,0.0
word,38218,CR-103,0.0,0.0,0.0,0.0,0.0,0.0,0.0
word,38234,UF-124,0.0,0.0,0.0,0.0,0.0,0.0,0.0
word,38260,P-494,0.0,0.0,0.0,0.0,0.0,0.0,0.0
word,38277,GT-126,0.0,0.0,0.0,0.0,0.0,0.0,0.0
word,38323,P-506,0.0,0.0,0.0,0.0,0.0,0.0,0.0
word,38341,M-090,0.0,0.0,0.0,0.0,0.0,0.0,0.0
word,38360,P-699,0.0,0.0,0.0,0.0,0.0,0.0,0.0
word,38370,GB-052,0.0,0.0,0.0,0.0,0.0,0.0,0.0
word,38371,P-323,0.0,0.0,0.0,0.0,0.0,0.0,0.0
word,38410,AG-025,0.0,0.0,0.0,0.0,0.0,0.0,0.0
word,38471,HX-313,0.0,0.0,0.0,0.0,0.0,0.0,0.0
word,38535,CV-042,0.0,0.0,0.0,0.0,0.0,0.0,0.0
word,38567,HP-067,0.0,0.0,0.0,0.0,0.0,0.0,0.0
word,38596,TK-142,0.0,0.0,0.0,0.0,0.0,0.0,0.0
word,38610,HX-098,0.0,0.0,0.0,0.0,1.0,0.0,0.02702702702702703
word,38613,M-081,0.0,0.0,0.0,0.0,0.0,0.0,0.0
word,38642,P-495,0.0,0.0,0.0,0.0,0.0,0.0,0.0
word,38656,VP-132,0.0,0.0,0.0,0.0,0.0,0.0,0.0
word,38693,HX-102,0.0,0.0,0.0,0.0,0.0,0.0,0.0
word,38698,SD-091,0.0,0.0,0.0,0.0,0.0,0.0,0.0
word,38714,CV-042,0.0,0.0,0.0,0.0,0.0,0.0,0.0
word,38794,UF-010,0.0,0.0,0.0,0.0,0.0,0.0,0.0
word,38798,VP-141,0.0,0.0,0.0,0.0,0.0,0.0,0.0
word,38857,P-364,0.0,0.0,0.0,0.0,0.0,0.0,0.0
word,38862,CV-219,0.0,0.0,0.0,0.0,0.0,0.0,0.0
word,38890,P-658,0.0,0.0,0.0,0.0,0.0,0.0,0.0
word,38895,VP-096,0.0,0.0,0.0,0.0,0.0,0.0,0.0
word,38917,K-233,0.0,0.0,0.0,0.0,0.0,0.0,0.0
word,38950,P-155,0.0,0.0,0.0,0.0,0.0,0.0,0.0
word,38975,EX-081,0.0,0.0,0.0,0.0,1.0,0.0,0.029411764705882353
word,39179,P-400,0.0,0.0,0.0,0.0,0.0,0.0,0.0
word,39229,EV-004,0.0,0.0,0.0,0.0,0.0,0.0,0.0
word,39339,P-743,0.0,0.0,0.0,0.0,0.0,0.0,0.0
word,39341,EX-105,0.0,0.0,0.0,0.0,0.0,0.0,0.0
word,39368,CT-109,0.0,0.0,0.0,0.0,0.0,0.0,0.0
word,39413,DP-125,0.0,0.0,0.0,0.0,0.0,0.0,0.0
word,39443,DRY-131,0.0,0.0,0.0,0.0,0.0,0.0,0.0
word,39452,P-708,0.0,0.0,0.0,0.0,0.0,0.0,0.0
word,39457,AG-119,0.0,0.0,0.0,0.0,0.0,0.0,0.0
word,39468,P-534,0.0,0.0,0.0,0.0,0.0,0.0,0.0
word,39469,TK-098,0.0,0.0,0.0,0.0,0.0,0.0,0.0
word,39627,P-176,0.0,0.0,0.0,0.0,0.0,0.0,0.0
word,39710,P-409,0.0,0.0,0.0,0.0,0.0,0.0,0.0
word,39754,DOS-033,0.0,0.0,1.0,1.0,1.0,0.1111111111111111,0.1111111111111111
word,39756,CR-145,0.0,0.0,0.0,0.0,0.0,0.0,0.0
word,39807,P-302,0.0,0.0,0.0,0.0,1.0,0.0,0.02857142857142857
word,39827,DRY-048,0.0,0.0,0.0,0.0,0.0,0.0,0.0
word,39848,CR-041,0.0,0.0,0.0,0.0,0.0,0.0,0.0
word,39863,CF-076,0.0,0.0,0.0,0.0,0.0,0.0,0.0
word,39889,TK-314,0.0,0.0,0.0,0.0,0.0,0.0,0.0
word,39927,DC-014,0.0,0.0,0.0,0.0,0.0,0.0,0.0
word,39942,CR-023,0.0,0.0,0.0,0.0,0.0,0.0,0.0
word,39983,HV-310,0.0,0.0,0.0,0.0,0.0,0.0,0.0
word,40019,BM-040,0.0,0.0,0.0,0.0,0.0,0.0,0.0
word,40037,P-689,0.0,0.0,0.0,0.0,0.0,0.0,0.0
word,40046,HV-123,0.0,0.0,0.0,0.0,0.0,0.0,0.0
word,40094,TK-129,0.0,0.0,0.0,0.0,0.0,0.0,0.0
word,40119,P-223,0.0,0.0,0.0,0.0,1.0,0.0,0.020833333333333332
word,40141,UF-137,0.0,0.0,0.0,0.0,1.0,0.0,0.02040816326530612
word,40156,CF-133,0.0,0.0,0.0,0.0,0.0,0.0,0.0
word,40210,TK-104,0.0,0.0,0.0,0.0,0.0,0.0,0.0
word,40284,P-685,0.0,0.0,0.0,0.0,0.0,0.0,0.0
word,40337,TK-046,0.0,0.0,0.0,0.0,0.0,0.0,0.0
word,40380,CV-328,0.0,0.0,0.0,0.0,0.0,0.0,0.0
word,40381,K-095,0.0,0.0,0.0,0.0,0.0,0.0,0.0
word,40395,HX-080,0.0,0.0,0.0,0.0,0.0,0.0,0.0
word,40432,DC-109,0.0,0.0,0.0,0.0,0.0,0.0,0.0
word,40441,GB-008,0.0,0.0,0.0,0.0,0.0,0.0,0.0
word,40554,P-244,0.0,0.0,0.0,0.0,0.0,0.0,0.0
word,40580,CT-124,0.0,0.0,0.0,0.0,1.0,0.0,0.02631578947368421
word,40587,AG-139,0.0,0.0,0.0,1.0,1.0,0.0,0.05263157894736842
word,40618,BLR-085,0.0,0.0,0.0,0.0,0.0,0.0,0.0
word,40629,M-083,0.0,0.0,0.0,0.0,0.0,0.0,0.0
word,40695,P-217,0.0,0.0,0.0,0.0,0.0,0.0,0.0
word,40701,SEP-112,0.0,0.0,0.0,0.0,0.0,0.0,0.0
word,40707,P-222,0.0,0.0,0.0,0.0,0.0,0.0,0.0
word,40711,DOS-167,0.0,0.0,0.0,0.0,0.0,0.0,0.0
word,40849,P-340,0.0,0.0,0.0,0.0,0.0,0.0,0.0
word,40850,P-122,0.0,0.0,0.0,0.0,0.0,0.0,0.0
word,40876,P-395,0.0,0.0,0.0,0.0,0.0,0.0,0.0
word,40879,AG-116,0.0,0.0,1.0,1.0,1.0,0.125,0.125
word,40944,K-119,0.0,0.0,0.0,0.0,0.0,0.0,0.0
word,40965,M-125,0.0,0.0,0.0,0.0,0.0,0.0,0.0
word,40989,EX-071,0.0,0.0,0.0,0.0,0.0,0.0,0.0
word,41019,AG-143,0.0,0.0,0.0,0.0,0.0,0.0,0.0
word,41038,HX-104,0.0,0.0,0.0,0.0,0.0,0.0,0.0
word,41059,M-037,0.0,0.0,0.0,0.0,0.0,0.0,0.0
word,41086,P-215,0.0,0.0,0.0,0.0,0.0,0.0,0.0
word,41092,HP-099,0.0,0.0,0.0,0.0,0.0,0.0,0.0
word,41103,CV-227,0.0,0.0,0.0,0.0,0.0,0.0,0.0
word,41120,HV-101,0.0,0.0,1.0,1.0,1.0,0.1,0.1
word,41141,UF-055,0.0,0.0,0.0,0.0,0.0,0.0,0.0
word,41161,DP-005,0.0,0.0,0.0,0.0,0.0,0.0,0.0
word,41237,BM-087,0.0,0.0,0.0,0.0,0.0,0.0,0.0
word,41330,P-529,0.0,0.0,0.0,0.0,0.0,0.0,0.0
word,41398,P-206,0.0,0.0,0.0,0.0,0.0,0.0,0.0
word,41417,FM-113,0.0,0.0,0.0,0.0,0.0,0.0,0.0
word,41497,DP-088,0.0,0.0,0.0,0.0,0.0,0.0,0.0
word,41502,P-156,0.0,0.0,0.0,0.0,0.0,0.0,0.0
word,41532,K-241,0.0,0.0,0.0,0.0,0.0,0.0,0.0
word,41580,SC-101,0.0,0.0,0.0,0.0,1.0,0.0,0.02040816326530612
word,41596,DC-105,0.0,0.0,0.0,0.0,0.0,0.0,0.0
word,41665,M-023,0.0,0.0,0.0,0.0,0.0,0.0,0.0
word,41668,P-666,0.0,0.0,0.0,0.0,0.0,0.0,0.0
word,41704,F-121,0.0,0.0,0.0,0.0,1.0,0.0,0.02564102564102564
word,41724,HV-052,0.0,0.0,0.0,0.0,0.0,0.0,0.0
word,41741,AG-147,0.0,0.0,0.0,0.0,0.0,0.0,0.0
word,41788,TRB-007,0.0,0.0,0.0,0.0,0.0,0.0,0.0
word,41804,TRB-109,0.0,0.0,0.0,0.0,0.0,0.0,0.0
word,41816,K-109,0.0,0.0,0.0,0.0,0.0,0.0,0.0
word,41824,K-206,0.0,0.0,0.0,0.0,0.0,0.0,0.0
word,41834,AG-005,0.0,0.0,0.0,0.0,0.0,0.0,0.0
word,41877,HX-031,0.0,0.0,0.0,0.0,0.0,0.0,0.0
word,41958,P-216,0.0,0.0,0.0,0.0,0.0,0.0,0.0
word,41976,K-105,0.0,0.0,0.0,0.0,0.0,0.0,0.0
word,42017,DC-083,0.0,0.0,0.0,0.0,0.0,0.0,0.0
word,42034,CT-063,0.0,0.0,0.0,0.0,0.0,0.0,0.0
word,42091,P-269,0.0,0.0,0.0,0.0,0.0,0.0,0.0
word,42116,EV-082,0.0,0.0,0.0,0.0,0.0,0.0,0.0
word,42125,P-696,0.0,0.0,0.0,0.0,0.0,0.0,0.0
word,42165,P-426,0.0,0.0,0.0,0.0,0.0,0.0,0.0
word,42256,TK-142,0.0,0.0,0.0,0.0,0.0,0.0,0.0
word,42262,P-152,0.0,0.0,0.0,0.0,0.0,0.0,0.0
word,42348,SC-110,0.0,0.0,0.0,0.0,0.0,0.0,0.0
word,42399,HX-072,0.0,0.0,0.0,0.0,0.0,0.0,0.0
word,42426,TK-052,0.0,0.0,0.0,0.0,0.0,0.0,0.0
word,42464,HV-036,0.0,0.0,0.0,0.0,0.0,0.0,0.0
word,42466,BLR-052,0.0,0.0,0.0,0.0,0.0,0.0,0.0
word,42490,AG-143,0.0,0.0,0.0,0.0,0.0,0.0,0.0
word,42543,P-342,0.0,0.0,0.0,0.0,0.0,0.0,0.0
word,42548,DRY-116,0.0,0.0,0.0,0.0,1.0,0.0,0.02040816326530612
word,42590,F-307,0.0,0.0,0.0,0.0,0.0,0.0,0.0
word,42607,CF-067,0.0,0.0,0.0,0.0,0.0,0.0,0.0
word,42624,EX-082,0.0,0.0,0.0,0.0,0.0,0.0,0.0
word,42677,P-317,0.0,0.0,0.0,0.0,0.0,0.0,0.0
word,42684,TK-143,0.0,0.0,0.0,0.0,0.0,0.0,0.0
word,42707,DRY-086,0.0,0.0,0.0,0.0,0.0,0.0,0.0
word,42740,HX-145,0.0,0.0,0.0,0.0,0.0,0.0,0.0
word,42745,P-316,0.0,0.0,0.0,0.0,0.0,0.0,0.0
word,42768,CV-090,0.0,0.0,0.0,0.0,0.0,0.0,0.0
word,42787,HX-079,0.0,0.0,0.0,0.0,0.0,0.0,0.0
word,42814,P-699,0.0,0.0,0.0,0.0,0.0,0.0,0.0
word,42818,K-126,0.0,0.0,0.0,0.0,0.0,0.0,0.0
word,42826,M-082,0.0,0.0,0.0,0.0,0.0,0.0,0.0
word,42845,FM-129,0.0,0.0,0.0,0.0,0.0,0.0,0.0
word,42857,P-311,0.0,0.0,0.0,0.0,0.0,0.0,0.0
word,42867,BLR-113,0.0,0.0,0.0,0.0,0.0,0.0,0.0
word,42912,DOS-059,0.0,0.0,0.0,0.0,0.0,0.0,0.0
word,42943,K-191,0.0,0.0,0.0,0.0,0.0,0.0,0.0
word,42962,TK-221,0.0,0.0,0.0,1.0,1.0,0.0,0.07692307692307693
word,42978,K-075,0.0,0.0,0.0,0.0,0.0,0.0,0.0
word,42981,P-370,0.0,0.0,0.0,0.0,0.0,0.0,0.0
word,42997,DC-133,0.0,0.0,0.0,0.0,0.0,0.0,0.0
word,42998,R-115,0.0,0.0,0.0,0.0,0.0,0.0,0.0
word,43028,M-085,0.0,1.0,1.0,1.0,1.0,0.3333333333333333,0.3333333333333333
word,43122,AG-064,0.0,0.0,0.0,0.0,0.0,0.0,0.0
word,43125,P-322,0.0,0.0,0.0,0.0,0.0,0.0,0.0
word,43141,P-539,0.0,0.0,0.0,0.0,0.0,0.0,0.0
word,43187,K-017,0.0,0.0,0.0,0.0,0.0,0.0,0.0
word,43207,M-136,0.0,0.0,0.0,0.0,0.0,0.0,0.0
word,43217,P-235,0.0,0.0,0.0,0.0,0.0,0.0,0.0
word,43266,P-420,0.0,0.0,0.0,0.0,0.0,0.0,0.0
word,43285,TK-054,0.0,0.0,0.0,0.0,0.0,0.0,0.0
word,43290,EX-062,0.0,0.0,0.0,0.0,0.0,0.0,0.0
word,43324,TK-078,0.0,0.0,0.0,0.0,0.0,0.0,0.0
word,43520,AG-040,0.0,0.0,0.0,0.0,0.0,0.0,0.0
word,43543,SC-118,0.0,0.0,0.0,0.0,0.0,0.0,0.0
word,43593,TK-125,0.0,0.0,0.0,0.0,0.0,0.0,0.0
word,43601,CT-114,0.0,0.0,0.0,0.0,1.0,0.0,0.022222222222222223
word,43633,GB-211,0.0,0.0,0.0,0.0,0.0,0.0,0.0
word,43671,BLR-131,0.0,0.0,0.0,0.0,0.0,0.0,0.0
word,43695,CF-030,0.0,0.0,0.0,0.0,0.0,0.0,0.0
word,43768,P-410,0.0,0.0,0.0,0.0,0.0,0.0,0.0
word,43769,K-075,0.0,0.0,0.0,0.0,0.0,0.0,0.0
word,43774,GB-087,0.0,0.0,0.0,0.0,0.0,0.0,0.0
word,43793,HP-033,0.0,0.0,0.0,0.0,1.0,0.0,0.022222222222222223
word,43808,TK-139,0.0,0.0,0.0,0.0,0.0,0.0,0.0
word,43815,HP-055,0.0,0.0,0.0,0.0,0.0,0.0,0.0
word,43816,DC-110,0.0,0.0,0.0,0.0,0.0,0.0,0.0
word,43819,HX-351,0.0,0.0,0.0,0.0,0.0,0.0,0.0
word,43855,TK-208,0.0,0.0,0.0,0.0,0.0,0.0,0.0
word,43858,CF-039,0.0,0.0,0.0,0.0,0.0,0.0,0.0
word,43862,TK-137,0.0,0.0,0.0,0.0,0.0,0.0,0.0
word,43985,P-521,0.0,0.0,0.0,0.0,0.0,0.0,0.0
word,44072,GT-143,0.0,0.0,0.0,0.0,0.0,0.0,0.0
word,44095,R-005,0.0,0.0,0.0,0.0,0.0,0.0,0.0
word,44133,TK-237,0.0,0.0,0.0,0.0,0.0,0.0,0.0
word,44145,HX-145,0.0,0.0,0.0,0.0,0.0,0.0,0.0
word,44191,HX-015,0.0,1.0,1.0,1.0,1.0,0.2,0.2
word,44204,BLR-135,0.0,0.0,0.0,0.0,0.0,0.0,0.0
word,44241,AG-061,0.0,0.0,0.0,0.0,1.0,0.0,0.04
word,44293,R-090,0.0,0.0,0.0,0.0,0.0,0.0,0.0
word,44312,SEP-111,0.0,0.0,0.0,0.0,0.0,0.0,0.0
word,44319,GB-129,0.0,0.0,0.0,0.0,0.0,0.0,0.0
word,44330,CV-342,0.0,0.0,0.0,0.0,0.0,0.0,0.0
word,44343,GB-091,0.0,0.0,0.0,0.0,0.0,0.0,0.0
word,44366,K-261,0.0,0.0,0.0,0.0,0.0,0.0,0.0
word,44374,EV-131,0.0,0.0,0.0,0.0,0.0,0.0,0.0
word,44424,R-119,0.0,0.0,0.0,0.0,0.0,0.0,0.0
word,44435,TK-101,0.0,0.0,0.0,0.0,0.0,0.0,0.0
word,44523,GB-091,0.0,0.0,0.0,0.0,0.0,0.0,0.0
word,44572,P-240,0.0,0.0,0.0,0.0,0.0,0.0,0.0
word,44576,TK-330,0.0,0.0,0.0,0.0,0.0,0.0,0.0
word,44610,BM-131,0.0,0.0,0.0,0.0,0.0,0.0,0.0
word,44625,HX-009,0.0,0.0,0.0,0.0,0.0,0.0,0.0
word,44639,SEP-110,0.0,0.0,0.0,0.0,0.0,0.0,0.0
word,44662,M-074,0.0,0.0,0.0,0.0,0.0,0.0,0.0
word,44735,M-112,0.0,0.0,0.0,0.0,0.0,0.0,0.0
word,44740,M-127,0.0,0.0,0.0,0.0,0.0,0.0,0.0
word,44851,AG-119,0.0,0.0,0.0,0.0,0.0,0.0,0.0
word,44886,CV-318,0.0,0.0,0.0,0.0,0.0,0.0,0.0
word,44946,HX-081,0.0,0.0,0.0,0.0,0.0,0.0,0.0
word,44991,HP-073,0.0,0.0,0.0,0.0,0.0,0.0,0.0
word,44999,P-448,0.0,0.0,0.0,0.0,0.0,0.0,0.0
word,45013,RLP-103,0.0,0.0,0.0,0.0,0.0,0.0,0.0
word,45026,GB-046,0.0,0.0,0.0,0.0,0.0,0.0,0.0
word,45038,P-424,0.0,0.0,0.0,0.0,0.0,0.0,0.0
word,45055,F-145,0.0,0.0,0.0,0.0,1.0,0.0,0.047619047619047616
word,45095,K-143,0.0,0.0,0.0,1.0,1.0,0.0,0.07142857142857142
word,45097,AG-074,0.0,0.0,0.0,0.0,0.0,0.0,0.0
word,45112,P-200,0.0,0.0,0.0,0.0,0.0,0.0,0.0
word,45155,P-294,0.0,0.0,0.0,0.0,0.0,0.0,0.0
word,45169,AG-053,0.0,0.0,0.0,0.0,0.0,0.0,0.0
word,45172,FM-018,0.0,0.0,0.0,0.0,1.0,0.0,0.03333333333333333
word,45185,P-561,0.0,0.0,0.0,0.0,0.0,0.0,0.0
word,45238,M-124,0.0,0.0,0.0,0.0,0.0,0.0,0.0
word,45244,FM-140,0.0,0.0,0.0,0.0,0.0,0.0,0.0
word,45320,P-532,0.0,0.0,0.0,0.0,0.0,0.0,0.0
word,45363,P-111,0.0,0.0,0.0,0.0,0.0,0.0,0.0
word,45427,P-262,0.0,0.0,0.0,0.0,0.0,0.0,0.0
word,45442,HX-031,0.0,0.0,0.0,0.0,0.0,0.0,0.0
word,45515,DOS-145,0.0,0.0,0.0,0.0,0.0,0.0,0.0
word,45525,K-080,0.0,0.0,0.0,0.0,0.0,0.0,0.0
word,45565,GS-129,0.0,0.0,0.0,0.0,0.0,0.0,0.0
word,45602,SC-137,0.0,0.0,0.0,0.0,0.0,0.0,0.0
word,45671,R-041,0.0,0.0,0.0,0.0,0.0,0.0,0.0
word,45746,GT-073,0.0,0.0,0.0,0.0,0.0,0.0,0.0
word,45760,TRB-040,0.0,0.0,0.0,0.0,0.0,0.0,0.0
word,45811,TK-041,0.0,0.0,0.0,0.0,0.0,0.0,0.0
word,45814,P-338,0.0,0.0,0.0,0.0,0.0,0.0,0.0
word,45837,K-335,0.0,0.0,0.0,0.0,0.0,0.0,0.0
word,45852,P-270,0.0,0.0,0.0,0.0,0.0,0.0,0.0
word,45864,HX-212,0.0,0.0,0.0,0.0,0.0,0.0,0.0
word,45872,GB-130,0.0,0.0,0.0,0.0,0.0,0.0,0.0
word,45909,P-307,0.0,0.0,0.0,0.0,0.0,0.0,0.0
word,45947,BM-121,0.0,0.0,0.0,0.0,0.0,0.0,0.0
word,45953,AG-062,0.0,0.0,0.0,0.0,0.0,0.0,0.0
word,45966,EV-125,0.0,0.0,0.0,0.0,0.0,0.0,0.0
word,46031,R-015,0.0,0.0,0.0,0.0,0.0,0.0,0.0
word,46036,TK-143,0.0,0.0,0.0,0.0,0.0,0.0,0.0
word,46041,R-010,0.0,0.0,0.0,0.0,0.0,0.0,0.0
word,46053,K-103,0.0,0.0,0.0,0.0,0.0,0.0,0.0
word,46079,DP-068,0.0,0.0,0.0,0.0,0.0,0.0,0.0
word,46080,GB-051,0.0,0.0,0.0,0.0,0.0,0.0,0.0
word,46092,HX-168,0.0,0.0,0.0,0.0,0.0,0.0,0.0
word,46138,AG-058,0.0,0.0,0.0,0.0,1.0,0.0,0.043478260869565216
word,46188,TK-022,0.0,0.0,0.0,0.0,0.0,0.0,0.0
word,46216,P-552,0.0,0.0,0.0,0.0,0.0,0.0,0.0
word,46250,FM-096,0.0,0.0,0.0,0.0,0.0,0.0,0.0
word,46268,P-248,0.0,0.0,0.0,0.0,0.0,0.0,0.0
word,46279,M-113,0.0,0.0,0.0,0.0,0.0,0.0,0.0
word,46299,P-740,0.0,0.0,0.0,0.0,0.0,0.0,0.0
word,46320,F-147,0.0,0.0,0.0,0.0,0.0,0.0,0.0
word,46355,DC-073,0.0,0.0,0.0,0.0,0.0,0.0,0.0
word,46361,SC-028,0.0,0.0,0.0,0.0,0.0,0.0,0.0
word,46375,EX-098,0.0,0.0,0.0,0.0,0.0,0.0,0.0
word,46393,K-085,0.0,0.0,0.0,0.0,0.0,0.0,0.0
word,46417,DC-116,0.0,0.0,0.0,0.0,0.0,0.0,0.0
word,46434,P-644,0.0,0.0,0.0,0.0,0.0,0.0,0.0
word,46458,K-059,0.0,0.0,0.0,0.0,0.0,0.0,0.0
word,46503,FCC-084,0.0,0.0,0.0,0.0,0.0,0.0,0.0
word,46506,P-105,0.0,0.0,0.0,0.0,0.0,0.0,0.0
word,46513,AG-027,0.0,0.0,0.0,0.0,0.0,0.0,0.0
word,46582,TK-158,0.0,0.0,0.0,0.0,0.0,0.0,0.0
word,46600,K-086,0.0,0.0,0.0,0.0,0.0,0.0,0.0
word,46625,FM-087,0.0,0.0,0.0,0.0,0.0,0.0,0.0
word,46626,SD-014,0.0,0.0,0.0,0.0,1.0,0.0,0.02702702702702703
word,46640,GB-114,0.0,0.0,0.0,0.0,0.0,0.0,0.0
word,46674,DOS-043,0.0,0.0,0.0,0.0,1.0,0.0,0.02
word,46690,HX-129,0.0,0.0,0.0,0.0,1.0,0.0,0.02564102564102564
word,46705,M-085,0.0,0.0,0.0,1.0,1.0,0.0,0.07692307692307693
word,46709,DOS-129,0.0,0.0,0.0,1.0,1.0,0.0,0.05263157894736842
word,46728,EX-053,0.0,0.0,0.0,0.0,0.0,0.0,0.0
word,46751,FM-116,0.0,0.0,0.0,0.0,0.0,0.0,0.0
word,46766,AG-035,0.0,0.0,0.0,0.0,0.0,0.0,0.0
word,46790,CF-043,0.0,0.0,0.0,0.0,0.0,0.0,0.0
word,46826,HX-095,0.0,0.0,0.0,0.0,0.0,0.0,0.0
word,46841,EX-125,0.0,0.0,0.0,0.0,0.0,0.0,0.0
word,46875,P-229,0.0,0.0,0.0,0.0,0.0,0.0,0.0
word,46908,P-332,0.0,0.0,0.0,0.0,0.0,0.0,0.0
word,46960,M-110,0.0,0.0,0.0,0.0,0.0,0.0,0.0
word,46976,K-098,0.0,0.0,0.0,0.0,0.0,0.0,0.0
word,47033,TK-047,0.0,0.0,0.0,0.0,0.0,0.0,0.0
word,47102,CV-093,0.0,0.0,0.0,0.0,0.0,0.0,0.0
word,47172,HV-141,0.0,0.0,0.0,0.0,0.0,0.0,0.0
word,47180,P-244,0.0,0.0,0.0,0.0,0.0,0.0,0.0
word,47244,P-117,0.0,0.0,0.0,1.0,1.0,0.0,0.05555555555555555
word,47296,CF-068,0.0,0.0,0.0,0.0,0.0,0.0,0.0
word,47325,BM-142,0.0,0.0,0.0,0.0,0.0,0.0,0.0
word,47335,CF-117,0.0,0.0,0.0,0.0,0.0,0.0,0.0
word,47355,TK-185,0.0,0.0,0.0,0.0,0.0,0.0,0.0
word,47394,P-742,0.0,0.0,0.0,0.0,0.0,0.0,0.0
word,47474,FM-054,0.0,0.0,0.0,0.0,0.0,0.0,0.0
word,47534,TK-104,0.0,0.0,0.0,0.0,0.0,0.0,0.0
word,47568,P-609,0.0,0.0,0.0,0.0,0.0,0.0,0.0
word,47579,SEP-085,0.0,0.0,0.0,0.0,0.0,0.0,0.0
word,47593,F-048,0.0,0.0,0.0,0.0,0.0,0.0,0.0
word,47602,FM-015,0.0,0.0,0.0,0.0,0.0,0.0,0.0
word,47616,K-021,0.0,0.0,0.0,0.0,0.0,0.0,0.0
word,47620,F-017,0.0,0.0,0.0,0.0,1.0,0.0,0.022222222222222223
word,47635,P-331,0.0,0.0,0.0,0.0,0.0,0.0,0.0
word,47674,TK-134,0.0,0.0,0.0,1.0,1.0,0.0,0.06666666666666667
word,47695,BM-059,0.0,0.0,0.0,0.0,0.0,0.0,0.0
word,47699,P-154,0.0,0.0,1.0,1.0,1.0,0.1,0.1
word,47755,P-344,0.0,0.0,0.0,0.0,0.0,0.0,0.0
word,47811,F-120,0.0,0.0,0.0,0.0,0.0,0.0,0.0
word,47848,P-179,0.0,0.0,0.0,0.0,0.0,0.0,0.0
word,47876,AG-098,0.0,0.0,0.0,0.0,0.0,0.0,0.0
word,47978,RLP-050,0.0,0.0,0.0,0.0,0.0,0.0,0.0
word,48020,DOS-084,0.0,0.0,0.0,0.0,0.0,0.0,0.0
word,48039,K-027,0.0,0.0,0.0,0.0,0.0,0.0,0.0
word,48093,DRY-019,0.0,0.0,0.0,1.0,1.0,0.0,0.05263157894736842
word,48104,EV-076,0.0,0.0,0.0,0.0,0.0,0.0,0.0
word,48181,DOS-133,0.0,0.0,0.0,0.0,0.0,0.0,0.0
word,48191,P-658,0.0,0.0,0.0,0.0,0.0,0.0,0.0
word,48197,EX-109,0.0,0.0,0.0,0.0,0.0,0.0,0.0
word,48208,F-143,0.0,0.0,0.0,0.0,0.0,0.0,0.0
word,48223,EX-109,0.0,0.0,0.0,0.0,0.0,0.0,0.0
word,48271,TK-148,0.0,0.0,0.0,1.0,1.0,0.0,0.08333333333333333
word,48326,P-180,0.0,0.0,0.0,0.0,0.0,0.0,0.0
word,48371,P-198,0.0,0.0,0.0,0.0,0.0,0.0,0.0
word,48417,HV-210,0.0,0.0,0.0,0.0,0.0,0.0,0.0
word,48443,GB-006,0.0,0.0,0.0,0.0,0.0,0.0,0.0
word,48569,DC-069,0.0,0.0,0.0,0.0,0.0,0.0,0.0
word,48570,RLP-136,0.0,0.0,0.0,0.0,0.0,0.0,0.0
word,48636,AG-107,0.0,0.0,0.0,0.0,0.0,0.0,0.0
word,48730,DOS-027,0.0,0.0,0.0,0.0,1.0,0.0,0.02702702702702703
word,48751,FCC-051,0.0,0.0,0.0,0.0,0.0,0.0,0.0
word,48772,K-051,0.0,0.0,0.0,0.0,0.0,0.0,0.0
word,48774,DP-057,0.0,0.0,0.0,0.0,0.0,0.0,0.0
word,48809,M-068,0.0,0.0,0.0,1.0,1.0,0.0,0.05
word,48839,FM-147,0.0,0.0,0.0,0.0,0.0,0.0,0.0
word,48895,P-176,0.0,0.0,0.0,0.0,0.0,0.0,0.0
word,48910,HX-049,0.0,0.0,0.0,0.0,0.0,0.0,0.0
word,48983,GB-027,0.0,0.0,0.0,0.0,0.0,0.0,0.0
word,48989,HX-041,0.0,0.0,0.0,0.0,0.0,0.0,0.0
word,49014,CR-123,0.0,0.0,0.0,0.0,0.0,0.0,0.0
word,49035,SEP-020,0.0,0.0,0.0,0.0,0.0,0.0,0.0
word,49101,TK-338,0.0,0.0,0.0,0.0,0.0,0.0,0.0
word,49144,GB-082,0.0,0.0,0.0,0.0,0.0,0.0,0.0
word,49203,R-024,0.0,0.0,0.0,0.0,0.0,0.0,0.0
word,49323,AG-031,0.0,0.0,0.0,0.0,0.0,0.0,0.0
word,49357,K-101,0.0,0.0,0.0,0.0,0.0,0.0,0.0
word,49362,DRY-006,0.0,0.0,0.0,0.0,0.0,0.0,0.0
word,49363,P-108,0.0,0.0,0.0,0.0,0.0,0.0,0.0
word,49373,HX-329,0.0,0.0,0.0,0.0,1.0,0.0,0.045454545454545456
word,49392,TK-131,0.0,0.0,0.0,0.0,0.0,0.0,0.0
word,49395,F-054,0.0,0.0,0.0,0.0,0.0,0.0,0.0
word,49401,BLR-011,0.0,0.0,0.0,0.0,0.0,0.0,0.0
word,49412,GB-128,0.0,0.0,0.0,0.0,0.0,0.0,0.0
word,49460,M-082,0.0,0.0,0.0,0.0,0.0,0.0,0.0
word,49478,R-063,0.0,0.0,0.0,0.0,0.0,0.0,0.0
word,49492,CV-133,0.0,1.0,1.0,1.0,1.0,0.25,0.25
word,49502,TK-006,0.0,0.0,0.0,0.0,0.0,0.0,0.0
word,49522,P-367,0.0,0.0,0.0,0.0,0.0,0.0,0.0
word,49537,M-071,0.0,0.0,0.0,0.0,1.0,0.0,0.022222222222222223
word,49574,EX-238,0.0,0.0,0.0,0.0,0.0,0.0,0.0
word,49581,K-121,0.0,0.0,0.0,0.0,0.0,0.0,0.0
word,49611,TK-062,0.0,0.0,0.0,0.0,0.0,0.0,0.0
word,49635,DC-022,0.0,0.0,0.0,0.0,0.0,0.0,0.0
word,49655,M-022,0.0,0.0,0.0,0.0,1.0,0.0,0.038461538461538464
word,49773,TK-205,0.0,0.0,0.0,0.0,0.0,0.0,0.0
word,49796,P-246,0.0,0.0,0.0,0.0,0.0,0.0,0.0
word,49878,F-032,0.0,0.0,0.0,0.0,0.0,0.0,0.0
word,49911,P-328,0.0,0.0,0.0,0.0,0.0,0.0,0.0
word,49938,TK-071,0.0,0.0,0.0,0.0,0.0,0.0,0.0
character,6,HX-301,0.0,0.0,0.0,0.0,0.0,0.0,0.0
character,92,DOS-081,0.0,0.0,0.0,1.0,1.0,0.0,0.0625
character,146,CR-118,0.0,0.0,0.0,0.0,0.0,0.0,0.0
character,192,FCC-018,0.0,0.0,0.0,0.0,1.0,0.0,0.02631578947368421
character,260,EX-120,0.0,0.0,0.0,0.0,0.0,0.0,0.0
character,282,GS-059,0.0,0.0,0.0,0.0,0.0,0.0,0.0
character,322,TK-183,0.0,0.0,0.0,0.0,0.0,0.0,0.0
character,332,P-229,0.0,0.0,0.0,0.0,0.0,0.0,0.0
character,333,K-099,0.0,0.0,0.0,0.0,0.0,0.0,0.0
character,334,TK-082,0.0,0.0,0.0,0.0,0.0,0.0,0.0
character,342,HP-097,0.0,0.0,0.0,0.0,1.0,0.0,0.025
character,347,CV-009,0.0,0.0,0.0,0.0,1.0,0.0,0.04
character,351,DRY-076,0.0,0.0,0.0,0.0,0.0,0.0,0.0
character,353,P-161,0.0,0.0,0.0,0.0,0.0,0.0,0.0
character,408,TK-306,0.0,0.0,0.0,0.0,0.0,0.0,0.0
character,409,BLR-076,0.0,0.0,0.0,0.0,0.0,0.0,0.0
character,436,CV-050,0.0,0.0,0.0,0.0,0.0,0.0,0.0
character,475,F-123,0.0,0.0,0.0,0.0,0.0,0.0,0.0
character,561,P-262,0.0,0.0,0.0,0.0,0.0,0.0,0.0
character,570,SC-215,0.0,0.0,0.0,0.0,0.0,0.0,0.0
character,594,HX-071,0.0,0.0,0.0,0.0,0.0,0.0,0.0
character,600,P-238,0.0,0.0,0.0,0.0,0.0,0.0,0.0
character,601,AG-101,0.0,0.0,0.0,1.0,1.0,0.0,0.0625
character,622,HX-337,0.0,0.0,0.0,0.0,0.0,0.0,0.0
character,636,P-313,0.0,0.0,0.0,0.0,0.0,0.0,0.0
character,640,AG-107,0.0,0.0,0.0,0.0,0.0,0.0,0.0
character,645,SEP-079,0.0,0.0,0.0,0.0,0.0,0.0,0.0
character,673,DC-116,0.0,1.0,1.0,1.0,1.0,0.2,0.2
character,697,P-248,0.0,0.0,0.0,0.0,0.0,0.0,0.0
character,725,P-234,0.0,0.0,0.0,0.0,0.0,0.0,0.0
character,738,HX-133,0.0,1.0,1.0,1.0,1.0,0.2,0.2
character,739,UF-065,0.0,0.0,0.0,0.0,1.0,0.0,0.023255813953488372
character,767,DP-074,0.0,0.0,0.0,0.0,0.0,0.0,0.0
character,786,DOS-122,0.0,0.0,0.0,0.0,0.0,0.0,0.0
character,831,TK-386,0.0,0.0,0.0,0.0,0.0,0.0,0.0
character,877,R-117,0.0,0.0,0.0,0.0,0.0,0.0,0.0
character,939,P-207,0.0,0.0,0.0,0.0,0.0,0.0,0.0
character,1077,K-023,0.0,0.0,0.0,0.0,0.0,0.0,0.0
character,1094,EX-077,0.0,0.0,0.0,0.0,0.0,0.0,0.0
character,1105,RLP-027,0.0,0.0,0.0,0.0,0.0,0.0,0.0
character,1129,K-179,0.0,0.0,0.0,0.0,0.0,0.0,0.0
character,1134,BLR-220,0.0,0.0,0.0,0.0,0.0,0.0,0.0
character,1187,CR-043,0.0,0.0,0.0,0.0,0.0,0.0,0.0
character,1189,HX-028,0.0,0.0,0.0,0.0,0.0,0.0,0.0
character,1210,HV-030,0.0,0.0,0.0,0.0,0.0,0.0,0.0
character,1221,HV-144,0.0,0.0,0.0,1.0,1.0,0.0,0.05555555555555555
character,1232,CF-141,0.0,0.0,0.0,0.0,0.0,0.0,0.0
character,1237,P-330,0.0,0.0,0.0,0.0,0.0,0.0,0.0
character,1316,EV-059,0.0,0.0,0.0,0.0,0.0,0.0,0.0
character,1327,F-137,0.0,0.0,0.0,0.0,0.0,0.0,0.0
character,1329,SC-121,0.0,0.0,0.0,0.0,0.0,0.0,0.0
character,1343,HP-120,0.0,0.0,0.0,0.0,0.0,0.0,0.0
character,1353,K-111,0.0,0.0,1.0,1.0,1.0,0.1111111111111111,0.1111111111111111
character,1396,DC-145,0.0,0.0,0.0,0.0,0.0,0.0,0.0
character,1416,SC-143,0.0,0.0,0.0,0.0,0.0,0.0,0.0
character,1418,P-207,0.0,0.0,0.0,0.0,0.0,0.0,0.0
character,1451,BM-138,0.0,0.0,0.0,0.0,1.0,0.0,0.037037037037037035
character,1480,P-235,0.0,0.0,0.0,0.0,0.0,0.0,0.0
character,1488,M-135,0.0,0.0,0.0,0.0,0.0,0.0,0.0
character,1499,DC-140,0.0,0.0,0.0,1.0,1.0,0.0,0.07692307692307693
character,1504,FM-061,0.0,0.0,0.0,0.0,0.0,0.0,0.0
character,1551,DOS-096,0.0,0.0,0.0,0.0,0.0,0.0,0.0
character,1577,K-268,0.0,0.0,0.0,0.0,0.0,0.0,0.0
character,1585,EV-115,0.0,0.0,0.0,0.0,0.0,0.0,0.0
character,1630,R-039,0.0,0.0,0.0,0.0,0.0,0.0,0.0
character,1639,TK-134,0.0,0.0,0.0,0.0,1.0,0.0,0.045454545454545456
character,1647,P-628,0.0,0.0,0.0,0.0,0.0,0.0,0.0
character,1661,DC-093,0.0,0.0,0.0,0.0,0.0,0.0,0.0
character,1700,TK-171,0.0,0.0,0.0,0.0,0.0,0.0,0.0
character,1710,CV-086,0.0,0.0,0.0,0.0,0.0,0.0,0.0
character,1719,FCC-071,0.0,0.0,0.0,0.0,0.0,0.0,0.0
character,1788,P-368,0.0,0.0,0.0,0.0,0.0,0.0,0.0
character,1789,M-105,0.0,0.0,0.0,0.0,1.0,0.0,0.02631578947368421
character,1814,K-021,0.0,0.0,0.0,0.0,0.0,0.0,0.0
character,1821,AG-119,0.0,0.0,0.0,0.0,0.0,0.0,0.0
character,1861,AG-110,0.0,0.0,0.0,0.0,0.0,0.0,0.0
character,1865,GB-122,0.0,0.0,0.0,0.0,1.0,0.0,0.04
character,1873,P-173,0.0,0.0,0.0,0.0,0.0,0.0,0.0
character,1898,SC-026,0.0,0.0,0.0,0.0,0.0,0.0,0.0
character,1901,TK-013,0.0,0.0,0.0,0.0,0.0,0.0,0.0
character,1983,TK-144,0.0,0.0,0.0,0.0,0.0,0.0,0.0
character,2010,VP-131,0.0,0.0,0.0,1.0,1.0,0.0,0.08333333333333333
character,2029,CT-050,0.0,0.0,0.0,1.0,1.0,0.0,0.05263157894736842
character,2043,SEP-057,0.0,0.0,1.0,1.0,1.0,0.16666666666666666,0.16666666666666666
character,2058,SEP-113,0.0,0.0,0.0,0.0,0.0,0.0,0.0
character,2090,P-170,0.0,0.0,0.0,0.0,0.0,0.0,0.0
character,2128,P-228,0.0,0.0,0.0,0.0,1.0,0.0,0.029411764705882353
character,2130,M-075,0.0,0.0,0.0,0.0,0.0,0.0,0.0
character,2133,GB-043,0.0,0.0,0.0,0.0,0.0,0.0,0.0
character,2146,P-622,0.0,0.0,0.0,0.0,0.0,0.0,0.0
character,2152,M-012,0.0,0.0,0.0,0.0,1.0,0.0,0.045454545454545456
character,2165,DC-141,0.0,0.0,0.0,1.0,1.0,0.0,0.07142857142857142
character,2288,HX-023,0.0,0.0,0.0,0.0,0.0,0.0,0.0
character,2293,P-247,0.0,0.0,0.0,0.0,0.0,0.0,0.0
character,2307,P-315,0.0,0.0,0.0,0.0,0.0,0.0,0.0
character,2356,P-321,0.0,0.0,0.0,0.0,0.0,0.0,0.0
character,2392,K-121,0.0,0.0,0.0,0.0,0.0,0.0,0.0
character,2422,K-286,0.0,0.0,0.0,0.0,0.0,0.0,0.0
character,2433,CR-121,0.0,0.0,0.0,0.0,0.0,0.0,0.0
character,2458,P-309,0.0,0.0,0.0,0.0,0.0,0.0,0.0
character,2530,K-244,0.0,0.0,0.0,0.0,0.0,0.0,0.0
character,2575,CV-244,0.0,0.0,1.0,1.0,1.0,0.1111111111111111,0.1111111111111111
character,2611,CT-016,0.0,0.0,0.0,0.0,0.0,0.0,0.0
character,2676,P-299,0.0,0.0,0.0,0.0,0.0,0.0,0.0
character,2684,UF-070,0.0,0.0,0.0,0.0,0.0,0.0,0.0
character,2685,SC-109,0.0,0.0,0.0,0.0,0.0,0.0,0.0
character,2706,CV-081,0.0,0.0,0.0,0.0,0.0,0.0,0.0
character,2716,HV-011,0.0,0.0,0.0,0.0,0.0,0.0,0.0
character,2783,DOS-094,0.0,0.0,0.0,0.0,0.0,0.0,0.0
character,2810,GB-133,0.0,1.0,1.0,1.0,1.0,0.2,0.2
character,2847,BLR-101,0.0,0.0,0.0,0.0,0.0,0.0,0.0
character,2855,CV-032,0.0,0.0,0.0,1.0,1.0,0.0,0.05263157894736842
character,2858,TK-007,0.0,0.0,0.0,0.0,0.0,0.0,0.0
character,2890,DOS-093,0.0,0.0,0.0,0.0,0.0,0.0,0.0
character,2908,P-102,0.0,0.0,0.0,0.0,0.0,0.0,0.0
character,2922,TK-015,0.0,0.0,0.0,0.0,0.0,0.0,0.0
character,2932,P-289,0.0,0.0,0.0,0.0,0.0,0.0,0.0
character,2936,DP-091,0.0,0.0,1.0,1.0,1.0,0.1111111111111111,0.1111111111111111
character,2989,P-312,0.0,0.0,0.0,0.0,0.0,0.0,0.0
character,3121,TK-066,0.0,0.0,0.0,0.0,0.0,0.0,0.0
character,3147,P-143,0.0,0.0,0.0,0.0,0.0,0.0,0.0
character,3183,R-089,0.0,0.0,0.0,0.0,0.0,0.0,0.0
character,3218,UF-224,0.0,0.0,0.0,0.0,1.0,0.0,0.03125
character,3224,K-068,0.0,0.0,0.0,0.0,0.0,0.0,0.0
character,3226,CR-121,0.0,0.0,0.0,0.0,0.0,0.0,0.0
character,3240,EX-031,0.0,0.0,0.0,0.0,0.0,0.0,0.0
character,3320,CV-184,0.0,0.0,0.0,0.0,1.0,0.0,0.030303030303030304
character,3380,DC-139,0.0,0.0,0.0,0.0,0.0,0.0,0.0
character,3505,P-217,0.0,0.0,0.0,1.0,1.0,0.0,0.058823529411764705
character,3525,P-364,0.0,0.0,0.0,0.0,0.0,0.0,0.0
character,3541,HV-040,0.0,0.0,0.0,0.0,0.0,0.0,0.0
character,3595,TK-114,0.0,0.0,0.0,0.0,0.0,0.0,0.0
character,3608,DOS-032,0.0,0.0,0.0,0.0,0.0,0.0,0.0
character,3611,VP-076,0.0,1.0,1.0,1.0,1.0,0.3333333333333333,0.3333333333333333
character,3651,TK-187,0.0,0.0,0.0,0.0,0.0,0.0,0.0
character,3662,SC-110,0.0,0.0,0.0,0.0,0.0,0.0,0.0
character,3683,K-091,0.0,0.0,0.0,0.0,0.0,0.0,0.0
character,3709,P-228,0.0,0.0,0.0,0.0,0.0,0.0,0.0
character,3737,EV-015,0.0,0.0,0.0,0.0,1.0,0.0,0.022222222222222223
character,3818,SD-102,0.0,0.0,0.0,0.0,0.0,0.0,0.0
character,3855,M-112,0.0,0.0,0.0,0.0,0.0,0.0,0.0
character,3886,P-629,0.0,0.0,0.0,0.0,0.0,0.0,0.0
character,3903,F-023,0.0,0.0,0.0,0.0,0.0,0.0,0.0
character,3918,TK-143,0.0,0.0,0.0,0.0,0.0,0.0,0.0
character,3956,P-118,0.0,0.0,0.0,0.0,0.0,0.0,0.0
character,3958,TK-109,0.0,0.0,0.0,0.0,0.0,0.0,0.0
character,4316,CR-130,0.0,0.0,0.0,0.0,0.0,0.0,0.0
character,4326,P-337,0.0,0.0,0.0,0.0,0.0,0.0,0.0
character,4351,P-159,0.0,0.0,0.0,0.0,0.0,0.0,0.0
character,4353,EX-067,0.0,0.0,0.0,0.0,0.0,0.0,0.0
character,4461,EV-105,0.0,0.0,0.0,0.0,0.0,0.0,0.0
character,4476,GT-021,0.0,0.0,0.0,0.0,0.0,0.0,0.0
character,4485,GS-054,0.0,0.0,0.0,0.0,1.0,0.0,0.03333333333333333
character,4494,DC-122,0.0,0.0,0.0,0.0,1.0,0.0,0.02702702702702703
character,4500,AG-027,0.0,0.0,0.0,0.0,0.0,0.0,0.0
character,4531,P-321,0.0,0.0,0.0,0.0,0.0,0.0,0.0
character,4551,RLP-007,0.0,0.0,0.0,0.0,0.0,0.0,0.0
character,4591,R-121,0.0,0.0,0.0,0.0,0.0,0.0,0.0
character,4628,VP-118,0.0,0.0,0.0,0.0,0.0,0.0,0.0
character,4737,P-312,0.0,0.0,0.0,0.0,0.0,0.0,0.0
character,4777,EX-070,0.0,0.0,0.0,0.0,0.0,0.0,0.0
character,4857,P-302,0.0,0.0,0.0,0.0,0.0,0.0,0.0
character,4883,CT-055,0.0,0.0,0.0,0.0,0.0,0.0,0.0
character,4902,K-033,0.0,0.0,0.0,0.0,0.0,0.0,0.0
character,4985,GT-136,0.0,0.0,0.0,0.0,0.0,0.0,0.0
character,5026,M-044,0.0,0.0,0.0,0.0,0.0,0.0,0.0
character,5040,R-127,0.0,0.0,0.0,0.0,0.0,0.0,0.0
character,5143,P-216,0.0,0.0,0.0,0.0,0.0,0.0,0.0
character,5151,BM-124,0.0,0.0,0.0,0.0,0.0,0.0,0.0
character,5159,P-517,0.0,0.0,0.0,0.0,0.0,0.0,0.0
character,5209,P-439,0.0,0.0,0.0,0.0,0.0,0.0,0.0
character,5223,CT-142,0.0,0.0,0.0,0.0,1.0,0.0,0.03333333333333333
character,5298,HX-030,0.0,0.0,0.0,0.0,0.0,0.0,0.0
character,5305,TK-075,0.0,0.0,0.0,0.0,0.0,0.0,0.0
character,5322,P-443,0.0,0.0,0.0,0.0,0.0,0.0,0.0
character,5401,SC-034,0.0,0.0,0.0,0.0,0.0,0.0,0.0
character,5407,HV-172,0.0,0.0,0.0,0.0,0.0,0.0,0.0
character,5451,F-107,0.0,0.0,0.0,0.0,0.0,0.0,0.0
character,5468,P-104,0.0,0.0,0.0,0.0,0.0,0.0,0.0
character,5549,CV-039,0.0,0.0,0.0,0.0,0.0,0.0,0.0
character,5604,CT-145,0.0,0.0,0.0,0.0,0.0,0.0,0.0
character,5616,HP-109,0.0,0.0,0.0,0.0,0.0,0.0,0.0
character,5683,TK-054,0.0,0.0,0.0,0.0,0.0,0.0,0.0
character,5692,R-205,0.0,0.0,0.0,0.0,0.0,0.0,0.0
character,5765,GT-144,0.0,0.0,0.0,0.0,0.0,0.0,0.0
character,5786,BLR-038,0.0,0.0,0.0,0.0,0.0,0.0,0.0
character,5846,FM-019,0.0,0.0,0.0,0.0,0.0,0.0,0.0
character,5859,M-058,0.0,0.0,0.0,0.0,0.0,0.0,0.0
character,5886,GS-013,0.0,1.0,1.0,1.0,1.0,0.5,0.5
character,5934,CR-016,0.0,0.0,0.0,0.0,0.0,0.0,0.0
character,5947,P-324,0.0,0.0,0.0,0.0,0.0,0.0,0.0
character,5983,R-038,0.0,0.0,0.0,0.0,0.0,0.0,0.0
character,6007,K-089,0.0,0.0,0.0,0.0,0.0,0.0,0.0
character,6019,DP-097,0.0,0.0,0.0,0.0,0.0,0.0,0.0
character,6028,DC-049,0.0,0.0,0.0,0.0,0.0,0.0,0.0
character,6072,EX-138,0.0,0.0,0.0,0.0,1.0,0.0,0.02564102564102564
character,6152,GS-126,0.0,0.0,0.0,0.0,0.0,0.0,0.0
character,6162,K-272,0.0,0.0,0.0,0.0,0.0,0.0,0.0
character,6210,FCC-039,0.0,0.0,0.0,0.0,0.0,0.0,0.0
character,6215,SEP-116,0.0,0.0,0.0,0.0,0.0,0.0,0.0
character,6265,HV-031,0.0,0.0,0.0,0.0,0.0,0.0,0.0
character,6283,M-044,0.0,0.0,0.0,0.0,0.0,0.0,0.0
character,6304,EX-129,0.0,0.0,0.0,0.0,0.0,0.0,0.0
character,6309,GB-007,0.0,0.0,0.0,0.0,0.0,0.0,0.0
character,6343,SC-104,0.0,0.0,0.0,0.0,0.0,0.0,0.0
character,6363,HV-107,0.0,0.0,0.0,1.0,1.0,0.0,0.08333333333333333
character,6431,SD-139,0.0,0.0,0.0,0.0,0.0,0.0,0.0
character,6450,GB-107,0.0,0.0,0.0,0.0,0.0,0.0,0.0
character,6544,F-080,0.0,0.0,0.0,0.0,0.0,0.0,0.0
character,6573,TK-103,0.0,0.0,1.0,1.0,1.0,0.14285714285714285,0.14285714285714285
character,6626,GB-033,0.0,0.0,0.0,0.0,0.0,0.0,0.0
character,6649,P-705,0.0,0.0,0.0,0.0,0.0,0.0,0.0
character,6663,R-046,0.0,0.0,0.0,0.0,0.0,0.0,0.0
character,6760,P-378,0.0,0.0,0.0,0.0,0.0,0.0,0.0
character,6765,EX-031,0.0,0.0,0.0,1.0,1.0,0.0,0.0625
character,6803,K-226,0.0,0.0,0.0,0.0,0.0,0.0,0.0
character,6807,F-055,0.0,0.0,0.0,0.0,0.0,0.0,0.0
character,6832,P-184,0.0,0.0,0.0,0.0,0.0,0.0,0.0
character,6835,CR-120,0.0,0.0,0.0,0.0,0.0,0.0,0.0
character,6867,HP-084,0.0,0.0,0.0,0.0,0.0,0.0,0.0
character,6883,UF-015,0.0,0.0,1.0,1.0,1.0,0.1,0.1
character,6978,HX-125,0.0,0.0,0.0,0.0,0.0,0.0,0.0
character,7064,P-568,0.0,0.0,0.0,0.0,0.0,0.0,0.0
character,7091,SEP-210,0.0,0.0,0.0,0.0,0.0,0.0,0.0
character,7093,R-110,1.0,1.0,1.0,1.0,1.0,1.0,1.0
character,7124,P-524,0.0,0.0,0.0,0.0,0.0,0.0,0.0
character,7202,R-133,0.0,0.0,0.0,0.0,0.0,0.0,0.0
character,7224,AG-040,0.0,0.0,0.0,0.0,0.0,0.0,0.0
character,7232,HX-124,0.0,0.0,0.0,1.0,1.0,0.0,0.05
character,7257,HP-138,0.0,0.0,0.0,0.0,1.0,0.0,0.027777777777777776
character,7271,DC-115,0.0,0.0,0.0,0.0,0.0,0.0,0.0
character,7299,GB-017,0.0,0.0,0.0,0.0,0.0,0.0,0.0
character,7353,P-198,1.0,1.0,1.0,1.0,1.0,1.0,1.0
character,7359,P-613,0.0,0.0,0.0,0.0,0.0,0.0,0.0
character,7362,TK-179,0.0,1.0,1.0,1.0,1.0,0.2,0.2
character,7422,R-243,0.0,0.0,0.0,0.0,0.0,0.0,0.0
character,7432,P-275,0.0,0.0,0.0,0.0,0.0,0.0,0.0
character,7457,P-296,0.0,0.0,0.0,0.0,0.0,0.0,0.0
character,7480,HP-112,0.0,0.0,0.0,0.0,0.0,0.0,0.0
character,7520,K-075,0.0,0.0,0.0,0.0,0.0,0.0,0.0
character,7546,F-106,0.0,0.0,0.0,0.0,1.0,0.0,0.03333333333333333
character,7553,FCC-083,0.0,0.0,0.0,0.0,0.0,0.0,0.0
character,7573,GB-142,0.0,0.0,0.0,0.0,0.0,0.0,0.0
character,7590,R-064,0.0,1.0,1.0,1.0,1.0,0.25,0.25
character,7639,GS-110,0.0,0.0,0.0,0.0,0.0,0.0,0.0
character,7686,SC-049,0.0,0.0,0.0,0.0,0.0,0.0,0.0
character,7709,P-211,0.0,0.0,0.0,0.0,0.0,0.0,0.0
character,7721,M-135,0.0,0.0,0.0,0.0,0.0,0.0,0.0
character,7726,EV-131,0.0,0.0,0.0,0.0,0.0,0.0,0.0
character,7753,GT-081,0.0,0.0,0.0,0.0,0.0,0.0,0.0
character,7798,M-117,0.0,0.0,0.0,0.0,0.0,0.0,0.0
character,7812,M-033,0.0,0.0,0.0,0.0,0.0,0.0,0.0
character,7862,HX-092,0.0,0.0,0.0,0.0,0.0,0.0,0.0
character,7885,CV-123,0.0,0.0,0.0,0.0,0.0,0.0,0.0
character,7930,HP-108,0.0,0.0,0.0,0.0,0.0,0.0,0.0
character,7942,P-695,0.0,0.0,0.0,0.0,0.0,0.0,0.0
character,7952,HX-059,0.0,0.0,0.0,0.0,0.0,0.0,0.0
character,7981,M-047,0.0,0.0,0.0,0.0,0.0,0.0,0.0
character,8038,TRB-140,0.0,0.0,0.0,0.0,0.0,0.0,0.0
character,8057,CT-115,0.0,0.0,0.0,0.0,1.0,0.0,0.023809523809523808
character,8098,TK-111,0.0,0.0,0.0,0.0,0.0,0.0,0.0
character,8107,K-146,0.0,0.0,0.0,0.0,0.0,0.0,0.0
character,8226,GB-104,0.0,0.0,0.0,0.0,0.0,0.0,0.0
character,8303,GB-139,0.0,0.0,0.0,0.0,0.0,0.0,0.0
character,8310,M-110,0.0,0.0,0.0,0.0,0.0,0.0,0.0
character,8360,DOS-140,0.0,0.0,0.0,0.0,0.0,0.0,0.0
character,8423,AG-013,0.0,0.0,0.0,0.0,0.0,0.0,0.0
character,8455,P-591,0.0,0.0,0.0,0.0,0.0,0.0,0.0
character,8612,UF-084,0.0,0.0,0.0,0.0,0.0,0.0,0.0
character,8621,P-217,0.0,0.0,0.0,0.0,0.0,0.0,0.0
character,8643,VP-031,0.0,0.0,0.0,0.0,0.0,0.0,0.0
character,8709,DC-085,0.0,0.0,0.0,0.0,0.0,0.0,0.0
character,8748,DOS-103,0.0,0.0,0.0,0.0,1.0,0.0,0.02564102564102564
character,8796,TK-158,0.0,0.0,0.0,0.0,0.0,0.0,0.0
character,8811,P-199,0.0,0.0,0.0,0.0,0.0,0.0,0.0
character,8817,P-326,0.0,0.0,0.0,0.0,0.0,0.0,0.0
character,8863,P-730,0.0,0.0,0.0,0.0,0.0,0.0,0.0
character,8908,P-729,0.0,0.0,0.0,0.0,0.0,0.0,0.0
character,8932,GB-091,0.0,0.0,0.0,0.0,0.0,0.0,0.0
character,8979,AG-137,0.0,0.0,0.0,0.0,0.0,0.0,0.0
character,9144,BM-124,0.0,0.0,0.0,0.0,0.0,0.0,0.0
character,9154,P-436,0.0,0.0,0.0,0.0,0.0,0.0,0.0
character,9244,TK-039,0.0,0.0,0.0,0.0,1.0,0.0,0.02564102564102564
character,9288,K-139,0.0,0.0,0.0,0.0,0.0,0.0,0.0
character,9355,SD-144,0.0,0.0,1.0,1.0,1.0,0.1111111111111111,0.1111111111111111
character,9384,BM-041,0.0,0.0,0.0,0.0,0.0,0.0,0.0
character,9389,M-003,0.0,0.0,0.0,0.0,0.0,0.0,0.0
character,9398,TK-034,0.0,0.0,0.0,0.0,0.0,0.0,0.0
character,9448,SC-007,0.0,0.0,0.0,0.0,0.0,0.0,0.0
character,9572,DOS-118,0.0,0.0,0.0,0.0,1.0,0.0,0.02564102564102564
character,9615,R-245,0.0,0.0,0.0,0.0,0.0,0.0,0.0
character,9682,M-054,0.0,0.0,0.0,0.0,1.0,0.0,0.022222222222222223
character,9696,SC-227,0.0,0.0,0.0,0.0,0.0,0.0,0.0
character,9700,FCC-047,0.0,0.0,0.0,0.0,0.0,0.0,0.0
character,9702,HX-107,0.0,0.0,0.0,0.0,0.0,0.0,0.0
character,9711,VP-115,0.0,0.0,0.0,0.0,0.0,0.0,0.0
character,9714,HX-083,0.0,0.0,0.0,0.0,0.0,0.0,0.0
character,9762,SC-143,0.0,0.0,0.0,0.0,0.0,0.0,0.0
character,9768,GS-074,0.0,0.0,0.0,0.0,0.0,0.0,0.0
character,9806,FM-006,0.0,0.0,0.0,0.0,0.0,0.0,0.0
character,9892,P-436,0.0,0.0,0.0,0.0,0.0,0.0,0.0
character,9896,UF-029,0.0,0.0,0.0,0.0,0.0,0.0,0.0
character,9909,P-301,0.0,0.0,0.0,0.0,0.0,0.0,0.0
character,9920,P-243,0.0,0.0,0.0,0.0,0.0,0.0,0.0
character,9921,P-313,0.0,0.0,0.0,0.0,0.0,0.0,0.0
character,9928,GB-141,0.0,0.0,0.0,0.0,0.0,0.0,0.0
character,9947,P-481,0.0,0.0,0.0,0.0,0.0,0.0,0.0
character,10079,P-569,0.0,0.0,0.0,0.0,0.0,0.0,0.0
character,10118,HV-108,0.0,0.0,1.0,1.0,1.0,0.14285714285714285,0.14285714285714285
character,10130,K-178,0.0,0.0,0.0,0.0,0.0,0.0,0.0
character,10191,F-014,0.0,0.0,0.0,0.0,0.0,0.0,0.0
character,10199,K-203,0.0,0.0,0.0,0.0,0.0,0.0,0.0
character,10204,HV-034,0.0,0.0,0.0,0.0,0.0,0.0,0.0
character,10213,CV-128,0.0,0.0,0.0,0.0,0.0,0.0,0.0
character,10223,VP-039,0.0,0.0,0.0,0.0,0.0,0.0,0.0
character,10252,P-408,0.0,0.0,0.0,0.0,0.0,0.0,0.0
character,10263,DRY-030,0.0,0.0,0.0,0.0,0.0,0.0,0.0
character,10269,SC-014,0.0,0.0,0.0,0.0,0.0,0.0,0.0
character,10344,M-073,0.0,0.0,0.0,0.0,0.0,0.0,0.0
character,10380,TK-108,0.0,0.0,0.0,0.0,0.0,0.0,0.0
character,10421,CF-023,0.0,0.0,0.0,0.0,0.0,0.0,0.0
character,10444,K-288,0.0,0.0,0.0,0.0,0.0,0.0,0.0
character,10454,EX-065,0.0,0.0,0.0,0.0,0.0,0.0,0.0
character,10473,P-328,0.0,0.0,0.0,0.0,0.0,0.0,0.0
character,10493,HX-208,0.0,0.0,0.0,0.0,0.0,0.0,0.0
character,10526,P-169,0.0,0.0,0.0,0.0,0.0,0.0,0.0
character,10575,P-370,0.0,0.0,0.0,0.0,0.0,0.0,0.0
character,10590,HX-107,0.0,0.0,0.0,0.0,1.0,0.0,0.03571428571428571
character,10608,TK-106,0.0,0.0,0.0,0.0,0.0,0.0,0.0
character,10627,P-365,0.0,0.0,0.0,0.0,0.0,0.0,0.0
character,10630,HV-049,0.0,0.0,0.0,0.0,0.0,0.0,0.0
character,10632,P-262,0.0,0.0,0.0,0.0,0.0,0.0,0.0
character,10647,R-069,0.0,0.0,0.0,0.0,1.0,0.0,0.03571428571428571
character,10704,CR-123,0.0,0.0,0.0,0.0,0.0,0.0,0.0
character,10755,BM-143,0.0,0.0,0.0,0.0,0.0,0.0,0.0
character,10780,P-234,0.0,0.0,0.0,0.0,0.0,0.0,0.0
character,10789,P-204,0.0,0.0,0.0,0.0,0.0,0.0,0.0
character,10825,HV-102,0.0,0.0,0.0,0.0,0.0,0.0,0.0
character,10828,M-014,0.0,0.0,0.0,0.0,0.0,0.0,0.0
character,10932,SC-014,0.0,0.0,0.0,0.0,1.0,0.0,0.030303030303030304
character,10939,GT-104,0.0,0.0,0.0,0.0,0.0,0.0,0.0
character,10966,P-362,0.0,0.0,0.0,0.0,0.0,0.0,0.0
character,10970,CF-100,0.0,0.0,0.0,0.0,0.0,0.0,0.0
character,10981,GB-068,0.0,0.0,0.0,0.0,1.0,0.0,0.029411764705882353
character,11002,VP-054,0.0,0.0,0.0,0.0,1.0,0.0,0.045454545454545456
character,11009,TK-204,0.0,0.0,0.0,0.0,0.0,0.0,0.0
character,11068,SC-103,0.0,0.0,0.0,0.0,0.0,0.0,0.0
character,11101,CV-272,0.0,0.0,0.0,0.0,0.0,0.0,0.0
character,11149,P-602,0.0,0.0,0.0,0.0,0.0,0.0,0.0
character,11165,RLP-059,0.0,0.0,0.0,0.0,0.0,0.0,0.0
character,11173,K-016,0.0,0.0,0.0,0.0,0.0,0.0,0.0
character,11200,AG-090,0.0,0.0,0.0,0.0,0.0,0.0,0.0
character,11221,TK-113,0.0,0.0,0.0,0.0,1.0,0.0,0.022727272727272728
character,11278,P-682,0.0,0.0,0.0,0.0,0.0,0.0,0.0
character,11282,M-039,0.0,0.0,0.0,0.0,0.0,0.0,0.0
character,11372,P-204,0.0,0.0,0.0,0.0,0.0,0.0,0.0
character,11373,UF-092,0.0,0.0,0.0,0.0,1.0,0.0,0.03225806451612903
character,11385,CF-013,0.0,0.0,0.0,0.0,0.0,0.0,0.0
character,11400,P-228,0.0,0.0,0.0,0.0,0.0,0.0,0.0
character,11403,CV-050,0.0,0.0,0.0,0.0,0.0,0.0,0.0
character,11458,CV-241,0.0,0.0,0.0,0.0,0.0,0.0,0.0
character,11467,CF-102,0.0,0.0,0.0,0.0,0.0,0.0,0.0
character,11474,GB-112,0.0,0.0,0.0,0.0,0.0,0.0,0.0
character,11580,K-132,0.0,0.0,0.0,0.0,0.0,0.0,0.0
character,11584,BM-115,0.0,0.0,0.0,1.0,1.0,0.0,0.05
character,11622,M-146,0.0,0.0,0.0,0.0,1.0,0.0,0.03225806451612903
character,11673,SC-006,0.0,0.0,0.0,0.0,0.0,0.0,0.0
character,11701,HX-127,0.0,0.0,0.0,0.0,0.0,0.0,0.0
character,11713,BM-063,0.0,0.0,0.0,0.0,1.0,0.0,0.03225806451612903
character,11820,FCC-040,0.0,1.0,1.0,1.0,1.0,0.3333333333333333,0.3333333333333333
character,11917,BLR-043,0.0,0.0,0.0,0.0,0.0,0.0,0.0
character,11959,P-501,0.0,0.0,0.0,0.0,0.0,0.0,0.0
character,11974,M-057,0.0,0.0,0.0,0.0,0.0,0.0,0.0
character,11997,P-224,0.0,0.0,0.0,0.0,1.0,0.0,0.02631578947368421
character,12047,F-011,0.0,0.0,0.0,0.0,1.0,0.0,0.025
character,12076,FM-056,0.0,0.0,0.0,0.0,0.0,0.0,0.0
character,12080,HP-056,0.0,0.0,0.0,0.0,0.0,0.0,0.0
character,12214,P-271,0.0,0.0,0.0,0.0,0.0,0.0,0.0
character,12238,BLR-103,0.0,0.0,0.0,0.0,0.0,0.0,0.0
character,12262,P-287,0.0,0.0,0.0,0.0,0.0,0.0,0.0
character,12303,BLR-046,0.0,0.0,0.0,0.0,0.0,0.0,0.0
character,12316,SC-038,0.0,0.0,0.0,0.0,0.0,0.0,0.0
character,12330,P-596,0.0,0.0,0.0,0.0,0.0,0.0,0.0
character,12340,BLR-046,0.0,0.0,0.0,0.0,0.0,0.0,0.0
character,12437,K-064,0.0,0.0,0.0,0.0,0.0,0.0,0.0
character,12449,M-037,0.0,1.0,1.0,1.0,1.0,0.25,0.25
character,12468,P-536,0.0,0.0,0.0,0.0,0.0,0.0,0.0
character,12503,EV-136,0.0,0.0,0.0,0.0,0.0,0.0,0.0
character,12519,P-351,0.0,0.0,0.0,0.0,0.0,0.0,0.0
character,12533,GT-073,0.0,0.0,0.0,0.0,1.0,0.0,0.04
character,12567,P-245,0.0,0.0,0.0,1.0,1.0,0.0,0.0625
character,12738,M-074,0.0,0.0,0.0,0.0,0.0,0.0,0.0
character,12757,VP-092,0.0,0.0,0.0,0.0,0.0,0.0,0.0
character,12850,P-677,0.0,0.0,0.0,0.0,0.0,0.0,0.0
character,12890,SC-019,0.0,0.0,0.0,0.0,0.0,0.0,0.0
character,12907,P-309,0.0,0.0,0.0,0.0,0.0,0.0,0.0
character,13027,BM-004,0.0,0.0,0.0,0.0,0.0,0.0,0.0
character,13073,UF-093,0.0,0.0,0.0,1.0,1.0,0.0,0.05263157894736842
character,13091,TK-038,0.0,0.0,0.0,0.0,0.0,0.0,0.0
character,13158,TK-225,0.0,0.0,0.0,0.0,0.0,0.0,0.0
character,13168,TK-110,0.0,0.0,0.0,0.0,0.0,0.0,0.0
character,13229,K-108,0.0,0.0,0.0,0.0,0.0,0.0,0.0
character,13233,P-206,0.0,0.0,0.0,0.0,0.0,0.0,0.0
character,13319,GT-023,0.0,0.0,0.0,0.0,0.0,0.0,0.0
character,13337,CF-057,0.0,0.0,0.0,0.0,0.0,0.0,0.0
character,13346,P-218,0.0,0.0,0.0,0.0,0.0,0.0,0.0
character,13409,P-290,0.0,0.0,0.0,0.0,0.0,0.0,0.0
character,13481,GT-064,0.0,0.0,0.0,0.0,0.0,0.0,0.0
character,13541,K-031,0.0,0.0,0.0,0.0,0.0,0.0,0.0
character,13562,K-096,0.0,0.0,0.0,0.0,0.0,0.0,0.0
character,13581,VP-014,0.0,0.0,0.0,0.0,0.0,0.0,0.0
character,13585,P-415,0.0,0.0,0.0,0.0,0.0,0.0,0.0
character,13607,DC-022,0.0,0.0,0.0,0.0,0.0,0.0,0.0
character,13643,P-397,0.0,0.0,0.0,0.0,0.0,0.0,0.0
character,13651,P-719,0.0,0.0,0.0,0.0,0.0,0.0,0.0
character,13657,CT-022,0.0,0.0,0.0,0.0,0.0,0.0,0.0
character,13752,HX-059,0.0,0.0,0.0,0.0,0.0,0.0,0.0
character,13836,CF-145,0.0,0.0,0.0,0.0,0.0,0.0,0.0
character,13839,CV-230,0.0,0.0,0.0,0.0,0.0,0.0,0.0
character,13880,HP-047,0.0,0.0,0.0,0.0,1.0,0.0,0.02040816326530612
character,13883,TK-144,0.0,0.0,0.0,0.0,0.0,0.0,0.0
character,13906,GB-006,0.0,0.0,0.0,0.0,0.0,0.0,0.0
character,13931,HX-061,0.0,0.0,0.0,0.0,0.0,0.0,0.0
character,13941,P-223,0.0,0.0,0.0,0.0,0.0,0.0,0.0
character,13956,F-243,0.0,0.0,0.0,0.0,0.0,0.0,0.0
character,14052,FM-107,0.0,0.0,0.0,0.0,0.0,0.0,0.0
character,14122,P-366,0.0,0.0,0.0,0.0,0.0,0.0,0.0
character,14132,M-134,0.0,0.0,0.0,0.0,1.0,0.0,0.03571428571428571
character,14140,DC-044,0.0,0.0,0.0,0.0,0.0,0.0,0.0
character,14188,CT-103,0.0,0.0,0.0,0.0,0.0,0.0,0.0
character,14229,R-138,0.0,0.0,0.0,0.0,0.0,0.0,0.0
character,14243,P-219,0.0,0.0,0.0,0.0,0.0,0.0,0.0
character,14298,P-313,0.0,0.0,0.0,0.0,0.0,0.0,0.0
character,14339,M-062,0.0,0.0,0.0,0.0,0.0,0.0,0.0
character,14428,VP-125,0.0,0.0,0.0,0.0,0.0,0.0,0.0
character,14483,P-476,0.0,0.0,0.0,0.0,0.0,0.0,0.0
character,14520,HX-050,0.0,0.0,0.0,0.0,0.0,0.0,0.0
character,14639,TRB-097,0.0,0.0,0.0,0.0,0.0,0.0,0.0
character,14660,SC-139,0.0,0.0,0.0,0.0,0.0,0.0,0.0
character,14683,BM-115,0.0,0.0,0.0,0.0,1.0,0.0,0.030303030303030304
character,14784,M-106,0.0,0.0,0.0,0.0,0.0,0.0,0.0
character,14788,P-308,0.0,0.0,0.0,0.0,0.0,0.0,0.0
character,14805,F-087,0.0,0.0,0.0,0.0,0.0,0.0,0.0
character,14820,TRB-133,0.0,0.0,0.0,0.0,0.0,0.0,0.0
character,14870,CT-058,0.0,0.0,0.0,0.0,0.0,0.0,0.0
character,14892,P-438,0.0,0.0,0.0,0.0,0.0,0.0,0.0
character,14904,CV-056,0.0,0.0,0.0,0.0,1.0,0.0,0.02631578947368421
character,14930,P-244,0.0,0.0,0.0,0.0,0.0,0.0,0.0
character,15041,GB-087,0.0,0.0,0.0,1.0,1.0,0.0,0.06666666666666667
character,15044,TRB-136,0.0,0.0,0.0,0.0,0.0,0.0,0.0
character,15050,TRB-131,0.0,0.0,0.0,0.0,0.0,0.0,0.0
character,15084,F-176,0.0,0.0,0.0,0.0,0.0,0.0,0.0
character,15103,HP-133,0.0,0.0,0.0,0.0,1.0,0.0,0.02127659574468085
character,15169,P-219,0.0,0.0,0.0,0.0,0.0,0.0,0.0
character,15181,GS-124,0.0,0.0,0.0,0.0,0.0,0.0,0.0
character,15232,TK-315,0.0,0.0,0.0,0.0,0.0,0.0,0.0
character,15318,R-082,0.0,0.0,0.0,0.0,0.0,0.0,0.0
character,15368,R-070,0.0,0.0,0.0,0.0,0.0,0.0,0.0
character,15413,VP-064,0.0,0.0,0.0,0.0,0.0,0.0,0.0
character,15416,HV-213,0.0,0.0,0.0,0.0,0.0,0.0,0.0
character,15453,DP-123,0.0,0.0,0.0,0.0,0.0,0.0,0.0
character,15472,TK-243,0.0,0.0,0.0,0.0,0.0,0.0,0.0
character,15481,P-159,0.0,0.0,0.0,0.0,0.0,0.0,0.0
character,15524,HX-125,0.0,0.0,0.0,0.0,0.0,0.0,0.0
character,15539,P-419,0.0,0.0,1.0,1.0,1.0,0.14285714285714285,0.14285714285714285
character,15619,CT-107,0.0,0.0,0.0,0.0,0.0,0.0,0.0
character,15677,TK-194,0.0,0.0,0.0,0.0,0.0,0.0,0.0
character,15721,CR-047,0.0,0.0,0.0,0.0,0.0,0.0,0.0
character,15723,P-592,0.0,0.0,0.0,0.0,0.0,0.0,0.0
character,15728,SD-121,0.0,0.0,0.0,0.0,0.0,0.0,0.0
character,15775,M-036,0.0,0.0,0.0,0.0,0.0,0.0,0.0
character,15786,CT-091,0.0,0.0,0.0,0.0,0.0,0.0,0.0
character,15844,GT-142,0.0,0.0,0.0,0.0,0.0,0.0,0.0
character,15915,F-122,0.0,0.0,0.0,0.0,1.0,0.0,0.02631578947368421
character,15938,TK-334,0.0,0.0,0.0,0.0,0.0,0.0,0.0
character,16020,M-025,0.0,0.0,0.0,0.0,1.0,0.0,0.020833333333333332
character,16042,DOS-083,0.0,0.0,0.0,0.0,0.0,0.0,0.0
character,16055,K-214,0.0,0.0,0.0,0.0,0.0,0.0,0.0
character,16059,HX-145,0.0,0.0,0.0,0.0,0.0,0.0,0.0
character,16087,P-743,0.0,0.0,0.0,0.0,0.0,0.0,0.0
character,16118,F-053,0.0,0.0,0.0,0.0,0.0,0.0,0.0
character,16133,HX-044,0.0,0.0,0.0,0.0,0.0,0.0,0.0
character,16181,K-015,0.0,0.0,0.0,0.0,0.0,0.0,0.0
character,16182,CV-079,0.0,0.0,0.0,0.0,0.0,0.0,0.0
character,16188,DRY-128,0.0,0.0,0.0,0.0,0.0,0.0,0.0
character,16193,HP-047,0.0,0.0,0.0,0.0,0.0,0.0,0.0
character,16199,HX-068,0.0,0.0,0.0,0.0,0.0,0.0,0.0
character,16257,DC-065,0.0,0.0,0.0,0.0,0.0,0.0,0.0
character,16258,AG-049,0.0,1.0,1.0,1.0,1.0,0.5,0.5
character,16296,BM-108,0.0,0.0,0.0,0.0,0.0,0.0,0.0
character,16316,SD-033,0.0,0.0,0.0,0.0,0.0,0.0,0.0
character,16375,BLR-111,0.0,1.0,1.0,1.0,1.0,0.25,0.25
character,16402,P-534,0.0,0.0,0.0,0.0,0.0,0.0,0.0
character,16416,HV-116,0.0,0.0,0.0,0.0,0.0,0.0,0.0
character,16474,TK-046,0.0,0.0,0.0,0.0,0.0,0.0,0.0
character,16476,DC-137,0.0,0.0,0.0,1.0,1.0,0.0,0.05555555555555555
character,16485,CT-106,0.0,0.0,0.0,0.0,0.0,0.0,0.0
character,16515,K-100,0.0,0.0,0.0,0.0,0.0,0.0,0.0
character,16519,TK-068,0.0,0.0,0.0,0.0,0.0,0.0,0.0
character,16601,P-546,0.0,0.0,0.0,0.0,0.0,0.0,0.0
character,16726,HV-032,0.0,0.0,0.0,0.0,0.0,0.0,0.0
character,16768,P-142,0.0,0.0,0.0,0.0,0.0,0.0,0.0
character,16778,DOS-078,0.0,0.0,0.0,0.0,0.0,0.0,0.0
character,16793,DP-108,0.0,0.0,0.0,0.0,0.0,0.0,0.0
character,16825,SD-105,0.0,0.0,0.0,0.0,0.0,0.0,0.0
character,16858,HV-105,0.0,0.0,0.0,0.0,1.0,0.0,0.037037037037037035
character,16901,P-402,0.0,0.0,0.0,0.0,0.0,0.0,0.0
character,16961,CV-058,0.0,0.0,0.0,0.0,0.0,0.0,0.0
character,16982,CV-046,0.0,0.0,0.0,0.0,0.0,0.0,0.0
character,16990,TK-229,0.0,0.0,0.0,0.0,0.0,0.0,0.0
character,17021,UF-110,0.0,0.0,0.0,1.0,1.0,0.0,0.07142857142857142
character,17112,P-501,0.0,0.0,0.0,0.0,0.0,0.0,0.0
character,17123,P-341,0.0,0.0,0.0,0.0,0.0,0.0,0.0
character,17154,TK-049,0.0,0.0,0.0,0.0,1.0,0.0,0.02631578947368421
character,17173,HX-206,0.0,0.0,0.0,0.0,0.0,0.0,0.0
character,17180,CV-071,0.0,0.0,0.0,0.0,0.0,0.0,0.0
character,17184,HV-127,0.0,0.0,0.0,0.0,0.0,0.0,0.0
character,17203,M-089,0.0,0.0,0.0,0.0,0.0,0.0,0.0
character,17283,P-479,0.0,0.0,0.0,0.0,0.0,0.0,0.0
character,17299,M-078,0.0,0.0,0.0,0.0,1.0,0.0,0.021739130434782608
character,17308,BLR-075,0.0,0.0,0.0,0.0,0.0,0.0,0.0
character,17318,GB-102,0.0,0.0,0.0,0.0,0.0,0.0,0.0
character,17326,P-209,0.0,0.0,0.0,0.0,0.0,0.0,0.0
character,17332,GB-079,0.0,0.0,0.0,0.0,0.0,0.0,0.0
character,17347,SC-052,0.0,0.0,0.0,0.0,0.0,0.0,0.0
character,17349,R-073,0.0,0.0,0.0,0.0,0.0,0.0,0.0
character,17369,M-133,0.0,0.0,0.0,0.0,1.0,0.0,0.041666666666666664
character,17380,BLR-101,0.0,0.0,0.0,0.0,0.0,0.0,0.0
character,17385,CV-128,0.0,0.0,0.0,0.0,1.0,0.0,0.03571428571428571
character,17394,HV-052,0.0,0.0,0.0,0.0,0.0,0.0,0.0
character,17467,P-332,0.0,0.0,0.0,0.0,0.0,0.0,0.0
character,17592,TK-290,0.0,0.0,0.0,0.0,0.0,0.0,0.0
character,17597,P-582,0.0,0.0,0.0,0.0,0.0,0.0,0.0
character,17620,HV-031,0.0,0.0,0.0,0.0,0.0,0.0,0.0
character,17653,F-233,0.0,0.0,0.0,0.0,0.0,0.0,0.0
character,17664,P-215,0.0,0.0,0.0,0.0,0.0,0.0,0.0
character,17690,P-210,0.0,0.0,0.0,0.0,0.0,0.0,0.0
character,17749,P-338,0.0,0.0,0.0,0.0,0.0,0.0,0.0
character,17843,P-144,0.0,0.0,0.0,0.0,0.0,0.0,0.0
character,17864,F-054,0.0,0.0,0.0,0.0,1.0,0.0,0.025
character,17884,GB-069,0.0,0.0,0.0,0.0,0.0,0.0,0.0
character,17924,F-070,0.0,0.0,0.0,0.0,0.0,0.0,0.0
character,17985,GS-004,0.0,0.0,0.0,0.0,0.0,0.0,0.0
character,18060,CT-108,0.0,0.0,0.0,0.0,1.0,0.0,0.02631578947368421
character,18071,P-303,0.0,0.0,0.0,0.0,0.0,0.0,0.0
character,18093,TK-059,0.0,0.0,0.0,0.0,0.0,0.0,0.0
character,18101,BLR-143,0.0,0.0,0.0,0.0,0.0,0.0,0.0
character,18176,DRY-112,0.0,0.0,0.0,0.0,0.0,0.0,0.0
character,18184,FM-121,0.0,0.0,0.0,0.0,0.0,0.0,0.0
character,18230,CF-111,0.0,0.0,0.0,0.0,0.0,0.0,0.0
character,18250,SC-008,0.0,0.0,0.0,0.0,0.0,0.0,0.0
character,18256,F-013,0.0,0.0,0.0,0.0,1.0,0.0,0.03125
character,18291,CF-140,0.0,0.0,0.0,0.0,0.0,0.0,0.0
character,18354,GS-128,0.0,0.0,0.0,0.0,1.0,0.0,0.020833333333333332
character,18355,SC-101,0.0,0.0,0.0,0.0,0.0,0.0,0.0
character,18369,P-356,0.0,0.0,0.0,0.0,0.0,0.0,0.0
character,18394,DOS-067,0.0,0.0,0.0,0.0,0.0,0.0,0.0
character,18437,CV-049,0.0,0.0,0.0,0.0,1.0,0.0,0.037037037037037035
character,18441,M-120,0.0,0.0,0.0,0.0,0.0,0.0,0.0
character,18451,AG-126,0.0,0.0,0.0,0.0,0.0,0.0,0.0
character,18477,P-264,0.0,0.0,0.0,0.0,0.0,0.0,0.0
character,18535,M-080,0.0,0.0,0.0,0.0,0.0,0.0,0.0
character,18548,M-077,0.0,0.0,0.0,0.0,0.0,0.0,0.0
character,18598,K-104,0.0,0.0,0.0,0.0,0.0,0.0,0.0
character,18648,CR-143,0.0,0.0,0.0,0.0,1.0,0.0,0.02631578947368421
character,18671,UF-070,0.0,0.0,0.0,0.0,0.0,0.0,0.0
character,18730,P-508,0.0,0.0,0.0,0.0,0.0,0.0,0.0
character,18741,TRB-104,0.0,0.0,0.0,1.0,1.0,0.0,0.05263157894736842
character,18751,GS-104,0.0,0.0,0.0,0.0,0.0,0.0,0.0
character,18790,M-104,0.0,0.0,0.0,0.0,0.0,0.0,0.0
character,18799,K-144,0.0,0.0,0.0,0.0,1.0,0.0,0.043478260869565216
character,18815,R-294,0.0,0.0,0.0,0.0,0.0,0.0,0.0
character,18818,P-665,0.0,0.0,0.0,0.0,0.0,0.0,0.0
character,18848,HX-075,0.0,0.0,0.0,0.0,0.0,0.0,0.0
character,18890,P-459,0.0,0.0,0.0,0.0,0.0,0.0,0.0
character,18951,F-212,0.0,0.0,0.0,0.0,0.0,0.0,0.0
character,19249,RLP-069,0.0,0.0,0.0,0.0,0.0,0.0,0.0
character,19272,CV-305,0.0,0.0,0.0,0.0,0.0,0.0,0.0
character,19351,HX-047,0.0,0.0,0.0,0.0,0.0,0.0,0.0
character,19463,BM-080,0.0,1.0,1.0,1.0,1.0,0.5,0.5
character,19467,K-039,0.0,0.0,0.0,0.0,0.0,0.0,0.0
character,19469,HX-136,0.0,0.0,0.0,0.0,0.0,0.0,0.0
character,19494,GB-125,0.0,0.0,0.0,0.0,0.0,0.0,0.0
character,19546,BLR-079,0.0,0.0,0.0,0.0,0.0,0.0,0.0
character,19676,P-667,0.0,0.0,0.0,0.0,0.0,0.0,0.0
character,19693,F-133,0.0,0.0,0.0,0.0,0.0,0.0,0.0
character,19704,HX-226,0.0,0.0,0.0,0.0,0.0,0.0,0.0
character,19732,EX-057,0.0,0.0,0.0,0.0,0.0,0.0,0.0
character,19754,P-692,0.0,0.0,0.0,0.0,0.0,0.0,0.0
character,19881,TK-199,0.0,0.0,0.0,0.0,0.0,0.0,0.0
character,19968,P-121,0.0,0.0,0.0,0.0,0.0,0.0,0.0
character,20016,GB-029,0.0,0.0,0.0,0.0,0.0,0.0,0.0
character,20085,P-125,0.0,0.0,0.0,0.0,0.0,0.0,0.0
character,20097,P-222,0.0,0.0,0.0,0.0,0.0,0.0,0.0
character,20102,P-134,0.0,0.0,0.0,0.0,0.0,0.0,0.0
character,20114,P-429,0.0,0.0,0.0,0.0,0.0,0.0,0.0
character,20158,HP-105,0.0,0.0,0.0,0.0,0.0,0.0,0.0
character,20168,HX-032,0.0,0.0,0.0,0.0,0.0,0.0,0.0
character,20316,DRY-01,0.0,0.0,0.0,0.0,0.0,0.0,0.0
character,20360,TK-140,0.0,0.0,0.0,1.0,1.0,0.0,0.0625
character,20385,P-182,0.0,0.0,0.0,0.0,0.0,0.0,0.0
character,20390,P-319,0.0,0.0,0.0,0.0,0.0,0.0,0.0
character,20406,F-015,0.0,0.0,0.0,0.0,0.0,0.0,0.0
character,20472,TK-254,0.0,0.0,0.0,0.0,0.0,0.0,0.0
character,20473,BM-080,0.0,0.0,0.0,0.0,0.0,0.0,0.0
character,20500,TRB-050,0.0,0.0,1.0,1.0,1.0,0.16666666666666666,0.16666666666666666
character,20539,F-216,0.0,0.0,0.0,0.0,0.0,0.0,0.0
character,20559,EV-076,0.0,0.0,0.0,0.0,0.0,0.0,0.0
character,20563,GT-104,0.0,0.0,0.0,0.0,0.0,0.0,0.0
character,20587,SD-062,0.0,0.0,0.0,0.0,0.0,0.0,0.0
character,20614,F-010,0.0,0.0,0.0,0.0,0.0,0.0,0.0
character,20622,M-133,0.0,0.0,0.0,0.0,0.0,0.0,0.0
character,20717,P-354,0.0,0.0,0.0,0.0,0.0,0.0,0.0
character,20723,HP-128,0.0,0.0,0.0,0.0,0.0,0.0,0.0
character,20725,DOS-091,1.0,1.0,1.0,1.0,1.0,1.0,1.0
character,20730,K-149,0.0,0.0,0.0,0.0,0.0,0.0,0.0
character,20873,P-261,0.0,0.0,0.0,0.0,0.0,0.0,0.0
character,20887,TK-004,0.0,0.0,0.0,0.0,0.0,0.0,0.0
character,20920,EV-133,0.0,0.0,0.0,0.0,0.0,0.0,0.0
character,20921,P-517,0.0,0.0,0.0,0.0,0.0,0.0,0.0
character,20998,TK-103,0.0,0.0,0.0,0.0,1.0,0.0,0.02631578947368421
character,21018,TK-118,0.0,0.0,0.0,0.0,0.0,0.0,0.0
character,21042,FM-023,0.0,0.0,0.0,1.0,1.0,0.0,0.05
character,21045,HX-341,0.0,0.0,0.0,0.0,0.0,0.0,0.0
character,21054,M-117,0.0,0.0,0.0,0.0,0.0,0.0,0.0
character,21055,AG-031,0.0,0.0,0.0,0.0,0.0,0.0,0.0
character,21148,R-126,0.0,0.0,0.0,0.0,0.0,0.0,0.0
character,21159,P-339,0.0,0.0,0.0,0.0,0.0,0.0,0.0
character,21194,K-102,0.0,0.0,0.0,0.0,0.0,0.0,0.0
character,21259,HX-090,0.0,0.0,0.0,0.0,1.0,0.0,0.02040816326530612
character,21271,SEP-111,0.0,0.0,0.0,0.0,0.0,0.0,0.0
character,21306,P-262,0.0,0.0,0.0,0.0,0.0,0.0,0.0
character,21364,P-196,0.0,0.0,0.0,0.0,0.0,0.0,0.0
character,21389,P-114,0.0,0.0,0.0,0.0,0.0,0.0,0.0
character,21505,M-066,0.0,0.0,0.0,0.0,0.0,0.0,0.0
character,21519,CF-140,0.0,0.0,0.0,0.0,1.0,0.0,0.02857142857142857
character,21532,TK-209,0.0,0.0,0.0,0.0,0.0,0.0,0.0
character,21539,P-133,0.0,0.0,0.0,0.0,0.0,0.0,0.0
character,21598,HV-061,0.0,0.0,0.0,0.0,0.0,0.0,0.0
character,21605,BM-107,0.0,0.0,0.0,0.0,0.0,0.0,0.0
character,21661,M-146,0.0,0.0,0.0,0.0,1.0,0.0,0.043478260869565216
character,21662,FM-106,0.0,0.0,0.0,0.0,0.0,0.0,0.0
character,21689,VP-122,0.0,0.0,0.0,0.0,0.0,0.0,0.0
character,21698,M-081,0.0,0.0,0.0,0.0,0.0,0.0,0.0
character,21815,TK-120,0.0,0.0,0.0,0.0,1.0,0.0,0.038461538461538464
character,21828,EX-132,0.0,0.0,0.0,0.0,0.0,0.0,0.0
character,21914,P-439,0.0,0.0,0.0,0.0,0.0,0.0,0.0
character,21945,P-472,0.0,0.0,0.0,0.0,0.0,0.0,0.0
character,22050,R-104,0.0,0.0,0.0,0.0,0.0,0.0,0.0
character,22106,K-236,0.0,0.0,0.0,0.0,0.0,0.0,0.0
character,22113,F-048,0.0,0.0,0.0,0.0,1.0,0.0,0.034482758620689655
character,22164,DP-029,0.0,0.0,0.0,0.0,0.0,0.0,0.0
character,22171,BLR-100,0.0,0.0,0.0,0.0,0.0,0.0,0.0
character,22253,SEP-119,0.0,0.0,0.0,0.0,0.0,0.0,0.0
character,22283,FM-049,0.0,0.0,0.0,0.0,0.0,0.0,0.0
character,22289,M-114,0.0,0.0,0.0,0.0,0.0,0.0,0.0
character,22294,RLP-075,0.0,0.0,0.0,0.0,0.0,0.0,0.0
character,22331,SEP-101,0.0,0.0,0.0,0.0,0.0,0.0,0.0
character,22360,GB-199,0.0,0.0,0.0,0.0,0.0,0.0,0.0
character,22391,HX-433,0.0,0.0,0.0,0.0,0.0,0.0,0.0
character,22407,BLR-007,0.0,0.0,0.0,0.0,0.0,0.0,0.0
character,22433,CV-108,0.0,0.0,0.0,0.0,0.0,0.0,0.0
character,22461,F-107,0.0,0.0,0.0,0.0,0.0,0.0,0.0
character,22570,BLR-015,0.0,0.0,0.0,0.0,0.0,0.0,0.0
character,22599,SEP-030,0.0,0.0,0.0,0.0,0.0,0.0,0.0
character,22657,EV-101,0.0,0.0,0.0,0.0,0.0,0.0,0.0
character,22658,P-137,0.0,0.0,0.0,0.0,0.0,0.0,0.0
character,22714,DC-031,0.0,0.0,0.0,0.0,0.0,0.0,0.0
character,22716,TK-109,0.0,0.0,0.0,0.0,0.0,0.0,0.0
character,22844,CV-100,0.0,0.0,0.0,0.0,0.0,0.0,0.0
character,22859,P-164,0.0,0.0,0.0,0.0,0.0,0.0,0.0
character,22864,AG-125,0.0,0.0,0.0,0.0,0.0,0.0,0.0
character,22875,K-229,0.0,0.0,0.0,0.0,0.0,0.0,0.0
character,22900,SC-074,0.0,0.0,0.0,0.0,0.0,0.0,0.0
character,22904,DRY-068,0.0,0.0,0.0,0.0,1.0,0.0,0.02040816326530612
character,22959,FM-009,0.0,0.0,0.0,0.0,0.0,0.0,0.0
character,22984,P-156,0.0,0.0,0.0,0.0,0.0,0.0,0.0
character,22992,P-528,0.0,0.0,0.0,0.0,0.0,0.0,0.0
character,23008,K-064,0.0,0.0,0.0,0.0,0.0,0.0,0.0
character,23048,GB-085,0.0,0.0,0.0,0.0,1.0,0.0,0.03225806451612903
character,23058,CV-007,0.0,0.0,0.0,0.0,0.0,0.0,0.0
character,23074,EV-006,0.0,0.0,0.0,0.0,0.0,0.0,0.0
character,23105,P-166,0.0,0.0,0.0,0.0,0.0,0.0,0.0
character,23173,EV-125,0.0,0.0,0.0,0.0,0.0,0.0,0.0
character,23184,CV-057,0.0,0.0,0.0,0.0,0.0,0.0,0.0
character,23309,HX-239,0.0,0.0,0.0,0.0,0.0,0.0,0.0
character,23327,SC-141,0.0,0.0,0.0,0.0,0.0,0.0,0.0
character,23370,P-228,0.0,1.0,1.0,1.0,1.0,0.3333333333333333,0.3333333333333333
character,23377,VP-133,0.0,0.0,0.0,0.0,1.0,0.0,0.027777777777777776
character,23403,P-155,0.0,0.0,0.0,0.0,0.0,0.0,0.0
character,23462,P-104,0.0,0.0,0.0,0.0,0.0,0.0,0.0
character,23502,K-207,0.0,0.0,0.0,0.0,0.0,0.0,0.0
character,23512,HX-017,0.0,0.0,0.0,0.0,0.0,0.0,0.0
character,23519,M-041,0.0,0.0,0.0,0.0,0.0,0.0,0.0
character,23526,P-674,0.0,0.0,0.0,0.0,0.0,0.0,0.0
character,23528,UF-126,0.0,0.0,0.0,0.0,0.0,0.0,0.0
character,23535,UF-043,0.0,0.0,0.0,0.0,0.0,0.0,0.0
character,23547,CF-120,0.0,0.0,0.0,0.0,0.0,0.0,0.0
character,23554,CV-026,0.0,0.0,0.0,0.0,0.0,0.0,0.0
character,23585,TK-060,0.0,0.0,0.0,0.0,0.0,0.0,0.0
character,23605,P-153,0.0,0.0,0.0,0.0,0.0,0.0,0.0
character,23688,HV-093,0.0,0.0,0.0,0.0,0.0,0.0,0.0
character,23709,P-430,0.0,0.0,0.0,0.0,0.0,0.0,0.0
character,23736,SD-144,0.0,0.0,0.0,0.0,0.0,0.0,0.0
character,23785,P-362,0.0,0.0,0.0,0.0,0.0,0.0,0.0
character,23800,EV-015,0.0,0.0,0.0,0.0,0.0,0.0,0.0
character,23819,GB-116,0.0,0.0,0.0,0.0,0.0,0.0,0.0
character,23839,R-094,0.0,0.0,0.0,0.0,0.0,0.0,0.0
character,23847,M-053,0.0,0.0,0.0,0.0,0.0,0.0,0.0
character,23849,GB-142,0.0,0.0,0.0,1.0,1.0,0.0,0.07692307692307693
character,23858,P-236,0.0,0.0,0.0,0.0,0.0,0.0,0.0
character,23862,DP-104,0.0,0.0,0.0,0.0,1.0,0.0,0.041666666666666664
character,23863,BLR-125,0.0,0.0,0.0,0.0,0.0,0.0,0.0
character,23869,SD-035,0.0,0.0,0.0,0.0,0.0,0.0,0.0
character,23974,P-352,0.0,0.0,0.0,1.0,1.0,0.0,0.058823529411764705
character,24037,M-062,0.0,0.0,0.0,0.0,1.0,0.0,0.022727272727272728
character,24091,P-442,0.0,0.0,0.0,0.0,0.0,0.0,0.0
character,24095,K-093,0.0,0.0,0.0,0.0,0.0,0.0,0.0
character,24165,TK-029,0.0,0.0,0.0,0.0,0.0,0.0,0.0
character,24183,TK-222,0.0,0.0,0.0,0.0,0.0,0.0,0.0
character,24203,TK-032,0.0,0.0,0.0,0.0,0.0,0.0,0.0
character,24274,TK-118,0.0,0.0,0.0,0.0,0.0,0.0,0.0
character,24288,AG-008,0.0,0.0,1.0,1.0,1.0,0.125,0.125
character,24306,SC-119,0.0,0.0,0.0,0.0,0.0,0.0,0.0
character,24308,VP-108,0.0,0.0,1.0,1.0,1.0,0.125,0.125
character,24340,DRY-035,0.0,0.0,0.0,0.0,0.0,0.0,0.0
character,24346,K-036,0.0,0.0,0.0,0.0,0.0,0.0,0.0
character,24381,GB-018,0.0,0.0,0.0,0.0,0.0,0.0,0.0
character,24396,R-007,0.0,0.0,0.0,0.0,0.0,0.0,0.0
character,24461,CV-013,0.0,0.0,0.0,0.0,1.0,0.0,0.021739130434782608
character,24486,HX-050,0.0,0.0,0.0,0.0,0.0,0.0,0.0
character,24542,BLR-110,0.0,0.0,0.0,1.0,1.0,0.0,0.05555555555555555
character,24545,P-210,0.0,0.0,0.0,0.0,0.0,0.0,0.0
character,24551,P-158,0.0,0.0,0.0,0.0,0.0,0.0,0.0
character,24623,BM-118,0.0,0.0,0.0,0.0,0.0,0.0,0.0
character,24649,TK-037,0.0,0.0,0.0,1.0,1.0,0.0,0.05
character,24715,P-674,0.0,0.0,0.0,0.0,0.0,0.0,0.0
character,24743,AG-106,0.0,0.0,0.0,0.0,0.0,0.0,0.0
character,24765,BLR-217,0.0,0.0,0.0,0.0,0.0,0.0,0.0
character,24775,BLR-110,0.0,0.0,0.0,0.0,0.0,0.0,0.0
character,24829,P-296,0.0,0.0,0.0,0.0,0.0,0.0,0.0
character,24914,TK-242,0.0,0.0,0.0,0.0,0.0,0.0,0.0
character,24916,DRY-009,0.0,0.0,0.0,0.0,0.0,0.0,0.0
character,24919,DP-025,0.0,0.0,0.0,0.0,0.0,0.0,0.0
character,24926,CR-031,0.0,0.0,0.0,0.0,0.0,0.0,0.0
character,24934,K-052,0.0,0.0,0.0,0.0,0.0,0.0,0.0
character,24994,GT-141,0.0,0.0,0.0,0.0,1.0,0.0,0.020833333333333332
character,25020,BLR-086,0.0,0.0,0.0,0.0,0.0,0.0,0.0
character,25102,UF-092,0.0,0.0,0.0,0.0,1.0,0.0,0.03225806451612903
character,25114,P-387,0.0,0.0,0.0,0.0,0.0,0.0,0.0
character,25136,P-521,0.0,0.0,0.0,0.0,0.0,0.0,0.0
character,25211,P-315,0.0,0.0,0.0,0.0,0.0,0.0,0.0
character,25253,HX-335,0.0,0.0,0.0,0.0,0.0,0.0,0.0
character,25259,VP-059,0.0,0.0,0.0,0.0,0.0,0.0,0.0
character,25282,GT-103,0.0,0.0,0.0,0.0,1.0,0.0,0.02127659574468085
character,25297,P-490,0.0,0.0,0.0,0.0,0.0,0.0,0.0
character,25323,HX-230,0.0,0.0,0.0,0.0,0.0,0.0,0.0
character,25361,TK-112,0.0,1.0,1.0,1.0,1.0,0.3333333333333333,0.3333333333333333
character,25392,P-186,0.0,0.0,0.0,0.0,0.0,0.0,0.0
character,25428,SD-102,0.0,0.0,0.0,0.0,0.0,0.0,0.0
character,25452,EX-136,0.0,0.0,0.0,0.0,0.0,0.0,0.0
character,25505,TK-243,0.0,0.0,0.0,0.0,0.0,0.0,0.0
character,25524,M-119,0.0,0.0,0.0,0.0,1.0,0.0,0.02631578947368421
character,25573,RLP-104,0.0,0.0,0.0,0.0,0.0,0.0,0.0
character,25585,GB-066,0.0,0.0,0.0,0.0,0.0,0.0,0.0
character,25596,HV-107,0.0,0.0,0.0,0.0,0.0,0.0,0.0
character,25607,M-045,0.0,0.0,0.0,0.0,0.0,0.0,0.0
character,25614,HP-084,0.0,0.0,0.0,0.0,0.0,0.0,0.0
character,25648,DRY-033,0.0,0.0,0.0,0.0,0.0,0.0,0.0
character,25658,DOS-112,0.0,0.0,0.0,0.0,0.0,0.0,0.0
character,25699,P-353,0.0,0.0,0.0,0.0,0.0,0.0,0.0
character,25777,HV-228,0.0,0.0,0.0,0.0,0.0,0.0,0.0
character,25806,CV-044,0.0,0.0,0.0,0.0,0.0,0.0,0.0
character,25813,CR-083,0.0,0.0,0.0,0.0,0.0,0.0,0.0
character,25885,AG-062,0.0,0.0,0.0,0.0,0.0,0.0,0.0
character,25934,P-610,0.0,0.0,0.0,0.0,0.0,0.0,0.0
character,25936,P-642,0.0,0.0,0.0,0.0,0.0,0.0,0.0
character,25950,EV-043,0.0,0.0,0.0,0.0,0.0,0.0,0.0
character,26084,TK-086,0.0,0.0,0.0,0.0,0.0,0.0,0.0
character,26125,P-169,0.0,0.0,0.0,0.0,0.0,0.0,0.0
character,26127,SD-016,0.0,0.0,0.0,0.0,0.0,0.0,0.0
character,26193,GS-015,0.0,0.0,0.0,0.0,1.0,0.0,0.02127659574468085
character,26271,P-327,0.0,0.0,0.0,0.0,0.0,0.0,0.0
character,26302,TK-106,0.0,0.0,0.0,0.0,0.0,0.0,0.0
character,26303,SC-080,0.0,0.0,0.0,0.0,0.0,0.0,0.0
character,26384,UF-037,0.0,0.0,0.0,0.0,1.0,0.0,0.02
character,26404,EV-079,0.0,0.0,0.0,0.0,0.0,0.0,0.0
character,26467,DC-126,0.0,0.0,0.0,0.0,0.0,0.0,0.0
character,26568,K-081,0.0,0.0,0.0,0.0,0.0,0.0,0.0
character,26594,HP-118,0.0,0.0,0.0,0.0,0.0,0.0,0.0
character,26640,TK-134,0.0,0.0,0.0,0.0,0.0,0.0,0.0
character,26667,M-104,0.0,0.0,0.0,0.0,0.0,0.0,0.0
character,26680,K-202,0.0,0.0,0.0,0.0,0.0,0.0,0.0
character,26725,P-389,0.0,0.0,0.0,0.0,0.0,0.0,0.0
character,26727,TRB-119,0.0,0.0,0.0,0.0,0.0,0.0,0.0
character,26735,P-283,0.0,0.0,0.0,0.0,0.0,0.0,0.0
character,26791,CR-091,0.0,0.0,0.0,0.0,0.0,0.0,0.0
character,26839,CV-118,0.0,0.0,0.0,0.0,0.0,0.0,0.0
character,26888,P-213,0.0,0.0,0.0,0.0,0.0,0.0,0.0
character,26907,TK-140,0.0,0.0,0.0,0.0,0.0,0.0,0.0
character,26990,RLP-101,0.0,0.0,0.0,0.0,0.0,0.0,0.0
character,27027,P-238,0.0,0.0,0.0,0.0,0.0,0.0,0.0
character,27105,P-424,0.0,0.0,0.0,0.0,0.0,0.0,0.0
character,27108,M-136,0.0,0.0,0.0,0.0,0.0,0.0,0.0
character,27151,HX-108,0.0,0.0,0.0,0.0,0.0,0.0,0.0
character,27188,TK-077,0.0,0.0,1.0,1.0,1.0,0.125,0.125
character,27258,M-046,0.0,0.0,0.0,0.0,0.0,0.0,0.0
character,27265,P-313,0.0,0.0,0.0,0.0,0.0,0.0,0.0
character,27273,P-689,0.0,0.0,0.0,0.0,0.0,0.0,0.0
character,27328,GT-098,0.0,0.0,0.0,0.0,0.0,0.0,0.0
character,27391,K-153,0.0,0.0,0.0,0.0,0.0,0.0,0.0
character,27399,P-116,0.0,0.0,0.0,0.0,0.0,0.0,0.0
character,27431,DP-122,0.0,0.0,0.0,0.0,0.0,0.0,0.0
character,27447,M-028,0.0,0.0,0.0,0.0,0.0,0.0,0.0
character,27463,BM-046,0.0,0.0,0.0,0.0,0.0,0.0,0.0
character,27500,EX-036,0.0,0.0,0.0,0.0,0.0,0.0,0.0
character,27565,HP-042,0.0,0.0,0.0,0.0,0.0,0.0,0.0
character,27568,BLR-101,0.0,0.0,0.0,0.0,0.0,0.0,0.0
character,27618,DC-024,0.0,0.0,0.0,0.0,0.0,0.0,0.0
character,27639,SC-073,0.0,0.0,0.0,0.0,0.0,0.0,0.0
character,27644,GB-025,0.0,0.0,0.0,0.0,0.0,0.0,0.0
character,27650,BM-108,0.0,0.0,0.0,0.0,0.0,0.0,0.0
character,27669,TK-022,0.0,0.0,0.0,0.0,0.0,0.0,0.0
character,27677,M-105,0.0,0.0,1.0,1.0,1.0,0.125,0.125
character,27678,BLR-127,0.0,0.0,0.0,0.0,1.0,0.0,0.03571428571428571
character,27682,F-225,0.0,0.0,0.0,0.0,0.0,0.0,0.0
character,27714,DOS-128,0.0,0.0,0.0,0.0,0.0,0.0,0.0
character,27805,P-144,0.0,0.0,0.0,0.0,0.0,0.0,0.0
character,27837,F-146,0.0,0.0,0.0,0.0,1.0,0.0,0.023809523809523808
character,27885,DC-008,0.0,0.0,0.0,0.0,0.0,0.0,0.0
character,27909,HX-018,0.0,0.0,0.0,0.0,0.0,0.0,0.0
character,27958,SEP-062,0.0,0.0,0.0,0.0,0.0,0.0,0.0
character,27981,DOS-137,0.0,0.0,0.0,1.0,1.0,0.0,0.06666666666666667
character,28083,P-154,0.0,0.0,0.0,0.0,0.0,0.0,0.0
character,28131,M-093,0.0,0.0,0.0,0.0,0.0,0.0,0.0
character,28279,P-218,0.0,0.0,0.0,0.0,0.0,0.0,0.0
character,28423,TK-096,0.0,0.0,0.0,0.0,0.0,0.0,0.0
character,28479,BLR-033,0.0,1.0,1.0,1.0,1.0,0.3333333333333333,0.3333333333333333
character,28481,P-227,0.0,0.0,0.0,0.0,0.0,0.0,0.0
character,28531,GB-040,0.0,0.0,0.0,0.0,0.0,0.0,0.0
character,28617,HP-113,0.0,0.0,0.0,0.0,0.0,0.0,0.0
character,28628,M-020,0.0,0.0,0.0,0.0,0.0,0.0,0.0
character,28653,HX-007,0.0,0.0,0.0,0.0,0.0,0.0,0.0
character,28655,HV-117,0.0,0.0,0.0,0.0,0.0,0.0,0.0
character,28679,M-041,0.0,0.0,0.0,0.0,0.0,0.0,0.0
character,28709,K-078,0.0,0.0,0.0,0.0,0.0,0.0,0.0
character,28726,TK-119,0.0,0.0,0.0,1.0,1.0,0.0,0.06666666666666667
character,28754,P-657,0.0,0.0,0.0,0.0,0.0,0.0,0.0
character,28805,M-113,0.0,0.0,0.0,0.0,0.0,0.0,0.0
character,28837,CF-126,0.0,0.0,0.0,0.0,1.0,0.0,0.02702702702702703
character,28839,TK-142,0.0,0.0,0.0,0.0,1.0,0.0,0.022222222222222223
character,28848,M-056,0.0,0.0,0.0,0.0,0.0,0.0,0.0
character,28852,BM-066,0.0,0.0,0.0,1.0,1.0,0.0,0.05
character,28911,DC-081,0.0,0.0,0.0,0.0,0.0,0.0,0.0
character,28919,HV-226,0.0,0.0,0.0,0.0,0.0,0.0,0.0
character,28929,P-323,0.0,0.0,0.0,0.0,0.0,0.0,0.0
character,29081,F-065,0.0,0.0,0.0,0.0,0.0,0.0,0.0
character,29136,TK-343,0.0,0.0,0.0,0.0,0.0,0.0,0.0
character,29157,K-012,0.0,0.0,0.0,0.0,0.0,0.0,0.0
character,29179,TRB-097,0.0,1.0,1.0,1.0,1.0,0.25,0.25
character,29237,P-139,0.0,0.0,0.0,0.0,0.0,0.0,0.0
character,29318,M-050,0.0,0.0,0.0,0.0,0.0,0.0,0.0
character,29369,HX-139,0.0,0.0,0.0,0.0,1.0,0.0,0.02564102564102564
character,29407,P-245,0.0,0.0,0.0,1.0,1.0,0.0,0.0625
character,29445,M-062,0.0,0.0,0.0,0.0,1.0,0.0,0.030303030303030304
character,29465,HP-128,0.0,0.0,0.0,0.0,0.0,0.0,0.0
character,29489,P-255,0.0,0.0,0.0,0.0,0.0,0.0,0.0
character,29497,FM-117,0.0,0.0,0.0,1.0,1.0,0.0,0.05
character,29508,K-103,0.0,0.0,0.0,0.0,0.0,0.0,0.0
character,29543,K-081,0.0,0.0,0.0,0.0,0.0,0.0,0.0
character,29572,CV-145,0.0,0.0,0.0,0.0,0.0,0.0,0.0
character,29585,M-058,0.0,0.0,0.0,0.0,0.0,0.0,0.0
character,29602,HX-007,0.0,0.0,0.0,0.0,0.0,0.0,0.0
character,29636,TRB-131,0.0,0.0,0.0,0.0,1.0,0.0,0.023809523809523808
character,29666,P-201,0.0,0.0,0.0,0.0,0.0,0.0,0.0
character,29674,TK-239,0.0,0.0,0.0,0.0,0.0,0.0,0.0
character,29683,AG-040,0.0,0.0,0.0,0.0,0.0,0.0,0.0
character,29702,TRB-131,0.0,0.0,0.0,0.0,0.0,0.0,0.0
character,29727,TK-403,0.0,0.0,0.0,0.0,0.0,0.0,0.0
character,29799,SD-038,0.0,0.0,0.0,0.0,0.0,0.0,0.0
character,29813,R-108,0.0,0.0,0.0,0.0,0.0,0.0,0.0
character,29821,BLR-126,0.0,0.0,0.0,0.0,0.0,0.0,0.0
character,29840,M-059,0.0,0.0,0.0,0.0,0.0,0.0,0.0
character,29896,CV-032,0.0,0.0,0.0,1.0,1.0,0.0,0.05263157894736842
character,29898,K-300,0.0,0.0,0.0,0.0,0.0,0.0,0.0
character,29975,F-055,0.0,0.0,0.0,0.0,0.0,0.0,0.0
character,30062,P-158,0.0,0.0,0.0,0.0,0.0,0.0,0.0
character,30083,P-132,0.0,0.0,0.0,0.0,0.0,0.0,0.0
character,30117,CV-135,0.0,0.0,0.0,0.0,0.0,0.0,0.0
character,30154,TK-037,0.0,0.0,0.0,0.0,0.0,0.0,0.0
character,30174,M-080,0.0,0.0,0.0,0.0,0.0,0.0,0.0
character,30227,P-352,0.0,0.0,0.0,0.0,0.0,0.0,0.0
character,30258,K-099,0.0,0.0,0.0,0.0,0.0,0.0,0.0
character,30279,AG-049,0.0,0.0,0.0,0.0,0.0,0.0,0.0
character,30366,HV-051,0.0,0.0,0.0,0.0,1.0,0.0,0.025
character,30374,M-100,0.0,0.0,0.0,0.0,0.0,0.0,0.0
character,30390,R-117,0.0,0.0,0.0,0.0,0.0,0.0,0.0
character,30399,F-094,0.0,0.0,0.0,0.0,0.0,0.0,0.0
character,30404,EV-033,0.0,0.0,0.0,0.0,0.0,0.0,0.0
character,30407,P-680,0.0,0.0,0.0,0.0,0.0,0.0,0.0
character,30428,BLR-117,0.0,0.0,0.0,1.0,1.0,0.0,0.06666666666666667
character,30467,FM-139,0.0,0.0,0.0,0.0,0.0,0.0,0.0
character,30480,P-321,0.0,0.0,0.0,0.0,0.0,0.0,0.0
character,30482,GS-111,0.0,1.0,1.0,1.0,1.0,0.2,0.2
character,30645,SEP-120,0.0,0.0,0.0,0.0,0.0,0.0,0.0
character,30654,SEP-117,0.0,0.0,0.0,0.0,0.0,0.0,0.0
character,30679,TK-068,0.0,0.0,0.0,0.0,0.0,0.0,0.0
character,30708,P-210,0.0,0.0,0.0,0.0,0.0,0.0,0.0
character,30757,HV-129,0.0,0.0,0.0,0.0,0.0,0.0,0.0
character,30792,CR-142,0.0,0.0,0.0,0.0,0.0,0.0,0.0
character,30862,HV-014,0.0,0.0,0.0,0.0,0.0,0.0,0.0
character,30864,GT-056,0.0,0.0,0.0,0.0,0.0,0.0,0.0
character,30872,M-083,0.0,0.0,0.0,0.0,0.0,0.0,0.0
character,30892,GT-005,0.0,0.0,0.0,0.0,0.0,0.0,0.0
character,30925,P-430,0.0,0.0,0.0,0.0,0.0,0.0,0.0
character,30931,K-212,0.0,0.0,0.0,0.0,0.0,0.0,0.0
character,30967,P-439,0.0,0.0,0.0,0.0,0.0,0.0,0.0
character,30992,TK-039,0.0,0.0,0.0,0.0,0.0,0.0,0.0
character,30999,DP-069,0.0,0.0,0.0,0.0,0.0,0.0,0.0
character,31040,HV-017,0.0,0.0,0.0,0.0,0.0,0.0,0.0
character,31058,HX-120,0.0,0.0,0.0,0.0,0.0,0.0,0.0
character,31087,P-438,0.0,0.0,0.0,0.0,0.0,0.0,0.0
character,31088,M-083,0.0,0.0,0.0,0.0,0.0,0.0,0.0
character,31124,P-483,0.0,0.0,0.0,0.0,0.0,0.0,0.0
character,31177,P-503,0.0,0.0,0.0,0.0,0.0,0.0,0.0
character,31180,M-010,0.0,0.0,0.0,0.0,0.0,0.0,0.0
character,31258,EX-136,0.0,0.0,0.0,0.0,0.0,0.0,0.0
character,31301,DC-106,0.0,0.0,0.0,0.0,0.0,0.0,0.0
character,31313,CV-124,0.0,0.0,0.0,0.0,0.0,0.0,0.0
character,31389,P-242,0.0,0.0,0.0,0.0,0.0,0.0,0.0
character,31414,P-426,0.0,0.0,0.0,0.0,0.0,0.0,0.0
character,31543,P-388,0.0,0.0,0.0,0.0,0.0,0.0,0.0
character,31547,TK-173,0.0,0.0,0.0,0.0,0.0,0.0,0.0
character,31549,R-201,0.0,0.0,0.0,0.0,0.0,0.0,0.0
character,31568,DRY-013,0.0,0.0,0.0,0.0,0.0,0.0,0.0
character,31579,P-517,0.0,0.0,0.0,0.0,0.0,0.0,0.0
character,31590,AG-128,0.0,0.0,0.0,0.0,0.0,0.0,0.0
character,31611,TK-151,0.0,0.0,0.0,0.0,0.0,0.0,0.0
character,31632,F-013,0.0,1.0,1.0,1.0,1.0,0.25,0.25
character,31720,HV-221,0.0,0.0,0.0,0.0,0.0,0.0,0.0
character,31739,SD-060,0.0,0.0,0.0,0.0,0.0,0.0,0.0
character,31764,P-528,0.0,0.0,0.0,0.0,0.0,0.0,0.0
character,31772,BLR-101,0.0,0.0,0.0,0.0,0.0,0.0,0.0
character,31785,DRY-089,0.0,0.0,0.0,0.0,0.0,0.0,0.0
character,31795,F-125,0.0,0.0,0.0,0.0,0.0,0.0,0.0
character,31808,FCC-052,0.0,0.0,0.0,0.0,0.0,0.0,0.0
character,31858,HX-209,0.0,0.0,0.0,0.0,0.0,0.0,0.0
character,31861,F-244,0.0,0.0,0.0,0.0,0.0,0.0,0.0
character,31865,SC-111,0.0,0.0,0.0,0.0,0.0,0.0,0.0
character,31893,M-070,0.0,0.0,0.0,0.0,0.0,0.0,0.0
character,31949,FCC-126,0.0,0.0,1.0,1.0,1.0,0.14285714285714285,0.14285714285714285
character,32042,HX-118,0.0,0.0,0.0,0.0,0.0,0.0,0.0
character,32058,P-203,0.0,0.0,0.0,0.0,0.0,0.0,0.0
character,32081,FM-130,0.0,1.0,1.0,1.0,1.0,0.3333333333333333,0.3333333333333333
character,32210,TK-167,0.0,0.0,0.0,0.0,0.0,0.0,0.0
character,32278,FM-132,0.0,0.0,0.0,0.0,0.0,0.0,0.0
character,32391,K-071,0.0,0.0,0.0,0.0,0.0,0.0,0.0
character,32446,K-261,0.0,0.0,0.0,0.0,0.0,0.0,0.0
character,32451,TK-047,0.0,0.0,0.0,0.0,0.0,0.0,0.0
character,32454,P-151,0.0,0.0,0.0,0.0,0.0,0.0,0.0
character,32528,P-316,0.0,0.0,0.0,0.0,0.0,0.0,0.0
character,32543,R-119,0.0,0.0,0.0,0.0,0.0,0.0,0.0
character,32591,CF-050,0.0,0.0,0.0,0.0,0.0,0.0,0.0
character,32620,R-047,0.0,0.0,1.0,1.0,1.0,0.1111111111111111,0.1111111111111111
character,32623,EV-057,0.0,0.0,0.0,0.0,0.0,0.0,0.0
character,32682,M-042,0.0,0.0,0.0,0.0,0.0,0.0,0.0
character,32764,CT-126,0.0,0.0,0.0,0.0,0.0,0.0,0.0
character,32790,P-441,0.0,0.0,0.0,0.0,0.0,0.0,0.0
character,32801,DP-109,0.0,0.0,0.0,0.0,1.0,0.0,0.038461538461538464
character,32829,P-509,0.0,0.0,0.0,0.0,0.0,0.0,0.0
character,32877,CV-145,0.0,0.0,0.0,0.0,0.0,0.0,0.0
character,32892,P-409,0.0,0.0,0.0,0.0,0.0,0.0,0.0
character,32898,BLR-125,0.0,0.0,0.0,0.0,0.0,0.0,0.0
character,32907,HX-132,0.0,0.0,0.0,0.0,0.0,0.0,0.0
character,32910,DP-110,0.0,0.0,1.0,1.0,1.0,0.125,0.125
character,32936,AG-071,0.0,0.0,0.0,0.0,0.0,0.0,0.0
character,32986,DC-133,0.0,0.0,0.0,0.0,0.0,0.0,0.0
character,33017,R-026,0.0,0.0,0.0,0.0,0.0,0.0,0.0
character,33021,SEP-136,0.0,0.0,0.0,0.0,0.0,0.0,0.0
character,33098,P-502,0.0,0.0,0.0,0.0,0.0,0.0,0.0
character,33108,RLP-109,0.0,0.0,0.0,0.0,1.0,0.0,0.041666666666666664
character,33133,P-111,0.0,0.0,0.0,0.0,0.0,0.0,0.0
character,33150,FM-099,0.0,0.0,0.0,0.0,0.0,0.0,0.0
character,33216,DOS-140,0.0,0.0,0.0,0.0,0.0,0.0,0.0
character,33268,P-205,0.0,0.0,0.0,0.0,0.0,0.0,0.0
character,33312,P-271,0.0,0.0,0.0,0.0,0.0,0.0,0.0
character,33331,CF-083,0.0,0.0,0.0,0.0,1.0,0.0,0.025
character,33375,K-143,0.0,0.0,0.0,0.0,0.0,0.0,0.0
character,33414,P-121,0.0,0.0,0.0,0.0,0.0,0.0,0.0
character,33456,R-033,0.0,0.0,0.0,0.0,0.0,0.0,0.0
character,33520,P-271,0.0,0.0,0.0,0.0,0.0,0.0,0.0
character,33556,UF-074,0.0,0.0,0.0,0.0,0.0,0.0,0.0
character,33587,SD-139,0.0,0.0,0.0,0.0,0.0,0.0,0.0
character,33595,M-015,0.0,0.0,0.0,0.0,0.0,0.0,0.0
character,33661,P-660,0.0,0.0,0.0,0.0,0.0,0.0,0.0
character,33666,DP-132,0.0,0.0,0.0,0.0,0.0,0.0,0.0
character,33674,DOS-040,0.0,0.0,1.0,1.0,1.0,0.1,0.1
character,33679,K-112,0.0,0.0,0.0,0.0,0.0,0.0,0.0
character,33707,K-120,0.0,0.0,0.0,1.0,1.0,0.0,0.09090909090909091
character,33769,M-081,0.0,1.0,1.0,1.0,1.0,0.25,0.25
character,33786,P-246,0.0,0.0,0.0,0.0,0.0,0.0,0.0
character,33797,AG-129,0.0,0.0,0.0,0.0,0.0,0.0,0.0
character,33903,K-143,0.0,0.0,0.0,0.0,0.0,0.0,0.0
character,33949,TRB-046,0.0,0.0,0.0,0.0,0.0,0.0,0.0
character,33950,P-328,0.0,0.0,0.0,0.0,0.0,0.0,0.0
character,34003,SC-114,0.0,0.0,0.0,0.0,0.0,0.0,0.0
character,34004,HX-029,0.0,0.0,0.0,0.0,0.0,0.0,0.0
character,34087,P-240,0.0,0.0,0.0,0.0,0.0,0.0,0.0
character,34088,K-017,0.0,0.0,0.0,0.0,0.0,0.0,0.0
character,34122,DOS-138,0.0,0.0,0.0,0.0,0.0,0.0,0.0
character,34128,DRY-119,0.0,0.0,0.0,0.0,1.0,0.0,0.03333333333333333
character,34262,P-346,0.0,0.0,0.0,0.0,1.0,0.0,0.037037037037037035
character,34275,R-090,0.0,0.0,0.0,0.0,0.0,0.0,0.0
character,34290,TK-011,0.0,0.0,0.0,0.0,0.0,0.0,0.0
character,34369,P-441,0.0,0.0,0.0,0.0,0.0,0.0,0.0
character,34380,HX-133,0.0,0.0,0.0,0.0,0.0,0.0,0.0
character,34408,DC-041,0.0,0.0,0.0,0.0,0.0,0.0,0.0
character,34458,P-604,0.0,0.0,0.0,0.0,0.0,0.0,0.0
character,34466,K-105,0.0,0.0,0.0,0.0,1.0,0.0,0.02702702702702703
character,34488,TRB-039,0.0,0.0,0.0,0.0,0.0,0.0,0.0
character,34505,M-013,0.0,0.0,1.0,1.0,1.0,0.1111111111111111,0.1111111111111111
character,34540,M-036,0.0,0.0,0.0,0.0,0.0,0.0,0.0
character,34542,GS-061,0.0,0.0,0.0,0.0,0.0,0.0,0.0
character,34613,DC-043,0.0,0.0,0.0,0.0,1.0,0.0,0.037037037037037035
character,34636,RLP-075,0.0,0.0,0.0,0.0,0.0,0.0,0.0
character,34670,DRY-110,0.0,0.0,0.0,0.0,0.0,0.0,0.0
character,34683,HX-147,0.0,0.0,0.0,0.0,0.0,0.0,0.0
character,34708,HV-102,0.0,0.0,0.0,1.0,1.0,0.0,0.07692307692307693
character,34756,AG-027,0.0,0.0,0.0,0.0,0.0,0.0,0.0
character,34808,CT-055,0.0,0.0,0.0,0.0,0.0,0.0,0.0
character,34853,CV-008,0.0,0.0,0.0,0.0,0.0,0.0,0.0
character,34880,DRY-029,0.0,0.0,0.0,0.0,0.0,0.0,0.0
character,34900,CV-127,0.0,0.0,0.0,0.0,0.0,0.0,0.0
character,34914,HX-052,0.0,0.0,0.0,0.0,0.0,0.0,0.0
character,34934,HP-014,0.0,0.0,0.0,0.0,0.0,0.0,0.0
character,34967,M-007,0.0,0.0,0.0,0.0,0.0,0.0,0.0
character,35025,TK-230,0.0,0.0,0.0,1.0,1.0,0.0,0.09090909090909091
character,35030,K-127,0.0,0.0,0.0,0.0,0.0,0.0,0.0
character,35054,P-176,0.0,0.0,0.0,0.0,0.0,0.0,0.0
character,35078,M-048,0.0,0.0,0.0,0.0,0.0,0.0,0.0
character,35098,CV-115,0.0,0.0,0.0,0.0,0.0,0.0,0.0
character,35162,TK-133,0.0,0.0,0.0,0.0,1.0,0.0,0.04
character,35201,P-192,0.0,0.0,0.0,0.0,0.0,0.0,0.0
character,35231,HX-125,0.0,0.0,0.0,0.0,0.0,0.0,0.0
character,35240,TK-223,0.0,0.0,0.0,0.0,0.0,0.0,0.0
character,35243,TK-207,0.0,0.0,0.0,0.0,0.0,0.0,0.0
character,35314,CR-030,0.0,0.0,0.0,0.0,0.0,0.0,0.0
character,35347,K-216,0.0,0.0,0.0,0.0,0.0,0.0,0.0
character,35353,M-021,0.0,0.0,0.0,0.0,0.0,0.0,0.0
character,35401,DOS-109,0.0,0.0,0.0,0.0,1.0,0.0,0.034482758620689655
character,35475,F-098,0.0,0.0,0.0,0.0,0.0,0.0,0.0
character,35530,TK-318,0.0,0.0,0.0,0.0,0.0,0.0,0.0
character,35550,CV-120,0.0,0.0,0.0,0.0,0.0,0.0,0.0
character,35566,P-145,0.0,0.0,0.0,0.0,0.0,0.0,0.0
character,35591,RLP-134,0.0,0.0,0.0,0.0,0.0,0.0,0.0
character,35605,DC-145,0.0,0.0,0.0,0.0,1.0,0.0,0.021739130434782608
character,35628,BM-112,0.0,0.0,0.0,0.0,0.0,0.0,0.0
character,35682,TK-109,0.0,0.0,0.0,0.0,0.0,0.0,0.0
character,35690,P-482,0.0,0.0,0.0,0.0,0.0,0.0,0.0
character,35708,TRB-075,0.0,0.0,0.0,0.0,0.0,0.0,0.0
character,35729,VP-106,0.0,0.0,0.0,0.0,0.0,0.0,0.0
character,35747,GS-110,0.0,0.0,0.0,0.0,0.0,0.0,0.0
character,35751,CV-082,0.0,0.0,0.0,1.0,1.0,0.0,0.058823529411764705
character,35763,HV-106,0.0,0.0,0.0,0.0,0.0,0.0,0.0
character,35773,K-118,0.0,0.0,0.0,0.0,0.0,0.0,0.0
character,35866,P-335,0.0,0.0,0.0,0.0,0.0,0.0,0.0
character,35918,P-154,0.0,0.0,0.0,0.0,0.0,0.0,0.0
character,35958,CT-109,0.0,0.0,0.0,0.0,0.0,0.0,0.0
character,35975,CF-062,0.0,0.0,0.0,0.0,0.0,0.0,0.0
character,36016,TRB-042,0.0,0.0,0.0,0.0,0.0,0.0,0.0
character,36093,AG-041,0.0,0.0,0.0,0.0,0.0,0.0,0.0
character,36106,P-535,0.0,0.0,0.0,0.0,0.0,0.0,0.0
character,36125,K-336,0.0,0.0,0.0,0.0,0.0,0.0,0.0
character,36138,EX-011,0.0,1.0,1.0,1.0,1.0,0.3333333333333333,0.3333333333333333
character,36166,K-147,0.0,0.0,0.0,1.0,1.0,0.0,0.09090909090909091
character,36189,K-061,0.0,0.0,0.0,0.0,0.0,0.0,0.0
character,36201,HX-062,0.0,0.0,0.0,0.0,0.0,0.0,0.0
character,36259,M-076,0.0,0.0,0.0,0.0,0.0,0.0,0.0
character,36318,BLR-019,0.0,0.0,0.0,0.0,0.0,0.0,0.0
character,36363,DC-090,0.0,0.0,0.0,0.0,0.0,0.0,0.0
character,36370,EX-060,0.0,0.0,0.0,0.0,0.0,0.0,0.0
character,36389,CV-011,0.0,0.0,1.0,1.0,1.0,0.14285714285714285,0.14285714285714285
character,36394,F-129,0.0,0.0,0.0,0.0,0.0,0.0,0.0
character,36731,BM-127,0.0,0.0,0.0,0.0,0.0,0.0,0.0
character,36828,M-069,0.0,0.0,0.0,0.0,0.0,0.0,0.0
character,36832,DOS-129,0.0,1.0,1.0,1.0,1.0,0.25,0.25
character,36838,CV-032,0.0,0.0,0.0,0.0,0.0,0.0,0.0
character,36859,M-147,0.0,0.0,0.0,0.0,0.0,0.0,0.0
character,36884,BM-108,0.0,0.0,0.0,0.0,0.0,0.0,0.0
character,36977,SEP-109,0.0,0.0,0.0,1.0,1.0,0.0,0.058823529411764705
character,37030,CF-045,0.0,0.0,0.0,0.0,0.0,0.0,0.0
character,37076,M-054,0.0,0.0,0.0,0.0,1.0,0.0,0.022222222222222223
character,37080,TK-089,0.0,0.0,0.0,0.0,0.0,0.0,0.0
character,37102,M-142,0.0,0.0,0.0,1.0,1.0,0.0,0.05263157894736842
character,37149,DOS-011,0.0,0.0,0.0,0.0,0.0,0.0,0.0
character,37204,HX-095,0.0,0.0,0.0,0.0,0.0,0.0,0.0
character,37242,AG-106,0.0,0.0,0.0,0.0,0.0,0.0,0.0
character,37319,P-543,0.0,0.0,0.0,0.0,0.0,0.0,0.0
character,37339,K-142,0.0,0.0,0.0,0.0,0.0,0.0,0.0
character,37370,EV-010,0.0,1.0,1.0,1.0,1.0,0.2,0.2
character,37393,P-335,0.0,0.0,0.0,0.0,0.0,0.0,0.0
character,37440,BLR-112,0.0,0.0,0.0,0.0,0.0,0.0,0.0
character,37476,P-742,0.0,0.0,0.0,0.0,0.0,0.0,0.0
character,37483,HX-027,0.0,0.0,0.0,0.0,0.0,0.0,0.0
character,37568,UF-098,0.0,0.0,0.0,0.0,0.0,0.0,0.0
character,37574,R-074,0.0,0.0,0.0,0.0,0.0,0.0,0.0
character,37577,P-335,0.0,0.0,0.0,0.0,0.0,0.0,0.0
character,37578,AG-136,0.0,0.0,0.0,0.0,0.0,0.0,0.0
character,37582,M-101,0.0,0.0,0.0,0.0,0.0,0.0,0.0
character,37592,DC-175,0.0,0.0,0.0,0.0,0.0,0.0,0.0
character,37627,P-246,0.0,0.0,0.0,0.0,0.0,0.0,0.0
character,37656,M-097,0.0,0.0,0.0,0.0,0.0,0.0,0.0
character,37667,DOS-040,0.0,0.0,0.0,0.0,0.0,0.0,0.0
character,37692,GB-028,0.0,0.0,0.0,0.0,0.0,0.0,0.0
character,37760,CV-118,0.0,0.0,0.0,0.0,0.0,0.0,0.0
character,37835,CT-137,0.0,1.0,1.0,1.0,1.0,0.25,0.25
character,37904,TK-221,0.0,0.0,0.0,0.0,0.0,0.0,0.0
character,37936,M-135,0.0,0.0,0.0,0.0,0.0,0.0,0.0
character,37947,M-122,0.0,0.0,1.0,1.0,1.0,0.125,0.125
character,37977,K-031,0.0,0.0,0.0,0.0,0.0,0.0,0.0
character,38003,BM-108,0.0,0.0,0.0,0.0,0.0,0.0,0.0
character,38052,TK-343,0.0,0.0,0.0,0.0,0.0,0.0,0.0
character,38095,AG-097,0.0,0.0,0.0,0.0,0.0,0.0,0.0
character,38181,P-222,0.0,0.0,0.0,0.0,0.0,0.0,0.0
character,38218,CR-103,0.0,0.0,0.0,0.0,0.0,0.0,0.0
character,38234,UF-124,0.0,0.0,0.0,0.0,0.0,0.0,0.0
character,38260,P-494,0.0,0.0,0.0,0.0,0.0,0.0,0.0
character,38277,GT-126,0.0,0.0,0.0,0.0,0.0,0.0,0.0
character,38323,P-506,0.0,0.0,0.0,0.0,0.0,0.0,0.0
character,38341,M-090,0.0,0.0,0.0,0.0,0.0,0.0,0.0
character,38360,P-699,0.0,0.0,0.0,0.0,0.0,0.0,0.0
character,38370,GB-052,0.0,0.0,0.0,0.0,0.0,0.0,0.0
character,38371,P-323,0.0,0.0,0.0,0.0,0.0,0.0,0.0
character,38410,AG-025,0.0,0.0,0.0,0.0,0.0,0.0,0.0
character,38471,HX-313,0.0,0.0,0.0,0.0,0.0,0.0,0.0
character,38535,CV-042,0.0,0.0,0.0,0.0,0.0,0.0,0.0
character,38567,HP-067,0.0,0.0,0.0,0.0,0.0,0.0,0.0
character,38596,TK-142,0.0,0.0,0.0,0.0,0.0,0.0,0.0
character,38610,HX-098,0.0,0.0,0.0,0.0,1.0,0.0,0.02631578947368421
character,38613,M-081,0.0,0.0,0.0,0.0,0.0,0.0,0.0
character,38642,P-495,0.0,0.0,0.0,0.0,0.0,0.0,0.0
character,38656,VP-132,0.0,0.0,0.0,0.0,0.0,0.0,0.0
character,38693,HX-102,0.0,0.0,0.0,0.0,0.0,0.0,0.0
character,38698,SD-091,0.0,0.0,0.0,0.0,0.0,0.0,0.0
character,38714,CV-042,0.0,0.0,0.0,0.0,0.0,0.0,0.0
character,38794,UF-010,0.0,0.0,0.0,0.0,0.0,0.0,0.0
character,38798,VP-141,0.0,0.0,0.0,1.0,1.0,0.0,0.05555555555555555
character,38857,P-364,0.0,0.0,0.0,0.0,0.0,0.0,0.0
character,38862,CV-219,0.0,0.0,0.0,0.0,0.0,0.0,0.0
character,38890,P-658,0.0,0.0,0.0,0.0,0.0,0.0,0.0
character,38895,VP-096,0.0,0.0,0.0,0.0,0.0,0.0,0.0
character,38917,K-233,0.0,0.0,0.0,0.0,0.0,0.0,0.0
character,38950,P-155,0.0,0.0,0.0,0.0,0.0,0.0,0.0
character,38975,EX-081,0.0,0.0,0.0,0.0,1.0,0.0,0.02702702702702703
character,39179,P-400,0.0,0.0,0.0,0.0,0.0,0.0,0.0
character,39229,EV-004,0.0,0.0,0.0,0.0,0.0,0.0,0.0
character,39339,P-743,0.0,0.0,0.0,0.0,0.0,0.0,0.0
character,39341,EX-105,0.0,0.0,0.0,0.0,0.0,0.0,0.0
character,39368,CT-109,0.0,0.0,0.0,0.0,0.0,0.0,0.0
character,39413,DP-125,0.0,0.0,0.0,0.0,0.0,0.0,0.0
character,39443,DRY-131,0.0,0.0,0.0,0.0,0.0,0.0,0.0
character,39452,P-708,0.0,0.0,0.0,0.0,0.0,0.0,0.0
character,39457,AG-119,0.0,0.0,0.0,0.0,0.0,0.0,0.0
character,39468,P-534,0.0,0.0,0.0,0.0,0.0,0.0,0.0
character,39469,TK-098,0.0,0.0,0.0,0.0,0.0,0.0,0.0
character,39627,P-176,0.0,0.0,0.0,0.0,0.0,0.0,0.0
character,39710,P-409,0.0,0.0,0.0,0.0,0.0,0.0,0.0
character,39754,DOS-033,0.0,0.0,0.0,1.0,1.0,0.0,0.06666666666666667
character,39756,CR-145,0.0,0.0,0.0,0.0,0.0,0.0,0.0
character,39807,P-302,0.0,0.0,0.0,1.0,1.0,0.0,0.06666666666666667
character,39827,DRY-048,0.0,0.0,0.0,0.0,0.0,0.0,0.0
character,39848,CR-041,0.0,0.0,0.0,0.0,0.0,0.0,0.0
character,39863,CF-076,0.0,0.0,0.0,0.0,0.0,0.0,0.0
character,39889,TK-314,0.0,0.0,0.0,0.0,0.0,0.0,0.0
character,39927,DC-014,0.0,0.0,0.0,0.0,0.0,0.0,0.0
character,39942,CR-023,0.0,0.0,0.0,0.0,0.0,0.0,0.0
character,39983,HV-310,0.0,0.0,0.0,0.0,0.0,0.0,0.0
character,40019,BM-040,0.0,0.0,0.0,0.0,0.0,0.0,0.0
character,40037,P-689,0.0,0.0,0.0,0.0,0.0,0.0,0.0
character,40046,HV-123,0.0,0.0,0.0,0.0,0.0,0.0,0.0
character,40094,TK-129,0.0,0.0,0.0,0.0,0.0,0.0,0.0
character,40119,P-223,0.0,0.0,0.0,0.0,1.0,0.0,0.04
character,40141,UF-137,0.0,0.0,0.0,0.0,1.0,0.0,0.02127659574468085
character,40156,CF-133,0.0,0.0,0.0,0.0,0.0,0.0,0.0
character,40210,TK-104,0.0,0.0,0.0,0.0,0.0,0.0,0.0
character,40284,P-685,0.0,0.0,0.0,0.0,0.0,0.0,0.0
character,40337,TK-046,0.0,0.0,0.0,0.0,0.0,0.0,0.0
character,40380,CV-328,0.0,0.0,0.0,0.0,0.0,0.0,0.0
character,40381,K-095,0.0,0.0,0.0,0.0,0.0,0.0,0.0
character,40395,HX-080,0.0,0.0,0.0,0.0,0.0,0.0,0.0
character,40432,DC-109,0.0,0.0,0.0,0.0,0.0,0.0,0.0
character,40441,GB-008,0.0,0.0,0.0,0.0,0.0,0.0,0.0
character,40554,P-244,0.0,0.0,0.0,0.0,0.0,0.0,0.0
character,40580,CT-124,0.0,0.0,0.0,0.0,1.0,0.0,0.030303030303030304
character,40587,AG-139,0.0,0.0,0.0,1.0,1.0,0.0,0.05263157894736842
character,40618,BLR-085,0.0,0.0,0.0,0.0,0.0,0.0,0.0
character,40629,M-083,0.0,0.0,0.0,0.0,0.0,0.0,0.0
character,40695,P-217,0.0,0.0,0.0,0.0,0.0,0.0,0.0
character,40701,SEP-112,0.0,0.0,0.0,0.0,0.0,0.0,0.0
character,40707,P-222,0.0,0.0,0.0,0.0,0.0,0.0,0.0
character,40711,DOS-167,0.0,0.0,0.0,0.0,0.0,0.0,0.0
character,40849,P-340,0.0,0.0,0.0,0.0,0.0,0.0,0.0
character,40850,P-122,0.0,0.0,0.0,0.0,0.0,0.0,0.0
character,40876,P-395,0.0,0.0,0.0,0.0,0.0,0.0,0.0
character,40879,AG-116,0.0,1.0,1.0,1.0,1.0,0.2,0.2
character,40944,K-119,0.0,0.0,0.0,0.0,0.0,0.0,0.0
character,40965,M-125,0.0,0.0,0.0,0.0,0.0,0.0,0.0
character,40989,EX-071,0.0,0.0,0.0,0.0,0.0,0.0,0.0
character,41019,AG-143,0.0,0.0,0.0,0.0,0.0,0.0,0.0
character,41038,HX-104,0.0,0.0,0.0,0.0,0.0,0.0,0.0
character,41059,M-037,0.0,0.0,0.0,0.0,0.0,0.0,0.0
character,41086,P-215,0.0,0.0,0.0,0.0,1.0,0.0,0.02631578947368421
character,41092,HP-099,0.0,0.0,0.0,0.0,0.0,0.0,0.0
character,41103,CV-227,0.0,0.0,0.0,0.0,0.0,0.0,0.0
character,41120,HV-101,0.0,0.0,1.0,1.0,1.0,0.125,0.125
character,41141,UF-055,0.0,0.0,0.0,0.0,0.0,0.0,0.0
character,41161,DP-005,0.0,0.0,0.0,0.0,0.0,0.0,0.0
character,41237,BM-087,0.0,0.0,0.0,0.0,0.0,0.0,0.0
character,41330,P-529,0.0,0.0,0.0,0.0,0.0,0.0,0.0
character,41398,P-206,0.0,0.0,0.0,0.0,0.0,0.0,0.0
character,41417,FM-113,0.0,0.0,0.0,0.0,0.0,0.0,0.0
character,41497,DP-088,0.0,0.0,0.0,0.0,0.0,0.0,0.0
character,41502,P-156,0.0,0.0,0.0,0.0,0.0,0.0,0.0
character,41532,K-241,0.0,0.0,0.0,0.0,0.0,0.0,0.0
character,41580,SC-101,0.0,0.0,0.0,0.0,1.0,0.0,0.02040816326530612
character,41596,DC-105,0.0,0.0,0.0,0.0,0.0,0.0,0.0
character,41665,M-023,0.0,0.0,0.0,0.0,0.0,0.0,0.0
character,41668,P-666,0.0,0.0,0.0,0.0,0.0,0.0,0.0
character,41704,F-121,0.0,0.0,0.0,0.0,0.0,0.0,0.0
character,41724,HV-052,0.0,0.0,0.0,0.0,0.0,0.0,0.0
character,41741,AG-147,0.0,0.0,0.0,0.0,0.0,0.0,0.0
character,41788,TRB-007,0.0,0.0,0.0,0.0,0.0,0.0,0.0
character,41804,TRB-109,0.0,0.0,0.0,0.0,0.0,0.0,0.0
character,41816,K-109,0.0,0.0,0.0,0.0,0.0,0.0,0.0
character,41824,K-206,0.0,0.0,0.0,0.0,0.0,0.0,0.0
character,41834,AG-005,0.0,0.0,0.0,0.0,0.0,0.0,0.0
character,41877,HX-031,0.0,0.0,0.0,0.0,0.0,0.0,0.0
character,41958,P-216,0.0,0.0,0.0,0.0,0.0,0.0,0.0
character,41976,K-105,0.0,0.0,0.0,0.0,0.0,0.0,0.0
character,42017,DC-083,0.0,0.0,0.0,0.0,0.0,0.0,0.0
character,42034,CT-063,0.0,0.0,0.0,0.0,0.0,0.0,0.0
character,42091,P-269,0.0,0.0,0.0,0.0,0.0,0.0,0.0
character,42116,EV-082,0.0,0.0,0.0,0.0,0.0,0.0,0.0
character,42125,P-696,0.0,0.0,0.0,0.0,0.0,0.0,0.0
character,42165,P-426,0.0,0.0,0.0,0.0,0.0,0.0,0.0
character,42256,TK-142,0.0,0.0,0.0,0.0,0.0,0.0,0.0
character,42262,P-152,0.0,0.0,0.0,0.0,0.0,0.0,0.0
character,42348,SC-110,0.0,0.0,0.0,0.0,0.0,0.0,0.0
character,42399,HX-072,0.0,0.0,0.0,0.0,0.0,0.0,0.0
character,42426,TK-052,0.0,0.0,0.0,0.0,0.0,0.0,0.0
character,42464,HV-036,0.0,0.0,0.0,0.0,0.0,0.0,0.0
character,42466,BLR-052,0.0,0.0,0.0,0.0,0.0,0.0,0.0
character,42490,AG-143,0.0,0.0,0.0,0.0,0.0,0.0,0.0
character,42543,P-342,0.0,0.0,0.0,0.0,0.0,0.0,0.0
character,42548,DRY-116,0.0,0.0,0.0,0.0,1.0,0.0,0.02127659574468085
character,42590,F-307,0.0,0.0,0.0,0.0,1.0,0.0,0.020833333333333332
character,42607,CF-067,0.0,0.0,0.0,0.0,0.0,0.0,0.0
character,42624,EX-082,0.0,0.0,0.0,0.0,0.0,0.0,0.0
character,42677,P-317,0.0,0.0,0.0,0.0,0.0,0.0,0.0
character,42684,TK-143,0.0,0.0,0.0,0.0,0.0,0.0,0.0
character,42707,DRY-086,0.0,0.0,0.0,0.0,0.0,0.0,0.0
character,42740,HX-145,0.0,0.0,0.0,0.0,0.0,0.0,0.0
character,42745,P-316,0.0,0.0,0.0,0.0,0.0,0.0,0.0
character,42768,CV-090,0.0,0.0,0.0,0.0,0.0,0.0,0.0
character,42787,HX-079,0.0,0.0,0.0,0.0,0.0,0.0,0.0
character,42814,P-699,0.0,0.0,0.0,0.0,0.0,0.0,0.0
character,42818,K-126,0.0,0.0,0.0,0.0,0.0,0.0,0.0
character,42826,M-082,0.0,0.0,0.0,0.0,0.0,0.0,0.0
character,42845,FM-129,0.0,0.0,0.0,0.0,0.0,0.0,0.0
character,42857,P-311,0.0,0.0,0.0,0.0,0.0,0.0,0.0
character,42867,BLR-113,0.0,0.0,0.0,0.0,0.0,0.0,0.0
character,42912,DOS-059,0.0,0.0,0.0,0.0,0.0,0.0,0.0
character,42943,K-191,0.0,0.0,0.0,0.0,0.0,0.0,0.0
character,42962,TK-221,0.0,0.0,1.0,1.0,1.0,0.14285714285714285,0.14285714285714285
character,42978,K-075,0.0,0.0,0.0,0.0,0.0,0.0,0.0
character,42981,P-370,0.0,0.0,0.0,0.0,0.0,0.0,0.0
character,42997,DC-133,0.0,0.0,0.0,0.0,0.0,0.0,0.0
character,42998,R-115,0.0,0.0,0.0,0.0,0.0,0.0,0.0
character,43028,M-085,0.0,1.0,1.0,1.0,1.0,0.25,0.25
character,43122,AG-064,0.0,0.0,0.0,0.0,0.0,0.0,0.0
character,43125,P-322,0.0,0.0,0.0,0.0,0.0,0.0,0.0
character,43141,P-539,0.0,0.0,0.0,0.0,0.0,0.0,0.0
character,43187,K-017,0.0,0.0,0.0,0.0,0.0,0.0,0.0
character,43207,M-136,0.0,0.0,0.0,0.0,0.0,0.0,0.0
character,43217,P-235,0.0,0.0,0.0,0.0,0.0,0.0,0.0
character,43266,P-420,0.0,0.0,0.0,0.0,0.0,0.0,0.0
character,43285,TK-054,0.0,0.0,0.0,0.0,0.0,0.0,0.0
character,43290,EX-062,0.0,0.0,0.0,0.0,0.0,0.0,0.0
character,43324,TK-078,0.0,0.0,0.0,0.0,0.0,0.0,0.0
character,43520,AG-040,0.0,0.0,0.0,0.0,0.0,0.0,0.0
character,43543,SC-118,0.0,0.0,0.0,0.0,0.0,0.0,0.0
character,43593,TK-125,0.0,0.0,0.0,0.0,0.0,0.0,0.0
character,43601,CT-114,0.0,0.0,0.0,0.0,1.0,0.0,0.021739130434782608
character,43633,GB-211,0.0,0.0,0.0,0.0,0.0,0.0,0.0
character,43671,BLR-131,0.0,0.0,0.0,0.0,0.0,0.0,0.0
character,43695,CF-030,0.0,0.0,0.0,0.0,0.0,0.0,0.0
character,43768,P-410,0.0,0.0,0.0,0.0,0.0,0.0,0.0
character,43769,K-075,0.0,0.0,0.0,0.0,0.0,0.0,0.0
character,43774,GB-087,0.0,0.0,0.0,0.0,0.0,0.0,0.0
character,43793,HP-033,0.0,0.0,0.0,0.0,1.0,0.0,0.023255813953488372
character,43808,TK-139,0.0,0.0,0.0,0.0,0.0,0.0,0.0
character,43815,HP-055,0.0,0.0,0.0,0.0,1.0,0.0,0.03571428571428571
character,43816,DC-110,0.0,0.0,0.0,0.0,1.0,0.0,0.020833333333333332
character,43819,HX-351,0.0,0.0,0.0,0.0,0.0,0.0,0.0
character,43855,TK-208,0.0,0.0,0.0,0.0,0.0,0.0,0.0
character,43858,CF-039,0.0,0.0,0.0,0.0,1.0,0.0,0.02127659574468085
character,43862,TK-137,0.0,0.0,0.0,0.0,0.0,0.0,0.0
character,43985,P-521,0.0,0.0,0.0,0.0,0.0,0.0,0.0
character,44072,GT-143,0.0,0.0,0.0,0.0,0.0,0.0,0.0
character,44095,R-005,0.0,0.0,0.0,0.0,0.0,0.0,0.0
character,44133,TK-237,0.0,0.0,0.0,0.0,0.0,0.0,0.0
character,44145,HX-145,0.0,0.0,0.0,0.0,0.0,0.0,0.0
character,44191,HX-015,0.0,0.0,1.0,1.0,1.0,0.16666666666666666,0.16666666666666666
character,44204,BLR-135,0.0,0.0,0.0,0.0,0.0,0.0,0.0
character,44241,AG-061,0.0,0.0,0.0,1.0,1.0,0.0,0.0625
character,44293,R-090,0.0,0.0,0.0,0.0,0.0,0.0,0.0
character,44312,SEP-111,0.0,0.0,0.0,0.0,0.0,0.0,0.0
character,44319,GB-129,0.0,0.0,0.0,0.0,0.0,0.0,0.0
character,44330,CV-342,0.0,0.0,0.0,0.0,0.0,0.0,0.0
character,44343,GB-091,0.0,0.0,0.0,0.0,0.0,0.0,0.0
character,44366,K-261,0.0,0.0,0.0,0.0,0.0,0.0,0.0
character,44374,EV-131,0.0,0.0,0.0,0.0,0.0,0.0,0.0
character,44424,R-119,0.0,0.0,0.0,0.0,0.0,0.0,0.0
character,44435,TK-101,0.0,0.0,0.0,0.0,0.0,0.0,0.0
character,44523,GB-091,0.0,0.0,0.0,0.0,0.0,0.0,0.0
character,44572,P-240,0.0,0.0,0.0,0.0,0.0,0.0,0.0
character,44576,TK-330,0.0,0.0,0.0,0.0,0.0,0.0,0.0
character,44610,BM-131,0.0,0.0,0.0,0.0,1.0,0.0,0.027777777777777776
character,44625,HX-009,0.0,0.0,0.0,0.0,0.0,0.0,0.0
character,44639,SEP-110,0.0,0.0,0.0,0.0,0.0,0.0,0.0
character,44662,M-074,0.0,0.0,0.0,0.0,0.0,0.0,0.0
character,44735,M-112,0.0,0.0,0.0,0.0,0.0,0.0,0.0
character,44740,M-127,0.0,0.0,0.0,0.0,0.0,0.0,0.0
character,44851,AG-119,0.0,0.0,0.0,0.0,0.0,0.0,0.0
character,44886,CV-318,0.0,0.0,0.0,0.0,0.0,0.0,0.0
character,44946,HX-081,0.0,0.0,0.0,0.0,0.0,0.0,0.0
character,44991,HP-073,0.0,0.0,0.0,0.0,0.0,0.0,0.0
character,44999,P-448,0.0,0.0,0.0,0.0,0.0,0.0,0.0
character,45013,RLP-103,0.0,0.0,0.0,0.0,0.0,0.0,0.0
character,45026,GB-046,0.0,0.0,0.0,0.0,0.0,0.0,0.0
character,45038,P-424,0.0,0.0,0.0,0.0,0.0,0.0,0.0
character,45055,F-145,0.0,0.0,1.0,1.0,1.0,0.1111111111111111,0.1111111111111111
character,45095,K-143,0.0,0.0,1.0,1.0,1.0,0.125,0.125
character,45097,AG-074,0.0,0.0,0.0,0.0,0.0,0.0,0.0
character,45112,P-200,0.0,0.0,0.0,0.0,0.0,0.0,0.0
character,45155,P-294,0.0,0.0,0.0,0.0,0.0,0.0,0.0
character,45169,AG-053,0.0,0.0,0.0,0.0,0.0,0.0,0.0
character,45172,FM-018,0.0,0.0,0.0,0.0,1.0,0.0,0.03333333333333333
character,45185,P-561,0.0,0.0,0.0,0.0,0.0,0.0,0.0
character,45238,M-124,0.0,0.0,0.0,0.0,1.0,0.0,0.02040816326530612
character,45244,FM-140,0.0,0.0,0.0,0.0,0.0,0.0,0.0
character,45320,P-532,0.0,0.0,0.0,0.0,0.0,0.0,0.0
character,45363,P-111,0.0,0.0,0.0,0.0,0.0,0.0,0.0
character,45427,P-262,0.0,0.0,0.0,0.0,0.0,0.0,0.0
character,45442,HX-031,0.0,0.0,0.0,0.0,0.0,0.0,0.0
character,45515,DOS-145,0.0,0.0,0.0,0.0,0.0,0.0,0.0
character,45525,K-080,0.0,0.0,0.0,0.0,0.0,0.0,0.0
character,45565,GS-129,0.0,0.0,0.0,0.0,0.0,0.0,0.0
character,45602,SC-137,0.0,0.0,0.0,0.0,0.0,0.0,0.0
character,45671,R-041,0.0,0.0,0.0,0.0,0.0,0.0,0.0
character,45746,GT-073,0.0,0.0,0.0,0.0,0.0,0.0,0.0
character,45760,TRB-040,0.0,0.0,0.0,0.0,0.0,0.0,0.0
character,45811,TK-041,0.0,0.0,0.0,0.0,0.0,0.0,0.0
character,45814,P-338,0.0,0.0,0.0,0.0,0.0,0.0,0.0
character,45837,K-335,0.0,0.0,0.0,0.0,0.0,0.0,0.0
character,45852,P-270,0.0,0.0,0.0,0.0,0.0,0.0,0.0
character,45864,HX-212,0.0,0.0,0.0,0.0,0.0,0.0,0.0
character,45872,GB-130,0.0,0.0,0.0,0.0,0.0,0.0,0.0
character,45909,P-307,0.0,0.0,0.0,0.0,0.0,0.0,0.0
character,45947,BM-121,0.0,0.0,0.0,0.0,0.0,0.0,0.0
character,45953,AG-062,0.0,0.0,0.0,0.0,0.0,0.0,0.0
character,45966,EV-125,0.0,0.0,0.0,0.0,0.0,0.0,0.0
character,46031,R-015,0.0,0.0,0.0,0.0,0.0,0.0,0.0
character,46036,TK-143,0.0,0.0,0.0,0.0,0.0,0.0,0.0
character,46041,R-010,0.0,0.0,0.0,0.0,0.0,0.0,0.0
character,46053,K-103,0.0,0.0,0.0,0.0,0.0,0.0,0.0
character,46079,DP-068,0.0,0.0,0.0,0.0,0.0,0.0,0.0
character,46080,GB-051,0.0,0.0,0.0,0.0,0.0,0.0,0.0
character,46092,HX-168,0.0,0.0,0.0,0.0,0.0,0.0,0.0
character,46138,AG-058,0.0,0.0,0.0,0.0,1.0,0.0,0.041666666666666664
character,46188,TK-022,0.0,0.0,0.0,0.0,0.0,0.0,0.0
character,46216,P-552,0.0,0.0,0.0,0.0,0.0,0.0,0.0
character,46250,FM-096,0.0,0.0,0.0,0.0,0.0,0.0,0.0
character,46268,P-248,0.0,0.0,0.0,0.0,0.0,0.0,0.0
character,46279,M-113,0.0,0.0,0.0,0.0,0.0,0.0,0.0
character,46299,P-740,0.0,0.0,0.0,0.0,0.0,0.0,0.0
character,46320,F-147,0.0,0.0,0.0,0.0,0.0,0.0,0.0
character,46355,DC-073,0.0,0.0,0.0,0.0,0.0,0.0,0.0
character,46361,SC-028,0.0,0.0,0.0,0.0,0.0,0.0,0.0
character,46375,EX-098,0.0,0.0,0.0,0.0,0.0,0.0,0.0
character,46393,K-085,0.0,0.0,0.0,0.0,0.0,0.0,0.0
character,46417,DC-116,0.0,0.0,0.0,0.0,0.0,0.0,0.0
character,46434,P-644,0.0,0.0,0.0,0.0,0.0,0.0,0.0
character,46458,K-059,0.0,0.0,0.0,0.0,0.0,0.0,0.0
character,46503,FCC-084,0.0,0.0,0.0,0.0,0.0,0.0,0.0
character,46506,P-105,0.0,0.0,0.0,0.0,0.0,0.0,0.0
character,46513,AG-027,0.0,0.0,0.0,0.0,0.0,0.0,0.0
character,46582,TK-158,0.0,0.0,0.0,0.0,0.0,0.0,0.0
character,46600,K-086,0.0,0.0,0.0,0.0,0.0,0.0,0.0
character,46625,FM-087,0.0,0.0,0.0,0.0,0.0,0.0,0.0
character,46626,SD-014,0.0,0.0,0.0,0.0,1.0,0.0,0.02857142857142857
character,46640,GB-114,0.0,0.0,0.0,0.0,0.0,0.0,0.0
character,46674,DOS-043,0.0,0.0,0.0,0.0,0.0,0.0,0.0
character,46690,HX-129,0.0,0.0,0.0,0.0,1.0,0.0,0.02564102564102564
character,46705,M-085,0.0,0.0,0.0,0.0,1.0,0.0,0.03333333333333333
character,46709,DOS-129,0.0,0.0,0.0,0.0,0.0,0.0,0.0
character,46728,EX-053,0.0,0.0,0.0,0.0,0.0,0.0,0.0
character,46751,FM-116,0.0,0.0,0.0,0.0,0.0,0.0,0.0
character,46766,AG-035,0.0,0.0,0.0,0.0,0.0,0.0,0.0
character,46790,CF-043,0.0,0.0,0.0,0.0,0.0,0.0,0.0
character,46826,HX-095,0.0,0.0,0.0,0.0,0.0,0.0,0.0
character,46841,EX-125,0.0,0.0,0.0,0.0,0.0,0.0,0.0
character,46875,P-229,0.0,0.0,0.0,0.0,0.0,0.0,0.0
character,46908,P-332,0.0,0.0,0.0,0.0,0.0,0.0,0.0
character,46960,M-110,0.0,0.0,0.0,0.0,0.0,0.0,0.0
character,46976,K-098,0.0,0.0,0.0,0.0,0.0,0.0,0.0
character,47033,TK-047,0.0,0.0,0.0,0.0,0.0,0.0,0.0
character,47102,CV-093,0.0,0.0,0.0,0.0,0.0,0.0,0.0
character,47172,HV-141,0.0,0.0,0.0,0.0,0.0,0.0,0.0
character,47180,P-244,0.0,0.0,0.0,0.0,0.0,0.0,0.0
character,47244,P-117,0.0,0.0,1.0,1.0,1.0,0.16666666666666666,0.16666666666666666
character,47296,CF-068,0.0,0.0,0.0,0.0,0.0,0.0,0.0
character,47325,BM-142,0.0,0.0,0.0,0.0,0.0,0.0,0.0
character,47335,CF-117,0.0,0.0,0.0,0.0,0.0,0.0,0.0
character,47355,TK-185,0.0,0.0,0.0,0.0,0.0,0.0,0.0
character,47394,P-742,0.0,0.0,0.0,0.0,0.0,0.0,0.0
character,47474,FM-054,0.0,0.0,0.0,0.0,0.0,0.0,0.0
character,47534,TK-104,0.0,0.0,0.0,0.0,0.0,0.0,0.0
character,47568,P-609,0.0,0.0,0.0,0.0,0.0,0.0,0.0
character,47579,SEP-085,0.0,0.0,0.0,0.0,0.0,0.0,0.0
character,47593,F-048,0.0,0.0,0.0,0.0,0.0,0.0,0.0
character,47602,FM-015,0.0,0.0,0.0,0.0,0.0,0.0,0.0
character,47616,K-021,0.0,0.0,0.0,0.0,0.0,0.0,0.0
character,47620,F-017,0.0,0.0,0.0,0.0,1.0,0.0,0.029411764705882353
character,47635,P-331,0.0,0.0,0.0,0.0,0.0,0.0,0.0
character,47674,TK-134,0.0,0.0,0.0,0.0,1.0,0.0,0.045454545454545456
character,47695,BM-059,0.0,0.0,0.0,0.0,0.0,0.0,0.0
character,47699,P-154,0.0,0.0,1.0,1.0,1.0,0.1,0.1
character,47755,P-344,0.0,0.0,0.0,0.0,0.0,0.0,0.0
character,47811,F-120,0.0,0.0,0.0,0.0,0.0,0.0,0.0
character,47848,P-179,0.0,0.0,0.0,0.0,0.0,0.0,0.0
character,47876,AG-098,0.0,0.0,0.0,0.0,0.0,0.0,0.0
character,47978,RLP-050,0.0,0.0,0.0,0.0,1.0,0.0,0.037037037037037035
character,48020,DOS-084,0.0,0.0,0.0,0.0,0.0,0.0,0.0
character,48039,K-027,0.0,0.0,0.0,0.0,0.0,0.0,0.0
character,48093,DRY-019,0.0,0.0,0.0,1.0,1.0,0.0,0.05555555555555555
character,48104,EV-076,0.0,0.0,0.0,0.0,0.0,0.0,0.0
character,48181,DOS-133,0.0,0.0,0.0,0.0,0.0,0.0,0.0
character,48191,P-658,0.0,0.0,0.0,0.0,0.0,0.0,0.0
character,48197,EX-109,0.0,0.0,0.0,0.0,0.0,0.0,0.0
character,48208,F-143,0.0,0.0,0.0,0.0,0.0,0.0,0.0
character,48223,EX-109,0.0,0.0,0.0,0.0,0.0,0.0,0.0
character,48271,TK-148,0.0,1.0,1.0,1.0,1.0,0.5,0.5
character,48326,P-180,0.0,0.0,0.0,0.0,0.0,0.0,0.0
character,48371,P-198,0.0,0.0,0.0,0.0,0.0,0.0,0.0
character,48417,HV-210,0.0,0.0,0.0,0.0,0.0,0.0,0.0
character,48443,GB-006,0.0,0.0,0.0,0.0,0.0,0.0,0.0
character,48569,DC-069,0.0,0.0,0.0,0.0,0.0,0.0,0.0
character,48570,RLP-136,0.0,0.0,0.0,0.0,0.0,0.0,0.0
character,48636,AG-107,0.0,0.0,0.0,0.0,0.0,0.0,0.0
character,48730,DOS-027,0.0,0.0,0.0,0.0,1.0,0.0,0.030303030303030304
character,48751,FCC-051,0.0,0.0,0.0,0.0,1.0,0.0,0.02127659574468085
character,48772,K-051,0.0,0.0,0.0,0.0,0.0,0.0,0.0
character,48774,DP-057,0.0,0.0,0.0,0.0,0.0,0.0,0.0
character,48809,M-068,0.0,0.0,0.0,0.0,1.0,0.0,0.043478260869565216
character,48839,FM-147,0.0,0.0,0.0,0.0,0.0,0.0,0.0
character,48895,P-176,0.0,0.0,0.0,0.0,0.0,0.0,0.0
character,48910,HX-049,0.0,0.0,0.0,0.0,0.0,0.0,0.0
character,48983,GB-027,0.0,0.0,0.0,0.0,0.0,0.0,0.0
character,48989,HX-041,0.0,0.0,0.0,0.0,0.0,0.0,0.0
character,49014,CR-123,0.0,0.0,0.0,0.0,0.0,0.0,0.0
character,49035,SEP-020,0.0,0.0,0.0,0.0,0.0,0.0,0.0
character,49101,TK-338,0.0,0.0,0.0,0.0,0.0,0.0,0.0
character,49144,GB-082,0.0,0.0,0.0,0.0,0.0,0.0,0.0
character,49203,R-024,0.0,0.0,0.0,0.0,0.0,0.0,0.0
character,49323,AG-031,0.0,0.0,0.0,0.0,0.0,0.0,0.0
character,49357,K-101,0.0,0.0,0.0,0.0,0.0,0.0,0.0
character,49362,DRY-006,0.0,0.0,0.0,0.0,0.0,0.0,0.0
character,49363,P-108,0.0,0.0,0.0,0.0,0.0,0.0,0.0
character,49373,HX-329,0.0,0.0,0.0,0.0,1.0,0.0,0.037037037037037035
character,49392,TK-131,0.0,0.0,0.0,0.0,0.0,0.0,0.0
character,49395,F-054,0.0,0.0,0.0,0.0,0.0,0.0,0.0
character,49401,BLR-011,0.0,0.0,0.0,0.0,0.0,0.0,0.0
character,49412,GB-128,0.0,0.0,0.0,0.0,0.0,0.0,0.0
character,49460,M-082,0.0,0.0,0.0,0.0,0.0,0.0,0.0
character,49478,R-063,0.0,0.0,0.0,0.0,0.0,0.0,0.0
character,49492,CV-133,0.0,1.0,1.0,1.0,1.0,0.5,0.5
character,49502,TK-006,0.0,0.0,0.0,0.0,0.0,0.0,0.0
character,49522,P-367,0.0,0.0,0.0,0.0,0.0,0.0,0.0
character,49537,M-071,0.0,0.0,0.0,0.0,1.0,0.0,0.027777777777777776
character,49574,EX-238,0.0,0.0,0.0,0.0,0.0,0.0,0.0
character,49581,K-121,0.0,0.0,0.0,0.0,0.0,0.0,0.0
character,49611,TK-062,0.0,0.0,0.0,0.0,0.0,0.0,0.0
character,49635,DC-022,0.0,0.0,0.0,0.0,0.0,0.0,0.0
character,49655,M-022,0.0,0.0,0.0,0.0,1.0,0.0,0.02564102564102564
character,49773,TK-205,0.0,0.0,0.0,0.0,0.0,0.0,0.0
character,49796,P-246,0.0,0.0,0.0,0.0,0.0,0.0,0.0
character,49878,F-032,0.0,0.0,0.0,0.0,0.0,0.0,0.0
character,49911,P-328,0.0,0.0,0.0,0.0,0.0,0.0,0.0
character,49938,TK-071,0.0,0.0,0.0,0.0,0.0,0.0,0.0
graph_idf,6,HX-301,0.0,0.0,0.0,0.0,0.0,0.0,0.0
graph_idf,92,DOS-081,0.0,0.0,0.0,1.0,1.0,0.0,0.058823529411764705
graph_idf,146,CR-118,0.0,0.0,0.0,0.0,0.0,0.0,0.0
graph_idf,192,FCC-018,0.0,0.0,0.0,0.0,0.0,0.0,0.0
graph_idf,260,EX-120,0.0,0.0,0.0,0.0,0.0,0.0,0.0
graph_idf,282,GS-059,0.0,0.0,0.0,0.0,0.0,0.0,0.0
graph_idf,322,TK-183,0.0,0.0,0.0,0.0,0.0,0.0,0.0
graph_idf,332,P-229,0.0,0.0,0.0,0.0,0.0,0.0,0.0
graph_idf,333,K-099,0.0,0.0,0.0,0.0,1.0,0.0,0.024390243902439025
graph_idf,334,TK-082,0.0,0.0,0.0,0.0,0.0,0.0,0.0
graph_idf,342,HP-097,0.0,0.0,0.0,0.0,1.0,0.0,0.034482758620689655
graph_idf,347,CV-009,0.0,0.0,0.0,0.0,1.0,0.0,0.02702702702702703
graph_idf,351,DRY-076,0.0,0.0,0.0,0.0,0.0,0.0,0.0
graph_idf,353,P-161,0.0,0.0,0.0,0.0,0.0,0.0,0.0
graph_idf,408,TK-306,0.0,0.0,0.0,0.0,0.0,0.0,0.0
graph_idf,409,BLR-076,0.0,0.0,0.0,0.0,0.0,0.0,0.0
graph_idf,436,CV-050,0.0,0.0,0.0,0.0,0.0,0.0,0.0
graph_idf,475,F-123,0.0,0.0,0.0,0.0,0.0,0.0,0.0
graph_idf,561,P-262,0.0,0.0,0.0,0.0,0.0,0.0,0.0
graph_idf,570,SC-215,0.0,0.0,0.0,0.0,1.0,0.0,0.041666666666666664
graph_idf,594,HX-071,0.0,0.0,0.0,0.0,0.0,0.0,0.0
graph_idf,600,P-238,0.0,0.0,0.0,0.0,0.0,0.0,0.0
graph_idf,601,AG-101,0.0,1.0,1.0,1.0,1.0,0.2,0.2
graph_idf,622,HX-337,0.0,0.0,0.0,0.0,0.0,0.0,0.0
graph_idf,636,P-313,0.0,0.0,0.0,0.0,0.0,0.0,0.0
graph_idf,640,AG-107,0.0,0.0,0.0,0.0,0.0,0.0,0.0
graph_idf,645,SEP-079,0.0,0.0,0.0,0.0,0.0,0.0,0.0
graph_idf,673,DC-116,0.0,1.0,1.0,1.0,1.0,0.3333333333333333,0.3333333333333333
graph_idf,697,P-248,0.0,0.0,0.0,0.0,0.0,0.0,0.0
graph_idf,725,P-234,0.0,0.0,0.0,0.0,0.0,0.0,0.0
graph_idf,738,HX-133,0.0,0.0,0.0,0.0,0.0,0.0,0.0
graph_idf,739,UF-065,0.0,0.0,0.0,0.0,0.0,0.0,0.0
graph_idf,767,DP-074,0.0,0.0,0.0,0.0,0.0,0.0,0.0
graph_idf,786,DOS-122,0.0,0.0,0.0,0.0,0.0,0.0,0.0
graph_idf,831,TK-386,0.0,0.0,0.0,0.0,0.0,0.0,0.0
graph_idf,877,R-117,0.0,0.0,0.0,0.0,0.0,0.0,0.0
graph_idf,939,P-207,0.0,0.0,0.0,0.0,0.0,0.0,0.0
graph_idf,1077,K-023,0.0,0.0,0.0,0.0,0.0,0.0,0.0
graph_idf,1094,EX-077,0.0,0.0,0.0,0.0,0.0,0.0,0.0
graph_idf,1105,RLP-027,0.0,0.0,0.0,0.0,0.0,0.0,0.0
graph_idf,1129,K-179,0.0,0.0,0.0,0.0,0.0,0.0,0.0
graph_idf,1134,BLR-220,0.0,0.0,0.0,0.0,0.0,0.0,0.0
graph_idf,1187,CR-043,0.0,0.0,0.0,0.0,0.0,0.0,0.0
graph_idf,1189,HX-028,0.0,0.0,0.0,0.0,0.0,0.0,0.0
graph_idf,1210,HV-030,0.0,0.0,0.0,0.0,0.0,0.0,0.0
graph_idf,1221,HV-144,0.0,0.0,0.0,1.0,1.0,0.0,0.0625
graph_idf,1232,CF-141,0.0,0.0,0.0,0.0,0.0,0.0,0.0
graph_idf,1237,P-330,0.0,0.0,0.0,0.0,0.0,0.0,0.0
graph_idf,1316,EV-059,0.0,0.0,0.0,0.0,0.0,0.0,0.0
graph_idf,1327,F-137,0.0,0.0,0.0,0.0,0.0,0.0,0.0
graph_idf,1329,SC-121,0.0,0.0,0.0,0.0,0.0,0.0,0.0
graph_idf,1343,HP-120,0.0,0.0,0.0,0.0,0.0,0.0,0.0
graph_idf,1353,K-111,0.0,0.0,1.0,1.0,1.0,0.125,0.125
graph_idf,1396,DC-145,0.0,0.0,0.0,0.0,0.0,0.0,0.0
graph_idf,1416,SC-143,0.0,0.0,0.0,0.0,0.0,0.0,0.0
graph_idf,1418,P-207,0.0,0.0,0.0,0.0,0.0,0.0,0.0
graph_idf,1451,BM-138,0.0,0.0,0.0,0.0,0.0,0.0,0.0
graph_idf,1480,P-235,0.0,0.0,0.0,0.0,0.0,0.0,0.0
graph_idf,1488,M-135,0.0,0.0,0.0,0.0,0.0,0.0,0.0
graph_idf,1499,DC-140,0.0,0.0,0.0,0.0,0.0,0.0,0.0
graph_idf,1504,FM-061,0.0,0.0,0.0,0.0,0.0,0.0,0.0
graph_idf,1551,DOS-096,0.0,0.0,0.0,0.0,0.0,0.0,0.0
graph_idf,1577,K-268,0.0,0.0,0.0,0.0,0.0,0.0,0.0
graph_idf,1585,EV-115,0.0,0.0,0.0,0.0,0.0,0.0,0.0
graph_idf,1630,R-039,0.0,0.0,0.0,0.0,0.0,0.0,0.0
graph_idf,1639,TK-134,0.0,0.0,0.0,0.0,0.0,0.0,0.0
graph_idf,1647,P-628,0.0,0.0,0.0,0.0,0.0,0.0,0.0
graph_idf,1661,DC-093,0.0,0.0,0.0,0.0,0.0,0.0,0.0
graph_idf,1700,TK-171,0.0,0.0,0.0,0.0,0.0,0.0,0.0
graph_idf,1710,CV-086,0.0,0.0,0.0,0.0,0.0,0.0,0.0
graph_idf,1719,FCC-071,0.0,0.0,0.0,0.0,0.0,0.0,0.0
graph_idf,1788,P-368,0.0,0.0,0.0,0.0,0.0,0.0,0.0
graph_idf,1789,M-105,0.0,0.0,0.0,0.0,0.0,0.0,0.0
graph_idf,1814,K-021,0.0,0.0,0.0,0.0,0.0,0.0,0.0
graph_idf,1821,AG-119,0.0,0.0,0.0,0.0,0.0,0.0,0.0
graph_idf,1861,AG-110,0.0,0.0,0.0,0.0,0.0,0.0,0.0
graph_idf,1865,GB-122,0.0,0.0,0.0,0.0,0.0,0.0,0.0
graph_idf,1873,P-173,0.0,0.0,0.0,0.0,0.0,0.0,0.0
graph_idf,1898,SC-026,0.0,0.0,0.0,0.0,0.0,0.0,0.0
graph_idf,1901,TK-013,0.0,0.0,0.0,0.0,0.0,0.0,0.0
graph_idf,1983,TK-144,0.0,0.0,0.0,0.0,0.0,0.0,0.0
graph_idf,2010,VP-131,0.0,0.0,0.0,0.0,0.0,0.0,0.0
graph_idf,2029,CT-050,0.0,0.0,0.0,0.0,0.0,0.0,0.0
graph_idf,2043,SEP-057,0.0,0.0,0.0,0.0,1.0,0.0,0.02
graph_idf,2058,SEP-113,0.0,0.0,0.0,0.0,0.0,0.0,0.0
graph_idf,2090,P-170,0.0,0.0,0.0,0.0,0.0,0.0,0.0
graph_idf,2128,P-228,0.0,0.0,0.0,0.0,1.0,0.0,0.025
graph_idf,2130,M-075,0.0,0.0,0.0,0.0,0.0,0.0,0.0
graph_idf,2133,GB-043,0.0,0.0,0.0,0.0,0.0,0.0,0.0
graph_idf,2146,P-622,0.0,0.0,0.0,0.0,0.0,0.0,0.0
graph_idf,2152,M-012,0.0,0.0,0.0,0.0,1.0,0.0,0.020833333333333332
graph_idf,2165,DC-141,0.0,0.0,0.0,0.0,0.0,0.0,0.0
graph_idf,2288,HX-023,0.0,0.0,0.0,0.0,0.0,0.0,0.0
graph_idf,2293,P-247,0.0,0.0,0.0,0.0,0.0,0.0,0.0
graph_idf,2307,P-315,0.0,0.0,0.0,0.0,0.0,0.0,0.0
graph_idf,2356,P-321,0.0,0.0,0.0,0.0,0.0,0.0,0.0
graph_idf,2392,K-121,0.0,0.0,0.0,0.0,1.0,0.0,0.022727272727272728
graph_idf,2422,K-286,0.0,0.0,0.0,0.0,0.0,0.0,0.0
graph_idf,2433,CR-121,0.0,0.0,0.0,0.0,0.0,0.0,0.0
graph_idf,2458,P-309,0.0,0.0,0.0,0.0,0.0,0.0,0.0
graph_idf,2530,K-244,0.0,0.0,0.0,0.0,0.0,0.0,0.0
graph_idf,2575,CV-244,0.0,0.0,0.0,1.0,1.0,0.0,0.08333333333333333
graph_idf,2611,CT-016,0.0,0.0,0.0,0.0,0.0,0.0,0.0
graph_idf,2676,P-299,0.0,0.0,0.0,0.0,0.0,0.0,0.0
graph_idf,2684,UF-070,0.0,0.0,0.0,0.0,0.0,0.0,0.0
graph_idf,2685,SC-109,0.0,0.0,0.0,0.0,0.0,0.0,0.0
graph_idf,2706,CV-081,0.0,0.0,0.0,0.0,0.0,0.0,0.0
graph_idf,2716,HV-011,0.0,0.0,0.0,0.0,0.0,0.0,0.0
graph_idf,2783,DOS-094,0.0,0.0,0.0,0.0,0.0,0.0,0.0
graph_idf,2810,GB-133,0.0,0.0,1.0,1.0,1.0,0.125,0.125
graph_idf,2847,BLR-101,0.0,0.0,0.0,0.0,0.0,0.0,0.0
graph_idf,2855,CV-032,0.0,0.0,0.0,1.0,1.0,0.0,0.05
graph_idf,2858,TK-007,0.0,0.0,0.0,0.0,0.0,0.0,0.0
graph_idf,2890,DOS-093,0.0,0.0,0.0,0.0,0.0,0.0,0.0
graph_idf,2908,P-102,0.0,0.0,0.0,0.0,0.0,0.0,0.0
graph_idf,2922,TK-015,0.0,0.0,0.0,0.0,0.0,0.0,0.0
graph_idf,2932,P-289,0.0,0.0,0.0,0.0,0.0,0.0,0.0
graph_idf,2936,DP-091,0.0,0.0,1.0,1.0,1.0,0.1111111111111111,0.1111111111111111
graph_idf,2989,P-312,0.0,0.0,0.0,0.0,0.0,0.0,0.0
graph_idf,3121,TK-066,0.0,0.0,0.0,0.0,0.0,0.0,0.0
graph_idf,3147,P-143,0.0,0.0,0.0,0.0,0.0,0.0,0.0
graph_idf,3183,R-089,0.0,0.0,0.0,0.0,0.0,0.0,0.0
graph_idf,3218,UF-224,0.0,0.0,0.0,0.0,0.0,0.0,0.0
graph_idf,3224,K-068,0.0,0.0,0.0,0.0,0.0,0.0,0.0
graph_idf,3226,CR-121,0.0,0.0,0.0,0.0,0.0,0.0,0.0
graph_idf,3240,EX-031,0.0,0.0,0.0,0.0,0.0,0.0,0.0
graph_idf,3320,CV-184,0.0,0.0,0.0,0.0,0.0,0.0,0.0
graph_idf,3380,DC-139,0.0,0.0,0.0,0.0,0.0,0.0,0.0
graph_idf,3505,P-217,0.0,0.0,0.0,1.0,1.0,0.0,0.05
graph_idf,3525,P-364,0.0,0.0,0.0,0.0,0.0,0.0,0.0
graph_idf,3541,HV-040,0.0,0.0,0.0,0.0,0.0,0.0,0.0
graph_idf,3595,TK-114,0.0,0.0,0.0,0.0,0.0,0.0,0.0
graph_idf,3608,DOS-032,0.0,0.0,0.0,0.0,0.0,0.0,0.0
graph_idf,3611,VP-076,0.0,0.0,0.0,0.0,0.0,0.0,0.0
graph_idf,3651,TK-187,0.0,0.0,0.0,0.0,0.0,0.0,0.0
graph_idf,3662,SC-110,0.0,0.0,0.0,0.0,0.0,0.0,0.0
graph_idf,3683,K-091,0.0,0.0,0.0,0.0,0.0,0.0,0.0
graph_idf,3709,P-228,0.0,0.0,0.0,0.0,0.0,0.0,0.0
graph_idf,3737,EV-015,0.0,0.0,0.0,0.0,1.0,0.0,0.029411764705882353
graph_idf,3818,SD-102,0.0,0.0,0.0,0.0,0.0,0.0,0.0
graph_idf,3855,M-112,0.0,0.0,0.0,0.0,0.0,0.0,0.0
graph_idf,3886,P-629,0.0,0.0,0.0,0.0,0.0,0.0,0.0
graph_idf,3903,F-023,0.0,0.0,0.0,0.0,0.0,0.0,0.0
graph_idf,3918,TK-143,0.0,0.0,0.0,0.0,0.0,0.0,0.0
graph_idf,3956,P-118,0.0,0.0,0.0,0.0,0.0,0.0,0.0
graph_idf,3958,TK-109,0.0,0.0,0.0,0.0,0.0,0.0,0.0
graph_idf,4316,CR-130,0.0,0.0,0.0,0.0,0.0,0.0,0.0
graph_idf,4326,P-337,0.0,0.0,0.0,0.0,0.0,0.0,0.0
graph_idf,4351,P-159,0.0,0.0,0.0,0.0,0.0,0.0,0.0
graph_idf,4353,EX-067,0.0,0.0,0.0,0.0,0.0,0.0,0.0
graph_idf,4461,EV-105,0.0,0.0,0.0,0.0,0.0,0.0,0.0
graph_idf,4476,GT-021,0.0,0.0,0.0,0.0,0.0,0.0,0.0
graph_idf,4485,GS-054,0.0,0.0,0.0,0.0,0.0,0.0,0.0
graph_idf,4494,DC-122,0.0,0.0,0.0,0.0,0.0,0.0,0.0
graph_idf,4500,AG-027,0.0,0.0,0.0,0.0,0.0,0.0,0.0
graph_idf,4531,P-321,0.0,0.0,0.0,0.0,0.0,0.0,0.0
graph_idf,4551,RLP-007,0.0,0.0,0.0,0.0,0.0,0.0,0.0
graph_idf,4591,R-121,0.0,0.0,0.0,0.0,0.0,0.0,0.0
graph_idf,4628,VP-118,0.0,0.0,0.0,0.0,0.0,0.0,0.0
graph_idf,4737,P-312,0.0,0.0,0.0,0.0,0.0,0.0,0.0
graph_idf,4777,EX-070,0.0,0.0,0.0,0.0,0.0,0.0,0.0
graph_idf,4857,P-302,0.0,0.0,0.0,0.0,0.0,0.0,0.0
graph_idf,4883,CT-055,0.0,0.0,0.0,0.0,0.0,0.0,0.0
graph_idf,4902,K-033,0.0,0.0,0.0,0.0,0.0,0.0,0.0
graph_idf,4985,GT-136,0.0,0.0,0.0,0.0,0.0,0.0,0.0
graph_idf,5026,M-044,0.0,0.0,0.0,0.0,0.0,0.0,0.0
graph_idf,5040,R-127,0.0,0.0,0.0,0.0,0.0,0.0,0.0
graph_idf,5143,P-216,0.0,0.0,0.0,0.0,0.0,0.0,0.0
graph_idf,5151,BM-124,0.0,0.0,0.0,0.0,0.0,0.0,0.0
graph_idf,5159,P-517,0.0,0.0,0.0,0.0,0.0,0.0,0.0
graph_idf,5209,P-439,0.0,0.0,0.0,0.0,0.0,0.0,0.0
graph_idf,5223,CT-142,0.0,0.0,0.0,0.0,0.0,0.0,0.0
graph_idf,5298,HX-030,0.0,0.0,0.0,0.0,1.0,0.0,0.043478260869565216
graph_idf,5305,TK-075,0.0,0.0,0.0,0.0,0.0,0.0,0.0
graph_idf,5322,P-443,0.0,0.0,0.0,0.0,0.0,0.0,0.0
graph_idf,5401,SC-034,0.0,0.0,0.0,0.0,0.0,0.0,0.0
graph_idf,5407,HV-172,0.0,0.0,0.0,0.0,0.0,0.0,0.0
graph_idf,5451,F-107,0.0,0.0,0.0,0.0,0.0,0.0,0.0
graph_idf,5468,P-104,0.0,0.0,0.0,0.0,0.0,0.0,0.0
graph_idf,5549,CV-039,0.0,0.0,0.0,0.0,0.0,0.0,0.0
graph_idf,5604,CT-145,0.0,0.0,0.0,0.0,0.0,0.0,0.0
graph_idf,5616,HP-109,0.0,0.0,0.0,0.0,0.0,0.0,0.0
graph_idf,5683,TK-054,0.0,0.0,0.0,0.0,0.0,0.0,0.0
graph_idf,5692,R-205,0.0,0.0,0.0,0.0,0.0,0.0,0.0
graph_idf,5765,GT-144,0.0,0.0,0.0,0.0,0.0,0.0,0.0
graph_idf,5786,BLR-038,0.0,0.0,0.0,0.0,0.0,0.0,0.0
graph_idf,5846,FM-019,0.0,0.0,0.0,0.0,0.0,0.0,0.0
graph_idf,5859,M-058,0.0,0.0,0.0,0.0,0.0,0.0,0.0
graph_idf,5886,GS-013,0.0,0.0,0.0,0.0,0.0,0.0,0.0
graph_idf,5934,CR-016,0.0,0.0,0.0,0.0,0.0,0.0,0.0
graph_idf,5947,P-324,0.0,0.0,0.0,0.0,0.0,0.0,0.0
graph_idf,5983,R-038,0.0,0.0,0.0,0.0,0.0,0.0,0.0
graph_idf,6007,K-089,0.0,0.0,0.0,0.0,0.0,0.0,0.0
graph_idf,6019,DP-097,0.0,0.0,0.0,0.0,0.0,0.0,0.0
graph_idf,6028,DC-049,0.0,0.0,0.0,0.0,1.0,0.0,0.025
graph_idf,6072,EX-138,0.0,0.0,0.0,0.0,0.0,0.0,0.0
graph_idf,6152,GS-126,0.0,0.0,0.0,0.0,0.0,0.0,0.0
graph_idf,6162,K-272,0.0,0.0,0.0,0.0,0.0,0.0,0.0
graph_idf,6210,FCC-039,0.0,0.0,0.0,0.0,0.0,0.0,0.0
graph_idf,6215,SEP-116,0.0,0.0,0.0,0.0,0.0,0.0,0.0
graph_idf,6265,HV-031,0.0,0.0,0.0,0.0,0.0,0.0,0.0
graph_idf,6283,M-044,0.0,0.0,0.0,0.0,0.0,0.0,0.0
graph_idf,6304,EX-129,0.0,0.0,0.0,0.0,0.0,0.0,0.0
graph_idf,6309,GB-007,0.0,0.0,0.0,0.0,0.0,0.0,0.0
graph_idf,6343,SC-104,0.0,0.0,0.0,0.0,0.0,0.0,0.0
graph_idf,6363,HV-107,0.0,1.0,1.0,1.0,1.0,0.5,0.5
graph_idf,6431,SD-139,0.0,0.0,0.0,0.0,0.0,0.0,0.0
graph_idf,6450,GB-107,0.0,0.0,0.0,0.0,0.0,0.0,0.0
graph_idf,6544,F-080,0.0,0.0,0.0,0.0,0.0,0.0,0.0
graph_idf,6573,TK-103,0.0,0.0,0.0,1.0,1.0,0.0,0.06666666666666667
graph_idf,6626,GB-033,0.0,0.0,0.0,0.0,0.0,0.0,0.0
graph_idf,6649,P-705,0.0,0.0,0.0,0.0,0.0,0.0,0.0
graph_idf,6663,R-046,0.0,0.0,0.0,0.0,0.0,0.0,0.0
graph_idf,6760,P-378,0.0,0.0,0.0,0.0,0.0,0.0,0.0
graph_idf,6765,EX-031,0.0,0.0,0.0,0.0,0.0,0.0,0.0
graph_idf,6803,K-226,0.0,0.0,0.0,0.0,0.0,0.0,0.0
graph_idf,6807,F-055,0.0,0.0,0.0,0.0,0.0,0.0,0.0
graph_idf,6832,P-184,0.0,0.0,0.0,0.0,0.0,0.0,0.0
graph_idf,6835,CR-120,0.0,0.0,0.0,0.0,0.0,0.0,0.0
graph_idf,6867,HP-084,0.0,0.0,0.0,0.0,0.0,0.0,0.0
graph_idf,6883,UF-015,0.0,0.0,0.0,0.0,0.0,0.0,0.0
graph_idf,6978,HX-125,0.0,0.0,0.0,0.0,0.0,0.0,0.0
graph_idf,7064,P-568,0.0,0.0,0.0,0.0,0.0,0.0,0.0
graph_idf,7091,SEP-210,0.0,0.0,0.0,0.0,0.0,0.0,0.0
graph_idf,7093,R-110,1.0,1.0,1.0,1.0,1.0,1.0,1.0
graph_idf,7124,P-524,0.0,0.0,0.0,0.0,0.0,0.0,0.0
graph_idf,7202,R-133,0.0,0.0,0.0,0.0,0.0,0.0,0.0
graph_idf,7224,AG-040,0.0,0.0,0.0,0.0,0.0,0.0,0.0
graph_idf,7232,HX-124,0.0,0.0,0.0,0.0,0.0,0.0,0.0
graph_idf,7257,HP-138,0.0,0.0,0.0,0.0,0.0,0.0,0.0
graph_idf,7271,DC-115,0.0,0.0,0.0,0.0,0.0,0.0,0.0
graph_idf,7299,GB-017,0.0,0.0,0.0,0.0,0.0,0.0,0.0
graph_idf,7353,P-198,0.0,0.0,0.0,0.0,1.0,0.0,0.02631578947368421
graph_idf,7359,P-613,0.0,0.0,0.0,0.0,1.0,0.0,0.037037037037037035
graph_idf,7362,TK-179,0.0,1.0,1.0,1.0,1.0,0.2,0.2
graph_idf,7422,R-243,0.0,0.0,0.0,0.0,0.0,0.0,0.0
graph_idf,7432,P-275,0.0,0.0,0.0,0.0,0.0,0.0,0.0
graph_idf,7457,P-296,0.0,0.0,0.0,0.0,0.0,0.0,0.0
graph_idf,7480,HP-112,0.0,0.0,0.0,0.0,0.0,0.0,0.0
graph_idf,7520,K-075,0.0,0.0,0.0,0.0,0.0,0.0,0.0
graph_idf,7546,F-106,0.0,0.0,0.0,0.0,0.0,0.0,0.0
graph_idf,7553,FCC-083,0.0,0.0,0.0,0.0,0.0,0.0,0.0
graph_idf,7573,GB-142,0.0,0.0,0.0,0.0,0.0,0.0,0.0
graph_idf,7590,R-064,0.0,0.0,0.0,1.0,1.0,0.0,0.09090909090909091
graph_idf,7639,GS-110,0.0,0.0,0.0,0.0,0.0,0.0,0.0
graph_idf,7686,SC-049,0.0,0.0,0.0,0.0,0.0,0.0,0.0
graph_idf,7709,P-211,0.0,0.0,0.0,0.0,1.0,0.0,0.043478260869565216
graph_idf,7721,M-135,0.0,0.0,0.0,0.0,0.0,0.0,0.0
graph_idf,7726,EV-131,0.0,0.0,0.0,0.0,1.0,0.0,0.021739130434782608
graph_idf,7753,GT-081,0.0,0.0,0.0,0.0,0.0,0.0,0.0
graph_idf,7798,M-117,0.0,0.0,0.0,0.0,0.0,0.0,0.0
graph_idf,7812,M-033,0.0,0.0,0.0,0.0,0.0,0.0,0.0
graph_idf,7862,HX-092,0.0,0.0,0.0,0.0,0.0,0.0,0.0
graph_idf,7885,CV-123,0.0,0.0,0.0,0.0,1.0,0.0,0.02857142857142857
graph_idf,7930,HP-108,0.0,0.0,0.0,0.0,0.0,0.0,0.0
graph_idf,7942,P-695,0.0,0.0,0.0,0.0,0.0,0.0,0.0
graph_idf,7952,HX-059,0.0,0.0,0.0,0.0,0.0,0.0,0.0
graph_idf,7981,M-047,0.0,0.0,0.0,0.0,0.0,0.0,0.0
graph_idf,8038,TRB-140,0.0,0.0,0.0,0.0,0.0,0.0,0.0
graph_idf,8057,CT-115,0.0,0.0,0.0,0.0,0.0,0.0,0.0
graph_idf,8098,TK-111,0.0,0.0,0.0,0.0,0.0,0.0,0.0
graph_idf,8107,K-146,0.0,0.0,0.0,0.0,0.0,0.0,0.0
graph_idf,8226,GB-104,0.0,0.0,0.0,0.0,0.0,0.0,0.0
graph_idf,8303,GB-139,0.0,0.0,0.0,0.0,0.0,0.0,0.0
graph_idf,8310,M-110,0.0,0.0,0.0,0.0,0.0,0.0,0.0
graph_idf,8360,DOS-140,0.0,0.0,0.0,0.0,0.0,0.0,0.0
graph_idf,8423,AG-013,0.0,0.0,0.0,0.0,0.0,0.0,0.0
graph_idf,8455,P-591,0.0,0.0,0.0,0.0,0.0,0.0,0.0
graph_idf,8612,UF-084,0.0,0.0,0.0,0.0,0.0,0.0,0.0
graph_idf,8621,P-217,0.0,0.0,0.0,0.0,0.0,0.0,0.0
graph_idf,8643,VP-031,0.0,0.0,0.0,0.0,0.0,0.0,0.0
graph_idf,8709,DC-085,0.0,0.0,0.0,0.0,0.0,0.0,0.0
graph_idf,8748,DOS-103,0.0,0.0,0.0,0.0,0.0,0.0,0.0
graph_idf,8796,TK-158,0.0,0.0,0.0,0.0,0.0,0.0,0.0
graph_idf,8811,P-199,0.0,0.0,0.0,0.0,0.0,0.0,0.0
graph_idf,8817,P-326,0.0,0.0,0.0,0.0,0.0,0.0,0.0
graph_idf,8863,P-730,0.0,0.0,0.0,0.0,0.0,0.0,0.0
graph_idf,8908,P-729,0.0,0.0,0.0,0.0,0.0,0.0,0.0
graph_idf,8932,GB-091,0.0,0.0,0.0,0.0,0.0,0.0,0.0
graph_idf,8979,AG-137,0.0,0.0,0.0,0.0,0.0,0.0,0.0
graph_idf,9144,BM-124,0.0,0.0,0.0,0.0,0.0,0.0,0.0
graph_idf,9154,P-436,0.0,0.0,0.0,0.0,0.0,0.0,0.0
graph_idf,9244,TK-039,0.0,0.0,0.0,0.0,0.0,0.0,0.0
graph_idf,9288,K-139,0.0,0.0,0.0,0.0,0.0,0.0,0.0
graph_idf,9355,SD-144,0.0,1.0,1.0,1.0,1.0,0.2,0.2
graph_idf,9384,BM-041,0.0,0.0,0.0,0.0,0.0,0.0,0.0
graph_idf,9389,M-003,0.0,0.0,0.0,0.0,0.0,0.0,0.0
graph_idf,9398,TK-034,0.0,0.0,0.0,0.0,0.0,0.0,0.0
graph_idf,9448,SC-007,0.0,0.0,0.0,0.0,0.0,0.0,0.0
graph_idf,9572,DOS-118,0.0,0.0,0.0,0.0,0.0,0.0,0.0
graph_idf,9615,R-245,0.0,0.0,0.0,0.0,0.0,0.0,0.0
graph_idf,9682,M-054,0.0,0.0,0.0,0.0,1.0,0.0,0.045454545454545456
graph_idf,9696,SC-227,0.0,0.0,0.0,0.0,0.0,0.0,0.0
graph_idf,9700,FCC-047,0.0,0.0,0.0,0.0,0.0,0.0,0.0
graph_idf,9702,HX-107,0.0,0.0,0.0,0.0,0.0,0.0,0.0
graph_idf,9711,VP-115,0.0,0.0,0.0,0.0,0.0,0.0,0.0
graph_idf,9714,HX-083,0.0,0.0,0.0,0.0,0.0,0.0,0.0
graph_idf,9762,SC-143,0.0,0.0,0.0,0.0,0.0,0.0,0.0
graph_idf,9768,GS-074,0.0,0.0,0.0,0.0,0.0,0.0,0.0
graph_idf,9806,FM-006,0.0,0.0,0.0,0.0,0.0,0.0,0.0
graph_idf,9892,P-436,0.0,0.0,0.0,0.0,0.0,0.0,0.0
graph_idf,9896,UF-029,0.0,0.0,0.0,0.0,0.0,0.0,0.0
graph_idf,9909,P-301,0.0,0.0,0.0,0.0,0.0,0.0,0.0
graph_idf,9920,P-243,0.0,0.0,0.0,0.0,0.0,0.0,0.0
graph_idf,9921,P-313,0.0,0.0,0.0,0.0,0.0,0.0,0.0
graph_idf,9928,GB-141,0.0,0.0,0.0,0.0,0.0,0.0,0.0
graph_idf,9947,P-481,0.0,0.0,0.0,0.0,0.0,0.0,0.0
graph_idf,10079,P-569,0.0,0.0,0.0,0.0,0.0,0.0,0.0
graph_idf,10118,HV-108,0.0,0.0,0.0,0.0,0.0,0.0,0.0
graph_idf,10130,K-178,0.0,0.0,0.0,0.0,0.0,0.0,0.0
graph_idf,10191,F-014,0.0,0.0,0.0,0.0,0.0,0.0,0.0
graph_idf,10199,K-203,0.0,0.0,0.0,0.0,0.0,0.0,0.0
graph_idf,10204,HV-034,0.0,0.0,0.0,0.0,0.0,0.0,0.0
graph_idf,10213,CV-128,0.0,0.0,0.0,0.0,0.0,0.0,0.0
graph_idf,10223,VP-039,0.0,0.0,0.0,0.0,0.0,0.0,0.0
graph_idf,10252,P-408,0.0,0.0,0.0,0.0,0.0,0.0,0.0
graph_idf,10263,DRY-030,0.0,0.0,0.0,0.0,0.0,0.0,0.0
graph_idf,10269,SC-014,0.0,0.0,0.0,0.0,0.0,0.0,0.0
graph_idf,10344,M-073,0.0,0.0,0.0,0.0,0.0,0.0,0.0
graph_idf,10380,TK-108,0.0,0.0,0.0,0.0,0.0,0.0,0.0
graph_idf,10421,CF-023,0.0,0.0,0.0,0.0,0.0,0.0,0.0
graph_idf,10444,K-288,0.0,0.0,0.0,0.0,0.0,0.0,0.0
graph_idf,10454,EX-065,0.0,0.0,0.0,0.0,0.0,0.0,0.0
graph_idf,10473,P-328,0.0,0.0,0.0,0.0,0.0,0.0,0.0
graph_idf,10493,HX-208,0.0,0.0,0.0,0.0,0.0,0.0,0.0
graph_idf,10526,P-169,0.0,0.0,0.0,0.0,0.0,0.0,0.0
graph_idf,10575,P-370,0.0,0.0,0.0,0.0,0.0,0.0,0.0
graph_idf,10590,HX-107,0.0,0.0,0.0,1.0,1.0,0.0,0.08333333333333333
graph_idf,10608,TK-106,0.0,0.0,0.0,0.0,1.0,0.0,0.024390243902439025
graph_idf,10627,P-365,0.0,0.0,0.0,0.0,0.0,0.0,0.0
graph_idf,10630,HV-049,0.0,0.0,0.0,0.0,0.0,0.0,0.0
graph_idf,10632,P-262,0.0,0.0,0.0,0.0,0.0,0.0,0.0
graph_idf,10647,R-069,0.0,0.0,0.0,0.0,0.0,0.0,0.0
graph_idf,10704,CR-123,0.0,0.0,0.0,0.0,0.0,0.0,0.0
graph_idf,10755,BM-143,0.0,0.0,0.0,0.0,0.0,0.0,0.0
graph_idf,10780,P-234,0.0,0.0,0.0,0.0,0.0,0.0,0.0
graph_idf,10789,P-204,0.0,0.0,0.0,0.0,0.0,0.0,0.0
graph_idf,10825,HV-102,0.0,0.0,0.0,0.0,0.0,0.0,0.0
graph_idf,10828,M-014,0.0,0.0,0.0,0.0,0.0,0.0,0.0
graph_idf,10932,SC-014,0.0,0.0,0.0,0.0,0.0,0.0,0.0
graph_idf,10939,GT-104,0.0,0.0,0.0,0.0,0.0,0.0,0.0
graph_idf,10966,P-362,0.0,0.0,0.0,0.0,0.0,0.0,0.0
graph_idf,10970,CF-100,0.0,0.0,0.0,0.0,0.0,0.0,0.0
graph_idf,10981,GB-068,0.0,0.0,0.0,0.0,0.0,0.0,0.0
graph_idf,11002,VP-054,0.0,0.0,0.0,0.0,0.0,0.0,0.0
graph_idf,11009,TK-204,0.0,0.0,0.0,0.0,0.0,0.0,0.0
graph_idf,11068,SC-103,0.0,0.0,0.0,0.0,0.0,0.0,0.0
graph_idf,11101,CV-272,0.0,0.0,0.0,0.0,0.0,0.0,0.0
graph_idf,11149,P-602,0.0,0.0,0.0,0.0,0.0,0.0,0.0
graph_idf,11165,RLP-059,0.0,0.0,0.0,0.0,0.0,0.0,0.0
graph_idf,11173,K-016,0.0,0.0,0.0,0.0,0.0,0.0,0.0
graph_idf,11200,AG-090,0.0,0.0,0.0,0.0,0.0,0.0,0.0
graph_idf,11221,TK-113,0.0,0.0,0.0,0.0,0.0,0.0,0.0
graph_idf,11278,P-682,0.0,0.0,0.0,0.0,0.0,0.0,0.0
graph_idf,11282,M-039,0.0,0.0,0.0,0.0,0.0,0.0,0.0
graph_idf,11372,P-204,0.0,0.0,0.0,0.0,0.0,0.0,0.0
graph_idf,11373,UF-092,0.0,0.0,0.0,0.0,0.0,0.0,0.0
graph_idf,11385,CF-013,0.0,0.0,0.0,0.0,0.0,0.0,0.0
graph_idf,11400,P-228,0.0,0.0,0.0,0.0,0.0,0.0,0.0
graph_idf,11403,CV-050,0.0,0.0,0.0,0.0,0.0,0.0,0.0
graph_idf,11458,CV-241,0.0,0.0,0.0,0.0,0.0,0.0,0.0
graph_idf,11467,CF-102,0.0,0.0,0.0,0.0,0.0,0.0,0.0
graph_idf,11474,GB-112,0.0,0.0,0.0,0.0,0.0,0.0,0.0
graph_idf,11580,K-132,0.0,0.0,0.0,0.0,1.0,0.0,0.02
graph_idf,11584,BM-115,0.0,0.0,0.0,0.0,0.0,0.0,0.0
graph_idf,11622,M-146,0.0,0.0,0.0,0.0,0.0,0.0,0.0
graph_idf,11673,SC-006,0.0,0.0,0.0,0.0,0.0,0.0,0.0
graph_idf,11701,HX-127,0.0,0.0,0.0,0.0,0.0,0.0,0.0
graph_idf,11713,BM-063,0.0,0.0,0.0,0.0,0.0,0.0,0.0
graph_idf,11820,FCC-040,0.0,0.0,0.0,0.0,0.0,0.0,0.0
graph_idf,11917,BLR-043,0.0,0.0,0.0,0.0,0.0,0.0,0.0
graph_idf,11959,P-501,0.0,0.0,0.0,0.0,0.0,0.0,0.0
graph_idf,11974,M-057,0.0,0.0,0.0,0.0,0.0,0.0,0.0
graph_idf,11997,P-224,0.0,0.0,1.0,1.0,1.0,0.1111111111111111,0.1111111111111111
graph_idf,12047,F-011,0.0,0.0,0.0,0.0,0.0,0.0,0.0
graph_idf,12076,FM-056,0.0,0.0,0.0,0.0,0.0,0.0,0.0
graph_idf,12080,HP-056,0.0,0.0,0.0,0.0,0.0,0.0,0.0
graph_idf,12214,P-271,0.0,0.0,0.0,0.0,0.0,0.0,0.0
graph_idf,12238,BLR-103,0.0,0.0,0.0,0.0,0.0,0.0,0.0
graph_idf,12262,P-287,0.0,0.0,0.0,0.0,0.0,0.0,0.0
graph_idf,12303,BLR-046,0.0,0.0,0.0,0.0,0.0,0.0,0.0
graph_idf,12316,SC-038,0.0,0.0,0.0,0.0,0.0,0.0,0.0
graph_idf,12330,P-596,0.0,0.0,0.0,0.0,0.0,0.0,0.0
graph_idf,12340,BLR-046,0.0,0.0,0.0,0.0,0.0,0.0,0.0
graph_idf,12437,K-064,0.0,0.0,0.0,0.0,0.0,0.0,0.0
graph_idf,12449,M-037,0.0,0.0,0.0,0.0,1.0,0.0,0.023809523809523808
graph_idf,12468,P-536,0.0,0.0,0.0,0.0,0.0,0.0,0.0
graph_idf,12503,EV-136,0.0,0.0,0.0,0.0,0.0,0.0,0.0
graph_idf,12519,P-351,0.0,0.0,0.0,0.0,0.0,0.0,0.0
graph_idf,12533,GT-073,0.0,0.0,0.0,0.0,0.0,0.0,0.0
graph_idf,12567,P-245,0.0,0.0,0.0,0.0,0.0,0.0,0.0
graph_idf,12738,M-074,0.0,0.0,0.0,0.0,0.0,0.0,0.0
graph_idf,12757,VP-092,0.0,0.0,0.0,0.0,0.0,0.0,0.0
graph_idf,12850,P-677,0.0,0.0,0.0,0.0,0.0,0.0,0.0
graph_idf,12890,SC-019,0.0,0.0,0.0,0.0,0.0,0.0,0.0
graph_idf,12907,P-309,0.0,0.0,0.0,0.0,0.0,0.0,0.0
graph_idf,13027,BM-004,0.0,0.0,0.0,0.0,0.0,0.0,0.0
graph_idf,13073,UF-093,0.0,0.0,0.0,0.0,0.0,0.0,0.0
graph_idf,13091,TK-038,0.0,0.0,0.0,0.0,0.0,0.0,0.0
graph_idf,13158,TK-225,0.0,0.0,0.0,0.0,0.0,0.0,0.0
graph_idf,13168,TK-110,0.0,0.0,0.0,0.0,0.0,0.0,0.0
graph_idf,13229,K-108,0.0,0.0,0.0,0.0,0.0,0.0,0.0
graph_idf,13233,P-206,0.0,0.0,0.0,0.0,0.0,0.0,0.0
graph_idf,13319,GT-023,0.0,0.0,0.0,0.0,0.0,0.0,0.0
graph_idf,13337,CF-057,0.0,0.0,0.0,0.0,0.0,0.0,0.0
graph_idf,13346,P-218,0.0,0.0,0.0,0.0,0.0,0.0,0.0
graph_idf,13409,P-290,0.0,0.0,0.0,0.0,0.0,0.0,0.0
graph_idf,13481,GT-064,0.0,0.0,0.0,0.0,0.0,0.0,0.0
graph_idf,13541,K-031,0.0,0.0,0.0,0.0,0.0,0.0,0.0
graph_idf,13562,K-096,0.0,0.0,0.0,0.0,1.0,0.0,0.03333333333333333
graph_idf,13581,VP-014,0.0,0.0,0.0,0.0,0.0,0.0,0.0
graph_idf,13585,P-415,0.0,0.0,0.0,0.0,0.0,0.0,0.0
graph_idf,13607,DC-022,0.0,0.0,0.0,0.0,0.0,0.0,0.0
graph_idf,13643,P-397,0.0,0.0,0.0,0.0,0.0,0.0,0.0
graph_idf,13651,P-719,0.0,0.0,0.0,0.0,0.0,0.0,0.0
graph_idf,13657,CT-022,0.0,0.0,0.0,0.0,0.0,0.0,0.0
graph_idf,13752,HX-059,0.0,0.0,0.0,0.0,0.0,0.0,0.0
graph_idf,13836,CF-145,0.0,0.0,0.0,0.0,1.0,0.0,0.02127659574468085
graph_idf,13839,CV-230,0.0,0.0,0.0,0.0,0.0,0.0,0.0
graph_idf,13880,HP-047,0.0,0.0,0.0,0.0,0.0,0.0,0.0
graph_idf,13883,TK-144,0.0,0.0,0.0,0.0,0.0,0.0,0.0
graph_idf,13906,GB-006,0.0,0.0,0.0,0.0,0.0,0.0,0.0
graph_idf,13931,HX-061,0.0,0.0,0.0,0.0,0.0,0.0,0.0
graph_idf,13941,P-223,0.0,0.0,0.0,0.0,0.0,0.0,0.0
graph_idf,13956,F-243,0.0,0.0,0.0,0.0,0.0,0.0,0.0
graph_idf,14052,FM-107,0.0,0.0,0.0,0.0,0.0,0.0,0.0
graph_idf,14122,P-366,0.0,0.0,0.0,0.0,0.0,0.0,0.0
graph_idf,14132,M-134,0.0,0.0,0.0,0.0,0.0,0.0,0.0
graph_idf,14140,DC-044,0.0,0.0,0.0,0.0,0.0,0.0,0.0
graph_idf,14188,CT-103,0.0,0.0,0.0,0.0,0.0,0.0,0.0
graph_idf,14229,R-138,0.0,0.0,0.0,0.0,0.0,0.0,0.0
graph_idf,14243,P-219,0.0,0.0,0.0,0.0,0.0,0.0,0.0
graph_idf,14298,P-313,0.0,0.0,0.0,0.0,0.0,0.0,0.0
graph_idf,14339,M-062,0.0,0.0,0.0,0.0,0.0,0.0,0.0
graph_idf,14428,VP-125,0.0,0.0,0.0,0.0,0.0,0.0,0.0
graph_idf,14483,P-476,0.0,0.0,0.0,0.0,0.0,0.0,0.0
graph_idf,14520,HX-050,0.0,0.0,0.0,0.0,0.0,0.0,0.0
graph_idf,14639,TRB-097,0.0,0.0,0.0,0.0,0.0,0.0,0.0
graph_idf,14660,SC-139,0.0,0.0,0.0,0.0,0.0,0.0,0.0
graph_idf,14683,BM-115,0.0,0.0,0.0,0.0,0.0,0.0,0.0
graph_idf,14784,M-106,0.0,0.0,0.0,0.0,0.0,0.0,0.0
graph_idf,14788,P-308,0.0,0.0,0.0,0.0,0.0,0.0,0.0
graph_idf,14805,F-087,0.0,0.0,0.0,0.0,0.0,0.0,0.0
graph_idf,14820,TRB-133,0.0,0.0,0.0,0.0,0.0,0.0,0.0
graph_idf,14870,CT-058,0.0,0.0,0.0,0.0,0.0,0.0,0.0
graph_idf,14892,P-438,0.0,0.0,0.0,0.0,0.0,0.0,0.0
graph_idf,14904,CV-056,0.0,0.0,0.0,0.0,0.0,0.0,0.0
graph_idf,14930,P-244,0.0,0.0,0.0,0.0,0.0,0.0,0.0
graph_idf,15041,GB-087,0.0,0.0,0.0,0.0,1.0,0.0,0.022727272727272728
graph_idf,15044,TRB-136,0.0,0.0,0.0,0.0,0.0,0.0,0.0
graph_idf,15050,TRB-131,0.0,0.0,0.0,0.0,0.0,0.0,0.0
graph_idf,15084,F-176,0.0,0.0,0.0,0.0,0.0,0.0,0.0
graph_idf,15103,HP-133,0.0,0.0,0.0,0.0,0.0,0.0,0.0
graph_idf,15169,P-219,0.0,0.0,0.0,0.0,0.0,0.0,0.0
graph_idf,15181,GS-124,0.0,0.0,0.0,0.0,0.0,0.0,0.0
graph_idf,15232,TK-315,0.0,0.0,0.0,0.0,0.0,0.0,0.0
graph_idf,15318,R-082,0.0,0.0,0.0,0.0,0.0,0.0,0.0
graph_idf,15368,R-070,0.0,0.0,0.0,0.0,0.0,0.0,0.0
graph_idf,15413,VP-064,0.0,0.0,0.0,0.0,0.0,0.0,0.0
graph_idf,15416,HV-213,0.0,0.0,0.0,0.0,0.0,0.0,0.0
graph_idf,15453,DP-123,0.0,0.0,0.0,0.0,0.0,0.0,0.0
graph_idf,15472,TK-243,0.0,0.0,0.0,0.0,0.0,0.0,0.0
graph_idf,15481,P-159,0.0,0.0,0.0,0.0,0.0,0.0,0.0
graph_idf,15524,HX-125,0.0,0.0,0.0,0.0,0.0,0.0,0.0
graph_idf,15539,P-419,0.0,0.0,0.0,0.0,1.0,0.0,0.030303030303030304
graph_idf,15619,CT-107,0.0,0.0,0.0,0.0,0.0,0.0,0.0
graph_idf,15677,TK-194,0.0,0.0,0.0,0.0,0.0,0.0,0.0
graph_idf,15721,CR-047,0.0,0.0,0.0,0.0,0.0,0.0,0.0
graph_idf,15723,P-592,0.0,0.0,0.0,0.0,0.0,0.0,0.0
graph_idf,15728,SD-121,0.0,0.0,0.0,0.0,0.0,0.0,0.0
graph_idf,15775,M-036,0.0,0.0,0.0,0.0,0.0,0.0,0.0
graph_idf,15786,CT-091,0.0,0.0,0.0,0.0,0.0,0.0,0.0
graph_idf,15844,GT-142,0.0,0.0,0.0,0.0,0.0,0.0,0.0
graph_idf,15915,F-122,0.0,0.0,0.0,0.0,0.0,0.0,0.0
graph_idf,15938,TK-334,0.0,0.0,0.0,0.0,0.0,0.0,0.0
graph_idf,16020,M-025,0.0,0.0,0.0,0.0,0.0,0.0,0.0
graph_idf,16042,DOS-083,0.0,0.0,0.0,0.0,0.0,0.0,0.0
graph_idf,16055,K-214,0.0,0.0,0.0,0.0,0.0,0.0,0.0
graph_idf,16059,HX-145,0.0,0.0,0.0,0.0,0.0,0.0,0.0
graph_idf,16087,P-743,0.0,0.0,0.0,0.0,0.0,0.0,0.0
graph_idf,16118,F-053,0.0,0.0,0.0,0.0,0.0,0.0,0.0
graph_idf,16133,HX-044,0.0,0.0,0.0,0.0,0.0,0.0,0.0
graph_idf,16181,K-015,0.0,0.0,0.0,0.0,0.0,0.0,0.0
graph_idf,16182,CV-079,0.0,0.0,0.0,0.0,0.0,0.0,0.0
graph_idf,16188,DRY-128,0.0,0.0,0.0,0.0,0.0,0.0,0.0
graph_idf,16193,HP-047,0.0,0.0,0.0,0.0,1.0,0.0,0.02631578947368421
graph_idf,16199,HX-068,0.0,0.0,0.0,0.0,0.0,0.0,0.0
graph_idf,16257,DC-065,0.0,0.0,0.0,0.0,0.0,0.0,0.0
graph_idf,16258,AG-049,0.0,0.0,0.0,1.0,1.0,0.0,0.0625
graph_idf,16296,BM-108,0.0,0.0,0.0,0.0,0.0,0.0,0.0
graph_idf,16316,SD-033,0.0,0.0,0.0,0.0,0.0,0.0,0.0
graph_idf,16375,BLR-111,0.0,0.0,0.0,0.0,0.0,0.0,0.0
graph_idf,16402,P-534,0.0,0.0,0.0,0.0,0.0,0.0,0.0
graph_idf,16416,HV-116,0.0,0.0,0.0,0.0,0.0,0.0,0.0
graph_idf,16474,TK-046,0.0,0.0,0.0,0.0,0.0,0.0,0.0
graph_idf,16476,DC-137,0.0,0.0,1.0,1.0,1.0,0.1,0.1
graph_idf,16485,CT-106,0.0,0.0,0.0,0.0,0.0,0.0,0.0
graph_idf,16515,K-100,0.0,0.0,0.0,0.0,0.0,0.0,0.0
graph_idf,16519,TK-068,0.0,0.0,0.0,0.0,0.0,0.0,0.0
graph_idf,16601,P-546,0.0,0.0,0.0,0.0,0.0,0.0,0.0
graph_idf,16726,HV-032,0.0,0.0,0.0,0.0,0.0,0.0,0.0
graph_idf,16768,P-142,0.0,0.0,0.0,0.0,1.0,0.0,0.024390243902439025
graph_idf,16778,DOS-078,0.0,0.0,0.0,0.0,0.0,0.0,0.0
graph_idf,16793,DP-108,0.0,0.0,0.0,0.0,0.0,0.0,0.0
graph_idf,16825,SD-105,0.0,0.0,0.0,0.0,0.0,0.0,0.0
graph_idf,16858,HV-105,0.0,1.0,1.0,1.0,1.0,0.5,0.5
graph_idf,16901,P-402,0.0,0.0,0.0,0.0,0.0,0.0,0.0
graph_idf,16961,CV-058,0.0,0.0,0.0,0.0,1.0,0.0,0.047619047619047616
graph_idf,16982,CV-046,0.0,0.0,0.0,0.0,0.0,0.0,0.0
graph_idf,16990,TK-229,0.0,0.0,0.0,0.0,0.0,0.0,0.0
graph_idf,17021,UF-110,0.0,0.0,0.0,0.0,0.0,0.0,0.0
graph_idf,17112,P-501,0.0,0.0,0.0,0.0,0.0,0.0,0.0
graph_idf,17123,P-341,0.0,0.0,0.0,0.0,0.0,0.0,0.0
graph_idf,17154,TK-049,0.0,0.0,0.0,0.0,1.0,0.0,0.030303030303030304
graph_idf,17173,HX-206,0.0,0.0,0.0,0.0,0.0,0.0,0.0
graph_idf,17180,CV-071,0.0,0.0,0.0,0.0,0.0,0.0,0.0
graph_idf,17184,HV-127,0.0,0.0,0.0,0.0,0.0,0.0,0.0
graph_idf,17203,M-089,0.0,0.0,0.0,0.0,0.0,0.0,0.0
graph_idf,17283,P-479,0.0,0.0,0.0,0.0,0.0,0.0,0.0
graph_idf,17299,M-078,0.0,0.0,0.0,0.0,0.0,0.0,0.0
graph_idf,17308,BLR-075,0.0,0.0,0.0,0.0,0.0,0.0,0.0
graph_idf,17318,GB-102,0.0,0.0,0.0,0.0,0.0,0.0,0.0
graph_idf,17326,P-209,0.0,0.0,0.0,0.0,0.0,0.0,0.0
graph_idf,17332,GB-079,0.0,0.0,0.0,0.0,0.0,0.0,0.0
graph_idf,17347,SC-052,0.0,0.0,0.0,0.0,0.0,0.0,0.0
graph_idf,17349,R-073,0.0,0.0,0.0,0.0,0.0,0.0,0.0
graph_idf,17369,M-133,0.0,0.0,0.0,0.0,0.0,0.0,0.0
graph_idf,17380,BLR-101,0.0,0.0,0.0,0.0,0.0,0.0,0.0
graph_idf,17385,CV-128,0.0,0.0,0.0,0.0,0.0,0.0,0.0
graph_idf,17394,HV-052,0.0,0.0,0.0,0.0,0.0,0.0,0.0
graph_idf,17467,P-332,0.0,0.0,0.0,0.0,0.0,0.0,0.0
graph_idf,17592,TK-290,0.0,0.0,0.0,0.0,0.0,0.0,0.0
graph_idf,17597,P-582,0.0,0.0,0.0,0.0,0.0,0.0,0.0
graph_idf,17620,HV-031,0.0,0.0,0.0,0.0,0.0,0.0,0.0
graph_idf,17653,F-233,0.0,0.0,0.0,0.0,0.0,0.0,0.0
graph_idf,17664,P-215,0.0,0.0,0.0,0.0,0.0,0.0,0.0
graph_idf,17690,P-210,0.0,0.0,0.0,0.0,0.0,0.0,0.0
graph_idf,17749,P-338,0.0,0.0,0.0,0.0,0.0,0.0,0.0
graph_idf,17843,P-144,0.0,0.0,0.0,0.0,0.0,0.0,0.0
graph_idf,17864,F-054,0.0,0.0,0.0,0.0,0.0,0.0,0.0
graph_idf,17884,GB-069,0.0,0.0,0.0,0.0,0.0,0.0,0.0
graph_idf,17924,F-070,0.0,0.0,0.0,0.0,0.0,0.0,0.0
graph_idf,17985,GS-004,0.0,0.0,0.0,0.0,0.0,0.0,0.0
graph_idf,18060,CT-108,0.0,0.0,0.0,0.0,0.0,0.0,0.0
graph_idf,18071,P-303,0.0,0.0,0.0,0.0,1.0,0.0,0.02
graph_idf,18093,TK-059,0.0,0.0,0.0,0.0,0.0,0.0,0.0
graph_idf,18101,BLR-143,0.0,0.0,0.0,0.0,0.0,0.0,0.0
graph_idf,18176,DRY-112,0.0,0.0,0.0,0.0,0.0,0.0,0.0
graph_idf,18184,FM-121,0.0,0.0,0.0,0.0,0.0,0.0,0.0
graph_idf,18230,CF-111,0.0,0.0,0.0,0.0,0.0,0.0,0.0
graph_idf,18250,SC-008,0.0,0.0,0.0,0.0,0.0,0.0,0.0
graph_idf,18256,F-013,0.0,0.0,0.0,0.0,0.0,0.0,0.0
graph_idf,18291,CF-140,0.0,0.0,0.0,0.0,0.0,0.0,0.0
graph_idf,18354,GS-128,0.0,0.0,0.0,0.0,0.0,0.0,0.0
graph_idf,18355,SC-101,0.0,0.0,0.0,0.0,0.0,0.0,0.0
graph_idf,18369,P-356,0.0,0.0,0.0,0.0,0.0,0.0,0.0
graph_idf,18394,DOS-067,0.0,0.0,0.0,0.0,0.0,0.0,0.0
graph_idf,18437,CV-049,0.0,0.0,0.0,0.0,1.0,0.0,0.02857142857142857
graph_idf,18441,M-120,0.0,0.0,0.0,0.0,0.0,0.0,0.0
graph_idf,18451,AG-126,0.0,0.0,0.0,0.0,0.0,0.0,0.0
graph_idf,18477,P-264,0.0,1.0,1.0,1.0,1.0,0.2,0.2
graph_idf,18535,M-080,0.0,0.0,0.0,0.0,0.0,0.0,0.0
graph_idf,18548,M-077,0.0,0.0,0.0,0.0,0.0,0.0,0.0
graph_idf,18598,K-104,0.0,0.0,0.0,0.0,0.0,0.0,0.0
graph_idf,18648,CR-143,0.0,0.0,0.0,0.0,0.0,0.0,0.0
graph_idf,18671,UF-070,0.0,0.0,0.0,0.0,0.0,0.0,0.0
graph_idf,18730,P-508,0.0,0.0,0.0,0.0,0.0,0.0,0.0
graph_idf,18741,TRB-104,0.0,0.0,0.0,0.0,0.0,0.0,0.0
graph_idf,18751,GS-104,0.0,0.0,0.0,0.0,0.0,0.0,0.0
graph_idf,18790,M-104,0.0,0.0,0.0,0.0,0.0,0.0,0.0
graph_idf,18799,K-144,0.0,0.0,0.0,1.0,1.0,0.0,0.058823529411764705
graph_idf,18815,R-294,0.0,0.0,0.0,0.0,0.0,0.0,0.0
graph_idf,18818,P-665,0.0,0.0,0.0,0.0,0.0,0.0,0.0
graph_idf,18848,HX-075,0.0,0.0,0.0,0.0,0.0,0.0,0.0
graph_idf,18890,P-459,0.0,0.0,0.0,0.0,0.0,0.0,0.0
graph_idf,18951,F-212,0.0,0.0,0.0,0.0,0.0,0.0,0.0
graph_idf,19249,RLP-069,0.0,0.0,0.0,0.0,0.0,0.0,0.0
graph_idf,19272,CV-305,0.0,0.0,0.0,0.0,0.0,0.0,0.0
graph_idf,19351,HX-047,0.0,0.0,0.0,0.0,0.0,0.0,0.0
graph_idf,19463,BM-080,0.0,0.0,0.0,0.0,0.0,0.0,0.0
graph_idf,19467,K-039,0.0,0.0,0.0,0.0,1.0,0.0,0.02
graph_idf,19469,HX-136,0.0,0.0,0.0,0.0,0.0,0.0,0.0
graph_idf,19494,GB-125,0.0,0.0,0.0,0.0,0.0,0.0,0.0
graph_idf,19546,BLR-079,0.0,0.0,0.0,0.0,0.0,0.0,0.0
graph_idf,19676,P-667,0.0,0.0,0.0,0.0,0.0,0.0,0.0
graph_idf,19693,F-133,0.0,0.0,0.0,0.0,0.0,0.0,0.0
graph_idf,19704,HX-226,0.0,0.0,0.0,0.0,0.0,0.0,0.0
graph_idf,19732,EX-057,0.0,0.0,0.0,0.0,0.0,0.0,0.0
graph_idf,19754,P-692,0.0,0.0,0.0,0.0,0.0,0.0,0.0
graph_idf,19881,TK-199,0.0,0.0,0.0,0.0,0.0,0.0,0.0
graph_idf,19968,P-121,0.0,0.0,0.0,0.0,0.0,0.0,0.0
graph_idf,20016,GB-029,0.0,0.0,0.0,0.0,0.0,0.0,0.0
graph_idf,20085,P-125,0.0,0.0,0.0,0.0,0.0,0.0,0.0
graph_idf,20097,P-222,0.0,0.0,0.0,0.0,0.0,0.0,0.0
graph_idf,20102,P-134,0.0,0.0,0.0,0.0,0.0,0.0,0.0
graph_idf,20114,P-429,0.0,0.0,0.0,0.0,0.0,0.0,0.0
graph_idf,20158,HP-105,0.0,0.0,0.0,0.0,0.0,0.0,0.0
graph_idf,20168,HX-032,0.0,0.0,0.0,0.0,0.0,0.0,0.0
graph_idf,20316,DRY-01,0.0,0.0,0.0,0.0,0.0,0.0,0.0
graph_idf,20360,TK-140,0.0,0.0,0.0,1.0,1.0,0.0,0.0625
graph_idf,20385,P-182,0.0,0.0,0.0,0.0,1.0,0.0,0.02040816326530612
graph_idf,20390,P-319,0.0,0.0,0.0,0.0,0.0,0.0,0.0
graph_idf,20406,F-015,0.0,0.0,0.0,0.0,0.0,0.0,0.0
graph_idf,20472,TK-254,0.0,0.0,0.0,0.0,0.0,0.0,0.0
graph_idf,20473,BM-080,0.0,0.0,0.0,0.0,0.0,0.0,0.0
graph_idf,20500,TRB-050,0.0,0.0,0.0,0.0,0.0,0.0,0.0
graph_idf,20539,F-216,0.0,0.0,0.0,0.0,0.0,0.0,0.0
graph_idf,20559,EV-076,0.0,0.0,0.0,0.0,0.0,0.0,0.0
graph_idf,20563,GT-104,0.0,0.0,0.0,0.0,0.0,0.0,0.0
graph_idf,20587,SD-062,0.0,0.0,0.0,0.0,0.0,0.0,0.0
graph_idf,20614,F-010,0.0,0.0,0.0,0.0,0.0,0.0,0.0
graph_idf,20622,M-133,0.0,0.0,0.0,0.0,0.0,0.0,0.0
graph_idf,20717,P-354,0.0,0.0,0.0,0.0,0.0,0.0,0.0
graph_idf,20723,HP-128,0.0,0.0,0.0,0.0,0.0,0.0,0.0
graph_idf,20725,DOS-091,0.0,0.0,1.0,1.0,1.0,0.1111111111111111,0.1111111111111111
graph_idf,20730,K-149,0.0,0.0,0.0,0.0,0.0,0.0,0.0
graph_idf,20873,P-261,0.0,0.0,0.0,0.0,0.0,0.0,0.0
graph_idf,20887,TK-004,0.0,0.0,0.0,0.0,0.0,0.0,0.0
graph_idf,20920,EV-133,0.0,0.0,0.0,0.0,0.0,0.0,0.0
graph_idf,20921,P-517,0.0,0.0,0.0,0.0,0.0,0.0,0.0
graph_idf,20998,TK-103,0.0,0.0,0.0,0.0,0.0,0.0,0.0
graph_idf,21018,TK-118,0.0,0.0,0.0,0.0,0.0,0.0,0.0
graph_idf,21042,FM-023,0.0,0.0,0.0,0.0,0.0,0.0,0.0
graph_idf,21045,HX-341,0.0,0.0,0.0,0.0,0.0,0.0,0.0
graph_idf,21054,M-117,0.0,0.0,0.0,0.0,0.0,0.0,0.0
graph_idf,21055,AG-031,0.0,0.0,0.0,0.0,0.0,0.0,0.0
graph_idf,21148,R-126,0.0,0.0,0.0,0.0,0.0,0.0,0.0
graph_idf,21159,P-339,0.0,0.0,0.0,0.0,0.0,0.0,0.0
graph_idf,21194,K-102,0.0,0.0,0.0,0.0,0.0,0.0,0.0
graph_idf,21259,HX-090,0.0,0.0,0.0,0.0,0.0,0.0,0.0
graph_idf,21271,SEP-111,0.0,0.0,0.0,0.0,0.0,0.0,0.0
graph_idf,21306,P-262,0.0,0.0,0.0,0.0,0.0,0.0,0.0
graph_idf,21364,P-196,0.0,0.0,0.0,0.0,0.0,0.0,0.0
graph_idf,21389,P-114,0.0,0.0,0.0,0.0,0.0,0.0,0.0
graph_idf,21505,M-066,0.0,0.0,0.0,0.0,0.0,0.0,0.0
graph_idf,21519,CF-140,0.0,0.0,0.0,0.0,0.0,0.0,0.0
graph_idf,21532,TK-209,0.0,0.0,0.0,0.0,0.0,0.0,0.0
graph_idf,21539,P-133,0.0,0.0,0.0,0.0,0.0,0.0,0.0
graph_idf,21598,HV-061,0.0,0.0,0.0,0.0,0.0,0.0,0.0
graph_idf,21605,BM-107,0.0,0.0,0.0,0.0,0.0,0.0,0.0
graph_idf,21661,M-146,0.0,0.0,0.0,0.0,0.0,0.0,0.0
graph_idf,21662,FM-106,0.0,0.0,0.0,0.0,0.0,0.0,0.0
graph_idf,21689,VP-122,0.0,0.0,0.0,0.0,0.0,0.0,0.0
graph_idf,21698,M-081,0.0,0.0,0.0,0.0,0.0,0.0,0.0
graph_idf,21815,TK-120,0.0,0.0,0.0,0.0,0.0,0.0,0.0
graph_idf,21828,EX-132,0.0,0.0,0.0,0.0,0.0,0.0,0.0
graph_idf,21914,P-439,0.0,0.0,0.0,0.0,0.0,0.0,0.0
graph_idf,21945,P-472,0.0,0.0,0.0,0.0,0.0,0.0,0.0
graph_idf,22050,R-104,0.0,0.0,0.0,0.0,0.0,0.0,0.0
graph_idf,22106,K-236,0.0,0.0,0.0,0.0,0.0,0.0,0.0
graph_idf,22113,F-048,0.0,0.0,0.0,0.0,0.0,0.0,0.0
graph_idf,22164,DP-029,0.0,0.0,0.0,0.0,0.0,0.0,0.0
graph_idf,22171,BLR-100,0.0,0.0,0.0,0.0,0.0,0.0,0.0
graph_idf,22253,SEP-119,0.0,0.0,0.0,0.0,0.0,0.0,0.0
graph_idf,22283,FM-049,0.0,0.0,0.0,0.0,0.0,0.0,0.0
graph_idf,22289,M-114,0.0,0.0,0.0,0.0,0.0,0.0,0.0
graph_idf,22294,RLP-075,0.0,0.0,0.0,0.0,0.0,0.0,0.0
graph_idf,22331,SEP-101,0.0,0.0,0.0,0.0,0.0,0.0,0.0
graph_idf,22360,GB-199,0.0,0.0,0.0,0.0,0.0,0.0,0.0
graph_idf,22391,HX-433,0.0,0.0,0.0,0.0,0.0,0.0,0.0
graph_idf,22407,BLR-007,0.0,0.0,0.0,0.0,0.0,0.0,0.0
graph_idf,22433,CV-108,0.0,0.0,0.0,0.0,0.0,0.0,0.0
graph_idf,22461,F-107,0.0,0.0,0.0,0.0,0.0,0.0,0.0
graph_idf,22570,BLR-015,0.0,0.0,0.0,0.0,0.0,0.0,0.0
graph_idf,22599,SEP-030,0.0,0.0,0.0,0.0,0.0,0.0,0.0
graph_idf,22657,EV-101,0.0,0.0,0.0,0.0,0.0,0.0,0.0
graph_idf,22658,P-137,0.0,0.0,0.0,0.0,0.0,0.0,0.0
graph_idf,22714,DC-031,0.0,0.0,0.0,0.0,0.0,0.0,0.0
graph_idf,22716,TK-109,0.0,0.0,0.0,0.0,0.0,0.0,0.0
graph_idf,22844,CV-100,0.0,0.0,0.0,0.0,0.0,0.0,0.0
graph_idf,22859,P-164,0.0,0.0,0.0,0.0,0.0,0.0,0.0
graph_idf,22864,AG-125,0.0,0.0,0.0,0.0,0.0,0.0,0.0
graph_idf,22875,K-229,0.0,0.0,0.0,0.0,0.0,0.0,0.0
graph_idf,22900,SC-074,0.0,0.0,0.0,0.0,0.0,0.0,0.0
graph_idf,22904,DRY-068,0.0,0.0,0.0,0.0,0.0,0.0,0.0
graph_idf,22959,FM-009,0.0,0.0,0.0,0.0,1.0,0.0,0.03125
graph_idf,22984,P-156,0.0,0.0,0.0,0.0,0.0,0.0,0.0
graph_idf,22992,P-528,0.0,0.0,0.0,0.0,0.0,0.0,0.0
graph_idf,23008,K-064,0.0,0.0,0.0,0.0,0.0,0.0,0.0
graph_idf,23048,GB-085,0.0,0.0,0.0,0.0,0.0,0.0,0.0
graph_idf,23058,CV-007,0.0,0.0,0.0,0.0,0.0,0.0,0.0
graph_idf,23074,EV-006,0.0,0.0,0.0,0.0,0.0,0.0,0.0
graph_idf,23105,P-166,0.0,0.0,0.0,0.0,0.0,0.0,0.0
graph_idf,23173,EV-125,0.0,0.0,0.0,0.0,0.0,0.0,0.0
graph_idf,23184,CV-057,0.0,0.0,0.0,0.0,0.0,0.0,0.0
graph_idf,23309,HX-239,0.0,0.0,0.0,0.0,0.0,0.0,0.0
graph_idf,23327,SC-141,0.0,0.0,0.0,0.0,0.0,0.0,0.0
graph_idf,23370,P-228,0.0,0.0,0.0,1.0,1.0,0.0,0.05263157894736842
graph_idf,23377,VP-133,0.0,0.0,0.0,0.0,0.0,0.0,0.0
graph_idf,23403,P-155,0.0,0.0,0.0,0.0,0.0,0.0,0.0
graph_idf,23462,P-104,0.0,0.0,0.0,0.0,0.0,0.0,0.0
graph_idf,23502,K-207,0.0,0.0,0.0,0.0,0.0,0.0,0.0
graph_idf,23512,HX-017,0.0,0.0,0.0,0.0,0.0,0.0,0.0
graph_idf,23519,M-041,0.0,0.0,0.0,0.0,1.0,0.0,0.025
graph_idf,23526,P-674,0.0,0.0,0.0,0.0,0.0,0.0,0.0
graph_idf,23528,UF-126,0.0,0.0,0.0,0.0,0.0,0.0,0.0
graph_idf,23535,UF-043,0.0,0.0,0.0,0.0,0.0,0.0,0.0
graph_idf,23547,CF-120,0.0,0.0,0.0,0.0,0.0,0.0,0.0
graph_idf,23554,CV-026,0.0,0.0,0.0,0.0,0.0,0.0,0.0
graph_idf,23585,TK-060,0.0,0.0,0.0,0.0,0.0,0.0,0.0
graph_idf,23605,P-153,0.0,0.0,0.0,0.0,0.0,0.0,0.0
graph_idf,23688,HV-093,0.0,0.0,0.0,0.0,0.0,0.0,0.0
graph_idf,23709,P-430,0.0,0.0,0.0,0.0,0.0,0.0,0.0
graph_idf,23736,SD-144,0.0,0.0,0.0,0.0,0.0,0.0,0.0
graph_idf,23785,P-362,0.0,0.0,0.0,0.0,0.0,0.0,0.0
graph_idf,23800,EV-015,0.0,0.0,0.0,0.0,0.0,0.0,0.0
graph_idf,23819,GB-116,0.0,0.0,0.0,0.0,0.0,0.0,0.0
graph_idf,23839,R-094,0.0,0.0,0.0,0.0,0.0,0.0,0.0
graph_idf,23847,M-053,0.0,0.0,0.0,0.0,0.0,0.0,0.0
graph_idf,23849,GB-142,0.0,0.0,0.0,0.0,0.0,0.0,0.0
graph_idf,23858,P-236,0.0,0.0,0.0,0.0,0.0,0.0,0.0
graph_idf,23862,DP-104,0.0,0.0,0.0,0.0,0.0,0.0,0.0
graph_idf,23863,BLR-125,0.0,0.0,0.0,0.0,0.0,0.0,0.0
graph_idf,23869,SD-035,0.0,0.0,0.0,0.0,0.0,0.0,0.0
graph_idf,23974,P-352,0.0,0.0,0.0,0.0,0.0,0.0,0.0
graph_idf,24037,M-062,0.0,0.0,0.0,0.0,1.0,0.0,0.02631578947368421
graph_idf,24091,P-442,0.0,0.0,0.0,0.0,0.0,0.0,0.0
graph_idf,24095,K-093,0.0,0.0,0.0,0.0,0.0,0.0,0.0
graph_idf,24165,TK-029,0.0,0.0,0.0,0.0,0.0,0.0,0.0
graph_idf,24183,TK-222,0.0,0.0,0.0,0.0,0.0,0.0,0.0
graph_idf,24203,TK-032,0.0,0.0,0.0,0.0,0.0,0.0,0.0
graph_idf,24274,TK-118,0.0,0.0,0.0,0.0,0.0,0.0,0.0
graph_idf,24288,AG-008,0.0,0.0,0.0,0.0,0.0,0.0,0.0
graph_idf,24306,SC-119,0.0,0.0,0.0,1.0,1.0,0.0,0.05263157894736842
graph_idf,24308,VP-108,0.0,0.0,0.0,0.0,0.0,0.0,0.0
graph_idf,24340,DRY-035,0.0,0.0,0.0,0.0,0.0,0.0,0.0
graph_idf,24346,K-036,0.0,0.0,0.0,0.0,0.0,0.0,0.0
graph_idf,24381,GB-018,0.0,0.0,0.0,0.0,0.0,0.0,0.0
graph_idf,24396,R-007,0.0,0.0,0.0,0.0,0.0,0.0,0.0
graph_idf,24461,CV-013,0.0,0.0,0.0,0.0,0.0,0.0,0.0
graph_idf,24486,HX-050,0.0,0.0,0.0,0.0,0.0,0.0,0.0
graph_idf,24542,BLR-110,0.0,0.0,0.0,0.0,0.0,0.0,0.0
graph_idf,24545,P-210,0.0,0.0,0.0,0.0,0.0,0.0,0.0
graph_idf,24551,P-158,0.0,0.0,0.0,0.0,0.0,0.0,0.0
graph_idf,24623,BM-118,0.0,0.0,0.0,0.0,0.0,0.0,0.0
graph_idf,24649,TK-037,0.0,0.0,0.0,0.0,0.0,0.0,0.0
graph_idf,24715,P-674,0.0,0.0,0.0,0.0,0.0,0.0,0.0
graph_idf,24743,AG-106,0.0,0.0,0.0,0.0,0.0,0.0,0.0
graph_idf,24765,BLR-217,0.0,0.0,0.0,0.0,0.0,0.0,0.0
graph_idf,24775,BLR-110,0.0,0.0,0.0,0.0,0.0,0.0,0.0
graph_idf,24829,P-296,0.0,0.0,0.0,0.0,0.0,0.0,0.0
graph_idf,24914,TK-242,0.0,0.0,0.0,0.0,0.0,0.0,0.0
graph_idf,24916,DRY-009,0.0,0.0,0.0,0.0,0.0,0.0,0.0
graph_idf,24919,DP-025,0.0,0.0,0.0,0.0,0.0,0.0,0.0
graph_idf,24926,CR-031,0.0,0.0,0.0,0.0,0.0,0.0,0.0
graph_idf,24934,K-052,0.0,0.0,0.0,0.0,0.0,0.0,0.0
graph_idf,24994,GT-141,0.0,0.0,0.0,0.0,0.0,0.0,0.0
graph_idf,25020,BLR-086,0.0,0.0,0.0,0.0,0.0,0.0,0.0
graph_idf,25102,UF-092,0.0,0.0,0.0,0.0,0.0,0.0,0.0
graph_idf,25114,P-387,0.0,0.0,0.0,0.0,0.0,0.0,0.0
graph_idf,25136,P-521,0.0,0.0,0.0,0.0,0.0,0.0,0.0
graph_idf,25211,P-315,0.0,0.0,0.0,0.0,0.0,0.0,0.0
graph_idf,25253,HX-335,0.0,0.0,0.0,0.0,0.0,0.0,0.0
graph_idf,25259,VP-059,0.0,0.0,0.0,0.0,0.0,0.0,0.0
graph_idf,25282,GT-103,0.0,0.0,0.0,0.0,0.0,0.0,0.0
graph_idf,25297,P-490,0.0,0.0,0.0,0.0,0.0,0.0,0.0
graph_idf,25323,HX-230,0.0,0.0,0.0,0.0,0.0,0.0,0.0
graph_idf,25361,TK-112,0.0,0.0,1.0,1.0,1.0,0.14285714285714285,0.14285714285714285
graph_idf,25392,P-186,0.0,0.0,0.0,0.0,0.0,0.0,0.0
graph_idf,25428,SD-102,0.0,0.0,0.0,0.0,0.0,0.0,0.0
graph_idf,25452,EX-136,0.0,0.0,0.0,0.0,0.0,0.0,0.0
graph_idf,25505,TK-243,0.0,0.0,0.0,0.0,0.0,0.0,0.0
graph_idf,25524,M-119,0.0,0.0,0.0,1.0,1.0,0.0,0.07692307692307693
graph_idf,25573,RLP-104,0.0,0.0,0.0,0.0,0.0,0.0,0.0
graph_idf,25585,GB-066,0.0,0.0,0.0,0.0,0.0,0.0,0.0
graph_idf,25596,HV-107,0.0,0.0,0.0,0.0,0.0,0.0,0.0
graph_idf,25607,M-045,0.0,0.0,0.0,0.0,0.0,0.0,0.0
graph_idf,25614,HP-084,0.0,0.0,0.0,0.0,0.0,0.0,0.0
graph_idf,25648,DRY-033,0.0,0.0,0.0,0.0,0.0,0.0,0.0
graph_idf,25658,DOS-112,0.0,0.0,0.0,0.0,0.0,0.0,0.0
graph_idf,25699,P-353,0.0,0.0,0.0,0.0,0.0,0.0,0.0
graph_idf,25777,HV-228,0.0,0.0,0.0,0.0,0.0,0.0,0.0
graph_idf,25806,CV-044,0.0,0.0,0.0,0.0,0.0,0.0,0.0
graph_idf,25813,CR-083,0.0,0.0,0.0,0.0,0.0,0.0,0.0
graph_idf,25885,AG-062,0.0,0.0,0.0,0.0,0.0,0.0,0.0
graph_idf,25934,P-610,0.0,0.0,0.0,0.0,0.0,0.0,0.0
graph_idf,25936,P-642,0.0,0.0,0.0,0.0,0.0,0.0,0.0
graph_idf,25950,EV-043,0.0,0.0,0.0,0.0,0.0,0.0,0.0
graph_idf,26084,TK-086,0.0,0.0,0.0,0.0,0.0,0.0,0.0
graph_idf,26125,P-169,0.0,0.0,0.0,0.0,0.0,0.0,0.0
graph_idf,26127,SD-016,0.0,0.0,0.0,0.0,0.0,0.0,0.0
graph_idf,26193,GS-015,0.0,0.0,0.0,0.0,0.0,0.0,0.0
graph_idf,26271,P-327,0.0,0.0,0.0,0.0,0.0,0.0,0.0
graph_idf,26302,TK-106,0.0,0.0,0.0,0.0,0.0,0.0,0.0
graph_idf,26303,SC-080,0.0,0.0,0.0,0.0,0.0,0.0,0.0
graph_idf,26384,UF-037,0.0,0.0,0.0,0.0,0.0,0.0,0.0
graph_idf,26404,EV-079,0.0,0.0,0.0,0.0,0.0,0.0,0.0
graph_idf,26467,DC-126,0.0,0.0,0.0,0.0,0.0,0.0,0.0
graph_idf,26568,K-081,0.0,0.0,0.0,0.0,0.0,0.0,0.0
graph_idf,26594,HP-118,0.0,0.0,0.0,0.0,0.0,0.0,0.0
graph_idf,26640,TK-134,0.0,0.0,0.0,0.0,0.0,0.0,0.0
graph_idf,26667,M-104,0.0,0.0,0.0,0.0,0.0,0.0,0.0
graph_idf,26680,K-202,0.0,0.0,0.0,0.0,0.0,0.0,0.0
graph_idf,26725,P-389,0.0,0.0,0.0,0.0,0.0,0.0,0.0
graph_idf,26727,TRB-119,0.0,0.0,0.0,0.0,0.0,0.0,0.0
graph_idf,26735,P-283,0.0,0.0,0.0,0.0,0.0,0.0,0.0
graph_idf,26791,CR-091,0.0,0.0,0.0,0.0,0.0,0.0,0.0
graph_idf,26839,CV-118,0.0,0.0,0.0,0.0,0.0,0.0,0.0
graph_idf,26888,P-213,0.0,0.0,0.0,0.0,0.0,0.0,0.0
graph_idf,26907,TK-140,0.0,0.0,0.0,0.0,0.0,0.0,0.0
graph_idf,26990,RLP-101,0.0,0.0,0.0,0.0,0.0,0.0,0.0
graph_idf,27027,P-238,0.0,0.0,0.0,0.0,0.0,0.0,0.0
graph_idf,27105,P-424,0.0,0.0,0.0,0.0,0.0,0.0,0.0
graph_idf,27108,M-136,0.0,0.0,0.0,0.0,0.0,0.0,0.0
graph_idf,27151,HX-108,0.0,0.0,0.0,0.0,0.0,0.0,0.0
graph_idf,27188,TK-077,0.0,0.0,1.0,1.0,1.0,0.1,0.1
graph_idf,27258,M-046,0.0,0.0,0.0,0.0,0.0,0.0,0.0
graph_idf,27265,P-313,0.0,0.0,0.0,0.0,0.0,0.0,0.0
graph_idf,27273,P-689,0.0,0.0,0.0,0.0,0.0,0.0,0.0
graph_idf,27328,GT-098,0.0,0.0,0.0,0.0,0.0,0.0,0.0
graph_idf,27391,K-153,0.0,0.0,0.0,0.0,0.0,0.0,0.0
graph_idf,27399,P-116,0.0,0.0,0.0,0.0,0.0,0.0,0.0
graph_idf,27431,DP-122,0.0,0.0,0.0,0.0,0.0,0.0,0.0
graph_idf,27447,M-028,0.0,0.0,0.0,0.0,0.0,0.0,0.0
graph_idf,27463,BM-046,0.0,0.0,0.0,0.0,0.0,0.0,0.0
graph_idf,27500,EX-036,0.0,0.0,0.0,0.0,0.0,0.0,0.0
graph_idf,27565,HP-042,0.0,0.0,0.0,0.0,0.0,0.0,0.0
graph_idf,27568,BLR-101,0.0,0.0,0.0,0.0,0.0,0.0,0.0
graph_idf,27618,DC-024,0.0,0.0,0.0,0.0,0.0,0.0,0.0
graph_idf,27639,SC-073,0.0,0.0,0.0,0.0,0.0,0.0,0.0
graph_idf,27644,GB-025,0.0,0.0,0.0,0.0,0.0,0.0,0.0
graph_idf,27650,BM-108,0.0,0.0,0.0,0.0,0.0,0.0,0.0
graph_idf,27669,TK-022,0.0,0.0,0.0,0.0,0.0,0.0,0.0
graph_idf,27677,M-105,0.0,0.0,0.0,0.0,1.0,0.0,0.038461538461538464
graph_idf,27678,BLR-127,0.0,0.0,0.0,0.0,0.0,0.0,0.0
graph_idf,27682,F-225,0.0,0.0,0.0,0.0,0.0,0.0,0.0
graph_idf,27714,DOS-128,0.0,0.0,0.0,0.0,0.0,0.0,0.0
graph_idf,27805,P-144,0.0,0.0,0.0,0.0,0.0,0.0,0.0
graph_idf,27837,F-146,0.0,0.0,0.0,0.0,0.0,0.0,0.0
graph_idf,27885,DC-008,0.0,0.0,0.0,0.0,0.0,0.0,0.0
graph_idf,27909,HX-018,0.0,0.0,0.0,0.0,0.0,0.0,0.0
graph_idf,27958,SEP-062,0.0,0.0,0.0,0.0,0.0,0.0,0.0
graph_idf,27981,DOS-137,0.0,0.0,0.0,0.0,0.0,0.0,0.0
graph_idf,28083,P-154,0.0,0.0,0.0,0.0,0.0,0.0,0.0
graph_idf,28131,M-093,0.0,0.0,0.0,0.0,0.0,0.0,0.0
graph_idf,28279,P-218,0.0,0.0,0.0,0.0,0.0,0.0,0.0
graph_idf,28423,TK-096,0.0,0.0,0.0,0.0,0.0,0.0,0.0
graph_idf,28479,BLR-033,0.0,1.0,1.0,1.0,1.0,0.5,0.5
graph_idf,28481,P-227,0.0,0.0,0.0,0.0,0.0,0.0,0.0
graph_idf,28531,GB-040,0.0,0.0,0.0,0.0,0.0,0.0,0.0
graph_idf,28617,HP-113,0.0,0.0,0.0,0.0,0.0,0.0,0.0
graph_idf,28628,M-020,0.0,0.0,0.0,0.0,0.0,0.0,0.0
graph_idf,28653,HX-007,0.0,0.0,0.0,0.0,0.0,0.0,0.0
graph_idf,28655,HV-117,0.0,0.0,0.0,0.0,0.0,0.0,0.0
graph_idf,28679,M-041,0.0,0.0,0.0,0.0,0.0,0.0,0.0
graph_idf,28709,K-078,0.0,0.0,0.0,0.0,0.0,0.0,0.0
graph_idf,28726,TK-119,0.0,0.0,0.0,0.0,0.0,0.0,0.0
graph_idf,28754,P-657,0.0,0.0,0.0,0.0,0.0,0.0,0.0
graph_idf,28805,M-113,0.0,0.0,0.0,0.0,0.0,0.0,0.0
graph_idf,28837,CF-126,0.0,0.0,0.0,0.0,0.0,0.0,0.0
graph_idf,28839,TK-142,0.0,0.0,0.0,0.0,1.0,0.0,0.022222222222222223
graph_idf,28848,M-056,0.0,0.0,0.0,0.0,0.0,0.0,0.0
graph_idf,28852,BM-066,0.0,0.0,0.0,0.0,0.0,0.0,0.0
graph_idf,28911,DC-081,0.0,0.0,0.0,0.0,0.0,0.0,0.0
graph_idf,28919,HV-226,0.0,0.0,0.0,0.0,0.0,0.0,0.0
graph_idf,28929,P-323,0.0,0.0,0.0,0.0,0.0,0.0,0.0
graph_idf,29081,F-065,0.0,0.0,0.0,0.0,0.0,0.0,0.0
graph_idf,29136,TK-343,0.0,0.0,0.0,0.0,0.0,0.0,0.0
graph_idf,29157,K-012,0.0,0.0,0.0,0.0,0.0,0.0,0.0
graph_idf,29179,TRB-097,0.0,0.0,0.0,0.0,0.0,0.0,0.0
graph_idf,29237,P-139,0.0,0.0,0.0,0.0,0.0,0.0,0.0
graph_idf,29318,M-050,0.0,0.0,0.0,0.0,0.0,0.0,0.0
graph_idf,29369,HX-139,0.0,0.0,0.0,0.0,0.0,0.0,0.0
graph_idf,29407,P-245,0.0,0.0,0.0,0.0,0.0,0.0,0.0
graph_idf,29445,M-062,0.0,0.0,1.0,1.0,1.0,0.14285714285714285,0.14285714285714285
graph_idf,29465,HP-128,0.0,0.0,0.0,0.0,0.0,0.0,0.0
graph_idf,29489,P-255,0.0,0.0,0.0,0.0,0.0,0.0,0.0
graph_idf,29497,FM-117,0.0,0.0,0.0,0.0,0.0,0.0,0.0
graph_idf,29508,K-103,0.0,0.0,0.0,0.0,0.0,0.0,0.0
graph_idf,29543,K-081,0.0,0.0,0.0,0.0,0.0,0.0,0.0
graph_idf,29572,CV-145,0.0,0.0,0.0,0.0,0.0,0.0,0.0
graph_idf,29585,M-058,0.0,0.0,0.0,0.0,0.0,0.0,0.0
graph_idf,29602,HX-007,0.0,0.0,0.0,0.0,0.0,0.0,0.0
graph_idf,29636,TRB-131,0.0,0.0,0.0,0.0,0.0,0.0,0.0
graph_idf,29666,P-201,0.0,0.0,0.0,0.0,0.0,0.0,0.0
graph_idf,29674,TK-239,0.0,0.0,0.0,0.0,0.0,0.0,0.0
graph_idf,29683,AG-040,0.0,0.0,0.0,0.0,0.0,0.0,0.0
graph_idf,29702,TRB-131,0.0,0.0,0.0,0.0,0.0,0.0,0.0
graph_idf,29727,TK-403,0.0,0.0,0.0,0.0,0.0,0.0,0.0
graph_idf,29799,SD-038,0.0,0.0,0.0,0.0,0.0,0.0,0.0
graph_idf,29813,R-108,0.0,0.0,0.0,0.0,0.0,0.0,0.0
graph_idf,29821,BLR-126,0.0,0.0,0.0,0.0,0.0,0.0,0.0
graph_idf,29840,M-059,0.0,0.0,0.0,0.0,0.0,0.0,0.0
graph_idf,29896,CV-032,0.0,0.0,0.0,0.0,1.0,0.0,0.03333333333333333
graph_idf,29898,K-300,0.0,0.0,0.0,0.0,0.0,0.0,0.0
graph_idf,29975,F-055,0.0,0.0,0.0,0.0,0.0,0.0,0.0
graph_idf,30062,P-158,0.0,0.0,0.0,0.0,0.0,0.0,0.0
graph_idf,30083,P-132,0.0,0.0,0.0,0.0,0.0,0.0,0.0
graph_idf,30117,CV-135,0.0,0.0,0.0,0.0,0.0,0.0,0.0
graph_idf,30154,TK-037,0.0,0.0,0.0,0.0,0.0,0.0,0.0
graph_idf,30174,M-080,0.0,0.0,0.0,0.0,0.0,0.0,0.0
graph_idf,30227,P-352,0.0,0.0,0.0,0.0,0.0,0.0,0.0
graph_idf,30258,K-099,0.0,0.0,0.0,0.0,0.0,0.0,0.0
graph_idf,30279,AG-049,0.0,0.0,0.0,0.0,0.0,0.0,0.0
graph_idf,30366,HV-051,0.0,0.0,0.0,0.0,0.0,0.0,0.0
graph_idf,30374,M-100,0.0,0.0,0.0,0.0,0.0,0.0,0.0
graph_idf,30390,R-117,0.0,0.0,0.0,0.0,0.0,0.0,0.0
graph_idf,30399,F-094,0.0,0.0,0.0,0.0,0.0,0.0,0.0
graph_idf,30404,EV-033,0.0,0.0,0.0,0.0,0.0,0.0,0.0
graph_idf,30407,P-680,0.0,0.0,0.0,0.0,0.0,0.0,0.0
graph_idf,30428,BLR-117,0.0,0.0,0.0,0.0,0.0,0.0,0.0
graph_idf,30467,FM-139,0.0,0.0,0.0,0.0,0.0,0.0,0.0
graph_idf,30480,P-321,0.0,0.0,0.0,0.0,0.0,0.0,0.0
graph_idf,30482,GS-111,0.0,0.0,0.0,0.0,1.0,0.0,0.041666666666666664
graph_idf,30645,SEP-120,0.0,0.0,0.0,0.0,0.0,0.0,0.0
graph_idf,30654,SEP-117,0.0,0.0,0.0,0.0,0.0,0.0,0.0
graph_idf,30679,TK-068,0.0,0.0,0.0,0.0,0.0,0.0,0.0
graph_idf,30708,P-210,0.0,0.0,0.0,0.0,0.0,0.0,0.0
graph_idf,30757,HV-129,0.0,0.0,0.0,0.0,0.0,0.0,0.0
graph_idf,30792,CR-142,0.0,0.0,0.0,0.0,0.0,0.0,0.0
graph_idf,30862,HV-014,0.0,0.0,0.0,0.0,0.0,0.0,0.0
graph_idf,30864,GT-056,0.0,0.0,0.0,0.0,0.0,0.0,0.0
graph_idf,30872,M-083,0.0,0.0,0.0,0.0,0.0,0.0,0.0
graph_idf,30892,GT-005,0.0,0.0,0.0,0.0,0.0,0.0,0.0
graph_idf,30925,P-430,0.0,0.0,0.0,0.0,0.0,0.0,0.0
graph_idf,30931,K-212,0.0,0.0,0.0,0.0,0.0,0.0,0.0
graph_idf,30967,P-439,0.0,0.0,0.0,0.0,0.0,0.0,0.0
graph_idf,30992,TK-039,0.0,0.0,0.0,0.0,0.0,0.0,0.0
graph_idf,30999,DP-069,0.0,0.0,0.0,0.0,0.0,0.0,0.0
graph_idf,31040,HV-017,0.0,0.0,0.0,0.0,0.0,0.0,0.0
graph_idf,31058,HX-120,0.0,0.0,0.0,0.0,1.0,0.0,0.037037037037037035
graph_idf,31087,P-438,0.0,0.0,0.0,0.0,0.0,0.0,0.0
graph_idf,31088,M-083,0.0,0.0,0.0,0.0,0.0,0.0,0.0
graph_idf,31124,P-483,0.0,0.0,0.0,0.0,0.0,0.0,0.0
graph_idf,31177,P-503,0.0,0.0,0.0,0.0,0.0,0.0,0.0
graph_idf,31180,M-010,0.0,0.0,0.0,0.0,0.0,0.0,0.0
graph_idf,31258,EX-136,0.0,0.0,0.0,0.0,0.0,0.0,0.0
graph_idf,31301,DC-106,0.0,0.0,0.0,0.0,0.0,0.0,0.0
graph_idf,31313,CV-124,0.0,0.0,0.0,0.0,0.0,0.0,0.0
graph_idf,31389,P-242,0.0,0.0,0.0,0.0,0.0,0.0,0.0
graph_idf,31414,P-426,0.0,0.0,0.0,0.0,0.0,0.0,0.0
graph_idf,31543,P-388,0.0,0.0,0.0,0.0,0.0,0.0,0.0
graph_idf,31547,TK-173,0.0,0.0,0.0,0.0,0.0,0.0,0.0
graph_idf,31549,R-201,0.0,0.0,0.0,0.0,0.0,0.0,0.0
graph_idf,31568,DRY-013,0.0,0.0,0.0,0.0,0.0,0.0,0.0
graph_idf,31579,P-517,0.0,0.0,0.0,0.0,0.0,0.0,0.0
graph_idf,31590,AG-128,0.0,0.0,0.0,0.0,0.0,0.0,0.0
graph_idf,31611,TK-151,0.0,0.0,0.0,0.0,0.0,0.0,0.0
graph_idf,31632,F-013,0.0,1.0,1.0,1.0,1.0,0.2,0.2
graph_idf,31720,HV-221,0.0,0.0,0.0,0.0,0.0,0.0,0.0
graph_idf,31739,SD-060,0.0,0.0,0.0,0.0,0.0,0.0,0.0
graph_idf,31764,P-528,0.0,0.0,0.0,0.0,0.0,0.0,0.0
graph_idf,31772,BLR-101,0.0,0.0,0.0,0.0,0.0,0.0,0.0
graph_idf,31785,DRY-089,0.0,0.0,0.0,0.0,0.0,0.0,0.0
graph_idf,31795,F-125,0.0,0.0,0.0,1.0,1.0,0.0,0.0625
graph_idf,31808,FCC-052,0.0,0.0,0.0,0.0,0.0,0.0,0.0
graph_idf,31858,HX-209,0.0,0.0,0.0,0.0,0.0,0.0,0.0
graph_idf,31861,F-244,0.0,0.0,0.0,0.0,0.0,0.0,0.0
graph_idf,31865,SC-111,0.0,0.0,0.0,0.0,1.0,0.0,0.03125
graph_idf,31893,M-070,0.0,0.0,0.0,0.0,0.0,0.0,0.0
graph_idf,31949,FCC-126,0.0,0.0,0.0,0.0,0.0,0.0,0.0
graph_idf,32042,HX-118,0.0,0.0,0.0,0.0,1.0,0.0,0.030303030303030304
graph_idf,32058,P-203,0.0,0.0,0.0,0.0,0.0,0.0,0.0
graph_idf,32081,FM-130,0.0,0.0,0.0,0.0,0.0,0.0,0.0
graph_idf,32210,TK-167,0.0,0.0,0.0,0.0,0.0,0.0,0.0
graph_idf,32278,FM-132,0.0,0.0,0.0,0.0,0.0,0.0,0.0
graph_idf,32391,K-071,0.0,0.0,0.0,0.0,0.0,0.0,0.0
graph_idf,32446,K-261,0.0,0.0,0.0,0.0,1.0,0.0,0.03571428571428571
graph_idf,32451,TK-047,0.0,0.0,0.0,0.0,0.0,0.0,0.0
graph_idf,32454,P-151,0.0,0.0,0.0,0.0,0.0,0.0,0.0
graph_idf,32528,P-316,0.0,0.0,0.0,0.0,0.0,0.0,0.0
graph_idf,32543,R-119,0.0,0.0,0.0,0.0,0.0,0.0,0.0
graph_idf,32591,CF-050,0.0,0.0,0.0,0.0,0.0,0.0,0.0
graph_idf,32620,R-047,0.0,0.0,0.0,0.0,0.0,0.0,0.0
graph_idf,32623,EV-057,0.0,0.0,0.0,0.0,0.0,0.0,0.0
graph_idf,32682,M-042,0.0,0.0,0.0,0.0,0.0,0.0,0.0
graph_idf,32764,CT-126,0.0,0.0,0.0,0.0,0.0,0.0,0.0
graph_idf,32790,P-441,0.0,0.0,0.0,0.0,0.0,0.0,0.0
graph_idf,32801,DP-109,0.0,0.0,0.0,0.0,0.0,0.0,0.0
graph_idf,32829,P-509,0.0,0.0,0.0,0.0,0.0,0.0,0.0
graph_idf,32877,CV-145,0.0,0.0,0.0,0.0,1.0,0.0,0.03333333333333333
graph_idf,32892,P-409,0.0,0.0,0.0,0.0,0.0,0.0,0.0
graph_idf,32898,BLR-125,0.0,0.0,0.0,0.0,0.0,0.0,0.0
graph_idf,32907,HX-132,0.0,0.0,0.0,0.0,0.0,0.0,0.0
graph_idf,32910,DP-110,0.0,0.0,0.0,0.0,0.0,0.0,0.0
graph_idf,32936,AG-071,0.0,0.0,0.0,0.0,0.0,0.0,0.0
graph_idf,32986,DC-133,0.0,0.0,0.0,0.0,0.0,0.0,0.0
graph_idf,33017,R-026,0.0,0.0,0.0,0.0,0.0,0.0,0.0
graph_idf,33021,SEP-136,0.0,0.0,0.0,0.0,0.0,0.0,0.0
graph_idf,33098,P-502,0.0,0.0,0.0,0.0,0.0,0.0,0.0
graph_idf,33108,RLP-109,0.0,0.0,0.0,0.0,0.0,0.0,0.0
graph_idf,33133,P-111,0.0,0.0,0.0,0.0,0.0,0.0,0.0
graph_idf,33150,FM-099,0.0,0.0,0.0,0.0,0.0,0.0,0.0
graph_idf,33216,DOS-140,0.0,0.0,0.0,0.0,0.0,0.0,0.0
graph_idf,33268,P-205,0.0,0.0,0.0,0.0,0.0,0.0,0.0
graph_idf,33312,P-271,0.0,0.0,0.0,0.0,0.0,0.0,0.0
graph_idf,33331,CF-083,0.0,0.0,0.0,0.0,0.0,0.0,0.0
graph_idf,33375,K-143,0.0,0.0,0.0,0.0,0.0,0.0,0.0
graph_idf,33414,P-121,0.0,0.0,0.0,0.0,0.0,0.0,0.0
graph_idf,33456,R-033,0.0,0.0,0.0,0.0,0.0,0.0,0.0
graph_idf,33520,P-271,0.0,0.0,0.0,0.0,0.0,0.0,0.0
graph_idf,33556,UF-074,0.0,0.0,0.0,0.0,0.0,0.0,0.0
graph_idf,33587,SD-139,0.0,0.0,0.0,0.0,0.0,0.0,0.0
graph_idf,33595,M-015,0.0,0.0,0.0,0.0,0.0,0.0,0.0
graph_idf,33661,P-660,0.0,0.0,0.0,0.0,0.0,0.0,0.0
graph_idf,33666,DP-132,0.0,0.0,0.0,0.0,0.0,0.0,0.0
graph_idf,33674,DOS-040,0.0,0.0,0.0,1.0,1.0,0.0,0.09090909090909091
graph_idf,33679,K-112,0.0,0.0,0.0,0.0,0.0,0.0,0.0
graph_idf,33707,K-120,0.0,0.0,1.0,1.0,1.0,0.1,0.1
graph_idf,33769,M-081,0.0,0.0,1.0,1.0,1.0,0.125,0.125
graph_idf,33786,P-246,0.0,0.0,0.0,0.0,0.0,0.0,0.0
graph_idf,33797,AG-129,0.0,0.0,0.0,0.0,0.0,0.0,0.0
graph_idf,33903,K-143,0.0,0.0,0.0,0.0,0.0,0.0,0.0
graph_idf,33949,TRB-046,0.0,0.0,0.0,0.0,0.0,0.0,0.0
graph_idf,33950,P-328,0.0,0.0,0.0,0.0,0.0,0.0,0.0
graph_idf,34003,SC-114,0.0,0.0,0.0,0.0,0.0,0.0,0.0
graph_idf,34004,HX-029,0.0,0.0,0.0,0.0,0.0,0.0,0.0
graph_idf,34087,P-240,0.0,0.0,0.0,0.0,0.0,0.0,0.0
graph_idf,34088,K-017,0.0,0.0,0.0,0.0,0.0,0.0,0.0
graph_idf,34122,DOS-138,0.0,0.0,0.0,0.0,0.0,0.0,0.0
graph_idf,34128,DRY-119,0.0,0.0,0.0,0.0,0.0,0.0,0.0
graph_idf,34262,P-346,0.0,0.0,0.0,0.0,0.0,0.0,0.0
graph_idf,34275,R-090,0.0,0.0,0.0,0.0,0.0,0.0,0.0
graph_idf,34290,TK-011,0.0,0.0,0.0,0.0,0.0,0.0,0.0
graph_idf,34369,P-441,0.0,0.0,0.0,0.0,0.0,0.0,0.0
graph_idf,34380,HX-133,0.0,0.0,0.0,0.0,0.0,0.0,0.0
graph_idf,34408,DC-041,0.0,0.0,0.0,0.0,0.0,0.0,0.0
graph_idf,34458,P-604,0.0,0.0,0.0,0.0,0.0,0.0,0.0
graph_idf,34466,K-105,0.0,0.0,0.0,0.0,0.0,0.0,0.0
graph_idf,34488,TRB-039,0.0,0.0,0.0,0.0,0.0,0.0,0.0
graph_idf,34505,M-013,0.0,0.0,0.0,0.0,0.0,0.0,0.0
graph_idf,34540,M-036,0.0,0.0,0.0,0.0,0.0,0.0,0.0
graph_idf,34542,GS-061,0.0,0.0,0.0,0.0,0.0,0.0,0.0
graph_idf,34613,DC-043,0.0,0.0,0.0,0.0,0.0,0.0,0.0
graph_idf,34636,RLP-075,0.0,0.0,0.0,0.0,0.0,0.0,0.0
graph_idf,34670,DRY-110,0.0,0.0,0.0,0.0,0.0,0.0,0.0
graph_idf,34683,HX-147,0.0,0.0,0.0,0.0,0.0,0.0,0.0
graph_idf,34708,HV-102,0.0,0.0,0.0,1.0,1.0,0.0,0.07692307692307693
graph_idf,34756,AG-027,0.0,0.0,0.0,0.0,0.0,0.0,0.0
graph_idf,34808,CT-055,0.0,0.0,0.0,0.0,0.0,0.0,0.0
graph_idf,34853,CV-008,0.0,0.0,0.0,0.0,0.0,0.0,0.0
graph_idf,34880,DRY-029,0.0,0.0,0.0,0.0,0.0,0.0,0.0
graph_idf,34900,CV-127,0.0,0.0,0.0,0.0,0.0,0.0,0.0
graph_idf,34914,HX-052,0.0,0.0,0.0,0.0,0.0,0.0,0.0
graph_idf,34934,HP-014,0.0,0.0,0.0,0.0,0.0,0.0,0.0
graph_idf,34967,M-007,0.0,0.0,0.0,0.0,0.0,0.0,0.0
graph_idf,35025,TK-230,0.0,0.0,0.0,0.0,1.0,0.0,0.03125
graph_idf,35030,K-127,0.0,0.0,0.0,0.0,0.0,0.0,0.0
graph_idf,35054,P-176,0.0,0.0,0.0,0.0,0.0,0.0,0.0
graph_idf,35078,M-048,0.0,0.0,0.0,0.0,0.0,0.0,0.0
graph_idf,35098,CV-115,0.0,0.0,0.0,0.0,1.0,0.0,0.027777777777777776
graph_idf,35162,TK-133,0.0,0.0,0.0,0.0,0.0,0.0,0.0
graph_idf,35201,P-192,0.0,0.0,0.0,0.0,0.0,0.0,0.0
graph_idf,35231,HX-125,0.0,0.0,0.0,0.0,0.0,0.0,0.0
graph_idf,35240,TK-223,0.0,0.0,0.0,0.0,0.0,0.0,0.0
graph_idf,35243,TK-207,0.0,0.0,0.0,0.0,0.0,0.0,0.0
graph_idf,35314,CR-030,0.0,0.0,0.0,0.0,0.0,0.0,0.0
graph_idf,35347,K-216,0.0,0.0,0.0,0.0,0.0,0.0,0.0
graph_idf,35353,M-021,0.0,0.0,0.0,0.0,0.0,0.0,0.0
graph_idf,35401,DOS-109,0.0,0.0,0.0,0.0,0.0,0.0,0.0
graph_idf,35475,F-098,0.0,0.0,0.0,0.0,0.0,0.0,0.0
graph_idf,35530,TK-318,0.0,0.0,0.0,0.0,0.0,0.0,0.0
graph_idf,35550,CV-120,0.0,0.0,0.0,0.0,0.0,0.0,0.0
graph_idf,35566,P-145,0.0,0.0,0.0,0.0,0.0,0.0,0.0
graph_idf,35591,RLP-134,0.0,0.0,0.0,0.0,0.0,0.0,0.0
graph_idf,35605,DC-145,0.0,0.0,0.0,0.0,0.0,0.0,0.0
graph_idf,35628,BM-112,0.0,0.0,0.0,0.0,0.0,0.0,0.0
graph_idf,35682,TK-109,0.0,0.0,0.0,0.0,0.0,0.0,0.0
graph_idf,35690,P-482,0.0,0.0,0.0,0.0,0.0,0.0,0.0
graph_idf,35708,TRB-075,0.0,0.0,0.0,0.0,0.0,0.0,0.0
graph_idf,35729,VP-106,0.0,0.0,0.0,0.0,0.0,0.0,0.0
graph_idf,35747,GS-110,0.0,0.0,0.0,0.0,0.0,0.0,0.0
graph_idf,35751,CV-082,0.0,0.0,0.0,0.0,1.0,0.0,0.023809523809523808
graph_idf,35763,HV-106,0.0,0.0,0.0,0.0,0.0,0.0,0.0
graph_idf,35773,K-118,0.0,0.0,0.0,0.0,0.0,0.0,0.0
graph_idf,35866,P-335,0.0,0.0,0.0,0.0,0.0,0.0,0.0
graph_idf,35918,P-154,0.0,0.0,0.0,0.0,0.0,0.0,0.0
graph_idf,35958,CT-109,0.0,0.0,0.0,0.0,0.0,0.0,0.0
graph_idf,35975,CF-062,0.0,0.0,0.0,0.0,0.0,0.0,0.0
graph_idf,36016,TRB-042,0.0,0.0,0.0,0.0,0.0,0.0,0.0
graph_idf,36093,AG-041,0.0,0.0,0.0,0.0,0.0,0.0,0.0
graph_idf,36106,P-535,0.0,0.0,0.0,0.0,0.0,0.0,0.0
graph_idf,36125,K-336,0.0,0.0,0.0,0.0,0.0,0.0,0.0
graph_idf,36138,EX-011,0.0,0.0,0.0,0.0,0.0,0.0,0.0
graph_idf,36166,K-147,0.0,0.0,0.0,1.0,1.0,0.0,0.05
graph_idf,36189,K-061,0.0,0.0,0.0,0.0,1.0,0.0,0.023255813953488372
graph_idf,36201,HX-062,0.0,0.0,0.0,0.0,0.0,0.0,0.0
graph_idf,36259,M-076,0.0,0.0,0.0,0.0,0.0,0.0,0.0
graph_idf,36318,BLR-019,0.0,0.0,0.0,0.0,0.0,0.0,0.0
graph_idf,36363,DC-090,0.0,0.0,0.0,0.0,0.0,0.0,0.0
graph_idf,36370,EX-060,0.0,0.0,0.0,0.0,0.0,0.0,0.0
graph_idf,36389,CV-011,0.0,0.0,1.0,1.0,1.0,0.125,0.125
graph_idf,36394,F-129,0.0,0.0,0.0,0.0,0.0,0.0,0.0
graph_idf,36731,BM-127,0.0,0.0,0.0,0.0,0.0,0.0,0.0
graph_idf,36828,M-069,0.0,0.0,0.0,0.0,0.0,0.0,0.0
graph_idf,36832,DOS-129,0.0,0.0,1.0,1.0,1.0,0.16666666666666666,0.16666666666666666
graph_idf,36838,CV-032,0.0,0.0,0.0,0.0,0.0,0.0,0.0
graph_idf,36859,M-147,0.0,0.0,0.0,0.0,0.0,0.0,0.0
graph_idf,36884,BM-108,0.0,0.0,0.0,0.0,0.0,0.0,0.0
graph_idf,36977,SEP-109,0.0,0.0,0.0,0.0,0.0,0.0,0.0
graph_idf,37030,CF-045,0.0,0.0,0.0,0.0,0.0,0.0,0.0
graph_idf,37076,M-054,0.0,1.0,1.0,1.0,1.0,0.5,0.5
graph_idf,37080,TK-089,0.0,0.0,0.0,0.0,0.0,0.0,0.0
graph_idf,37102,M-142,0.0,0.0,0.0,1.0,1.0,0.0,0.05
graph_idf,37149,DOS-011,0.0,0.0,0.0,0.0,0.0,0.0,0.0
graph_idf,37204,HX-095,0.0,0.0,0.0,0.0,0.0,0.0,0.0
graph_idf,37242,AG-106,0.0,0.0,0.0,0.0,0.0,0.0,0.0
graph_idf,37319,P-543,0.0,0.0,0.0,0.0,0.0,0.0,0.0
graph_idf,37339,K-142,0.0,0.0,0.0,0.0,0.0,0.0,0.0
graph_idf,37370,EV-010,0.0,0.0,1.0,1.0,1.0,0.1,0.1
graph_idf,37393,P-335,0.0,0.0,0.0,0.0,0.0,0.0,0.0
graph_idf,37440,BLR-112,0.0,0.0,0.0,0.0,0.0,0.0,0.0
graph_idf,37476,P-742,0.0,0.0,0.0,0.0,0.0,0.0,0.0
graph_idf,37483,HX-027,0.0,0.0,0.0,0.0,0.0,0.0,0.0
graph_idf,37568,UF-098,0.0,0.0,0.0,0.0,0.0,0.0,0.0
graph_idf,37574,R-074,0.0,0.0,0.0,0.0,0.0,0.0,0.0
graph_idf,37577,P-335,0.0,0.0,0.0,0.0,0.0,0.0,0.0
graph_idf,37578,AG-136,0.0,0.0,0.0,0.0,0.0,0.0,0.0
graph_idf,37582,M-101,0.0,0.0,1.0,1.0,1.0,0.125,0.125
graph_idf,37592,DC-175,0.0,0.0,0.0,0.0,0.0,0.0,0.0
graph_idf,37627,P-246,0.0,0.0,0.0,0.0,0.0,0.0,0.0
graph_idf,37656,M-097,0.0,0.0,0.0,0.0,0.0,0.0,0.0
graph_idf,37667,DOS-040,0.0,0.0,0.0,0.0,0.0,0.0,0.0
graph_idf,37692,GB-028,0.0,0.0,0.0,0.0,0.0,0.0,0.0
graph_idf,37760,CV-118,0.0,0.0,0.0,0.0,0.0,0.0,0.0
graph_idf,37835,CT-137,0.0,0.0,1.0,1.0,1.0,0.1111111111111111,0.1111111111111111
graph_idf,37904,TK-221,0.0,0.0,0.0,0.0,0.0,0.0,0.0
graph_idf,37936,M-135,0.0,0.0,0.0,0.0,0.0,0.0,0.0
graph_idf,37947,M-122,0.0,0.0,0.0,0.0,1.0,0.0,0.04
graph_idf,37977,K-031,0.0,0.0,0.0,0.0,0.0,0.0,0.0
graph_idf,38003,BM-108,0.0,0.0,0.0,0.0,0.0,0.0,0.0
graph_idf,38052,TK-343,0.0,0.0,0.0,0.0,0.0,0.0,0.0
graph_idf,38095,AG-097,0.0,0.0,0.0,0.0,0.0,0.0,0.0
graph_idf,38181,P-222,0.0,0.0,0.0,0.0,0.0,0.0,0.0
graph_idf,38218,CR-103,0.0,0.0,0.0,0.0,0.0,0.0,0.0
graph_idf,38234,UF-124,0.0,0.0,0.0,0.0,0.0,0.0,0.0
graph_idf,38260,P-494,0.0,0.0,0.0,0.0,0.0,0.0,0.0
graph_idf,38277,GT-126,0.0,0.0,0.0,0.0,0.0,0.0,0.0
graph_idf,38323,P-506,0.0,0.0,0.0,0.0,0.0,0.0,0.0
graph_idf,38341,M-090,0.0,0.0,0.0,0.0,0.0,0.0,0.0
graph_idf,38360,P-699,0.0,0.0,0.0,0.0,0.0,0.0,0.0
graph_idf,38370,GB-052,0.0,0.0,0.0,0.0,0.0,0.0,0.0
graph_idf,38371,P-323,0.0,0.0,0.0,0.0,0.0,0.0,0.0
graph_idf,38410,AG-025,0.0,0.0,0.0,0.0,0.0,0.0,0.0
graph_idf,38471,HX-313,0.0,0.0,0.0,0.0,0.0,0.0,0.0
graph_idf,38535,CV-042,0.0,0.0,0.0,0.0,0.0,0.0,0.0
graph_idf,38567,HP-067,0.0,0.0,0.0,0.0,1.0,0.0,0.02857142857142857
graph_idf,38596,TK-142,0.0,0.0,0.0,0.0,0.0,0.0,0.0
graph_idf,38610,HX-098,0.0,0.0,0.0,0.0,0.0,0.0,0.0
graph_idf,38613,M-081,0.0,0.0,0.0,0.0,0.0,0.0,0.0
graph_idf,38642,P-495,0.0,0.0,0.0,0.0,0.0,0.0,0.0
graph_idf,38656,VP-132,0.0,0.0,0.0,0.0,0.0,0.0,0.0
graph_idf,38693,HX-102,0.0,0.0,0.0,0.0,0.0,0.0,0.0
graph_idf,38698,SD-091,0.0,0.0,0.0,0.0,0.0,0.0,0.0
graph_idf,38714,CV-042,0.0,0.0,0.0,0.0,0.0,0.0,0.0
graph_idf,38794,UF-010,0.0,0.0,0.0,0.0,0.0,0.0,0.0
graph_idf,38798,VP-141,0.0,0.0,0.0,0.0,0.0,0.0,0.0
graph_idf,38857,P-364,0.0,0.0,0.0,0.0,0.0,0.0,0.0
graph_idf,38862,CV-219,0.0,0.0,0.0,0.0,0.0,0.0,0.0
graph_idf,38890,P-658,0.0,0.0,0.0,0.0,0.0,0.0,0.0
graph_idf,38895,VP-096,0.0,0.0,0.0,0.0,0.0,0.0,0.0
graph_idf,38917,K-233,0.0,0.0,0.0,0.0,0.0,0.0,0.0
graph_idf,38950,P-155,0.0,0.0,0.0,0.0,0.0,0.0,0.0
graph_idf,38975,EX-081,0.0,0.0,0.0,0.0,0.0,0.0,0.0
graph_idf,39179,P-400,0.0,0.0,0.0,0.0,0.0,0.0,0.0
graph_idf,39229,EV-004,0.0,0.0,0.0,0.0,0.0,0.0,0.0
graph_idf,39339,P-743,0.0,0.0,0.0,0.0,0.0,0.0,0.0
graph_idf,39341,EX-105,0.0,0.0,0.0,0.0,0.0,0.0,0.0
graph_idf,39368,CT-109,0.0,0.0,0.0,0.0,0.0,0.0,0.0
graph_idf,39413,DP-125,0.0,0.0,0.0,0.0,0.0,0.0,0.0
graph_idf,39443,DRY-131,0.0,0.0,0.0,0.0,0.0,0.0,0.0
graph_idf,39452,P-708,0.0,0.0,0.0,0.0,0.0,0.0,0.0
graph_idf,39457,AG-119,0.0,0.0,0.0,0.0,0.0,0.0,0.0
graph_idf,39468,P-534,0.0,0.0,0.0,0.0,0.0,0.0,0.0
graph_idf,39469,TK-098,0.0,0.0,0.0,0.0,0.0,0.0,0.0
graph_idf,39627,P-176,0.0,0.0,0.0,0.0,0.0,0.0,0.0
graph_idf,39710,P-409,0.0,0.0,0.0,0.0,0.0,0.0,0.0
graph_idf,39754,DOS-033,0.0,0.0,0.0,0.0,0.0,0.0,0.0
graph_idf,39756,CR-145,0.0,0.0,0.0,0.0,0.0,0.0,0.0
graph_idf,39807,P-302,0.0,0.0,0.0,0.0,1.0,0.0,0.04
graph_idf,39827,DRY-048,0.0,0.0,0.0,0.0,0.0,0.0,0.0
graph_idf,39848,CR-041,0.0,0.0,0.0,0.0,0.0,0.0,0.0
graph_idf,39863,CF-076,0.0,0.0,0.0,0.0,0.0,0.0,0.0
graph_idf,39889,TK-314,0.0,0.0,0.0,0.0,0.0,0.0,0.0
graph_idf,39927,DC-014,0.0,0.0,0.0,0.0,0.0,0.0,0.0
graph_idf,39942,CR-023,0.0,0.0,0.0,0.0,0.0,0.0,0.0
graph_idf,39983,HV-310,0.0,0.0,0.0,0.0,0.0,0.0,0.0
graph_idf,40019,BM-040,0.0,0.0,0.0,0.0,0.0,0.0,0.0
graph_idf,40037,P-689,0.0,0.0,0.0,0.0,0.0,0.0,0.0
graph_idf,40046,HV-123,0.0,0.0,0.0,0.0,0.0,0.0,0.0
graph_idf,40094,TK-129,0.0,0.0,0.0,0.0,0.0,0.0,0.0
graph_idf,40119,P-223,0.0,0.0,0.0,0.0,1.0,0.0,0.03333333333333333
graph_idf,40141,UF-137,0.0,0.0,0.0,0.0,0.0,0.0,0.0
graph_idf,40156,CF-133,0.0,0.0,0.0,0.0,0.0,0.0,0.0
graph_idf,40210,TK-104,0.0,0.0,0.0,0.0,0.0,0.0,0.0
graph_idf,40284,P-685,0.0,0.0,0.0,0.0,0.0,0.0,0.0
graph_idf,40337,TK-046,0.0,0.0,0.0,0.0,0.0,0.0,0.0
graph_idf,40380,CV-328,0.0,0.0,0.0,0.0,0.0,0.0,0.0
graph_idf,40381,K-095,0.0,0.0,0.0,0.0,0.0,0.0,0.0
graph_idf,40395,HX-080,0.0,0.0,0.0,0.0,0.0,0.0,0.0
graph_idf,40432,DC-109,0.0,0.0,0.0,0.0,0.0,0.0,0.0
graph_idf,40441,GB-008,0.0,0.0,0.0,0.0,0.0,0.0,0.0
graph_idf,40554,P-244,0.0,0.0,0.0,0.0,0.0,0.0,0.0
graph_idf,40580,CT-124,0.0,0.0,0.0,0.0,0.0,0.0,0.0
graph_idf,40587,AG-139,0.0,0.0,0.0,0.0,1.0,0.0,0.020833333333333332
graph_idf,40618,BLR-085,0.0,0.0,0.0,0.0,0.0,0.0,0.0
graph_idf,40629,M-083,0.0,0.0,0.0,0.0,0.0,0.0,0.0
graph_idf,40695,P-217,0.0,0.0,0.0,0.0,0.0,0.0,0.0
graph_idf,40701,SEP-112,0.0,0.0,0.0,0.0,0.0,0.0,0.0
graph_idf,40707,P-222,0.0,0.0,0.0,0.0,0.0,0.0,0.0
graph_idf,40711,DOS-167,0.0,0.0,0.0,0.0,0.0,0.0,0.0
graph_idf,40849,P-340,0.0,0.0,0.0,0.0,0.0,0.0,0.0
graph_idf,40850,P-122,0.0,0.0,0.0,0.0,0.0,0.0,0.0
graph_idf,40876,P-395,0.0,0.0,0.0,0.0,0.0,0.0,0.0
graph_idf,40879,AG-116,0.0,1.0,1.0,1.0,1.0,0.2,0.2
graph_idf,40944,K-119,0.0,0.0,0.0,0.0,0.0,0.0,0.0
graph_idf,40965,M-125,0.0,0.0,0.0,0.0,0.0,0.0,0.0
graph_idf,40989,EX-071,0.0,0.0,0.0,0.0,0.0,0.0,0.0
graph_idf,41019,AG-143,0.0,0.0,0.0,0.0,0.0,0.0,0.0
graph_idf,41038,HX-104,0.0,0.0,0.0,0.0,0.0,0.0,0.0
graph_idf,41059,M-037,0.0,0.0,0.0,0.0,0.0,0.0,0.0
graph_idf,41086,P-215,0.0,1.0,1.0,1.0,1.0,0.2,0.2
graph_idf,41092,HP-099,0.0,0.0,0.0,0.0,0.0,0.0,0.0
graph_idf,41103,CV-227,0.0,0.0,0.0,0.0,0.0,0.0,0.0
graph_idf,41120,HV-101,0.0,0.0,0.0,0.0,1.0,0.0,0.030303030303030304
graph_idf,41141,UF-055,0.0,0.0,0.0,0.0,0.0,0.0,0.0
graph_idf,41161,DP-005,0.0,0.0,0.0,0.0,0.0,0.0,0.0
graph_idf,41237,BM-087,0.0,0.0,0.0,0.0,0.0,0.0,0.0
graph_idf,41330,P-529,0.0,0.0,0.0,0.0,0.0,0.0,0.0
graph_idf,41398,P-206,0.0,0.0,0.0,0.0,0.0,0.0,0.0
graph_idf,41417,FM-113,0.0,0.0,0.0,0.0,0.0,0.0,0.0
graph_idf,41497,DP-088,0.0,0.0,0.0,0.0,0.0,0.0,0.0
graph_idf,41502,P-156,0.0,0.0,0.0,0.0,0.0,0.0,0.0
graph_idf,41532,K-241,0.0,0.0,0.0,0.0,0.0,0.0,0.0
graph_idf,41580,SC-101,0.0,0.0,0.0,0.0,0.0,0.0,0.0
graph_idf,41596,DC-105,0.0,0.0,0.0,0.0,0.0,0.0,0.0
graph_idf,41665,M-023,0.0,0.0,0.0,0.0,0.0,0.0,0.0
graph_idf,41668,P-666,0.0,0.0,0.0,0.0,0.0,0.0,0.0
graph_idf,41704,F-121,0.0,0.0,0.0,0.0,0.0,0.0,0.0
graph_idf,41724,HV-052,0.0,0.0,0.0,0.0,0.0,0.0,0.0
graph_idf,41741,AG-147,0.0,0.0,0.0,0.0,0.0,0.0,0.0
graph_idf,41788,TRB-007,0.0,0.0,0.0,0.0,0.0,0.0,0.0
graph_idf,41804,TRB-109,0.0,0.0,0.0,0.0,0.0,0.0,0.0
graph_idf,41816,K-109,0.0,0.0,0.0,0.0,0.0,0.0,0.0
graph_idf,41824,K-206,0.0,0.0,0.0,0.0,0.0,0.0,0.0
graph_idf,41834,AG-005,0.0,0.0,0.0,0.0,0.0,0.0,0.0
graph_idf,41877,HX-031,0.0,0.0,0.0,0.0,0.0,0.0,0.0
graph_idf,41958,P-216,0.0,0.0,0.0,0.0,0.0,0.0,0.0
graph_idf,41976,K-105,0.0,0.0,0.0,0.0,0.0,0.0,0.0
graph_idf,42017,DC-083,0.0,0.0,0.0,0.0,0.0,0.0,0.0
graph_idf,42034,CT-063,0.0,0.0,0.0,0.0,0.0,0.0,0.0
graph_idf,42091,P-269,0.0,0.0,0.0,0.0,0.0,0.0,0.0
graph_idf,42116,EV-082,0.0,0.0,0.0,0.0,0.0,0.0,0.0
graph_idf,42125,P-696,0.0,0.0,0.0,0.0,0.0,0.0,0.0
graph_idf,42165,P-426,0.0,0.0,0.0,0.0,0.0,0.0,0.0
graph_idf,42256,TK-142,0.0,0.0,0.0,0.0,0.0,0.0,0.0
graph_idf,42262,P-152,0.0,0.0,0.0,0.0,0.0,0.0,0.0
graph_idf,42348,SC-110,0.0,0.0,0.0,1.0,1.0,0.0,0.05
graph_idf,42399,HX-072,0.0,0.0,0.0,0.0,0.0,0.0,0.0
graph_idf,42426,TK-052,0.0,0.0,0.0,0.0,0.0,0.0,0.0
graph_idf,42464,HV-036,0.0,0.0,0.0,0.0,0.0,0.0,0.0
graph_idf,42466,BLR-052,0.0,0.0,0.0,0.0,0.0,0.0,0.0
graph_idf,42490,AG-143,0.0,0.0,0.0,0.0,0.0,0.0,0.0
graph_idf,42543,P-342,0.0,0.0,0.0,0.0,0.0,0.0,0.0
graph_idf,42548,DRY-116,0.0,0.0,0.0,0.0,0.0,0.0,0.0
graph_idf,42590,F-307,0.0,0.0,0.0,0.0,0.0,0.0,0.0
graph_idf,42607,CF-067,0.0,0.0,0.0,0.0,0.0,0.0,0.0
graph_idf,42624,EX-082,0.0,0.0,0.0,0.0,0.0,0.0,0.0
graph_idf,42677,P-317,0.0,0.0,0.0,0.0,0.0,0.0,0.0
graph_idf,42684,TK-143,0.0,0.0,0.0,0.0,1.0,0.0,0.024390243902439025
graph_idf,42707,DRY-086,0.0,0.0,0.0,0.0,0.0,0.0,0.0
graph_idf,42740,HX-145,0.0,0.0,0.0,0.0,0.0,0.0,0.0
graph_idf,42745,P-316,0.0,0.0,0.0,0.0,0.0,0.0,0.0
graph_idf,42768,CV-090,0.0,0.0,0.0,0.0,0.0,0.0,0.0
graph_idf,42787,HX-079,0.0,0.0,0.0,0.0,0.0,0.0,0.0
graph_idf,42814,P-699,0.0,0.0,0.0,0.0,0.0,0.0,0.0
graph_idf,42818,K-126,0.0,0.0,0.0,0.0,0.0,0.0,0.0
graph_idf,42826,M-082,0.0,0.0,0.0,0.0,0.0,0.0,0.0
graph_idf,42845,FM-129,0.0,0.0,0.0,0.0,0.0,0.0,0.0
graph_idf,42857,P-311,0.0,0.0,0.0,0.0,0.0,0.0,0.0
graph_idf,42867,BLR-113,0.0,0.0,0.0,0.0,0.0,0.0,0.0
graph_idf,42912,DOS-059,0.0,0.0,0.0,0.0,0.0,0.0,0.0
graph_idf,42943,K-191,0.0,0.0,0.0,0.0,0.0,0.0,0.0
graph_idf,42962,TK-221,1.0,1.0,1.0,1.0,1.0,1.0,1.0
graph_idf,42978,K-075,0.0,0.0,0.0,0.0,0.0,0.0,0.0
graph_idf,42981,P-370,0.0,0.0,0.0,0.0,0.0,0.0,0.0
graph_idf,42997,DC-133,0.0,0.0,0.0,0.0,0.0,0.0,0.0
graph_idf,42998,R-115,0.0,0.0,0.0,0.0,0.0,0.0,0.0
graph_idf,43028,M-085,0.0,0.0,0.0,0.0,1.0,0.0,0.02702702702702703
graph_idf,43122,AG-064,0.0,0.0,0.0,0.0,0.0,0.0,0.0
graph_idf,43125,P-322,0.0,0.0,0.0,0.0,0.0,0.0,0.0
graph_idf,43141,P-539,0.0,0.0,0.0,0.0,0.0,0.0,0.0
graph_idf,43187,K-017,0.0,0.0,0.0,0.0,0.0,0.0,0.0
graph_idf,43207,M-136,0.0,0.0,0.0,0.0,0.0,0.0,0.0
graph_idf,43217,P-235,0.0,0.0,0.0,0.0,0.0,0.0,0.0
graph_idf,43266,P-420,0.0,0.0,0.0,0.0,0.0,0.0,0.0
graph_idf,43285,TK-054,1.0,1.0,1.0,1.0,1.0,1.0,1.0
graph_idf,43290,EX-062,0.0,0.0,0.0,0.0,0.0,0.0,0.0
graph_idf,43324,TK-078,0.0,0.0,0.0,0.0,0.0,0.0,0.0
graph_idf,43520,AG-040,0.0,0.0,0.0,0.0,0.0,0.0,0.0
graph_idf,43543,SC-118,0.0,0.0,0.0,0.0,1.0,0.0,0.022222222222222223
graph_idf,43593,TK-125,0.0,0.0,0.0,0.0,0.0,0.0,0.0
graph_idf,43601,CT-114,0.0,0.0,0.0,0.0,0.0,0.0,0.0
graph_idf,43633,GB-211,0.0,0.0,0.0,0.0,0.0,0.0,0.0
graph_idf,43671,BLR-131,0.0,0.0,0.0,0.0,0.0,0.0,0.0
graph_idf,43695,CF-030,0.0,0.0,0.0,0.0,0.0,0.0,0.0
graph_idf,43768,P-410,0.0,0.0,0.0,0.0,0.0,0.0,0.0
graph_idf,43769,K-075,0.0,0.0,0.0,0.0,0.0,0.0,0.0
graph_idf,43774,GB-087,0.0,0.0,0.0,0.0,0.0,0.0,0.0
graph_idf,43793,HP-033,0.0,0.0,0.0,0.0,0.0,0.0,0.0
graph_idf,43808,TK-139,0.0,0.0,0.0,0.0,0.0,0.0,0.0
graph_idf,43815,HP-055,0.0,0.0,0.0,0.0,0.0,0.0,0.0
graph_idf,43816,DC-110,0.0,0.0,0.0,0.0,0.0,0.0,0.0
graph_idf,43819,HX-351,0.0,0.0,0.0,0.0,0.0,0.0,0.0
graph_idf,43855,TK-208,0.0,0.0,0.0,0.0,0.0,0.0,0.0
graph_idf,43858,CF-039,0.0,0.0,0.0,0.0,0.0,0.0,0.0
graph_idf,43862,TK-137,0.0,0.0,0.0,0.0,0.0,0.0,0.0
graph_idf,43985,P-521,0.0,0.0,0.0,0.0,0.0,0.0,0.0
graph_idf,44072,GT-143,0.0,0.0,0.0,0.0,0.0,0.0,0.0
graph_idf,44095,R-005,0.0,0.0,0.0,0.0,0.0,0.0,0.0
graph_idf,44133,TK-237,0.0,0.0,0.0,0.0,0.0,0.0,0.0
graph_idf,44145,HX-145,0.0,0.0,0.0,0.0,0.0,0.0,0.0
graph_idf,44191,HX-015,0.0,0.0,0.0,1.0,1.0,0.0,0.07142857142857142
graph_idf,44204,BLR-135,0.0,0.0,0.0,0.0,0.0,0.0,0.0
graph_idf,44241,AG-061,0.0,0.0,0.0,0.0,0.0,0.0,0.0
graph_idf,44293,R-090,0.0,0.0,0.0,0.0,0.0,0.0,0.0
graph_idf,44312,SEP-111,0.0,0.0,0.0,0.0,0.0,0.0,0.0
graph_idf,44319,GB-129,0.0,0.0,0.0,0.0,0.0,0.0,0.0
graph_idf,44330,CV-342,0.0,0.0,0.0,0.0,0.0,0.0,0.0
graph_idf,44343,GB-091,0.0,0.0,0.0,0.0,0.0,0.0,0.0
graph_idf,44366,K-261,0.0,0.0,0.0,0.0,0.0,0.0,0.0
graph_idf,44374,EV-131,0.0,0.0,0.0,0.0,0.0,0.0,0.0
graph_idf,44424,R-119,0.0,0.0,0.0,0.0,0.0,0.0,0.0
graph_idf,44435,TK-101,0.0,0.0,0.0,0.0,0.0,0.0,0.0
graph_idf,44523,GB-091,0.0,0.0,0.0,0.0,0.0,0.0,0.0
graph_idf,44572,P-240,0.0,0.0,0.0,0.0,0.0,0.0,0.0
graph_idf,44576,TK-330,0.0,0.0,0.0,0.0,0.0,0.0,0.0
graph_idf,44610,BM-131,0.0,0.0,0.0,0.0,0.0,0.0,0.0
graph_idf,44625,HX-009,0.0,0.0,0.0,0.0,0.0,0.0,0.0
graph_idf,44639,SEP-110,0.0,0.0,0.0,0.0,0.0,0.0,0.0
graph_idf,44662,M-074,0.0,0.0,0.0,0.0,0.0,0.0,0.0
graph_idf,44735,M-112,0.0,0.0,0.0,0.0,0.0,0.0,0.0
graph_idf,44740,M-127,0.0,0.0,0.0,0.0,0.0,0.0,0.0
graph_idf,44851,AG-119,0.0,0.0,0.0,0.0,0.0,0.0,0.0
graph_idf,44886,CV-318,0.0,0.0,0.0,0.0,0.0,0.0,0.0
graph_idf,44946,HX-081,0.0,0.0,0.0,0.0,0.0,0.0,0.0
graph_idf,44991,HP-073,0.0,0.0,0.0,0.0,0.0,0.0,0.0
graph_idf,44999,P-448,0.0,0.0,0.0,0.0,0.0,0.0,0.0
graph_idf,45013,RLP-103,0.0,0.0,0.0,0.0,0.0,0.0,0.0
graph_idf,45026,GB-046,0.0,0.0,0.0,0.0,0.0,0.0,0.0
graph_idf,45038,P-424,0.0,0.0,0.0,0.0,0.0,0.0,0.0
graph_idf,45055,F-145,0.0,0.0,0.0,0.0,0.0,0.0,0.0
graph_idf,45095,K-143,0.0,0.0,0.0,0.0,0.0,0.0,0.0
graph_idf,45097,AG-074,0.0,0.0,0.0,0.0,0.0,0.0,0.0
graph_idf,45112,P-200,0.0,0.0,0.0,0.0,0.0,0.0,0.0
graph_idf,45155,P-294,0.0,0.0,0.0,0.0,0.0,0.0,0.0
graph_idf,45169,AG-053,0.0,0.0,0.0,0.0,0.0,0.0,0.0
graph_idf,45172,FM-018,0.0,0.0,0.0,0.0,0.0,0.0,0.0
graph_idf,45185,P-561,0.0,0.0,0.0,0.0,0.0,0.0,0.0
graph_idf,45238,M-124,0.0,0.0,1.0,1.0,1.0,0.14285714285714285,0.14285714285714285
graph_idf,45244,FM-140,0.0,0.0,0.0,0.0,0.0,0.0,0.0
graph_idf,45320,P-532,0.0,0.0,0.0,0.0,0.0,0.0,0.0
graph_idf,45363,P-111,0.0,0.0,0.0,0.0,0.0,0.0,0.0
graph_idf,45427,P-262,0.0,0.0,0.0,0.0,0.0,0.0,0.0
graph_idf,45442,HX-031,0.0,0.0,0.0,0.0,0.0,0.0,0.0
graph_idf,45515,DOS-145,0.0,0.0,0.0,0.0,0.0,0.0,0.0
graph_idf,45525,K-080,0.0,0.0,0.0,0.0,0.0,0.0,0.0
graph_idf,45565,GS-129,0.0,0.0,0.0,0.0,0.0,0.0,0.0
graph_idf,45602,SC-137,0.0,0.0,0.0,0.0,0.0,0.0,0.0
graph_idf,45671,R-041,0.0,0.0,0.0,0.0,0.0,0.0,0.0
graph_idf,45746,GT-073,0.0,0.0,0.0,0.0,0.0,0.0,0.0
graph_idf,45760,TRB-040,0.0,0.0,0.0,0.0,0.0,0.0,0.0
graph_idf,45811,TK-041,0.0,0.0,0.0,0.0,0.0,0.0,0.0
graph_idf,45814,P-338,0.0,0.0,0.0,0.0,0.0,0.0,0.0
graph_idf,45837,K-335,0.0,0.0,0.0,0.0,0.0,0.0,0.0
graph_idf,45852,P-270,0.0,0.0,0.0,0.0,0.0,0.0,0.0
graph_idf,45864,HX-212,0.0,0.0,0.0,0.0,0.0,0.0,0.0
graph_idf,45872,GB-130,0.0,0.0,0.0,0.0,0.0,0.0,0.0
graph_idf,45909,P-307,0.0,0.0,0.0,0.0,0.0,0.0,0.0
graph_idf,45947,BM-121,0.0,0.0,0.0,0.0,0.0,0.0,0.0
graph_idf,45953,AG-062,0.0,0.0,0.0,0.0,0.0,0.0,0.0
graph_idf,45966,EV-125,0.0,0.0,0.0,0.0,0.0,0.0,0.0
graph_idf,46031,R-015,0.0,0.0,0.0,0.0,0.0,0.0,0.0
graph_idf,46036,TK-143,0.0,0.0,0.0,0.0,0.0,0.0,0.0
graph_idf,46041,R-010,0.0,0.0,0.0,0.0,0.0,0.0,0.0
graph_idf,46053,K-103,0.0,0.0,0.0,0.0,0.0,0.0,0.0
graph_idf,46079,DP-068,0.0,0.0,0.0,0.0,0.0,0.0,0.0
graph_idf,46080,GB-051,0.0,0.0,0.0,0.0,0.0,0.0,0.0
graph_idf,46092,HX-168,0.0,0.0,0.0,0.0,0.0,0.0,0.0
graph_idf,46138,AG-058,0.0,0.0,0.0,0.0,0.0,0.0,0.0
graph_idf,46188,TK-022,0.0,0.0,0.0,0.0,0.0,0.0,0.0
graph_idf,46216,P-552,0.0,0.0,0.0,0.0,0.0,0.0,0.0
graph_idf,46250,FM-096,0.0,0.0,0.0,0.0,0.0,0.0,0.0
graph_idf,46268,P-248,0.0,0.0,0.0,0.0,0.0,0.0,0.0
graph_idf,46279,M-113,0.0,0.0,0.0,0.0,0.0,0.0,0.0
graph_idf,46299,P-740,0.0,0.0,0.0,0.0,0.0,0.0,0.0
graph_idf,46320,F-147,0.0,0.0,1.0,1.0,1.0,0.14285714285714285,0.14285714285714285
graph_idf,46355,DC-073,0.0,0.0,0.0,0.0,0.0,0.0,0.0
graph_idf,46361,SC-028,0.0,0.0,0.0,0.0,0.0,0.0,0.0
graph_idf,46375,EX-098,0.0,0.0,0.0,0.0,0.0,0.0,0.0
graph_idf,46393,K-085,0.0,0.0,0.0,0.0,0.0,0.0,0.0
graph_idf,46417,DC-116,0.0,0.0,0.0,0.0,0.0,0.0,0.0
graph_idf,46434,P-644,0.0,0.0,0.0,0.0,0.0,0.0,0.0
graph_idf,46458,K-059,0.0,0.0,0.0,0.0,1.0,0.0,0.043478260869565216
graph_idf,46503,FCC-084,0.0,0.0,0.0,0.0,0.0,0.0,0.0
graph_idf,46506,P-105,0.0,0.0,0.0,0.0,0.0,0.0,0.0
graph_idf,46513,AG-027,0.0,0.0,0.0,0.0,0.0,0.0,0.0
graph_idf,46582,TK-158,0.0,0.0,0.0,0.0,0.0,0.0,0.0
graph_idf,46600,K-086,0.0,0.0,0.0,0.0,0.0,0.0,0.0
graph_idf,46625,FM-087,0.0,0.0,0.0,0.0,0.0,0.0,0.0
graph_idf,46626,SD-014,0.0,0.0,0.0,0.0,0.0,0.0,0.0
graph_idf,46640,GB-114,0.0,0.0,0.0,0.0,0.0,0.0,0.0
graph_idf,46674,DOS-043,0.0,0.0,0.0,0.0,0.0,0.0,0.0
graph_idf,46690,HX-129,0.0,0.0,0.0,0.0,0.0,0.0,0.0
graph_idf,46705,M-085,0.0,0.0,0.0,0.0,1.0,0.0,0.029411764705882353
graph_idf,46709,DOS-129,0.0,0.0,0.0,0.0,0.0,0.0,0.0
graph_idf,46728,EX-053,0.0,0.0,0.0,0.0,0.0,0.0,0.0
graph_idf,46751,FM-116,0.0,0.0,0.0,0.0,0.0,0.0,0.0
graph_idf,46766,AG-035,0.0,0.0,0.0,0.0,0.0,0.0,0.0
graph_idf,46790,CF-043,0.0,0.0,0.0,0.0,0.0,0.0,0.0
graph_idf,46826,HX-095,0.0,0.0,0.0,0.0,0.0,0.0,0.0
graph_idf,46841,EX-125,0.0,0.0,0.0,0.0,0.0,0.0,0.0
graph_idf,46875,P-229,0.0,0.0,0.0,0.0,0.0,0.0,0.0
graph_idf,46908,P-332,0.0,0.0,0.0,0.0,0.0,0.0,0.0
graph_idf,46960,M-110,0.0,0.0,0.0,0.0,0.0,0.0,0.0
graph_idf,46976,K-098,0.0,0.0,0.0,0.0,0.0,0.0,0.0
graph_idf,47033,TK-047,0.0,0.0,0.0,0.0,0.0,0.0,0.0
graph_idf,47102,CV-093,0.0,0.0,0.0,0.0,0.0,0.0,0.0
graph_idf,47172,HV-141,0.0,0.0,0.0,0.0,0.0,0.0,0.0
graph_idf,47180,P-244,0.0,0.0,0.0,0.0,0.0,0.0,0.0
graph_idf,47244,P-117,0.0,0.0,1.0,1.0,1.0,0.16666666666666666,0.16666666666666666
graph_idf,47296,CF-068,0.0,0.0,0.0,0.0,0.0,0.0,0.0
graph_idf,47325,BM-142,0.0,0.0,0.0,0.0,0.0,0.0,0.0
graph_idf,47335,CF-117,0.0,0.0,0.0,0.0,1.0,0.0,0.025
graph_idf,47355,TK-185,0.0,0.0,0.0,0.0,0.0,0.0,0.0
graph_idf,47394,P-742,0.0,0.0,0.0,0.0,0.0,0.0,0.0
graph_idf,47474,FM-054,0.0,0.0,0.0,0.0,0.0,0.0,0.0
graph_idf,47534,TK-104,0.0,0.0,0.0,0.0,0.0,0.0,0.0
graph_idf,47568,P-609,0.0,0.0,0.0,0.0,0.0,0.0,0.0
graph_idf,47579,SEP-085,0.0,0.0,0.0,0.0,0.0,0.0,0.0
graph_idf,47593,F-048,0.0,0.0,0.0,0.0,0.0,0.0,0.0
graph_idf,47602,FM-015,0.0,0.0,0.0,0.0,0.0,0.0,0.0
graph_idf,47616,K-021,0.0,0.0,0.0,0.0,0.0,0.0,0.0
graph_idf,47620,F-017,0.0,0.0,0.0,0.0,0.0,0.0,0.0
graph_idf,47635,P-331,0.0,0.0,0.0,0.0,0.0,0.0,0.0
graph_idf,47674,TK-134,0.0,0.0,0.0,0.0,0.0,0.0,0.0
graph_idf,47695,BM-059,0.0,0.0,0.0,0.0,0.0,0.0,0.0
graph_idf,47699,P-154,0.0,0.0,0.0,0.0,0.0,0.0,0.0
graph_idf,47755,P-344,0.0,0.0,0.0,0.0,0.0,0.0,0.0
graph_idf,47811,F-120,0.0,0.0,0.0,0.0,0.0,0.0,0.0
graph_idf,47848,P-179,0.0,0.0,0.0,0.0,0.0,0.0,0.0
graph_idf,47876,AG-098,0.0,0.0,0.0,0.0,0.0,0.0,0.0
graph_idf,47978,RLP-050,0.0,0.0,0.0,0.0,0.0,0.0,0.0
graph_idf,48020,DOS-084,0.0,0.0,0.0,0.0,0.0,0.0,0.0
graph_idf,48039,K-027,0.0,0.0,0.0,0.0,0.0,0.0,0.0
graph_idf,48093,DRY-019,0.0,0.0,0.0,0.0,0.0,0.0,0.0
graph_idf,48104,EV-076,0.0,0.0,0.0,0.0,0.0,0.0,0.0
graph_idf,48181,DOS-133,0.0,0.0,0.0,0.0,1.0,0.0,0.025
graph_idf,48191,P-658,0.0,0.0,0.0,0.0,0.0,0.0,0.0
graph_idf,48197,EX-109,0.0,0.0,0.0,0.0,0.0,0.0,0.0
graph_idf,48208,F-143,0.0,0.0,0.0,0.0,0.0,0.0,0.0
graph_idf,48223,EX-109,0.0,0.0,0.0,0.0,0.0,0.0,0.0
graph_idf,48271,TK-148,0.0,0.0,0.0,1.0,1.0,0.0,0.0625
graph_idf,48326,P-180,0.0,0.0,0.0,0.0,0.0,0.0,0.0
graph_idf,48371,P-198,0.0,0.0,0.0,0.0,0.0,0.0,0.0
graph_idf,48417,HV-210,0.0,0.0,0.0,0.0,0.0,0.0,0.0
graph_idf,48443,GB-006,0.0,0.0,0.0,0.0,0.0,0.0,0.0
graph_idf,48569,DC-069,0.0,0.0,0.0,0.0,0.0,0.0,0.0
graph_idf,48570,RLP-136,0.0,0.0,0.0,0.0,0.0,0.0,0.0
graph_idf,48636,AG-107,0.0,0.0,0.0,0.0,0.0,0.0,0.0
graph_idf,48730,DOS-027,0.0,0.0,0.0,0.0,0.0,0.0,0.0
graph_idf,48751,FCC-051,0.0,0.0,0.0,0.0,0.0,0.0,0.0
graph_idf,48772,K-051,0.0,0.0,0.0,0.0,0.0,0.0,0.0
graph_idf,48774,DP-057,0.0,0.0,0.0,0.0,0.0,0.0,0.0
graph_idf,48809,M-068,0.0,0.0,0.0,0.0,0.0,0.0,0.0
graph_idf,48839,FM-147,0.0,0.0,0.0,0.0,0.0,0.0,0.0
graph_idf,48895,P-176,0.0,0.0,0.0,0.0,0.0,0.0,0.0
graph_idf,48910,HX-049,0.0,0.0,0.0,0.0,0.0,0.0,0.0
graph_idf,48983,GB-027,0.0,0.0,0.0,0.0,0.0,0.0,0.0
graph_idf,48989,HX-041,0.0,0.0,0.0,0.0,0.0,0.0,0.0
graph_idf,49014,CR-123,0.0,0.0,0.0,0.0,0.0,0.0,0.0
graph_idf,49035,SEP-020,0.0,0.0,0.0,0.0,0.0,0.0,0.0
graph_idf,49101,TK-338,0.0,0.0,0.0,0.0,0.0,0.0,0.0
graph_idf,49144,GB-082,0.0,0.0,0.0,0.0,0.0,0.0,0.0
graph_idf,49203,R-024,0.0,0.0,0.0,0.0,0.0,0.0,0.0
graph_idf,49323,AG-031,0.0,0.0,0.0,0.0,0.0,0.0,0.0
graph_idf,49357,K-101,0.0,0.0,0.0,0.0,0.0,0.0,0.0
graph_idf,49362,DRY-006,0.0,0.0,0.0,0.0,0.0,0.0,0.0
graph_idf,49363,P-108,0.0,0.0,0.0,0.0,0.0,0.0,0.0
graph_idf,49373,HX-329,0.0,0.0,0.0,0.0,0.0,0.0,0.0
graph_idf,49392,TK-131,0.0,0.0,0.0,0.0,0.0,0.0,0.0
graph_idf,49395,F-054,0.0,0.0,0.0,0.0,0.0,0.0,0.0
graph_idf,49401,BLR-011,0.0,0.0,0.0,0.0,0.0,0.0,0.0
graph_idf,49412,GB-128,0.0,0.0,0.0,0.0,0.0,0.0,0.0
graph_idf,49460,M-082,0.0,0.0,0.0,0.0,0.0,0.0,0.0
graph_idf,49478,R-063,0.0,0.0,0.0,0.0,0.0,0.0,0.0
graph_idf,49492,CV-133,0.0,0.0,1.0,1.0,1.0,0.125,0.125
graph_idf,49502,TK-006,0.0,0.0,0.0,0.0,0.0,0.0,0.0
graph_idf,49522,P-367,0.0,0.0,0.0,0.0,0.0,0.0,0.0
graph_idf,49537,M-071,0.0,0.0,0.0,0.0,1.0,0.0,0.02
graph_idf,49574,EX-238,0.0,0.0,0.0,0.0,0.0,0.0,0.0
graph_idf,49581,K-121,0.0,0.0,0.0,0.0,0.0,0.0,0.0
graph_idf,49611,TK-062,0.0,0.0,0.0,0.0,0.0,0.0,0.0
graph_idf,49635,DC-022,0.0,0.0,0.0,0.0,0.0,0.0,0.0
graph_idf,49655,M-022,0.0,0.0,0.0,0.0,0.0,0.0,0.0
graph_idf,49773,TK-205,0.0,0.0,0.0,0.0,0.0,0.0,0.0
graph_idf,49796,P-246,0.0,0.0,0.0,0.0,0.0,0.0,0.0
graph_idf,49878,F-032,0.0,0.0,0.0,0.0,0.0,0.0,0.0
graph_idf,49911,P-328,0.0,0.0,0.0,0.0,0.0,0.0,0.0
graph_idf,49938,TK-071,0.0,0.0,0.0,0.0,0.0,0.0,0.0
word_character,6,HX-301,0.0,0.0,0.0,0.0,0.0,0.0,0.0
word_character,92,DOS-081,0.0,0.0,0.0,1.0,1.0,0.0,0.06666666666666667
word_character,146,CR-118,0.0,0.0,0.0,0.0,0.0,0.0,0.0
word_character,192,FCC-018,0.0,0.0,0.0,0.0,0.0,0.0,0.0
word_character,260,EX-120,0.0,0.0,0.0,0.0,0.0,0.0,0.0
word_character,282,GS-059,0.0,0.0,0.0,0.0,0.0,0.0,0.0
word_character,322,TK-183,0.0,0.0,0.0,0.0,0.0,0.0,0.0
word_character,332,P-229,0.0,0.0,0.0,0.0,0.0,0.0,0.0
word_character,333,K-099,0.0,0.0,0.0,0.0,0.0,0.0,0.0
word_character,334,TK-082,0.0,0.0,0.0,0.0,0.0,0.0,0.0
word_character,342,HP-097,0.0,0.0,0.0,0.0,1.0,0.0,0.023809523809523808
word_character,347,CV-009,0.0,0.0,0.0,0.0,1.0,0.0,0.043478260869565216
word_character,351,DRY-076,0.0,0.0,0.0,0.0,0.0,0.0,0.0
word_character,353,P-161,0.0,0.0,0.0,0.0,0.0,0.0,0.0
word_character,408,TK-306,0.0,0.0,0.0,0.0,0.0,0.0,0.0
word_character,409,BLR-076,0.0,0.0,0.0,0.0,1.0,0.0,0.030303030303030304
word_character,436,CV-050,0.0,0.0,0.0,0.0,0.0,0.0,0.0
word_character,475,F-123,0.0,0.0,0.0,0.0,0.0,0.0,0.0
word_character,561,P-262,0.0,0.0,0.0,0.0,0.0,0.0,0.0
word_character,570,SC-215,0.0,0.0,0.0,0.0,0.0,0.0,0.0
word_character,594,HX-071,0.0,0.0,0.0,0.0,0.0,0.0,0.0
word_character,600,P-238,0.0,0.0,0.0,0.0,0.0,0.0,0.0
word_character,601,AG-101,0.0,0.0,0.0,1.0,1.0,0.0,0.05
word_character,622,HX-337,0.0,0.0,0.0,0.0,0.0,0.0,0.0
word_character,636,P-313,0.0,0.0,0.0,0.0,0.0,0.0,0.0
word_character,640,AG-107,0.0,0.0,0.0,0.0,0.0,0.0,0.0
word_character,645,SEP-079,0.0,0.0,0.0,0.0,0.0,0.0,0.0
word_character,673,DC-116,0.0,1.0,1.0,1.0,1.0,0.3333333333333333,0.3333333333333333
word_character,697,P-248,0.0,0.0,0.0,0.0,0.0,0.0,0.0
word_character,725,P-234,0.0,0.0,0.0,0.0,0.0,0.0,0.0
word_character,738,HX-133,0.0,0.0,1.0,1.0,1.0,0.16666666666666666,0.16666666666666666
word_character,739,UF-065,0.0,0.0,0.0,0.0,1.0,0.0,0.022222222222222223
word_character,767,DP-074,0.0,0.0,0.0,0.0,0.0,0.0,0.0
word_character,786,DOS-122,0.0,0.0,0.0,0.0,0.0,0.0,0.0
word_character,831,TK-386,0.0,0.0,0.0,0.0,0.0,0.0,0.0
word_character,877,R-117,0.0,0.0,0.0,0.0,0.0,0.0,0.0
word_character,939,P-207,0.0,0.0,0.0,0.0,0.0,0.0,0.0
word_character,1077,K-023,0.0,0.0,0.0,0.0,0.0,0.0,0.0
word_character,1094,EX-077,0.0,0.0,0.0,0.0,0.0,0.0,0.0
word_character,1105,RLP-027,0.0,0.0,0.0,0.0,0.0,0.0,0.0
word_character,1129,K-179,0.0,0.0,0.0,0.0,0.0,0.0,0.0
word_character,1134,BLR-220,0.0,0.0,0.0,0.0,0.0,0.0,0.0
word_character,1187,CR-043,0.0,0.0,0.0,0.0,0.0,0.0,0.0
word_character,1189,HX-028,0.0,0.0,0.0,0.0,0.0,0.0,0.0
word_character,1210,HV-030,0.0,0.0,0.0,0.0,0.0,0.0,0.0
word_character,1221,HV-144,0.0,0.0,0.0,1.0,1.0,0.0,0.05263157894736842
word_character,1232,CF-141,0.0,0.0,0.0,0.0,0.0,0.0,0.0
word_character,1237,P-330,0.0,0.0,0.0,0.0,0.0,0.0,0.0
word_character,1316,EV-059,0.0,0.0,0.0,0.0,0.0,0.0,0.0
word_character,1327,F-137,0.0,0.0,0.0,0.0,0.0,0.0,0.0
word_character,1329,SC-121,0.0,0.0,0.0,0.0,0.0,0.0,0.0
word_character,1343,HP-120,0.0,0.0,0.0,0.0,0.0,0.0,0.0
word_character,1353,K-111,0.0,0.0,1.0,1.0,1.0,0.1111111111111111,0.1111111111111111
word_character,1396,DC-145,0.0,0.0,0.0,0.0,0.0,0.0,0.0
word_character,1416,SC-143,0.0,0.0,0.0,0.0,0.0,0.0,0.0
word_character,1418,P-207,0.0,0.0,0.0,0.0,0.0,0.0,0.0
word_character,1451,BM-138,0.0,0.0,0.0,0.0,1.0,0.0,0.037037037037037035
word_character,1480,P-235,0.0,0.0,0.0,0.0,0.0,0.0,0.0
word_character,1488,M-135,0.0,0.0,0.0,0.0,0.0,0.0,0.0
word_character,1499,DC-140,0.0,0.0,0.0,0.0,0.0,0.0,0.0
word_character,1504,FM-061,0.0,0.0,0.0,0.0,0.0,0.0,0.0
word_character,1551,DOS-096,0.0,0.0,0.0,0.0,0.0,0.0,0.0
word_character,1577,K-268,0.0,0.0,0.0,0.0,0.0,0.0,0.0
word_character,1585,EV-115,0.0,0.0,0.0,0.0,0.0,0.0,0.0
word_character,1630,R-039,0.0,0.0,0.0,0.0,0.0,0.0,0.0
word_character,1639,TK-134,0.0,0.0,0.0,1.0,1.0,0.0,0.06666666666666667
word_character,1647,P-628,0.0,0.0,0.0,0.0,0.0,0.0,0.0
word_character,1661,DC-093,0.0,0.0,0.0,0.0,0.0,0.0,0.0
word_character,1700,TK-171,0.0,0.0,0.0,0.0,0.0,0.0,0.0
word_character,1710,CV-086,0.0,0.0,0.0,0.0,0.0,0.0,0.0
word_character,1719,FCC-071,0.0,0.0,0.0,0.0,0.0,0.0,0.0
word_character,1788,P-368,0.0,0.0,0.0,0.0,0.0,0.0,0.0
word_character,1789,M-105,0.0,0.0,0.0,0.0,1.0,0.0,0.020833333333333332
word_character,1814,K-021,0.0,0.0,0.0,0.0,0.0,0.0,0.0
word_character,1821,AG-119,0.0,0.0,0.0,0.0,0.0,0.0,0.0
word_character,1861,AG-110,0.0,0.0,0.0,0.0,0.0,0.0,0.0
word_character,1865,GB-122,0.0,0.0,0.0,0.0,0.0,0.0,0.0
word_character,1873,P-173,0.0,0.0,0.0,0.0,0.0,0.0,0.0
word_character,1898,SC-026,0.0,0.0,0.0,0.0,0.0,0.0,0.0
word_character,1901,TK-013,0.0,0.0,0.0,0.0,0.0,0.0,0.0
word_character,1983,TK-144,0.0,0.0,0.0,0.0,0.0,0.0,0.0
word_character,2010,VP-131,0.0,0.0,0.0,1.0,1.0,0.0,0.08333333333333333
word_character,2029,CT-050,0.0,0.0,0.0,1.0,1.0,0.0,0.05555555555555555
word_character,2043,SEP-057,0.0,0.0,1.0,1.0,1.0,0.125,0.125
word_character,2058,SEP-113,0.0,0.0,0.0,0.0,0.0,0.0,0.0
word_character,2090,P-170,0.0,0.0,0.0,0.0,0.0,0.0,0.0
word_character,2128,P-228,0.0,0.0,0.0,0.0,1.0,0.0,0.022727272727272728
word_character,2130,M-075,0.0,0.0,0.0,0.0,0.0,0.0,0.0
word_character,2133,GB-043,0.0,0.0,0.0,0.0,0.0,0.0,0.0
word_character,2146,P-622,0.0,0.0,0.0,0.0,0.0,0.0,0.0
word_character,2152,M-012,0.0,0.0,0.0,1.0,1.0,0.0,0.05
word_character,2165,DC-141,0.0,0.0,0.0,1.0,1.0,0.0,0.06666666666666667
word_character,2288,HX-023,0.0,0.0,0.0,0.0,0.0,0.0,0.0
word_character,2293,P-247,0.0,0.0,0.0,0.0,0.0,0.0,0.0
word_character,2307,P-315,0.0,0.0,0.0,0.0,0.0,0.0,0.0
word_character,2356,P-321,0.0,0.0,0.0,0.0,0.0,0.0,0.0
word_character,2392,K-121,0.0,0.0,0.0,0.0,0.0,0.0,0.0
word_character,2422,K-286,0.0,0.0,0.0,0.0,0.0,0.0,0.0
word_character,2433,CR-121,0.0,0.0,0.0,0.0,0.0,0.0,0.0
word_character,2458,P-309,0.0,0.0,0.0,0.0,0.0,0.0,0.0
word_character,2530,K-244,0.0,0.0,0.0,0.0,0.0,0.0,0.0
word_character,2575,CV-244,0.0,0.0,0.0,1.0,1.0,0.0,0.09090909090909091
word_character,2611,CT-016,0.0,0.0,0.0,0.0,0.0,0.0,0.0
word_character,2676,P-299,0.0,0.0,0.0,0.0,0.0,0.0,0.0
word_character,2684,UF-070,0.0,0.0,0.0,0.0,0.0,0.0,0.0
word_character,2685,SC-109,0.0,0.0,0.0,0.0,0.0,0.0,0.0
word_character,2706,CV-081,0.0,0.0,0.0,0.0,0.0,0.0,0.0
word_character,2716,HV-011,0.0,0.0,0.0,0.0,0.0,0.0,0.0
word_character,2783,DOS-094,0.0,0.0,0.0,0.0,0.0,0.0,0.0
word_character,2810,GB-133,0.0,0.0,1.0,1.0,1.0,0.14285714285714285,0.14285714285714285
word_character,2847,BLR-101,0.0,0.0,0.0,0.0,0.0,0.0,0.0
word_character,2855,CV-032,0.0,0.0,0.0,1.0,1.0,0.0,0.05
word_character,2858,TK-007,0.0,0.0,0.0,0.0,0.0,0.0,0.0
word_character,2890,DOS-093,0.0,0.0,0.0,0.0,0.0,0.0,0.0
word_character,2908,P-102,0.0,0.0,0.0,0.0,0.0,0.0,0.0
word_character,2922,TK-015,0.0,0.0,0.0,0.0,0.0,0.0,0.0
word_character,2932,P-289,0.0,0.0,0.0,0.0,0.0,0.0,0.0
word_character,2936,DP-091,0.0,0.0,1.0,1.0,1.0,0.14285714285714285,0.14285714285714285
word_character,2989,P-312,0.0,0.0,0.0,0.0,0.0,0.0,0.0
word_character,3121,TK-066,0.0,0.0,0.0,0.0,0.0,0.0,0.0
word_character,3147,P-143,0.0,0.0,0.0,0.0,0.0,0.0,0.0
word_character,3183,R-089,0.0,0.0,0.0,0.0,0.0,0.0,0.0
word_character,3218,UF-224,0.0,0.0,0.0,0.0,1.0,0.0,0.029411764705882353
word_character,3224,K-068,0.0,0.0,0.0,0.0,0.0,0.0,0.0
word_character,3226,CR-121,0.0,0.0,0.0,0.0,0.0,0.0,0.0
word_character,3240,EX-031,0.0,0.0,0.0,0.0,0.0,0.0,0.0
word_character,3320,CV-184,0.0,0.0,0.0,0.0,1.0,0.0,0.029411764705882353
word_character,3380,DC-139,0.0,0.0,0.0,0.0,0.0,0.0,0.0
word_character,3505,P-217,0.0,0.0,0.0,1.0,1.0,0.0,0.058823529411764705
word_character,3525,P-364,0.0,0.0,0.0,0.0,0.0,0.0,0.0
word_character,3541,HV-040,0.0,0.0,0.0,0.0,0.0,0.0,0.0
word_character,3595,TK-114,0.0,0.0,0.0,0.0,0.0,0.0,0.0
word_character,3608,DOS-032,0.0,0.0,0.0,0.0,0.0,0.0,0.0
word_character,3611,VP-076,0.0,1.0,1.0,1.0,1.0,0.25,0.25
word_character,3651,TK-187,0.0,0.0,0.0,0.0,0.0,0.0,0.0
word_character,3662,SC-110,0.0,0.0,0.0,0.0,0.0,0.0,0.0
word_character,3683,K-091,0.0,0.0,0.0,0.0,0.0,0.0,0.0
word_character,3709,P-228,0.0,0.0,0.0,0.0,0.0,0.0,0.0
word_character,3737,EV-015,0.0,0.0,0.0,0.0,1.0,0.0,0.02
word_character,3818,SD-102,0.0,0.0,0.0,0.0,0.0,0.0,0.0
word_character,3855,M-112,0.0,0.0,0.0,0.0,0.0,0.0,0.0
word_character,3886,P-629,0.0,0.0,0.0,0.0,0.0,0.0,0.0
word_character,3903,F-023,0.0,0.0,0.0,0.0,0.0,0.0,0.0
word_character,3918,TK-143,0.0,0.0,0.0,0.0,0.0,0.0,0.0
word_character,3956,P-118,0.0,0.0,0.0,0.0,0.0,0.0,0.0
word_character,3958,TK-109,0.0,0.0,0.0,0.0,0.0,0.0,0.0
word_character,4316,CR-130,0.0,0.0,0.0,0.0,0.0,0.0,0.0
word_character,4326,P-337,0.0,0.0,0.0,0.0,0.0,0.0,0.0
word_character,4351,P-159,0.0,0.0,0.0,0.0,0.0,0.0,0.0
word_character,4353,EX-067,0.0,0.0,0.0,0.0,0.0,0.0,0.0
word_character,4461,EV-105,0.0,0.0,0.0,0.0,0.0,0.0,0.0
word_character,4476,GT-021,0.0,0.0,0.0,0.0,0.0,0.0,0.0
word_character,4485,GS-054,0.0,0.0,0.0,0.0,1.0,0.0,0.03333333333333333
word_character,4494,DC-122,0.0,0.0,0.0,0.0,1.0,0.0,0.027777777777777776
word_character,4500,AG-027,0.0,0.0,0.0,0.0,0.0,0.0,0.0
word_character,4531,P-321,0.0,0.0,0.0,0.0,0.0,0.0,0.0
word_character,4551,RLP-007,0.0,0.0,0.0,0.0,0.0,0.0,0.0
word_character,4591,R-121,0.0,0.0,0.0,0.0,0.0,0.0,0.0
word_character,4628,VP-118,0.0,0.0,0.0,0.0,0.0,0.0,0.0
word_character,4737,P-312,0.0,0.0,0.0,0.0,0.0,0.0,0.0
word_character,4777,EX-070,0.0,0.0,0.0,0.0,0.0,0.0,0.0
word_character,4857,P-302,0.0,0.0,0.0,0.0,0.0,0.0,0.0
word_character,4883,CT-055,0.0,0.0,0.0,0.0,0.0,0.0,0.0
word_character,4902,K-033,0.0,0.0,0.0,0.0,0.0,0.0,0.0
word_character,4985,GT-136,0.0,0.0,0.0,0.0,0.0,0.0,0.0
word_character,5026,M-044,0.0,0.0,0.0,0.0,0.0,0.0,0.0
word_character,5040,R-127,0.0,0.0,0.0,0.0,0.0,0.0,0.0
word_character,5143,P-216,0.0,0.0,0.0,0.0,0.0,0.0,0.0
word_character,5151,BM-124,0.0,0.0,0.0,0.0,0.0,0.0,0.0
word_character,5159,P-517,0.0,0.0,0.0,0.0,0.0,0.0,0.0
word_character,5209,P-439,0.0,0.0,0.0,0.0,0.0,0.0,0.0
word_character,5223,CT-142,0.0,0.0,0.0,0.0,1.0,0.0,0.03125
word_character,5298,HX-030,0.0,0.0,0.0,0.0,1.0,0.0,0.022222222222222223
word_character,5305,TK-075,0.0,0.0,0.0,0.0,0.0,0.0,0.0
word_character,5322,P-443,0.0,0.0,0.0,0.0,0.0,0.0,0.0
word_character,5401,SC-034,0.0,0.0,0.0,0.0,0.0,0.0,0.0
word_character,5407,HV-172,0.0,0.0,0.0,0.0,0.0,0.0,0.0
word_character,5451,F-107,0.0,0.0,0.0,0.0,0.0,0.0,0.0
word_character,5468,P-104,0.0,0.0,0.0,0.0,0.0,0.0,0.0
word_character,5549,CV-039,0.0,0.0,0.0,0.0,0.0,0.0,0.0
word_character,5604,CT-145,0.0,0.0,0.0,0.0,0.0,0.0,0.0
word_character,5616,HP-109,0.0,0.0,0.0,0.0,0.0,0.0,0.0
word_character,5683,TK-054,0.0,0.0,0.0,0.0,0.0,0.0,0.0
word_character,5692,R-205,0.0,0.0,0.0,0.0,0.0,0.0,0.0
word_character,5765,GT-144,0.0,0.0,0.0,0.0,0.0,0.0,0.0
word_character,5786,BLR-038,0.0,0.0,0.0,0.0,0.0,0.0,0.0
word_character,5846,FM-019,0.0,0.0,0.0,0.0,0.0,0.0,0.0
word_character,5859,M-058,0.0,0.0,0.0,0.0,0.0,0.0,0.0
word_character,5886,GS-013,1.0,1.0,1.0,1.0,1.0,1.0,1.0
word_character,5934,CR-016,0.0,0.0,0.0,0.0,0.0,0.0,0.0
word_character,5947,P-324,0.0,0.0,0.0,0.0,0.0,0.0,0.0
word_character,5983,R-038,0.0,0.0,0.0,0.0,0.0,0.0,0.0
word_character,6007,K-089,0.0,0.0,0.0,0.0,0.0,0.0,0.0
word_character,6019,DP-097,0.0,0.0,0.0,0.0,0.0,0.0,0.0
word_character,6028,DC-049,0.0,0.0,0.0,0.0,0.0,0.0,0.0
word_character,6072,EX-138,0.0,0.0,0.0,0.0,1.0,0.0,0.025
word_character,6152,GS-126,0.0,0.0,0.0,0.0,0.0,0.0,0.0
word_character,6162,K-272,0.0,0.0,0.0,0.0,0.0,0.0,0.0
word_character,6210,FCC-039,0.0,0.0,0.0,0.0,0.0,0.0,0.0
word_character,6215,SEP-116,0.0,0.0,0.0,0.0,0.0,0.0,0.0
word_character,6265,HV-031,0.0,0.0,0.0,0.0,0.0,0.0,0.0
word_character,6283,M-044,0.0,0.0,0.0,0.0,0.0,0.0,0.0
word_character,6304,EX-129,0.0,0.0,0.0,0.0,0.0,0.0,0.0
word_character,6309,GB-007,0.0,0.0,0.0,0.0,0.0,0.0,0.0
word_character,6343,SC-104,0.0,0.0,0.0,0.0,0.0,0.0,0.0
word_character,6363,HV-107,0.0,0.0,1.0,1.0,1.0,0.1111111111111111,0.1111111111111111
word_character,6431,SD-139,0.0,0.0,0.0,0.0,0.0,0.0,0.0
word_character,6450,GB-107,0.0,0.0,0.0,0.0,0.0,0.0,0.0
word_character,6544,F-080,0.0,0.0,0.0,0.0,0.0,0.0,0.0
word_character,6573,TK-103,0.0,0.0,1.0,1.0,1.0,0.16666666666666666,0.16666666666666666
word_character,6626,GB-033,0.0,0.0,0.0,0.0,0.0,0.0,0.0
word_character,6649,P-705,0.0,0.0,0.0,0.0,0.0,0.0,0.0
word_character,6663,R-046,0.0,0.0,0.0,0.0,0.0,0.0,0.0
word_character,6760,P-378,0.0,0.0,0.0,0.0,0.0,0.0,0.0
word_character,6765,EX-031,0.0,0.0,0.0,1.0,1.0,0.0,0.0625
word_character,6803,K-226,0.0,0.0,0.0,0.0,0.0,0.0,0.0
word_character,6807,F-055,0.0,0.0,0.0,0.0,0.0,0.0,0.0
word_character,6832,P-184,0.0,0.0,0.0,0.0,0.0,0.0,0.0
word_character,6835,CR-120,0.0,0.0,0.0,0.0,0.0,0.0,0.0
word_character,6867,HP-084,0.0,0.0,0.0,0.0,0.0,0.0,0.0
word_character,6883,UF-015,0.0,0.0,1.0,1.0,1.0,0.1,0.1
word_character,6978,HX-125,0.0,0.0,0.0,0.0,0.0,0.0,0.0
word_character,7064,P-568,0.0,0.0,0.0,0.0,0.0,0.0,0.0
word_character,7091,SEP-210,0.0,0.0,0.0,0.0,0.0,0.0,0.0
word_character,7093,R-110,1.0,1.0,1.0,1.0,1.0,1.0,1.0
word_character,7124,P-524,0.0,0.0,0.0,0.0,0.0,0.0,0.0
word_character,7202,R-133,0.0,0.0,0.0,0.0,0.0,0.0,0.0
word_character,7224,AG-040,0.0,0.0,0.0,0.0,0.0,0.0,0.0
word_character,7232,HX-124,0.0,0.0,0.0,1.0,1.0,0.0,0.05263157894736842
word_character,7257,HP-138,0.0,0.0,0.0,0.0,1.0,0.0,0.027777777777777776
word_character,7271,DC-115,0.0,0.0,0.0,0.0,0.0,0.0,0.0
word_character,7299,GB-017,0.0,0.0,0.0,0.0,0.0,0.0,0.0
word_character,7353,P-198,0.0,1.0,1.0,1.0,1.0,0.3333333333333333,0.3333333333333333
word_character,7359,P-613,0.0,0.0,0.0,0.0,0.0,0.0,0.0
word_character,7362,TK-179,0.0,1.0,1.0,1.0,1.0,0.2,0.2
word_character,7422,R-243,0.0,0.0,0.0,0.0,0.0,0.0,0.0
word_character,7432,P-275,0.0,0.0,0.0,0.0,0.0,0.0,0.0
word_character,7457,P-296,0.0,0.0,0.0,0.0,0.0,0.0,0.0
word_character,7480,HP-112,0.0,0.0,0.0,0.0,0.0,0.0,0.0
word_character,7520,K-075,0.0,0.0,0.0,0.0,0.0,0.0,0.0
word_character,7546,F-106,0.0,0.0,0.0,0.0,1.0,0.0,0.03333333333333333
word_character,7553,FCC-083,0.0,0.0,0.0,0.0,0.0,0.0,0.0
word_character,7573,GB-142,0.0,0.0,0.0,0.0,0.0,0.0,0.0
word_character,7590,R-064,0.0,0.0,1.0,1.0,1.0,0.14285714285714285,0.14285714285714285
word_character,7639,GS-110,0.0,0.0,0.0,0.0,0.0,0.0,0.0
word_character,7686,SC-049,0.0,0.0,0.0,0.0,0.0,0.0,0.0
word_character,7709,P-211,0.0,0.0,0.0,1.0,1.0,0.0,0.06666666666666667
word_character,7721,M-135,0.0,0.0,0.0,0.0,0.0,0.0,0.0
word_character,7726,EV-131,0.0,0.0,0.0,0.0,0.0,0.0,0.0
word_character,7753,GT-081,0.0,0.0,0.0,0.0,0.0,0.0,0.0
word_character,7798,M-117,0.0,0.0,0.0,0.0,0.0,0.0,0.0
word_character,7812,M-033,0.0,0.0,0.0,0.0,0.0,0.0,0.0
word_character,7862,HX-092,0.0,0.0,0.0,0.0,0.0,0.0,0.0
word_character,7885,CV-123,0.0,0.0,0.0,0.0,0.0,0.0,0.0
word_character,7930,HP-108,0.0,0.0,0.0,0.0,0.0,0.0,0.0
word_character,7942,P-695,0.0,0.0,0.0,0.0,0.0,0.0,0.0
word_character,7952,HX-059,0.0,0.0,0.0,0.0,0.0,0.0,0.0
word_character,7981,M-047,0.0,0.0,0.0,0.0,0.0,0.0,0.0
word_character,8038,TRB-140,0.0,0.0,0.0,0.0,0.0,0.0,0.0
word_character,8057,CT-115,0.0,0.0,0.0,0.0,1.0,0.0,0.022727272727272728
word_character,8098,TK-111,0.0,0.0,0.0,0.0,0.0,0.0,0.0
word_character,8107,K-146,0.0,0.0,0.0,0.0,0.0,0.0,0.0
word_character,8226,GB-104,0.0,0.0,0.0,0.0,0.0,0.0,0.0
word_character,8303,GB-139,0.0,0.0,0.0,0.0,0.0,0.0,0.0
word_character,8310,M-110,0.0,0.0,0.0,0.0,0.0,0.0,0.0
word_character,8360,DOS-140,0.0,0.0,0.0,0.0,0.0,0.0,0.0
word_character,8423,AG-013,0.0,0.0,0.0,0.0,0.0,0.0,0.0
word_character,8455,P-591,0.0,0.0,0.0,0.0,0.0,0.0,0.0
word_character,8612,UF-084,0.0,0.0,0.0,0.0,0.0,0.0,0.0
word_character,8621,P-217,0.0,0.0,0.0,0.0,0.0,0.0,0.0
word_character,8643,VP-031,0.0,0.0,0.0,0.0,0.0,0.0,0.0
word_character,8709,DC-085,0.0,0.0,0.0,0.0,0.0,0.0,0.0
word_character,8748,DOS-103,0.0,0.0,0.0,0.0,1.0,0.0,0.029411764705882353
word_character,8796,TK-158,0.0,0.0,0.0,0.0,0.0,0.0,0.0
word_character,8811,P-199,0.0,0.0,0.0,0.0,0.0,0.0,0.0
word_character,8817,P-326,0.0,0.0,0.0,0.0,0.0,0.0,0.0
word_character,8863,P-730,0.0,0.0,0.0,0.0,0.0,0.0,0.0
word_character,8908,P-729,0.0,0.0,0.0,0.0,0.0,0.0,0.0
word_character,8932,GB-091,0.0,0.0,0.0,0.0,0.0,0.0,0.0
word_character,8979,AG-137,0.0,0.0,0.0,0.0,0.0,0.0,0.0
word_character,9144,BM-124,0.0,0.0,0.0,0.0,0.0,0.0,0.0
word_character,9154,P-436,0.0,0.0,0.0,0.0,0.0,0.0,0.0
word_character,9244,TK-039,0.0,0.0,0.0,0.0,1.0,0.0,0.030303030303030304
word_character,9288,K-139,0.0,0.0,0.0,0.0,0.0,0.0,0.0
word_character,9355,SD-144,0.0,0.0,1.0,1.0,1.0,0.1111111111111111,0.1111111111111111
word_character,9384,BM-041,0.0,0.0,0.0,0.0,0.0,0.0,0.0
word_character,9389,M-003,0.0,0.0,0.0,0.0,0.0,0.0,0.0
word_character,9398,TK-034,0.0,0.0,0.0,0.0,0.0,0.0,0.0
word_character,9448,SC-007,0.0,0.0,0.0,0.0,0.0,0.0,0.0
word_character,9572,DOS-118,0.0,0.0,0.0,0.0,1.0,0.0,0.025
word_character,9615,R-245,0.0,0.0,0.0,0.0,0.0,0.0,0.0
word_character,9682,M-054,0.0,0.0,0.0,0.0,1.0,0.0,0.022727272727272728
word_character,9696,SC-227,0.0,0.0,0.0,0.0,0.0,0.0,0.0
word_character,9700,FCC-047,0.0,0.0,0.0,0.0,0.0,0.0,0.0
word_character,9702,HX-107,0.0,0.0,0.0,0.0,0.0,0.0,0.0
word_character,9711,VP-115,0.0,0.0,0.0,0.0,0.0,0.0,0.0
word_character,9714,HX-083,0.0,0.0,0.0,0.0,0.0,0.0,0.0
word_character,9762,SC-143,0.0,0.0,0.0,0.0,0.0,0.0,0.0
word_character,9768,GS-074,0.0,0.0,0.0,0.0,0.0,0.0,0.0
word_character,9806,FM-006,0.0,0.0,0.0,0.0,0.0,0.0,0.0
word_character,9892,P-436,0.0,0.0,0.0,0.0,0.0,0.0,0.0
word_character,9896,UF-029,0.0,0.0,0.0,0.0,0.0,0.0,0.0
word_character,9909,P-301,0.0,0.0,0.0,0.0,0.0,0.0,0.0
word_character,9920,P-243,0.0,0.0,0.0,0.0,0.0,0.0,0.0
word_character,9921,P-313,0.0,0.0,0.0,0.0,0.0,0.0,0.0
word_character,9928,GB-141,0.0,0.0,0.0,0.0,0.0,0.0,0.0
word_character,9947,P-481,0.0,0.0,0.0,0.0,0.0,0.0,0.0
word_character,10079,P-569,0.0,0.0,0.0,0.0,0.0,0.0,0.0
word_character,10118,HV-108,0.0,0.0,1.0,1.0,1.0,0.1,0.1
word_character,10130,K-178,0.0,0.0,0.0,0.0,0.0,0.0,0.0
word_character,10191,F-014,0.0,0.0,0.0,0.0,0.0,0.0,0.0
word_character,10199,K-203,0.0,0.0,0.0,0.0,0.0,0.0,0.0
word_character,10204,HV-034,0.0,0.0,0.0,0.0,0.0,0.0,0.0
word_character,10213,CV-128,0.0,0.0,0.0,0.0,1.0,0.0,0.034482758620689655
word_character,10223,VP-039,0.0,0.0,0.0,0.0,0.0,0.0,0.0
word_character,10252,P-408,0.0,0.0,0.0,0.0,0.0,0.0,0.0
word_character,10263,DRY-030,0.0,0.0,0.0,0.0,0.0,0.0,0.0
word_character,10269,SC-014,0.0,0.0,0.0,0.0,0.0,0.0,0.0
word_character,10344,M-073,0.0,0.0,0.0,0.0,1.0,0.0,0.022727272727272728
word_character,10380,TK-108,0.0,0.0,0.0,0.0,0.0,0.0,0.0
word_character,10421,CF-023,0.0,0.0,0.0,0.0,0.0,0.0,0.0
word_character,10444,K-288,0.0,0.0,0.0,0.0,0.0,0.0,0.0
word_character,10454,EX-065,0.0,0.0,0.0,0.0,0.0,0.0,0.0
word_character,10473,P-328,0.0,0.0,0.0,0.0,0.0,0.0,0.0
word_character,10493,HX-208,0.0,0.0,0.0,0.0,0.0,0.0,0.0
word_character,10526,P-169,0.0,0.0,0.0,0.0,0.0,0.0,0.0
word_character,10575,P-370,0.0,0.0,0.0,0.0,0.0,0.0,0.0
word_character,10590,HX-107,0.0,0.0,0.0,0.0,1.0,0.0,0.038461538461538464
word_character,10608,TK-106,0.0,0.0,0.0,0.0,0.0,0.0,0.0
word_character,10627,P-365,0.0,0.0,0.0,0.0,0.0,0.0,0.0
word_character,10630,HV-049,0.0,0.0,0.0,0.0,0.0,0.0,0.0
word_character,10632,P-262,0.0,0.0,0.0,0.0,0.0,0.0,0.0
word_character,10647,R-069,0.0,0.0,0.0,0.0,1.0,0.0,0.03333333333333333
word_character,10704,CR-123,0.0,0.0,0.0,0.0,0.0,0.0,0.0
word_character,10755,BM-143,0.0,0.0,0.0,0.0,0.0,0.0,0.0
word_character,10780,P-234,0.0,0.0,0.0,0.0,0.0,0.0,0.0
word_character,10789,P-204,0.0,0.0,0.0,0.0,0.0,0.0,0.0
word_character,10825,HV-102,0.0,0.0,0.0,0.0,0.0,0.0,0.0
word_character,10828,M-014,0.0,0.0,0.0,0.0,0.0,0.0,0.0
word_character,10932,SC-014,0.0,0.0,0.0,0.0,1.0,0.0,0.030303030303030304
word_character,10939,GT-104,0.0,0.0,0.0,0.0,0.0,0.0,0.0
word_character,10966,P-362,0.0,0.0,0.0,0.0,0.0,0.0,0.0
word_character,10970,CF-100,0.0,0.0,0.0,0.0,0.0,0.0,0.0
word_character,10981,GB-068,0.0,0.0,0.0,0.0,0.0,0.0,0.0
word_character,11002,VP-054,0.0,0.0,0.0,0.0,1.0,0.0,0.043478260869565216
word_character,11009,TK-204,0.0,0.0,0.0,0.0,0.0,0.0,0.0
word_character,11068,SC-103,0.0,0.0,0.0,0.0,0.0,0.0,0.0
word_character,11101,CV-272,0.0,0.0,0.0,0.0,0.0,0.0,0.0
word_character,11149,P-602,0.0,0.0,0.0,0.0,0.0,0.0,0.0
word_character,11165,RLP-059,0.0,0.0,0.0,0.0,0.0,0.0,0.0
word_character,11173,K-016,0.0,0.0,0.0,0.0,0.0,0.0,0.0
word_character,11200,AG-090,0.0,0.0,0.0,0.0,0.0,0.0,0.0
word_character,11221,TK-113,0.0,0.0,0.0,0.0,1.0,0.0,0.029411764705882353
word_character,11278,P-682,0.0,0.0,0.0,0.0,0.0,0.0,0.0
word_character,11282,M-039,0.0,0.0,0.0,0.0,0.0,0.0,0.0
word_character,11372,P-204,0.0,0.0,0.0,0.0,0.0,0.0,0.0
word_character,11373,UF-092,0.0,0.0,0.0,0.0,1.0,0.0,0.030303030303030304
word_character,11385,CF-013,0.0,0.0,0.0,0.0,0.0,0.0,0.0
word_character,11400,P-228,0.0,0.0,0.0,0.0,0.0,0.0,0.0
word_character,11403,CV-050,0.0,0.0,0.0,0.0,0.0,0.0,0.0
word_character,11458,CV-241,0.0,0.0,0.0,0.0,0.0,0.0,0.0
word_character,11467,CF-102,0.0,0.0,0.0,0.0,0.0,0.0,0.0
word_character,11474,GB-112,0.0,0.0,0.0,0.0,0.0,0.0,0.0
word_character,11580,K-132,0.0,0.0,0.0,0.0,0.0,0.0,0.0
word_character,11584,BM-115,0.0,0.0,0.0,1.0,1.0,0.0,0.05
word_character,11622,M-146,0.0,0.0,0.0,0.0,1.0,0.0,0.047619047619047616
word_character,11673,SC-006,0.0,0.0,0.0,0.0,0.0,0.0,0.0
word_character,11701,HX-127,0.0,0.0,0.0,0.0,0.0,0.0,0.0
word_character,11713,BM-063,0.0,0.0,0.0,0.0,0.0,0.0,0.0
word_character,11820,FCC-040,0.0,1.0,1.0,1.0,1.0,0.3333333333333333,0.3333333333333333
word_character,11917,BLR-043,0.0,0.0,0.0,0.0,0.0,0.0,0.0
word_character,11959,P-501,0.0,0.0,0.0,0.0,0.0,0.0,0.0
word_character,11974,M-057,0.0,0.0,0.0,0.0,0.0,0.0,0.0
word_character,11997,P-224,0.0,0.0,0.0,0.0,1.0,0.0,0.027777777777777776
word_character,12047,F-011,0.0,0.0,0.0,0.0,1.0,0.0,0.029411764705882353
word_character,12076,FM-056,0.0,0.0,0.0,0.0,0.0,0.0,0.0
word_character,12080,HP-056,0.0,0.0,0.0,0.0,0.0,0.0,0.0
word_character,12214,P-271,0.0,0.0,0.0,0.0,0.0,0.0,0.0
word_character,12238,BLR-103,0.0,0.0,0.0,0.0,0.0,0.0,0.0
word_character,12262,P-287,0.0,0.0,0.0,0.0,0.0,0.0,0.0
word_character,12303,BLR-046,0.0,0.0,0.0,0.0,0.0,0.0,0.0
word_character,12316,SC-038,0.0,0.0,0.0,0.0,0.0,0.0,0.0
word_character,12330,P-596,0.0,0.0,0.0,0.0,0.0,0.0,0.0
word_character,12340,BLR-046,0.0,0.0,0.0,0.0,0.0,0.0,0.0
word_character,12437,K-064,0.0,0.0,0.0,0.0,0.0,0.0,0.0
word_character,12449,M-037,0.0,1.0,1.0,1.0,1.0,0.3333333333333333,0.3333333333333333
word_character,12468,P-536,0.0,0.0,0.0,0.0,0.0,0.0,0.0
word_character,12503,EV-136,0.0,0.0,0.0,0.0,0.0,0.0,0.0
word_character,12519,P-351,0.0,0.0,0.0,0.0,0.0,0.0,0.0
word_character,12533,GT-073,0.0,0.0,0.0,0.0,1.0,0.0,0.04
word_character,12567,P-245,0.0,0.0,0.0,0.0,1.0,0.0,0.034482758620689655
word_character,12738,M-074,0.0,0.0,0.0,0.0,0.0,0.0,0.0
word_character,12757,VP-092,0.0,0.0,0.0,0.0,0.0,0.0,0.0
word_character,12850,P-677,0.0,0.0,0.0,0.0,0.0,0.0,0.0
word_character,12890,SC-019,0.0,0.0,0.0,0.0,0.0,0.0,0.0
word_character,12907,P-309,0.0,0.0,0.0,0.0,0.0,0.0,0.0
word_character,13027,BM-004,0.0,0.0,0.0,0.0,0.0,0.0,0.0
word_character,13073,UF-093,0.0,0.0,0.0,0.0,1.0,0.0,0.047619047619047616
word_character,13091,TK-038,0.0,0.0,0.0,0.0,0.0,0.0,0.0
word_character,13158,TK-225,0.0,0.0,0.0,0.0,0.0,0.0,0.0
word_character,13168,TK-110,0.0,0.0,0.0,0.0,0.0,0.0,0.0
word_character,13229,K-108,0.0,0.0,0.0,0.0,0.0,0.0,0.0
word_character,13233,P-206,0.0,0.0,0.0,0.0,0.0,0.0,0.0
word_character,13319,GT-023,0.0,0.0,0.0,0.0,0.0,0.0,0.0
word_character,13337,CF-057,0.0,0.0,0.0,0.0,0.0,0.0,0.0
word_character,13346,P-218,0.0,0.0,0.0,0.0,0.0,0.0,0.0
word_character,13409,P-290,0.0,0.0,0.0,0.0,0.0,0.0,0.0
word_character,13481,GT-064,0.0,0.0,0.0,0.0,0.0,0.0,0.0
word_character,13541,K-031,0.0,0.0,0.0,0.0,0.0,0.0,0.0
word_character,13562,K-096,0.0,0.0,0.0,0.0,0.0,0.0,0.0
word_character,13581,VP-014,0.0,0.0,0.0,0.0,0.0,0.0,0.0
word_character,13585,P-415,0.0,0.0,0.0,0.0,0.0,0.0,0.0
word_character,13607,DC-022,0.0,0.0,0.0,0.0,0.0,0.0,0.0
word_character,13643,P-397,0.0,0.0,0.0,0.0,0.0,0.0,0.0
word_character,13651,P-719,0.0,0.0,0.0,0.0,0.0,0.0,0.0
word_character,13657,CT-022,0.0,0.0,0.0,0.0,0.0,0.0,0.0
word_character,13752,HX-059,0.0,0.0,0.0,0.0,0.0,0.0,0.0
word_character,13836,CF-145,0.0,0.0,0.0,0.0,0.0,0.0,0.0
word_character,13839,CV-230,0.0,0.0,0.0,0.0,0.0,0.0,0.0
word_character,13880,HP-047,0.0,0.0,0.0,0.0,1.0,0.0,0.02040816326530612
word_character,13883,TK-144,0.0,0.0,0.0,0.0,0.0,0.0,0.0
word_character,13906,GB-006,0.0,0.0,0.0,0.0,0.0,0.0,0.0
word_character,13931,HX-061,0.0,0.0,0.0,0.0,0.0,0.0,0.0
word_character,13941,P-223,0.0,0.0,0.0,0.0,0.0,0.0,0.0
word_character,13956,F-243,0.0,0.0,0.0,0.0,0.0,0.0,0.0
word_character,14052,FM-107,0.0,0.0,0.0,0.0,0.0,0.0,0.0
word_character,14122,P-366,0.0,0.0,0.0,0.0,0.0,0.0,0.0
word_character,14132,M-134,0.0,0.0,0.0,0.0,1.0,0.0,0.03571428571428571
word_character,14140,DC-044,0.0,0.0,0.0,0.0,0.0,0.0,0.0
word_character,14188,CT-103,0.0,0.0,0.0,0.0,0.0,0.0,0.0
word_character,14229,R-138,0.0,0.0,0.0,0.0,0.0,0.0,0.0
word_character,14243,P-219,0.0,0.0,0.0,0.0,0.0,0.0,0.0
word_character,14298,P-313,0.0,0.0,0.0,0.0,0.0,0.0,0.0
word_character,14339,M-062,0.0,0.0,0.0,0.0,0.0,0.0,0.0
word_character,14428,VP-125,0.0,0.0,0.0,0.0,0.0,0.0,0.0
word_character,14483,P-476,0.0,0.0,0.0,0.0,0.0,0.0,0.0
word_character,14520,HX-050,0.0,0.0,0.0,0.0,0.0,0.0,0.0
word_character,14639,TRB-097,0.0,0.0,0.0,0.0,0.0,0.0,0.0
word_character,14660,SC-139,0.0,0.0,0.0,0.0,0.0,0.0,0.0
word_character,14683,BM-115,0.0,0.0,0.0,0.0,1.0,0.0,0.02564102564102564
word_character,14784,M-106,0.0,0.0,0.0,0.0,0.0,0.0,0.0
word_character,14788,P-308,0.0,0.0,0.0,0.0,0.0,0.0,0.0
word_character,14805,F-087,0.0,0.0,0.0,0.0,0.0,0.0,0.0
word_character,14820,TRB-133,0.0,0.0,0.0,0.0,0.0,0.0,0.0
word_character,14870,CT-058,0.0,0.0,0.0,0.0,0.0,0.0,0.0
word_character,14892,P-438,0.0,0.0,0.0,0.0,0.0,0.0,0.0
word_character,14904,CV-056,0.0,0.0,0.0,0.0,1.0,0.0,0.02564102564102564
word_character,14930,P-244,0.0,0.0,0.0,0.0,0.0,0.0,0.0
word_character,15041,GB-087,0.0,0.0,0.0,1.0,1.0,0.0,0.07142857142857142
word_character,15044,TRB-136,0.0,0.0,0.0,0.0,0.0,0.0,0.0
word_character,15050,TRB-131,0.0,0.0,0.0,0.0,0.0,0.0,0.0
word_character,15084,F-176,0.0,0.0,0.0,0.0,0.0,0.0,0.0
word_character,15103,HP-133,0.0,0.0,0.0,0.0,1.0,0.0,0.02127659574468085
word_character,15169,P-219,0.0,0.0,0.0,0.0,0.0,0.0,0.0
word_character,15181,GS-124,0.0,0.0,0.0,0.0,0.0,0.0,0.0
word_character,15232,TK-315,0.0,0.0,0.0,0.0,0.0,0.0,0.0
word_character,15318,R-082,0.0,0.0,0.0,0.0,0.0,0.0,0.0
word_character,15368,R-070,0.0,0.0,0.0,0.0,0.0,0.0,0.0
word_character,15413,VP-064,0.0,0.0,0.0,0.0,0.0,0.0,0.0
word_character,15416,HV-213,0.0,0.0,0.0,0.0,0.0,0.0,0.0
word_character,15453,DP-123,0.0,0.0,0.0,0.0,0.0,0.0,0.0
word_character,15472,TK-243,0.0,0.0,0.0,0.0,0.0,0.0,0.0
word_character,15481,P-159,0.0,0.0,0.0,0.0,0.0,0.0,0.0
word_character,15524,HX-125,0.0,0.0,0.0,0.0,0.0,0.0,0.0
word_character,15539,P-419,0.0,0.0,1.0,1.0,1.0,0.16666666666666666,0.16666666666666666
word_character,15619,CT-107,0.0,0.0,0.0,0.0,0.0,0.0,0.0
word_character,15677,TK-194,0.0,0.0,0.0,0.0,0.0,0.0,0.0
word_character,15721,CR-047,0.0,0.0,0.0,0.0,0.0,0.0,0.0
word_character,15723,P-592,0.0,0.0,0.0,0.0,0.0,0.0,0.0
word_character,15728,SD-121,0.0,0.0,0.0,0.0,0.0,0.0,0.0
word_character,15775,M-036,0.0,0.0,0.0,0.0,0.0,0.0,0.0
word_character,15786,CT-091,0.0,0.0,0.0,0.0,0.0,0.0,0.0
word_character,15844,GT-142,0.0,0.0,0.0,0.0,0.0,0.0,0.0
word_character,15915,F-122,0.0,0.0,0.0,0.0,1.0,0.0,0.02631578947368421
word_character,15938,TK-334,0.0,0.0,0.0,0.0,0.0,0.0,0.0
word_character,16020,M-025,0.0,0.0,0.0,0.0,1.0,0.0,0.023809523809523808
word_character,16042,DOS-083,0.0,0.0,0.0,0.0,0.0,0.0,0.0
word_character,16055,K-214,0.0,0.0,0.0,0.0,0.0,0.0,0.0
word_character,16059,HX-145,0.0,0.0,0.0,0.0,0.0,0.0,0.0
word_character,16087,P-743,0.0,0.0,0.0,0.0,0.0,0.0,0.0
word_character,16118,F-053,0.0,0.0,0.0,0.0,0.0,0.0,0.0
word_character,16133,HX-044,0.0,0.0,0.0,0.0,0.0,0.0,0.0
word_character,16181,K-015,0.0,0.0,0.0,0.0,0.0,0.0,0.0
word_character,16182,CV-079,0.0,0.0,0.0,0.0,0.0,0.0,0.0
word_character,16188,DRY-128,0.0,0.0,0.0,0.0,0.0,0.0,0.0
word_character,16193,HP-047,0.0,0.0,0.0,0.0,0.0,0.0,0.0
word_character,16199,HX-068,0.0,0.0,0.0,0.0,0.0,0.0,0.0
word_character,16257,DC-065,0.0,0.0,0.0,0.0,0.0,0.0,0.0
word_character,16258,AG-049,1.0,1.0,1.0,1.0,1.0,1.0,1.0
word_character,16296,BM-108,0.0,0.0,0.0,0.0,0.0,0.0,0.0
word_character,16316,SD-033,0.0,0.0,0.0,0.0,0.0,0.0,0.0
word_character,16375,BLR-111,0.0,1.0,1.0,1.0,1.0,0.25,0.25
word_character,16402,P-534,0.0,0.0,0.0,0.0,0.0,0.0,0.0
word_character,16416,HV-116,0.0,0.0,0.0,0.0,0.0,0.0,0.0
word_character,16474,TK-046,0.0,0.0,0.0,0.0,0.0,0.0,0.0
word_character,16476,DC-137,0.0,0.0,0.0,1.0,1.0,0.0,0.05263157894736842
word_character,16485,CT-106,0.0,0.0,0.0,0.0,0.0,0.0,0.0
word_character,16515,K-100,0.0,0.0,0.0,0.0,0.0,0.0,0.0
word_character,16519,TK-068,0.0,0.0,0.0,0.0,0.0,0.0,0.0
word_character,16601,P-546,0.0,0.0,0.0,0.0,0.0,0.0,0.0
word_character,16726,HV-032,0.0,0.0,0.0,0.0,0.0,0.0,0.0
word_character,16768,P-142,0.0,0.0,0.0,0.0,0.0,0.0,0.0
word_character,16778,DOS-078,0.0,0.0,0.0,0.0,0.0,0.0,0.0
word_character,16793,DP-108,0.0,0.0,0.0,0.0,0.0,0.0,0.0
word_character,16825,SD-105,0.0,0.0,0.0,0.0,0.0,0.0,0.0
word_character,16858,HV-105,0.0,0.0,0.0,0.0,1.0,0.0,0.037037037037037035
word_character,16901,P-402,0.0,0.0,0.0,0.0,0.0,0.0,0.0
word_character,16961,CV-058,0.0,0.0,0.0,0.0,0.0,0.0,0.0
word_character,16982,CV-046,0.0,0.0,0.0,0.0,0.0,0.0,0.0
word_character,16990,TK-229,0.0,0.0,0.0,0.0,0.0,0.0,0.0
word_character,17021,UF-110,0.0,0.0,0.0,1.0,1.0,0.0,0.07142857142857142
word_character,17112,P-501,0.0,0.0,0.0,0.0,0.0,0.0,0.0
word_character,17123,P-341,0.0,0.0,0.0,0.0,0.0,0.0,0.0
word_character,17154,TK-049,0.0,0.0,0.0,0.0,1.0,0.0,0.030303030303030304
word_character,17173,HX-206,0.0,0.0,0.0,0.0,0.0,0.0,0.0
word_character,17180,CV-071,0.0,0.0,0.0,0.0,0.0,0.0,0.0
word_character,17184,HV-127,0.0,0.0,0.0,0.0,0.0,0.0,0.0
word_character,17203,M-089,0.0,0.0,0.0,0.0,0.0,0.0,0.0
word_character,17283,P-479,0.0,0.0,0.0,0.0,0.0,0.0,0.0
word_character,17299,M-078,0.0,0.0,0.0,0.0,1.0,0.0,0.025
word_character,17308,BLR-075,0.0,0.0,0.0,0.0,0.0,0.0,0.0
word_character,17318,GB-102,0.0,0.0,0.0,0.0,0.0,0.0,0.0
word_character,17326,P-209,0.0,0.0,0.0,0.0,0.0,0.0,0.0
word_character,17332,GB-079,0.0,0.0,0.0,0.0,0.0,0.0,0.0
word_character,17347,SC-052,0.0,0.0,0.0,0.0,0.0,0.0,0.0
word_character,17349,R-073,0.0,0.0,0.0,0.0,0.0,0.0,0.0
word_character,17369,M-133,0.0,0.0,0.0,0.0,1.0,0.0,0.045454545454545456
word_character,17380,BLR-101,0.0,0.0,0.0,0.0,0.0,0.0,0.0
word_character,17385,CV-128,0.0,0.0,0.0,0.0,1.0,0.0,0.038461538461538464
word_character,17394,HV-052,0.0,0.0,0.0,0.0,0.0,0.0,0.0
word_character,17467,P-332,0.0,0.0,0.0,0.0,0.0,0.0,0.0
word_character,17592,TK-290,0.0,0.0,0.0,0.0,0.0,0.0,0.0
word_character,17597,P-582,0.0,0.0,0.0,0.0,0.0,0.0,0.0
word_character,17620,HV-031,0.0,0.0,0.0,0.0,0.0,0.0,0.0
word_character,17653,F-233,0.0,0.0,0.0,0.0,0.0,0.0,0.0
word_character,17664,P-215,0.0,0.0,0.0,0.0,0.0,0.0,0.0
word_character,17690,P-210,0.0,0.0,0.0,0.0,0.0,0.0,0.0
word_character,17749,P-338,0.0,0.0,0.0,0.0,0.0,0.0,0.0
word_character,17843,P-144,0.0,0.0,0.0,0.0,0.0,0.0,0.0
word_character,17864,F-054,0.0,0.0,0.0,0.0,1.0,0.0,0.025
word_character,17884,GB-069,0.0,0.0,0.0,0.0,0.0,0.0,0.0
word_character,17924,F-070,0.0,0.0,0.0,0.0,0.0,0.0,0.0
word_character,17985,GS-004,0.0,0.0,0.0,0.0,0.0,0.0,0.0
word_character,18060,CT-108,0.0,0.0,0.0,0.0,1.0,0.0,0.025
word_character,18071,P-303,0.0,0.0,0.0,0.0,0.0,0.0,0.0
word_character,18093,TK-059,0.0,0.0,0.0,0.0,0.0,0.0,0.0
word_character,18101,BLR-143,0.0,0.0,0.0,0.0,0.0,0.0,0.0
word_character,18176,DRY-112,0.0,0.0,0.0,0.0,0.0,0.0,0.0
word_character,18184,FM-121,0.0,0.0,0.0,0.0,0.0,0.0,0.0
word_character,18230,CF-111,0.0,0.0,0.0,0.0,0.0,0.0,0.0
word_character,18250,SC-008,0.0,0.0,0.0,0.0,0.0,0.0,0.0
word_character,18256,F-013,0.0,0.0,0.0,0.0,1.0,0.0,0.03125
word_character,18291,CF-140,0.0,0.0,0.0,0.0,0.0,0.0,0.0
word_character,18354,GS-128,0.0,0.0,0.0,0.0,1.0,0.0,0.020833333333333332
word_character,18355,SC-101,0.0,0.0,0.0,0.0,0.0,0.0,0.0
word_character,18369,P-356,0.0,0.0,0.0,0.0,0.0,0.0,0.0
word_character,18394,DOS-067,0.0,0.0,0.0,0.0,0.0,0.0,0.0
word_character,18437,CV-049,0.0,0.0,0.0,0.0,1.0,0.0,0.04
word_character,18441,M-120,0.0,0.0,0.0,0.0,0.0,0.0,0.0
word_character,18451,AG-126,0.0,0.0,0.0,0.0,0.0,0.0,0.0
word_character,18477,P-264,0.0,0.0,0.0,0.0,0.0,0.0,0.0
word_character,18535,M-080,0.0,0.0,0.0,0.0,0.0,0.0,0.0
word_character,18548,M-077,0.0,0.0,0.0,0.0,0.0,0.0,0.0
word_character,18598,K-104,0.0,0.0,0.0,0.0,0.0,0.0,0.0
word_character,18648,CR-143,0.0,0.0,0.0,0.0,1.0,0.0,0.02631578947368421
word_character,18671,UF-070,0.0,0.0,0.0,0.0,1.0,0.0,0.037037037037037035
word_character,18730,P-508,0.0,0.0,0.0,0.0,0.0,0.0,0.0
word_character,18741,TRB-104,0.0,0.0,0.0,1.0,1.0,0.0,0.05263157894736842
word_character,18751,GS-104,0.0,0.0,0.0,0.0,0.0,0.0,0.0
word_character,18790,M-104,0.0,0.0,0.0,0.0,0.0,0.0,0.0
word_character,18799,K-144,0.0,0.0,1.0,1.0,1.0,0.125,0.125
word_character,18815,R-294,0.0,0.0,0.0,0.0,0.0,0.0,0.0
word_character,18818,P-665,0.0,0.0,0.0,0.0,0.0,0.0,0.0
word_character,18848,HX-075,0.0,0.0,0.0,0.0,0.0,0.0,0.0
word_character,18890,P-459,0.0,0.0,0.0,0.0,0.0,0.0,0.0
word_character,18951,F-212,0.0,0.0,0.0,0.0,0.0,0.0,0.0
word_character,19249,RLP-069,0.0,0.0,0.0,0.0,0.0,0.0,0.0
word_character,19272,CV-305,0.0,0.0,0.0,0.0,0.0,0.0,0.0
word_character,19351,HX-047,0.0,0.0,0.0,0.0,0.0,0.0,0.0
word_character,19463,BM-080,1.0,1.0,1.0,1.0,1.0,1.0,1.0
word_character,19467,K-039,0.0,0.0,0.0,0.0,0.0,0.0,0.0
word_character,19469,HX-136,0.0,0.0,0.0,0.0,0.0,0.0,0.0
word_character,19494,GB-125,0.0,0.0,0.0,0.0,0.0,0.0,0.0
word_character,19546,BLR-079,0.0,0.0,0.0,0.0,0.0,0.0,0.0
word_character,19676,P-667,0.0,0.0,0.0,0.0,0.0,0.0,0.0
word_character,19693,F-133,0.0,0.0,0.0,0.0,0.0,0.0,0.0
word_character,19704,HX-226,0.0,0.0,0.0,0.0,0.0,0.0,0.0
word_character,19732,EX-057,0.0,0.0,0.0,0.0,0.0,0.0,0.0
word_character,19754,P-692,0.0,0.0,0.0,0.0,0.0,0.0,0.0
word_character,19881,TK-199,0.0,0.0,0.0,0.0,0.0,0.0,0.0
word_character,19968,P-121,0.0,0.0,0.0,0.0,0.0,0.0,0.0
word_character,20016,GB-029,0.0,0.0,0.0,0.0,0.0,0.0,0.0
word_character,20085,P-125,0.0,0.0,0.0,0.0,0.0,0.0,0.0
word_character,20097,P-222,0.0,0.0,0.0,0.0,0.0,0.0,0.0
word_character,20102,P-134,0.0,0.0,0.0,0.0,0.0,0.0,0.0
word_character,20114,P-429,0.0,0.0,0.0,0.0,0.0,0.0,0.0
word_character,20158,HP-105,0.0,0.0,0.0,0.0,0.0,0.0,0.0
word_character,20168,HX-032,0.0,0.0,0.0,0.0,0.0,0.0,0.0
word_character,20316,DRY-01,0.0,0.0,0.0,0.0,0.0,0.0,0.0
word_character,20360,TK-140,1.0,1.0,1.0,1.0,1.0,1.0,1.0
word_character,20385,P-182,0.0,0.0,0.0,0.0,0.0,0.0,0.0
word_character,20390,P-319,0.0,0.0,0.0,0.0,0.0,0.0,0.0
word_character,20406,F-015,0.0,0.0,0.0,0.0,1.0,0.0,0.030303030303030304
word_character,20472,TK-254,0.0,0.0,0.0,0.0,0.0,0.0,0.0
word_character,20473,BM-080,0.0,0.0,0.0,0.0,0.0,0.0,0.0
word_character,20500,TRB-050,0.0,0.0,1.0,1.0,1.0,0.14285714285714285,0.14285714285714285
word_character,20539,F-216,0.0,0.0,0.0,0.0,1.0,0.0,0.02
word_character,20559,EV-076,0.0,0.0,0.0,0.0,0.0,0.0,0.0
word_character,20563,GT-104,0.0,0.0,0.0,0.0,0.0,0.0,0.0
word_character,20587,SD-062,0.0,0.0,0.0,0.0,0.0,0.0,0.0
word_character,20614,F-010,0.0,0.0,0.0,0.0,1.0,0.0,0.024390243902439025
word_character,20622,M-133,0.0,0.0,0.0,0.0,0.0,0.0,0.0
word_character,20717,P-354,0.0,0.0,0.0,0.0,0.0,0.0,0.0
word_character,20723,HP-128,0.0,0.0,0.0,0.0,0.0,0.0,0.0
word_character,20725,DOS-091,0.0,1.0,1.0,1.0,1.0,0.3333333333333333,0.3333333333333333
word_character,20730,K-149,0.0,0.0,0.0,0.0,0.0,0.0,0.0
word_character,20873,P-261,0.0,0.0,0.0,0.0,0.0,0.0,0.0
word_character,20887,TK-004,0.0,0.0,0.0,0.0,0.0,0.0,0.0
word_character,20920,EV-133,0.0,0.0,0.0,0.0,0.0,0.0,0.0
word_character,20921,P-517,0.0,0.0,0.0,0.0,0.0,0.0,0.0
word_character,20998,TK-103,0.0,0.0,0.0,0.0,1.0,0.0,0.02040816326530612
word_character,21018,TK-118,0.0,0.0,0.0,0.0,0.0,0.0,0.0
word_character,21042,FM-023,0.0,0.0,0.0,1.0,1.0,0.0,0.05
word_character,21045,HX-341,0.0,0.0,0.0,0.0,0.0,0.0,0.0
word_character,21054,M-117,0.0,0.0,0.0,0.0,0.0,0.0,0.0
word_character,21055,AG-031,0.0,0.0,0.0,0.0,0.0,0.0,0.0
word_character,21148,R-126,0.0,0.0,0.0,0.0,0.0,0.0,0.0
word_character,21159,P-339,0.0,0.0,0.0,0.0,0.0,0.0,0.0
word_character,21194,K-102,0.0,0.0,0.0,0.0,0.0,0.0,0.0
word_character,21259,HX-090,0.0,0.0,0.0,0.0,0.0,0.0,0.0
word_character,21271,SEP-111,0.0,0.0,0.0,0.0,0.0,0.0,0.0
word_character,21306,P-262,0.0,0.0,0.0,0.0,0.0,0.0,0.0
word_character,21364,P-196,0.0,0.0,0.0,0.0,0.0,0.0,0.0
word_character,21389,P-114,0.0,0.0,0.0,0.0,0.0,0.0,0.0
word_character,21505,M-066,0.0,0.0,0.0,0.0,0.0,0.0,0.0
word_character,21519,CF-140,0.0,0.0,0.0,0.0,1.0,0.0,0.02564102564102564
word_character,21532,TK-209,0.0,0.0,0.0,0.0,0.0,0.0,0.0
word_character,21539,P-133,0.0,0.0,0.0,0.0,0.0,0.0,0.0
word_character,21598,HV-061,0.0,0.0,0.0,0.0,0.0,0.0,0.0
word_character,21605,BM-107,0.0,0.0,0.0,0.0,0.0,0.0,0.0
word_character,21661,M-146,0.0,0.0,0.0,0.0,1.0,0.0,0.047619047619047616
word_character,21662,FM-106,0.0,0.0,0.0,0.0,0.0,0.0,0.0
word_character,21689,VP-122,0.0,0.0,0.0,0.0,0.0,0.0,0.0
word_character,21698,M-081,0.0,0.0,0.0,0.0,0.0,0.0,0.0
word_character,21815,TK-120,0.0,0.0,0.0,0.0,0.0,0.0,0.0
word_character,21828,EX-132,0.0,0.0,0.0,0.0,0.0,0.0,0.0
word_character,21914,P-439,0.0,0.0,0.0,0.0,0.0,0.0,0.0
word_character,21945,P-472,0.0,0.0,0.0,0.0,0.0,0.0,0.0
word_character,22050,R-104,0.0,0.0,0.0,0.0,0.0,0.0,0.0
word_character,22106,K-236,0.0,0.0,0.0,0.0,0.0,0.0,0.0
word_character,22113,F-048,0.0,0.0,0.0,0.0,0.0,0.0,0.0
word_character,22164,DP-029,0.0,0.0,0.0,0.0,0.0,0.0,0.0
word_character,22171,BLR-100,0.0,0.0,0.0,0.0,0.0,0.0,0.0
word_character,22253,SEP-119,0.0,0.0,0.0,0.0,0.0,0.0,0.0
word_character,22283,FM-049,0.0,0.0,0.0,0.0,0.0,0.0,0.0
word_character,22289,M-114,0.0,0.0,0.0,0.0,0.0,0.0,0.0
word_character,22294,RLP-075,0.0,0.0,0.0,0.0,0.0,0.0,0.0
word_character,22331,SEP-101,0.0,0.0,0.0,0.0,0.0,0.0,0.0
word_character,22360,GB-199,0.0,0.0,0.0,0.0,0.0,0.0,0.0
word_character,22391,HX-433,0.0,0.0,0.0,0.0,0.0,0.0,0.0
word_character,22407,BLR-007,0.0,0.0,0.0,0.0,0.0,0.0,0.0
word_character,22433,CV-108,0.0,0.0,0.0,0.0,0.0,0.0,0.0
word_character,22461,F-107,0.0,0.0,0.0,0.0,0.0,0.0,0.0
word_character,22570,BLR-015,0.0,0.0,0.0,0.0,0.0,0.0,0.0
word_character,22599,SEP-030,0.0,0.0,0.0,0.0,0.0,0.0,0.0
word_character,22657,EV-101,0.0,0.0,0.0,0.0,0.0,0.0,0.0
word_character,22658,P-137,0.0,0.0,0.0,0.0,0.0,0.0,0.0
word_character,22714,DC-031,0.0,0.0,0.0,0.0,0.0,0.0,0.0
word_character,22716,TK-109,0.0,0.0,0.0,0.0,0.0,0.0,0.0
word_character,22844,CV-100,0.0,0.0,0.0,0.0,0.0,0.0,0.0
word_character,22859,P-164,0.0,0.0,0.0,0.0,0.0,0.0,0.0
word_character,22864,AG-125,0.0,0.0,0.0,0.0,0.0,0.0,0.0
word_character,22875,K-229,0.0,0.0,0.0,0.0,0.0,0.0,0.0
word_character,22900,SC-074,0.0,0.0,0.0,0.0,0.0,0.0,0.0
word_character,22904,DRY-068,0.0,0.0,0.0,0.0,0.0,0.0,0.0
word_character,22959,FM-009,0.0,0.0,0.0,0.0,0.0,0.0,0.0
word_character,22984,P-156,0.0,0.0,0.0,0.0,0.0,0.0,0.0
word_character,22992,P-528,0.0,0.0,0.0,0.0,0.0,0.0,0.0
word_character,23008,K-064,0.0,0.0,0.0,0.0,0.0,0.0,0.0
word_character,23048,GB-085,0.0,0.0,0.0,0.0,0.0,0.0,0.0
word_character,23058,CV-007,0.0,0.0,0.0,0.0,0.0,0.0,0.0
word_character,23074,EV-006,0.0,0.0,0.0,0.0,0.0,0.0,0.0
word_character,23105,P-166,0.0,0.0,0.0,0.0,0.0,0.0,0.0
word_character,23173,EV-125,0.0,0.0,0.0,0.0,0.0,0.0,0.0
word_character,23184,CV-057,0.0,0.0,0.0,0.0,0.0,0.0,0.0
word_character,23309,HX-239,0.0,0.0,0.0,0.0,0.0,0.0,0.0
word_character,23327,SC-141,0.0,0.0,0.0,0.0,0.0,0.0,0.0
word_character,23370,P-228,0.0,1.0,1.0,1.0,1.0,0.5,0.5
word_character,23377,VP-133,0.0,0.0,0.0,0.0,1.0,0.0,0.02702702702702703
word_character,23403,P-155,0.0,0.0,0.0,0.0,0.0,0.0,0.0
word_character,23462,P-104,0.0,0.0,0.0,0.0,0.0,0.0,0.0
word_character,23502,K-207,0.0,0.0,0.0,0.0,0.0,0.0,0.0
word_character,23512,HX-017,0.0,0.0,0.0,0.0,0.0,0.0,0.0
word_character,23519,M-041,0.0,0.0,0.0,0.0,1.0,0.0,0.020833333333333332
word_character,23526,P-674,0.0,0.0,0.0,0.0,0.0,0.0,0.0
word_character,23528,UF-126,0.0,0.0,0.0,0.0,0.0,0.0,0.0
word_character,23535,UF-043,0.0,0.0,0.0,0.0,0.0,0.0,0.0
word_character,23547,CF-120,0.0,0.0,0.0,0.0,0.0,0.0,0.0
word_character,23554,CV-026,0.0,0.0,0.0,0.0,0.0,0.0,0.0
word_character,23585,TK-060,0.0,0.0,0.0,0.0,0.0,0.0,0.0
word_character,23605,P-153,0.0,0.0,0.0,0.0,0.0,0.0,0.0
word_character,23688,HV-093,0.0,0.0,0.0,0.0,0.0,0.0,0.0
word_character,23709,P-430,0.0,0.0,0.0,0.0,0.0,0.0,0.0
word_character,23736,SD-144,0.0,0.0,0.0,0.0,0.0,0.0,0.0
word_character,23785,P-362,0.0,0.0,0.0,0.0,0.0,0.0,0.0
word_character,23800,EV-015,0.0,0.0,0.0,0.0,0.0,0.0,0.0
word_character,23819,GB-116,0.0,0.0,0.0,0.0,0.0,0.0,0.0
word_character,23839,R-094,0.0,0.0,0.0,0.0,0.0,0.0,0.0
word_character,23847,M-053,0.0,0.0,0.0,0.0,0.0,0.0,0.0
word_character,23849,GB-142,0.0,0.0,1.0,1.0,1.0,0.1,0.1
word_character,23858,P-236,0.0,0.0,0.0,0.0,0.0,0.0,0.0
word_character,23862,DP-104,0.0,0.0,0.0,1.0,1.0,0.0,0.05263157894736842
word_character,23863,BLR-125,0.0,0.0,0.0,0.0,0.0,0.0,0.0
word_character,23869,SD-035,0.0,0.0,0.0,0.0,0.0,0.0,0.0
word_character,23974,P-352,0.0,0.0,0.0,0.0,1.0,0.0,0.025
word_character,24037,M-062,0.0,0.0,0.0,0.0,0.0,0.0,0.0
word_character,24091,P-442,0.0,0.0,0.0,0.0,0.0,0.0,0.0
word_character,24095,K-093,0.0,0.0,0.0,0.0,0.0,0.0,0.0
word_character,24165,TK-029,0.0,0.0,0.0,0.0,0.0,0.0,0.0
word_character,24183,TK-222,0.0,0.0,0.0,0.0,0.0,0.0,0.0
word_character,24203,TK-032,0.0,0.0,0.0,0.0,0.0,0.0,0.0
word_character,24274,TK-118,0.0,0.0,0.0,0.0,0.0,0.0,0.0
word_character,24288,AG-008,0.0,0.0,1.0,1.0,1.0,0.1,0.1
word_character,24306,SC-119,0.0,0.0,0.0,0.0,0.0,0.0,0.0
word_character,24308,VP-108,0.0,0.0,1.0,1.0,1.0,0.125,0.125
word_character,24340,DRY-035,0.0,0.0,0.0,0.0,0.0,0.0,0.0
word_character,24346,K-036,0.0,0.0,0.0,0.0,0.0,0.0,0.0
word_character,24381,GB-018,0.0,0.0,0.0,0.0,0.0,0.0,0.0
word_character,24396,R-007,0.0,0.0,0.0,0.0,0.0,0.0,0.0
word_character,24461,CV-013,0.0,0.0,0.0,0.0,1.0,0.0,0.02127659574468085
word_character,24486,HX-050,0.0,0.0,0.0,0.0,0.0,0.0,0.0
word_character,24542,BLR-110,0.0,0.0,0.0,1.0,1.0,0.0,0.06666666666666667
word_character,24545,P-210,0.0,0.0,0.0,0.0,0.0,0.0,0.0
word_character,24551,P-158,0.0,0.0,0.0,0.0,0.0,0.0,0.0
word_character,24623,BM-118,0.0,0.0,0.0,0.0,1.0,0.0,0.024390243902439025
word_character,24649,TK-037,0.0,0.0,0.0,1.0,1.0,0.0,0.07692307692307693
word_character,24715,P-674,0.0,0.0,0.0,0.0,0.0,0.0,0.0
word_character,24743,AG-106,0.0,0.0,0.0,0.0,0.0,0.0,0.0
word_character,24765,BLR-217,0.0,0.0,0.0,0.0,0.0,0.0,0.0
word_character,24775,BLR-110,0.0,0.0,0.0,0.0,0.0,0.0,0.0
word_character,24829,P-296,0.0,0.0,0.0,0.0,0.0,0.0,0.0
word_character,24914,TK-242,0.0,0.0,0.0,0.0,0.0,0.0,0.0
word_character,24916,DRY-009,0.0,0.0,0.0,0.0,0.0,0.0,0.0
word_character,24919,DP-025,0.0,0.0,0.0,0.0,0.0,0.0,0.0
word_character,24926,CR-031,0.0,0.0,0.0,0.0,0.0,0.0,0.0
word_character,24934,K-052,0.0,0.0,0.0,0.0,0.0,0.0,0.0
word_character,24994,GT-141,0.0,0.0,0.0,0.0,1.0,0.0,0.021739130434782608
word_character,25020,BLR-086,0.0,0.0,0.0,0.0,0.0,0.0,0.0
word_character,25102,UF-092,0.0,0.0,0.0,0.0,1.0,0.0,0.030303030303030304
word_character,25114,P-387,0.0,0.0,0.0,0.0,0.0,0.0,0.0
word_character,25136,P-521,0.0,0.0,0.0,0.0,0.0,0.0,0.0
word_character,25211,P-315,0.0,0.0,0.0,0.0,0.0,0.0,0.0
word_character,25253,HX-335,0.0,0.0,0.0,0.0,0.0,0.0,0.0
word_character,25259,VP-059,0.0,0.0,0.0,0.0,0.0,0.0,0.0
word_character,25282,GT-103,0.0,0.0,0.0,0.0,1.0,0.0,0.022222222222222223
word_character,25297,P-490,0.0,0.0,0.0,0.0,0.0,0.0,0.0
word_character,25323,HX-230,0.0,0.0,0.0,0.0,0.0,0.0,0.0
word_character,25361,TK-112,0.0,0.0,0.0,1.0,1.0,0.0,0.09090909090909091
word_character,25392,P-186,0.0,0.0,0.0,0.0,0.0,0.0,0.0
word_character,25428,SD-102,0.0,0.0,0.0,0.0,0.0,0.0,0.0
word_character,25452,EX-136,0.0,0.0,0.0,0.0,0.0,0.0,0.0
word_character,25505,TK-243,0.0,0.0,0.0,0.0,0.0,0.0,0.0
word_character,25524,M-119,0.0,0.0,0.0,0.0,1.0,0.0,0.03125
word_character,25573,RLP-104,0.0,0.0,0.0,0.0,0.0,0.0,0.0
word_character,25585,GB-066,0.0,0.0,0.0,0.0,0.0,0.0,0.0
word_character,25596,HV-107,0.0,0.0,0.0,0.0,0.0,0.0,0.0
word_character,25607,M-045,0.0,0.0,0.0,0.0,0.0,0.0,0.0
word_character,25614,HP-084,0.0,0.0,0.0,0.0,0.0,0.0,0.0
word_character,25648,DRY-033,0.0,0.0,0.0,0.0,0.0,0.0,0.0
word_character,25658,DOS-112,0.0,0.0,0.0,0.0,0.0,0.0,0.0
word_character,25699,P-353,0.0,0.0,0.0,0.0,0.0,0.0,0.0
word_character,25777,HV-228,0.0,0.0,0.0,0.0,0.0,0.0,0.0
word_character,25806,CV-044,0.0,0.0,0.0,0.0,0.0,0.0,0.0
word_character,25813,CR-083,0.0,0.0,0.0,0.0,0.0,0.0,0.0
word_character,25885,AG-062,0.0,0.0,0.0,0.0,0.0,0.0,0.0
word_character,25934,P-610,0.0,0.0,0.0,0.0,0.0,0.0,0.0
word_character,25936,P-642,0.0,0.0,0.0,0.0,0.0,0.0,0.0
word_character,25950,EV-043,0.0,0.0,0.0,0.0,0.0,0.0,0.0
word_character,26084,TK-086,0.0,0.0,0.0,0.0,0.0,0.0,0.0
word_character,26125,P-169,0.0,0.0,0.0,0.0,0.0,0.0,0.0
word_character,26127,SD-016,0.0,0.0,0.0,0.0,0.0,0.0,0.0
word_character,26193,GS-015,0.0,0.0,0.0,0.0,1.0,0.0,0.02127659574468085
word_character,26271,P-327,0.0,0.0,0.0,0.0,0.0,0.0,0.0
word_character,26302,TK-106,0.0,0.0,0.0,0.0,0.0,0.0,0.0
word_character,26303,SC-080,0.0,0.0,0.0,0.0,0.0,0.0,0.0
word_character,26384,UF-037,0.0,0.0,0.0,0.0,0.0,0.0,0.0
word_character,26404,EV-079,0.0,0.0,0.0,0.0,0.0,0.0,0.0
word_character,26467,DC-126,0.0,0.0,0.0,0.0,0.0,0.0,0.0
word_character,26568,K-081,0.0,0.0,0.0,0.0,0.0,0.0,0.0
word_character,26594,HP-118,0.0,0.0,0.0,0.0,0.0,0.0,0.0
word_character,26640,TK-134,0.0,0.0,0.0,0.0,0.0,0.0,0.0
word_character,26667,M-104,0.0,0.0,0.0,0.0,0.0,0.0,0.0
word_character,26680,K-202,0.0,0.0,0.0,0.0,0.0,0.0,0.0
word_character,26725,P-389,0.0,0.0,0.0,0.0,0.0,0.0,0.0
word_character,26727,TRB-119,0.0,0.0,0.0,0.0,0.0,0.0,0.0
word_character,26735,P-283,0.0,0.0,0.0,0.0,0.0,0.0,0.0
word_character,26791,CR-091,0.0,0.0,0.0,0.0,0.0,0.0,0.0
word_character,26839,CV-118,0.0,0.0,0.0,0.0,0.0,0.0,0.0
word_character,26888,P-213,0.0,0.0,0.0,0.0,0.0,0.0,0.0
word_character,26907,TK-140,0.0,0.0,0.0,0.0,0.0,0.0,0.0
word_character,26990,RLP-101,0.0,0.0,0.0,0.0,0.0,0.0,0.0
word_character,27027,P-238,0.0,0.0,0.0,0.0,0.0,0.0,0.0
word_character,27105,P-424,0.0,0.0,0.0,0.0,0.0,0.0,0.0
word_character,27108,M-136,0.0,0.0,0.0,0.0,0.0,0.0,0.0
word_character,27151,HX-108,0.0,0.0,0.0,0.0,0.0,0.0,0.0
word_character,27188,TK-077,0.0,1.0,1.0,1.0,1.0,0.5,0.5
word_character,27258,M-046,0.0,0.0,0.0,0.0,0.0,0.0,0.0
word_character,27265,P-313,0.0,0.0,0.0,0.0,0.0,0.0,0.0
word_character,27273,P-689,0.0,0.0,0.0,0.0,0.0,0.0,0.0
word_character,27328,GT-098,0.0,0.0,0.0,0.0,0.0,0.0,0.0
word_character,27391,K-153,0.0,0.0,0.0,0.0,0.0,0.0,0.0
word_character,27399,P-116,0.0,0.0,0.0,0.0,0.0,0.0,0.0
word_character,27431,DP-122,0.0,0.0,0.0,0.0,0.0,0.0,0.0
word_character,27447,M-028,0.0,0.0,0.0,0.0,0.0,0.0,0.0
word_character,27463,BM-046,0.0,0.0,0.0,0.0,0.0,0.0,0.0
word_character,27500,EX-036,0.0,0.0,0.0,0.0,0.0,0.0,0.0
word_character,27565,HP-042,0.0,0.0,0.0,0.0,0.0,0.0,0.0
word_character,27568,BLR-101,0.0,0.0,0.0,0.0,0.0,0.0,0.0
word_character,27618,DC-024,0.0,0.0,0.0,0.0,0.0,0.0,0.0
word_character,27639,SC-073,0.0,0.0,0.0,0.0,0.0,0.0,0.0
word_character,27644,GB-025,0.0,0.0,0.0,0.0,0.0,0.0,0.0
word_character,27650,BM-108,0.0,0.0,0.0,0.0,0.0,0.0,0.0
word_character,27669,TK-022,0.0,0.0,0.0,0.0,0.0,0.0,0.0
word_character,27677,M-105,0.0,0.0,0.0,1.0,1.0,0.0,0.058823529411764705
word_character,27678,BLR-127,0.0,0.0,0.0,0.0,0.0,0.0,0.0
word_character,27682,F-225,0.0,0.0,0.0,0.0,0.0,0.0,0.0
word_character,27714,DOS-128,0.0,0.0,0.0,0.0,0.0,0.0,0.0
word_character,27805,P-144,0.0,0.0,0.0,0.0,0.0,0.0,0.0
word_character,27837,F-146,0.0,0.0,0.0,0.0,1.0,0.0,0.023809523809523808
word_character,27885,DC-008,0.0,0.0,0.0,0.0,0.0,0.0,0.0
word_character,27909,HX-018,0.0,0.0,0.0,0.0,0.0,0.0,0.0
word_character,27958,SEP-062,0.0,0.0,0.0,0.0,0.0,0.0,0.0
word_character,27981,DOS-137,0.0,0.0,0.0,1.0,1.0,0.0,0.07142857142857142
word_character,28083,P-154,0.0,0.0,0.0,0.0,0.0,0.0,0.0
word_character,28131,M-093,0.0,0.0,0.0,0.0,0.0,0.0,0.0
word_character,28279,P-218,0.0,0.0,0.0,0.0,0.0,0.0,0.0
word_character,28423,TK-096,0.0,0.0,0.0,0.0,0.0,0.0,0.0
word_character,28479,BLR-033,0.0,1.0,1.0,1.0,1.0,0.5,0.5
word_character,28481,P-227,0.0,0.0,0.0,0.0,0.0,0.0,0.0
word_character,28531,GB-040,0.0,0.0,0.0,0.0,0.0,0.0,0.0
word_character,28617,HP-113,0.0,0.0,0.0,0.0,0.0,0.0,0.0
word_character,28628,M-020,0.0,0.0,0.0,0.0,0.0,0.0,0.0
word_character,28653,HX-007,0.0,0.0,0.0,0.0,0.0,0.0,0.0
word_character,28655,HV-117,0.0,0.0,0.0,0.0,0.0,0.0,0.0
word_character,28679,M-041,0.0,0.0,0.0,0.0,0.0,0.0,0.0
word_character,28709,K-078,0.0,0.0,0.0,0.0,0.0,0.0,0.0
word_character,28726,TK-119,0.0,0.0,0.0,1.0,1.0,0.0,0.07692307692307693
word_character,28754,P-657,0.0,0.0,0.0,0.0,0.0,0.0,0.0
word_character,28805,M-113,0.0,0.0,0.0,0.0,0.0,0.0,0.0
word_character,28837,CF-126,0.0,0.0,0.0,0.0,1.0,0.0,0.024390243902439025
word_character,28839,TK-142,0.0,0.0,0.0,0.0,0.0,0.0,0.0
word_character,28848,M-056,0.0,0.0,0.0,0.0,0.0,0.0,0.0
word_character,28852,BM-066,0.0,0.0,0.0,0.0,0.0,0.0,0.0
word_character,28911,DC-081,0.0,0.0,0.0,0.0,0.0,0.0,0.0
word_character,28919,HV-226,0.0,0.0,0.0,0.0,0.0,0.0,0.0
word_character,28929,P-323,0.0,0.0,0.0,0.0,0.0,0.0,0.0
word_character,29081,F-065,0.0,0.0,0.0,0.0,0.0,0.0,0.0
word_character,29136,TK-343,0.0,0.0,0.0,0.0,0.0,0.0,0.0
word_character,29157,K-012,0.0,0.0,0.0,0.0,0.0,0.0,0.0
word_character,29179,TRB-097,0.0,1.0,1.0,1.0,1.0,0.25,0.25
word_character,29237,P-139,0.0,0.0,0.0,0.0,0.0,0.0,0.0
word_character,29318,M-050,0.0,0.0,0.0,0.0,0.0,0.0,0.0
word_character,29369,HX-139,0.0,0.0,0.0,0.0,1.0,0.0,0.03125
word_character,29407,P-245,0.0,0.0,0.0,0.0,1.0,0.0,0.034482758620689655
word_character,29445,M-062,0.0,0.0,0.0,0.0,1.0,0.0,0.022727272727272728
word_character,29465,HP-128,0.0,0.0,0.0,0.0,0.0,0.0,0.0
word_character,29489,P-255,0.0,0.0,0.0,0.0,0.0,0.0,0.0
word_character,29497,FM-117,0.0,0.0,0.0,1.0,1.0,0.0,0.05
word_character,29508,K-103,0.0,0.0,0.0,0.0,0.0,0.0,0.0
word_character,29543,K-081,0.0,0.0,0.0,0.0,0.0,0.0,0.0
word_character,29572,CV-145,0.0,0.0,0.0,0.0,0.0,0.0,0.0
word_character,29585,M-058,0.0,0.0,0.0,0.0,0.0,0.0,0.0
word_character,29602,HX-007,0.0,0.0,0.0,0.0,0.0,0.0,0.0
word_character,29636,TRB-131,0.0,0.0,0.0,0.0,1.0,0.0,0.023809523809523808
word_character,29666,P-201,0.0,0.0,0.0,0.0,0.0,0.0,0.0
word_character,29674,TK-239,0.0,0.0,0.0,0.0,0.0,0.0,0.0
word_character,29683,AG-040,0.0,0.0,0.0,0.0,0.0,0.0,0.0
word_character,29702,TRB-131,0.0,0.0,0.0,0.0,0.0,0.0,0.0
word_character,29727,TK-403,0.0,0.0,0.0,0.0,0.0,0.0,0.0
word_character,29799,SD-038,0.0,0.0,0.0,0.0,0.0,0.0,0.0
word_character,29813,R-108,0.0,0.0,0.0,0.0,0.0,0.0,0.0
word_character,29821,BLR-126,0.0,0.0,0.0,0.0,0.0,0.0,0.0
word_character,29840,M-059,0.0,0.0,0.0,0.0,0.0,0.0,0.0
word_character,29896,CV-032,0.0,0.0,0.0,1.0,1.0,0.0,0.05
word_character,29898,K-300,0.0,0.0,0.0,0.0,0.0,0.0,0.0
word_character,29975,F-055,0.0,0.0,0.0,0.0,0.0,0.0,0.0
word_character,30062,P-158,0.0,0.0,0.0,0.0,0.0,0.0,0.0
word_character,30083,P-132,0.0,0.0,0.0,0.0,0.0,0.0,0.0
word_character,30117,CV-135,0.0,0.0,0.0,0.0,0.0,0.0,0.0
word_character,30154,TK-037,0.0,0.0,0.0,0.0,0.0,0.0,0.0
word_character,30174,M-080,0.0,0.0,0.0,0.0,0.0,0.0,0.0
word_character,30227,P-352,0.0,0.0,0.0,0.0,0.0,0.0,0.0
word_character,30258,K-099,0.0,0.0,0.0,0.0,0.0,0.0,0.0
word_character,30279,AG-049,0.0,0.0,0.0,0.0,0.0,0.0,0.0
word_character,30366,HV-051,0.0,0.0,0.0,0.0,0.0,0.0,0.0
word_character,30374,M-100,0.0,0.0,0.0,0.0,0.0,0.0,0.0
word_character,30390,R-117,0.0,0.0,0.0,0.0,0.0,0.0,0.0
word_character,30399,F-094,0.0,0.0,0.0,0.0,0.0,0.0,0.0
word_character,30404,EV-033,0.0,0.0,0.0,0.0,0.0,0.0,0.0
word_character,30407,P-680,0.0,0.0,0.0,0.0,0.0,0.0,0.0
word_character,30428,BLR-117,0.0,0.0,0.0,1.0,1.0,0.0,0.05555555555555555
word_character,30467,FM-139,0.0,0.0,0.0,0.0,0.0,0.0,0.0
word_character,30480,P-321,0.0,0.0,0.0,0.0,0.0,0.0,0.0
word_character,30482,GS-111,0.0,1.0,1.0,1.0,1.0,0.3333333333333333,0.3333333333333333
word_character,30645,SEP-120,0.0,0.0,0.0,0.0,0.0,0.0,0.0
word_character,30654,SEP-117,0.0,0.0,0.0,0.0,0.0,0.0,0.0
word_character,30679,TK-068,0.0,0.0,0.0,0.0,0.0,0.0,0.0
word_character,30708,P-210,0.0,0.0,0.0,0.0,0.0,0.0,0.0
word_character,30757,HV-129,0.0,0.0,0.0,0.0,0.0,0.0,0.0
word_character,30792,CR-142,0.0,0.0,0.0,0.0,0.0,0.0,0.0
word_character,30862,HV-014,0.0,0.0,0.0,0.0,0.0,0.0,0.0
word_character,30864,GT-056,0.0,0.0,0.0,0.0,0.0,0.0,0.0
word_character,30872,M-083,0.0,0.0,0.0,0.0,0.0,0.0,0.0
word_character,30892,GT-005,0.0,0.0,0.0,0.0,0.0,0.0,0.0
word_character,30925,P-430,0.0,0.0,0.0,0.0,0.0,0.0,0.0
word_character,30931,K-212,0.0,0.0,0.0,0.0,0.0,0.0,0.0
word_character,30967,P-439,0.0,0.0,0.0,0.0,0.0,0.0,0.0
word_character,30992,TK-039,0.0,0.0,0.0,0.0,0.0,0.0,0.0
word_character,30999,DP-069,0.0,0.0,0.0,0.0,0.0,0.0,0.0
word_character,31040,HV-017,0.0,0.0,0.0,0.0,0.0,0.0,0.0
word_character,31058,HX-120,0.0,0.0,0.0,0.0,1.0,0.0,0.02857142857142857
word_character,31087,P-438,0.0,0.0,0.0,0.0,0.0,0.0,0.0
word_character,31088,M-083,0.0,0.0,0.0,0.0,0.0,0.0,0.0
word_character,31124,P-483,0.0,0.0,0.0,0.0,0.0,0.0,0.0
word_character,31177,P-503,0.0,0.0,0.0,0.0,0.0,0.0,0.0
word_character,31180,M-010,0.0,0.0,0.0,0.0,0.0,0.0,0.0
word_character,31258,EX-136,0.0,0.0,0.0,0.0,0.0,0.0,0.0
word_character,31301,DC-106,0.0,0.0,0.0,0.0,0.0,0.0,0.0
word_character,31313,CV-124,0.0,0.0,0.0,0.0,0.0,0.0,0.0
word_character,31389,P-242,0.0,0.0,0.0,0.0,0.0,0.0,0.0
word_character,31414,P-426,0.0,0.0,0.0,0.0,0.0,0.0,0.0
word_character,31543,P-388,0.0,0.0,0.0,0.0,0.0,0.0,0.0
word_character,31547,TK-173,0.0,0.0,0.0,0.0,0.0,0.0,0.0
word_character,31549,R-201,0.0,0.0,0.0,0.0,0.0,0.0,0.0
word_character,31568,DRY-013,0.0,0.0,0.0,0.0,0.0,0.0,0.0
word_character,31579,P-517,0.0,0.0,0.0,0.0,0.0,0.0,0.0
word_character,31590,AG-128,0.0,0.0,0.0,0.0,0.0,0.0,0.0
word_character,31611,TK-151,0.0,0.0,0.0,0.0,0.0,0.0,0.0
word_character,31632,F-013,0.0,0.0,1.0,1.0,1.0,0.1,0.1
word_character,31720,HV-221,0.0,0.0,0.0,0.0,0.0,0.0,0.0
word_character,31739,SD-060,0.0,0.0,0.0,0.0,0.0,0.0,0.0
word_character,31764,P-528,0.0,0.0,0.0,0.0,0.0,0.0,0.0
word_character,31772,BLR-101,0.0,0.0,0.0,0.0,0.0,0.0,0.0
word_character,31785,DRY-089,0.0,0.0,0.0,0.0,0.0,0.0,0.0
word_character,31795,F-125,0.0,0.0,0.0,0.0,0.0,0.0,0.0
word_character,31808,FCC-052,0.0,0.0,0.0,0.0,0.0,0.0,0.0
word_character,31858,HX-209,0.0,0.0,0.0,0.0,0.0,0.0,0.0
word_character,31861,F-244,0.0,0.0,0.0,0.0,0.0,0.0,0.0
word_character,31865,SC-111,0.0,0.0,0.0,0.0,0.0,0.0,0.0
word_character,31893,M-070,0.0,0.0,0.0,0.0,0.0,0.0,0.0
word_character,31949,FCC-126,0.0,0.0,1.0,1.0,1.0,0.16666666666666666,0.16666666666666666
word_character,32042,HX-118,0.0,0.0,0.0,0.0,0.0,0.0,0.0
word_character,32058,P-203,0.0,0.0,0.0,0.0,0.0,0.0,0.0
word_character,32081,FM-130,1.0,1.0,1.0,1.0,1.0,1.0,1.0
word_character,32210,TK-167,0.0,0.0,0.0,0.0,0.0,0.0,0.0
word_character,32278,FM-132,0.0,0.0,0.0,0.0,0.0,0.0,0.0
word_character,32391,K-071,0.0,0.0,0.0,0.0,0.0,0.0,0.0
word_character,32446,K-261,0.0,0.0,0.0,0.0,0.0,0.0,0.0
word_character,32451,TK-047,0.0,0.0,0.0,0.0,0.0,0.0,0.0
word_character,32454,P-151,0.0,0.0,0.0,0.0,0.0,0.0,0.0
word_character,32528,P-316,0.0,0.0,0.0,0.0,0.0,0.0,0.0
word_character,32543,R-119,0.0,0.0,0.0,0.0,0.0,0.0,0.0
word_character,32591,CF-050,0.0,0.0,0.0,0.0,0.0,0.0,0.0
word_character,32620,R-047,0.0,0.0,1.0,1.0,1.0,0.1,0.1
word_character,32623,EV-057,0.0,0.0,0.0,0.0,0.0,0.0,0.0
word_character,32682,M-042,0.0,0.0,0.0,0.0,0.0,0.0,0.0
word_character,32764,CT-126,0.0,0.0,0.0,0.0,0.0,0.0,0.0
word_character,32790,P-441,0.0,0.0,0.0,0.0,0.0,0.0,0.0
word_character,32801,DP-109,0.0,0.0,0.0,0.0,1.0,0.0,0.038461538461538464
word_character,32829,P-509,0.0,0.0,0.0,0.0,0.0,0.0,0.0
word_character,32877,CV-145,0.0,0.0,0.0,0.0,0.0,0.0,0.0
word_character,32892,P-409,0.0,0.0,0.0,0.0,0.0,0.0,0.0
word_character,32898,BLR-125,0.0,0.0,0.0,0.0,0.0,0.0,0.0
word_character,32907,HX-132,0.0,0.0,0.0,0.0,0.0,0.0,0.0
word_character,32910,DP-110,0.0,0.0,1.0,1.0,1.0,0.16666666666666666,0.16666666666666666
word_character,32936,AG-071,0.0,0.0,0.0,0.0,0.0,0.0,0.0
word_character,32986,DC-133,0.0,0.0,0.0,0.0,0.0,0.0,0.0
word_character,33017,R-026,0.0,0.0,0.0,0.0,0.0,0.0,0.0
word_character,33021,SEP-136,0.0,0.0,0.0,0.0,0.0,0.0,0.0
word_character,33098,P-502,0.0,0.0,0.0,0.0,0.0,0.0,0.0
word_character,33108,RLP-109,0.0,0.0,0.0,0.0,1.0,0.0,0.04
word_character,33133,P-111,0.0,0.0,0.0,0.0,0.0,0.0,0.0
word_character,33150,FM-099,0.0,0.0,0.0,0.0,0.0,0.0,0.0
word_character,33216,DOS-140,0.0,0.0,0.0,0.0,0.0,0.0,0.0
word_character,33268,P-205,0.0,0.0,0.0,0.0,0.0,0.0,0.0
word_character,33312,P-271,0.0,0.0,0.0,0.0,0.0,0.0,0.0
word_character,33331,CF-083,0.0,0.0,0.0,0.0,1.0,0.0,0.022727272727272728
word_character,33375,K-143,0.0,0.0,0.0,0.0,0.0,0.0,0.0
word_character,33414,P-121,0.0,0.0,0.0,0.0,0.0,0.0,0.0
word_character,33456,R-033,0.0,0.0,0.0,0.0,0.0,0.0,0.0
word_character,33520,P-271,0.0,0.0,0.0,0.0,0.0,0.0,0.0
word_character,33556,UF-074,0.0,0.0,0.0,0.0,0.0,0.0,0.0
word_character,33587,SD-139,0.0,0.0,0.0,0.0,0.0,0.0,0.0
word_character,33595,M-015,0.0,0.0,0.0,0.0,0.0,0.0,0.0
word_character,33661,P-660,0.0,0.0,0.0,0.0,0.0,0.0,0.0
word_character,33666,DP-132,0.0,0.0,0.0,0.0,0.0,0.0,0.0
word_character,33674,DOS-040,0.0,0.0,1.0,1.0,1.0,0.1,0.1
word_character,33679,K-112,0.0,0.0,0.0,0.0,0.0,0.0,0.0
word_character,33707,K-120,0.0,0.0,1.0,1.0,1.0,0.14285714285714285,0.14285714285714285
word_character,33769,M-081,0.0,1.0,1.0,1.0,1.0,0.2,0.2
word_character,33786,P-246,0.0,0.0,0.0,0.0,0.0,0.0,0.0
word_character,33797,AG-129,0.0,0.0,0.0,0.0,0.0,0.0,0.0
word_character,33903,K-143,0.0,0.0,0.0,0.0,0.0,0.0,0.0
word_character,33949,TRB-046,0.0,0.0,0.0,0.0,0.0,0.0,0.0
word_character,33950,P-328,0.0,0.0,0.0,0.0,0.0,0.0,0.0
word_character,34003,SC-114,0.0,0.0,0.0,0.0,0.0,0.0,0.0
word_character,34004,HX-029,0.0,0.0,0.0,0.0,0.0,0.0,0.0
word_character,34087,P-240,0.0,0.0,0.0,0.0,0.0,0.0,0.0
word_character,34088,K-017,0.0,0.0,0.0,0.0,0.0,0.0,0.0
word_character,34122,DOS-138,0.0,0.0,0.0,0.0,0.0,0.0,0.0
word_character,34128,DRY-119,0.0,0.0,0.0,0.0,1.0,0.0,0.030303030303030304
word_character,34262,P-346,0.0,0.0,0.0,0.0,1.0,0.0,0.037037037037037035
word_character,34275,R-090,0.0,0.0,0.0,0.0,0.0,0.0,0.0
word_character,34290,TK-011,0.0,0.0,0.0,0.0,0.0,0.0,0.0
word_character,34369,P-441,0.0,0.0,0.0,0.0,0.0,0.0,0.0
word_character,34380,HX-133,0.0,0.0,0.0,0.0,1.0,0.0,0.022222222222222223
word_character,34408,DC-041,0.0,0.0,0.0,0.0,0.0,0.0,0.0
word_character,34458,P-604,0.0,0.0,0.0,0.0,0.0,0.0,0.0
word_character,34466,K-105,0.0,0.0,0.0,0.0,1.0,0.0,0.02631578947368421
word_character,34488,TRB-039,0.0,0.0,0.0,0.0,0.0,0.0,0.0
word_character,34505,M-013,0.0,0.0,0.0,1.0,1.0,0.0,0.08333333333333333
word_character,34540,M-036,0.0,0.0,0.0,0.0,0.0,0.0,0.0
word_character,34542,GS-061,0.0,0.0,0.0,0.0,0.0,0.0,0.0
word_character,34613,DC-043,0.0,0.0,0.0,0.0,1.0,0.0,0.037037037037037035
word_character,34636,RLP-075,0.0,0.0,0.0,0.0,0.0,0.0,0.0
word_character,34670,DRY-110,0.0,0.0,0.0,0.0,0.0,0.0,0.0
word_character,34683,HX-147,0.0,0.0,0.0,0.0,0.0,0.0,0.0
word_character,34708,HV-102,0.0,0.0,0.0,1.0,1.0,0.0,0.07692307692307693
word_character,34756,AG-027,0.0,0.0,0.0,0.0,0.0,0.0,0.0
word_character,34808,CT-055,0.0,0.0,0.0,0.0,0.0,0.0,0.0
word_character,34853,CV-008,0.0,0.0,0.0,0.0,0.0,0.0,0.0
word_character,34880,DRY-029,0.0,0.0,0.0,0.0,0.0,0.0,0.0
word_character,34900,CV-127,0.0,0.0,0.0,0.0,0.0,0.0,0.0
word_character,34914,HX-052,0.0,0.0,0.0,0.0,0.0,0.0,0.0
word_character,34934,HP-014,0.0,0.0,0.0,0.0,0.0,0.0,0.0
word_character,34967,M-007,0.0,0.0,0.0,0.0,0.0,0.0,0.0
word_character,35025,TK-230,0.0,0.0,0.0,1.0,1.0,0.0,0.09090909090909091
word_character,35030,K-127,0.0,0.0,0.0,0.0,0.0,0.0,0.0
word_character,35054,P-176,0.0,0.0,0.0,0.0,0.0,0.0,0.0
word_character,35078,M-048,0.0,0.0,0.0,0.0,0.0,0.0,0.0
word_character,35098,CV-115,0.0,0.0,0.0,0.0,0.0,0.0,0.0
word_character,35162,TK-133,0.0,0.0,0.0,0.0,1.0,0.0,0.021739130434782608
word_character,35201,P-192,0.0,0.0,0.0,0.0,0.0,0.0,0.0
word_character,35231,HX-125,0.0,0.0,0.0,0.0,0.0,0.0,0.0
word_character,35240,TK-223,0.0,0.0,0.0,0.0,0.0,0.0,0.0
word_character,35243,TK-207,0.0,0.0,0.0,0.0,0.0,0.0,0.0
word_character,35314,CR-030,0.0,0.0,0.0,0.0,0.0,0.0,0.0
word_character,35347,K-216,0.0,0.0,0.0,0.0,0.0,0.0,0.0
word_character,35353,M-021,0.0,0.0,0.0,0.0,0.0,0.0,0.0
word_character,35401,DOS-109,0.0,0.0,0.0,0.0,0.0,0.0,0.0
word_character,35475,F-098,0.0,0.0,0.0,0.0,0.0,0.0,0.0
word_character,35530,TK-318,0.0,0.0,0.0,0.0,0.0,0.0,0.0
word_character,35550,CV-120,0.0,0.0,0.0,0.0,0.0,0.0,0.0
word_character,35566,P-145,0.0,0.0,0.0,0.0,0.0,0.0,0.0
word_character,35591,RLP-134,0.0,0.0,0.0,0.0,0.0,0.0,0.0
word_character,35605,DC-145,0.0,0.0,0.0,0.0,1.0,0.0,0.02127659574468085
word_character,35628,BM-112,0.0,0.0,0.0,0.0,0.0,0.0,0.0
word_character,35682,TK-109,0.0,0.0,0.0,0.0,0.0,0.0,0.0
word_character,35690,P-482,0.0,0.0,0.0,0.0,0.0,0.0,0.0
word_character,35708,TRB-075,0.0,0.0,0.0,0.0,0.0,0.0,0.0
word_character,35729,VP-106,0.0,0.0,0.0,0.0,0.0,0.0,0.0
word_character,35747,GS-110,0.0,0.0,0.0,0.0,0.0,0.0,0.0
word_character,35751,CV-082,0.0,0.0,0.0,1.0,1.0,0.0,0.06666666666666667
word_character,35763,HV-106,0.0,0.0,0.0,0.0,0.0,0.0,0.0
word_character,35773,K-118,0.0,0.0,0.0,0.0,0.0,0.0,0.0
word_character,35866,P-335,0.0,0.0,0.0,0.0,0.0,0.0,0.0
word_character,35918,P-154,0.0,0.0,0.0,0.0,0.0,0.0,0.0
word_character,35958,CT-109,0.0,0.0,0.0,0.0,0.0,0.0,0.0
word_character,35975,CF-062,0.0,0.0,0.0,0.0,0.0,0.0,0.0
word_character,36016,TRB-042,0.0,0.0,0.0,0.0,0.0,0.0,0.0
word_character,36093,AG-041,0.0,0.0,0.0,0.0,0.0,0.0,0.0
word_character,36106,P-535,0.0,0.0,0.0,0.0,0.0,0.0,0.0
word_character,36125,K-336,0.0,0.0,0.0,0.0,0.0,0.0,0.0
word_character,36138,EX-011,0.0,1.0,1.0,1.0,1.0,0.3333333333333333,0.3333333333333333
word_character,36166,K-147,0.0,0.0,0.0,1.0,1.0,0.0,0.06666666666666667
word_character,36189,K-061,0.0,0.0,0.0,0.0,0.0,0.0,0.0
word_character,36201,HX-062,0.0,0.0,0.0,0.0,0.0,0.0,0.0
word_character,36259,M-076,0.0,0.0,0.0,0.0,0.0,0.0,0.0
word_character,36318,BLR-019,0.0,0.0,0.0,0.0,0.0,0.0,0.0
word_character,36363,DC-090,0.0,0.0,0.0,0.0,0.0,0.0,0.0
word_character,36370,EX-060,0.0,0.0,0.0,0.0,0.0,0.0,0.0
word_character,36389,CV-011,0.0,0.0,0.0,1.0,1.0,0.0,0.08333333333333333
word_character,36394,F-129,0.0,0.0,0.0,0.0,1.0,0.0,0.023255813953488372
word_character,36731,BM-127,0.0,0.0,0.0,0.0,0.0,0.0,0.0
word_character,36828,M-069,0.0,0.0,0.0,0.0,0.0,0.0,0.0
word_character,36832,DOS-129,0.0,1.0,1.0,1.0,1.0,0.25,0.25
word_character,36838,CV-032,0.0,0.0,0.0,0.0,0.0,0.0,0.0
word_character,36859,M-147,0.0,0.0,0.0,0.0,0.0,0.0,0.0
word_character,36884,BM-108,0.0,0.0,0.0,0.0,0.0,0.0,0.0
word_character,36977,SEP-109,0.0,0.0,0.0,1.0,1.0,0.0,0.0625
word_character,37030,CF-045,0.0,0.0,0.0,0.0,0.0,0.0,0.0
word_character,37076,M-054,0.0,0.0,0.0,0.0,1.0,0.0,0.022727272727272728
word_character,37080,TK-089,0.0,0.0,0.0,0.0,0.0,0.0,0.0
word_character,37102,M-142,0.0,0.0,0.0,0.0,1.0,0.0,0.03571428571428571
word_character,37149,DOS-011,0.0,0.0,0.0,0.0,0.0,0.0,0.0
word_character,37204,HX-095,0.0,0.0,0.0,0.0,0.0,0.0,0.0
word_character,37242,AG-106,0.0,0.0,0.0,0.0,0.0,0.0,0.0
word_character,37319,P-543,0.0,0.0,0.0,0.0,0.0,0.0,0.0
word_character,37339,K-142,0.0,0.0,0.0,0.0,0.0,0.0,0.0
word_character,37370,EV-010,0.0,1.0,1.0,1.0,1.0,0.25,0.25
word_character,37393,P-335,0.0,0.0,0.0,0.0,0.0,0.0,0.0
word_character,37440,BLR-112,0.0,0.0,0.0,0.0,1.0,0.0,0.025
word_character,37476,P-742,0.0,0.0,0.0,0.0,0.0,0.0,0.0
word_character,37483,HX-027,0.0,0.0,0.0,0.0,0.0,0.0,0.0
word_character,37568,UF-098,0.0,0.0,0.0,0.0,0.0,0.0,0.0
word_character,37574,R-074,0.0,0.0,0.0,0.0,0.0,0.0,0.0
word_character,37577,P-335,0.0,0.0,0.0,0.0,0.0,0.0,0.0
word_character,37578,AG-136,0.0,0.0,0.0,0.0,0.0,0.0,0.0
word_character,37582,M-101,0.0,0.0,0.0,0.0,0.0,0.0,0.0
word_character,37592,DC-175,0.0,0.0,0.0,0.0,0.0,0.0,0.0
word_character,37627,P-246,0.0,0.0,0.0,0.0,0.0,0.0,0.0
word_character,37656,M-097,0.0,0.0,0.0,0.0,0.0,0.0,0.0
word_character,37667,DOS-040,0.0,0.0,0.0,0.0,0.0,0.0,0.0
word_character,37692,GB-028,0.0,0.0,0.0,0.0,0.0,0.0,0.0
word_character,37760,CV-118,0.0,0.0,0.0,0.0,0.0,0.0,0.0
word_character,37835,CT-137,0.0,1.0,1.0,1.0,1.0,0.25,0.25
word_character,37904,TK-221,0.0,0.0,0.0,0.0,0.0,0.0,0.0
word_character,37936,M-135,0.0,0.0,0.0,0.0,0.0,0.0,0.0
word_character,37947,M-122,0.0,0.0,0.0,1.0,1.0,0.0,0.08333333333333333
word_character,37977,K-031,0.0,0.0,0.0,0.0,0.0,0.0,0.0
word_character,38003,BM-108,0.0,0.0,0.0,0.0,0.0,0.0,0.0
word_character,38052,TK-343,0.0,0.0,0.0,0.0,0.0,0.0,0.0
word_character,38095,AG-097,0.0,0.0,0.0,0.0,0.0,0.0,0.0
word_character,38181,P-222,0.0,0.0,0.0,0.0,0.0,0.0,0.0
word_character,38218,CR-103,0.0,0.0,0.0,0.0,0.0,0.0,0.0
word_character,38234,UF-124,0.0,0.0,0.0,0.0,0.0,0.0,0.0
word_character,38260,P-494,0.0,0.0,0.0,0.0,0.0,0.0,0.0
word_character,38277,GT-126,0.0,0.0,0.0,0.0,0.0,0.0,0.0
word_character,38323,P-506,0.0,0.0,0.0,0.0,0.0,0.0,0.0
word_character,38341,M-090,0.0,0.0,0.0,0.0,0.0,0.0,0.0
word_character,38360,P-699,0.0,0.0,0.0,0.0,0.0,0.0,0.0
word_character,38370,GB-052,0.0,0.0,0.0,0.0,0.0,0.0,0.0
word_character,38371,P-323,0.0,0.0,0.0,0.0,0.0,0.0,0.0
word_character,38410,AG-025,0.0,0.0,0.0,0.0,0.0,0.0,0.0
word_character,38471,HX-313,0.0,0.0,0.0,0.0,0.0,0.0,0.0
word_character,38535,CV-042,0.0,0.0,0.0,0.0,0.0,0.0,0.0
word_character,38567,HP-067,0.0,0.0,0.0,0.0,0.0,0.0,0.0
word_character,38596,TK-142,0.0,0.0,0.0,0.0,0.0,0.0,0.0
word_character,38610,HX-098,0.0,0.0,0.0,0.0,1.0,0.0,0.02702702702702703
word_character,38613,M-081,0.0,0.0,0.0,0.0,0.0,0.0,0.0
word_character,38642,P-495,0.0,0.0,0.0,0.0,0.0,0.0,0.0
word_character,38656,VP-132,0.0,0.0,0.0,0.0,0.0,0.0,0.0
word_character,38693,HX-102,0.0,0.0,0.0,0.0,0.0,0.0,0.0
word_character,38698,SD-091,0.0,0.0,0.0,0.0,0.0,0.0,0.0
word_character,38714,CV-042,0.0,0.0,0.0,0.0,0.0,0.0,0.0
word_character,38794,UF-010,0.0,0.0,0.0,0.0,0.0,0.0,0.0
word_character,38798,VP-141,0.0,0.0,0.0,1.0,1.0,0.0,0.05
word_character,38857,P-364,0.0,0.0,0.0,0.0,0.0,0.0,0.0
word_character,38862,CV-219,0.0,0.0,0.0,0.0,0.0,0.0,0.0
word_character,38890,P-658,0.0,0.0,0.0,0.0,0.0,0.0,0.0
word_character,38895,VP-096,0.0,0.0,0.0,0.0,0.0,0.0,0.0
word_character,38917,K-233,0.0,0.0,0.0,0.0,0.0,0.0,0.0
word_character,38950,P-155,0.0,0.0,0.0,0.0,0.0,0.0,0.0
word_character,38975,EX-081,0.0,0.0,0.0,0.0,1.0,0.0,0.02631578947368421
word_character,39179,P-400,0.0,0.0,0.0,0.0,0.0,0.0,0.0
word_character,39229,EV-004,0.0,0.0,0.0,0.0,0.0,0.0,0.0
word_character,39339,P-743,0.0,0.0,0.0,0.0,0.0,0.0,0.0
word_character,39341,EX-105,0.0,0.0,0.0,0.0,0.0,0.0,0.0
word_character,39368,CT-109,0.0,0.0,0.0,0.0,0.0,0.0,0.0
word_character,39413,DP-125,0.0,0.0,0.0,0.0,0.0,0.0,0.0
word_character,39443,DRY-131,0.0,0.0,0.0,0.0,0.0,0.0,0.0
word_character,39452,P-708,0.0,0.0,0.0,0.0,0.0,0.0,0.0
word_character,39457,AG-119,0.0,0.0,0.0,0.0,0.0,0.0,0.0
word_character,39468,P-534,0.0,0.0,0.0,0.0,0.0,0.0,0.0
word_character,39469,TK-098,0.0,0.0,0.0,0.0,0.0,0.0,0.0
word_character,39627,P-176,0.0,0.0,0.0,0.0,0.0,0.0,0.0
word_character,39710,P-409,0.0,0.0,0.0,0.0,0.0,0.0,0.0
word_character,39754,DOS-033,0.0,0.0,0.0,1.0,1.0,0.0,0.08333333333333333
word_character,39756,CR-145,0.0,0.0,0.0,0.0,0.0,0.0,0.0
word_character,39807,P-302,0.0,0.0,0.0,1.0,1.0,0.0,0.0625
word_character,39827,DRY-048,0.0,0.0,0.0,0.0,0.0,0.0,0.0
word_character,39848,CR-041,0.0,0.0,0.0,0.0,0.0,0.0,0.0
word_character,39863,CF-076,0.0,0.0,0.0,0.0,0.0,0.0,0.0
word_character,39889,TK-314,0.0,0.0,0.0,0.0,0.0,0.0,0.0
word_character,39927,DC-014,0.0,0.0,0.0,0.0,0.0,0.0,0.0
word_character,39942,CR-023,0.0,0.0,0.0,0.0,0.0,0.0,0.0
word_character,39983,HV-310,0.0,0.0,0.0,0.0,0.0,0.0,0.0
word_character,40019,BM-040,0.0,0.0,0.0,0.0,0.0,0.0,0.0
word_character,40037,P-689,0.0,0.0,0.0,0.0,0.0,0.0,0.0
word_character,40046,HV-123,0.0,0.0,0.0,0.0,0.0,0.0,0.0
word_character,40094,TK-129,0.0,0.0,0.0,0.0,0.0,0.0,0.0
word_character,40119,P-223,0.0,0.0,0.0,0.0,1.0,0.0,0.02631578947368421
word_character,40141,UF-137,0.0,0.0,0.0,0.0,1.0,0.0,0.02040816326530612
word_character,40156,CF-133,0.0,0.0,0.0,0.0,0.0,0.0,0.0
word_character,40210,TK-104,0.0,0.0,0.0,0.0,0.0,0.0,0.0
word_character,40284,P-685,0.0,0.0,0.0,0.0,0.0,0.0,0.0
word_character,40337,TK-046,0.0,0.0,0.0,0.0,0.0,0.0,0.0
word_character,40380,CV-328,0.0,0.0,0.0,0.0,0.0,0.0,0.0
word_character,40381,K-095,0.0,0.0,0.0,0.0,0.0,0.0,0.0
word_character,40395,HX-080,0.0,0.0,0.0,0.0,0.0,0.0,0.0
word_character,40432,DC-109,0.0,0.0,0.0,0.0,0.0,0.0,0.0
word_character,40441,GB-008,0.0,0.0,0.0,0.0,0.0,0.0,0.0
word_character,40554,P-244,0.0,0.0,0.0,0.0,0.0,0.0,0.0
word_character,40580,CT-124,0.0,0.0,0.0,0.0,1.0,0.0,0.02857142857142857
word_character,40587,AG-139,0.0,0.0,0.0,1.0,1.0,0.0,0.05263157894736842
word_character,40618,BLR-085,0.0,0.0,0.0,0.0,0.0,0.0,0.0
word_character,40629,M-083,0.0,0.0,0.0,0.0,0.0,0.0,0.0
word_character,40695,P-217,0.0,0.0,0.0,0.0,0.0,0.0,0.0
word_character,40701,SEP-112,0.0,0.0,0.0,0.0,0.0,0.0,0.0
word_character,40707,P-222,0.0,0.0,0.0,0.0,0.0,0.0,0.0
word_character,40711,DOS-167,0.0,0.0,0.0,0.0,0.0,0.0,0.0
word_character,40849,P-340,0.0,0.0,0.0,0.0,0.0,0.0,0.0
word_character,40850,P-122,0.0,0.0,0.0,0.0,0.0,0.0,0.0
word_character,40876,P-395,0.0,0.0,0.0,0.0,0.0,0.0,0.0
word_character,40879,AG-116,0.0,0.0,1.0,1.0,1.0,0.125,0.125
word_character,40944,K-119,0.0,0.0,0.0,0.0,0.0,0.0,0.0
word_character,40965,M-125,0.0,0.0,0.0,0.0,0.0,0.0,0.0
word_character,40989,EX-071,0.0,0.0,0.0,0.0,0.0,0.0,0.0
word_character,41019,AG-143,0.0,0.0,0.0,0.0,0.0,0.0,0.0
word_character,41038,HX-104,0.0,0.0,0.0,0.0,0.0,0.0,0.0
word_character,41059,M-037,0.0,0.0,0.0,0.0,0.0,0.0,0.0
word_character,41086,P-215,0.0,0.0,0.0,0.0,0.0,0.0,0.0
word_character,41092,HP-099,0.0,0.0,0.0,0.0,0.0,0.0,0.0
word_character,41103,CV-227,0.0,0.0,0.0,0.0,0.0,0.0,0.0
word_character,41120,HV-101,0.0,0.0,1.0,1.0,1.0,0.125,0.125
word_character,41141,UF-055,0.0,0.0,0.0,0.0,0.0,0.0,0.0
word_character,41161,DP-005,0.0,0.0,0.0,0.0,0.0,0.0,0.0
word_character,41237,BM-087,0.0,0.0,0.0,0.0,0.0,0.0,0.0
word_character,41330,P-529,0.0,0.0,0.0,0.0,0.0,0.0,0.0
word_character,41398,P-206,0.0,0.0,0.0,0.0,0.0,0.0,0.0
word_character,41417,FM-113,0.0,0.0,0.0,0.0,0.0,0.0,0.0
word_character,41497,DP-088,0.0,0.0,0.0,0.0,0.0,0.0,0.0
word_character,41502,P-156,0.0,0.0,0.0,0.0,0.0,0.0,0.0
word_character,41532,K-241,0.0,0.0,0.0,0.0,0.0,0.0,0.0
word_character,41580,SC-101,0.0,0.0,0.0,0.0,1.0,0.0,0.02040816326530612
word_character,41596,DC-105,0.0,0.0,0.0,0.0,0.0,0.0,0.0
word_character,41665,M-023,0.0,0.0,0.0,0.0,0.0,0.0,0.0
word_character,41668,P-666,0.0,0.0,0.0,0.0,0.0,0.0,0.0
word_character,41704,F-121,0.0,0.0,0.0,0.0,1.0,0.0,0.02564102564102564
word_character,41724,HV-052,0.0,0.0,0.0,0.0,0.0,0.0,0.0
word_character,41741,AG-147,0.0,0.0,0.0,0.0,0.0,0.0,0.0
word_character,41788,TRB-007,0.0,0.0,0.0,0.0,0.0,0.0,0.0
word_character,41804,TRB-109,0.0,0.0,0.0,0.0,0.0,0.0,0.0
word_character,41816,K-109,0.0,0.0,0.0,0.0,0.0,0.0,0.0
word_character,41824,K-206,0.0,0.0,0.0,0.0,0.0,0.0,0.0
word_character,41834,AG-005,0.0,0.0,0.0,0.0,0.0,0.0,0.0
word_character,41877,HX-031,0.0,0.0,0.0,0.0,0.0,0.0,0.0
word_character,41958,P-216,0.0,0.0,0.0,0.0,0.0,0.0,0.0
word_character,41976,K-105,0.0,0.0,0.0,0.0,0.0,0.0,0.0
word_character,42017,DC-083,0.0,0.0,0.0,0.0,0.0,0.0,0.0
word_character,42034,CT-063,0.0,0.0,0.0,0.0,0.0,0.0,0.0
word_character,42091,P-269,0.0,0.0,0.0,0.0,0.0,0.0,0.0
word_character,42116,EV-082,0.0,0.0,0.0,0.0,0.0,0.0,0.0
word_character,42125,P-696,0.0,0.0,0.0,0.0,0.0,0.0,0.0
word_character,42165,P-426,0.0,0.0,0.0,0.0,0.0,0.0,0.0
word_character,42256,TK-142,0.0,0.0,0.0,0.0,0.0,0.0,0.0
word_character,42262,P-152,0.0,0.0,0.0,0.0,0.0,0.0,0.0
word_character,42348,SC-110,0.0,0.0,0.0,0.0,0.0,0.0,0.0
word_character,42399,HX-072,0.0,0.0,0.0,0.0,0.0,0.0,0.0
word_character,42426,TK-052,0.0,0.0,0.0,0.0,0.0,0.0,0.0
word_character,42464,HV-036,0.0,0.0,0.0,0.0,0.0,0.0,0.0
word_character,42466,BLR-052,0.0,0.0,0.0,0.0,0.0,0.0,0.0
word_character,42490,AG-143,0.0,0.0,0.0,0.0,0.0,0.0,0.0
word_character,42543,P-342,0.0,0.0,0.0,0.0,0.0,0.0,0.0
word_character,42548,DRY-116,0.0,0.0,0.0,0.0,1.0,0.0,0.02127659574468085
word_character,42590,F-307,0.0,0.0,0.0,0.0,0.0,0.0,0.0
word_character,42607,CF-067,0.0,0.0,0.0,0.0,0.0,0.0,0.0
word_character,42624,EX-082,0.0,0.0,0.0,0.0,0.0,0.0,0.0
word_character,42677,P-317,0.0,0.0,0.0,0.0,0.0,0.0,0.0
word_character,42684,TK-143,0.0,0.0,0.0,0.0,0.0,0.0,0.0
word_character,42707,DRY-086,0.0,0.0,0.0,0.0,0.0,0.0,0.0
word_character,42740,HX-145,0.0,0.0,0.0,0.0,0.0,0.0,0.0
word_character,42745,P-316,0.0,0.0,0.0,0.0,0.0,0.0,0.0
word_character,42768,CV-090,0.0,0.0,0.0,0.0,0.0,0.0,0.0
word_character,42787,HX-079,0.0,0.0,0.0,0.0,0.0,0.0,0.0
word_character,42814,P-699,0.0,0.0,0.0,0.0,0.0,0.0,0.0
word_character,42818,K-126,0.0,0.0,0.0,0.0,0.0,0.0,0.0
word_character,42826,M-082,0.0,0.0,0.0,0.0,0.0,0.0,0.0
word_character,42845,FM-129,0.0,0.0,0.0,0.0,0.0,0.0,0.0
word_character,42857,P-311,0.0,0.0,0.0,0.0,0.0,0.0,0.0
word_character,42867,BLR-113,0.0,0.0,0.0,0.0,0.0,0.0,0.0
word_character,42912,DOS-059,0.0,0.0,0.0,0.0,0.0,0.0,0.0
word_character,42943,K-191,0.0,0.0,0.0,0.0,0.0,0.0,0.0
word_character,42962,TK-221,0.0,0.0,0.0,1.0,1.0,0.0,0.09090909090909091
word_character,42978,K-075,0.0,0.0,0.0,0.0,0.0,0.0,0.0
word_character,42981,P-370,0.0,0.0,0.0,0.0,0.0,0.0,0.0
word_character,42997,DC-133,0.0,0.0,0.0,0.0,0.0,0.0,0.0
word_character,42998,R-115,0.0,0.0,0.0,0.0,0.0,0.0,0.0
word_character,43028,M-085,0.0,1.0,1.0,1.0,1.0,0.3333333333333333,0.3333333333333333
word_character,43122,AG-064,0.0,0.0,0.0,0.0,0.0,0.0,0.0
word_character,43125,P-322,0.0,0.0,0.0,0.0,0.0,0.0,0.0
word_character,43141,P-539,0.0,0.0,0.0,0.0,0.0,0.0,0.0
word_character,43187,K-017,0.0,0.0,0.0,0.0,0.0,0.0,0.0
word_character,43207,M-136,0.0,0.0,0.0,0.0,0.0,0.0,0.0
word_character,43217,P-235,0.0,0.0,0.0,0.0,0.0,0.0,0.0
word_character,43266,P-420,0.0,0.0,0.0,0.0,0.0,0.0,0.0
word_character,43285,TK-054,0.0,0.0,0.0,0.0,0.0,0.0,0.0
word_character,43290,EX-062,0.0,0.0,0.0,0.0,0.0,0.0,0.0
word_character,43324,TK-078,0.0,0.0,0.0,0.0,0.0,0.0,0.0
word_character,43520,AG-040,0.0,0.0,0.0,0.0,0.0,0.0,0.0
word_character,43543,SC-118,0.0,0.0,0.0,0.0,0.0,0.0,0.0
word_character,43593,TK-125,0.0,0.0,0.0,0.0,0.0,0.0,0.0
word_character,43601,CT-114,0.0,0.0,0.0,0.0,1.0,0.0,0.022222222222222223
word_character,43633,GB-211,0.0,0.0,0.0,0.0,0.0,0.0,0.0
word_character,43671,BLR-131,0.0,0.0,0.0,0.0,0.0,0.0,0.0
word_character,43695,CF-030,0.0,0.0,0.0,0.0,0.0,0.0,0.0
word_character,43768,P-410,0.0,0.0,0.0,0.0,0.0,0.0,0.0
word_character,43769,K-075,0.0,0.0,0.0,0.0,0.0,0.0,0.0
word_character,43774,GB-087,0.0,0.0,0.0,0.0,0.0,0.0,0.0
word_character,43793,HP-033,0.0,0.0,0.0,0.0,1.0,0.0,0.022727272727272728
word_character,43808,TK-139,0.0,0.0,0.0,0.0,0.0,0.0,0.0
word_character,43815,HP-055,0.0,0.0,0.0,0.0,1.0,0.0,0.03571428571428571
word_character,43816,DC-110,0.0,0.0,0.0,0.0,1.0,0.0,0.02040816326530612
word_character,43819,HX-351,0.0,0.0,0.0,0.0,0.0,0.0,0.0
word_character,43855,TK-208,0.0,0.0,0.0,0.0,0.0,0.0,0.0
word_character,43858,CF-039,0.0,0.0,0.0,0.0,0.0,0.0,0.0
word_character,43862,TK-137,0.0,0.0,0.0,0.0,0.0,0.0,0.0
word_character,43985,P-521,0.0,0.0,0.0,0.0,0.0,0.0,0.0
word_character,44072,GT-143,0.0,0.0,0.0,0.0,0.0,0.0,0.0
word_character,44095,R-005,0.0,0.0,0.0,0.0,0.0,0.0,0.0
word_character,44133,TK-237,0.0,0.0,0.0,0.0,0.0,0.0,0.0
word_character,44145,HX-145,0.0,0.0,0.0,0.0,0.0,0.0,0.0
word_character,44191,HX-015,0.0,0.0,1.0,1.0,1.0,0.14285714285714285,0.14285714285714285
word_character,44204,BLR-135,0.0,0.0,0.0,0.0,0.0,0.0,0.0
word_character,44241,AG-061,0.0,0.0,0.0,0.0,1.0,0.0,0.047619047619047616
word_character,44293,R-090,0.0,0.0,0.0,0.0,0.0,0.0,0.0
word_character,44312,SEP-111,0.0,0.0,0.0,0.0,0.0,0.0,0.0
word_character,44319,GB-129,0.0,0.0,0.0,0.0,0.0,0.0,0.0
word_character,44330,CV-342,0.0,0.0,0.0,0.0,0.0,0.0,0.0
word_character,44343,GB-091,0.0,0.0,0.0,0.0,0.0,0.0,0.0
word_character,44366,K-261,0.0,0.0,0.0,0.0,0.0,0.0,0.0
word_character,44374,EV-131,0.0,0.0,0.0,0.0,0.0,0.0,0.0
word_character,44424,R-119,0.0,0.0,0.0,0.0,0.0,0.0,0.0
word_character,44435,TK-101,0.0,0.0,0.0,0.0,0.0,0.0,0.0
word_character,44523,GB-091,0.0,0.0,0.0,0.0,0.0,0.0,0.0
word_character,44572,P-240,0.0,0.0,0.0,0.0,0.0,0.0,0.0
word_character,44576,TK-330,0.0,0.0,0.0,0.0,0.0,0.0,0.0
word_character,44610,BM-131,0.0,0.0,0.0,0.0,0.0,0.0,0.0
word_character,44625,HX-009,0.0,0.0,0.0,0.0,0.0,0.0,0.0
word_character,44639,SEP-110,0.0,0.0,0.0,0.0,0.0,0.0,0.0
word_character,44662,M-074,0.0,0.0,0.0,0.0,0.0,0.0,0.0
word_character,44735,M-112,0.0,0.0,0.0,0.0,0.0,0.0,0.0
word_character,44740,M-127,0.0,0.0,0.0,0.0,0.0,0.0,0.0
word_character,44851,AG-119,0.0,0.0,0.0,0.0,0.0,0.0,0.0
word_character,44886,CV-318,0.0,0.0,0.0,0.0,0.0,0.0,0.0
word_character,44946,HX-081,0.0,0.0,0.0,0.0,0.0,0.0,0.0
word_character,44991,HP-073,0.0,0.0,0.0,0.0,0.0,0.0,0.0
word_character,44999,P-448,0.0,0.0,0.0,0.0,0.0,0.0,0.0
word_character,45013,RLP-103,0.0,0.0,0.0,0.0,0.0,0.0,0.0
word_character,45026,GB-046,0.0,0.0,0.0,0.0,0.0,0.0,0.0
word_character,45038,P-424,0.0,0.0,0.0,0.0,0.0,0.0,0.0
word_character,45055,F-145,0.0,0.0,0.0,1.0,1.0,0.0,0.0625
word_character,45095,K-143,0.0,0.0,0.0,1.0,1.0,0.0,0.07692307692307693
word_character,45097,AG-074,0.0,0.0,0.0,0.0,0.0,0.0,0.0
word_character,45112,P-200,0.0,0.0,0.0,0.0,0.0,0.0,0.0
word_character,45155,P-294,0.0,0.0,0.0,0.0,0.0,0.0,0.0
word_character,45169,AG-053,0.0,0.0,0.0,0.0,0.0,0.0,0.0
word_character,45172,FM-018,0.0,0.0,0.0,0.0,1.0,0.0,0.03333333333333333
word_character,45185,P-561,0.0,0.0,0.0,0.0,0.0,0.0,0.0
word_character,45238,M-124,0.0,0.0,0.0,0.0,0.0,0.0,0.0
word_character,45244,FM-140,0.0,0.0,0.0,0.0,0.0,0.0,0.0
word_character,45320,P-532,0.0,0.0,0.0,0.0,0.0,0.0,0.0
word_character,45363,P-111,0.0,0.0,0.0,0.0,0.0,0.0,0.0
word_character,45427,P-262,0.0,0.0,0.0,0.0,0.0,0.0,0.0
word_character,45442,HX-031,0.0,0.0,0.0,0.0,0.0,0.0,0.0
word_character,45515,DOS-145,0.0,0.0,0.0,0.0,0.0,0.0,0.0
word_character,45525,K-080,0.0,0.0,0.0,0.0,0.0,0.0,0.0
word_character,45565,GS-129,0.0,0.0,0.0,0.0,0.0,0.0,0.0
word_character,45602,SC-137,0.0,0.0,0.0,0.0,0.0,0.0,0.0
word_character,45671,R-041,0.0,0.0,0.0,0.0,0.0,0.0,0.0
word_character,45746,GT-073,0.0,0.0,0.0,0.0,0.0,0.0,0.0
word_character,45760,TRB-040,0.0,0.0,0.0,0.0,0.0,0.0,0.0
word_character,45811,TK-041,0.0,0.0,0.0,0.0,0.0,0.0,0.0
word_character,45814,P-338,0.0,0.0,0.0,0.0,0.0,0.0,0.0
word_character,45837,K-335,0.0,0.0,0.0,0.0,0.0,0.0,0.0
word_character,45852,P-270,0.0,0.0,0.0,0.0,0.0,0.0,0.0
word_character,45864,HX-212,0.0,0.0,0.0,0.0,0.0,0.0,0.0
word_character,45872,GB-130,0.0,0.0,0.0,0.0,0.0,0.0,0.0
word_character,45909,P-307,0.0,0.0,0.0,0.0,0.0,0.0,0.0
word_character,45947,BM-121,0.0,0.0,0.0,0.0,0.0,0.0,0.0
word_character,45953,AG-062,0.0,0.0,0.0,0.0,0.0,0.0,0.0
word_character,45966,EV-125,0.0,0.0,0.0,0.0,0.0,0.0,0.0
word_character,46031,R-015,0.0,0.0,0.0,0.0,0.0,0.0,0.0
word_character,46036,TK-143,0.0,0.0,0.0,0.0,0.0,0.0,0.0
word_character,46041,R-010,0.0,0.0,0.0,0.0,0.0,0.0,0.0
word_character,46053,K-103,0.0,0.0,0.0,0.0,0.0,0.0,0.0
word_character,46079,DP-068,0.0,0.0,0.0,0.0,0.0,0.0,0.0
word_character,46080,GB-051,0.0,0.0,0.0,0.0,0.0,0.0,0.0
word_character,46092,HX-168,0.0,0.0,0.0,0.0,0.0,0.0,0.0
word_character,46138,AG-058,0.0,0.0,0.0,0.0,1.0,0.0,0.043478260869565216
word_character,46188,TK-022,0.0,0.0,0.0,0.0,0.0,0.0,0.0
word_character,46216,P-552,0.0,0.0,0.0,0.0,0.0,0.0,0.0
word_character,46250,FM-096,0.0,0.0,0.0,0.0,0.0,0.0,0.0
word_character,46268,P-248,0.0,0.0,0.0,0.0,0.0,0.0,0.0
word_character,46279,M-113,0.0,0.0,0.0,0.0,0.0,0.0,0.0
word_character,46299,P-740,0.0,0.0,0.0,0.0,0.0,0.0,0.0
word_character,46320,F-147,0.0,0.0,0.0,0.0,0.0,0.0,0.0
word_character,46355,DC-073,0.0,0.0,0.0,0.0,0.0,0.0,0.0
word_character,46361,SC-028,0.0,0.0,0.0,0.0,0.0,0.0,0.0
word_character,46375,EX-098,0.0,0.0,0.0,0.0,0.0,0.0,0.0
word_character,46393,K-085,0.0,0.0,0.0,0.0,0.0,0.0,0.0
word_character,46417,DC-116,0.0,0.0,0.0,0.0,0.0,0.0,0.0
word_character,46434,P-644,0.0,0.0,0.0,0.0,0.0,0.0,0.0
word_character,46458,K-059,0.0,0.0,0.0,0.0,0.0,0.0,0.0
word_character,46503,FCC-084,0.0,0.0,0.0,0.0,0.0,0.0,0.0
word_character,46506,P-105,0.0,0.0,0.0,0.0,0.0,0.0,0.0
word_character,46513,AG-027,0.0,0.0,0.0,0.0,0.0,0.0,0.0
word_character,46582,TK-158,0.0,0.0,0.0,0.0,0.0,0.0,0.0
word_character,46600,K-086,0.0,0.0,0.0,0.0,0.0,0.0,0.0
word_character,46625,FM-087,0.0,0.0,0.0,0.0,0.0,0.0,0.0
word_character,46626,SD-014,0.0,0.0,0.0,0.0,1.0,0.0,0.02857142857142857
word_character,46640,GB-114,0.0,0.0,0.0,0.0,0.0,0.0,0.0
word_character,46674,DOS-043,0.0,0.0,0.0,0.0,1.0,0.0,0.02
word_character,46690,HX-129,0.0,0.0,0.0,0.0,1.0,0.0,0.02564102564102564
word_character,46705,M-085,0.0,0.0,0.0,1.0,1.0,0.0,0.0625
word_character,46709,DOS-129,0.0,0.0,0.0,1.0,1.0,0.0,0.05
word_character,46728,EX-053,0.0,0.0,0.0,0.0,0.0,0.0,0.0
word_character,46751,FM-116,0.0,0.0,0.0,0.0,0.0,0.0,0.0
word_character,46766,AG-035,0.0,0.0,0.0,0.0,0.0,0.0,0.0
word_character,46790,CF-043,0.0,0.0,0.0,0.0,0.0,0.0,0.0
word_character,46826,HX-095,0.0,0.0,0.0,0.0,0.0,0.0,0.0
word_character,46841,EX-125,0.0,0.0,0.0,0.0,0.0,0.0,0.0
word_character,46875,P-229,0.0,0.0,0.0,0.0,0.0,0.0,0.0
word_character,46908,P-332,0.0,0.0,0.0,0.0,0.0,0.0,0.0
word_character,46960,M-110,0.0,0.0,0.0,0.0,0.0,0.0,0.0
word_character,46976,K-098,0.0,0.0,0.0,0.0,0.0,0.0,0.0
word_character,47033,TK-047,0.0,0.0,0.0,0.0,0.0,0.0,0.0
word_character,47102,CV-093,0.0,0.0,0.0,0.0,0.0,0.0,0.0
word_character,47172,HV-141,0.0,0.0,0.0,0.0,0.0,0.0,0.0
word_character,47180,P-244,0.0,0.0,0.0,0.0,0.0,0.0,0.0
word_character,47244,P-117,0.0,0.0,0.0,1.0,1.0,0.0,0.05555555555555555
word_character,47296,CF-068,0.0,0.0,0.0,0.0,0.0,0.0,0.0
word_character,47325,BM-142,0.0,0.0,0.0,0.0,0.0,0.0,0.0
word_character,47335,CF-117,0.0,0.0,0.0,0.0,0.0,0.0,0.0
word_character,47355,TK-185,0.0,0.0,0.0,0.0,0.0,0.0,0.0
word_character,47394,P-742,0.0,0.0,0.0,0.0,0.0,0.0,0.0
word_character,47474,FM-054,0.0,0.0,0.0,0.0,0.0,0.0,0.0
word_character,47534,TK-104,0.0,0.0,0.0,0.0,0.0,0.0,0.0
word_character,47568,P-609,0.0,0.0,0.0,0.0,0.0,0.0,0.0
word_character,47579,SEP-085,0.0,0.0,0.0,0.0,0.0,0.0,0.0
word_character,47593,F-048,0.0,0.0,0.0,0.0,0.0,0.0,0.0
word_character,47602,FM-015,0.0,0.0,0.0,0.0,0.0,0.0,0.0
word_character,47616,K-021,0.0,0.0,0.0,0.0,0.0,0.0,0.0
word_character,47620,F-017,0.0,0.0,0.0,0.0,1.0,0.0,0.022222222222222223
word_character,47635,P-331,0.0,0.0,0.0,0.0,0.0,0.0,0.0
word_character,47674,TK-134,0.0,0.0,0.0,1.0,1.0,0.0,0.06666666666666667
word_character,47695,BM-059,0.0,0.0,0.0,0.0,0.0,0.0,0.0
word_character,47699,P-154,0.0,0.0,1.0,1.0,1.0,0.1,0.1
word_character,47755,P-344,0.0,0.0,0.0,0.0,0.0,0.0,0.0
word_character,47811,F-120,0.0,0.0,0.0,0.0,0.0,0.0,0.0
word_character,47848,P-179,0.0,0.0,0.0,0.0,0.0,0.0,0.0
word_character,47876,AG-098,0.0,0.0,0.0,0.0,0.0,0.0,0.0
word_character,47978,RLP-050,0.0,0.0,0.0,0.0,1.0,0.0,0.034482758620689655
word_character,48020,DOS-084,0.0,0.0,0.0,0.0,0.0,0.0,0.0
word_character,48039,K-027,0.0,0.0,0.0,0.0,0.0,0.0,0.0
word_character,48093,DRY-019,0.0,0.0,0.0,1.0,1.0,0.0,0.05555555555555555
word_character,48104,EV-076,0.0,0.0,0.0,0.0,0.0,0.0,0.0
word_character,48181,DOS-133,0.0,0.0,0.0,0.0,0.0,0.0,0.0
word_character,48191,P-658,0.0,0.0,0.0,0.0,0.0,0.0,0.0
word_character,48197,EX-109,0.0,0.0,0.0,0.0,0.0,0.0,0.0
word_character,48208,F-143,0.0,0.0,0.0,0.0,0.0,0.0,0.0
word_character,48223,EX-109,0.0,0.0,0.0,0.0,0.0,0.0,0.0
word_character,48271,TK-148,0.0,0.0,1.0,1.0,1.0,0.1111111111111111,0.1111111111111111
word_character,48326,P-180,0.0,0.0,0.0,0.0,0.0,0.0,0.0
word_character,48371,P-198,0.0,0.0,0.0,0.0,0.0,0.0,0.0
word_character,48417,HV-210,0.0,0.0,0.0,0.0,0.0,0.0,0.0
word_character,48443,GB-006,0.0,0.0,0.0,0.0,0.0,0.0,0.0
word_character,48569,DC-069,0.0,0.0,0.0,0.0,0.0,0.0,0.0
word_character,48570,RLP-136,0.0,0.0,0.0,0.0,0.0,0.0,0.0
word_character,48636,AG-107,0.0,0.0,0.0,0.0,0.0,0.0,0.0
word_character,48730,DOS-027,0.0,0.0,0.0,0.0,1.0,0.0,0.029411764705882353
word_character,48751,FCC-051,0.0,0.0,0.0,0.0,1.0,0.0,0.02127659574468085
word_character,48772,K-051,0.0,0.0,0.0,0.0,0.0,0.0,0.0
word_character,48774,DP-057,0.0,0.0,0.0,0.0,0.0,0.0,0.0
word_character,48809,M-068,0.0,0.0,0.0,0.0,1.0,0.0,0.047619047619047616
word_character,48839,FM-147,0.0,0.0,0.0,0.0,0.0,0.0,0.0
word_character,48895,P-176,0.0,0.0,0.0,0.0,0.0,0.0,0.0
word_character,48910,HX-049,0.0,0.0,0.0,0.0,0.0,0.0,0.0
word_character,48983,GB-027,0.0,0.0,0.0,0.0,0.0,0.0,0.0
word_character,48989,HX-041,0.0,0.0,0.0,0.0,0.0,0.0,0.0
word_character,49014,CR-123,0.0,0.0,0.0,0.0,0.0,0.0,0.0
word_character,49035,SEP-020,0.0,0.0,0.0,0.0,0.0,0.0,0.0
word_character,49101,TK-338,0.0,0.0,0.0,0.0,0.0,0.0,0.0
word_character,49144,GB-082,0.0,0.0,0.0,0.0,0.0,0.0,0.0
word_character,49203,R-024,0.0,0.0,0.0,0.0,0.0,0.0,0.0
word_character,49323,AG-031,0.0,0.0,0.0,0.0,0.0,0.0,0.0
word_character,49357,K-101,0.0,0.0,0.0,0.0,0.0,0.0,0.0
word_character,49362,DRY-006,0.0,0.0,0.0,0.0,0.0,0.0,0.0
word_character,49363,P-108,0.0,0.0,0.0,0.0,0.0,0.0,0.0
word_character,49373,HX-329,0.0,0.0,0.0,0.0,1.0,0.0,0.04
word_character,49392,TK-131,0.0,0.0,0.0,0.0,0.0,0.0,0.0
word_character,49395,F-054,0.0,0.0,0.0,0.0,0.0,0.0,0.0
word_character,49401,BLR-011,0.0,0.0,0.0,0.0,0.0,0.0,0.0
word_character,49412,GB-128,0.0,0.0,0.0,0.0,0.0,0.0,0.0
word_character,49460,M-082,0.0,0.0,0.0,0.0,0.0,0.0,0.0
word_character,49478,R-063,0.0,0.0,0.0,0.0,0.0,0.0,0.0
word_character,49492,CV-133,0.0,1.0,1.0,1.0,1.0,0.25,0.25
word_character,49502,TK-006,0.0,0.0,0.0,0.0,0.0,0.0,0.0
word_character,49522,P-367,0.0,0.0,0.0,0.0,0.0,0.0,0.0
word_character,49537,M-071,0.0,0.0,0.0,0.0,1.0,0.0,0.022222222222222223
word_character,49574,EX-238,0.0,0.0,0.0,0.0,0.0,0.0,0.0
word_character,49581,K-121,0.0,0.0,0.0,0.0,0.0,0.0,0.0
word_character,49611,TK-062,0.0,0.0,0.0,0.0,0.0,0.0,0.0
word_character,49635,DC-022,0.0,0.0,0.0,0.0,0.0,0.0,0.0
word_character,49655,M-022,0.0,0.0,0.0,0.0,1.0,0.0,0.030303030303030304
word_character,49773,TK-205,0.0,0.0,0.0,0.0,0.0,0.0,0.0
word_character,49796,P-246,0.0,0.0,0.0,0.0,0.0,0.0,0.0
word_character,49878,F-032,0.0,0.0,0.0,0.0,0.0,0.0,0.0
word_character,49911,P-328,0.0,0.0,0.0,0.0,0.0,0.0,0.0
word_character,49938,TK-071,0.0,0.0,0.0,0.0,0.0,0.0,0.0
word_graph,6,HX-301,0.0,0.0,0.0,0.0,0.0,0.0,0.0
word_graph,92,DOS-081,0.0,0.0,0.0,1.0,1.0,0.0,0.05
word_graph,146,CR-118,0.0,0.0,0.0,0.0,0.0,0.0,0.0
word_graph,192,FCC-018,0.0,0.0,0.0,0.0,0.0,0.0,0.0
word_graph,260,EX-120,0.0,0.0,0.0,0.0,0.0,0.0,0.0
word_graph,282,GS-059,0.0,0.0,0.0,0.0,0.0,0.0,0.0
word_graph,322,TK-183,0.0,0.0,0.0,0.0,0.0,0.0,0.0
word_graph,332,P-229,0.0,0.0,0.0,0.0,0.0,0.0,0.0
word_graph,333,K-099,0.0,0.0,0.0,0.0,0.0,0.0,0.0
word_graph,334,TK-082,0.0,0.0,0.0,0.0,0.0,0.0,0.0
word_graph,342,HP-097,0.0,0.0,0.0,0.0,1.0,0.0,0.029411764705882353
word_graph,347,CV-009,0.0,0.0,0.0,0.0,1.0,0.0,0.04
word_graph,351,DRY-076,0.0,0.0,0.0,0.0,0.0,0.0,0.0
word_graph,353,P-161,0.0,0.0,0.0,0.0,0.0,0.0,0.0
word_graph,408,TK-306,0.0,0.0,0.0,0.0,0.0,0.0,0.0
word_graph,409,BLR-076,0.0,0.0,0.0,0.0,0.0,0.0,0.0
word_graph,436,CV-050,0.0,0.0,0.0,0.0,0.0,0.0,0.0
word_graph,475,F-123,0.0,0.0,0.0,0.0,0.0,0.0,0.0
word_graph,561,P-262,0.0,0.0,0.0,0.0,0.0,0.0,0.0
word_graph,570,SC-215,0.0,0.0,0.0,0.0,1.0,0.0,0.03333333333333333
word_graph,594,HX-071,0.0,0.0,0.0,0.0,0.0,0.0,0.0
word_graph,600,P-238,0.0,0.0,0.0,0.0,0.0,0.0,0.0
word_graph,601,AG-101,0.0,0.0,0.0,0.0,0.0,0.0,0.0
word_graph,622,HX-337,0.0,0.0,0.0,0.0,0.0,0.0,0.0
word_graph,636,P-313,0.0,0.0,0.0,0.0,0.0,0.0,0.0
word_graph,640,AG-107,0.0,0.0,0.0,0.0,0.0,0.0,0.0
word_graph,645,SEP-079,0.0,0.0,0.0,0.0,0.0,0.0,0.0
word_graph,673,DC-116,0.0,1.0,1.0,1.0,1.0,0.3333333333333333,0.3333333333333333
word_graph,697,P-248,0.0,0.0,0.0,0.0,0.0,0.0,0.0
word_graph,725,P-234,0.0,0.0,0.0,0.0,0.0,0.0,0.0
word_graph,738,HX-133,0.0,0.0,1.0,1.0,1.0,0.1,0.1
word_graph,739,UF-065,0.0,0.0,0.0,0.0,1.0,0.0,0.02040816326530612
word_graph,767,DP-074,0.0,0.0,0.0,0.0,0.0,0.0,0.0
word_graph,786,DOS-122,0.0,0.0,0.0,0.0,0.0,0.0,0.0
word_graph,831,TK-386,0.0,0.0,0.0,0.0,0.0,0.0,0.0
word_graph,877,R-117,0.0,0.0,0.0,0.0,0.0,0.0,0.0
word_graph,939,P-207,0.0,0.0,0.0,0.0,0.0,0.0,0.0
word_graph,1077,K-023,0.0,0.0,0.0,0.0,0.0,0.0,0.0
word_graph,1094,EX-077,0.0,0.0,0.0,0.0,0.0,0.0,0.0
word_graph,1105,RLP-027,0.0,0.0,0.0,0.0,0.0,0.0,0.0
word_graph,1129,K-179,0.0,0.0,0.0,0.0,0.0,0.0,0.0
word_graph,1134,BLR-220,0.0,0.0,0.0,0.0,0.0,0.0,0.0
word_graph,1187,CR-043,0.0,0.0,0.0,0.0,0.0,0.0,0.0
word_graph,1189,HX-028,0.0,0.0,0.0,0.0,0.0,0.0,0.0
word_graph,1210,HV-030,0.0,0.0,0.0,0.0,0.0,0.0,0.0
word_graph,1221,HV-144,0.0,0.0,0.0,0.0,1.0,0.0,0.03571428571428571
word_graph,1232,CF-141,0.0,0.0,0.0,0.0,0.0,0.0,0.0
word_graph,1237,P-330,0.0,0.0,0.0,0.0,0.0,0.0,0.0
word_graph,1316,EV-059,0.0,0.0,0.0,0.0,0.0,0.0,0.0
word_graph,1327,F-137,0.0,0.0,0.0,0.0,0.0,0.0,0.0
word_graph,1329,SC-121,0.0,0.0,0.0,0.0,0.0,0.0,0.0
word_graph,1343,HP-120,0.0,0.0,0.0,0.0,0.0,0.0,0.0
word_graph,1353,K-111,0.0,0.0,1.0,1.0,1.0,0.14285714285714285,0.14285714285714285
word_graph,1396,DC-145,0.0,0.0,0.0,0.0,0.0,0.0,0.0
word_graph,1416,SC-143,0.0,0.0,0.0,0.0,0.0,0.0,0.0
word_graph,1418,P-207,0.0,0.0,0.0,0.0,0.0,0.0,0.0
word_graph,1451,BM-138,0.0,0.0,0.0,0.0,1.0,0.0,0.021739130434782608
word_graph,1480,P-235,0.0,0.0,0.0,0.0,0.0,0.0,0.0
word_graph,1488,M-135,0.0,0.0,0.0,0.0,0.0,0.0,0.0
word_graph,1499,DC-140,0.0,0.0,0.0,0.0,0.0,0.0,0.0
word_graph,1504,FM-061,0.0,0.0,0.0,0.0,0.0,0.0,0.0
word_graph,1551,DOS-096,0.0,0.0,0.0,0.0,0.0,0.0,0.0
word_graph,1577,K-268,0.0,0.0,0.0,0.0,0.0,0.0,0.0
word_graph,1585,EV-115,0.0,0.0,0.0,0.0,0.0,0.0,0.0
word_graph,1630,R-039,0.0,0.0,0.0,0.0,0.0,0.0,0.0
word_graph,1639,TK-134,0.0,0.0,0.0,1.0,1.0,0.0,0.05
word_graph,1647,P-628,0.0,0.0,0.0,0.0,0.0,0.0,0.0
word_graph,1661,DC-093,0.0,0.0,0.0,0.0,0.0,0.0,0.0
word_graph,1700,TK-171,0.0,0.0,0.0,0.0,0.0,0.0,0.0
word_graph,1710,CV-086,0.0,0.0,0.0,0.0,0.0,0.0,0.0
word_graph,1719,FCC-071,0.0,0.0,0.0,0.0,0.0,0.0,0.0
word_graph,1788,P-368,0.0,0.0,0.0,0.0,0.0,0.0,0.0
word_graph,1789,M-105,0.0,0.0,0.0,0.0,1.0,0.0,0.02
word_graph,1814,K-021,0.0,0.0,0.0,0.0,0.0,0.0,0.0
word_graph,1821,AG-119,0.0,0.0,0.0,0.0,0.0,0.0,0.0
word_graph,1861,AG-110,0.0,0.0,0.0,0.0,0.0,0.0,0.0
word_graph,1865,GB-122,0.0,0.0,0.0,0.0,0.0,0.0,0.0
word_graph,1873,P-173,0.0,0.0,0.0,0.0,0.0,0.0,0.0
word_graph,1898,SC-026,0.0,0.0,0.0,0.0,0.0,0.0,0.0
word_graph,1901,TK-013,0.0,0.0,0.0,0.0,0.0,0.0,0.0
word_graph,1983,TK-144,0.0,0.0,0.0,0.0,0.0,0.0,0.0
word_graph,2010,VP-131,0.0,0.0,0.0,0.0,0.0,0.0,0.0
word_graph,2029,CT-050,0.0,0.0,0.0,1.0,1.0,0.0,0.05555555555555555
word_graph,2043,SEP-057,0.0,0.0,0.0,0.0,1.0,0.0,0.02040816326530612
word_graph,2058,SEP-113,0.0,0.0,0.0,0.0,0.0,0.0,0.0
word_graph,2090,P-170,0.0,0.0,0.0,0.0,0.0,0.0,0.0
word_graph,2128,P-228,0.0,0.0,0.0,0.0,1.0,0.0,0.023255813953488372
word_graph,2130,M-075,0.0,0.0,0.0,0.0,0.0,0.0,0.0
word_graph,2133,GB-043,0.0,0.0,0.0,0.0,0.0,0.0,0.0
word_graph,2146,P-622,0.0,0.0,0.0,0.0,0.0,0.0,0.0
word_graph,2152,M-012,0.0,0.0,0.0,1.0,1.0,0.0,0.05
word_graph,2165,DC-141,0.0,0.0,0.0,0.0,0.0,0.0,0.0
word_graph,2288,HX-023,0.0,0.0,0.0,0.0,0.0,0.0,0.0
word_graph,2293,P-247,0.0,0.0,0.0,0.0,0.0,0.0,0.0
word_graph,2307,P-315,0.0,0.0,0.0,0.0,0.0,0.0,0.0
word_graph,2356,P-321,0.0,0.0,0.0,0.0,0.0,0.0,0.0
word_graph,2392,K-121,0.0,0.0,0.0,0.0,0.0,0.0,0.0
word_graph,2422,K-286,0.0,0.0,0.0,0.0,0.0,0.0,0.0
word_graph,2433,CR-121,0.0,0.0,0.0,0.0,0.0,0.0,0.0
word_graph,2458,P-309,0.0,0.0,0.0,0.0,0.0,0.0,0.0
word_graph,2530,K-244,0.0,0.0,0.0,0.0,0.0,0.0,0.0
word_graph,2575,CV-244,0.0,0.0,1.0,1.0,1.0,0.1,0.1
word_graph,2611,CT-016,0.0,0.0,0.0,0.0,0.0,0.0,0.0
word_graph,2676,P-299,0.0,0.0,0.0,0.0,0.0,0.0,0.0
word_graph,2684,UF-070,0.0,0.0,0.0,0.0,0.0,0.0,0.0
word_graph,2685,SC-109,0.0,0.0,0.0,0.0,0.0,0.0,0.0
word_graph,2706,CV-081,0.0,0.0,0.0,0.0,0.0,0.0,0.0
word_graph,2716,HV-011,0.0,0.0,0.0,0.0,0.0,0.0,0.0
word_graph,2783,DOS-094,0.0,0.0,0.0,0.0,0.0,0.0,0.0
word_graph,2810,GB-133,0.0,0.0,1.0,1.0,1.0,0.16666666666666666,0.16666666666666666
word_graph,2847,BLR-101,0.0,0.0,0.0,0.0,0.0,0.0,0.0
word_graph,2855,CV-032,0.0,0.0,0.0,1.0,1.0,0.0,0.05
word_graph,2858,TK-007,0.0,0.0,0.0,0.0,0.0,0.0,0.0
word_graph,2890,DOS-093,0.0,0.0,0.0,0.0,0.0,0.0,0.0
word_graph,2908,P-102,0.0,0.0,0.0,0.0,0.0,0.0,0.0
word_graph,2922,TK-015,0.0,0.0,0.0,0.0,0.0,0.0,0.0
word_graph,2932,P-289,0.0,0.0,0.0,0.0,0.0,0.0,0.0
word_graph,2936,DP-091,0.0,0.0,1.0,1.0,1.0,0.16666666666666666,0.16666666666666666
word_graph,2989,P-312,0.0,0.0,0.0,0.0,0.0,0.0,0.0
word_graph,3121,TK-066,0.0,0.0,0.0,0.0,0.0,0.0,0.0
word_graph,3147,P-143,0.0,0.0,0.0,0.0,0.0,0.0,0.0
word_graph,3183,R-089,0.0,0.0,0.0,0.0,0.0,0.0,0.0
word_graph,3218,UF-224,0.0,0.0,0.0,0.0,1.0,0.0,0.047619047619047616
word_graph,3224,K-068,0.0,0.0,0.0,0.0,0.0,0.0,0.0
word_graph,3226,CR-121,0.0,0.0,0.0,0.0,0.0,0.0,0.0
word_graph,3240,EX-031,0.0,0.0,0.0,0.0,0.0,0.0,0.0
word_graph,3320,CV-184,0.0,0.0,0.0,0.0,1.0,0.0,0.02127659574468085
word_graph,3380,DC-139,0.0,0.0,0.0,0.0,0.0,0.0,0.0
word_graph,3505,P-217,0.0,0.0,0.0,1.0,1.0,0.0,0.05555555555555555
word_graph,3525,P-364,0.0,0.0,0.0,0.0,0.0,0.0,0.0
word_graph,3541,HV-040,0.0,0.0,0.0,0.0,0.0,0.0,0.0
word_graph,3595,TK-114,0.0,0.0,0.0,0.0,0.0,0.0,0.0
word_graph,3608,DOS-032,0.0,0.0,0.0,0.0,0.0,0.0,0.0
word_graph,3611,VP-076,0.0,0.0,1.0,1.0,1.0,0.16666666666666666,0.16666666666666666
word_graph,3651,TK-187,0.0,0.0,0.0,0.0,0.0,0.0,0.0
word_graph,3662,SC-110,0.0,0.0,0.0,0.0,0.0,0.0,0.0
word_graph,3683,K-091,0.0,0.0,0.0,0.0,0.0,0.0,0.0
word_graph,3709,P-228,0.0,0.0,0.0,0.0,0.0,0.0,0.0
word_graph,3737,EV-015,0.0,0.0,0.0,0.0,1.0,0.0,0.02564102564102564
word_graph,3818,SD-102,0.0,0.0,0.0,0.0,0.0,0.0,0.0
word_graph,3855,M-112,0.0,0.0,0.0,0.0,0.0,0.0,0.0
word_graph,3886,P-629,0.0,0.0,0.0,0.0,0.0,0.0,0.0
word_graph,3903,F-023,0.0,0.0,0.0,0.0,0.0,0.0,0.0
word_graph,3918,TK-143,0.0,0.0,0.0,0.0,0.0,0.0,0.0
word_graph,3956,P-118,0.0,0.0,0.0,0.0,0.0,0.0,0.0
word_graph,3958,TK-109,0.0,0.0,0.0,0.0,0.0,0.0,0.0
word_graph,4316,CR-130,0.0,0.0,0.0,0.0,0.0,0.0,0.0
word_graph,4326,P-337,0.0,0.0,0.0,0.0,0.0,0.0,0.0
word_graph,4351,P-159,0.0,0.0,0.0,0.0,0.0,0.0,0.0
word_graph,4353,EX-067,0.0,0.0,0.0,0.0,0.0,0.0,0.0
word_graph,4461,EV-105,0.0,0.0,0.0,0.0,0.0,0.0,0.0
word_graph,4476,GT-021,0.0,0.0,0.0,0.0,0.0,0.0,0.0
word_graph,4485,GS-054,0.0,0.0,0.0,0.0,0.0,0.0,0.0
word_graph,4494,DC-122,0.0,0.0,0.0,0.0,0.0,0.0,0.0
word_graph,4500,AG-027,0.0,0.0,0.0,0.0,0.0,0.0,0.0
word_graph,4531,P-321,0.0,0.0,0.0,0.0,0.0,0.0,0.0
word_graph,4551,RLP-007,0.0,0.0,0.0,0.0,0.0,0.0,0.0
word_graph,4591,R-121,0.0,0.0,0.0,0.0,0.0,0.0,0.0
word_graph,4628,VP-118,0.0,0.0,0.0,0.0,0.0,0.0,0.0
word_graph,4737,P-312,0.0,0.0,0.0,0.0,0.0,0.0,0.0
word_graph,4777,EX-070,0.0,0.0,0.0,0.0,0.0,0.0,0.0
word_graph,4857,P-302,0.0,0.0,0.0,0.0,0.0,0.0,0.0
word_graph,4883,CT-055,0.0,0.0,0.0,0.0,0.0,0.0,0.0
word_graph,4902,K-033,0.0,0.0,0.0,0.0,0.0,0.0,0.0
word_graph,4985,GT-136,0.0,0.0,0.0,0.0,0.0,0.0,0.0
word_graph,5026,M-044,0.0,0.0,0.0,0.0,0.0,0.0,0.0
word_graph,5040,R-127,0.0,0.0,0.0,0.0,0.0,0.0,0.0
word_graph,5143,P-216,0.0,0.0,0.0,0.0,0.0,0.0,0.0
word_graph,5151,BM-124,0.0,0.0,0.0,0.0,0.0,0.0,0.0
word_graph,5159,P-517,0.0,0.0,0.0,0.0,0.0,0.0,0.0
word_graph,5209,P-439,0.0,0.0,0.0,0.0,0.0,0.0,0.0
word_graph,5223,CT-142,0.0,0.0,0.0,0.0,1.0,0.0,0.02702702702702703
word_graph,5298,HX-030,0.0,0.0,0.0,0.0,1.0,0.0,0.043478260869565216
word_graph,5305,TK-075,0.0,0.0,0.0,0.0,0.0,0.0,0.0
word_graph,5322,P-443,0.0,0.0,0.0,0.0,0.0,0.0,0.0
word_graph,5401,SC-034,0.0,0.0,0.0,0.0,0.0,0.0,0.0
word_graph,5407,HV-172,0.0,0.0,0.0,0.0,0.0,0.0,0.0
word_graph,5451,F-107,0.0,0.0,0.0,0.0,0.0,0.0,0.0
word_graph,5468,P-104,0.0,0.0,0.0,0.0,0.0,0.0,0.0
word_graph,5549,CV-039,0.0,0.0,0.0,0.0,0.0,0.0,0.0
word_graph,5604,CT-145,0.0,0.0,0.0,0.0,0.0,0.0,0.0
word_graph,5616,HP-109,0.0,0.0,0.0,0.0,0.0,0.0,0.0
word_graph,5683,TK-054,0.0,0.0,0.0,0.0,0.0,0.0,0.0
word_graph,5692,R-205,0.0,0.0,0.0,0.0,0.0,0.0,0.0
word_graph,5765,GT-144,0.0,0.0,0.0,0.0,0.0,0.0,0.0
word_graph,5786,BLR-038,0.0,0.0,0.0,0.0,0.0,0.0,0.0
word_graph,5846,FM-019,0.0,0.0,0.0,0.0,0.0,0.0,0.0
word_graph,5859,M-058,0.0,0.0,0.0,0.0,0.0,0.0,0.0
word_graph,5886,GS-013,1.0,1.0,1.0,1.0,1.0,1.0,1.0
word_graph,5934,CR-016,0.0,0.0,0.0,0.0,0.0,0.0,0.0
word_graph,5947,P-324,0.0,0.0,0.0,0.0,0.0,0.0,0.0
word_graph,5983,R-038,0.0,0.0,0.0,0.0,0.0,0.0,0.0
word_graph,6007,K-089,0.0,0.0,0.0,0.0,0.0,0.0,0.0
word_graph,6019,DP-097,0.0,0.0,0.0,0.0,0.0,0.0,0.0
word_graph,6028,DC-049,0.0,0.0,0.0,0.0,0.0,0.0,0.0
word_graph,6072,EX-138,0.0,0.0,0.0,0.0,0.0,0.0,0.0
word_graph,6152,GS-126,0.0,0.0,0.0,0.0,0.0,0.0,0.0
word_graph,6162,K-272,0.0,0.0,0.0,0.0,0.0,0.0,0.0
word_graph,6210,FCC-039,0.0,0.0,0.0,0.0,0.0,0.0,0.0
word_graph,6215,SEP-116,0.0,0.0,0.0,0.0,0.0,0.0,0.0
word_graph,6265,HV-031,0.0,0.0,0.0,0.0,0.0,0.0,0.0
word_graph,6283,M-044,0.0,0.0,0.0,0.0,0.0,0.0,0.0
word_graph,6304,EX-129,0.0,0.0,0.0,0.0,0.0,0.0,0.0
word_graph,6309,GB-007,0.0,0.0,0.0,0.0,0.0,0.0,0.0
word_graph,6343,SC-104,0.0,0.0,0.0,0.0,0.0,0.0,0.0
word_graph,6363,HV-107,0.0,0.0,1.0,1.0,1.0,0.125,0.125
word_graph,6431,SD-139,0.0,0.0,0.0,0.0,1.0,0.0,0.023255813953488372
word_graph,6450,GB-107,0.0,0.0,0.0,0.0,0.0,0.0,0.0
word_graph,6544,F-080,0.0,0.0,0.0,0.0,0.0,0.0,0.0
word_graph,6573,TK-103,0.0,0.0,0.0,1.0,1.0,0.0,0.09090909090909091
word_graph,6626,GB-033,0.0,0.0,0.0,0.0,0.0,0.0,0.0
word_graph,6649,P-705,0.0,0.0,0.0,0.0,0.0,0.0,0.0
word_graph,6663,R-046,0.0,0.0,0.0,0.0,0.0,0.0,0.0
word_graph,6760,P-378,0.0,0.0,0.0,0.0,0.0,0.0,0.0
word_graph,6765,EX-031,0.0,0.0,0.0,0.0,0.0,0.0,0.0
word_graph,6803,K-226,0.0,0.0,0.0,0.0,0.0,0.0,0.0
word_graph,6807,F-055,0.0,0.0,0.0,0.0,0.0,0.0,0.0
word_graph,6832,P-184,0.0,0.0,0.0,0.0,0.0,0.0,0.0
word_graph,6835,CR-120,0.0,0.0,0.0,0.0,0.0,0.0,0.0
word_graph,6867,HP-084,0.0,0.0,0.0,0.0,0.0,0.0,0.0
word_graph,6883,UF-015,0.0,0.0,0.0,1.0,1.0,0.0,0.07692307692307693
word_graph,6978,HX-125,0.0,0.0,0.0,0.0,0.0,0.0,0.0
word_graph,7064,P-568,0.0,0.0,0.0,0.0,0.0,0.0,0.0
word_graph,7091,SEP-210,0.0,0.0,0.0,0.0,0.0,0.0,0.0
word_graph,7093,R-110,0.0,1.0,1.0,1.0,1.0,0.5,0.5
word_graph,7124,P-524,0.0,0.0,0.0,0.0,0.0,0.0,0.0
word_graph,7202,R-133,0.0,0.0,0.0,0.0,0.0,0.0,0.0
word_graph,7224,AG-040,0.0,0.0,0.0,0.0,0.0,0.0,0.0
word_graph,7232,HX-124,0.0,0.0,0.0,0.0,0.0,0.0,0.0
word_graph,7257,HP-138,0.0,0.0,0.0,0.0,0.0,0.0,0.0
word_graph,7271,DC-115,0.0,0.0,0.0,0.0,0.0,0.0,0.0
word_graph,7299,GB-017,0.0,0.0,0.0,0.0,0.0,0.0,0.0
word_graph,7353,P-198,0.0,0.0,0.0,1.0,1.0,0.0,0.08333333333333333
word_graph,7359,P-613,0.0,0.0,0.0,0.0,0.0,0.0,0.0
word_graph,7362,TK-179,0.0,1.0,1.0,1.0,1.0,0.25,0.25
word_graph,7422,R-243,0.0,0.0,0.0,0.0,0.0,0.0,0.0
word_graph,7432,P-275,0.0,0.0,0.0,0.0,0.0,0.0,0.0
word_graph,7457,P-296,0.0,0.0,0.0,0.0,0.0,0.0,0.0
word_graph,7480,HP-112,0.0,0.0,0.0,0.0,1.0,0.0,0.022727272727272728
word_graph,7520,K-075,0.0,0.0,0.0,0.0,0.0,0.0,0.0
word_graph,7546,F-106,0.0,0.0,0.0,0.0,1.0,0.0,0.029411764705882353
word_graph,7553,FCC-083,0.0,0.0,0.0,0.0,0.0,0.0,0.0
word_graph,7573,GB-142,0.0,0.0,0.0,0.0,0.0,0.0,0.0
word_graph,7590,R-064,0.0,0.0,1.0,1.0,1.0,0.125,0.125
word_graph,7639,GS-110,0.0,0.0,0.0,0.0,0.0,0.0,0.0
word_graph,7686,SC-049,0.0,0.0,0.0,0.0,0.0,0.0,0.0
word_graph,7709,P-211,0.0,0.0,0.0,1.0,1.0,0.0,0.05555555555555555
word_graph,7721,M-135,0.0,0.0,0.0,0.0,0.0,0.0,0.0
word_graph,7726,EV-131,0.0,0.0,0.0,0.0,0.0,0.0,0.0
word_graph,7753,GT-081,0.0,0.0,0.0,0.0,0.0,0.0,0.0
word_graph,7798,M-117,0.0,0.0,0.0,0.0,0.0,0.0,0.0
word_graph,7812,M-033,0.0,0.0,0.0,0.0,0.0,0.0,0.0
word_graph,7862,HX-092,0.0,0.0,0.0,0.0,0.0,0.0,0.0
word_graph,7885,CV-123,0.0,0.0,0.0,0.0,1.0,0.0,0.022727272727272728
word_graph,7930,HP-108,0.0,0.0,0.0,0.0,0.0,0.0,0.0
word_graph,7942,P-695,0.0,0.0,0.0,0.0,0.0,0.0,0.0
word_graph,7952,HX-059,0.0,0.0,0.0,0.0,0.0,0.0,0.0
word_graph,7981,M-047,0.0,0.0,0.0,0.0,0.0,0.0,0.0
word_graph,8038,TRB-140,0.0,0.0,0.0,0.0,0.0,0.0,0.0
word_graph,8057,CT-115,0.0,0.0,0.0,0.0,1.0,0.0,0.020833333333333332
word_graph,8098,TK-111,0.0,0.0,0.0,0.0,0.0,0.0,0.0
word_graph,8107,K-146,0.0,0.0,0.0,0.0,0.0,0.0,0.0
word_graph,8226,GB-104,0.0,0.0,0.0,0.0,0.0,0.0,0.0
word_graph,8303,GB-139,0.0,0.0,0.0,0.0,0.0,0.0,0.0
word_graph,8310,M-110,0.0,0.0,0.0,0.0,0.0,0.0,0.0
word_graph,8360,DOS-140,0.0,0.0,0.0,0.0,0.0,0.0,0.0
word_graph,8423,AG-013,0.0,0.0,0.0,0.0,0.0,0.0,0.0
word_graph,8455,P-591,0.0,0.0,0.0,0.0,0.0,0.0,0.0
word_graph,8612,UF-084,0.0,0.0,0.0,0.0,0.0,0.0,0.0
word_graph,8621,P-217,0.0,0.0,0.0,0.0,0.0,0.0,0.0
word_graph,8643,VP-031,0.0,0.0,0.0,0.0,0.0,0.0,0.0
word_graph,8709,DC-085,0.0,0.0,0.0,0.0,0.0,0.0,0.0
word_graph,8748,DOS-103,0.0,0.0,0.0,0.0,1.0,0.0,0.02
word_graph,8796,TK-158,0.0,0.0,0.0,0.0,0.0,0.0,0.0
word_graph,8811,P-199,0.0,0.0,0.0,0.0,0.0,0.0,0.0
word_graph,8817,P-326,0.0,0.0,0.0,0.0,0.0,0.0,0.0
word_graph,8863,P-730,0.0,0.0,0.0,0.0,0.0,0.0,0.0
word_graph,8908,P-729,0.0,0.0,0.0,0.0,0.0,0.0,0.0
word_graph,8932,GB-091,0.0,0.0,0.0,0.0,0.0,0.0,0.0
word_graph,8979,AG-137,0.0,0.0,0.0,0.0,0.0,0.0,0.0
word_graph,9144,BM-124,0.0,0.0,0.0,0.0,0.0,0.0,0.0
word_graph,9154,P-436,0.0,0.0,0.0,0.0,0.0,0.0,0.0
word_graph,9244,TK-039,0.0,0.0,0.0,0.0,1.0,0.0,0.02564102564102564
word_graph,9288,K-139,0.0,0.0,0.0,0.0,1.0,0.0,0.02127659574468085
word_graph,9355,SD-144,0.0,0.0,1.0,1.0,1.0,0.1111111111111111,0.1111111111111111
word_graph,9384,BM-041,0.0,0.0,0.0,0.0,0.0,0.0,0.0
word_graph,9389,M-003,0.0,0.0,0.0,0.0,0.0,0.0,0.0
word_graph,9398,TK-034,0.0,0.0,0.0,0.0,0.0,0.0,0.0
word_graph,9448,SC-007,0.0,0.0,0.0,0.0,0.0,0.0,0.0
word_graph,9572,DOS-118,0.0,0.0,0.0,1.0,1.0,0.0,0.05555555555555555
word_graph,9615,R-245,0.0,0.0,0.0,0.0,0.0,0.0,0.0
word_graph,9682,M-054,0.0,0.0,0.0,0.0,0.0,0.0,0.0
word_graph,9696,SC-227,0.0,0.0,0.0,0.0,0.0,0.0,0.0
word_graph,9700,FCC-047,0.0,0.0,0.0,0.0,1.0,0.0,0.023255813953488372
word_graph,9702,HX-107,0.0,0.0,0.0,0.0,0.0,0.0,0.0
word_graph,9711,VP-115,0.0,0.0,0.0,0.0,0.0,0.0,0.0
word_graph,9714,HX-083,0.0,0.0,0.0,0.0,0.0,0.0,0.0
word_graph,9762,SC-143,0.0,0.0,0.0,0.0,0.0,0.0,0.0
word_graph,9768,GS-074,0.0,0.0,0.0,0.0,0.0,0.0,0.0
word_graph,9806,FM-006,0.0,0.0,0.0,0.0,0.0,0.0,0.0
word_graph,9892,P-436,0.0,0.0,0.0,0.0,0.0,0.0,0.0
word_graph,9896,UF-029,0.0,0.0,0.0,0.0,0.0,0.0,0.0
word_graph,9909,P-301,0.0,0.0,0.0,0.0,0.0,0.0,0.0
word_graph,9920,P-243,0.0,0.0,0.0,0.0,0.0,0.0,0.0
word_graph,9921,P-313,0.0,0.0,0.0,0.0,0.0,0.0,0.0
word_graph,9928,GB-141,0.0,0.0,0.0,0.0,0.0,0.0,0.0
word_graph,9947,P-481,0.0,0.0,0.0,0.0,0.0,0.0,0.0
word_graph,10079,P-569,0.0,0.0,0.0,0.0,0.0,0.0,0.0
word_graph,10118,HV-108,0.0,0.0,1.0,1.0,1.0,0.1111111111111111,0.1111111111111111
word_graph,10130,K-178,0.0,0.0,0.0,0.0,0.0,0.0,0.0
word_graph,10191,F-014,0.0,0.0,0.0,0.0,0.0,0.0,0.0
word_graph,10199,K-203,0.0,0.0,0.0,0.0,0.0,0.0,0.0
word_graph,10204,HV-034,0.0,0.0,0.0,0.0,0.0,0.0,0.0
word_graph,10213,CV-128,0.0,0.0,0.0,0.0,1.0,0.0,0.04
word_graph,10223,VP-039,0.0,0.0,0.0,0.0,0.0,0.0,0.0
word_graph,10252,P-408,0.0,0.0,0.0,0.0,0.0,0.0,0.0
word_graph,10263,DRY-030,0.0,0.0,0.0,0.0,0.0,0.0,0.0
word_graph,10269,SC-014,0.0,0.0,0.0,0.0,0.0,0.0,0.0
word_graph,10344,M-073,0.0,0.0,0.0,0.0,1.0,0.0,0.023809523809523808
word_graph,10380,TK-108,0.0,0.0,0.0,0.0,0.0,0.0,0.0
word_graph,10421,CF-023,0.0,0.0,0.0,0.0,0.0,0.0,0.0
word_graph,10444,K-288,0.0,0.0,0.0,0.0,0.0,0.0,0.0
word_graph,10454,EX-065,0.0,0.0,0.0,0.0,0.0,0.0,0.0
word_graph,10473,P-328,0.0,0.0,0.0,0.0,0.0,0.0,0.0
word_graph,10493,HX-208,0.0,0.0,0.0,0.0,0.0,0.0,0.0
word_graph,10526,P-169,0.0,0.0,0.0,0.0,0.0,0.0,0.0
word_graph,10575,P-370,0.0,0.0,0.0,0.0,0.0,0.0,0.0
word_graph,10590,HX-107,0.0,0.0,0.0,1.0,1.0,0.0,0.08333333333333333
word_graph,10608,TK-106,0.0,0.0,0.0,0.0,1.0,0.0,0.02631578947368421
word_graph,10627,P-365,0.0,0.0,0.0,0.0,0.0,0.0,0.0
word_graph,10630,HV-049,0.0,0.0,0.0,0.0,0.0,0.0,0.0
word_graph,10632,P-262,0.0,0.0,0.0,0.0,0.0,0.0,0.0
word_graph,10647,R-069,0.0,0.0,0.0,0.0,1.0,0.0,0.041666666666666664
word_graph,10704,CR-123,0.0,0.0,0.0,0.0,0.0,0.0,0.0
word_graph,10755,BM-143,0.0,0.0,0.0,0.0,0.0,0.0,0.0
word_graph,10780,P-234,0.0,0.0,0.0,0.0,0.0,0.0,0.0
word_graph,10789,P-204,0.0,0.0,0.0,0.0,0.0,0.0,0.0
word_graph,10825,HV-102,0.0,0.0,0.0,0.0,0.0,0.0,0.0
word_graph,10828,M-014,0.0,0.0,0.0,0.0,0.0,0.0,0.0
word_graph,10932,SC-014,0.0,0.0,0.0,0.0,0.0,0.0,0.0
word_graph,10939,GT-104,0.0,0.0,0.0,0.0,0.0,0.0,0.0
word_graph,10966,P-362,0.0,0.0,0.0,0.0,0.0,0.0,0.0
word_graph,10970,CF-100,0.0,0.0,0.0,0.0,0.0,0.0,0.0
word_graph,10981,GB-068,0.0,0.0,0.0,0.0,0.0,0.0,0.0
word_graph,11002,VP-054,0.0,0.0,0.0,0.0,0.0,0.0,0.0
word_graph,11009,TK-204,0.0,0.0,0.0,0.0,0.0,0.0,0.0
word_graph,11068,SC-103,0.0,0.0,0.0,0.0,0.0,0.0,0.0
word_graph,11101,CV-272,0.0,0.0,0.0,0.0,0.0,0.0,0.0
word_graph,11149,P-602,0.0,0.0,0.0,0.0,0.0,0.0,0.0
word_graph,11165,RLP-059,0.0,0.0,0.0,0.0,0.0,0.0,0.0
word_graph,11173,K-016,0.0,0.0,0.0,0.0,0.0,0.0,0.0
word_graph,11200,AG-090,0.0,0.0,0.0,0.0,0.0,0.0,0.0
word_graph,11221,TK-113,0.0,0.0,0.0,0.0,1.0,0.0,0.03333333333333333
word_graph,11278,P-682,0.0,0.0,0.0,0.0,0.0,0.0,0.0
word_graph,11282,M-039,0.0,0.0,0.0,0.0,0.0,0.0,0.0
word_graph,11372,P-204,0.0,0.0,0.0,0.0,0.0,0.0,0.0
word_graph,11373,UF-092,0.0,0.0,0.0,0.0,0.0,0.0,0.0
word_graph,11385,CF-013,0.0,0.0,0.0,0.0,0.0,0.0,0.0
word_graph,11400,P-228,0.0,0.0,0.0,0.0,0.0,0.0,0.0
word_graph,11403,CV-050,0.0,0.0,0.0,0.0,0.0,0.0,0.0
word_graph,11458,CV-241,0.0,0.0,0.0,0.0,0.0,0.0,0.0
word_graph,11467,CF-102,0.0,0.0,0.0,0.0,0.0,0.0,0.0
word_graph,11474,GB-112,0.0,0.0,0.0,0.0,0.0,0.0,0.0
word_graph,11580,K-132,0.0,0.0,0.0,0.0,0.0,0.0,0.0
word_graph,11584,BM-115,0.0,0.0,0.0,1.0,1.0,0.0,0.05263157894736842
word_graph,11622,M-146,0.0,0.0,0.0,1.0,1.0,0.0,0.05
word_graph,11673,SC-006,0.0,0.0,0.0,0.0,0.0,0.0,0.0
word_graph,11701,HX-127,0.0,0.0,0.0,0.0,0.0,0.0,0.0
word_graph,11713,BM-063,0.0,0.0,0.0,0.0,0.0,0.0,0.0
word_graph,11820,FCC-040,0.0,1.0,1.0,1.0,1.0,0.5,0.5
word_graph,11917,BLR-043,0.0,0.0,0.0,0.0,0.0,0.0,0.0
word_graph,11959,P-501,0.0,0.0,0.0,0.0,0.0,0.0,0.0
word_graph,11974,M-057,0.0,0.0,0.0,0.0,0.0,0.0,0.0
word_graph,11997,P-224,0.0,0.0,0.0,0.0,1.0,0.0,0.02857142857142857
word_graph,12047,F-011,0.0,0.0,0.0,0.0,1.0,0.0,0.024390243902439025
word_graph,12076,FM-056,0.0,0.0,0.0,0.0,0.0,0.0,0.0
word_graph,12080,HP-056,0.0,0.0,0.0,0.0,0.0,0.0,0.0
word_graph,12214,P-271,0.0,0.0,0.0,0.0,0.0,0.0,0.0
word_graph,12238,BLR-103,0.0,0.0,0.0,0.0,0.0,0.0,0.0
word_graph,12262,P-287,0.0,0.0,0.0,0.0,0.0,0.0,0.0
word_graph,12303,BLR-046,0.0,0.0,0.0,0.0,0.0,0.0,0.0
word_graph,12316,SC-038,0.0,0.0,0.0,0.0,0.0,0.0,0.0
word_graph,12330,P-596,0.0,0.0,0.0,0.0,0.0,0.0,0.0
word_graph,12340,BLR-046,0.0,0.0,0.0,0.0,0.0,0.0,0.0
word_graph,12437,K-064,0.0,0.0,0.0,0.0,0.0,0.0,0.0
word_graph,12449,M-037,0.0,0.0,0.0,1.0,1.0,0.0,0.08333333333333333
word_graph,12468,P-536,0.0,0.0,0.0,0.0,0.0,0.0,0.0
word_graph,12503,EV-136,0.0,0.0,0.0,0.0,0.0,0.0,0.0
word_graph,12519,P-351,0.0,0.0,0.0,0.0,0.0,0.0,0.0
word_graph,12533,GT-073,0.0,0.0,0.0,0.0,0.0,0.0,0.0
word_graph,12567,P-245,0.0,0.0,0.0,0.0,1.0,0.0,0.023255813953488372
word_graph,12738,M-074,0.0,0.0,0.0,0.0,0.0,0.0,0.0
word_graph,12757,VP-092,0.0,0.0,0.0,0.0,0.0,0.0,0.0
word_graph,12850,P-677,0.0,0.0,0.0,0.0,0.0,0.0,0.0
word_graph,12890,SC-019,0.0,0.0,0.0,0.0,0.0,0.0,0.0
word_graph,12907,P-309,0.0,0.0,0.0,0.0,0.0,0.0,0.0
word_graph,13027,BM-004,0.0,0.0,0.0,0.0,0.0,0.0,0.0
word_graph,13073,UF-093,0.0,0.0,0.0,0.0,1.0,0.0,0.023255813953488372
word_graph,13091,TK-038,0.0,0.0,0.0,0.0,0.0,0.0,0.0
word_graph,13158,TK-225,0.0,0.0,0.0,0.0,0.0,0.0,0.0
word_graph,13168,TK-110,0.0,0.0,0.0,0.0,0.0,0.0,0.0
word_graph,13229,K-108,0.0,0.0,0.0,0.0,0.0,0.0,0.0
word_graph,13233,P-206,0.0,0.0,0.0,0.0,0.0,0.0,0.0
word_graph,13319,GT-023,0.0,0.0,0.0,0.0,0.0,0.0,0.0
word_graph,13337,CF-057,0.0,0.0,0.0,0.0,0.0,0.0,0.0
word_graph,13346,P-218,0.0,0.0,0.0,0.0,0.0,0.0,0.0
word_graph,13409,P-290,0.0,0.0,0.0,0.0,0.0,0.0,0.0
word_graph,13481,GT-064,0.0,0.0,0.0,0.0,0.0,0.0,0.0
word_graph,13541,K-031,0.0,0.0,0.0,0.0,0.0,0.0,0.0
word_graph,13562,K-096,0.0,0.0,0.0,0.0,0.0,0.0,0.0
word_graph,13581,VP-014,0.0,0.0,0.0,0.0,0.0,0.0,0.0
word_graph,13585,P-415,0.0,0.0,0.0,0.0,0.0,0.0,0.0
word_graph,13607,DC-022,0.0,0.0,0.0,0.0,0.0,0.0,0.0
word_graph,13643,P-397,0.0,0.0,0.0,0.0,0.0,0.0,0.0
word_graph,13651,P-719,0.0,0.0,0.0,0.0,0.0,0.0,0.0
word_graph,13657,CT-022,0.0,0.0,0.0,0.0,0.0,0.0,0.0
word_graph,13752,HX-059,0.0,0.0,0.0,0.0,0.0,0.0,0.0
word_graph,13836,CF-145,0.0,0.0,0.0,0.0,1.0,0.0,0.04
word_graph,13839,CV-230,0.0,0.0,0.0,0.0,0.0,0.0,0.0
word_graph,13880,HP-047,0.0,0.0,0.0,0.0,0.0,0.0,0.0
word_graph,13883,TK-144,0.0,0.0,0.0,0.0,0.0,0.0,0.0
word_graph,13906,GB-006,0.0,0.0,0.0,0.0,0.0,0.0,0.0
word_graph,13931,HX-061,0.0,0.0,0.0,0.0,0.0,0.0,0.0
word_graph,13941,P-223,0.0,0.0,0.0,0.0,0.0,0.0,0.0
word_graph,13956,F-243,0.0,0.0,0.0,0.0,0.0,0.0,0.0
word_graph,14052,FM-107,0.0,0.0,0.0,0.0,0.0,0.0,0.0
word_graph,14122,P-366,0.0,0.0,0.0,0.0,0.0,0.0,0.0
word_graph,14132,M-134,0.0,0.0,0.0,0.0,1.0,0.0,0.024390243902439025
word_graph,14140,DC-044,0.0,0.0,0.0,0.0,0.0,0.0,0.0
word_graph,14188,CT-103,0.0,0.0,0.0,0.0,0.0,0.0,0.0
word_graph,14229,R-138,0.0,0.0,0.0,0.0,0.0,0.0,0.0
word_graph,14243,P-219,0.0,0.0,0.0,0.0,0.0,0.0,0.0
word_graph,14298,P-313,0.0,0.0,0.0,0.0,0.0,0.0,0.0
word_graph,14339,M-062,0.0,0.0,0.0,0.0,0.0,0.0,0.0
word_graph,14428,VP-125,0.0,0.0,0.0,0.0,0.0,0.0,0.0
word_graph,14483,P-476,0.0,0.0,0.0,0.0,0.0,0.0,0.0
word_graph,14520,HX-050,0.0,0.0,0.0,0.0,0.0,0.0,0.0
word_graph,14639,TRB-097,0.0,0.0,0.0,0.0,0.0,0.0,0.0
word_graph,14660,SC-139,0.0,0.0,0.0,0.0,0.0,0.0,0.0
word_graph,14683,BM-115,0.0,0.0,0.0,0.0,1.0,0.0,0.030303030303030304
word_graph,14784,M-106,0.0,0.0,0.0,0.0,0.0,0.0,0.0
word_graph,14788,P-308,0.0,0.0,0.0,0.0,0.0,0.0,0.0
word_graph,14805,F-087,0.0,0.0,0.0,0.0,0.0,0.0,0.0
word_graph,14820,TRB-133,0.0,0.0,0.0,0.0,0.0,0.0,0.0
word_graph,14870,CT-058,0.0,0.0,0.0,0.0,0.0,0.0,0.0
word_graph,14892,P-438,0.0,0.0,0.0,0.0,0.0,0.0,0.0
word_graph,14904,CV-056,0.0,0.0,0.0,0.0,0.0,0.0,0.0
word_graph,14930,P-244,0.0,0.0,0.0,0.0,0.0,0.0,0.0
word_graph,15041,GB-087,0.0,0.0,0.0,1.0,1.0,0.0,0.07692307692307693
word_graph,15044,TRB-136,0.0,0.0,0.0,0.0,0.0,0.0,0.0
word_graph,15050,TRB-131,0.0,0.0,0.0,0.0,0.0,0.0,0.0
word_graph,15084,F-176,0.0,0.0,0.0,0.0,0.0,0.0,0.0
word_graph,15103,HP-133,0.0,0.0,0.0,0.0,1.0,0.0,0.03125
word_graph,15169,P-219,0.0,0.0,0.0,0.0,0.0,0.0,0.0
word_graph,15181,GS-124,0.0,0.0,0.0,0.0,0.0,0.0,0.0
word_graph,15232,TK-315,0.0,0.0,0.0,0.0,0.0,0.0,0.0
word_graph,15318,R-082,0.0,0.0,0.0,0.0,0.0,0.0,0.0
word_graph,15368,R-070,0.0,0.0,0.0,0.0,0.0,0.0,0.0
word_graph,15413,VP-064,0.0,0.0,0.0,0.0,0.0,0.0,0.0
word_graph,15416,HV-213,0.0,0.0,0.0,0.0,0.0,0.0,0.0
word_graph,15453,DP-123,0.0,0.0,0.0,0.0,0.0,0.0,0.0
word_graph,15472,TK-243,0.0,0.0,0.0,0.0,0.0,0.0,0.0
word_graph,15481,P-159,0.0,0.0,0.0,0.0,0.0,0.0,0.0
word_graph,15524,HX-125,0.0,0.0,0.0,0.0,0.0,0.0,0.0
word_graph,15539,P-419,0.0,0.0,1.0,1.0,1.0,0.1,0.1
word_graph,15619,CT-107,0.0,0.0,0.0,0.0,0.0,0.0,0.0
word_graph,15677,TK-194,0.0,0.0,0.0,0.0,0.0,0.0,0.0
word_graph,15721,CR-047,0.0,0.0,0.0,0.0,0.0,0.0,0.0
word_graph,15723,P-592,0.0,0.0,0.0,0.0,0.0,0.0,0.0
word_graph,15728,SD-121,0.0,0.0,0.0,0.0,0.0,0.0,0.0
word_graph,15775,M-036,0.0,0.0,0.0,0.0,0.0,0.0,0.0
word_graph,15786,CT-091,0.0,0.0,0.0,0.0,0.0,0.0,0.0
word_graph,15844,GT-142,0.0,0.0,0.0,0.0,0.0,0.0,0.0
word_graph,15915,F-122,0.0,0.0,0.0,0.0,0.0,0.0,0.0
word_graph,15938,TK-334,0.0,0.0,0.0,0.0,0.0,0.0,0.0
word_graph,16020,M-025,0.0,0.0,0.0,0.0,1.0,0.0,0.021739130434782608
word_graph,16042,DOS-083,0.0,0.0,0.0,0.0,0.0,0.0,0.0
word_graph,16055,K-214,0.0,0.0,0.0,0.0,0.0,0.0,0.0
word_graph,16059,HX-145,0.0,0.0,0.0,0.0,0.0,0.0,0.0
word_graph,16087,P-743,0.0,0.0,0.0,0.0,0.0,0.0,0.0
word_graph,16118,F-053,0.0,0.0,0.0,0.0,0.0,0.0,0.0
word_graph,16133,HX-044,0.0,0.0,0.0,0.0,0.0,0.0,0.0
word_graph,16181,K-015,0.0,0.0,0.0,0.0,1.0,0.0,0.023809523809523808
word_graph,16182,CV-079,0.0,0.0,0.0,0.0,0.0,0.0,0.0
word_graph,16188,DRY-128,0.0,0.0,0.0,0.0,0.0,0.0,0.0
word_graph,16193,HP-047,0.0,0.0,0.0,0.0,1.0,0.0,0.02564102564102564
word_graph,16199,HX-068,0.0,0.0,0.0,0.0,0.0,0.0,0.0
word_graph,16257,DC-065,0.0,0.0,0.0,0.0,0.0,0.0,0.0
word_graph,16258,AG-049,0.0,1.0,1.0,1.0,1.0,0.3333333333333333,0.3333333333333333
word_graph,16296,BM-108,0.0,0.0,0.0,0.0,0.0,0.0,0.0
word_graph,16316,SD-033,0.0,0.0,0.0,0.0,0.0,0.0,0.0
word_graph,16375,BLR-111,0.0,0.0,0.0,1.0,1.0,0.0,0.08333333333333333
word_graph,16402,P-534,0.0,0.0,0.0,0.0,0.0,0.0,0.0
word_graph,16416,HV-116,0.0,0.0,0.0,0.0,0.0,0.0,0.0
word_graph,16474,TK-046,0.0,0.0,0.0,0.0,0.0,0.0,0.0
word_graph,16476,DC-137,0.0,0.0,0.0,0.0,0.0,0.0,0.0
word_graph,16485,CT-106,0.0,0.0,0.0,0.0,0.0,0.0,0.0
word_graph,16515,K-100,0.0,0.0,0.0,0.0,0.0,0.0,0.0
word_graph,16519,TK-068,0.0,0.0,0.0,0.0,0.0,0.0,0.0
word_graph,16601,P-546,0.0,0.0,0.0,0.0,0.0,0.0,0.0
word_graph,16726,HV-032,0.0,0.0,0.0,0.0,0.0,0.0,0.0
word_graph,16768,P-142,0.0,0.0,0.0,0.0,1.0,0.0,0.045454545454545456
word_graph,16778,DOS-078,0.0,0.0,0.0,0.0,0.0,0.0,0.0
word_graph,16793,DP-108,0.0,0.0,0.0,0.0,0.0,0.0,0.0
word_graph,16825,SD-105,0.0,0.0,0.0,0.0,0.0,0.0,0.0
word_graph,16858,HV-105,0.0,0.0,0.0,0.0,0.0,0.0,0.0
word_graph,16901,P-402,0.0,0.0,0.0,0.0,0.0,0.0,0.0
word_graph,16961,CV-058,0.0,0.0,0.0,0.0,0.0,0.0,0.0
word_graph,16982,CV-046,0.0,0.0,0.0,0.0,0.0,0.0,0.0
word_graph,16990,TK-229,0.0,0.0,0.0,0.0,0.0,0.0,0.0
word_graph,17021,UF-110,0.0,0.0,0.0,0.0,0.0,0.0,0.0
word_graph,17112,P-501,0.0,0.0,0.0,0.0,0.0,0.0,0.0
word_graph,17123,P-341,0.0,0.0,0.0,0.0,0.0,0.0,0.0
word_graph,17154,TK-049,0.0,0.0,0.0,0.0,1.0,0.0,0.03225806451612903
word_graph,17173,HX-206,0.0,0.0,0.0,0.0,0.0,0.0,0.0
word_graph,17180,CV-071,0.0,0.0,0.0,0.0,0.0,0.0,0.0
word_graph,17184,HV-127,0.0,0.0,0.0,0.0,0.0,0.0,0.0
word_graph,17203,M-089,0.0,0.0,0.0,0.0,0.0,0.0,0.0
word_graph,17283,P-479,0.0,0.0,0.0,0.0,0.0,0.0,0.0
word_graph,17299,M-078,0.0,0.0,0.0,0.0,1.0,0.0,0.024390243902439025
word_graph,17308,BLR-075,0.0,0.0,0.0,0.0,0.0,0.0,0.0
word_graph,17318,GB-102,0.0,0.0,0.0,0.0,0.0,0.0,0.0
word_graph,17326,P-209,0.0,0.0,0.0,0.0,0.0,0.0,0.0
word_graph,17332,GB-079,0.0,0.0,0.0,0.0,0.0,0.0,0.0
word_graph,17347,SC-052,0.0,0.0,0.0,0.0,0.0,0.0,0.0
word_graph,17349,R-073,0.0,0.0,0.0,0.0,0.0,0.0,0.0
word_graph,17369,M-133,0.0,0.0,0.0,0.0,1.0,0.0,0.04
word_graph,17380,BLR-101,0.0,0.0,0.0,0.0,0.0,0.0,0.0
word_graph,17385,CV-128,0.0,0.0,0.0,0.0,1.0,0.0,0.047619047619047616
word_graph,17394,HV-052,0.0,0.0,0.0,0.0,0.0,0.0,0.0
word_graph,17467,P-332,0.0,0.0,0.0,0.0,0.0,0.0,0.0
word_graph,17592,TK-290,0.0,0.0,0.0,0.0,0.0,0.0,0.0
word_graph,17597,P-582,0.0,0.0,0.0,0.0,0.0,0.0,0.0
word_graph,17620,HV-031,0.0,0.0,0.0,0.0,0.0,0.0,0.0
word_graph,17653,F-233,0.0,0.0,0.0,0.0,0.0,0.0,0.0
word_graph,17664,P-215,0.0,0.0,0.0,0.0,0.0,0.0,0.0
word_graph,17690,P-210,0.0,0.0,0.0,0.0,0.0,0.0,0.0
word_graph,17749,P-338,0.0,0.0,0.0,0.0,0.0,0.0,0.0
word_graph,17843,P-144,0.0,0.0,0.0,0.0,0.0,0.0,0.0
word_graph,17864,F-054,0.0,0.0,0.0,0.0,0.0,0.0,0.0
word_graph,17884,GB-069,0.0,0.0,0.0,0.0,0.0,0.0,0.0
word_graph,17924,F-070,0.0,0.0,0.0,0.0,1.0,0.0,0.02857142857142857
word_graph,17985,GS-004,0.0,0.0,0.0,0.0,0.0,0.0,0.0
word_graph,18060,CT-108,0.0,0.0,0.0,0.0,1.0,0.0,0.022222222222222223
word_graph,18071,P-303,0.0,0.0,0.0,0.0,0.0,0.0,0.0
word_graph,18093,TK-059,0.0,0.0,0.0,0.0,0.0,0.0,0.0
word_graph,18101,BLR-143,0.0,0.0,0.0,0.0,0.0,0.0,0.0
word_graph,18176,DRY-112,0.0,0.0,0.0,0.0,0.0,0.0,0.0
word_graph,18184,FM-121,0.0,0.0,0.0,0.0,0.0,0.0,0.0
word_graph,18230,CF-111,0.0,0.0,0.0,0.0,0.0,0.0,0.0
word_graph,18250,SC-008,0.0,0.0,0.0,0.0,0.0,0.0,0.0
word_graph,18256,F-013,0.0,0.0,0.0,0.0,0.0,0.0,0.0
word_graph,18291,CF-140,0.0,0.0,0.0,0.0,0.0,0.0,0.0
word_graph,18354,GS-128,0.0,0.0,0.0,0.0,0.0,0.0,0.0
word_graph,18355,SC-101,0.0,0.0,0.0,0.0,0.0,0.0,0.0
word_graph,18369,P-356,0.0,0.0,0.0,0.0,0.0,0.0,0.0
word_graph,18394,DOS-067,0.0,0.0,0.0,0.0,0.0,0.0,0.0
word_graph,18437,CV-049,0.0,0.0,0.0,0.0,1.0,0.0,0.041666666666666664
word_graph,18441,M-120,0.0,0.0,0.0,0.0,0.0,0.0,0.0
word_graph,18451,AG-126,0.0,0.0,0.0,0.0,0.0,0.0,0.0
word_graph,18477,P-264,0.0,0.0,0.0,0.0,0.0,0.0,0.0
word_graph,18535,M-080,0.0,0.0,0.0,0.0,0.0,0.0,0.0
word_graph,18548,M-077,0.0,0.0,0.0,0.0,0.0,0.0,0.0
word_graph,18598,K-104,0.0,0.0,0.0,0.0,0.0,0.0,0.0
word_graph,18648,CR-143,0.0,0.0,0.0,0.0,0.0,0.0,0.0
word_graph,18671,UF-070,0.0,0.0,0.0,0.0,0.0,0.0,0.0
word_graph,18730,P-508,0.0,0.0,0.0,0.0,0.0,0.0,0.0
word_graph,18741,TRB-104,0.0,0.0,0.0,0.0,1.0,0.0,0.041666666666666664
word_graph,18751,GS-104,0.0,0.0,0.0,0.0,0.0,0.0,0.0
word_graph,18790,M-104,0.0,0.0,0.0,0.0,0.0,0.0,0.0
word_graph,18799,K-144,0.0,0.0,1.0,1.0,1.0,0.14285714285714285,0.14285714285714285
word_graph,18815,R-294,0.0,0.0,0.0,0.0,0.0,0.0,0.0
word_graph,18818,P-665,0.0,0.0,0.0,0.0,0.0,0.0,0.0
word_graph,18848,HX-075,0.0,0.0,0.0,0.0,0.0,0.0,0.0
word_graph,18890,P-459,0.0,0.0,0.0,0.0,0.0,0.0,0.0
word_graph,18951,F-212,0.0,0.0,0.0,0.0,0.0,0.0,0.0
word_graph,19249,RLP-069,0.0,0.0,0.0,0.0,1.0,0.0,0.02857142857142857
word_graph,19272,CV-305,0.0,0.0,0.0,0.0,0.0,0.0,0.0
word_graph,19351,HX-047,0.0,0.0,0.0,0.0,0.0,0.0,0.0
word_graph,19463,BM-080,0.0,1.0,1.0,1.0,1.0,0.2,0.2
word_graph,19467,K-039,0.0,0.0,0.0,0.0,0.0,0.0,0.0
word_graph,19469,HX-136,0.0,0.0,0.0,0.0,0.0,0.0,0.0
word_graph,19494,GB-125,0.0,0.0,0.0,0.0,0.0,0.0,0.0
word_graph,19546,BLR-079,0.0,0.0,0.0,0.0,0.0,0.0,0.0
word_graph,19676,P-667,0.0,0.0,0.0,0.0,0.0,0.0,0.0
word_graph,19693,F-133,0.0,0.0,0.0,0.0,1.0,0.0,0.02
word_graph,19704,HX-226,0.0,0.0,0.0,0.0,0.0,0.0,0.0
word_graph,19732,EX-057,0.0,0.0,0.0,0.0,0.0,0.0,0.0
word_graph,19754,P-692,0.0,0.0,0.0,0.0,0.0,0.0,0.0
word_graph,19881,TK-199,0.0,0.0,0.0,0.0,0.0,0.0,0.0
word_graph,19968,P-121,0.0,0.0,0.0,0.0,0.0,0.0,0.0
word_graph,20016,GB-029,0.0,0.0,0.0,0.0,0.0,0.0,0.0
word_graph,20085,P-125,0.0,0.0,0.0,0.0,0.0,0.0,0.0
word_graph,20097,P-222,0.0,0.0,0.0,0.0,0.0,0.0,0.0
word_graph,20102,P-134,0.0,0.0,0.0,0.0,0.0,0.0,0.0
word_graph,20114,P-429,0.0,0.0,0.0,0.0,0.0,0.0,0.0
word_graph,20158,HP-105,0.0,0.0,0.0,0.0,0.0,0.0,0.0
word_graph,20168,HX-032,0.0,0.0,0.0,0.0,0.0,0.0,0.0
word_graph,20316,DRY-01,0.0,0.0,0.0,0.0,0.0,0.0,0.0
word_graph,20360,TK-140,0.0,1.0,1.0,1.0,1.0,0.3333333333333333,0.3333333333333333
word_graph,20385,P-182,0.0,0.0,0.0,0.0,0.0,0.0,0.0
word_graph,20390,P-319,0.0,0.0,0.0,0.0,0.0,0.0,0.0
word_graph,20406,F-015,0.0,0.0,0.0,0.0,0.0,0.0,0.0
word_graph,20472,TK-254,0.0,0.0,0.0,0.0,0.0,0.0,0.0
word_graph,20473,BM-080,0.0,0.0,0.0,0.0,0.0,0.0,0.0
word_graph,20500,TRB-050,0.0,0.0,1.0,1.0,1.0,0.14285714285714285,0.14285714285714285
word_graph,20539,F-216,0.0,0.0,0.0,0.0,0.0,0.0,0.0
word_graph,20559,EV-076,0.0,0.0,0.0,0.0,0.0,0.0,0.0
word_graph,20563,GT-104,0.0,0.0,0.0,0.0,0.0,0.0,0.0
word_graph,20587,SD-062,0.0,0.0,0.0,0.0,1.0,0.0,0.04
word_graph,20614,F-010,0.0,0.0,0.0,0.0,0.0,0.0,0.0
word_graph,20622,M-133,0.0,0.0,0.0,0.0,0.0,0.0,0.0
word_graph,20717,P-354,0.0,0.0,0.0,0.0,0.0,0.0,0.0
word_graph,20723,HP-128,0.0,0.0,0.0,0.0,0.0,0.0,0.0
word_graph,20725,DOS-091,0.0,1.0,1.0,1.0,1.0,0.25,0.25
word_graph,20730,K-149,0.0,0.0,0.0,0.0,0.0,0.0,0.0
word_graph,20873,P-261,0.0,0.0,0.0,0.0,0.0,0.0,0.0
word_graph,20887,TK-004,0.0,0.0,0.0,0.0,0.0,0.0,0.0
word_graph,20920,EV-133,0.0,0.0,0.0,0.0,0.0,0.0,0.0
word_graph,20921,P-517,0.0,0.0,0.0,0.0,0.0,0.0,0.0
word_graph,20998,TK-103,0.0,0.0,0.0,0.0,1.0,0.0,0.02040816326530612
word_graph,21018,TK-118,0.0,0.0,0.0,0.0,0.0,0.0,0.0
word_graph,21042,FM-023,0.0,0.0,0.0,1.0,1.0,0.0,0.05263157894736842
word_graph,21045,HX-341,0.0,0.0,0.0,0.0,0.0,0.0,0.0
word_graph,21054,M-117,0.0,0.0,0.0,0.0,0.0,0.0,0.0
word_graph,21055,AG-031,0.0,0.0,0.0,0.0,0.0,0.0,0.0
word_graph,21148,R-126,0.0,0.0,0.0,0.0,0.0,0.0,0.0
word_graph,21159,P-339,0.0,0.0,0.0,0.0,0.0,0.0,0.0
word_graph,21194,K-102,0.0,0.0,0.0,0.0,0.0,0.0,0.0
word_graph,21259,HX-090,0.0,0.0,0.0,0.0,1.0,0.0,0.020833333333333332
word_graph,21271,SEP-111,0.0,0.0,0.0,0.0,0.0,0.0,0.0
word_graph,21306,P-262,0.0,0.0,0.0,0.0,0.0,0.0,0.0
word_graph,21364,P-196,0.0,0.0,0.0,0.0,0.0,0.0,0.0
word_graph,21389,P-114,0.0,0.0,0.0,0.0,0.0,0.0,0.0
word_graph,21505,M-066,0.0,0.0,0.0,0.0,0.0,0.0,0.0
word_graph,21519,CF-140,0.0,0.0,0.0,0.0,1.0,0.0,0.02702702702702703
word_graph,21532,TK-209,0.0,0.0,0.0,0.0,0.0,0.0,0.0
word_graph,21539,P-133,0.0,0.0,0.0,0.0,0.0,0.0,0.0
word_graph,21598,HV-061,0.0,0.0,0.0,0.0,0.0,0.0,0.0
word_graph,21605,BM-107,0.0,0.0,0.0,0.0,0.0,0.0,0.0
word_graph,21661,M-146,0.0,0.0,0.0,0.0,1.0,0.0,0.045454545454545456
word_graph,21662,FM-106,0.0,0.0,0.0,0.0,0.0,0.0,0.0
word_graph,21689,VP-122,0.0,0.0,0.0,0.0,0.0,0.0,0.0
word_graph,21698,M-081,0.0,0.0,0.0,0.0,0.0,0.0,0.0
word_graph,21815,TK-120,0.0,0.0,0.0,0.0,0.0,0.0,0.0
word_graph,21828,EX-132,0.0,0.0,0.0,0.0,0.0,0.0,0.0
word_graph,21914,P-439,0.0,0.0,0.0,0.0,0.0,0.0,0.0
word_graph,21945,P-472,0.0,0.0,0.0,0.0,0.0,0.0,0.0
word_graph,22050,R-104,0.0,0.0,0.0,0.0,0.0,0.0,0.0
word_graph,22106,K-236,0.0,0.0,0.0,0.0,0.0,0.0,0.0
word_graph,22113,F-048,0.0,0.0,0.0,0.0,0.0,0.0,0.0
word_graph,22164,DP-029,0.0,0.0,0.0,0.0,0.0,0.0,0.0
word_graph,22171,BLR-100,0.0,0.0,0.0,0.0,0.0,0.0,0.0
word_graph,22253,SEP-119,0.0,0.0,0.0,0.0,0.0,0.0,0.0
word_graph,22283,FM-049,0.0,0.0,0.0,0.0,0.0,0.0,0.0
word_graph,22289,M-114,0.0,0.0,0.0,0.0,0.0,0.0,0.0
word_graph,22294,RLP-075,0.0,0.0,0.0,0.0,0.0,0.0,0.0
word_graph,22331,SEP-101,0.0,0.0,0.0,0.0,0.0,0.0,0.0
word_graph,22360,GB-199,0.0,0.0,0.0,0.0,0.0,0.0,0.0
word_graph,22391,HX-433,0.0,0.0,0.0,0.0,0.0,0.0,0.0
word_graph,22407,BLR-007,0.0,0.0,0.0,0.0,0.0,0.0,0.0
word_graph,22433,CV-108,0.0,0.0,0.0,0.0,0.0,0.0,0.0
word_graph,22461,F-107,0.0,0.0,0.0,0.0,0.0,0.0,0.0
word_graph,22570,BLR-015,0.0,0.0,0.0,0.0,0.0,0.0,0.0
word_graph,22599,SEP-030,0.0,0.0,0.0,0.0,0.0,0.0,0.0
word_graph,22657,EV-101,0.0,0.0,0.0,0.0,0.0,0.0,0.0
word_graph,22658,P-137,0.0,0.0,0.0,0.0,0.0,0.0,0.0
word_graph,22714,DC-031,0.0,0.0,0.0,0.0,0.0,0.0,0.0
word_graph,22716,TK-109,0.0,0.0,0.0,0.0,0.0,0.0,0.0
word_graph,22844,CV-100,0.0,0.0,0.0,0.0,0.0,0.0,0.0
word_graph,22859,P-164,0.0,0.0,0.0,0.0,0.0,0.0,0.0
word_graph,22864,AG-125,0.0,0.0,0.0,0.0,0.0,0.0,0.0
word_graph,22875,K-229,0.0,0.0,0.0,0.0,0.0,0.0,0.0
word_graph,22900,SC-074,0.0,0.0,0.0,0.0,0.0,0.0,0.0
word_graph,22904,DRY-068,0.0,0.0,0.0,0.0,0.0,0.0,0.0
word_graph,22959,FM-009,0.0,0.0,0.0,0.0,0.0,0.0,0.0
word_graph,22984,P-156,0.0,0.0,0.0,0.0,0.0,0.0,0.0
word_graph,22992,P-528,0.0,0.0,0.0,0.0,0.0,0.0,0.0
word_graph,23008,K-064,0.0,0.0,0.0,0.0,0.0,0.0,0.0
word_graph,23048,GB-085,0.0,0.0,0.0,0.0,0.0,0.0,0.0
word_graph,23058,CV-007,0.0,0.0,0.0,0.0,0.0,0.0,0.0
word_graph,23074,EV-006,0.0,0.0,0.0,0.0,1.0,0.0,0.047619047619047616
word_graph,23105,P-166,0.0,0.0,0.0,0.0,0.0,0.0,0.0
word_graph,23173,EV-125,0.0,0.0,0.0,0.0,0.0,0.0,0.0
word_graph,23184,CV-057,0.0,0.0,0.0,0.0,0.0,0.0,0.0
word_graph,23309,HX-239,0.0,0.0,0.0,0.0,0.0,0.0,0.0
word_graph,23327,SC-141,0.0,0.0,0.0,0.0,0.0,0.0,0.0
word_graph,23370,P-228,0.0,1.0,1.0,1.0,1.0,0.3333333333333333,0.3333333333333333
word_graph,23377,VP-133,0.0,0.0,0.0,0.0,0.0,0.0,0.0
word_graph,23403,P-155,0.0,0.0,0.0,0.0,0.0,0.0,0.0
word_graph,23462,P-104,0.0,0.0,0.0,0.0,0.0,0.0,0.0
word_graph,23502,K-207,0.0,0.0,0.0,0.0,0.0,0.0,0.0
word_graph,23512,HX-017,0.0,0.0,0.0,0.0,0.0,0.0,0.0
word_graph,23519,M-041,0.0,0.0,0.0,0.0,1.0,0.0,0.022727272727272728
word_graph,23526,P-674,0.0,0.0,0.0,0.0,0.0,0.0,0.0
word_graph,23528,UF-126,0.0,0.0,0.0,0.0,0.0,0.0,0.0
word_graph,23535,UF-043,0.0,0.0,0.0,0.0,0.0,0.0,0.0
word_graph,23547,CF-120,0.0,0.0,0.0,0.0,0.0,0.0,0.0
word_graph,23554,CV-026,0.0,0.0,0.0,0.0,0.0,0.0,0.0
word_graph,23585,TK-060,0.0,0.0,0.0,0.0,0.0,0.0,0.0
word_graph,23605,P-153,0.0,0.0,0.0,0.0,0.0,0.0,0.0
word_graph,23688,HV-093,0.0,0.0,0.0,0.0,0.0,0.0,0.0
word_graph,23709,P-430,0.0,0.0,0.0,0.0,0.0,0.0,0.0
word_graph,23736,SD-144,0.0,0.0,0.0,0.0,0.0,0.0,0.0
word_graph,23785,P-362,0.0,0.0,0.0,0.0,0.0,0.0,0.0
word_graph,23800,EV-015,0.0,0.0,0.0,0.0,0.0,0.0,0.0
word_graph,23819,GB-116,0.0,0.0,0.0,0.0,0.0,0.0,0.0
word_graph,23839,R-094,0.0,0.0,0.0,0.0,0.0,0.0,0.0
word_graph,23847,M-053,0.0,0.0,0.0,0.0,0.0,0.0,0.0
word_graph,23849,GB-142,0.0,0.0,0.0,1.0,1.0,0.0,0.07142857142857142
word_graph,23858,P-236,0.0,0.0,0.0,0.0,0.0,0.0,0.0
word_graph,23862,DP-104,0.0,0.0,0.0,0.0,1.0,0.0,0.041666666666666664
word_graph,23863,BLR-125,0.0,0.0,0.0,0.0,0.0,0.0,0.0
word_graph,23869,SD-035,0.0,0.0,0.0,0.0,0.0,0.0,0.0
word_graph,23974,P-352,0.0,0.0,0.0,0.0,1.0,0.0,0.022727272727272728
word_graph,24037,M-062,0.0,0.0,0.0,0.0,0.0,0.0,0.0
word_graph,24091,P-442,0.0,0.0,0.0,0.0,0.0,0.0,0.0
word_graph,24095,K-093,0.0,0.0,0.0,0.0,0.0,0.0,0.0
word_graph,24165,TK-029,0.0,0.0,0.0,0.0,0.0,0.0,0.0
word_graph,24183,TK-222,0.0,0.0,0.0,0.0,0.0,0.0,0.0
word_graph,24203,TK-032,0.0,0.0,0.0,0.0,0.0,0.0,0.0
word_graph,24274,TK-118,0.0,0.0,0.0,0.0,0.0,0.0,0.0
word_graph,24288,AG-008,0.0,0.0,0.0,0.0,0.0,0.0,0.0
word_graph,24306,SC-119,0.0,0.0,0.0,0.0,0.0,0.0,0.0
word_graph,24308,VP-108,0.0,0.0,1.0,1.0,1.0,0.16666666666666666,0.16666666666666666
word_graph,24340,DRY-035,0.0,0.0,0.0,0.0,0.0,0.0,0.0
word_graph,24346,K-036,0.0,0.0,0.0,0.0,0.0,0.0,0.0
word_graph,24381,GB-018,0.0,0.0,0.0,0.0,0.0,0.0,0.0
word_graph,24396,R-007,0.0,0.0,0.0,0.0,0.0,0.0,0.0
word_graph,24461,CV-013,0.0,0.0,0.0,0.0,0.0,0.0,0.0
word_graph,24486,HX-050,0.0,0.0,0.0,0.0,0.0,0.0,0.0
word_graph,24542,BLR-110,0.0,0.0,0.0,1.0,1.0,0.0,0.06666666666666667
word_graph,24545,P-210,0.0,0.0,0.0,0.0,0.0,0.0,0.0
word_graph,24551,P-158,0.0,0.0,0.0,0.0,0.0,0.0,0.0
word_graph,24623,BM-118,0.0,0.0,0.0,0.0,0.0,0.0,0.0
word_graph,24649,TK-037,0.0,0.0,0.0,1.0,1.0,0.0,0.0625
word_graph,24715,P-674,0.0,0.0,0.0,0.0,0.0,0.0,0.0
word_graph,24743,AG-106,0.0,0.0,0.0,0.0,0.0,0.0,0.0
word_graph,24765,BLR-217,0.0,0.0,0.0,0.0,0.0,0.0,0.0
word_graph,24775,BLR-110,0.0,0.0,0.0,0.0,0.0,0.0,0.0
word_graph,24829,P-296,0.0,0.0,0.0,0.0,0.0,0.0,0.0
word_graph,24914,TK-242,0.0,0.0,0.0,0.0,0.0,0.0,0.0
word_graph,24916,DRY-009,0.0,0.0,0.0,0.0,0.0,0.0,0.0
word_graph,24919,DP-025,0.0,0.0,0.0,0.0,0.0,0.0,0.0
word_graph,24926,CR-031,0.0,0.0,0.0,0.0,0.0,0.0,0.0
word_graph,24934,K-052,0.0,0.0,0.0,0.0,0.0,0.0,0.0
word_graph,24994,GT-141,0.0,0.0,0.0,0.0,0.0,0.0,0.0
word_graph,25020,BLR-086,0.0,0.0,0.0,0.0,0.0,0.0,0.0
word_graph,25102,UF-092,0.0,0.0,0.0,0.0,0.0,0.0,0.0
word_graph,25114,P-387,0.0,0.0,0.0,0.0,0.0,0.0,0.0
word_graph,25136,P-521,0.0,0.0,0.0,0.0,0.0,0.0,0.0
word_graph,25211,P-315,0.0,0.0,0.0,0.0,0.0,0.0,0.0
word_graph,25253,HX-335,0.0,0.0,0.0,0.0,0.0,0.0,0.0
word_graph,25259,VP-059,0.0,0.0,0.0,0.0,0.0,0.0,0.0
word_graph,25282,GT-103,0.0,0.0,0.0,0.0,0.0,0.0,0.0
word_graph,25297,P-490,0.0,0.0,0.0,0.0,0.0,0.0,0.0
word_graph,25323,HX-230,0.0,0.0,0.0,0.0,0.0,0.0,0.0
word_graph,25361,TK-112,0.0,0.0,1.0,1.0,1.0,0.14285714285714285,0.14285714285714285
word_graph,25392,P-186,0.0,0.0,0.0,0.0,0.0,0.0,0.0
word_graph,25428,SD-102,0.0,0.0,0.0,0.0,0.0,0.0,0.0
word_graph,25452,EX-136,0.0,0.0,0.0,0.0,0.0,0.0,0.0
word_graph,25505,TK-243,0.0,0.0,0.0,0.0,0.0,0.0,0.0
word_graph,25524,M-119,0.0,0.0,0.0,0.0,1.0,0.0,0.034482758620689655
word_graph,25573,RLP-104,0.0,0.0,0.0,0.0,0.0,0.0,0.0
word_graph,25585,GB-066,0.0,0.0,0.0,0.0,0.0,0.0,0.0
word_graph,25596,HV-107,0.0,0.0,0.0,0.0,1.0,0.0,0.029411764705882353
word_graph,25607,M-045,0.0,0.0,0.0,0.0,0.0,0.0,0.0
word_graph,25614,HP-084,0.0,0.0,0.0,0.0,0.0,0.0,0.0
word_graph,25648,DRY-033,0.0,0.0,0.0,0.0,0.0,0.0,0.0
word_graph,25658,DOS-112,0.0,0.0,0.0,0.0,0.0,0.0,0.0
word_graph,25699,P-353,0.0,0.0,0.0,0.0,0.0,0.0,0.0
word_graph,25777,HV-228,0.0,0.0,0.0,0.0,0.0,0.0,0.0
word_graph,25806,CV-044,0.0,0.0,0.0,0.0,0.0,0.0,0.0
word_graph,25813,CR-083,0.0,0.0,0.0,0.0,0.0,0.0,0.0
word_graph,25885,AG-062,0.0,0.0,0.0,0.0,0.0,0.0,0.0
word_graph,25934,P-610,0.0,0.0,0.0,0.0,0.0,0.0,0.0
word_graph,25936,P-642,0.0,0.0,0.0,0.0,0.0,0.0,0.0
word_graph,25950,EV-043,0.0,0.0,0.0,0.0,0.0,0.0,0.0
word_graph,26084,TK-086,0.0,0.0,0.0,0.0,0.0,0.0,0.0
word_graph,26125,P-169,0.0,0.0,0.0,0.0,0.0,0.0,0.0
word_graph,26127,SD-016,0.0,0.0,0.0,0.0,0.0,0.0,0.0
word_graph,26193,GS-015,0.0,0.0,0.0,0.0,0.0,0.0,0.0
word_graph,26271,P-327,0.0,0.0,0.0,0.0,0.0,0.0,0.0
word_graph,26302,TK-106,0.0,0.0,0.0,0.0,0.0,0.0,0.0
word_graph,26303,SC-080,0.0,0.0,0.0,0.0,0.0,0.0,0.0
word_graph,26384,UF-037,0.0,0.0,0.0,0.0,0.0,0.0,0.0
word_graph,26404,EV-079,0.0,0.0,0.0,0.0,0.0,0.0,0.0
word_graph,26467,DC-126,0.0,0.0,0.0,0.0,0.0,0.0,0.0
word_graph,26568,K-081,0.0,0.0,0.0,0.0,0.0,0.0,0.0
word_graph,26594,HP-118,0.0,0.0,0.0,0.0,0.0,0.0,0.0
word_graph,26640,TK-134,0.0,0.0,0.0,0.0,0.0,0.0,0.0
word_graph,26667,M-104,0.0,0.0,0.0,0.0,0.0,0.0,0.0
word_graph,26680,K-202,0.0,0.0,0.0,0.0,0.0,0.0,0.0
word_graph,26725,P-389,0.0,0.0,0.0,0.0,0.0,0.0,0.0
word_graph,26727,TRB-119,0.0,0.0,0.0,0.0,0.0,0.0,0.0
word_graph,26735,P-283,0.0,0.0,0.0,0.0,0.0,0.0,0.0
word_graph,26791,CR-091,0.0,0.0,0.0,0.0,0.0,0.0,0.0
word_graph,26839,CV-118,0.0,0.0,0.0,0.0,0.0,0.0,0.0
word_graph,26888,P-213,0.0,0.0,0.0,0.0,0.0,0.0,0.0
word_graph,26907,TK-140,0.0,0.0,0.0,0.0,0.0,0.0,0.0
word_graph,26990,RLP-101,0.0,0.0,0.0,0.0,0.0,0.0,0.0
word_graph,27027,P-238,0.0,0.0,0.0,0.0,0.0,0.0,0.0
word_graph,27105,P-424,0.0,0.0,0.0,0.0,0.0,0.0,0.0
word_graph,27108,M-136,0.0,0.0,0.0,0.0,0.0,0.0,0.0
word_graph,27151,HX-108,0.0,0.0,0.0,0.0,0.0,0.0,0.0
word_graph,27188,TK-077,0.0,1.0,1.0,1.0,1.0,0.25,0.25
word_graph,27258,M-046,0.0,0.0,0.0,0.0,0.0,0.0,0.0
word_graph,27265,P-313,0.0,0.0,0.0,0.0,0.0,0.0,0.0
word_graph,27273,P-689,0.0,0.0,0.0,0.0,0.0,0.0,0.0
word_graph,27328,GT-098,0.0,0.0,0.0,0.0,0.0,0.0,0.0
word_graph,27391,K-153,0.0,0.0,0.0,0.0,0.0,0.0,0.0
word_graph,27399,P-116,0.0,0.0,0.0,0.0,0.0,0.0,0.0
word_graph,27431,DP-122,0.0,0.0,0.0,0.0,0.0,0.0,0.0
word_graph,27447,M-028,0.0,0.0,0.0,0.0,0.0,0.0,0.0
word_graph,27463,BM-046,0.0,0.0,0.0,0.0,0.0,0.0,0.0
word_graph,27500,EX-036,0.0,0.0,0.0,0.0,0.0,0.0,0.0
word_graph,27565,HP-042,0.0,0.0,0.0,0.0,0.0,0.0,0.0
word_graph,27568,BLR-101,0.0,0.0,0.0,0.0,0.0,0.0,0.0
word_graph,27618,DC-024,0.0,0.0,0.0,0.0,0.0,0.0,0.0
word_graph,27639,SC-073,0.0,0.0,0.0,0.0,0.0,0.0,0.0
word_graph,27644,GB-025,0.0,0.0,0.0,0.0,0.0,0.0,0.0
word_graph,27650,BM-108,0.0,0.0,0.0,0.0,0.0,0.0,0.0
word_graph,27669,TK-022,0.0,0.0,0.0,0.0,0.0,0.0,0.0
word_graph,27677,M-105,0.0,0.0,0.0,1.0,1.0,0.0,0.058823529411764705
word_graph,27678,BLR-127,0.0,0.0,0.0,0.0,0.0,0.0,0.0
word_graph,27682,F-225,0.0,0.0,0.0,0.0,0.0,0.0,0.0
word_graph,27714,DOS-128,0.0,0.0,0.0,0.0,1.0,0.0,0.03571428571428571
word_graph,27805,P-144,0.0,0.0,0.0,0.0,0.0,0.0,0.0
word_graph,27837,F-146,0.0,0.0,0.0,0.0,0.0,0.0,0.0
word_graph,27885,DC-008,0.0,0.0,0.0,0.0,0.0,0.0,0.0
word_graph,27909,HX-018,0.0,0.0,0.0,0.0,1.0,0.0,0.02631578947368421
word_graph,27958,SEP-062,0.0,0.0,0.0,0.0,0.0,0.0,0.0
word_graph,27981,DOS-137,0.0,0.0,0.0,1.0,1.0,0.0,0.06666666666666667
word_graph,28083,P-154,0.0,0.0,0.0,0.0,0.0,0.0,0.0
word_graph,28131,M-093,0.0,0.0,0.0,0.0,0.0,0.0,0.0
word_graph,28279,P-218,0.0,0.0,0.0,0.0,0.0,0.0,0.0
word_graph,28423,TK-096,0.0,0.0,0.0,0.0,0.0,0.0,0.0
word_graph,28479,BLR-033,0.0,1.0,1.0,1.0,1.0,0.5,0.5
word_graph,28481,P-227,0.0,0.0,0.0,0.0,0.0,0.0,0.0
word_graph,28531,GB-040,0.0,0.0,0.0,0.0,0.0,0.0,0.0
word_graph,28617,HP-113,0.0,0.0,0.0,0.0,0.0,0.0,0.0
word_graph,28628,M-020,0.0,0.0,0.0,0.0,0.0,0.0,0.0
word_graph,28653,HX-007,0.0,0.0,0.0,0.0,0.0,0.0,0.0
word_graph,28655,HV-117,0.0,0.0,0.0,0.0,0.0,0.0,0.0
word_graph,28679,M-041,0.0,0.0,0.0,0.0,0.0,0.0,0.0
word_graph,28709,K-078,0.0,0.0,0.0,0.0,0.0,0.0,0.0
word_graph,28726,TK-119,0.0,0.0,0.0,1.0,1.0,0.0,0.08333333333333333
word_graph,28754,P-657,0.0,0.0,0.0,0.0,0.0,0.0,0.0
word_graph,28805,M-113,0.0,0.0,0.0,0.0,0.0,0.0,0.0
word_graph,28837,CF-126,0.0,0.0,0.0,0.0,0.0,0.0,0.0
word_graph,28839,TK-142,0.0,0.0,0.0,0.0,0.0,0.0,0.0
word_graph,28848,M-056,0.0,0.0,0.0,0.0,0.0,0.0,0.0
word_graph,28852,BM-066,0.0,0.0,0.0,0.0,0.0,0.0,0.0
word_graph,28911,DC-081,0.0,0.0,0.0,0.0,0.0,0.0,0.0
word_graph,28919,HV-226,0.0,0.0,0.0,0.0,0.0,0.0,0.0
word_graph,28929,P-323,0.0,0.0,0.0,0.0,0.0,0.0,0.0
word_graph,29081,F-065,0.0,0.0,0.0,0.0,0.0,0.0,0.0
word_graph,29136,TK-343,0.0,0.0,0.0,0.0,0.0,0.0,0.0
word_graph,29157,K-012,0.0,0.0,0.0,0.0,0.0,0.0,0.0
word_graph,29179,TRB-097,0.0,1.0,1.0,1.0,1.0,0.2,0.2
word_graph,29237,P-139,0.0,0.0,0.0,0.0,0.0,0.0,0.0
word_graph,29318,M-050,0.0,0.0,0.0,0.0,0.0,0.0,0.0
word_graph,29369,HX-139,0.0,0.0,0.0,0.0,1.0,0.0,0.047619047619047616
word_graph,29407,P-245,0.0,0.0,0.0,0.0,1.0,0.0,0.023255813953488372
word_graph,29445,M-062,0.0,0.0,0.0,0.0,1.0,0.0,0.022727272727272728
word_graph,29465,HP-128,0.0,0.0,0.0,0.0,0.0,0.0,0.0
word_graph,29489,P-255,0.0,0.0,0.0,0.0,0.0,0.0,0.0
word_graph,29497,FM-117,0.0,0.0,0.0,1.0,1.0,0.0,0.06666666666666667
word_graph,29508,K-103,0.0,0.0,0.0,0.0,0.0,0.0,0.0
word_graph,29543,K-081,0.0,0.0,0.0,0.0,0.0,0.0,0.0
word_graph,29572,CV-145,0.0,0.0,0.0,0.0,0.0,0.0,0.0
word_graph,29585,M-058,0.0,0.0,0.0,0.0,0.0,0.0,0.0
word_graph,29602,HX-007,0.0,0.0,0.0,0.0,0.0,0.0,0.0
word_graph,29636,TRB-131,0.0,0.0,0.0,0.0,1.0,0.0,0.022222222222222223
word_graph,29666,P-201,0.0,0.0,0.0,0.0,0.0,0.0,0.0
word_graph,29674,TK-239,0.0,0.0,0.0,0.0,0.0,0.0,0.0
word_graph,29683,AG-040,0.0,0.0,0.0,0.0,0.0,0.0,0.0
word_graph,29702,TRB-131,0.0,0.0,0.0,0.0,0.0,0.0,0.0
word_graph,29727,TK-403,0.0,0.0,0.0,0.0,0.0,0.0,0.0
word_graph,29799,SD-038,0.0,0.0,0.0,0.0,0.0,0.0,0.0
word_graph,29813,R-108,0.0,0.0,0.0,0.0,0.0,0.0,0.0
word_graph,29821,BLR-126,0.0,0.0,0.0,0.0,0.0,0.0,0.0
word_graph,29840,M-059,0.0,0.0,0.0,0.0,0.0,0.0,0.0
word_graph,29896,CV-032,0.0,0.0,0.0,1.0,1.0,0.0,0.05
word_graph,29898,K-300,0.0,0.0,0.0,0.0,0.0,0.0,0.0
word_graph,29975,F-055,0.0,0.0,0.0,0.0,0.0,0.0,0.0
word_graph,30062,P-158,0.0,0.0,0.0,0.0,0.0,0.0,0.0
word_graph,30083,P-132,0.0,0.0,0.0,0.0,0.0,0.0,0.0
word_graph,30117,CV-135,0.0,0.0,0.0,0.0,0.0,0.0,0.0
word_graph,30154,TK-037,0.0,0.0,0.0,0.0,0.0,0.0,0.0
word_graph,30174,M-080,0.0,0.0,0.0,0.0,0.0,0.0,0.0
word_graph,30227,P-352,0.0,0.0,0.0,0.0,0.0,0.0,0.0
word_graph,30258,K-099,0.0,0.0,0.0,0.0,0.0,0.0,0.0
word_graph,30279,AG-049,0.0,0.0,0.0,0.0,0.0,0.0,0.0
word_graph,30366,HV-051,0.0,0.0,0.0,0.0,0.0,0.0,0.0
word_graph,30374,M-100,0.0,0.0,0.0,0.0,0.0,0.0,0.0
word_graph,30390,R-117,0.0,0.0,0.0,0.0,0.0,0.0,0.0
word_graph,30399,F-094,0.0,0.0,0.0,0.0,0.0,0.0,0.0
word_graph,30404,EV-033,0.0,0.0,0.0,0.0,0.0,0.0,0.0
word_graph,30407,P-680,0.0,0.0,0.0,0.0,0.0,0.0,0.0
word_graph,30428,BLR-117,0.0,0.0,0.0,1.0,1.0,0.0,0.05555555555555555
word_graph,30467,FM-139,0.0,0.0,0.0,0.0,0.0,0.0,0.0
word_graph,30480,P-321,0.0,0.0,0.0,0.0,0.0,0.0,0.0
word_graph,30482,GS-111,0.0,1.0,1.0,1.0,1.0,0.3333333333333333,0.3333333333333333
word_graph,30645,SEP-120,0.0,0.0,0.0,0.0,0.0,0.0,0.0
word_graph,30654,SEP-117,0.0,0.0,0.0,0.0,0.0,0.0,0.0
word_graph,30679,TK-068,0.0,0.0,0.0,0.0,0.0,0.0,0.0
word_graph,30708,P-210,0.0,0.0,0.0,0.0,0.0,0.0,0.0
word_graph,30757,HV-129,0.0,0.0,0.0,0.0,0.0,0.0,0.0
word_graph,30792,CR-142,0.0,0.0,0.0,0.0,0.0,0.0,0.0
word_graph,30862,HV-014,0.0,0.0,0.0,0.0,0.0,0.0,0.0
word_graph,30864,GT-056,0.0,0.0,0.0,0.0,0.0,0.0,0.0
word_graph,30872,M-083,0.0,0.0,0.0,0.0,0.0,0.0,0.0
word_graph,30892,GT-005,0.0,0.0,0.0,0.0,0.0,0.0,0.0
word_graph,30925,P-430,0.0,0.0,0.0,0.0,0.0,0.0,0.0
word_graph,30931,K-212,0.0,0.0,0.0,0.0,0.0,0.0,0.0
word_graph,30967,P-439,0.0,0.0,0.0,0.0,0.0,0.0,0.0
word_graph,30992,TK-039,0.0,0.0,0.0,0.0,0.0,0.0,0.0
word_graph,30999,DP-069,0.0,0.0,0.0,0.0,0.0,0.0,0.0
word_graph,31040,HV-017,0.0,0.0,0.0,0.0,0.0,0.0,0.0
word_graph,31058,HX-120,0.0,0.0,0.0,1.0,1.0,0.0,0.05263157894736842
word_graph,31087,P-438,0.0,0.0,0.0,0.0,0.0,0.0,0.0
word_graph,31088,M-083,0.0,0.0,0.0,0.0,0.0,0.0,0.0
word_graph,31124,P-483,0.0,0.0,0.0,0.0,0.0,0.0,0.0
word_graph,31177,P-503,0.0,0.0,0.0,0.0,0.0,0.0,0.0
word_graph,31180,M-010,0.0,0.0,0.0,0.0,0.0,0.0,0.0
word_graph,31258,EX-136,0.0,0.0,0.0,0.0,0.0,0.0,0.0
word_graph,31301,DC-106,0.0,0.0,0.0,0.0,0.0,0.0,0.0
word_graph,31313,CV-124,0.0,0.0,0.0,0.0,0.0,0.0,0.0
word_graph,31389,P-242,0.0,0.0,0.0,0.0,0.0,0.0,0.0
word_graph,31414,P-426,0.0,0.0,0.0,0.0,0.0,0.0,0.0
word_graph,31543,P-388,0.0,0.0,0.0,0.0,0.0,0.0,0.0
word_graph,31547,TK-173,0.0,0.0,0.0,0.0,0.0,0.0,0.0
word_graph,31549,R-201,0.0,0.0,0.0,0.0,0.0,0.0,0.0
word_graph,31568,DRY-013,0.0,0.0,0.0,0.0,0.0,0.0,0.0
word_graph,31579,P-517,0.0,0.0,0.0,0.0,0.0,0.0,0.0
word_graph,31590,AG-128,0.0,0.0,0.0,0.0,0.0,0.0,0.0
word_graph,31611,TK-151,0.0,0.0,0.0,0.0,0.0,0.0,0.0
word_graph,31632,F-013,0.0,0.0,1.0,1.0,1.0,0.14285714285714285,0.14285714285714285
word_graph,31720,HV-221,0.0,0.0,0.0,0.0,0.0,0.0,0.0
word_graph,31739,SD-060,0.0,0.0,0.0,0.0,0.0,0.0,0.0
word_graph,31764,P-528,0.0,0.0,0.0,0.0,0.0,0.0,0.0
word_graph,31772,BLR-101,0.0,0.0,0.0,0.0,0.0,0.0,0.0
word_graph,31785,DRY-089,0.0,0.0,0.0,0.0,0.0,0.0,0.0
word_graph,31795,F-125,0.0,0.0,0.0,0.0,1.0,0.0,0.02127659574468085
word_graph,31808,FCC-052,0.0,0.0,0.0,0.0,1.0,0.0,0.023809523809523808
word_graph,31858,HX-209,0.0,0.0,0.0,0.0,0.0,0.0,0.0
word_graph,31861,F-244,0.0,0.0,0.0,0.0,0.0,0.0,0.0
word_graph,31865,SC-111,0.0,0.0,0.0,0.0,1.0,0.0,0.02857142857142857
word_graph,31893,M-070,0.0,0.0,0.0,0.0,0.0,0.0,0.0
word_graph,31949,FCC-126,0.0,0.0,1.0,1.0,1.0,0.16666666666666666,0.16666666666666666
word_graph,32042,HX-118,0.0,0.0,0.0,0.0,1.0,0.0,0.03225806451612903
word_graph,32058,P-203,0.0,0.0,0.0,0.0,0.0,0.0,0.0
word_graph,32081,FM-130,0.0,1.0,1.0,1.0,1.0,0.3333333333333333,0.3333333333333333
word_graph,32210,TK-167,0.0,0.0,0.0,0.0,0.0,0.0,0.0
word_graph,32278,FM-132,0.0,0.0,0.0,0.0,0.0,0.0,0.0
word_graph,32391,K-071,0.0,0.0,0.0,0.0,0.0,0.0,0.0
word_graph,32446,K-261,0.0,0.0,0.0,0.0,0.0,0.0,0.0
word_graph,32451,TK-047,0.0,0.0,0.0,0.0,0.0,0.0,0.0
word_graph,32454,P-151,0.0,0.0,0.0,0.0,0.0,0.0,0.0
word_graph,32528,P-316,0.0,0.0,0.0,0.0,0.0,0.0,0.0
word_graph,32543,R-119,0.0,0.0,0.0,0.0,0.0,0.0,0.0
word_graph,32591,CF-050,0.0,0.0,0.0,0.0,0.0,0.0,0.0
word_graph,32620,R-047,0.0,0.0,1.0,1.0,1.0,0.14285714285714285,0.14285714285714285
word_graph,32623,EV-057,0.0,0.0,0.0,0.0,0.0,0.0,0.0
word_graph,32682,M-042,0.0,0.0,0.0,0.0,0.0,0.0,0.0
word_graph,32764,CT-126,0.0,0.0,0.0,1.0,1.0,0.0,0.05555555555555555
word_graph,32790,P-441,0.0,0.0,0.0,0.0,0.0,0.0,0.0
word_graph,32801,DP-109,0.0,0.0,0.0,0.0,0.0,0.0,0.0
word_graph,32829,P-509,0.0,0.0,0.0,0.0,0.0,0.0,0.0
word_graph,32877,CV-145,0.0,0.0,0.0,0.0,0.0,0.0,0.0
word_graph,32892,P-409,0.0,0.0,0.0,0.0,0.0,0.0,0.0
word_graph,32898,BLR-125,0.0,0.0,0.0,0.0,0.0,0.0,0.0
word_graph,32907,HX-132,0.0,0.0,0.0,0.0,0.0,0.0,0.0
word_graph,32910,DP-110,0.0,0.0,1.0,1.0,1.0,0.16666666666666666,0.16666666666666666
word_graph,32936,AG-071,0.0,0.0,0.0,0.0,0.0,0.0,0.0
word_graph,32986,DC-133,0.0,0.0,0.0,0.0,0.0,0.0,0.0
word_graph,33017,R-026,0.0,0.0,0.0,0.0,0.0,0.0,0.0
word_graph,33021,SEP-136,0.0,0.0,0.0,0.0,0.0,0.0,0.0
word_graph,33098,P-502,0.0,0.0,0.0,0.0,0.0,0.0,0.0
word_graph,33108,RLP-109,0.0,0.0,0.0,0.0,0.0,0.0,0.0
word_graph,33133,P-111,0.0,0.0,0.0,0.0,0.0,0.0,0.0
word_graph,33150,FM-099,0.0,0.0,0.0,0.0,0.0,0.0,0.0
word_graph,33216,DOS-140,0.0,0.0,0.0,0.0,0.0,0.0,0.0
word_graph,33268,P-205,0.0,0.0,0.0,0.0,0.0,0.0,0.0
word_graph,33312,P-271,0.0,0.0,0.0,0.0,0.0,0.0,0.0
word_graph,33331,CF-083,0.0,0.0,0.0,0.0,1.0,0.0,0.023809523809523808
word_graph,33375,K-143,0.0,0.0,0.0,0.0,0.0,0.0,0.0
word_graph,33414,P-121,0.0,0.0,0.0,0.0,0.0,0.0,0.0
word_graph,33456,R-033,0.0,0.0,0.0,0.0,0.0,0.0,0.0
word_graph,33520,P-271,0.0,0.0,0.0,0.0,0.0,0.0,0.0
word_graph,33556,UF-074,0.0,0.0,0.0,0.0,0.0,0.0,0.0
word_graph,33587,SD-139,0.0,0.0,0.0,0.0,0.0,0.0,0.0
word_graph,33595,M-015,0.0,0.0,0.0,0.0,0.0,0.0,0.0
word_graph,33661,P-660,0.0,0.0,0.0,0.0,0.0,0.0,0.0
word_graph,33666,DP-132,0.0,0.0,0.0,0.0,0.0,0.0,0.0
word_graph,33674,DOS-040,0.0,1.0,1.0,1.0,1.0,0.2,0.2
word_graph,33679,K-112,0.0,0.0,0.0,0.0,0.0,0.0,0.0
word_graph,33707,K-120,0.0,0.0,1.0,1.0,1.0,0.16666666666666666,0.16666666666666666
word_graph,33769,M-081,0.0,0.0,1.0,1.0,1.0,0.16666666666666666,0.16666666666666666
word_graph,33786,P-246,0.0,0.0,0.0,0.0,0.0,0.0,0.0
word_graph,33797,AG-129,0.0,0.0,0.0,0.0,0.0,0.0,0.0
word_graph,33903,K-143,0.0,0.0,0.0,0.0,0.0,0.0,0.0
word_graph,33949,TRB-046,0.0,0.0,0.0,0.0,0.0,0.0,0.0
word_graph,33950,P-328,0.0,0.0,0.0,0.0,0.0,0.0,0.0
word_graph,34003,SC-114,0.0,0.0,0.0,0.0,0.0,0.0,0.0
word_graph,34004,HX-029,0.0,0.0,0.0,0.0,0.0,0.0,0.0
word_graph,34087,P-240,0.0,0.0,0.0,0.0,0.0,0.0,0.0
word_graph,34088,K-017,0.0,0.0,0.0,0.0,0.0,0.0,0.0
word_graph,34122,DOS-138,0.0,0.0,0.0,0.0,1.0,0.0,0.03333333333333333
word_graph,34128,DRY-119,0.0,0.0,0.0,0.0,0.0,0.0,0.0
word_graph,34262,P-346,0.0,0.0,0.0,0.0,0.0,0.0,0.0
word_graph,34275,R-090,0.0,0.0,0.0,0.0,0.0,0.0,0.0
word_graph,34290,TK-011,0.0,0.0,0.0,0.0,0.0,0.0,0.0
word_graph,34369,P-441,0.0,0.0,0.0,0.0,0.0,0.0,0.0
word_graph,34380,HX-133,0.0,0.0,0.0,0.0,0.0,0.0,0.0
word_graph,34408,DC-041,0.0,0.0,0.0,0.0,0.0,0.0,0.0
word_graph,34458,P-604,0.0,0.0,0.0,0.0,0.0,0.0,0.0
word_graph,34466,K-105,0.0,0.0,0.0,0.0,1.0,0.0,0.022222222222222223
word_graph,34488,TRB-039,0.0,0.0,0.0,0.0,0.0,0.0,0.0
word_graph,34505,M-013,0.0,0.0,0.0,0.0,0.0,0.0,0.0
word_graph,34540,M-036,0.0,0.0,0.0,0.0,0.0,0.0,0.0
word_graph,34542,GS-061,0.0,0.0,0.0,0.0,0.0,0.0,0.0
word_graph,34613,DC-043,0.0,0.0,0.0,0.0,0.0,0.0,0.0
word_graph,34636,RLP-075,0.0,0.0,0.0,0.0,0.0,0.0,0.0
word_graph,34670,DRY-110,0.0,0.0,0.0,0.0,0.0,0.0,0.0
word_graph,34683,HX-147,0.0,0.0,0.0,0.0,0.0,0.0,0.0
word_graph,34708,HV-102,0.0,0.0,0.0,1.0,1.0,0.0,0.07692307692307693
word_graph,34756,AG-027,0.0,0.0,0.0,0.0,0.0,0.0,0.0
word_graph,34808,CT-055,0.0,0.0,0.0,0.0,0.0,0.0,0.0
word_graph,34853,CV-008,0.0,0.0,0.0,0.0,0.0,0.0,0.0
word_graph,34880,DRY-029,0.0,0.0,0.0,0.0,0.0,0.0,0.0
word_graph,34900,CV-127,0.0,0.0,0.0,0.0,0.0,0.0,0.0
word_graph,34914,HX-052,0.0,0.0,0.0,0.0,0.0,0.0,0.0
word_graph,34934,HP-014,0.0,0.0,0.0,0.0,0.0,0.0,0.0
word_graph,34967,M-007,0.0,0.0,0.0,0.0,0.0,0.0,0.0
word_graph,35025,TK-230,0.0,0.0,0.0,1.0,1.0,0.0,0.07692307692307693
word_graph,35030,K-127,0.0,0.0,0.0,0.0,0.0,0.0,0.0
word_graph,35054,P-176,0.0,0.0,0.0,0.0,0.0,0.0,0.0
word_graph,35078,M-048,0.0,0.0,0.0,0.0,0.0,0.0,0.0
word_graph,35098,CV-115,0.0,0.0,0.0,0.0,1.0,0.0,0.022222222222222223
word_graph,35162,TK-133,0.0,0.0,0.0,0.0,1.0,0.0,0.02127659574468085
word_graph,35201,P-192,0.0,0.0,0.0,0.0,0.0,0.0,0.0
word_graph,35231,HX-125,0.0,0.0,0.0,0.0,0.0,0.0,0.0
word_graph,35240,TK-223,0.0,0.0,0.0,0.0,0.0,0.0,0.0
word_graph,35243,TK-207,0.0,0.0,0.0,0.0,0.0,0.0,0.0
word_graph,35314,CR-030,0.0,0.0,0.0,0.0,0.0,0.0,0.0
word_graph,35347,K-216,0.0,0.0,0.0,0.0,0.0,0.0,0.0
word_graph,35353,M-021,0.0,0.0,0.0,0.0,0.0,0.0,0.0
word_graph,35401,DOS-109,0.0,0.0,0.0,0.0,0.0,0.0,0.0
word_graph,35475,F-098,0.0,0.0,0.0,0.0,0.0,0.0,0.0
word_graph,35530,TK-318,0.0,0.0,0.0,0.0,0.0,0.0,0.0
word_graph,35550,CV-120,0.0,0.0,0.0,0.0,0.0,0.0,0.0
word_graph,35566,P-145,0.0,0.0,0.0,0.0,0.0,0.0,0.0
word_graph,35591,RLP-134,0.0,0.0,0.0,0.0,0.0,0.0,0.0
word_graph,35605,DC-145,0.0,0.0,0.0,0.0,0.0,0.0,0.0
word_graph,35628,BM-112,0.0,0.0,0.0,0.0,0.0,0.0,0.0
word_graph,35682,TK-109,0.0,0.0,0.0,0.0,0.0,0.0,0.0
word_graph,35690,P-482,0.0,0.0,0.0,0.0,0.0,0.0,0.0
word_graph,35708,TRB-075,0.0,0.0,0.0,0.0,0.0,0.0,0.0
word_graph,35729,VP-106,0.0,0.0,0.0,0.0,0.0,0.0,0.0
word_graph,35747,GS-110,0.0,0.0,0.0,0.0,0.0,0.0,0.0
word_graph,35751,CV-082,0.0,0.0,0.0,1.0,1.0,0.0,0.07142857142857142
word_graph,35763,HV-106,0.0,0.0,0.0,0.0,0.0,0.0,0.0
word_graph,35773,K-118,0.0,0.0,0.0,0.0,0.0,0.0,0.0
word_graph,35866,P-335,0.0,0.0,0.0,0.0,0.0,0.0,0.0
word_graph,35918,P-154,0.0,0.0,0.0,0.0,0.0,0.0,0.0
word_graph,35958,CT-109,0.0,0.0,0.0,0.0,0.0,0.0,0.0
word_graph,35975,CF-062,0.0,0.0,0.0,0.0,0.0,0.0,0.0
word_graph,36016,TRB-042,0.0,0.0,0.0,0.0,0.0,0.0,0.0
word_graph,36093,AG-041,0.0,0.0,0.0,0.0,0.0,0.0,0.0
word_graph,36106,P-535,0.0,0.0,0.0,0.0,0.0,0.0,0.0
word_graph,36125,K-336,0.0,0.0,0.0,0.0,0.0,0.0,0.0
word_graph,36138,EX-011,0.0,1.0,1.0,1.0,1.0,0.25,0.25
word_graph,36166,K-147,0.0,0.0,0.0,1.0,1.0,0.0,0.0625
word_graph,36189,K-061,0.0,0.0,0.0,0.0,0.0,0.0,0.0
word_graph,36201,HX-062,0.0,0.0,0.0,0.0,0.0,0.0,0.0
word_graph,36259,M-076,0.0,0.0,0.0,0.0,0.0,0.0,0.0
word_graph,36318,BLR-019,0.0,0.0,0.0,0.0,0.0,0.0,0.0
word_graph,36363,DC-090,0.0,0.0,0.0,0.0,0.0,0.0,0.0
word_graph,36370,EX-060,0.0,0.0,0.0,0.0,0.0,0.0,0.0
word_graph,36389,CV-011,0.0,0.0,0.0,1.0,1.0,0.0,0.08333333333333333
word_graph,36394,F-129,0.0,0.0,0.0,0.0,0.0,0.0,0.0
word_graph,36731,BM-127,0.0,0.0,0.0,0.0,0.0,0.0,0.0
word_graph,36828,M-069,0.0,0.0,0.0,0.0,0.0,0.0,0.0
word_graph,36832,DOS-129,0.0,1.0,1.0,1.0,1.0,0.25,0.25
word_graph,36838,CV-032,0.0,0.0,0.0,0.0,0.0,0.0,0.0
word_graph,36859,M-147,0.0,0.0,0.0,0.0,0.0,0.0,0.0
word_graph,36884,BM-108,0.0,0.0,0.0,0.0,0.0,0.0,0.0
word_graph,36977,SEP-109,0.0,0.0,0.0,1.0,1.0,0.0,0.07142857142857142
word_graph,37030,CF-045,0.0,0.0,0.0,0.0,0.0,0.0,0.0
word_graph,37076,M-054,0.0,0.0,0.0,0.0,0.0,0.0,0.0
word_graph,37080,TK-089,0.0,0.0,0.0,0.0,0.0,0.0,0.0
word_graph,37102,M-142,0.0,0.0,0.0,0.0,1.0,0.0,0.034482758620689655
word_graph,37149,DOS-011,0.0,0.0,0.0,0.0,0.0,0.0,0.0
word_graph,37204,HX-095,0.0,0.0,0.0,0.0,0.0,0.0,0.0
word_graph,37242,AG-106,0.0,0.0,0.0,0.0,0.0,0.0,0.0
word_graph,37319,P-543,0.0,0.0,0.0,0.0,0.0,0.0,0.0
word_graph,37339,K-142,0.0,0.0,0.0,0.0,0.0,0.0,0.0
word_graph,37370,EV-010,0.0,1.0,1.0,1.0,1.0,0.25,0.25
word_graph,37393,P-335,0.0,0.0,0.0,0.0,1.0,0.0,0.020833333333333332
word_graph,37440,BLR-112,0.0,0.0,0.0,0.0,0.0,0.0,0.0
word_graph,37476,P-742,0.0,0.0,0.0,0.0,0.0,0.0,0.0
word_graph,37483,HX-027,0.0,0.0,0.0,0.0,0.0,0.0,0.0
word_graph,37568,UF-098,0.0,0.0,0.0,0.0,0.0,0.0,0.0
word_graph,37574,R-074,0.0,0.0,0.0,0.0,0.0,0.0,0.0
word_graph,37577,P-335,0.0,0.0,0.0,0.0,0.0,0.0,0.0
word_graph,37578,AG-136,0.0,0.0,0.0,0.0,0.0,0.0,0.0
word_graph,37582,M-101,0.0,0.0,1.0,1.0,1.0,0.14285714285714285,0.14285714285714285
word_graph,37592,DC-175,0.0,0.0,0.0,0.0,0.0,0.0,0.0
word_graph,37627,P-246,0.0,0.0,0.0,0.0,0.0,0.0,0.0
word_graph,37656,M-097,0.0,0.0,0.0,0.0,0.0,0.0,0.0
word_graph,37667,DOS-040,0.0,0.0,0.0,0.0,0.0,0.0,0.0
word_graph,37692,GB-028,0.0,0.0,0.0,0.0,0.0,0.0,0.0
word_graph,37760,CV-118,0.0,0.0,0.0,0.0,0.0,0.0,0.0
word_graph,37835,CT-137,0.0,1.0,1.0,1.0,1.0,0.25,0.25
word_graph,37904,TK-221,0.0,0.0,0.0,0.0,0.0,0.0,0.0
word_graph,37936,M-135,0.0,0.0,0.0,0.0,0.0,0.0,0.0
word_graph,37947,M-122,0.0,0.0,0.0,1.0,1.0,0.0,0.09090909090909091
word_graph,37977,K-031,0.0,0.0,0.0,0.0,0.0,0.0,0.0
word_graph,38003,BM-108,0.0,0.0,0.0,0.0,0.0,0.0,0.0
word_graph,38052,TK-343,0.0,0.0,0.0,0.0,0.0,0.0,0.0
word_graph,38095,AG-097,0.0,0.0,0.0,0.0,0.0,0.0,0.0
word_graph,38181,P-222,0.0,0.0,0.0,0.0,0.0,0.0,0.0
word_graph,38218,CR-103,0.0,0.0,0.0,0.0,0.0,0.0,0.0
word_graph,38234,UF-124,0.0,0.0,0.0,0.0,0.0,0.0,0.0
word_graph,38260,P-494,0.0,0.0,0.0,0.0,0.0,0.0,0.0
word_graph,38277,GT-126,0.0,0.0,0.0,0.0,0.0,0.0,0.0
word_graph,38323,P-506,0.0,0.0,0.0,0.0,0.0,0.0,0.0
word_graph,38341,M-090,0.0,0.0,0.0,0.0,0.0,0.0,0.0
word_graph,38360,P-699,0.0,0.0,0.0,0.0,0.0,0.0,0.0
word_graph,38370,GB-052,0.0,0.0,0.0,0.0,0.0,0.0,0.0
word_graph,38371,P-323,0.0,0.0,0.0,0.0,0.0,0.0,0.0
word_graph,38410,AG-025,0.0,0.0,0.0,0.0,0.0,0.0,0.0
word_graph,38471,HX-313,0.0,0.0,0.0,0.0,0.0,0.0,0.0
word_graph,38535,CV-042,0.0,0.0,0.0,0.0,0.0,0.0,0.0
word_graph,38567,HP-067,0.0,0.0,0.0,0.0,0.0,0.0,0.0
word_graph,38596,TK-142,0.0,0.0,0.0,0.0,0.0,0.0,0.0
word_graph,38610,HX-098,0.0,0.0,0.0,0.0,0.0,0.0,0.0
word_graph,38613,M-081,0.0,0.0,0.0,0.0,0.0,0.0,0.0
word_graph,38642,P-495,0.0,0.0,0.0,0.0,0.0,0.0,0.0
word_graph,38656,VP-132,0.0,0.0,0.0,0.0,0.0,0.0,0.0
word_graph,38693,HX-102,0.0,0.0,0.0,0.0,0.0,0.0,0.0
word_graph,38698,SD-091,0.0,0.0,0.0,0.0,0.0,0.0,0.0
word_graph,38714,CV-042,0.0,0.0,0.0,0.0,0.0,0.0,0.0
word_graph,38794,UF-010,0.0,0.0,0.0,1.0,1.0,0.0,0.0625
word_graph,38798,VP-141,0.0,0.0,0.0,0.0,0.0,0.0,0.0
word_graph,38857,P-364,0.0,0.0,0.0,0.0,0.0,0.0,0.0
word_graph,38862,CV-219,0.0,0.0,0.0,0.0,0.0,0.0,0.0
word_graph,38890,P-658,0.0,0.0,0.0,0.0,0.0,0.0,0.0
word_graph,38895,VP-096,0.0,0.0,0.0,0.0,0.0,0.0,0.0
word_graph,38917,K-233,0.0,0.0,0.0,0.0,0.0,0.0,0.0
word_graph,38950,P-155,0.0,0.0,0.0,0.0,0.0,0.0,0.0
word_graph,38975,EX-081,0.0,0.0,0.0,0.0,0.0,0.0,0.0
word_graph,39179,P-400,0.0,0.0,0.0,0.0,0.0,0.0,0.0
word_graph,39229,EV-004,0.0,0.0,0.0,0.0,0.0,0.0,0.0
word_graph,39339,P-743,0.0,0.0,0.0,0.0,0.0,0.0,0.0
word_graph,39341,EX-105,0.0,0.0,0.0,0.0,0.0,0.0,0.0
word_graph,39368,CT-109,0.0,0.0,0.0,0.0,0.0,0.0,0.0
word_graph,39413,DP-125,0.0,0.0,0.0,0.0,0.0,0.0,0.0
word_graph,39443,DRY-131,0.0,0.0,0.0,0.0,0.0,0.0,0.0
word_graph,39452,P-708,0.0,0.0,0.0,0.0,0.0,0.0,0.0
word_graph,39457,AG-119,0.0,0.0,0.0,0.0,0.0,0.0,0.0
word_graph,39468,P-534,0.0,0.0,0.0,0.0,0.0,0.0,0.0
word_graph,39469,TK-098,0.0,0.0,0.0,0.0,0.0,0.0,0.0
word_graph,39627,P-176,0.0,0.0,0.0,0.0,0.0,0.0,0.0
word_graph,39710,P-409,0.0,0.0,0.0,0.0,0.0,0.0,0.0
word_graph,39754,DOS-033,0.0,0.0,1.0,1.0,1.0,0.1,0.1
word_graph,39756,CR-145,0.0,0.0,0.0,0.0,0.0,0.0,0.0
word_graph,39807,P-302,0.0,0.0,0.0,0.0,1.0,0.0,0.03333333333333333
word_graph,39827,DRY-048,0.0,0.0,0.0,0.0,0.0,0.0,0.0
word_graph,39848,CR-041,0.0,0.0,0.0,0.0,0.0,0.0,0.0
word_graph,39863,CF-076,0.0,0.0,0.0,0.0,0.0,0.0,0.0
word_graph,39889,TK-314,0.0,0.0,0.0,0.0,0.0,0.0,0.0
word_graph,39927,DC-014,0.0,0.0,0.0,0.0,0.0,0.0,0.0
word_graph,39942,CR-023,0.0,0.0,0.0,0.0,0.0,0.0,0.0
word_graph,39983,HV-310,0.0,0.0,0.0,0.0,0.0,0.0,0.0
word_graph,40019,BM-040,0.0,0.0,0.0,0.0,0.0,0.0,0.0
word_graph,40037,P-689,0.0,0.0,0.0,0.0,0.0,0.0,0.0
word_graph,40046,HV-123,0.0,0.0,0.0,0.0,0.0,0.0,0.0
word_graph,40094,TK-129,0.0,0.0,0.0,0.0,0.0,0.0,0.0
word_graph,40119,P-223,0.0,0.0,0.0,0.0,1.0,0.0,0.02040816326530612
word_graph,40141,UF-137,0.0,0.0,0.0,0.0,0.0,0.0,0.0
word_graph,40156,CF-133,0.0,0.0,0.0,0.0,0.0,0.0,0.0
word_graph,40210,TK-104,0.0,0.0,0.0,0.0,0.0,0.0,0.0
word_graph,40284,P-685,0.0,0.0,0.0,0.0,0.0,0.0,0.0
word_graph,40337,TK-046,0.0,0.0,0.0,0.0,0.0,0.0,0.0
word_graph,40380,CV-328,0.0,0.0,0.0,0.0,0.0,0.0,0.0
word_graph,40381,K-095,0.0,0.0,0.0,0.0,1.0,0.0,0.02
word_graph,40395,HX-080,0.0,0.0,0.0,0.0,0.0,0.0,0.0
word_graph,40432,DC-109,0.0,0.0,0.0,0.0,0.0,0.0,0.0
word_graph,40441,GB-008,0.0,0.0,0.0,0.0,0.0,0.0,0.0
word_graph,40554,P-244,0.0,0.0,0.0,0.0,0.0,0.0,0.0
word_graph,40580,CT-124,0.0,0.0,0.0,0.0,1.0,0.0,0.025
word_graph,40587,AG-139,0.0,0.0,0.0,0.0,1.0,0.0,0.021739130434782608
word_graph,40618,BLR-085,0.0,0.0,0.0,0.0,0.0,0.0,0.0
word_graph,40629,M-083,0.0,0.0,0.0,0.0,0.0,0.0,0.0
word_graph,40695,P-217,0.0,0.0,0.0,0.0,0.0,0.0,0.0
word_graph,40701,SEP-112,0.0,0.0,0.0,0.0,0.0,0.0,0.0
word_graph,40707,P-222,0.0,0.0,0.0,0.0,0.0,0.0,0.0
word_graph,40711,DOS-167,0.0,0.0,0.0,0.0,0.0,0.0,0.0
word_graph,40849,P-340,0.0,0.0,0.0,0.0,0.0,0.0,0.0
word_graph,40850,P-122,0.0,0.0,0.0,0.0,0.0,0.0,0.0
word_graph,40876,P-395,0.0,0.0,0.0,0.0,0.0,0.0,0.0
word_graph,40879,AG-116,0.0,0.0,1.0,1.0,1.0,0.125,0.125
word_graph,40944,K-119,0.0,0.0,0.0,0.0,1.0,0.0,0.024390243902439025
word_graph,40965,M-125,0.0,0.0,0.0,0.0,0.0,0.0,0.0
word_graph,40989,EX-071,0.0,0.0,0.0,0.0,0.0,0.0,0.0
word_graph,41019,AG-143,0.0,0.0,0.0,0.0,0.0,0.0,0.0
word_graph,41038,HX-104,0.0,0.0,0.0,0.0,0.0,0.0,0.0
word_graph,41059,M-037,0.0,0.0,0.0,0.0,0.0,0.0,0.0
word_graph,41086,P-215,0.0,0.0,0.0,0.0,0.0,0.0,0.0
word_graph,41092,HP-099,0.0,0.0,0.0,0.0,0.0,0.0,0.0
word_graph,41103,CV-227,0.0,0.0,0.0,0.0,0.0,0.0,0.0
word_graph,41120,HV-101,0.0,0.0,0.0,1.0,1.0,0.0,0.06666666666666667
word_graph,41141,UF-055,0.0,0.0,0.0,0.0,0.0,0.0,0.0
word_graph,41161,DP-005,0.0,0.0,0.0,0.0,0.0,0.0,0.0
word_graph,41237,BM-087,0.0,0.0,0.0,0.0,0.0,0.0,0.0
word_graph,41330,P-529,0.0,0.0,0.0,0.0,0.0,0.0,0.0
word_graph,41398,P-206,0.0,0.0,0.0,0.0,0.0,0.0,0.0
word_graph,41417,FM-113,0.0,0.0,0.0,0.0,0.0,0.0,0.0
word_graph,41497,DP-088,0.0,0.0,0.0,0.0,0.0,0.0,0.0
word_graph,41502,P-156,0.0,0.0,0.0,0.0,0.0,0.0,0.0
word_graph,41532,K-241,0.0,0.0,0.0,0.0,0.0,0.0,0.0
word_graph,41580,SC-101,0.0,0.0,0.0,0.0,0.0,0.0,0.0
word_graph,41596,DC-105,0.0,0.0,0.0,0.0,0.0,0.0,0.0
word_graph,41665,M-023,0.0,0.0,0.0,0.0,0.0,0.0,0.0
word_graph,41668,P-666,0.0,0.0,0.0,0.0,0.0,0.0,0.0
word_graph,41704,F-121,0.0,0.0,0.0,0.0,0.0,0.0,0.0
word_graph,41724,HV-052,0.0,0.0,0.0,0.0,0.0,0.0,0.0
word_graph,41741,AG-147,0.0,0.0,0.0,0.0,0.0,0.0,0.0
word_graph,41788,TRB-007,0.0,0.0,0.0,0.0,0.0,0.0,0.0
word_graph,41804,TRB-109,0.0,0.0,0.0,0.0,0.0,0.0,0.0
word_graph,41816,K-109,0.0,0.0,0.0,0.0,0.0,0.0,0.0
word_graph,41824,K-206,0.0,0.0,0.0,0.0,0.0,0.0,0.0
word_graph,41834,AG-005,0.0,0.0,0.0,0.0,0.0,0.0,0.0
word_graph,41877,HX-031,0.0,0.0,0.0,0.0,0.0,0.0,0.0
word_graph,41958,P-216,0.0,0.0,0.0,0.0,0.0,0.0,0.0
word_graph,41976,K-105,0.0,0.0,0.0,0.0,0.0,0.0,0.0
word_graph,42017,DC-083,0.0,0.0,0.0,0.0,0.0,0.0,0.0
word_graph,42034,CT-063,0.0,0.0,0.0,0.0,0.0,0.0,0.0
word_graph,42091,P-269,0.0,0.0,0.0,0.0,0.0,0.0,0.0
word_graph,42116,EV-082,0.0,0.0,0.0,0.0,0.0,0.0,0.0
word_graph,42125,P-696,0.0,0.0,0.0,0.0,0.0,0.0,0.0
word_graph,42165,P-426,0.0,0.0,0.0,0.0,0.0,0.0,0.0
word_graph,42256,TK-142,0.0,0.0,0.0,0.0,0.0,0.0,0.0
word_graph,42262,P-152,0.0,0.0,0.0,0.0,0.0,0.0,0.0
word_graph,42348,SC-110,0.0,0.0,0.0,0.0,1.0,0.0,0.038461538461538464
word_graph,42399,HX-072,0.0,0.0,0.0,0.0,0.0,0.0,0.0
word_graph,42426,TK-052,0.0,0.0,0.0,0.0,0.0,0.0,0.0
word_graph,42464,HV-036,0.0,0.0,0.0,0.0,0.0,0.0,0.0
word_graph,42466,BLR-052,0.0,0.0,0.0,0.0,0.0,0.0,0.0
word_graph,42490,AG-143,0.0,0.0,0.0,0.0,0.0,0.0,0.0
word_graph,42543,P-342,0.0,0.0,0.0,0.0,0.0,0.0,0.0
word_graph,42548,DRY-116,0.0,0.0,0.0,0.0,0.0,0.0,0.0
word_graph,42590,F-307,0.0,0.0,0.0,0.0,0.0,0.0,0.0
word_graph,42607,CF-067,0.0,0.0,0.0,0.0,0.0,0.0,0.0
word_graph,42624,EX-082,0.0,0.0,0.0,0.0,0.0,0.0,0.0
word_graph,42677,P-317,0.0,0.0,0.0,0.0,0.0,0.0,0.0
word_graph,42684,TK-143,0.0,0.0,0.0,0.0,1.0,0.0,0.02631578947368421
word_graph,42707,DRY-086,0.0,0.0,0.0,0.0,0.0,0.0,0.0
word_graph,42740,HX-145,0.0,0.0,0.0,0.0,1.0,0.0,0.02631578947368421
word_graph,42745,P-316,0.0,0.0,0.0,0.0,0.0,0.0,0.0
word_graph,42768,CV-090,0.0,0.0,0.0,0.0,0.0,0.0,0.0
word_graph,42787,HX-079,0.0,0.0,0.0,0.0,0.0,0.0,0.0
word_graph,42814,P-699,0.0,0.0,0.0,0.0,0.0,0.0,0.0
word_graph,42818,K-126,0.0,0.0,0.0,0.0,1.0,0.0,0.022222222222222223
word_graph,42826,M-082,0.0,0.0,0.0,0.0,0.0,0.0,0.0
word_graph,42845,FM-129,0.0,0.0,0.0,0.0,0.0,0.0,0.0
word_graph,42857,P-311,0.0,0.0,0.0,0.0,0.0,0.0,0.0
word_graph,42867,BLR-113,0.0,0.0,0.0,0.0,0.0,0.0,0.0
word_graph,42912,DOS-059,0.0,0.0,0.0,0.0,0.0,0.0,0.0
word_graph,42943,K-191,0.0,0.0,0.0,0.0,0.0,0.0,0.0
word_graph,42962,TK-221,0.0,1.0,1.0,1.0,1.0,0.25,0.25
word_graph,42978,K-075,0.0,0.0,0.0,0.0,0.0,0.0,0.0
word_graph,42981,P-370,0.0,0.0,0.0,0.0,0.0,0.0,0.0
word_graph,42997,DC-133,0.0,0.0,0.0,0.0,0.0,0.0,0.0
word_graph,42998,R-115,0.0,0.0,0.0,0.0,0.0,0.0,0.0
word_graph,43028,M-085,0.0,0.0,0.0,1.0,1.0,0.0,0.09090909090909091
word_graph,43122,AG-064,0.0,0.0,0.0,0.0,0.0,0.0,0.0
word_graph,43125,P-322,0.0,0.0,0.0,0.0,0.0,0.0,0.0
word_graph,43141,P-539,0.0,0.0,0.0,0.0,0.0,0.0,0.0
word_graph,43187,K-017,0.0,0.0,0.0,0.0,0.0,0.0,0.0
word_graph,43207,M-136,0.0,0.0,0.0,0.0,0.0,0.0,0.0
word_graph,43217,P-235,0.0,0.0,0.0,0.0,0.0,0.0,0.0
word_graph,43266,P-420,0.0,0.0,0.0,0.0,0.0,0.0,0.0
word_graph,43285,TK-054,0.0,0.0,0.0,0.0,0.0,0.0,0.0
word_graph,43290,EX-062,0.0,0.0,0.0,0.0,0.0,0.0,0.0
word_graph,43324,TK-078,0.0,0.0,0.0,0.0,0.0,0.0,0.0
word_graph,43520,AG-040,0.0,0.0,0.0,0.0,0.0,0.0,0.0
word_graph,43543,SC-118,0.0,0.0,0.0,0.0,0.0,0.0,0.0
word_graph,43593,TK-125,0.0,0.0,0.0,0.0,0.0,0.0,0.0
word_graph,43601,CT-114,0.0,0.0,0.0,0.0,0.0,0.0,0.0
word_graph,43633,GB-211,0.0,0.0,0.0,0.0,0.0,0.0,0.0
word_graph,43671,BLR-131,0.0,0.0,0.0,0.0,0.0,0.0,0.0
word_graph,43695,CF-030,0.0,0.0,0.0,0.0,0.0,0.0,0.0
word_graph,43768,P-410,0.0,0.0,0.0,0.0,0.0,0.0,0.0
word_graph,43769,K-075,0.0,0.0,0.0,0.0,0.0,0.0,0.0
word_graph,43774,GB-087,0.0,0.0,0.0,0.0,0.0,0.0,0.0
word_graph,43793,HP-033,0.0,0.0,0.0,0.0,0.0,0.0,0.0
word_graph,43808,TK-139,0.0,0.0,0.0,0.0,0.0,0.0,0.0
word_graph,43815,HP-055,0.0,0.0,0.0,0.0,0.0,0.0,0.0
word_graph,43816,DC-110,0.0,0.0,0.0,0.0,0.0,0.0,0.0
word_graph,43819,HX-351,0.0,0.0,0.0,0.0,0.0,0.0,0.0
word_graph,43855,TK-208,0.0,0.0,0.0,0.0,0.0,0.0,0.0
word_graph,43858,CF-039,0.0,0.0,0.0,0.0,1.0,0.0,0.02040816326530612
word_graph,43862,TK-137,0.0,0.0,0.0,0.0,0.0,0.0,0.0
word_graph,43985,P-521,0.0,0.0,0.0,0.0,0.0,0.0,0.0
word_graph,44072,GT-143,0.0,0.0,0.0,0.0,0.0,0.0,0.0
word_graph,44095,R-005,0.0,0.0,0.0,0.0,0.0,0.0,0.0
word_graph,44133,TK-237,0.0,0.0,0.0,0.0,0.0,0.0,0.0
word_graph,44145,HX-145,0.0,0.0,0.0,0.0,0.0,0.0,0.0
word_graph,44191,HX-015,0.0,0.0,1.0,1.0,1.0,0.14285714285714285,0.14285714285714285
word_graph,44204,BLR-135,0.0,0.0,0.0,0.0,0.0,0.0,0.0
word_graph,44241,AG-061,0.0,0.0,0.0,0.0,0.0,0.0,0.0
word_graph,44293,R-090,0.0,0.0,0.0,0.0,0.0,0.0,0.0
word_graph,44312,SEP-111,0.0,0.0,0.0,0.0,0.0,0.0,0.0
word_graph,44319,GB-129,0.0,0.0,0.0,0.0,0.0,0.0,0.0
word_graph,44330,CV-342,0.0,0.0,0.0,0.0,0.0,0.0,0.0
word_graph,44343,GB-091,0.0,0.0,0.0,0.0,0.0,0.0,0.0
word_graph,44366,K-261,0.0,0.0,0.0,0.0,0.0,0.0,0.0
word_graph,44374,EV-131,0.0,0.0,0.0,0.0,0.0,0.0,0.0
word_graph,44424,R-119,0.0,0.0,0.0,0.0,0.0,0.0,0.0
word_graph,44435,TK-101,0.0,0.0,0.0,0.0,0.0,0.0,0.0
word_graph,44523,GB-091,0.0,0.0,0.0,0.0,0.0,0.0,0.0
word_graph,44572,P-240,0.0,0.0,0.0,0.0,0.0,0.0,0.0
word_graph,44576,TK-330,0.0,0.0,0.0,0.0,0.0,0.0,0.0
word_graph,44610,BM-131,0.0,0.0,0.0,0.0,0.0,0.0,0.0
word_graph,44625,HX-009,0.0,0.0,0.0,0.0,0.0,0.0,0.0
word_graph,44639,SEP-110,0.0,0.0,0.0,0.0,0.0,0.0,0.0
word_graph,44662,M-074,0.0,0.0,0.0,0.0,0.0,0.0,0.0
word_graph,44735,M-112,0.0,0.0,0.0,0.0,0.0,0.0,0.0
word_graph,44740,M-127,0.0,0.0,0.0,0.0,0.0,0.0,0.0
word_graph,44851,AG-119,0.0,0.0,0.0,0.0,0.0,0.0,0.0
word_graph,44886,CV-318,0.0,0.0,0.0,0.0,0.0,0.0,0.0
word_graph,44946,HX-081,0.0,0.0,0.0,0.0,0.0,0.0,0.0
word_graph,44991,HP-073,0.0,0.0,0.0,0.0,0.0,0.0,0.0
word_graph,44999,P-448,0.0,0.0,0.0,0.0,0.0,0.0,0.0
word_graph,45013,RLP-103,0.0,0.0,0.0,0.0,0.0,0.0,0.0
word_graph,45026,GB-046,0.0,0.0,0.0,0.0,0.0,0.0,0.0
word_graph,45038,P-424,0.0,0.0,0.0,0.0,0.0,0.0,0.0
word_graph,45055,F-145,0.0,0.0,0.0,1.0,1.0,0.0,0.05263157894736842
word_graph,45095,K-143,0.0,0.0,0.0,0.0,0.0,0.0,0.0
word_graph,45097,AG-074,0.0,0.0,0.0,0.0,0.0,0.0,0.0
word_graph,45112,P-200,0.0,0.0,0.0,0.0,0.0,0.0,0.0
word_graph,45155,P-294,0.0,0.0,0.0,0.0,0.0,0.0,0.0
word_graph,45169,AG-053,0.0,0.0,0.0,0.0,0.0,0.0,0.0
word_graph,45172,FM-018,0.0,0.0,0.0,0.0,0.0,0.0,0.0
word_graph,45185,P-561,0.0,0.0,0.0,0.0,0.0,0.0,0.0
word_graph,45238,M-124,0.0,0.0,0.0,0.0,0.0,0.0,0.0
word_graph,45244,FM-140,0.0,0.0,0.0,0.0,0.0,0.0,0.0
word_graph,45320,P-532,0.0,0.0,0.0,0.0,0.0,0.0,0.0
word_graph,45363,P-111,0.0,0.0,0.0,0.0,0.0,0.0,0.0
word_graph,45427,P-262,0.0,0.0,0.0,0.0,0.0,0.0,0.0
word_graph,45442,HX-031,0.0,0.0,0.0,0.0,0.0,0.0,0.0
word_graph,45515,DOS-145,0.0,0.0,0.0,0.0,0.0,0.0,0.0
word_graph,45525,K-080,0.0,0.0,0.0,0.0,0.0,0.0,0.0
word_graph,45565,GS-129,0.0,0.0,0.0,0.0,0.0,0.0,0.0
word_graph,45602,SC-137,0.0,0.0,0.0,0.0,0.0,0.0,0.0
word_graph,45671,R-041,0.0,0.0,0.0,0.0,0.0,0.0,0.0
word_graph,45746,GT-073,0.0,0.0,0.0,0.0,0.0,0.0,0.0
word_graph,45760,TRB-040,0.0,0.0,0.0,0.0,0.0,0.0,0.0
word_graph,45811,TK-041,0.0,0.0,0.0,0.0,0.0,0.0,0.0
word_graph,45814,P-338,0.0,0.0,0.0,0.0,0.0,0.0,0.0
word_graph,45837,K-335,0.0,0.0,0.0,0.0,0.0,0.0,0.0
word_graph,45852,P-270,0.0,0.0,0.0,0.0,0.0,0.0,0.0
word_graph,45864,HX-212,0.0,0.0,0.0,0.0,0.0,0.0,0.0
word_graph,45872,GB-130,0.0,0.0,0.0,0.0,0.0,0.0,0.0
word_graph,45909,P-307,0.0,0.0,0.0,0.0,0.0,0.0,0.0
word_graph,45947,BM-121,0.0,0.0,0.0,0.0,0.0,0.0,0.0
word_graph,45953,AG-062,0.0,0.0,0.0,0.0,0.0,0.0,0.0
word_graph,45966,EV-125,0.0,0.0,0.0,0.0,0.0,0.0,0.0
word_graph,46031,R-015,0.0,0.0,0.0,0.0,0.0,0.0,0.0
word_graph,46036,TK-143,0.0,0.0,0.0,0.0,0.0,0.0,0.0
word_graph,46041,R-010,0.0,0.0,0.0,0.0,0.0,0.0,0.0
word_graph,46053,K-103,0.0,0.0,0.0,0.0,0.0,0.0,0.0
word_graph,46079,DP-068,0.0,0.0,0.0,0.0,0.0,0.0,0.0
word_graph,46080,GB-051,0.0,0.0,0.0,0.0,0.0,0.0,0.0
word_graph,46092,HX-168,0.0,0.0,0.0,0.0,0.0,0.0,0.0
word_graph,46138,AG-058,0.0,0.0,0.0,0.0,1.0,0.0,0.043478260869565216
word_graph,46188,TK-022,0.0,0.0,0.0,0.0,0.0,0.0,0.0
word_graph,46216,P-552,0.0,0.0,0.0,0.0,0.0,0.0,0.0
word_graph,46250,FM-096,0.0,0.0,0.0,0.0,0.0,0.0,0.0
word_graph,46268,P-248,0.0,0.0,0.0,0.0,0.0,0.0,0.0
word_graph,46279,M-113,0.0,0.0,0.0,0.0,0.0,0.0,0.0
word_graph,46299,P-740,0.0,0.0,0.0,0.0,0.0,0.0,0.0
word_graph,46320,F-147,0.0,0.0,0.0,0.0,1.0,0.0,0.02564102564102564
word_graph,46355,DC-073,0.0,0.0,0.0,0.0,0.0,0.0,0.0
word_graph,46361,SC-028,0.0,0.0,0.0,0.0,0.0,0.0,0.0
word_graph,46375,EX-098,0.0,0.0,0.0,0.0,0.0,0.0,0.0
word_graph,46393,K-085,0.0,0.0,0.0,0.0,0.0,0.0,0.0
word_graph,46417,DC-116,0.0,0.0,0.0,0.0,0.0,0.0,0.0
word_graph,46434,P-644,0.0,0.0,0.0,0.0,0.0,0.0,0.0
word_graph,46458,K-059,0.0,0.0,0.0,0.0,0.0,0.0,0.0
word_graph,46503,FCC-084,0.0,0.0,0.0,0.0,0.0,0.0,0.0
word_graph,46506,P-105,0.0,0.0,0.0,0.0,0.0,0.0,0.0
word_graph,46513,AG-027,0.0,0.0,0.0,0.0,0.0,0.0,0.0
word_graph,46582,TK-158,0.0,0.0,0.0,0.0,0.0,0.0,0.0
word_graph,46600,K-086,0.0,0.0,0.0,0.0,0.0,0.0,0.0
word_graph,46625,FM-087,0.0,0.0,0.0,0.0,0.0,0.0,0.0
word_graph,46626,SD-014,0.0,0.0,0.0,0.0,0.0,0.0,0.0
word_graph,46640,GB-114,0.0,0.0,0.0,0.0,0.0,0.0,0.0
word_graph,46674,DOS-043,0.0,0.0,0.0,0.0,0.0,0.0,0.0
word_graph,46690,HX-129,0.0,0.0,0.0,0.0,0.0,0.0,0.0
word_graph,46705,M-085,0.0,0.0,0.0,1.0,1.0,0.0,0.05555555555555555
word_graph,46709,DOS-129,0.0,0.0,0.0,0.0,1.0,0.0,0.038461538461538464
word_graph,46728,EX-053,0.0,0.0,0.0,0.0,0.0,0.0,0.0
word_graph,46751,FM-116,0.0,0.0,0.0,0.0,0.0,0.0,0.0
word_graph,46766,AG-035,0.0,0.0,0.0,0.0,0.0,0.0,0.0
word_graph,46790,CF-043,0.0,0.0,0.0,0.0,0.0,0.0,0.0
word_graph,46826,HX-095,0.0,0.0,0.0,0.0,0.0,0.0,0.0
word_graph,46841,EX-125,0.0,0.0,0.0,0.0,0.0,0.0,0.0
word_graph,46875,P-229,0.0,0.0,0.0,0.0,0.0,0.0,0.0
word_graph,46908,P-332,0.0,0.0,0.0,0.0,0.0,0.0,0.0
word_graph,46960,M-110,0.0,0.0,0.0,0.0,0.0,0.0,0.0
word_graph,46976,K-098,0.0,0.0,0.0,0.0,0.0,0.0,0.0
word_graph,47033,TK-047,0.0,0.0,0.0,0.0,0.0,0.0,0.0
word_graph,47102,CV-093,0.0,0.0,0.0,0.0,0.0,0.0,0.0
word_graph,47172,HV-141,0.0,0.0,0.0,0.0,0.0,0.0,0.0
word_graph,47180,P-244,0.0,0.0,0.0,0.0,0.0,0.0,0.0
word_graph,47244,P-117,0.0,0.0,0.0,1.0,1.0,0.0,0.0625
word_graph,47296,CF-068,0.0,0.0,0.0,0.0,0.0,0.0,0.0
word_graph,47325,BM-142,0.0,0.0,0.0,0.0,0.0,0.0,0.0
word_graph,47335,CF-117,0.0,0.0,0.0,0.0,1.0,0.0,0.043478260869565216
word_graph,47355,TK-185,0.0,0.0,0.0,0.0,0.0,0.0,0.0
word_graph,47394,P-742,0.0,0.0,0.0,0.0,0.0,0.0,0.0
word_graph,47474,FM-054,0.0,0.0,0.0,0.0,0.0,0.0,0.0
word_graph,47534,TK-104,0.0,0.0,0.0,0.0,0.0,0.0,0.0
word_graph,47568,P-609,0.0,0.0,0.0,0.0,0.0,0.0,0.0
word_graph,47579,SEP-085,0.0,0.0,0.0,0.0,0.0,0.0,0.0
word_graph,47593,F-048,0.0,0.0,0.0,0.0,0.0,0.0,0.0
word_graph,47602,FM-015,0.0,0.0,0.0,0.0,0.0,0.0,0.0
word_graph,47616,K-021,0.0,0.0,0.0,0.0,0.0,0.0,0.0
word_graph,47620,F-017,0.0,0.0,0.0,0.0,0.0,0.0,0.0
word_graph,47635,P-331,0.0,0.0,0.0,0.0,0.0,0.0,0.0
word_graph,47674,TK-134,0.0,0.0,0.0,1.0,1.0,0.0,0.05
word_graph,47695,BM-059,0.0,0.0,0.0,0.0,0.0,0.0,0.0
word_graph,47699,P-154,0.0,0.0,0.0,0.0,0.0,0.0,0.0
word_graph,47755,P-344,0.0,0.0,0.0,0.0,0.0,0.0,0.0
word_graph,47811,F-120,0.0,0.0,0.0,0.0,0.0,0.0,0.0
word_graph,47848,P-179,0.0,0.0,0.0,0.0,0.0,0.0,0.0
word_graph,47876,AG-098,0.0,0.0,0.0,0.0,0.0,0.0,0.0
word_graph,47978,RLP-050,0.0,0.0,0.0,0.0,0.0,0.0,0.0
word_graph,48020,DOS-084,0.0,0.0,0.0,0.0,0.0,0.0,0.0
word_graph,48039,K-027,0.0,0.0,0.0,0.0,0.0,0.0,0.0
word_graph,48093,DRY-019,0.0,0.0,0.0,1.0,1.0,0.0,0.06666666666666667
word_graph,48104,EV-076,0.0,0.0,0.0,0.0,0.0,0.0,0.0
word_graph,48181,DOS-133,0.0,0.0,0.0,0.0,0.0,0.0,0.0
word_graph,48191,P-658,0.0,0.0,0.0,0.0,0.0,0.0,0.0
word_graph,48197,EX-109,0.0,0.0,0.0,0.0,0.0,0.0,0.0
word_graph,48208,F-143,0.0,0.0,0.0,0.0,0.0,0.0,0.0
word_graph,48223,EX-109,0.0,0.0,0.0,0.0,0.0,0.0,0.0
word_graph,48271,TK-148,0.0,0.0,0.0,1.0,1.0,0.0,0.08333333333333333
word_graph,48326,P-180,0.0,0.0,0.0,0.0,0.0,0.0,0.0
word_graph,48371,P-198,0.0,0.0,0.0,0.0,0.0,0.0,0.0
word_graph,48417,HV-210,0.0,0.0,0.0,0.0,0.0,0.0,0.0
word_graph,48443,GB-006,0.0,0.0,0.0,0.0,0.0,0.0,0.0
word_graph,48569,DC-069,0.0,0.0,0.0,0.0,0.0,0.0,0.0
word_graph,48570,RLP-136,0.0,0.0,0.0,0.0,0.0,0.0,0.0
word_graph,48636,AG-107,0.0,0.0,0.0,0.0,0.0,0.0,0.0
word_graph,48730,DOS-027,0.0,0.0,0.0,0.0,1.0,0.0,0.023809523809523808
word_graph,48751,FCC-051,0.0,0.0,0.0,0.0,0.0,0.0,0.0
word_graph,48772,K-051,0.0,0.0,0.0,0.0,0.0,0.0,0.0
word_graph,48774,DP-057,0.0,0.0,0.0,0.0,0.0,0.0,0.0
word_graph,48809,M-068,0.0,0.0,0.0,0.0,1.0,0.0,0.043478260869565216
word_graph,48839,FM-147,0.0,0.0,0.0,0.0,0.0,0.0,0.0
word_graph,48895,P-176,0.0,0.0,0.0,0.0,0.0,0.0,0.0
word_graph,48910,HX-049,0.0,0.0,0.0,0.0,0.0,0.0,0.0
word_graph,48983,GB-027,0.0,0.0,0.0,0.0,0.0,0.0,0.0
word_graph,48989,HX-041,0.0,0.0,0.0,0.0,0.0,0.0,0.0
word_graph,49014,CR-123,0.0,0.0,0.0,0.0,0.0,0.0,0.0
word_graph,49035,SEP-020,0.0,0.0,0.0,0.0,0.0,0.0,0.0
word_graph,49101,TK-338,0.0,0.0,0.0,0.0,0.0,0.0,0.0
word_graph,49144,GB-082,0.0,0.0,0.0,0.0,0.0,0.0,0.0
word_graph,49203,R-024,0.0,0.0,0.0,0.0,0.0,0.0,0.0
word_graph,49323,AG-031,0.0,0.0,0.0,0.0,0.0,0.0,0.0
word_graph,49357,K-101,0.0,0.0,0.0,0.0,0.0,0.0,0.0
word_graph,49362,DRY-006,0.0,0.0,0.0,0.0,0.0,0.0,0.0
word_graph,49363,P-108,0.0,0.0,0.0,0.0,0.0,0.0,0.0
word_graph,49373,HX-329,0.0,0.0,0.0,0.0,1.0,0.0,0.047619047619047616
word_graph,49392,TK-131,0.0,0.0,0.0,0.0,0.0,0.0,0.0
word_graph,49395,F-054,0.0,0.0,0.0,0.0,0.0,0.0,0.0
word_graph,49401,BLR-011,0.0,0.0,0.0,0.0,0.0,0.0,0.0
word_graph,49412,GB-128,0.0,0.0,0.0,0.0,0.0,0.0,0.0
word_graph,49460,M-082,0.0,0.0,0.0,0.0,0.0,0.0,0.0
word_graph,49478,R-063,0.0,0.0,0.0,0.0,0.0,0.0,0.0
word_graph,49492,CV-133,0.0,1.0,1.0,1.0,1.0,0.5,0.5
word_graph,49502,TK-006,0.0,0.0,0.0,0.0,0.0,0.0,0.0
word_graph,49522,P-367,0.0,0.0,0.0,0.0,0.0,0.0,0.0
word_graph,49537,M-071,0.0,0.0,0.0,0.0,1.0,0.0,0.021739130434782608
word_graph,49574,EX-238,0.0,0.0,0.0,0.0,0.0,0.0,0.0
word_graph,49581,K-121,0.0,0.0,0.0,0.0,0.0,0.0,0.0
word_graph,49611,TK-062,0.0,0.0,0.0,0.0,0.0,0.0,0.0
word_graph,49635,DC-022,0.0,0.0,0.0,0.0,0.0,0.0,0.0
word_graph,49655,M-022,0.0,0.0,0.0,0.0,1.0,0.0,0.038461538461538464
word_graph,49773,TK-205,0.0,0.0,0.0,0.0,0.0,0.0,0.0
word_graph,49796,P-246,0.0,0.0,0.0,0.0,0.0,0.0,0.0
word_graph,49878,F-032,0.0,0.0,0.0,0.0,0.0,0.0,0.0
word_graph,49911,P-328,0.0,0.0,0.0,0.0,0.0,0.0,0.0
word_graph,49938,TK-071,0.0,0.0,0.0,0.0,0.0,0.0,0.0
word_character_graph,6,HX-301,0.0,0.0,0.0,0.0,0.0,0.0,0.0
word_character_graph,92,DOS-081,0.0,0.0,0.0,1.0,1.0,0.0,0.0625
word_character_graph,146,CR-118,0.0,0.0,0.0,0.0,0.0,0.0,0.0
word_character_graph,192,FCC-018,0.0,0.0,0.0,0.0,0.0,0.0,0.0
word_character_graph,260,EX-120,0.0,0.0,0.0,0.0,0.0,0.0,0.0
word_character_graph,282,GS-059,0.0,0.0,0.0,0.0,0.0,0.0,0.0
word_character_graph,322,TK-183,0.0,0.0,0.0,0.0,0.0,0.0,0.0
word_character_graph,332,P-229,0.0,0.0,0.0,0.0,0.0,0.0,0.0
word_character_graph,333,K-099,0.0,0.0,0.0,0.0,0.0,0.0,0.0
word_character_graph,334,TK-082,0.0,0.0,0.0,0.0,0.0,0.0,0.0
word_character_graph,342,HP-097,0.0,0.0,0.0,0.0,1.0,0.0,0.029411764705882353
word_character_graph,347,CV-009,0.0,0.0,0.0,0.0,1.0,0.0,0.03225806451612903
word_character_graph,351,DRY-076,0.0,0.0,0.0,0.0,0.0,0.0,0.0
word_character_graph,353,P-161,0.0,0.0,0.0,0.0,0.0,0.0,0.0
word_character_graph,408,TK-306,0.0,0.0,0.0,0.0,0.0,0.0,0.0
word_character_graph,409,BLR-076,0.0,0.0,0.0,0.0,0.0,0.0,0.0
word_character_graph,436,CV-050,0.0,0.0,0.0,0.0,0.0,0.0,0.0
word_character_graph,475,F-123,0.0,0.0,0.0,0.0,0.0,0.0,0.0
word_character_graph,561,P-262,0.0,0.0,0.0,0.0,0.0,0.0,0.0
word_character_graph,570,SC-215,0.0,0.0,0.0,0.0,0.0,0.0,0.0
word_character_graph,594,HX-071,0.0,0.0,0.0,0.0,0.0,0.0,0.0
word_character_graph,600,P-238,0.0,0.0,0.0,0.0,0.0,0.0,0.0
word_character_graph,601,AG-101,0.0,0.0,0.0,1.0,1.0,0.0,0.05
word_character_graph,622,HX-337,0.0,0.0,0.0,0.0,0.0,0.0,0.0
word_character_graph,636,P-313,0.0,0.0,0.0,0.0,0.0,0.0,0.0
word_character_graph,640,AG-107,0.0,0.0,0.0,0.0,0.0,0.0,0.0
word_character_graph,645,SEP-079,0.0,0.0,0.0,0.0,0.0,0.0,0.0
word_character_graph,673,DC-116,0.0,1.0,1.0,1.0,1.0,0.3333333333333333,0.3333333333333333
word_character_graph,697,P-248,0.0,0.0,0.0,0.0,0.0,0.0,0.0
word_character_graph,725,P-234,0.0,0.0,0.0,0.0,0.0,0.0,0.0
word_character_graph,738,HX-133,0.0,0.0,1.0,1.0,1.0,0.14285714285714285,0.14285714285714285
word_character_graph,739,UF-065,0.0,0.0,0.0,0.0,1.0,0.0,0.02040816326530612
word_character_graph,767,DP-074,0.0,0.0,0.0,0.0,0.0,0.0,0.0
word_character_graph,786,DOS-122,0.0,0.0,0.0,0.0,0.0,0.0,0.0
word_character_graph,831,TK-386,0.0,0.0,0.0,0.0,0.0,0.0,0.0
word_character_graph,877,R-117,0.0,0.0,0.0,0.0,0.0,0.0,0.0
word_character_graph,939,P-207,0.0,0.0,0.0,0.0,0.0,0.0,0.0
word_character_graph,1077,K-023,0.0,0.0,0.0,0.0,0.0,0.0,0.0
word_character_graph,1094,EX-077,0.0,0.0,0.0,0.0,0.0,0.0,0.0
word_character_graph,1105,RLP-027,0.0,0.0,0.0,0.0,0.0,0.0,0.0
word_character_graph,1129,K-179,0.0,0.0,0.0,0.0,0.0,0.0,0.0
word_character_graph,1134,BLR-220,0.0,0.0,0.0,0.0,0.0,0.0,0.0
word_character_graph,1187,CR-043,0.0,0.0,0.0,0.0,0.0,0.0,0.0
word_character_graph,1189,HX-028,0.0,0.0,0.0,0.0,0.0,0.0,0.0
word_character_graph,1210,HV-030,0.0,0.0,0.0,0.0,0.0,0.0,0.0
word_character_graph,1221,HV-144,0.0,0.0,0.0,0.0,1.0,0.0,0.047619047619047616
word_character_graph,1232,CF-141,0.0,0.0,0.0,0.0,0.0,0.0,0.0
word_character_graph,1237,P-330,0.0,0.0,0.0,0.0,0.0,0.0,0.0
word_character_graph,1316,EV-059,0.0,0.0,0.0,0.0,0.0,0.0,0.0
word_character_graph,1327,F-137,0.0,0.0,0.0,0.0,0.0,0.0,0.0
word_character_graph,1329,SC-121,0.0,0.0,0.0,0.0,0.0,0.0,0.0
word_character_graph,1343,HP-120,0.0,0.0,0.0,0.0,0.0,0.0,0.0
word_character_graph,1353,K-111,0.0,0.0,1.0,1.0,1.0,0.1111111111111111,0.1111111111111111
word_character_graph,1396,DC-145,0.0,0.0,0.0,0.0,0.0,0.0,0.0
word_character_graph,1416,SC-143,0.0,0.0,0.0,0.0,0.0,0.0,0.0
word_character_graph,1418,P-207,0.0,0.0,0.0,0.0,0.0,0.0,0.0
word_character_graph,1451,BM-138,0.0,0.0,0.0,0.0,1.0,0.0,0.021739130434782608
word_character_graph,1480,P-235,0.0,0.0,0.0,0.0,0.0,0.0,0.0
word_character_graph,1488,M-135,0.0,0.0,0.0,0.0,0.0,0.0,0.0
word_character_graph,1499,DC-140,0.0,0.0,0.0,0.0,0.0,0.0,0.0
word_character_graph,1504,FM-061,0.0,0.0,0.0,0.0,0.0,0.0,0.0
word_character_graph,1551,DOS-096,0.0,0.0,0.0,0.0,0.0,0.0,0.0
word_character_graph,1577,K-268,0.0,0.0,0.0,0.0,0.0,0.0,0.0
word_character_graph,1585,EV-115,0.0,0.0,0.0,0.0,0.0,0.0,0.0
word_character_graph,1630,R-039,0.0,0.0,0.0,0.0,0.0,0.0,0.0
word_character_graph,1639,TK-134,0.0,0.0,0.0,0.0,1.0,0.0,0.043478260869565216
word_character_graph,1647,P-628,0.0,0.0,0.0,0.0,0.0,0.0,0.0
word_character_graph,1661,DC-093,0.0,0.0,0.0,0.0,0.0,0.0,0.0
word_character_graph,1700,TK-171,0.0,0.0,0.0,0.0,0.0,0.0,0.0
word_character_graph,1710,CV-086,0.0,0.0,0.0,0.0,0.0,0.0,0.0
word_character_graph,1719,FCC-071,0.0,0.0,0.0,0.0,0.0,0.0,0.0
word_character_graph,1788,P-368,0.0,0.0,0.0,0.0,0.0,0.0,0.0
word_character_graph,1789,M-105,0.0,0.0,0.0,0.0,1.0,0.0,0.02
word_character_graph,1814,K-021,0.0,0.0,0.0,0.0,0.0,0.0,0.0
word_character_graph,1821,AG-119,0.0,0.0,0.0,0.0,0.0,0.0,0.0
word_character_graph,1861,AG-110,0.0,0.0,0.0,0.0,0.0,0.0,0.0
word_character_graph,1865,GB-122,0.0,0.0,0.0,0.0,0.0,0.0,0.0
word_character_graph,1873,P-173,0.0,0.0,0.0,0.0,0.0,0.0,0.0
word_character_graph,1898,SC-026,0.0,0.0,0.0,0.0,0.0,0.0,0.0
word_character_graph,1901,TK-013,0.0,0.0,0.0,0.0,0.0,0.0,0.0
word_character_graph,1983,TK-144,0.0,0.0,0.0,0.0,0.0,0.0,0.0
word_character_graph,2010,VP-131,0.0,0.0,0.0,0.0,0.0,0.0,0.0
word_character_graph,2029,CT-050,0.0,0.0,0.0,1.0,1.0,0.0,0.05
word_character_graph,2043,SEP-057,0.0,0.0,0.0,0.0,1.0,0.0,0.02040816326530612
word_character_graph,2058,SEP-113,0.0,0.0,0.0,0.0,0.0,0.0,0.0
word_character_graph,2090,P-170,0.0,0.0,0.0,0.0,0.0,0.0,0.0
word_character_graph,2128,P-228,0.0,0.0,0.0,0.0,1.0,0.0,0.022727272727272728
word_character_graph,2130,M-075,0.0,0.0,0.0,0.0,0.0,0.0,0.0
word_character_graph,2133,GB-043,0.0,0.0,0.0,0.0,0.0,0.0,0.0
word_character_graph,2146,P-622,0.0,0.0,0.0,0.0,0.0,0.0,0.0
word_character_graph,2152,M-012,0.0,0.0,0.0,0.0,1.0,0.0,0.047619047619047616
word_character_graph,2165,DC-141,0.0,0.0,0.0,0.0,1.0,0.0,0.02127659574468085
word_character_graph,2288,HX-023,0.0,0.0,0.0,0.0,0.0,0.0,0.0
word_character_graph,2293,P-247,0.0,0.0,0.0,0.0,0.0,0.0,0.0
word_character_graph,2307,P-315,0.0,0.0,0.0,0.0,0.0,0.0,0.0
word_character_graph,2356,P-321,0.0,0.0,0.0,0.0,0.0,0.0,0.0
word_character_graph,2392,K-121,0.0,0.0,0.0,0.0,0.0,0.0,0.0
word_character_graph,2422,K-286,0.0,0.0,0.0,0.0,0.0,0.0,0.0
word_character_graph,2433,CR-121,0.0,0.0,0.0,0.0,0.0,0.0,0.0
word_character_graph,2458,P-309,0.0,0.0,0.0,0.0,0.0,0.0,0.0
word_character_graph,2530,K-244,0.0,0.0,0.0,0.0,0.0,0.0,0.0
word_character_graph,2575,CV-244,0.0,0.0,0.0,1.0,1.0,0.0,0.09090909090909091
word_character_graph,2611,CT-016,0.0,0.0,0.0,0.0,0.0,0.0,0.0
word_character_graph,2676,P-299,0.0,0.0,0.0,0.0,0.0,0.0,0.0
word_character_graph,2684,UF-070,0.0,0.0,0.0,0.0,0.0,0.0,0.0
word_character_graph,2685,SC-109,0.0,0.0,0.0,0.0,0.0,0.0,0.0
word_character_graph,2706,CV-081,0.0,0.0,0.0,0.0,1.0,0.0,0.027777777777777776
word_character_graph,2716,HV-011,0.0,0.0,0.0,0.0,0.0,0.0,0.0
word_character_graph,2783,DOS-094,0.0,0.0,0.0,0.0,0.0,0.0,0.0
word_character_graph,2810,GB-133,0.0,1.0,1.0,1.0,1.0,0.2,0.2
word_character_graph,2847,BLR-101,0.0,0.0,0.0,0.0,0.0,0.0,0.0
word_character_graph,2855,CV-032,0.0,0.0,0.0,1.0,1.0,0.0,0.05
word_character_graph,2858,TK-007,0.0,0.0,0.0,0.0,0.0,0.0,0.0
word_character_graph,2890,DOS-093,0.0,0.0,0.0,0.0,0.0,0.0,0.0
word_character_graph,2908,P-102,0.0,0.0,0.0,0.0,0.0,0.0,0.0
word_character_graph,2922,TK-015,0.0,0.0,0.0,0.0,0.0,0.0,0.0
word_character_graph,2932,P-289,0.0,0.0,0.0,0.0,0.0,0.0,0.0
word_character_graph,2936,DP-091,0.0,0.0,1.0,1.0,1.0,0.125,0.125
word_character_graph,2989,P-312,0.0,0.0,0.0,0.0,0.0,0.0,0.0
word_character_graph,3121,TK-066,0.0,0.0,0.0,0.0,0.0,0.0,0.0
word_character_graph,3147,P-143,0.0,0.0,0.0,0.0,0.0,0.0,0.0
word_character_graph,3183,R-089,0.0,0.0,0.0,0.0,0.0,0.0,0.0
word_character_graph,3218,UF-224,0.0,0.0,0.0,0.0,1.0,0.0,0.047619047619047616
word_character_graph,3224,K-068,0.0,0.0,0.0,0.0,0.0,0.0,0.0
word_character_graph,3226,CR-121,0.0,0.0,0.0,0.0,0.0,0.0,0.0
word_character_graph,3240,EX-031,0.0,0.0,0.0,0.0,0.0,0.0,0.0
word_character_graph,3320,CV-184,0.0,0.0,0.0,0.0,0.0,0.0,0.0
word_character_graph,3380,DC-139,0.0,0.0,0.0,0.0,0.0,0.0,0.0
word_character_graph,3505,P-217,0.0,0.0,0.0,1.0,1.0,0.0,0.07142857142857142
word_character_graph,3525,P-364,0.0,0.0,0.0,0.0,0.0,0.0,0.0
word_character_graph,3541,HV-040,0.0,0.0,0.0,0.0,0.0,0.0,0.0
word_character_graph,3595,TK-114,0.0,0.0,0.0,0.0,0.0,0.0,0.0
word_character_graph,3608,DOS-032,0.0,0.0,0.0,0.0,0.0,0.0,0.0
word_character_graph,3611,VP-076,0.0,0.0,1.0,1.0,1.0,0.16666666666666666,0.16666666666666666
word_character_graph,3651,TK-187,0.0,0.0,0.0,0.0,0.0,0.0,0.0
word_character_graph,3662,SC-110,0.0,0.0,0.0,0.0,0.0,0.0,0.0
word_character_graph,3683,K-091,0.0,0.0,0.0,0.0,0.0,0.0,0.0
word_character_graph,3709,P-228,0.0,0.0,0.0,0.0,0.0,0.0,0.0
word_character_graph,3737,EV-015,0.0,0.0,0.0,0.0,1.0,0.0,0.02857142857142857
word_character_graph,3818,SD-102,0.0,0.0,0.0,0.0,0.0,0.0,0.0
word_character_graph,3855,M-112,0.0,0.0,0.0,0.0,0.0,0.0,0.0
word_character_graph,3886,P-629,0.0,0.0,0.0,0.0,0.0,0.0,0.0
word_character_graph,3903,F-023,0.0,0.0,0.0,0.0,0.0,0.0,0.0
word_character_graph,3918,TK-143,0.0,0.0,0.0,0.0,0.0,0.0,0.0
word_character_graph,3956,P-118,0.0,0.0,0.0,0.0,0.0,0.0,0.0
word_character_graph,3958,TK-109,0.0,0.0,0.0,0.0,0.0,0.0,0.0
word_character_graph,4316,CR-130,0.0,0.0,0.0,0.0,0.0,0.0,0.0
word_character_graph,4326,P-337,0.0,0.0,0.0,0.0,0.0,0.0,0.0
word_character_graph,4351,P-159,0.0,0.0,0.0,0.0,0.0,0.0,0.0
word_character_graph,4353,EX-067,0.0,0.0,0.0,0.0,0.0,0.0,0.0
word_character_graph,4461,EV-105,0.0,0.0,0.0,0.0,0.0,0.0,0.0
word_character_graph,4476,GT-021,0.0,0.0,0.0,0.0,0.0,0.0,0.0
word_character_graph,4485,GS-054,0.0,0.0,0.0,0.0,0.0,0.0,0.0
word_character_graph,4494,DC-122,0.0,0.0,0.0,0.0,1.0,0.0,0.03571428571428571
word_character_graph,4500,AG-027,0.0,0.0,0.0,0.0,0.0,0.0,0.0
word_character_graph,4531,P-321,0.0,0.0,0.0,0.0,0.0,0.0,0.0
word_character_graph,4551,RLP-007,0.0,0.0,0.0,0.0,0.0,0.0,0.0
word_character_graph,4591,R-121,0.0,0.0,0.0,0.0,0.0,0.0,0.0
word_character_graph,4628,VP-118,0.0,0.0,0.0,0.0,0.0,0.0,0.0
word_character_graph,4737,P-312,0.0,0.0,0.0,0.0,0.0,0.0,0.0
word_character_graph,4777,EX-070,0.0,0.0,0.0,0.0,0.0,0.0,0.0
word_character_graph,4857,P-302,0.0,0.0,0.0,0.0,0.0,0.0,0.0
word_character_graph,4883,CT-055,0.0,0.0,0.0,0.0,0.0,0.0,0.0
word_character_graph,4902,K-033,0.0,0.0,0.0,0.0,0.0,0.0,0.0
word_character_graph,4985,GT-136,0.0,0.0,0.0,0.0,0.0,0.0,0.0
word_character_graph,5026,M-044,0.0,0.0,0.0,0.0,0.0,0.0,0.0
word_character_graph,5040,R-127,0.0,0.0,0.0,0.0,0.0,0.0,0.0
word_character_graph,5143,P-216,0.0,0.0,0.0,0.0,0.0,0.0,0.0
word_character_graph,5151,BM-124,0.0,0.0,0.0,0.0,0.0,0.0,0.0
word_character_graph,5159,P-517,0.0,0.0,0.0,0.0,0.0,0.0,0.0
word_character_graph,5209,P-439,0.0,0.0,0.0,0.0,0.0,0.0,0.0
word_character_graph,5223,CT-142,0.0,0.0,0.0,0.0,1.0,0.0,0.02702702702702703
word_character_graph,5298,HX-030,0.0,0.0,0.0,0.0,1.0,0.0,0.043478260869565216
word_character_graph,5305,TK-075,0.0,0.0,0.0,0.0,0.0,0.0,0.0
word_character_graph,5322,P-443,0.0,0.0,0.0,0.0,0.0,0.0,0.0
word_character_graph,5401,SC-034,0.0,0.0,0.0,0.0,0.0,0.0,0.0
word_character_graph,5407,HV-172,0.0,0.0,0.0,0.0,0.0,0.0,0.0
word_character_graph,5451,F-107,0.0,0.0,0.0,0.0,1.0,0.0,0.022727272727272728
word_character_graph,5468,P-104,0.0,0.0,0.0,0.0,0.0,0.0,0.0
word_character_graph,5549,CV-039,0.0,0.0,0.0,0.0,0.0,0.0,0.0
word_character_graph,5604,CT-145,0.0,0.0,0.0,0.0,0.0,0.0,0.0
word_character_graph,5616,HP-109,0.0,0.0,0.0,0.0,0.0,0.0,0.0
word_character_graph,5683,TK-054,0.0,0.0,0.0,0.0,0.0,0.0,0.0
word_character_graph,5692,R-205,0.0,0.0,0.0,0.0,0.0,0.0,0.0
word_character_graph,5765,GT-144,0.0,0.0,0.0,0.0,0.0,0.0,0.0
word_character_graph,5786,BLR-038,0.0,0.0,0.0,0.0,0.0,0.0,0.0
word_character_graph,5846,FM-019,0.0,0.0,0.0,0.0,0.0,0.0,0.0
word_character_graph,5859,M-058,0.0,0.0,0.0,0.0,0.0,0.0,0.0
word_character_graph,5886,GS-013,1.0,1.0,1.0,1.0,1.0,1.0,1.0
word_character_graph,5934,CR-016,0.0,0.0,0.0,0.0,0.0,0.0,0.0
word_character_graph,5947,P-324,0.0,0.0,0.0,0.0,0.0,0.0,0.0
word_character_graph,5983,R-038,0.0,0.0,0.0,0.0,0.0,0.0,0.0
word_character_graph,6007,K-089,0.0,0.0,0.0,0.0,0.0,0.0,0.0
word_character_graph,6019,DP-097,0.0,0.0,0.0,0.0,0.0,0.0,0.0
word_character_graph,6028,DC-049,0.0,0.0,0.0,0.0,0.0,0.0,0.0
word_character_graph,6072,EX-138,0.0,0.0,0.0,0.0,0.0,0.0,0.0
word_character_graph,6152,GS-126,0.0,0.0,0.0,0.0,0.0,0.0,0.0
word_character_graph,6162,K-272,0.0,0.0,0.0,0.0,0.0,0.0,0.0
word_character_graph,6210,FCC-039,0.0,0.0,0.0,0.0,0.0,0.0,0.0
word_character_graph,6215,SEP-116,0.0,0.0,0.0,0.0,0.0,0.0,0.0
word_character_graph,6265,HV-031,0.0,0.0,0.0,0.0,0.0,0.0,0.0
word_character_graph,6283,M-044,0.0,0.0,0.0,0.0,0.0,0.0,0.0
word_character_graph,6304,EX-129,0.0,0.0,0.0,0.0,0.0,0.0,0.0
word_character_graph,6309,GB-007,0.0,0.0,0.0,0.0,0.0,0.0,0.0
word_character_graph,6343,SC-104,0.0,0.0,0.0,0.0,0.0,0.0,0.0
word_character_graph,6363,HV-107,0.0,0.0,1.0,1.0,1.0,0.125,0.125
word_character_graph,6431,SD-139,0.0,0.0,0.0,0.0,0.0,0.0,0.0
word_character_graph,6450,GB-107,0.0,0.0,0.0,0.0,0.0,0.0,0.0
word_character_graph,6544,F-080,0.0,0.0,0.0,0.0,0.0,0.0,0.0
word_character_graph,6573,TK-103,0.0,0.0,0.0,1.0,1.0,0.0,0.09090909090909091
word_character_graph,6626,GB-033,0.0,0.0,0.0,0.0,0.0,0.0,0.0
word_character_graph,6649,P-705,0.0,0.0,0.0,0.0,0.0,0.0,0.0
word_character_graph,6663,R-046,0.0,0.0,0.0,0.0,0.0,0.0,0.0
word_character_graph,6760,P-378,0.0,0.0,0.0,0.0,0.0,0.0,0.0
word_character_graph,6765,EX-031,0.0,0.0,0.0,0.0,0.0,0.0,0.0
word_character_graph,6803,K-226,0.0,0.0,0.0,0.0,0.0,0.0,0.0
word_character_graph,6807,F-055,0.0,0.0,0.0,0.0,0.0,0.0,0.0
word_character_graph,6832,P-184,0.0,0.0,0.0,0.0,0.0,0.0,0.0
word_character_graph,6835,CR-120,0.0,0.0,0.0,0.0,0.0,0.0,0.0
word_character_graph,6867,HP-084,0.0,0.0,0.0,0.0,0.0,0.0,0.0
word_character_graph,6883,UF-015,0.0,0.0,0.0,1.0,1.0,0.0,0.07692307692307693
word_character_graph,6978,HX-125,0.0,0.0,0.0,0.0,0.0,0.0,0.0
word_character_graph,7064,P-568,0.0,0.0,0.0,0.0,0.0,0.0,0.0
word_character_graph,7091,SEP-210,0.0,0.0,0.0,0.0,0.0,0.0,0.0
word_character_graph,7093,R-110,1.0,1.0,1.0,1.0,1.0,1.0,1.0
word_character_graph,7124,P-524,0.0,0.0,0.0,0.0,0.0,0.0,0.0
word_character_graph,7202,R-133,0.0,0.0,0.0,0.0,0.0,0.0,0.0
word_character_graph,7224,AG-040,0.0,0.0,0.0,0.0,0.0,0.0,0.0
word_character_graph,7232,HX-124,0.0,0.0,0.0,0.0,0.0,0.0,0.0
word_character_graph,7257,HP-138,0.0,0.0,0.0,0.0,1.0,0.0,0.03225806451612903
word_character_graph,7271,DC-115,0.0,0.0,0.0,0.0,0.0,0.0,0.0
word_character_graph,7299,GB-017,0.0,0.0,0.0,0.0,0.0,0.0,0.0
word_character_graph,7353,P-198,0.0,0.0,0.0,1.0,1.0,0.0,0.08333333333333333
word_character_graph,7359,P-613,0.0,0.0,0.0,0.0,0.0,0.0,0.0
word_character_graph,7362,TK-179,0.0,1.0,1.0,1.0,1.0,0.5,0.5
word_character_graph,7422,R-243,0.0,0.0,0.0,0.0,0.0,0.0,0.0
word_character_graph,7432,P-275,0.0,0.0,0.0,0.0,0.0,0.0,0.0
word_character_graph,7457,P-296,0.0,0.0,0.0,0.0,0.0,0.0,0.0
word_character_graph,7480,HP-112,0.0,0.0,0.0,0.0,1.0,0.0,0.022727272727272728
word_character_graph,7520,K-075,0.0,0.0,0.0,0.0,0.0,0.0,0.0
word_character_graph,7546,F-106,0.0,0.0,0.0,0.0,1.0,0.0,0.03333333333333333
word_character_graph,7553,FCC-083,0.0,0.0,0.0,0.0,0.0,0.0,0.0
word_character_graph,7573,GB-142,0.0,0.0,0.0,0.0,0.0,0.0,0.0
word_character_graph,7590,R-064,0.0,0.0,1.0,1.0,1.0,0.14285714285714285,0.14285714285714285
word_character_graph,7639,GS-110,0.0,0.0,0.0,0.0,0.0,0.0,0.0
word_character_graph,7686,SC-049,0.0,0.0,0.0,0.0,0.0,0.0,0.0
word_character_graph,7709,P-211,0.0,0.0,0.0,1.0,1.0,0.0,0.05555555555555555
word_character_graph,7721,M-135,0.0,0.0,0.0,0.0,0.0,0.0,0.0
word_character_graph,7726,EV-131,0.0,0.0,0.0,0.0,0.0,0.0,0.0
word_character_graph,7753,GT-081,0.0,0.0,0.0,0.0,0.0,0.0,0.0
word_character_graph,7798,M-117,0.0,0.0,0.0,0.0,0.0,0.0,0.0
word_character_graph,7812,M-033,0.0,0.0,0.0,0.0,0.0,0.0,0.0
word_character_graph,7862,HX-092,0.0,0.0,0.0,0.0,0.0,0.0,0.0
word_character_graph,7885,CV-123,0.0,0.0,0.0,0.0,1.0,0.0,0.022222222222222223
word_character_graph,7930,HP-108,0.0,0.0,0.0,0.0,0.0,0.0,0.0
word_character_graph,7942,P-695,0.0,0.0,0.0,0.0,0.0,0.0,0.0
word_character_graph,7952,HX-059,0.0,0.0,0.0,0.0,0.0,0.0,0.0
word_character_graph,7981,M-047,0.0,0.0,0.0,0.0,0.0,0.0,0.0
word_character_graph,8038,TRB-140,0.0,0.0,0.0,0.0,0.0,0.0,0.0
word_character_graph,8057,CT-115,0.0,0.0,0.0,0.0,1.0,0.0,0.020833333333333332
word_character_graph,8098,TK-111,0.0,0.0,0.0,0.0,0.0,0.0,0.0
word_character_graph,8107,K-146,0.0,0.0,0.0,0.0,0.0,0.0,0.0
word_character_graph,8226,GB-104,0.0,0.0,0.0,0.0,0.0,0.0,0.0
word_character_graph,8303,GB-139,0.0,0.0,0.0,0.0,0.0,0.0,0.0
word_character_graph,8310,M-110,0.0,0.0,0.0,0.0,0.0,0.0,0.0
word_character_graph,8360,DOS-140,0.0,0.0,0.0,0.0,0.0,0.0,0.0
word_character_graph,8423,AG-013,0.0,0.0,0.0,0.0,0.0,0.0,0.0
word_character_graph,8455,P-591,0.0,0.0,0.0,0.0,0.0,0.0,0.0
word_character_graph,8612,UF-084,0.0,0.0,0.0,0.0,0.0,0.0,0.0
word_character_graph,8621,P-217,0.0,0.0,0.0,0.0,0.0,0.0,0.0
word_character_graph,8643,VP-031,0.0,0.0,0.0,0.0,0.0,0.0,0.0
word_character_graph,8709,DC-085,0.0,0.0,0.0,0.0,0.0,0.0,0.0
word_character_graph,8748,DOS-103,0.0,0.0,0.0,0.0,1.0,0.0,0.02
word_character_graph,8796,TK-158,0.0,0.0,0.0,0.0,0.0,0.0,0.0
word_character_graph,8811,P-199,0.0,0.0,0.0,0.0,0.0,0.0,0.0
word_character_graph,8817,P-326,0.0,0.0,0.0,0.0,0.0,0.0,0.0
word_character_graph,8863,P-730,0.0,0.0,0.0,0.0,0.0,0.0,0.0
word_character_graph,8908,P-729,0.0,0.0,0.0,0.0,0.0,0.0,0.0
word_character_graph,8932,GB-091,0.0,0.0,0.0,0.0,0.0,0.0,0.0
word_character_graph,8979,AG-137,0.0,0.0,0.0,0.0,0.0,0.0,0.0
word_character_graph,9144,BM-124,0.0,0.0,0.0,0.0,0.0,0.0,0.0
word_character_graph,9154,P-436,0.0,0.0,0.0,0.0,0.0,0.0,0.0
word_character_graph,9244,TK-039,0.0,0.0,0.0,0.0,1.0,0.0,0.023255813953488372
word_character_graph,9288,K-139,0.0,0.0,0.0,0.0,1.0,0.0,0.02127659574468085
word_character_graph,9355,SD-144,0.0,0.0,1.0,1.0,1.0,0.1111111111111111,0.1111111111111111
word_character_graph,9384,BM-041,0.0,0.0,0.0,0.0,0.0,0.0,0.0
word_character_graph,9389,M-003,0.0,0.0,0.0,0.0,0.0,0.0,0.0
word_character_graph,9398,TK-034,0.0,0.0,0.0,0.0,0.0,0.0,0.0
word_character_graph,9448,SC-007,0.0,0.0,0.0,0.0,0.0,0.0,0.0
word_character_graph,9572,DOS-118,0.0,0.0,0.0,1.0,1.0,0.0,0.05555555555555555
word_character_graph,9615,R-245,0.0,0.0,0.0,0.0,0.0,0.0,0.0
word_character_graph,9682,M-054,0.0,0.0,0.0,0.0,1.0,0.0,0.02
word_character_graph,9696,SC-227,0.0,0.0,0.0,0.0,0.0,0.0,0.0
word_character_graph,9700,FCC-047,0.0,0.0,0.0,0.0,1.0,0.0,0.027777777777777776
word_character_graph,9702,HX-107,0.0,0.0,0.0,0.0,0.0,0.0,0.0
word_character_graph,9711,VP-115,0.0,0.0,0.0,0.0,0.0,0.0,0.0
word_character_graph,9714,HX-083,0.0,0.0,0.0,0.0,0.0,0.0,0.0
word_character_graph,9762,SC-143,0.0,0.0,0.0,0.0,0.0,0.0,0.0
word_character_graph,9768,GS-074,0.0,0.0,0.0,0.0,0.0,0.0,0.0
word_character_graph,9806,FM-006,0.0,0.0,0.0,0.0,0.0,0.0,0.0
word_character_graph,9892,P-436,0.0,0.0,0.0,0.0,0.0,0.0,0.0
word_character_graph,9896,UF-029,0.0,0.0,0.0,0.0,0.0,0.0,0.0
word_character_graph,9909,P-301,0.0,0.0,0.0,0.0,0.0,0.0,0.0
word_character_graph,9920,P-243,0.0,0.0,0.0,0.0,0.0,0.0,0.0
word_character_graph,9921,P-313,0.0,0.0,0.0,0.0,0.0,0.0,0.0
word_character_graph,9928,GB-141,0.0,0.0,0.0,0.0,0.0,0.0,0.0
word_character_graph,9947,P-481,0.0,0.0,0.0,0.0,0.0,0.0,0.0
word_character_graph,10079,P-569,0.0,0.0,0.0,0.0,0.0,0.0,0.0
word_character_graph,10118,HV-108,0.0,0.0,1.0,1.0,1.0,0.1111111111111111,0.1111111111111111
word_character_graph,10130,K-178,0.0,0.0,0.0,0.0,0.0,0.0,0.0
word_character_graph,10191,F-014,0.0,0.0,0.0,0.0,0.0,0.0,0.0
word_character_graph,10199,K-203,0.0,0.0,0.0,0.0,0.0,0.0,0.0
word_character_graph,10204,HV-034,0.0,0.0,0.0,0.0,0.0,0.0,0.0
word_character_graph,10213,CV-128,0.0,0.0,0.0,0.0,1.0,0.0,0.038461538461538464
word_character_graph,10223,VP-039,0.0,0.0,0.0,0.0,0.0,0.0,0.0
word_character_graph,10252,P-408,0.0,0.0,0.0,0.0,0.0,0.0,0.0
word_character_graph,10263,DRY-030,0.0,0.0,0.0,0.0,0.0,0.0,0.0
word_character_graph,10269,SC-014,0.0,0.0,0.0,0.0,0.0,0.0,0.0
word_character_graph,10344,M-073,0.0,0.0,0.0,0.0,1.0,0.0,0.02040816326530612
word_character_graph,10380,TK-108,0.0,0.0,0.0,0.0,0.0,0.0,0.0
word_character_graph,10421,CF-023,0.0,0.0,0.0,0.0,0.0,0.0,0.0
word_character_graph,10444,K-288,0.0,0.0,0.0,0.0,0.0,0.0,0.0
word_character_graph,10454,EX-065,0.0,0.0,0.0,0.0,0.0,0.0,0.0
word_character_graph,10473,P-328,0.0,0.0,0.0,0.0,0.0,0.0,0.0
word_character_graph,10493,HX-208,0.0,0.0,0.0,0.0,0.0,0.0,0.0
word_character_graph,10526,P-169,0.0,0.0,0.0,0.0,0.0,0.0,0.0
word_character_graph,10575,P-370,0.0,0.0,0.0,0.0,0.0,0.0,0.0
word_character_graph,10590,HX-107,0.0,0.0,0.0,1.0,1.0,0.0,0.058823529411764705
word_character_graph,10608,TK-106,0.0,0.0,0.0,0.0,1.0,0.0,0.027777777777777776
word_character_graph,10627,P-365,0.0,0.0,0.0,0.0,0.0,0.0,0.0
word_character_graph,10630,HV-049,0.0,0.0,0.0,0.0,0.0,0.0,0.0
word_character_graph,10632,P-262,0.0,0.0,0.0,0.0,0.0,0.0,0.0
word_character_graph,10647,R-069,0.0,0.0,0.0,0.0,1.0,0.0,0.04
word_character_graph,10704,CR-123,0.0,0.0,0.0,0.0,0.0,0.0,0.0
word_character_graph,10755,BM-143,0.0,0.0,0.0,0.0,0.0,0.0,0.0
word_character_graph,10780,P-234,0.0,0.0,0.0,0.0,0.0,0.0,0.0
word_character_graph,10789,P-204,0.0,0.0,0.0,0.0,0.0,0.0,0.0
word_character_graph,10825,HV-102,0.0,0.0,0.0,0.0,0.0,0.0,0.0
word_character_graph,10828,M-014,0.0,0.0,0.0,0.0,0.0,0.0,0.0
word_character_graph,10932,SC-014,0.0,0.0,0.0,0.0,0.0,0.0,0.0
word_character_graph,10939,GT-104,0.0,0.0,0.0,0.0,1.0,0.0,0.022222222222222223
word_character_graph,10966,P-362,0.0,0.0,0.0,0.0,0.0,0.0,0.0
word_character_graph,10970,CF-100,0.0,0.0,0.0,0.0,0.0,0.0,0.0
word_character_graph,10981,GB-068,0.0,0.0,0.0,0.0,0.0,0.0,0.0
word_character_graph,11002,VP-054,0.0,0.0,0.0,0.0,0.0,0.0,0.0
word_character_graph,11009,TK-204,0.0,0.0,0.0,0.0,0.0,0.0,0.0
word_character_graph,11068,SC-103,0.0,0.0,0.0,0.0,0.0,0.0,0.0
word_character_graph,11101,CV-272,0.0,0.0,0.0,0.0,0.0,0.0,0.0
word_character_graph,11149,P-602,0.0,0.0,0.0,0.0,0.0,0.0,0.0
word_character_graph,11165,RLP-059,0.0,0.0,0.0,0.0,0.0,0.0,0.0
word_character_graph,11173,K-016,0.0,0.0,0.0,0.0,0.0,0.0,0.0
word_character_graph,11200,AG-090,0.0,0.0,0.0,0.0,0.0,0.0,0.0
word_character_graph,11221,TK-113,0.0,0.0,0.0,0.0,1.0,0.0,0.03225806451612903
word_character_graph,11278,P-682,0.0,0.0,0.0,0.0,0.0,0.0,0.0
word_character_graph,11282,M-039,0.0,0.0,0.0,0.0,0.0,0.0,0.0
word_character_graph,11372,P-204,0.0,0.0,0.0,0.0,0.0,0.0,0.0
word_character_graph,11373,UF-092,0.0,0.0,0.0,0.0,0.0,0.0,0.0
word_character_graph,11385,CF-013,0.0,0.0,0.0,0.0,0.0,0.0,0.0
word_character_graph,11400,P-228,0.0,0.0,0.0,0.0,0.0,0.0,0.0
word_character_graph,11403,CV-050,0.0,0.0,0.0,0.0,0.0,0.0,0.0
word_character_graph,11458,CV-241,0.0,0.0,0.0,0.0,0.0,0.0,0.0
word_character_graph,11467,CF-102,0.0,0.0,0.0,0.0,0.0,0.0,0.0
word_character_graph,11474,GB-112,0.0,0.0,0.0,0.0,0.0,0.0,0.0
word_character_graph,11580,K-132,0.0,0.0,0.0,0.0,0.0,0.0,0.0
word_character_graph,11584,BM-115,0.0,0.0,0.0,1.0,1.0,0.0,0.05263157894736842
word_character_graph,11622,M-146,0.0,0.0,0.0,0.0,1.0,0.0,0.04
word_character_graph,11673,SC-006,0.0,0.0,0.0,0.0,0.0,0.0,0.0
word_character_graph,11701,HX-127,0.0,0.0,0.0,0.0,0.0,0.0,0.0
word_character_graph,11713,BM-063,0.0,0.0,0.0,0.0,0.0,0.0,0.0
word_character_graph,11820,FCC-040,0.0,1.0,1.0,1.0,1.0,0.3333333333333333,0.3333333333333333
word_character_graph,11917,BLR-043,0.0,0.0,0.0,0.0,0.0,0.0,0.0
word_character_graph,11959,P-501,0.0,0.0,0.0,0.0,0.0,0.0,0.0
word_character_graph,11974,M-057,0.0,0.0,0.0,0.0,0.0,0.0,0.0
word_character_graph,11997,P-224,0.0,0.0,0.0,0.0,1.0,0.0,0.02857142857142857
word_character_graph,12047,F-011,0.0,0.0,0.0,0.0,1.0,0.0,0.024390243902439025
word_character_graph,12076,FM-056,0.0,0.0,0.0,0.0,0.0,0.0,0.0
word_character_graph,12080,HP-056,0.0,0.0,0.0,0.0,0.0,0.0,0.0
word_character_graph,12214,P-271,0.0,0.0,0.0,0.0,0.0,0.0,0.0
word_character_graph,12238,BLR-103,0.0,0.0,0.0,0.0,0.0,0.0,0.0
word_character_graph,12262,P-287,0.0,0.0,0.0,0.0,0.0,0.0,0.0
word_character_graph,12303,BLR-046,0.0,0.0,0.0,0.0,0.0,0.0,0.0
word_character_graph,12316,SC-038,0.0,0.0,0.0,0.0,0.0,0.0,0.0
word_character_graph,12330,P-596,0.0,0.0,0.0,0.0,0.0,0.0,0.0
word_character_graph,12340,BLR-046,0.0,0.0,0.0,0.0,0.0,0.0,0.0
word_character_graph,12437,K-064,0.0,0.0,0.0,0.0,0.0,0.0,0.0
word_character_graph,12449,M-037,0.0,0.0,0.0,1.0,1.0,0.0,0.07692307692307693
word_character_graph,12468,P-536,0.0,0.0,0.0,0.0,0.0,0.0,0.0
word_character_graph,12503,EV-136,0.0,0.0,0.0,0.0,0.0,0.0,0.0
word_character_graph,12519,P-351,0.0,0.0,0.0,0.0,0.0,0.0,0.0
word_character_graph,12533,GT-073,0.0,0.0,0.0,0.0,0.0,0.0,0.0
word_character_graph,12567,P-245,0.0,0.0,0.0,0.0,1.0,0.0,0.03225806451612903
word_character_graph,12738,M-074,0.0,0.0,0.0,0.0,0.0,0.0,0.0
word_character_graph,12757,VP-092,0.0,0.0,0.0,0.0,0.0,0.0,0.0
word_character_graph,12850,P-677,0.0,0.0,0.0,0.0,0.0,0.0,0.0
word_character_graph,12890,SC-019,0.0,0.0,0.0,0.0,0.0,0.0,0.0
word_character_graph,12907,P-309,0.0,0.0,0.0,0.0,0.0,0.0,0.0
word_character_graph,13027,BM-004,0.0,0.0,0.0,0.0,0.0,0.0,0.0
word_character_graph,13073,UF-093,0.0,0.0,0.0,0.0,1.0,0.0,0.023255813953488372
word_character_graph,13091,TK-038,0.0,0.0,0.0,0.0,0.0,0.0,0.0
word_character_graph,13158,TK-225,0.0,0.0,0.0,0.0,0.0,0.0,0.0
word_character_graph,13168,TK-110,0.0,0.0,0.0,0.0,0.0,0.0,0.0
word_character_graph,13229,K-108,0.0,0.0,0.0,0.0,0.0,0.0,0.0
word_character_graph,13233,P-206,0.0,0.0,0.0,0.0,0.0,0.0,0.0
word_character_graph,13319,GT-023,0.0,0.0,0.0,0.0,0.0,0.0,0.0
word_character_graph,13337,CF-057,0.0,0.0,0.0,0.0,0.0,0.0,0.0
word_character_graph,13346,P-218,0.0,0.0,0.0,0.0,0.0,0.0,0.0
word_character_graph,13409,P-290,0.0,0.0,0.0,0.0,0.0,0.0,0.0
word_character_graph,13481,GT-064,0.0,0.0,0.0,0.0,0.0,0.0,0.0
word_character_graph,13541,K-031,0.0,0.0,0.0,0.0,0.0,0.0,0.0
word_character_graph,13562,K-096,0.0,0.0,0.0,0.0,0.0,0.0,0.0
word_character_graph,13581,VP-014,0.0,0.0,0.0,0.0,0.0,0.0,0.0
word_character_graph,13585,P-415,0.0,0.0,0.0,0.0,0.0,0.0,0.0
word_character_graph,13607,DC-022,0.0,0.0,0.0,0.0,0.0,0.0,0.0
word_character_graph,13643,P-397,0.0,0.0,0.0,0.0,0.0,0.0,0.0
word_character_graph,13651,P-719,0.0,0.0,0.0,0.0,0.0,0.0,0.0
word_character_graph,13657,CT-022,0.0,0.0,0.0,0.0,0.0,0.0,0.0
word_character_graph,13752,HX-059,0.0,0.0,0.0,0.0,0.0,0.0,0.0
word_character_graph,13836,CF-145,0.0,0.0,0.0,0.0,0.0,0.0,0.0
word_character_graph,13839,CV-230,0.0,0.0,0.0,0.0,0.0,0.0,0.0
word_character_graph,13880,HP-047,0.0,0.0,0.0,0.0,0.0,0.0,0.0
word_character_graph,13883,TK-144,0.0,0.0,0.0,0.0,0.0,0.0,0.0
word_character_graph,13906,GB-006,0.0,0.0,0.0,0.0,0.0,0.0,0.0
word_character_graph,13931,HX-061,0.0,0.0,0.0,0.0,0.0,0.0,0.0
word_character_graph,13941,P-223,0.0,0.0,0.0,0.0,0.0,0.0,0.0
word_character_graph,13956,F-243,0.0,0.0,0.0,0.0,0.0,0.0,0.0
word_character_graph,14052,FM-107,0.0,0.0,0.0,0.0,0.0,0.0,0.0
word_character_graph,14122,P-366,0.0,0.0,0.0,0.0,0.0,0.0,0.0
word_character_graph,14132,M-134,0.0,0.0,0.0,0.0,1.0,0.0,0.03571428571428571
word_character_graph,14140,DC-044,0.0,0.0,0.0,0.0,0.0,0.0,0.0
word_character_graph,14188,CT-103,0.0,0.0,0.0,0.0,0.0,0.0,0.0
word_character_graph,14229,R-138,0.0,0.0,0.0,0.0,0.0,0.0,0.0
word_character_graph,14243,P-219,0.0,0.0,0.0,0.0,0.0,0.0,0.0
word_character_graph,14298,P-313,0.0,0.0,0.0,0.0,0.0,0.0,0.0
word_character_graph,14339,M-062,0.0,0.0,0.0,0.0,0.0,0.0,0.0
word_character_graph,14428,VP-125,0.0,0.0,0.0,0.0,0.0,0.0,0.0
word_character_graph,14483,P-476,0.0,0.0,0.0,0.0,0.0,0.0,0.0
word_character_graph,14520,HX-050,0.0,0.0,0.0,0.0,0.0,0.0,0.0
word_character_graph,14639,TRB-097,0.0,0.0,0.0,0.0,0.0,0.0,0.0
word_character_graph,14660,SC-139,0.0,0.0,0.0,0.0,0.0,0.0,0.0
word_character_graph,14683,BM-115,0.0,0.0,0.0,0.0,1.0,0.0,0.030303030303030304
word_character_graph,14784,M-106,0.0,0.0,0.0,0.0,0.0,0.0,0.0
word_character_graph,14788,P-308,0.0,0.0,0.0,0.0,0.0,0.0,0.0
word_character_graph,14805,F-087,0.0,0.0,0.0,0.0,0.0,0.0,0.0
word_character_graph,14820,TRB-133,0.0,0.0,0.0,0.0,0.0,0.0,0.0
word_character_graph,14870,CT-058,0.0,0.0,0.0,0.0,0.0,0.0,0.0
word_character_graph,14892,P-438,0.0,0.0,0.0,0.0,0.0,0.0,0.0
word_character_graph,14904,CV-056,0.0,0.0,0.0,0.0,0.0,0.0,0.0
word_character_graph,14930,P-244,0.0,0.0,0.0,0.0,0.0,0.0,0.0
word_character_graph,15041,GB-087,0.0,0.0,0.0,1.0,1.0,0.0,0.07142857142857142
word_character_graph,15044,TRB-136,0.0,0.0,0.0,0.0,0.0,0.0,0.0
word_character_graph,15050,TRB-131,0.0,0.0,0.0,0.0,0.0,0.0,0.0
word_character_graph,15084,F-176,0.0,0.0,0.0,0.0,0.0,0.0,0.0
word_character_graph,15103,HP-133,0.0,0.0,0.0,0.0,1.0,0.0,0.03125
word_character_graph,15169,P-219,0.0,0.0,0.0,0.0,0.0,0.0,0.0
word_character_graph,15181,GS-124,0.0,0.0,0.0,0.0,0.0,0.0,0.0
word_character_graph,15232,TK-315,0.0,0.0,0.0,0.0,0.0,0.0,0.0
word_character_graph,15318,R-082,0.0,0.0,0.0,0.0,0.0,0.0,0.0
word_character_graph,15368,R-070,0.0,0.0,0.0,0.0,0.0,0.0,0.0
word_character_graph,15413,VP-064,0.0,0.0,0.0,0.0,0.0,0.0,0.0
word_character_graph,15416,HV-213,0.0,0.0,0.0,0.0,0.0,0.0,0.0
word_character_graph,15453,DP-123,0.0,0.0,0.0,0.0,0.0,0.0,0.0
word_character_graph,15472,TK-243,0.0,0.0,0.0,0.0,0.0,0.0,0.0
word_character_graph,15481,P-159,0.0,0.0,0.0,0.0,0.0,0.0,0.0
word_character_graph,15524,HX-125,0.0,0.0,0.0,0.0,0.0,0.0,0.0
word_character_graph,15539,P-419,0.0,0.0,0.0,1.0,1.0,0.0,0.07692307692307693
word_character_graph,15619,CT-107,0.0,0.0,0.0,0.0,0.0,0.0,0.0
word_character_graph,15677,TK-194,0.0,0.0,0.0,0.0,0.0,0.0,0.0
word_character_graph,15721,CR-047,0.0,0.0,0.0,0.0,0.0,0.0,0.0
word_character_graph,15723,P-592,0.0,0.0,0.0,0.0,0.0,0.0,0.0
word_character_graph,15728,SD-121,0.0,0.0,0.0,0.0,0.0,0.0,0.0
word_character_graph,15775,M-036,0.0,0.0,0.0,0.0,0.0,0.0,0.0
word_character_graph,15786,CT-091,0.0,0.0,0.0,0.0,0.0,0.0,0.0
word_character_graph,15844,GT-142,0.0,0.0,0.0,0.0,0.0,0.0,0.0
word_character_graph,15915,F-122,0.0,0.0,0.0,0.0,0.0,0.0,0.0
word_character_graph,15938,TK-334,0.0,0.0,0.0,0.0,0.0,0.0,0.0
word_character_graph,16020,M-025,0.0,0.0,0.0,0.0,1.0,0.0,0.020833333333333332
word_character_graph,16042,DOS-083,0.0,0.0,0.0,0.0,0.0,0.0,0.0
word_character_graph,16055,K-214,0.0,0.0,0.0,0.0,0.0,0.0,0.0
word_character_graph,16059,HX-145,0.0,0.0,0.0,0.0,0.0,0.0,0.0
word_character_graph,16087,P-743,0.0,0.0,0.0,0.0,0.0,0.0,0.0
word_character_graph,16118,F-053,0.0,0.0,0.0,0.0,0.0,0.0,0.0
word_character_graph,16133,HX-044,0.0,0.0,0.0,0.0,0.0,0.0,0.0
word_character_graph,16181,K-015,0.0,0.0,0.0,0.0,1.0,0.0,0.024390243902439025
word_character_graph,16182,CV-079,0.0,0.0,0.0,0.0,0.0,0.0,0.0
word_character_graph,16188,DRY-128,0.0,0.0,0.0,0.0,0.0,0.0,0.0
word_character_graph,16193,HP-047,0.0,0.0,0.0,0.0,1.0,0.0,0.02564102564102564
word_character_graph,16199,HX-068,0.0,0.0,0.0,0.0,0.0,0.0,0.0
word_character_graph,16257,DC-065,0.0,0.0,0.0,0.0,0.0,0.0,0.0
word_character_graph,16258,AG-049,0.0,1.0,1.0,1.0,1.0,0.3333333333333333,0.3333333333333333
word_character_graph,16296,BM-108,0.0,0.0,0.0,0.0,0.0,0.0,0.0
word_character_graph,16316,SD-033,0.0,0.0,0.0,0.0,0.0,0.0,0.0
word_character_graph,16375,BLR-111,0.0,0.0,0.0,1.0,1.0,0.0,0.08333333333333333
word_character_graph,16402,P-534,0.0,0.0,0.0,0.0,0.0,0.0,0.0
word_character_graph,16416,HV-116,0.0,0.0,0.0,0.0,0.0,0.0,0.0
word_character_graph,16474,TK-046,0.0,0.0,0.0,0.0,0.0,0.0,0.0
word_character_graph,16476,DC-137,0.0,0.0,0.0,1.0,1.0,0.0,0.08333333333333333
word_character_graph,16485,CT-106,0.0,0.0,0.0,0.0,0.0,0.0,0.0
word_character_graph,16515,K-100,0.0,0.0,0.0,0.0,0.0,0.0,0.0
word_character_graph,16519,TK-068,0.0,0.0,0.0,0.0,0.0,0.0,0.0
word_character_graph,16601,P-546,0.0,0.0,0.0,0.0,0.0,0.0,0.0
word_character_graph,16726,HV-032,0.0,0.0,0.0,0.0,0.0,0.0,0.0
word_character_graph,16768,P-142,0.0,0.0,0.0,0.0,1.0,0.0,0.045454545454545456
word_character_graph,16778,DOS-078,0.0,0.0,0.0,0.0,0.0,0.0,0.0
word_character_graph,16793,DP-108,0.0,0.0,0.0,0.0,0.0,0.0,0.0
word_character_graph,16825,SD-105,0.0,0.0,0.0,0.0,0.0,0.0,0.0
word_character_graph,16858,HV-105,0.0,0.0,0.0,0.0,0.0,0.0,0.0
word_character_graph,16901,P-402,0.0,0.0,0.0,0.0,0.0,0.0,0.0
word_character_graph,16961,CV-058,0.0,0.0,0.0,0.0,0.0,0.0,0.0
word_character_graph,16982,CV-046,0.0,0.0,0.0,0.0,0.0,0.0,0.0
word_character_graph,16990,TK-229,0.0,0.0,0.0,0.0,0.0,0.0,0.0
word_character_graph,17021,UF-110,0.0,0.0,0.0,0.0,0.0,0.0,0.0
word_character_graph,17112,P-501,0.0,0.0,0.0,0.0,0.0,0.0,0.0
word_character_graph,17123,P-341,0.0,0.0,0.0,0.0,0.0,0.0,0.0
word_character_graph,17154,TK-049,0.0,0.0,0.0,0.0,1.0,0.0,0.03125
word_character_graph,17173,HX-206,0.0,0.0,0.0,0.0,0.0,0.0,0.0
word_character_graph,17180,CV-071,0.0,0.0,0.0,0.0,0.0,0.0,0.0
word_character_graph,17184,HV-127,0.0,0.0,0.0,0.0,0.0,0.0,0.0
word_character_graph,17203,M-089,0.0,0.0,0.0,0.0,0.0,0.0,0.0
word_character_graph,17283,P-479,0.0,0.0,0.0,0.0,0.0,0.0,0.0
word_character_graph,17299,M-078,0.0,0.0,0.0,0.0,1.0,0.0,0.022222222222222223
word_character_graph,17308,BLR-075,0.0,0.0,0.0,0.0,0.0,0.0,0.0
word_character_graph,17318,GB-102,0.0,0.0,0.0,0.0,0.0,0.0,0.0
word_character_graph,17326,P-209,0.0,0.0,0.0,0.0,0.0,0.0,0.0
word_character_graph,17332,GB-079,0.0,0.0,0.0,0.0,0.0,0.0,0.0
word_character_graph,17347,SC-052,0.0,0.0,0.0,0.0,0.0,0.0,0.0
word_character_graph,17349,R-073,0.0,0.0,0.0,0.0,0.0,0.0,0.0
word_character_graph,17369,M-133,0.0,0.0,0.0,0.0,1.0,0.0,0.038461538461538464
word_character_graph,17380,BLR-101,0.0,0.0,0.0,0.0,0.0,0.0,0.0
word_character_graph,17385,CV-128,0.0,0.0,0.0,0.0,1.0,0.0,0.037037037037037035
word_character_graph,17394,HV-052,0.0,0.0,0.0,0.0,0.0,0.0,0.0
word_character_graph,17467,P-332,0.0,0.0,0.0,0.0,0.0,0.0,0.0
word_character_graph,17592,TK-290,0.0,0.0,0.0,0.0,0.0,0.0,0.0
word_character_graph,17597,P-582,0.0,0.0,0.0,0.0,0.0,0.0,0.0
word_character_graph,17620,HV-031,0.0,0.0,0.0,0.0,0.0,0.0,0.0
word_character_graph,17653,F-233,0.0,0.0,0.0,0.0,0.0,0.0,0.0
word_character_graph,17664,P-215,0.0,0.0,0.0,0.0,0.0,0.0,0.0
word_character_graph,17690,P-210,0.0,0.0,0.0,0.0,0.0,0.0,0.0
word_character_graph,17749,P-338,0.0,0.0,0.0,0.0,0.0,0.0,0.0
word_character_graph,17843,P-144,0.0,0.0,0.0,0.0,0.0,0.0,0.0
word_character_graph,17864,F-054,0.0,0.0,0.0,0.0,0.0,0.0,0.0
word_character_graph,17884,GB-069,0.0,0.0,0.0,0.0,0.0,0.0,0.0
word_character_graph,17924,F-070,0.0,0.0,0.0,0.0,1.0,0.0,0.02702702702702703
word_character_graph,17985,GS-004,0.0,0.0,0.0,0.0,0.0,0.0,0.0
word_character_graph,18060,CT-108,0.0,0.0,0.0,0.0,1.0,0.0,0.022222222222222223
word_character_graph,18071,P-303,0.0,0.0,0.0,0.0,0.0,0.0,0.0
word_character_graph,18093,TK-059,0.0,0.0,0.0,0.0,0.0,0.0,0.0
word_character_graph,18101,BLR-143,0.0,0.0,0.0,0.0,0.0,0.0,0.0
word_character_graph,18176,DRY-112,0.0,0.0,0.0,0.0,0.0,0.0,0.0
word_character_graph,18184,FM-121,0.0,0.0,0.0,0.0,0.0,0.0,0.0
word_character_graph,18230,CF-111,0.0,0.0,0.0,0.0,0.0,0.0,0.0
word_character_graph,18250,SC-008,0.0,0.0,0.0,0.0,0.0,0.0,0.0
word_character_graph,18256,F-013,0.0,0.0,0.0,0.0,1.0,0.0,0.02040816326530612
word_character_graph,18291,CF-140,0.0,0.0,0.0,0.0,0.0,0.0,0.0
word_character_graph,18354,GS-128,0.0,0.0,0.0,0.0,0.0,0.0,0.0
word_character_graph,18355,SC-101,0.0,0.0,0.0,0.0,0.0,0.0,0.0
word_character_graph,18369,P-356,0.0,0.0,0.0,0.0,0.0,0.0,0.0
word_character_graph,18394,DOS-067,0.0,0.0,0.0,0.0,0.0,0.0,0.0
word_character_graph,18437,CV-049,0.0,0.0,0.0,0.0,1.0,0.0,0.03333333333333333
word_character_graph,18441,M-120,0.0,0.0,0.0,0.0,0.0,0.0,0.0
word_character_graph,18451,AG-126,0.0,0.0,0.0,0.0,0.0,0.0,0.0
word_character_graph,18477,P-264,0.0,0.0,0.0,0.0,0.0,0.0,0.0
word_character_graph,18535,M-080,0.0,0.0,0.0,0.0,0.0,0.0,0.0
word_character_graph,18548,M-077,0.0,0.0,0.0,0.0,0.0,0.0,0.0
word_character_graph,18598,K-104,0.0,0.0,0.0,0.0,0.0,0.0,0.0
word_character_graph,18648,CR-143,0.0,0.0,0.0,0.0,0.0,0.0,0.0
word_character_graph,18671,UF-070,0.0,0.0,0.0,0.0,0.0,0.0,0.0
word_character_graph,18730,P-508,0.0,0.0,0.0,0.0,0.0,0.0,0.0
word_character_graph,18741,TRB-104,0.0,0.0,0.0,0.0,1.0,0.0,0.041666666666666664
word_character_graph,18751,GS-104,0.0,0.0,0.0,0.0,0.0,0.0,0.0
word_character_graph,18790,M-104,0.0,0.0,0.0,0.0,0.0,0.0,0.0
word_character_graph,18799,K-144,0.0,0.0,1.0,1.0,1.0,0.125,0.125
word_character_graph,18815,R-294,0.0,0.0,0.0,0.0,0.0,0.0,0.0
word_character_graph,18818,P-665,0.0,0.0,0.0,0.0,0.0,0.0,0.0
word_character_graph,18848,HX-075,0.0,0.0,0.0,0.0,0.0,0.0,0.0
word_character_graph,18890,P-459,0.0,0.0,0.0,0.0,0.0,0.0,0.0
word_character_graph,18951,F-212,0.0,0.0,0.0,0.0,0.0,0.0,0.0
word_character_graph,19249,RLP-069,0.0,0.0,0.0,0.0,1.0,0.0,0.029411764705882353
word_character_graph,19272,CV-305,0.0,0.0,0.0,0.0,0.0,0.0,0.0
word_character_graph,19351,HX-047,0.0,0.0,0.0,0.0,0.0,0.0,0.0
word_character_graph,19463,BM-080,0.0,1.0,1.0,1.0,1.0,0.2,0.2
word_character_graph,19467,K-039,0.0,0.0,0.0,0.0,0.0,0.0,0.0
word_character_graph,19469,HX-136,0.0,0.0,0.0,0.0,0.0,0.0,0.0
word_character_graph,19494,GB-125,0.0,0.0,0.0,0.0,0.0,0.0,0.0
word_character_graph,19546,BLR-079,0.0,0.0,0.0,0.0,0.0,0.0,0.0
word_character_graph,19676,P-667,0.0,0.0,0.0,0.0,0.0,0.0,0.0
word_character_graph,19693,F-133,0.0,0.0,0.0,0.0,0.0,0.0,0.0
word_character_graph,19704,HX-226,0.0,0.0,0.0,0.0,0.0,0.0,0.0
word_character_graph,19732,EX-057,0.0,0.0,0.0,0.0,0.0,0.0,0.0
word_character_graph,19754,P-692,0.0,0.0,0.0,0.0,0.0,0.0,0.0
word_character_graph,19881,TK-199,0.0,0.0,0.0,0.0,0.0,0.0,0.0
word_character_graph,19968,P-121,0.0,0.0,0.0,0.0,0.0,0.0,0.0
word_character_graph,20016,GB-029,0.0,0.0,0.0,0.0,0.0,0.0,0.0
word_character_graph,20085,P-125,0.0,0.0,0.0,0.0,0.0,0.0,0.0
word_character_graph,20097,P-222,0.0,0.0,0.0,0.0,0.0,0.0,0.0
word_character_graph,20102,P-134,0.0,0.0,0.0,0.0,0.0,0.0,0.0
word_character_graph,20114,P-429,0.0,0.0,0.0,0.0,0.0,0.0,0.0
word_character_graph,20158,HP-105,0.0,0.0,0.0,0.0,0.0,0.0,0.0
word_character_graph,20168,HX-032,0.0,0.0,0.0,0.0,0.0,0.0,0.0
word_character_graph,20316,DRY-01,0.0,0.0,0.0,0.0,0.0,0.0,0.0
word_character_graph,20360,TK-140,0.0,1.0,1.0,1.0,1.0,0.3333333333333333,0.3333333333333333
word_character_graph,20385,P-182,0.0,0.0,0.0,0.0,0.0,0.0,0.0
word_character_graph,20390,P-319,0.0,0.0,0.0,0.0,0.0,0.0,0.0
word_character_graph,20406,F-015,0.0,0.0,0.0,0.0,0.0,0.0,0.0
word_character_graph,20472,TK-254,0.0,0.0,0.0,0.0,0.0,0.0,0.0
word_character_graph,20473,BM-080,0.0,0.0,0.0,0.0,0.0,0.0,0.0
word_character_graph,20500,TRB-050,0.0,0.0,1.0,1.0,1.0,0.16666666666666666,0.16666666666666666
word_character_graph,20539,F-216,0.0,0.0,0.0,0.0,0.0,0.0,0.0
word_character_graph,20559,EV-076,0.0,0.0,0.0,0.0,0.0,0.0,0.0
word_character_graph,20563,GT-104,0.0,0.0,0.0,0.0,0.0,0.0,0.0
word_character_graph,20587,SD-062,0.0,0.0,0.0,0.0,1.0,0.0,0.04
word_character_graph,20614,F-010,0.0,0.0,0.0,0.0,0.0,0.0,0.0
word_character_graph,20622,M-133,0.0,0.0,0.0,0.0,0.0,0.0,0.0
word_character_graph,20717,P-354,0.0,0.0,0.0,0.0,0.0,0.0,0.0
word_character_graph,20723,HP-128,0.0,0.0,0.0,0.0,0.0,0.0,0.0
word_character_graph,20725,DOS-091,0.0,1.0,1.0,1.0,1.0,0.3333333333333333,0.3333333333333333
word_character_graph,20730,K-149,0.0,0.0,0.0,0.0,0.0,0.0,0.0
word_character_graph,20873,P-261,0.0,0.0,0.0,0.0,0.0,0.0,0.0
word_character_graph,20887,TK-004,0.0,0.0,0.0,0.0,0.0,0.0,0.0
word_character_graph,20920,EV-133,0.0,0.0,0.0,0.0,0.0,0.0,0.0
word_character_graph,20921,P-517,0.0,0.0,0.0,0.0,0.0,0.0,0.0
word_character_graph,20998,TK-103,0.0,0.0,0.0,0.0,1.0,0.0,0.02
word_character_graph,21018,TK-118,0.0,0.0,0.0,0.0,0.0,0.0,0.0
word_character_graph,21042,FM-023,0.0,0.0,0.0,1.0,1.0,0.0,0.05263157894736842
word_character_graph,21045,HX-341,0.0,0.0,0.0,0.0,0.0,0.0,0.0
word_character_graph,21054,M-117,0.0,0.0,0.0,0.0,0.0,0.0,0.0
word_character_graph,21055,AG-031,0.0,0.0,0.0,0.0,0.0,0.0,0.0
word_character_graph,21148,R-126,0.0,0.0,0.0,0.0,0.0,0.0,0.0
word_character_graph,21159,P-339,0.0,0.0,0.0,0.0,0.0,0.0,0.0
word_character_graph,21194,K-102,0.0,0.0,0.0,0.0,0.0,0.0,0.0
word_character_graph,21259,HX-090,0.0,0.0,0.0,0.0,0.0,0.0,0.0
word_character_graph,21271,SEP-111,0.0,0.0,0.0,0.0,0.0,0.0,0.0
word_character_graph,21306,P-262,0.0,0.0,0.0,0.0,0.0,0.0,0.0
word_character_graph,21364,P-196,0.0,0.0,0.0,0.0,0.0,0.0,0.0
word_character_graph,21389,P-114,0.0,0.0,0.0,0.0,0.0,0.0,0.0
word_character_graph,21505,M-066,0.0,0.0,0.0,0.0,0.0,0.0,0.0
word_character_graph,21519,CF-140,0.0,0.0,0.0,0.0,1.0,0.0,0.029411764705882353
word_character_graph,21532,TK-209,0.0,0.0,0.0,0.0,0.0,0.0,0.0
word_character_graph,21539,P-133,0.0,0.0,0.0,0.0,0.0,0.0,0.0
word_character_graph,21598,HV-061,0.0,0.0,0.0,0.0,0.0,0.0,0.0
word_character_graph,21605,BM-107,0.0,0.0,0.0,0.0,0.0,0.0,0.0
word_character_graph,21661,M-146,0.0,0.0,0.0,0.0,1.0,0.0,0.043478260869565216
word_character_graph,21662,FM-106,0.0,0.0,0.0,0.0,0.0,0.0,0.0
word_character_graph,21689,VP-122,0.0,0.0,0.0,0.0,0.0,0.0,0.0
word_character_graph,21698,M-081,0.0,0.0,0.0,0.0,0.0,0.0,0.0
word_character_graph,21815,TK-120,0.0,0.0,0.0,0.0,0.0,0.0,0.0
word_character_graph,21828,EX-132,0.0,0.0,0.0,0.0,0.0,0.0,0.0
word_character_graph,21914,P-439,0.0,0.0,0.0,0.0,0.0,0.0,0.0
word_character_graph,21945,P-472,0.0,0.0,0.0,0.0,0.0,0.0,0.0
word_character_graph,22050,R-104,0.0,0.0,0.0,0.0,0.0,0.0,0.0
word_character_graph,22106,K-236,0.0,0.0,0.0,0.0,0.0,0.0,0.0
word_character_graph,22113,F-048,0.0,0.0,0.0,0.0,0.0,0.0,0.0
word_character_graph,22164,DP-029,0.0,0.0,0.0,0.0,0.0,0.0,0.0
word_character_graph,22171,BLR-100,0.0,0.0,0.0,0.0,0.0,0.0,0.0
word_character_graph,22253,SEP-119,0.0,0.0,0.0,0.0,0.0,0.0,0.0
word_character_graph,22283,FM-049,0.0,0.0,0.0,0.0,0.0,0.0,0.0
word_character_graph,22289,M-114,0.0,0.0,0.0,0.0,0.0,0.0,0.0
word_character_graph,22294,RLP-075,0.0,0.0,0.0,0.0,0.0,0.0,0.0
word_character_graph,22331,SEP-101,0.0,0.0,0.0,0.0,0.0,0.0,0.0
word_character_graph,22360,GB-199,0.0,0.0,0.0,0.0,0.0,0.0,0.0
word_character_graph,22391,HX-433,0.0,0.0,0.0,0.0,0.0,0.0,0.0
word_character_graph,22407,BLR-007,0.0,0.0,0.0,0.0,0.0,0.0,0.0
word_character_graph,22433,CV-108,0.0,0.0,0.0,0.0,0.0,0.0,0.0
word_character_graph,22461,F-107,0.0,0.0,0.0,0.0,0.0,0.0,0.0
word_character_graph,22570,BLR-015,0.0,0.0,0.0,0.0,0.0,0.0,0.0
word_character_graph,22599,SEP-030,0.0,0.0,0.0,0.0,0.0,0.0,0.0
word_character_graph,22657,EV-101,0.0,0.0,0.0,0.0,0.0,0.0,0.0
word_character_graph,22658,P-137,0.0,0.0,0.0,0.0,0.0,0.0,0.0
word_character_graph,22714,DC-031,0.0,0.0,0.0,0.0,0.0,0.0,0.0
word_character_graph,22716,TK-109,0.0,0.0,0.0,0.0,0.0,0.0,0.0
word_character_graph,22844,CV-100,0.0,0.0,0.0,0.0,0.0,0.0,0.0
word_character_graph,22859,P-164,0.0,0.0,0.0,0.0,0.0,0.0,0.0
word_character_graph,22864,AG-125,0.0,0.0,0.0,0.0,0.0,0.0,0.0
word_character_graph,22875,K-229,0.0,0.0,0.0,0.0,0.0,0.0,0.0
word_character_graph,22900,SC-074,0.0,0.0,0.0,0.0,0.0,0.0,0.0
word_character_graph,22904,DRY-068,0.0,0.0,0.0,0.0,0.0,0.0,0.0
word_character_graph,22959,FM-009,0.0,0.0,0.0,0.0,0.0,0.0,0.0
word_character_graph,22984,P-156,0.0,0.0,0.0,0.0,0.0,0.0,0.0
word_character_graph,22992,P-528,0.0,0.0,0.0,0.0,0.0,0.0,0.0
word_character_graph,23008,K-064,0.0,0.0,0.0,0.0,0.0,0.0,0.0
word_character_graph,23048,GB-085,0.0,0.0,0.0,0.0,0.0,0.0,0.0
word_character_graph,23058,CV-007,0.0,0.0,0.0,0.0,0.0,0.0,0.0
word_character_graph,23074,EV-006,0.0,0.0,0.0,0.0,0.0,0.0,0.0
word_character_graph,23105,P-166,0.0,0.0,0.0,0.0,0.0,0.0,0.0
word_character_graph,23173,EV-125,0.0,0.0,0.0,0.0,0.0,0.0,0.0
word_character_graph,23184,CV-057,0.0,0.0,0.0,0.0,0.0,0.0,0.0
word_character_graph,23309,HX-239,0.0,0.0,0.0,0.0,0.0,0.0,0.0
word_character_graph,23327,SC-141,0.0,0.0,0.0,0.0,0.0,0.0,0.0
word_character_graph,23370,P-228,1.0,1.0,1.0,1.0,1.0,1.0,1.0
word_character_graph,23377,VP-133,0.0,0.0,0.0,0.0,0.0,0.0,0.0
word_character_graph,23403,P-155,0.0,0.0,0.0,0.0,0.0,0.0,0.0
word_character_graph,23462,P-104,0.0,0.0,0.0,0.0,0.0,0.0,0.0
word_character_graph,23502,K-207,0.0,0.0,0.0,0.0,0.0,0.0,0.0
word_character_graph,23512,HX-017,0.0,0.0,0.0,0.0,0.0,0.0,0.0
word_character_graph,23519,M-041,0.0,0.0,0.0,0.0,0.0,0.0,0.0
word_character_graph,23526,P-674,0.0,0.0,0.0,0.0,0.0,0.0,0.0
word_character_graph,23528,UF-126,0.0,0.0,0.0,0.0,0.0,0.0,0.0
word_character_graph,23535,UF-043,0.0,0.0,0.0,0.0,0.0,0.0,0.0
word_character_graph,23547,CF-120,0.0,0.0,0.0,0.0,0.0,0.0,0.0
word_character_graph,23554,CV-026,0.0,0.0,0.0,0.0,0.0,0.0,0.0
word_character_graph,23585,TK-060,0.0,0.0,0.0,0.0,0.0,0.0,0.0
word_character_graph,23605,P-153,0.0,0.0,0.0,0.0,0.0,0.0,0.0
word_character_graph,23688,HV-093,0.0,0.0,0.0,0.0,0.0,0.0,0.0
word_character_graph,23709,P-430,0.0,0.0,0.0,0.0,0.0,0.0,0.0
word_character_graph,23736,SD-144,0.0,0.0,0.0,0.0,0.0,0.0,0.0
word_character_graph,23785,P-362,0.0,0.0,0.0,0.0,0.0,0.0,0.0
word_character_graph,23800,EV-015,0.0,0.0,0.0,0.0,0.0,0.0,0.0
word_character_graph,23819,GB-116,0.0,0.0,0.0,0.0,0.0,0.0,0.0
word_character_graph,23839,R-094,0.0,0.0,0.0,0.0,0.0,0.0,0.0
word_character_graph,23847,M-053,0.0,0.0,0.0,0.0,0.0,0.0,0.0
word_character_graph,23849,GB-142,0.0,0.0,0.0,1.0,1.0,0.0,0.06666666666666667
word_character_graph,23858,P-236,0.0,0.0,0.0,0.0,0.0,0.0,0.0
word_character_graph,23862,DP-104,0.0,0.0,0.0,0.0,1.0,0.0,0.041666666666666664
word_character_graph,23863,BLR-125,0.0,0.0,0.0,0.0,0.0,0.0,0.0
word_character_graph,23869,SD-035,0.0,0.0,0.0,0.0,0.0,0.0,0.0
word_character_graph,23974,P-352,0.0,0.0,0.0,0.0,1.0,0.0,0.02857142857142857
word_character_graph,24037,M-062,0.0,0.0,0.0,0.0,0.0,0.0,0.0
word_character_graph,24091,P-442,0.0,0.0,0.0,0.0,0.0,0.0,0.0
word_character_graph,24095,K-093,0.0,0.0,0.0,0.0,0.0,0.0,0.0
word_character_graph,24165,TK-029,0.0,0.0,0.0,0.0,0.0,0.0,0.0
word_character_graph,24183,TK-222,0.0,0.0,0.0,0.0,0.0,0.0,0.0
word_character_graph,24203,TK-032,0.0,0.0,0.0,0.0,0.0,0.0,0.0
word_character_graph,24274,TK-118,0.0,0.0,0.0,0.0,0.0,0.0,0.0
word_character_graph,24288,AG-008,0.0,0.0,0.0,0.0,0.0,0.0,0.0
word_character_graph,24306,SC-119,0.0,0.0,0.0,0.0,0.0,0.0,0.0
word_character_graph,24308,VP-108,0.0,0.0,1.0,1.0,1.0,0.16666666666666666,0.16666666666666666
word_character_graph,24340,DRY-035,0.0,0.0,0.0,0.0,0.0,0.0,0.0
word_character_graph,24346,K-036,0.0,0.0,0.0,0.0,0.0,0.0,0.0
word_character_graph,24381,GB-018,0.0,0.0,0.0,0.0,0.0,0.0,0.0
word_character_graph,24396,R-007,0.0,0.0,0.0,0.0,0.0,0.0,0.0
word_character_graph,24461,CV-013,0.0,0.0,0.0,0.0,1.0,0.0,0.022222222222222223
word_character_graph,24486,HX-050,0.0,0.0,0.0,0.0,0.0,0.0,0.0
word_character_graph,24542,BLR-110,0.0,0.0,0.0,1.0,1.0,0.0,0.0625
word_character_graph,24545,P-210,0.0,0.0,0.0,0.0,0.0,0.0,0.0
word_character_graph,24551,P-158,0.0,0.0,0.0,0.0,0.0,0.0,0.0
word_character_graph,24623,BM-118,0.0,0.0,0.0,0.0,0.0,0.0,0.0
word_character_graph,24649,TK-037,0.0,0.0,0.0,1.0,1.0,0.0,0.05263157894736842
word_character_graph,24715,P-674,0.0,0.0,0.0,0.0,0.0,0.0,0.0
word_character_graph,24743,AG-106,0.0,0.0,0.0,0.0,0.0,0.0,0.0
word_character_graph,24765,BLR-217,0.0,0.0,0.0,0.0,0.0,0.0,0.0
word_character_graph,24775,BLR-110,0.0,0.0,0.0,0.0,0.0,0.0,0.0
word_character_graph,24829,P-296,0.0,0.0,0.0,0.0,0.0,0.0,0.0
word_character_graph,24914,TK-242,0.0,0.0,0.0,0.0,0.0,0.0,0.0
word_character_graph,24916,DRY-009,0.0,0.0,0.0,0.0,0.0,0.0,0.0
word_character_graph,24919,DP-025,0.0,0.0,0.0,0.0,0.0,0.0,0.0
word_character_graph,24926,CR-031,0.0,0.0,0.0,0.0,0.0,0.0,0.0
word_character_graph,24934,K-052,0.0,0.0,0.0,0.0,0.0,0.0,0.0
word_character_graph,24994,GT-141,0.0,0.0,0.0,0.0,0.0,0.0,0.0
word_character_graph,25020,BLR-086,0.0,0.0,0.0,0.0,0.0,0.0,0.0
word_character_graph,25102,UF-092,0.0,0.0,0.0,0.0,0.0,0.0,0.0
word_character_graph,25114,P-387,0.0,0.0,0.0,0.0,0.0,0.0,0.0
word_character_graph,25136,P-521,0.0,0.0,0.0,0.0,0.0,0.0,0.0
word_character_graph,25211,P-315,0.0,0.0,0.0,0.0,0.0,0.0,0.0
word_character_graph,25253,HX-335,0.0,0.0,0.0,0.0,0.0,0.0,0.0
word_character_graph,25259,VP-059,0.0,0.0,0.0,0.0,0.0,0.0,0.0
word_character_graph,25282,GT-103,0.0,0.0,0.0,0.0,1.0,0.0,0.034482758620689655
word_character_graph,25297,P-490,0.0,0.0,0.0,0.0,0.0,0.0,0.0
word_character_graph,25323,HX-230,0.0,0.0,0.0,0.0,0.0,0.0,0.0
word_character_graph,25361,TK-112,0.0,1.0,1.0,1.0,1.0,0.2,0.2
word_character_graph,25392,P-186,0.0,0.0,0.0,0.0,0.0,0.0,0.0
word_character_graph,25428,SD-102,0.0,0.0,0.0,0.0,0.0,0.0,0.0
word_character_graph,25452,EX-136,0.0,0.0,0.0,0.0,0.0,0.0,0.0
word_character_graph,25505,TK-243,0.0,0.0,0.0,0.0,0.0,0.0,0.0
word_character_graph,25524,M-119,0.0,0.0,0.0,0.0,1.0,0.0,0.03333333333333333
word_character_graph,25573,RLP-104,0.0,0.0,0.0,0.0,0.0,0.0,0.0
word_character_graph,25585,GB-066,0.0,0.0,0.0,0.0,0.0,0.0,0.0
word_character_graph,25596,HV-107,0.0,0.0,0.0,0.0,1.0,0.0,0.03125
word_character_graph,25607,M-045,0.0,0.0,0.0,0.0,0.0,0.0,0.0
word_character_graph,25614,HP-084,0.0,0.0,0.0,0.0,0.0,0.0,0.0
word_character_graph,25648,DRY-033,0.0,0.0,0.0,0.0,0.0,0.0,0.0
word_character_graph,25658,DOS-112,0.0,0.0,0.0,0.0,0.0,0.0,0.0
word_character_graph,25699,P-353,0.0,0.0,0.0,0.0,0.0,0.0,0.0
word_character_graph,25777,HV-228,0.0,0.0,0.0,0.0,0.0,0.0,0.0
word_character_graph,25806,CV-044,0.0,0.0,0.0,0.0,0.0,0.0,0.0
word_character_graph,25813,CR-083,0.0,0.0,0.0,0.0,0.0,0.0,0.0
word_character_graph,25885,AG-062,0.0,0.0,0.0,0.0,0.0,0.0,0.0
word_character_graph,25934,P-610,0.0,0.0,0.0,0.0,0.0,0.0,0.0
word_character_graph,25936,P-642,0.0,0.0,0.0,0.0,0.0,0.0,0.0
word_character_graph,25950,EV-043,0.0,0.0,0.0,0.0,0.0,0.0,0.0
word_character_graph,26084,TK-086,0.0,0.0,0.0,0.0,0.0,0.0,0.0
word_character_graph,26125,P-169,0.0,0.0,0.0,0.0,0.0,0.0,0.0
word_character_graph,26127,SD-016,0.0,0.0,0.0,0.0,0.0,0.0,0.0
word_character_graph,26193,GS-015,0.0,0.0,0.0,0.0,1.0,0.0,0.023809523809523808
word_character_graph,26271,P-327,0.0,0.0,0.0,0.0,0.0,0.0,0.0
word_character_graph,26302,TK-106,0.0,0.0,0.0,0.0,0.0,0.0,0.0
word_character_graph,26303,SC-080,0.0,0.0,0.0,0.0,0.0,0.0,0.0
word_character_graph,26384,UF-037,0.0,0.0,0.0,0.0,1.0,0.0,0.023809523809523808
word_character_graph,26404,EV-079,0.0,0.0,0.0,0.0,0.0,0.0,0.0
word_character_graph,26467,DC-126,0.0,0.0,0.0,0.0,0.0,0.0,0.0
word_character_graph,26568,K-081,0.0,0.0,0.0,0.0,0.0,0.0,0.0
word_character_graph,26594,HP-118,0.0,0.0,0.0,0.0,0.0,0.0,0.0
word_character_graph,26640,TK-134,0.0,0.0,0.0,0.0,0.0,0.0,0.0
word_character_graph,26667,M-104,0.0,0.0,0.0,0.0,0.0,0.0,0.0
word_character_graph,26680,K-202,0.0,0.0,0.0,0.0,0.0,0.0,0.0
word_character_graph,26725,P-389,0.0,0.0,0.0,0.0,0.0,0.0,0.0
word_character_graph,26727,TRB-119,0.0,0.0,0.0,0.0,0.0,0.0,0.0
word_character_graph,26735,P-283,0.0,0.0,0.0,0.0,0.0,0.0,0.0
word_character_graph,26791,CR-091,0.0,0.0,0.0,0.0,0.0,0.0,0.0
word_character_graph,26839,CV-118,0.0,0.0,0.0,0.0,0.0,0.0,0.0
word_character_graph,26888,P-213,0.0,0.0,0.0,0.0,0.0,0.0,0.0
word_character_graph,26907,TK-140,0.0,0.0,0.0,0.0,0.0,0.0,0.0
word_character_graph,26990,RLP-101,0.0,0.0,0.0,0.0,0.0,0.0,0.0
word_character_graph,27027,P-238,0.0,0.0,0.0,0.0,0.0,0.0,0.0
word_character_graph,27105,P-424,0.0,0.0,0.0,0.0,0.0,0.0,0.0
word_character_graph,27108,M-136,0.0,0.0,0.0,0.0,0.0,0.0,0.0
word_character_graph,27151,HX-108,0.0,0.0,0.0,0.0,0.0,0.0,0.0
word_character_graph,27188,TK-077,0.0,1.0,1.0,1.0,1.0,0.2,0.2
word_character_graph,27258,M-046,0.0,0.0,0.0,0.0,0.0,0.0,0.0
word_character_graph,27265,P-313,0.0,0.0,0.0,0.0,0.0,0.0,0.0
word_character_graph,27273,P-689,0.0,0.0,0.0,0.0,0.0,0.0,0.0
word_character_graph,27328,GT-098,0.0,0.0,0.0,0.0,0.0,0.0,0.0
word_character_graph,27391,K-153,0.0,0.0,0.0,0.0,0.0,0.0,0.0
word_character_graph,27399,P-116,0.0,0.0,0.0,0.0,0.0,0.0,0.0
word_character_graph,27431,DP-122,0.0,0.0,0.0,0.0,0.0,0.0,0.0
word_character_graph,27447,M-028,0.0,0.0,0.0,0.0,0.0,0.0,0.0
word_character_graph,27463,BM-046,0.0,0.0,0.0,0.0,0.0,0.0,0.0
word_character_graph,27500,EX-036,0.0,0.0,0.0,0.0,0.0,0.0,0.0
word_character_graph,27565,HP-042,0.0,0.0,0.0,0.0,0.0,0.0,0.0
word_character_graph,27568,BLR-101,0.0,0.0,0.0,0.0,0.0,0.0,0.0
word_character_graph,27618,DC-024,0.0,0.0,0.0,0.0,0.0,0.0,0.0
word_character_graph,27639,SC-073,0.0,0.0,0.0,0.0,0.0,0.0,0.0
word_character_graph,27644,GB-025,0.0,0.0,0.0,0.0,0.0,0.0,0.0
word_character_graph,27650,BM-108,0.0,0.0,0.0,0.0,0.0,0.0,0.0
word_character_graph,27669,TK-022,0.0,0.0,0.0,0.0,0.0,0.0,0.0
word_character_graph,27677,M-105,0.0,0.0,0.0,1.0,1.0,0.0,0.058823529411764705
word_character_graph,27678,BLR-127,0.0,0.0,0.0,0.0,0.0,0.0,0.0
word_character_graph,27682,F-225,0.0,0.0,0.0,0.0,0.0,0.0,0.0
word_character_graph,27714,DOS-128,0.0,0.0,0.0,0.0,1.0,0.0,0.03571428571428571
word_character_graph,27805,P-144,0.0,0.0,0.0,0.0,0.0,0.0,0.0
word_character_graph,27837,F-146,0.0,0.0,0.0,0.0,1.0,0.0,0.023255813953488372
word_character_graph,27885,DC-008,0.0,0.0,0.0,0.0,0.0,0.0,0.0
word_character_graph,27909,HX-018,0.0,0.0,0.0,0.0,1.0,0.0,0.02631578947368421
word_character_graph,27958,SEP-062,0.0,0.0,0.0,0.0,0.0,0.0,0.0
word_character_graph,27981,DOS-137,0.0,0.0,0.0,1.0,1.0,0.0,0.06666666666666667
word_character_graph,28083,P-154,0.0,0.0,0.0,0.0,0.0,0.0,0.0
word_character_graph,28131,M-093,0.0,0.0,0.0,0.0,0.0,0.0,0.0
word_character_graph,28279,P-218,0.0,0.0,0.0,0.0,0.0,0.0,0.0
word_character_graph,28423,TK-096,0.0,0.0,0.0,0.0,0.0,0.0,0.0
word_character_graph,28479,BLR-033,1.0,1.0,1.0,1.0,1.0,1.0,1.0
word_character_graph,28481,P-227,0.0,0.0,0.0,0.0,0.0,0.0,0.0
word_character_graph,28531,GB-040,0.0,0.0,0.0,0.0,0.0,0.0,0.0
word_character_graph,28617,HP-113,0.0,0.0,0.0,0.0,0.0,0.0,0.0
word_character_graph,28628,M-020,0.0,0.0,0.0,0.0,0.0,0.0,0.0
word_character_graph,28653,HX-007,0.0,0.0,0.0,0.0,0.0,0.0,0.0
word_character_graph,28655,HV-117,0.0,0.0,0.0,0.0,0.0,0.0,0.0
word_character_graph,28679,M-041,0.0,0.0,0.0,0.0,0.0,0.0,0.0
word_character_graph,28709,K-078,0.0,0.0,0.0,0.0,0.0,0.0,0.0
word_character_graph,28726,TK-119,0.0,0.0,0.0,1.0,1.0,0.0,0.07692307692307693
word_character_graph,28754,P-657,0.0,0.0,0.0,0.0,0.0,0.0,0.0
word_character_graph,28805,M-113,0.0,0.0,0.0,0.0,0.0,0.0,0.0
word_character_graph,28837,CF-126,0.0,0.0,0.0,0.0,1.0,0.0,0.023809523809523808
word_character_graph,28839,TK-142,0.0,0.0,0.0,0.0,0.0,0.0,0.0
word_character_graph,28848,M-056,0.0,0.0,0.0,0.0,0.0,0.0,0.0
word_character_graph,28852,BM-066,0.0,0.0,0.0,0.0,0.0,0.0,0.0
word_character_graph,28911,DC-081,0.0,0.0,0.0,0.0,0.0,0.0,0.0
word_character_graph,28919,HV-226,0.0,0.0,0.0,0.0,0.0,0.0,0.0
word_character_graph,28929,P-323,0.0,0.0,0.0,0.0,0.0,0.0,0.0
word_character_graph,29081,F-065,0.0,0.0,0.0,0.0,0.0,0.0,0.0
word_character_graph,29136,TK-343,0.0,0.0,0.0,0.0,0.0,0.0,0.0
word_character_graph,29157,K-012,0.0,0.0,0.0,0.0,0.0,0.0,0.0
word_character_graph,29179,TRB-097,0.0,1.0,1.0,1.0,1.0,0.2,0.2
word_character_graph,29237,P-139,0.0,0.0,0.0,0.0,0.0,0.0,0.0
word_character_graph,29318,M-050,0.0,0.0,0.0,0.0,0.0,0.0,0.0
word_character_graph,29369,HX-139,0.0,0.0,0.0,0.0,1.0,0.0,0.041666666666666664
word_character_graph,29407,P-245,0.0,0.0,0.0,0.0,1.0,0.0,0.03225806451612903
word_character_graph,29445,M-062,0.0,0.0,0.0,0.0,1.0,0.0,0.02702702702702703
word_character_graph,29465,HP-128,0.0,0.0,0.0,0.0,0.0,0.0,0.0
word_character_graph,29489,P-255,0.0,0.0,0.0,0.0,0.0,0.0,0.0
word_character_graph,29497,FM-117,0.0,0.0,0.0,1.0,1.0,0.0,0.058823529411764705
word_character_graph,29508,K-103,0.0,0.0,0.0,0.0,0.0,0.0,0.0
word_character_graph,29543,K-081,0.0,0.0,0.0,0.0,0.0,0.0,0.0
word_character_graph,29572,CV-145,0.0,0.0,0.0,0.0,0.0,0.0,0.0
word_character_graph,29585,M-058,0.0,0.0,0.0,0.0,0.0,0.0,0.0
word_character_graph,29602,HX-007,0.0,0.0,0.0,0.0,0.0,0.0,0.0
word_character_graph,29636,TRB-131,0.0,0.0,0.0,0.0,1.0,0.0,0.022222222222222223
word_character_graph,29666,P-201,0.0,0.0,0.0,0.0,0.0,0.0,0.0
word_character_graph,29674,TK-239,0.0,0.0,0.0,0.0,0.0,0.0,0.0
word_character_graph,29683,AG-040,0.0,0.0,0.0,0.0,0.0,0.0,0.0
word_character_graph,29702,TRB-131,0.0,0.0,0.0,0.0,0.0,0.0,0.0
word_character_graph,29727,TK-403,0.0,0.0,0.0,0.0,0.0,0.0,0.0
word_character_graph,29799,SD-038,0.0,0.0,0.0,0.0,0.0,0.0,0.0
word_character_graph,29813,R-108,0.0,0.0,0.0,0.0,0.0,0.0,0.0
word_character_graph,29821,BLR-126,0.0,0.0,0.0,0.0,0.0,0.0,0.0
word_character_graph,29840,M-059,0.0,0.0,0.0,0.0,0.0,0.0,0.0
word_character_graph,29896,CV-032,0.0,0.0,0.0,1.0,1.0,0.0,0.05
word_character_graph,29898,K-300,0.0,0.0,0.0,0.0,0.0,0.0,0.0
word_character_graph,29975,F-055,0.0,0.0,0.0,0.0,0.0,0.0,0.0
word_character_graph,30062,P-158,0.0,0.0,0.0,0.0,0.0,0.0,0.0
word_character_graph,30083,P-132,0.0,0.0,0.0,0.0,0.0,0.0,0.0
word_character_graph,30117,CV-135,0.0,0.0,0.0,0.0,0.0,0.0,0.0
word_character_graph,30154,TK-037,0.0,0.0,0.0,0.0,0.0,0.0,0.0
word_character_graph,30174,M-080,0.0,0.0,0.0,0.0,0.0,0.0,0.0
word_character_graph,30227,P-352,0.0,0.0,0.0,0.0,0.0,0.0,0.0
word_character_graph,30258,K-099,0.0,0.0,0.0,0.0,0.0,0.0,0.0
word_character_graph,30279,AG-049,0.0,0.0,0.0,0.0,0.0,0.0,0.0
word_character_graph,30366,HV-051,0.0,0.0,0.0,0.0,0.0,0.0,0.0
word_character_graph,30374,M-100,0.0,0.0,0.0,0.0,0.0,0.0,0.0
word_character_graph,30390,R-117,0.0,0.0,0.0,0.0,0.0,0.0,0.0
word_character_graph,30399,F-094,0.0,0.0,0.0,0.0,0.0,0.0,0.0
word_character_graph,30404,EV-033,0.0,0.0,0.0,0.0,0.0,0.0,0.0
word_character_graph,30407,P-680,0.0,0.0,0.0,0.0,0.0,0.0,0.0
word_character_graph,30428,BLR-117,0.0,0.0,0.0,1.0,1.0,0.0,0.05555555555555555
word_character_graph,30467,FM-139,0.0,0.0,0.0,0.0,0.0,0.0,0.0
word_character_graph,30480,P-321,0.0,0.0,0.0,0.0,0.0,0.0,0.0
word_character_graph,30482,GS-111,0.0,1.0,1.0,1.0,1.0,0.3333333333333333,0.3333333333333333
word_character_graph,30645,SEP-120,0.0,0.0,0.0,0.0,0.0,0.0,0.0
word_character_graph,30654,SEP-117,0.0,0.0,0.0,0.0,0.0,0.0,0.0
word_character_graph,30679,TK-068,0.0,0.0,0.0,0.0,0.0,0.0,0.0
word_character_graph,30708,P-210,0.0,0.0,0.0,0.0,0.0,0.0,0.0
word_character_graph,30757,HV-129,0.0,0.0,0.0,0.0,0.0,0.0,0.0
word_character_graph,30792,CR-142,0.0,0.0,0.0,0.0,0.0,0.0,0.0
word_character_graph,30862,HV-014,0.0,0.0,0.0,0.0,0.0,0.0,0.0
word_character_graph,30864,GT-056,0.0,0.0,0.0,0.0,0.0,0.0,0.0
word_character_graph,30872,M-083,0.0,0.0,0.0,0.0,0.0,0.0,0.0
word_character_graph,30892,GT-005,0.0,0.0,0.0,0.0,0.0,0.0,0.0
word_character_graph,30925,P-430,0.0,0.0,0.0,0.0,0.0,0.0,0.0
word_character_graph,30931,K-212,0.0,0.0,0.0,0.0,0.0,0.0,0.0
word_character_graph,30967,P-439,0.0,0.0,0.0,0.0,0.0,0.0,0.0
word_character_graph,30992,TK-039,0.0,0.0,0.0,0.0,0.0,0.0,0.0
word_character_graph,30999,DP-069,0.0,0.0,0.0,0.0,0.0,0.0,0.0
word_character_graph,31040,HV-017,0.0,0.0,0.0,0.0,0.0,0.0,0.0
word_character_graph,31058,HX-120,0.0,0.0,0.0,1.0,1.0,0.0,0.05263157894736842
word_character_graph,31087,P-438,0.0,0.0,0.0,0.0,0.0,0.0,0.0
word_character_graph,31088,M-083,0.0,0.0,0.0,0.0,0.0,0.0,0.0
word_character_graph,31124,P-483,0.0,0.0,0.0,0.0,0.0,0.0,0.0
word_character_graph,31177,P-503,0.0,0.0,0.0,0.0,0.0,0.0,0.0
word_character_graph,31180,M-010,0.0,0.0,0.0,0.0,0.0,0.0,0.0
word_character_graph,31258,EX-136,0.0,0.0,0.0,0.0,0.0,0.0,0.0
word_character_graph,31301,DC-106,0.0,0.0,0.0,0.0,0.0,0.0,0.0
word_character_graph,31313,CV-124,0.0,0.0,0.0,0.0,0.0,0.0,0.0
word_character_graph,31389,P-242,0.0,0.0,0.0,0.0,0.0,0.0,0.0
word_character_graph,31414,P-426,0.0,0.0,0.0,0.0,0.0,0.0,0.0
word_character_graph,31543,P-388,0.0,0.0,0.0,0.0,0.0,0.0,0.0
word_character_graph,31547,TK-173,0.0,0.0,0.0,0.0,0.0,0.0,0.0
word_character_graph,31549,R-201,0.0,0.0,0.0,0.0,0.0,0.0,0.0
word_character_graph,31568,DRY-013,0.0,0.0,0.0,1.0,1.0,0.0,0.07692307692307693
word_character_graph,31579,P-517,0.0,0.0,0.0,0.0,0.0,0.0,0.0
word_character_graph,31590,AG-128,0.0,0.0,0.0,0.0,0.0,0.0,0.0
word_character_graph,31611,TK-151,0.0,0.0,0.0,0.0,0.0,0.0,0.0
word_character_graph,31632,F-013,0.0,0.0,1.0,1.0,1.0,0.14285714285714285,0.14285714285714285
word_character_graph,31720,HV-221,0.0,0.0,0.0,0.0,0.0,0.0,0.0
word_character_graph,31739,SD-060,0.0,0.0,0.0,0.0,0.0,0.0,0.0
word_character_graph,31764,P-528,0.0,0.0,0.0,0.0,0.0,0.0,0.0
word_character_graph,31772,BLR-101,0.0,0.0,0.0,0.0,0.0,0.0,0.0
word_character_graph,31785,DRY-089,0.0,0.0,0.0,0.0,0.0,0.0,0.0
word_character_graph,31795,F-125,0.0,0.0,0.0,0.0,1.0,0.0,0.02702702702702703
word_character_graph,31808,FCC-052,0.0,0.0,0.0,0.0,1.0,0.0,0.023809523809523808
word_character_graph,31858,HX-209,0.0,0.0,0.0,0.0,0.0,0.0,0.0
word_character_graph,31861,F-244,0.0,0.0,0.0,0.0,0.0,0.0,0.0
word_character_graph,31865,SC-111,0.0,0.0,0.0,0.0,0.0,0.0,0.0
word_character_graph,31893,M-070,0.0,0.0,0.0,0.0,0.0,0.0,0.0
word_character_graph,31949,FCC-126,0.0,0.0,1.0,1.0,1.0,0.14285714285714285,0.14285714285714285
word_character_graph,32042,HX-118,0.0,0.0,0.0,0.0,1.0,0.0,0.03225806451612903
word_character_graph,32058,P-203,0.0,0.0,0.0,0.0,0.0,0.0,0.0
word_character_graph,32081,FM-130,0.0,1.0,1.0,1.0,1.0,0.3333333333333333,0.3333333333333333
word_character_graph,32210,TK-167,0.0,0.0,0.0,0.0,0.0,0.0,0.0
word_character_graph,32278,FM-132,0.0,0.0,0.0,0.0,0.0,0.0,0.0
word_character_graph,32391,K-071,0.0,0.0,0.0,0.0,0.0,0.0,0.0
word_character_graph,32446,K-261,0.0,0.0,0.0,0.0,0.0,0.0,0.0
word_character_graph,32451,TK-047,0.0,0.0,0.0,0.0,0.0,0.0,0.0
word_character_graph,32454,P-151,0.0,0.0,0.0,0.0,0.0,0.0,0.0
word_character_graph,32528,P-316,0.0,0.0,0.0,0.0,0.0,0.0,0.0
word_character_graph,32543,R-119,0.0,0.0,0.0,0.0,0.0,0.0,0.0
word_character_graph,32591,CF-050,0.0,0.0,0.0,0.0,0.0,0.0,0.0
word_character_graph,32620,R-047,0.0,0.0,1.0,1.0,1.0,0.125,0.125
word_character_graph,32623,EV-057,0.0,0.0,0.0,0.0,0.0,0.0,0.0
word_character_graph,32682,M-042,0.0,0.0,0.0,0.0,0.0,0.0,0.0
word_character_graph,32764,CT-126,0.0,0.0,0.0,1.0,1.0,0.0,0.058823529411764705
word_character_graph,32790,P-441,0.0,0.0,0.0,0.0,0.0,0.0,0.0
word_character_graph,32801,DP-109,0.0,0.0,0.0,0.0,0.0,0.0,0.0
word_character_graph,32829,P-509,0.0,0.0,0.0,0.0,0.0,0.0,0.0
word_character_graph,32877,CV-145,0.0,0.0,0.0,0.0,0.0,0.0,0.0
word_character_graph,32892,P-409,0.0,0.0,0.0,0.0,0.0,0.0,0.0
word_character_graph,32898,BLR-125,0.0,0.0,0.0,0.0,0.0,0.0,0.0
word_character_graph,32907,HX-132,0.0,0.0,0.0,0.0,0.0,0.0,0.0
word_character_graph,32910,DP-110,0.0,0.0,1.0,1.0,1.0,0.14285714285714285,0.14285714285714285
word_character_graph,32936,AG-071,0.0,0.0,0.0,0.0,0.0,0.0,0.0
word_character_graph,32986,DC-133,0.0,0.0,0.0,0.0,0.0,0.0,0.0
word_character_graph,33017,R-026,0.0,0.0,0.0,0.0,0.0,0.0,0.0
word_character_graph,33021,SEP-136,0.0,0.0,0.0,0.0,0.0,0.0,0.0
word_character_graph,33098,P-502,0.0,0.0,0.0,0.0,0.0,0.0,0.0
word_character_graph,33108,RLP-109,0.0,0.0,0.0,0.0,0.0,0.0,0.0
word_character_graph,33133,P-111,0.0,0.0,0.0,0.0,0.0,0.0,0.0
word_character_graph,33150,FM-099,0.0,0.0,0.0,0.0,0.0,0.0,0.0
word_character_graph,33216,DOS-140,0.0,0.0,0.0,0.0,0.0,0.0,0.0
word_character_graph,33268,P-205,0.0,0.0,0.0,0.0,0.0,0.0,0.0
word_character_graph,33312,P-271,0.0,0.0,0.0,0.0,0.0,0.0,0.0
word_character_graph,33331,CF-083,0.0,0.0,0.0,0.0,1.0,0.0,0.02564102564102564
word_character_graph,33375,K-143,0.0,0.0,0.0,0.0,0.0,0.0,0.0
word_character_graph,33414,P-121,0.0,0.0,0.0,0.0,0.0,0.0,0.0
word_character_graph,33456,R-033,0.0,0.0,0.0,0.0,0.0,0.0,0.0
word_character_graph,33520,P-271,0.0,0.0,0.0,0.0,0.0,0.0,0.0
word_character_graph,33556,UF-074,0.0,0.0,0.0,0.0,0.0,0.0,0.0
word_character_graph,33587,SD-139,0.0,0.0,0.0,0.0,0.0,0.0,0.0
word_character_graph,33595,M-015,0.0,0.0,0.0,0.0,0.0,0.0,0.0
word_character_graph,33661,P-660,0.0,0.0,0.0,0.0,0.0,0.0,0.0
word_character_graph,33666,DP-132,0.0,0.0,0.0,0.0,0.0,0.0,0.0
word_character_graph,33674,DOS-040,0.0,0.0,1.0,1.0,1.0,0.14285714285714285,0.14285714285714285
word_character_graph,33679,K-112,0.0,0.0,0.0,0.0,1.0,0.0,0.03333333333333333
word_character_graph,33707,K-120,0.0,0.0,1.0,1.0,1.0,0.14285714285714285,0.14285714285714285
word_character_graph,33769,M-081,0.0,1.0,1.0,1.0,1.0,0.25,0.25
word_character_graph,33786,P-246,0.0,0.0,0.0,0.0,0.0,0.0,0.0
word_character_graph,33797,AG-129,0.0,0.0,0.0,0.0,0.0,0.0,0.0
word_character_graph,33903,K-143,0.0,0.0,0.0,0.0,0.0,0.0,0.0
word_character_graph,33949,TRB-046,0.0,0.0,0.0,0.0,0.0,0.0,0.0
word_character_graph,33950,P-328,0.0,0.0,0.0,0.0,0.0,0.0,0.0
word_character_graph,34003,SC-114,0.0,0.0,0.0,0.0,0.0,0.0,0.0
word_character_graph,34004,HX-029,0.0,0.0,0.0,0.0,0.0,0.0,0.0
word_character_graph,34087,P-240,0.0,0.0,0.0,0.0,0.0,0.0,0.0
word_character_graph,34088,K-017,0.0,0.0,0.0,0.0,0.0,0.0,0.0
word_character_graph,34122,DOS-138,0.0,0.0,0.0,0.0,1.0,0.0,0.03333333333333333
word_character_graph,34128,DRY-119,0.0,0.0,0.0,0.0,0.0,0.0,0.0
word_character_graph,34262,P-346,0.0,0.0,0.0,0.0,0.0,0.0,0.0
word_character_graph,34275,R-090,0.0,0.0,0.0,0.0,0.0,0.0,0.0
word_character_graph,34290,TK-011,0.0,0.0,0.0,0.0,0.0,0.0,0.0
word_character_graph,34369,P-441,0.0,0.0,0.0,0.0,0.0,0.0,0.0
word_character_graph,34380,HX-133,0.0,0.0,0.0,0.0,0.0,0.0,0.0
word_character_graph,34408,DC-041,0.0,0.0,0.0,0.0,0.0,0.0,0.0
word_character_graph,34458,P-604,0.0,0.0,0.0,0.0,0.0,0.0,0.0
word_character_graph,34466,K-105,0.0,0.0,0.0,0.0,1.0,0.0,0.023255813953488372
word_character_graph,34488,TRB-039,0.0,0.0,0.0,0.0,0.0,0.0,0.0
word_character_graph,34505,M-013,0.0,0.0,0.0,0.0,0.0,0.0,0.0
word_character_graph,34540,M-036,0.0,0.0,0.0,0.0,0.0,0.0,0.0
word_character_graph,34542,GS-061,0.0,0.0,0.0,0.0,0.0,0.0,0.0
word_character_graph,34613,DC-043,0.0,0.0,0.0,0.0,0.0,0.0,0.0
word_character_graph,34636,RLP-075,0.0,0.0,0.0,0.0,0.0,0.0,0.0
word_character_graph,34670,DRY-110,0.0,0.0,0.0,0.0,0.0,0.0,0.0
word_character_graph,34683,HX-147,0.0,0.0,0.0,0.0,0.0,0.0,0.0
word_character_graph,34708,HV-102,0.0,0.0,0.0,1.0,1.0,0.0,0.07692307692307693
word_character_graph,34756,AG-027,0.0,0.0,0.0,0.0,0.0,0.0,0.0
word_character_graph,34808,CT-055,0.0,0.0,0.0,0.0,0.0,0.0,0.0
word_character_graph,34853,CV-008,0.0,0.0,0.0,0.0,0.0,0.0,0.0
word_character_graph,34880,DRY-029,0.0,0.0,0.0,0.0,0.0,0.0,0.0
word_character_graph,34900,CV-127,0.0,0.0,0.0,0.0,0.0,0.0,0.0
word_character_graph,34914,HX-052,0.0,0.0,0.0,0.0,0.0,0.0,0.0
word_character_graph,34934,HP-014,0.0,0.0,0.0,0.0,0.0,0.0,0.0
word_character_graph,34967,M-007,0.0,0.0,0.0,0.0,0.0,0.0,0.0
word_character_graph,35025,TK-230,0.0,0.0,0.0,1.0,1.0,0.0,0.07142857142857142
word_character_graph,35030,K-127,0.0,0.0,0.0,0.0,0.0,0.0,0.0
word_character_graph,35054,P-176,0.0,0.0,0.0,0.0,0.0,0.0,0.0
word_character_graph,35078,M-048,0.0,0.0,0.0,0.0,0.0,0.0,0.0
word_character_graph,35098,CV-115,0.0,0.0,0.0,0.0,1.0,0.0,0.021739130434782608
word_character_graph,35162,TK-133,0.0,0.0,0.0,0.0,1.0,0.0,0.020833333333333332
word_character_graph,35201,P-192,0.0,0.0,0.0,0.0,0.0,0.0,0.0
word_character_graph,35231,HX-125,0.0,0.0,0.0,0.0,0.0,0.0,0.0
word_character_graph,35240,TK-223,0.0,0.0,0.0,0.0,0.0,0.0,0.0
word_character_graph,35243,TK-207,0.0,0.0,0.0,0.0,0.0,0.0,0.0
word_character_graph,35314,CR-030,0.0,0.0,0.0,0.0,0.0,0.0,0.0
word_character_graph,35347,K-216,0.0,0.0,0.0,0.0,0.0,0.0,0.0
word_character_graph,35353,M-021,0.0,0.0,0.0,0.0,0.0,0.0,0.0
word_character_graph,35401,DOS-109,0.0,0.0,0.0,0.0,0.0,0.0,0.0
word_character_graph,35475,F-098,0.0,0.0,0.0,0.0,0.0,0.0,0.0
word_character_graph,35530,TK-318,0.0,0.0,0.0,0.0,0.0,0.0,0.0
word_character_graph,35550,CV-120,0.0,0.0,0.0,0.0,0.0,0.0,0.0
word_character_graph,35566,P-145,0.0,0.0,0.0,0.0,0.0,0.0,0.0
word_character_graph,35591,RLP-134,0.0,0.0,0.0,0.0,0.0,0.0,0.0
word_character_graph,35605,DC-145,0.0,0.0,0.0,0.0,0.0,0.0,0.0
word_character_graph,35628,BM-112,0.0,0.0,0.0,0.0,0.0,0.0,0.0
word_character_graph,35682,TK-109,0.0,0.0,0.0,0.0,0.0,0.0,0.0
word_character_graph,35690,P-482,0.0,0.0,0.0,0.0,0.0,0.0,0.0
word_character_graph,35708,TRB-075,0.0,0.0,0.0,0.0,0.0,0.0,0.0
word_character_graph,35729,VP-106,0.0,0.0,0.0,0.0,0.0,0.0,0.0
word_character_graph,35747,GS-110,0.0,0.0,0.0,0.0,0.0,0.0,0.0
word_character_graph,35751,CV-082,0.0,0.0,0.0,1.0,1.0,0.0,0.0625
word_character_graph,35763,HV-106,0.0,0.0,0.0,0.0,0.0,0.0,0.0
word_character_graph,35773,K-118,0.0,0.0,0.0,0.0,0.0,0.0,0.0
word_character_graph,35866,P-335,0.0,0.0,0.0,0.0,0.0,0.0,0.0
word_character_graph,35918,P-154,0.0,0.0,0.0,0.0,0.0,0.0,0.0
word_character_graph,35958,CT-109,0.0,0.0,0.0,0.0,0.0,0.0,0.0
word_character_graph,35975,CF-062,0.0,0.0,0.0,0.0,0.0,0.0,0.0
word_character_graph,36016,TRB-042,0.0,0.0,0.0,0.0,0.0,0.0,0.0
word_character_graph,36093,AG-041,0.0,0.0,0.0,0.0,0.0,0.0,0.0
word_character_graph,36106,P-535,0.0,0.0,0.0,0.0,0.0,0.0,0.0
word_character_graph,36125,K-336,0.0,0.0,0.0,0.0,0.0,0.0,0.0
word_character_graph,36138,EX-011,0.0,1.0,1.0,1.0,1.0,0.25,0.25
word_character_graph,36166,K-147,0.0,0.0,0.0,1.0,1.0,0.0,0.06666666666666667
word_character_graph,36189,K-061,0.0,0.0,0.0,0.0,0.0,0.0,0.0
word_character_graph,36201,HX-062,0.0,0.0,0.0,0.0,0.0,0.0,0.0
word_character_graph,36259,M-076,0.0,0.0,0.0,0.0,0.0,0.0,0.0
word_character_graph,36318,BLR-019,0.0,0.0,0.0,0.0,0.0,0.0,0.0
word_character_graph,36363,DC-090,0.0,0.0,0.0,0.0,0.0,0.0,0.0
word_character_graph,36370,EX-060,0.0,0.0,0.0,0.0,0.0,0.0,0.0
word_character_graph,36389,CV-011,0.0,0.0,1.0,1.0,1.0,0.14285714285714285,0.14285714285714285
word_character_graph,36394,F-129,0.0,0.0,0.0,0.0,0.0,0.0,0.0
word_character_graph,36731,BM-127,0.0,0.0,0.0,0.0,0.0,0.0,0.0
word_character_graph,36828,M-069,0.0,0.0,0.0,0.0,0.0,0.0,0.0
word_character_graph,36832,DOS-129,0.0,1.0,1.0,1.0,1.0,0.25,0.25
word_character_graph,36838,CV-032,0.0,0.0,0.0,0.0,0.0,0.0,0.0
word_character_graph,36859,M-147,0.0,0.0,0.0,0.0,0.0,0.0,0.0
word_character_graph,36884,BM-108,0.0,0.0,0.0,0.0,0.0,0.0,0.0
word_character_graph,36977,SEP-109,0.0,0.0,0.0,1.0,1.0,0.0,0.058823529411764705
word_character_graph,37030,CF-045,0.0,0.0,0.0,0.0,0.0,0.0,0.0
word_character_graph,37076,M-054,0.0,0.0,0.0,0.0,1.0,0.0,0.022727272727272728
word_character_graph,37080,TK-089,0.0,0.0,0.0,0.0,0.0,0.0,0.0
word_character_graph,37102,M-142,0.0,0.0,0.0,0.0,1.0,0.0,0.03333333333333333
word_character_graph,37149,DOS-011,0.0,0.0,0.0,0.0,0.0,0.0,0.0
word_character_graph,37204,HX-095,0.0,0.0,0.0,0.0,0.0,0.0,0.0
word_character_graph,37242,AG-106,0.0,0.0,0.0,0.0,0.0,0.0,0.0
word_character_graph,37319,P-543,0.0,0.0,0.0,0.0,0.0,0.0,0.0
word_character_graph,37339,K-142,0.0,0.0,0.0,0.0,0.0,0.0,0.0
word_character_graph,37370,EV-010,0.0,1.0,1.0,1.0,1.0,0.2,0.2
word_character_graph,37393,P-335,0.0,0.0,0.0,0.0,0.0,0.0,0.0
word_character_graph,37440,BLR-112,0.0,0.0,0.0,0.0,0.0,0.0,0.0
word_character_graph,37476,P-742,0.0,0.0,0.0,0.0,0.0,0.0,0.0
word_character_graph,37483,HX-027,0.0,0.0,0.0,0.0,0.0,0.0,0.0
word_character_graph,37568,UF-098,0.0,0.0,0.0,0.0,0.0,0.0,0.0
word_character_graph,37574,R-074,0.0,0.0,0.0,0.0,0.0,0.0,0.0
word_character_graph,37577,P-335,0.0,0.0,0.0,0.0,0.0,0.0,0.0
word_character_graph,37578,AG-136,0.0,0.0,0.0,0.0,0.0,0.0,0.0
word_character_graph,37582,M-101,0.0,0.0,1.0,1.0,1.0,0.16666666666666666,0.16666666666666666
word_character_graph,37592,DC-175,0.0,0.0,0.0,0.0,0.0,0.0,0.0
word_character_graph,37627,P-246,0.0,0.0,0.0,0.0,0.0,0.0,0.0
word_character_graph,37656,M-097,0.0,0.0,0.0,0.0,0.0,0.0,0.0
word_character_graph,37667,DOS-040,0.0,0.0,0.0,0.0,0.0,0.0,0.0
word_character_graph,37692,GB-028,0.0,0.0,0.0,0.0,0.0,0.0,0.0
word_character_graph,37760,CV-118,0.0,0.0,0.0,0.0,0.0,0.0,0.0
word_character_graph,37835,CT-137,0.0,1.0,1.0,1.0,1.0,0.25,0.25
word_character_graph,37904,TK-221,0.0,0.0,0.0,0.0,0.0,0.0,0.0
word_character_graph,37936,M-135,0.0,0.0,0.0,0.0,0.0,0.0,0.0
word_character_graph,37947,M-122,0.0,0.0,0.0,1.0,1.0,0.0,0.09090909090909091
word_character_graph,37977,K-031,0.0,0.0,0.0,0.0,0.0,0.0,0.0
word_character_graph,38003,BM-108,0.0,0.0,0.0,0.0,0.0,0.0,0.0
word_character_graph,38052,TK-343,0.0,0.0,0.0,0.0,0.0,0.0,0.0
word_character_graph,38095,AG-097,0.0,0.0,0.0,0.0,0.0,0.0,0.0
word_character_graph,38181,P-222,0.0,0.0,0.0,0.0,0.0,0.0,0.0
word_character_graph,38218,CR-103,0.0,0.0,0.0,0.0,0.0,0.0,0.0
word_character_graph,38234,UF-124,0.0,0.0,0.0,0.0,0.0,0.0,0.0
word_character_graph,38260,P-494,0.0,0.0,0.0,0.0,0.0,0.0,0.0
word_character_graph,38277,GT-126,0.0,0.0,0.0,0.0,0.0,0.0,0.0
word_character_graph,38323,P-506,0.0,0.0,0.0,0.0,0.0,0.0,0.0
word_character_graph,38341,M-090,0.0,0.0,0.0,0.0,0.0,0.0,0.0
word_character_graph,38360,P-699,0.0,0.0,0.0,0.0,0.0,0.0,0.0
word_character_graph,38370,GB-052,0.0,0.0,0.0,0.0,0.0,0.0,0.0
word_character_graph,38371,P-323,0.0,0.0,0.0,0.0,0.0,0.0,0.0
word_character_graph,38410,AG-025,0.0,0.0,0.0,0.0,0.0,0.0,0.0
word_character_graph,38471,HX-313,0.0,0.0,0.0,0.0,0.0,0.0,0.0
word_character_graph,38535,CV-042,0.0,0.0,0.0,0.0,0.0,0.0,0.0
word_character_graph,38567,HP-067,0.0,0.0,0.0,0.0,0.0,0.0,0.0
word_character_graph,38596,TK-142,0.0,0.0,0.0,0.0,0.0,0.0,0.0
word_character_graph,38610,HX-098,0.0,0.0,0.0,0.0,0.0,0.0,0.0
word_character_graph,38613,M-081,0.0,0.0,0.0,0.0,0.0,0.0,0.0
word_character_graph,38642,P-495,0.0,0.0,0.0,0.0,0.0,0.0,0.0
word_character_graph,38656,VP-132,0.0,0.0,0.0,0.0,0.0,0.0,0.0
word_character_graph,38693,HX-102,0.0,0.0,0.0,0.0,0.0,0.0,0.0
word_character_graph,38698,SD-091,0.0,0.0,0.0,0.0,0.0,0.0,0.0
word_character_graph,38714,CV-042,0.0,0.0,0.0,0.0,0.0,0.0,0.0
word_character_graph,38794,UF-010,0.0,0.0,0.0,1.0,1.0,0.0,0.0625
word_character_graph,38798,VP-141,0.0,0.0,0.0,0.0,1.0,0.0,0.045454545454545456
word_character_graph,38857,P-364,0.0,0.0,0.0,0.0,0.0,0.0,0.0
word_character_graph,38862,CV-219,0.0,0.0,0.0,0.0,0.0,0.0,0.0
word_character_graph,38890,P-658,0.0,0.0,0.0,0.0,0.0,0.0,0.0
word_character_graph,38895,VP-096,0.0,0.0,0.0,0.0,0.0,0.0,0.0
word_character_graph,38917,K-233,0.0,0.0,0.0,0.0,0.0,0.0,0.0
word_character_graph,38950,P-155,0.0,0.0,0.0,0.0,0.0,0.0,0.0
word_character_graph,38975,EX-081,0.0,0.0,0.0,0.0,0.0,0.0,0.0
word_character_graph,39179,P-400,0.0,0.0,0.0,0.0,0.0,0.0,0.0
word_character_graph,39229,EV-004,0.0,0.0,0.0,0.0,0.0,0.0,0.0
word_character_graph,39339,P-743,0.0,0.0,0.0,0.0,0.0,0.0,0.0
word_character_graph,39341,EX-105,0.0,0.0,0.0,0.0,0.0,0.0,0.0
word_character_graph,39368,CT-109,0.0,0.0,0.0,0.0,0.0,0.0,0.0
word_character_graph,39413,DP-125,0.0,0.0,0.0,0.0,0.0,0.0,0.0
word_character_graph,39443,DRY-131,0.0,0.0,0.0,0.0,0.0,0.0,0.0
word_character_graph,39452,P-708,0.0,0.0,0.0,0.0,0.0,0.0,0.0
word_character_graph,39457,AG-119,0.0,0.0,0.0,0.0,0.0,0.0,0.0
word_character_graph,39468,P-534,0.0,0.0,0.0,0.0,0.0,0.0,0.0
word_character_graph,39469,TK-098,0.0,0.0,0.0,0.0,0.0,0.0,0.0
word_character_graph,39627,P-176,0.0,0.0,0.0,0.0,0.0,0.0,0.0
word_character_graph,39710,P-409,0.0,0.0,0.0,0.0,0.0,0.0,0.0
word_character_graph,39754,DOS-033,0.0,0.0,0.0,1.0,1.0,0.0,0.08333333333333333
word_character_graph,39756,CR-145,0.0,0.0,0.0,0.0,0.0,0.0,0.0
word_character_graph,39807,P-302,0.0,0.0,0.0,1.0,1.0,0.0,0.0625
word_character_graph,39827,DRY-048,0.0,0.0,0.0,0.0,0.0,0.0,0.0
word_character_graph,39848,CR-041,0.0,0.0,0.0,0.0,0.0,0.0,0.0
word_character_graph,39863,CF-076,0.0,0.0,0.0,0.0,0.0,0.0,0.0
word_character_graph,39889,TK-314,0.0,0.0,0.0,0.0,0.0,0.0,0.0
word_character_graph,39927,DC-014,0.0,0.0,0.0,0.0,0.0,0.0,0.0
word_character_graph,39942,CR-023,0.0,0.0,0.0,0.0,0.0,0.0,0.0
word_character_graph,39983,HV-310,0.0,0.0,0.0,0.0,0.0,0.0,0.0
word_character_graph,40019,BM-040,0.0,0.0,0.0,0.0,0.0,0.0,0.0
word_character_graph,40037,P-689,0.0,0.0,0.0,0.0,0.0,0.0,0.0
word_character_graph,40046,HV-123,0.0,0.0,0.0,0.0,0.0,0.0,0.0
word_character_graph,40094,TK-129,0.0,0.0,0.0,0.0,0.0,0.0,0.0
word_character_graph,40119,P-223,0.0,0.0,0.0,0.0,1.0,0.0,0.02564102564102564
word_character_graph,40141,UF-137,0.0,0.0,0.0,0.0,0.0,0.0,0.0
word_character_graph,40156,CF-133,0.0,0.0,0.0,0.0,0.0,0.0,0.0
word_character_graph,40210,TK-104,0.0,0.0,0.0,0.0,0.0,0.0,0.0
word_character_graph,40284,P-685,0.0,0.0,0.0,0.0,0.0,0.0,0.0
word_character_graph,40337,TK-046,0.0,0.0,0.0,0.0,0.0,0.0,0.0
word_character_graph,40380,CV-328,0.0,0.0,0.0,0.0,0.0,0.0,0.0
word_character_graph,40381,K-095,0.0,0.0,0.0,0.0,1.0,0.0,0.02
word_character_graph,40395,HX-080,0.0,0.0,0.0,0.0,0.0,0.0,0.0
word_character_graph,40432,DC-109,0.0,0.0,0.0,0.0,0.0,0.0,0.0
word_character_graph,40441,GB-008,0.0,0.0,0.0,0.0,0.0,0.0,0.0
word_character_graph,40554,P-244,0.0,0.0,0.0,0.0,0.0,0.0,0.0
word_character_graph,40580,CT-124,0.0,0.0,0.0,0.0,1.0,0.0,0.025
word_character_graph,40587,AG-139,0.0,0.0,0.0,0.0,1.0,0.0,0.021739130434782608
word_character_graph,40618,BLR-085,0.0,0.0,0.0,0.0,0.0,0.0,0.0
word_character_graph,40629,M-083,0.0,0.0,0.0,0.0,0.0,0.0,0.0
word_character_graph,40695,P-217,0.0,0.0,0.0,0.0,0.0,0.0,0.0
word_character_graph,40701,SEP-112,0.0,0.0,0.0,0.0,0.0,0.0,0.0
word_character_graph,40707,P-222,0.0,0.0,0.0,0.0,0.0,0.0,0.0
word_character_graph,40711,DOS-167,0.0,0.0,0.0,0.0,0.0,0.0,0.0
word_character_graph,40849,P-340,0.0,0.0,0.0,0.0,0.0,0.0,0.0
word_character_graph,40850,P-122,0.0,0.0,0.0,0.0,0.0,0.0,0.0
word_character_graph,40876,P-395,0.0,0.0,0.0,0.0,0.0,0.0,0.0
word_character_graph,40879,AG-116,0.0,1.0,1.0,1.0,1.0,0.2,0.2
word_character_graph,40944,K-119,0.0,0.0,0.0,0.0,1.0,0.0,0.02564102564102564
word_character_graph,40965,M-125,0.0,0.0,0.0,0.0,0.0,0.0,0.0
word_character_graph,40989,EX-071,0.0,0.0,0.0,0.0,0.0,0.0,0.0
word_character_graph,41019,AG-143,0.0,0.0,0.0,0.0,0.0,0.0,0.0
word_character_graph,41038,HX-104,0.0,0.0,0.0,0.0,0.0,0.0,0.0
word_character_graph,41059,M-037,0.0,0.0,0.0,0.0,0.0,0.0,0.0
word_character_graph,41086,P-215,0.0,0.0,0.0,0.0,1.0,0.0,0.02127659574468085
word_character_graph,41092,HP-099,0.0,0.0,0.0,0.0,0.0,0.0,0.0
word_character_graph,41103,CV-227,0.0,0.0,0.0,0.0,0.0,0.0,0.0
word_character_graph,41120,HV-101,0.0,0.0,0.0,1.0,1.0,0.0,0.08333333333333333
word_character_graph,41141,UF-055,0.0,0.0,0.0,0.0,0.0,0.0,0.0
word_character_graph,41161,DP-005,0.0,0.0,0.0,0.0,0.0,0.0,0.0
word_character_graph,41237,BM-087,0.0,0.0,0.0,0.0,0.0,0.0,0.0
word_character_graph,41330,P-529,0.0,0.0,0.0,0.0,0.0,0.0,0.0
word_character_graph,41398,P-206,0.0,0.0,0.0,0.0,0.0,0.0,0.0
word_character_graph,41417,FM-113,0.0,0.0,0.0,0.0,0.0,0.0,0.0
word_character_graph,41497,DP-088,0.0,0.0,0.0,0.0,0.0,0.0,0.0
word_character_graph,41502,P-156,0.0,0.0,0.0,0.0,0.0,0.0,0.0
word_character_graph,41532,K-241,0.0,0.0,0.0,0.0,0.0,0.0,0.0
word_character_graph,41580,SC-101,0.0,0.0,0.0,0.0,0.0,0.0,0.0
word_character_graph,41596,DC-105,0.0,0.0,0.0,0.0,0.0,0.0,0.0
word_character_graph,41665,M-023,0.0,0.0,0.0,0.0,0.0,0.0,0.0
word_character_graph,41668,P-666,0.0,0.0,0.0,0.0,0.0,0.0,0.0
word_character_graph,41704,F-121,0.0,0.0,0.0,0.0,0.0,0.0,0.0
word_character_graph,41724,HV-052,0.0,0.0,0.0,0.0,0.0,0.0,0.0
word_character_graph,41741,AG-147,0.0,0.0,0.0,0.0,0.0,0.0,0.0
word_character_graph,41788,TRB-007,0.0,0.0,0.0,0.0,0.0,0.0,0.0
word_character_graph,41804,TRB-109,0.0,0.0,0.0,0.0,0.0,0.0,0.0
word_character_graph,41816,K-109,0.0,0.0,0.0,0.0,0.0,0.0,0.0
word_character_graph,41824,K-206,0.0,0.0,0.0,0.0,0.0,0.0,0.0
word_character_graph,41834,AG-005,0.0,0.0,0.0,0.0,0.0,0.0,0.0
word_character_graph,41877,HX-031,0.0,0.0,0.0,0.0,0.0,0.0,0.0
word_character_graph,41958,P-216,0.0,0.0,0.0,0.0,0.0,0.0,0.0
word_character_graph,41976,K-105,0.0,0.0,0.0,0.0,0.0,0.0,0.0
word_character_graph,42017,DC-083,0.0,0.0,0.0,0.0,0.0,0.0,0.0
word_character_graph,42034,CT-063,0.0,0.0,0.0,0.0,0.0,0.0,0.0
word_character_graph,42091,P-269,0.0,0.0,0.0,0.0,0.0,0.0,0.0
word_character_graph,42116,EV-082,0.0,0.0,0.0,0.0,0.0,0.0,0.0
word_character_graph,42125,P-696,0.0,0.0,0.0,0.0,0.0,0.0,0.0
word_character_graph,42165,P-426,0.0,0.0,0.0,0.0,0.0,0.0,0.0
word_character_graph,42256,TK-142,0.0,0.0,0.0,0.0,0.0,0.0,0.0
word_character_graph,42262,P-152,0.0,0.0,0.0,0.0,0.0,0.0,0.0
word_character_graph,42348,SC-110,0.0,0.0,0.0,0.0,0.0,0.0,0.0
word_character_graph,42399,HX-072,0.0,0.0,0.0,0.0,0.0,0.0,0.0
word_character_graph,42426,TK-052,0.0,0.0,0.0,0.0,0.0,0.0,0.0
word_character_graph,42464,HV-036,0.0,0.0,0.0,0.0,0.0,0.0,0.0
word_character_graph,42466,BLR-052,0.0,0.0,0.0,0.0,0.0,0.0,0.0
word_character_graph,42490,AG-143,0.0,0.0,0.0,0.0,0.0,0.0,0.0
word_character_graph,42543,P-342,0.0,0.0,0.0,0.0,0.0,0.0,0.0
word_character_graph,42548,DRY-116,0.0,0.0,0.0,0.0,0.0,0.0,0.0
word_character_graph,42590,F-307,0.0,0.0,0.0,0.0,0.0,0.0,0.0
word_character_graph,42607,CF-067,0.0,0.0,0.0,0.0,0.0,0.0,0.0
word_character_graph,42624,EX-082,0.0,0.0,0.0,0.0,0.0,0.0,0.0
word_character_graph,42677,P-317,0.0,0.0,0.0,0.0,0.0,0.0,0.0
word_character_graph,42684,TK-143,0.0,0.0,0.0,0.0,1.0,0.0,0.02631578947368421
word_character_graph,42707,DRY-086,0.0,0.0,0.0,0.0,0.0,0.0,0.0
word_character_graph,42740,HX-145,0.0,0.0,0.0,0.0,1.0,0.0,0.02631578947368421
word_character_graph,42745,P-316,0.0,0.0,0.0,0.0,0.0,0.0,0.0
word_character_graph,42768,CV-090,0.0,0.0,0.0,0.0,0.0,0.0,0.0
word_character_graph,42787,HX-079,0.0,0.0,0.0,0.0,0.0,0.0,0.0
word_character_graph,42814,P-699,0.0,0.0,0.0,0.0,0.0,0.0,0.0
word_character_graph,42818,K-126,0.0,0.0,0.0,0.0,1.0,0.0,0.022222222222222223
word_character_graph,42826,M-082,0.0,0.0,0.0,0.0,0.0,0.0,0.0
word_character_graph,42845,FM-129,0.0,0.0,0.0,0.0,0.0,0.0,0.0
word_character_graph,42857,P-311,0.0,0.0,0.0,0.0,0.0,0.0,0.0
word_character_graph,42867,BLR-113,0.0,0.0,0.0,0.0,0.0,0.0,0.0
word_character_graph,42912,DOS-059,0.0,0.0,0.0,0.0,0.0,0.0,0.0
word_character_graph,42943,K-191,0.0,0.0,0.0,0.0,0.0,0.0,0.0
word_character_graph,42962,TK-221,0.0,1.0,1.0,1.0,1.0,0.25,0.25
word_character_graph,42978,K-075,0.0,0.0,0.0,0.0,0.0,0.0,0.0
word_character_graph,42981,P-370,0.0,0.0,0.0,0.0,0.0,0.0,0.0
word_character_graph,42997,DC-133,0.0,0.0,0.0,0.0,0.0,0.0,0.0
word_character_graph,42998,R-115,0.0,0.0,0.0,0.0,0.0,0.0,0.0
word_character_graph,43028,M-085,0.0,0.0,1.0,1.0,1.0,0.1111111111111111,0.1111111111111111
word_character_graph,43122,AG-064,0.0,0.0,0.0,0.0,0.0,0.0,0.0
word_character_graph,43125,P-322,0.0,0.0,0.0,0.0,0.0,0.0,0.0
word_character_graph,43141,P-539,0.0,0.0,0.0,0.0,0.0,0.0,0.0
word_character_graph,43187,K-017,0.0,0.0,0.0,0.0,0.0,0.0,0.0
word_character_graph,43207,M-136,0.0,0.0,0.0,0.0,0.0,0.0,0.0
word_character_graph,43217,P-235,0.0,0.0,0.0,0.0,0.0,0.0,0.0
word_character_graph,43266,P-420,0.0,0.0,0.0,0.0,0.0,0.0,0.0
word_character_graph,43285,TK-054,0.0,0.0,0.0,0.0,0.0,0.0,0.0
word_character_graph,43290,EX-062,0.0,0.0,0.0,0.0,0.0,0.0,0.0
word_character_graph,43324,TK-078,0.0,0.0,0.0,0.0,0.0,0.0,0.0
word_character_graph,43520,AG-040,0.0,0.0,0.0,0.0,0.0,0.0,0.0
word_character_graph,43543,SC-118,0.0,0.0,0.0,0.0,0.0,0.0,0.0
word_character_graph,43593,TK-125,0.0,0.0,0.0,0.0,0.0,0.0,0.0
word_character_graph,43601,CT-114,0.0,0.0,0.0,0.0,0.0,0.0,0.0
word_character_graph,43633,GB-211,0.0,0.0,0.0,0.0,0.0,0.0,0.0
word_character_graph,43671,BLR-131,0.0,0.0,0.0,0.0,0.0,0.0,0.0
word_character_graph,43695,CF-030,0.0,0.0,0.0,0.0,0.0,0.0,0.0
word_character_graph,43768,P-410,0.0,0.0,0.0,0.0,0.0,0.0,0.0
word_character_graph,43769,K-075,0.0,0.0,0.0,0.0,0.0,0.0,0.0
word_character_graph,43774,GB-087,0.0,0.0,0.0,0.0,0.0,0.0,0.0
word_character_graph,43793,HP-033,0.0,0.0,0.0,0.0,0.0,0.0,0.0
word_character_graph,43808,TK-139,0.0,0.0,0.0,0.0,0.0,0.0,0.0
word_character_graph,43815,HP-055,0.0,0.0,0.0,0.0,0.0,0.0,0.0
word_character_graph,43816,DC-110,0.0,0.0,0.0,0.0,0.0,0.0,0.0
word_character_graph,43819,HX-351,0.0,0.0,0.0,0.0,0.0,0.0,0.0
word_character_graph,43855,TK-208,0.0,0.0,0.0,0.0,0.0,0.0,0.0
word_character_graph,43858,CF-039,0.0,0.0,0.0,0.0,1.0,0.0,0.021739130434782608
word_character_graph,43862,TK-137,0.0,0.0,0.0,0.0,0.0,0.0,0.0
word_character_graph,43985,P-521,0.0,0.0,0.0,0.0,0.0,0.0,0.0
word_character_graph,44072,GT-143,0.0,0.0,0.0,0.0,0.0,0.0,0.0
word_character_graph,44095,R-005,0.0,0.0,0.0,0.0,0.0,0.0,0.0
word_character_graph,44133,TK-237,0.0,0.0,0.0,0.0,0.0,0.0,0.0
word_character_graph,44145,HX-145,0.0,0.0,0.0,0.0,0.0,0.0,0.0
word_character_graph,44191,HX-015,0.0,0.0,1.0,1.0,1.0,0.14285714285714285,0.14285714285714285
word_character_graph,44204,BLR-135,0.0,0.0,0.0,0.0,0.0,0.0,0.0
word_character_graph,44241,AG-061,0.0,0.0,0.0,0.0,0.0,0.0,0.0
word_character_graph,44293,R-090,0.0,0.0,0.0,0.0,0.0,0.0,0.0
word_character_graph,44312,SEP-111,0.0,0.0,0.0,0.0,0.0,0.0,0.0
word_character_graph,44319,GB-129,0.0,0.0,0.0,0.0,0.0,0.0,0.0
word_character_graph,44330,CV-342,0.0,0.0,0.0,0.0,0.0,0.0,0.0
word_character_graph,44343,GB-091,0.0,0.0,0.0,0.0,0.0,0.0,0.0
word_character_graph,44366,K-261,0.0,0.0,0.0,0.0,0.0,0.0,0.0
word_character_graph,44374,EV-131,0.0,0.0,0.0,0.0,0.0,0.0,0.0
word_character_graph,44424,R-119,0.0,0.0,0.0,0.0,0.0,0.0,0.0
word_character_graph,44435,TK-101,0.0,0.0,0.0,0.0,0.0,0.0,0.0
word_character_graph,44523,GB-091,0.0,0.0,0.0,0.0,0.0,0.0,0.0
word_character_graph,44572,P-240,0.0,0.0,0.0,0.0,0.0,0.0,0.0
word_character_graph,44576,TK-330,0.0,0.0,0.0,0.0,0.0,0.0,0.0
word_character_graph,44610,BM-131,0.0,0.0,0.0,0.0,0.0,0.0,0.0
word_character_graph,44625,HX-009,0.0,0.0,0.0,0.0,0.0,0.0,0.0
word_character_graph,44639,SEP-110,0.0,0.0,0.0,0.0,0.0,0.0,0.0
word_character_graph,44662,M-074,0.0,0.0,0.0,0.0,0.0,0.0,0.0
word_character_graph,44735,M-112,0.0,0.0,0.0,0.0,0.0,0.0,0.0
word_character_graph,44740,M-127,0.0,0.0,0.0,0.0,0.0,0.0,0.0
word_character_graph,44851,AG-119,0.0,0.0,0.0,0.0,0.0,0.0,0.0
word_character_graph,44886,CV-318,0.0,0.0,0.0,0.0,0.0,0.0,0.0
word_character_graph,44946,HX-081,0.0,0.0,0.0,0.0,0.0,0.0,0.0
word_character_graph,44991,HP-073,0.0,0.0,0.0,0.0,0.0,0.0,0.0
word_character_graph,44999,P-448,0.0,0.0,0.0,0.0,0.0,0.0,0.0
word_character_graph,45013,RLP-103,0.0,0.0,0.0,0.0,0.0,0.0,0.0
word_character_graph,45026,GB-046,0.0,0.0,0.0,0.0,0.0,0.0,0.0
word_character_graph,45038,P-424,0.0,0.0,0.0,0.0,0.0,0.0,0.0
word_character_graph,45055,F-145,0.0,0.0,0.0,1.0,1.0,0.0,0.07692307692307693
word_character_graph,45095,K-143,0.0,0.0,0.0,0.0,0.0,0.0,0.0
word_character_graph,45097,AG-074,0.0,0.0,0.0,0.0,0.0,0.0,0.0
word_character_graph,45112,P-200,0.0,0.0,0.0,0.0,0.0,0.0,0.0
word_character_graph,45155,P-294,0.0,0.0,0.0,0.0,0.0,0.0,0.0
word_character_graph,45169,AG-053,0.0,0.0,0.0,0.0,0.0,0.0,0.0
word_character_graph,45172,FM-018,0.0,0.0,0.0,0.0,0.0,0.0,0.0
word_character_graph,45185,P-561,0.0,0.0,0.0,0.0,0.0,0.0,0.0
word_character_graph,45238,M-124,0.0,0.0,0.0,0.0,0.0,0.0,0.0
word_character_graph,45244,FM-140,0.0,0.0,0.0,0.0,0.0,0.0,0.0
word_character_graph,45320,P-532,0.0,0.0,0.0,0.0,0.0,0.0,0.0
word_character_graph,45363,P-111,0.0,0.0,0.0,0.0,0.0,0.0,0.0
word_character_graph,45427,P-262,0.0,0.0,0.0,0.0,0.0,0.0,0.0
word_character_graph,45442,HX-031,0.0,0.0,0.0,0.0,0.0,0.0,0.0
word_character_graph,45515,DOS-145,0.0,0.0,0.0,0.0,0.0,0.0,0.0
word_character_graph,45525,K-080,0.0,0.0,0.0,0.0,0.0,0.0,0.0
word_character_graph,45565,GS-129,0.0,0.0,0.0,0.0,0.0,0.0,0.0
word_character_graph,45602,SC-137,0.0,0.0,0.0,0.0,0.0,0.0,0.0
word_character_graph,45671,R-041,0.0,0.0,0.0,0.0,0.0,0.0,0.0
word_character_graph,45746,GT-073,0.0,0.0,0.0,0.0,0.0,0.0,0.0
word_character_graph,45760,TRB-040,0.0,0.0,0.0,0.0,0.0,0.0,0.0
word_character_graph,45811,TK-041,0.0,0.0,0.0,0.0,0.0,0.0,0.0
word_character_graph,45814,P-338,0.0,0.0,0.0,0.0,0.0,0.0,0.0
word_character_graph,45837,K-335,0.0,0.0,0.0,0.0,0.0,0.0,0.0
word_character_graph,45852,P-270,0.0,0.0,0.0,0.0,0.0,0.0,0.0
word_character_graph,45864,HX-212,0.0,0.0,0.0,0.0,0.0,0.0,0.0
word_character_graph,45872,GB-130,0.0,0.0,0.0,0.0,0.0,0.0,0.0
word_character_graph,45909,P-307,0.0,0.0,0.0,0.0,0.0,0.0,0.0
word_character_graph,45947,BM-121,0.0,0.0,0.0,0.0,0.0,0.0,0.0
word_character_graph,45953,AG-062,0.0,0.0,0.0,0.0,0.0,0.0,0.0
word_character_graph,45966,EV-125,0.0,0.0,0.0,0.0,0.0,0.0,0.0
word_character_graph,46031,R-015,0.0,0.0,0.0,0.0,0.0,0.0,0.0
word_character_graph,46036,TK-143,0.0,0.0,0.0,0.0,0.0,0.0,0.0
word_character_graph,46041,R-010,0.0,0.0,0.0,0.0,0.0,0.0,0.0
word_character_graph,46053,K-103,0.0,0.0,0.0,0.0,0.0,0.0,0.0
word_character_graph,46079,DP-068,0.0,0.0,0.0,0.0,0.0,0.0,0.0
word_character_graph,46080,GB-051,0.0,0.0,0.0,0.0,0.0,0.0,0.0
word_character_graph,46092,HX-168,0.0,0.0,0.0,0.0,0.0,0.0,0.0
word_character_graph,46138,AG-058,0.0,0.0,0.0,0.0,1.0,0.0,0.043478260869565216
word_character_graph,46188,TK-022,0.0,0.0,0.0,0.0,0.0,0.0,0.0
word_character_graph,46216,P-552,0.0,0.0,0.0,0.0,0.0,0.0,0.0
word_character_graph,46250,FM-096,0.0,0.0,0.0,0.0,0.0,0.0,0.0
word_character_graph,46268,P-248,0.0,0.0,0.0,0.0,0.0,0.0,0.0
word_character_graph,46279,M-113,0.0,0.0,0.0,0.0,0.0,0.0,0.0
word_character_graph,46299,P-740,0.0,0.0,0.0,0.0,0.0,0.0,0.0
word_character_graph,46320,F-147,0.0,0.0,0.0,0.0,1.0,0.0,0.034482758620689655
word_character_graph,46355,DC-073,0.0,0.0,0.0,0.0,0.0,0.0,0.0
word_character_graph,46361,SC-028,0.0,0.0,0.0,0.0,0.0,0.0,0.0
word_character_graph,46375,EX-098,0.0,0.0,0.0,0.0,0.0,0.0,0.0
word_character_graph,46393,K-085,0.0,0.0,0.0,0.0,0.0,0.0,0.0
word_character_graph,46417,DC-116,0.0,0.0,0.0,0.0,0.0,0.0,0.0
word_character_graph,46434,P-644,0.0,0.0,0.0,0.0,0.0,0.0,0.0
word_character_graph,46458,K-059,0.0,0.0,0.0,0.0,0.0,0.0,0.0
word_character_graph,46503,FCC-084,0.0,0.0,0.0,0.0,0.0,0.0,0.0
word_character_graph,46506,P-105,0.0,0.0,0.0,0.0,0.0,0.0,0.0
word_character_graph,46513,AG-027,0.0,0.0,0.0,0.0,0.0,0.0,0.0
word_character_graph,46582,TK-158,0.0,0.0,0.0,0.0,0.0,0.0,0.0
word_character_graph,46600,K-086,0.0,0.0,0.0,0.0,0.0,0.0,0.0
word_character_graph,46625,FM-087,0.0,0.0,0.0,0.0,0.0,0.0,0.0
word_character_graph,46626,SD-014,0.0,0.0,0.0,0.0,1.0,0.0,0.04
word_character_graph,46640,GB-114,0.0,0.0,0.0,0.0,0.0,0.0,0.0
word_character_graph,46674,DOS-043,0.0,0.0,0.0,0.0,0.0,0.0,0.0
word_character_graph,46690,HX-129,0.0,0.0,0.0,0.0,0.0,0.0,0.0
word_character_graph,46705,M-085,0.0,0.0,0.0,0.0,1.0,0.0,0.045454545454545456
word_character_graph,46709,DOS-129,0.0,0.0,0.0,0.0,1.0,0.0,0.034482758620689655
word_character_graph,46728,EX-053,0.0,0.0,0.0,0.0,0.0,0.0,0.0
word_character_graph,46751,FM-116,0.0,0.0,0.0,0.0,0.0,0.0,0.0
word_character_graph,46766,AG-035,0.0,0.0,0.0,0.0,0.0,0.0,0.0
word_character_graph,46790,CF-043,0.0,0.0,0.0,0.0,0.0,0.0,0.0
word_character_graph,46826,HX-095,0.0,0.0,0.0,0.0,0.0,0.0,0.0
word_character_graph,46841,EX-125,0.0,0.0,0.0,0.0,0.0,0.0,0.0
word_character_graph,46875,P-229,0.0,0.0,0.0,0.0,0.0,0.0,0.0
word_character_graph,46908,P-332,0.0,0.0,0.0,0.0,0.0,0.0,0.0
word_character_graph,46960,M-110,0.0,0.0,0.0,0.0,0.0,0.0,0.0
word_character_graph,46976,K-098,0.0,0.0,0.0,0.0,0.0,0.0,0.0
word_character_graph,47033,TK-047,0.0,0.0,0.0,0.0,0.0,0.0,0.0
word_character_graph,47102,CV-093,0.0,0.0,0.0,0.0,0.0,0.0,0.0
word_character_graph,47172,HV-141,0.0,0.0,0.0,0.0,0.0,0.0,0.0
word_character_graph,47180,P-244,0.0,0.0,0.0,0.0,0.0,0.0,0.0
word_character_graph,47244,P-117,0.0,0.0,1.0,1.0,1.0,0.1111111111111111,0.1111111111111111
word_character_graph,47296,CF-068,0.0,0.0,0.0,0.0,0.0,0.0,0.0
word_character_graph,47325,BM-142,0.0,0.0,0.0,0.0,0.0,0.0,0.0
word_character_graph,47335,CF-117,0.0,0.0,0.0,0.0,0.0,0.0,0.0
word_character_graph,47355,TK-185,0.0,0.0,0.0,0.0,0.0,0.0,0.0
word_character_graph,47394,P-742,0.0,0.0,0.0,0.0,0.0,0.0,0.0
word_character_graph,47474,FM-054,0.0,0.0,0.0,0.0,0.0,0.0,0.0
word_character_graph,47534,TK-104,0.0,0.0,0.0,0.0,0.0,0.0,0.0
word_character_graph,47568,P-609,0.0,0.0,0.0,0.0,0.0,0.0,0.0
word_character_graph,47579,SEP-085,0.0,0.0,0.0,0.0,0.0,0.0,0.0
word_character_graph,47593,F-048,0.0,0.0,0.0,0.0,0.0,0.0,0.0
word_character_graph,47602,FM-015,0.0,0.0,0.0,0.0,0.0,0.0,0.0
word_character_graph,47616,K-021,0.0,0.0,0.0,0.0,0.0,0.0,0.0
word_character_graph,47620,F-017,0.0,0.0,0.0,0.0,0.0,0.0,0.0
word_character_graph,47635,P-331,0.0,0.0,0.0,0.0,0.0,0.0,0.0
word_character_graph,47674,TK-134,0.0,0.0,0.0,0.0,1.0,0.0,0.043478260869565216
word_character_graph,47695,BM-059,0.0,0.0,0.0,0.0,0.0,0.0,0.0
word_character_graph,47699,P-154,0.0,0.0,0.0,0.0,0.0,0.0,0.0
word_character_graph,47755,P-344,0.0,0.0,0.0,0.0,0.0,0.0,0.0
word_character_graph,47811,F-120,0.0,0.0,0.0,0.0,0.0,0.0,0.0
word_character_graph,47848,P-179,0.0,0.0,0.0,0.0,0.0,0.0,0.0
word_character_graph,47876,AG-098,0.0,0.0,0.0,0.0,0.0,0.0,0.0
word_character_graph,47978,RLP-050,0.0,0.0,0.0,0.0,0.0,0.0,0.0
word_character_graph,48020,DOS-084,0.0,0.0,0.0,0.0,0.0,0.0,0.0
word_character_graph,48039,K-027,0.0,0.0,0.0,0.0,0.0,0.0,0.0
word_character_graph,48093,DRY-019,0.0,0.0,0.0,1.0,1.0,0.0,0.06666666666666667
word_character_graph,48104,EV-076,0.0,0.0,0.0,0.0,0.0,0.0,0.0
word_character_graph,48181,DOS-133,0.0,0.0,0.0,0.0,0.0,0.0,0.0
word_character_graph,48191,P-658,0.0,0.0,0.0,0.0,0.0,0.0,0.0
word_character_graph,48197,EX-109,0.0,0.0,0.0,0.0,0.0,0.0,0.0
word_character_graph,48208,F-143,0.0,0.0,0.0,0.0,0.0,0.0,0.0
word_character_graph,48223,EX-109,0.0,0.0,0.0,0.0,0.0,0.0,0.0
word_character_graph,48271,TK-148,0.0,0.0,1.0,1.0,1.0,0.1,0.1
word_character_graph,48326,P-180,0.0,0.0,0.0,0.0,0.0,0.0,0.0
word_character_graph,48371,P-198,0.0,0.0,0.0,0.0,0.0,0.0,0.0
word_character_graph,48417,HV-210,0.0,0.0,0.0,0.0,0.0,0.0,0.0
word_character_graph,48443,GB-006,0.0,0.0,0.0,0.0,0.0,0.0,0.0
word_character_graph,48569,DC-069,0.0,0.0,0.0,0.0,0.0,0.0,0.0
word_character_graph,48570,RLP-136,0.0,0.0,0.0,0.0,0.0,0.0,0.0
word_character_graph,48636,AG-107,0.0,0.0,0.0,0.0,0.0,0.0,0.0
word_character_graph,48730,DOS-027,0.0,0.0,0.0,0.0,1.0,0.0,0.02564102564102564
word_character_graph,48751,FCC-051,0.0,0.0,0.0,0.0,0.0,0.0,0.0
word_character_graph,48772,K-051,0.0,0.0,0.0,0.0,0.0,0.0,0.0
word_character_graph,48774,DP-057,0.0,0.0,0.0,0.0,0.0,0.0,0.0
word_character_graph,48809,M-068,0.0,0.0,0.0,0.0,1.0,0.0,0.04
word_character_graph,48839,FM-147,0.0,0.0,0.0,0.0,0.0,0.0,0.0
word_character_graph,48895,P-176,0.0,0.0,0.0,0.0,0.0,0.0,0.0
word_character_graph,48910,HX-049,0.0,0.0,0.0,0.0,0.0,0.0,0.0
word_character_graph,48983,GB-027,0.0,0.0,0.0,0.0,0.0,0.0,0.0
word_character_graph,48989,HX-041,0.0,0.0,0.0,0.0,0.0,0.0,0.0
word_character_graph,49014,CR-123,0.0,0.0,0.0,0.0,0.0,0.0,0.0
word_character_graph,49035,SEP-020,0.0,0.0,0.0,0.0,0.0,0.0,0.0
word_character_graph,49101,TK-338,0.0,0.0,0.0,0.0,0.0,0.0,0.0
word_character_graph,49144,GB-082,0.0,0.0,0.0,0.0,0.0,0.0,0.0
word_character_graph,49203,R-024,0.0,0.0,0.0,0.0,0.0,0.0,0.0
word_character_graph,49323,AG-031,0.0,0.0,0.0,0.0,0.0,0.0,0.0
word_character_graph,49357,K-101,0.0,0.0,0.0,0.0,0.0,0.0,0.0
word_character_graph,49362,DRY-006,0.0,0.0,0.0,0.0,0.0,0.0,0.0
word_character_graph,49363,P-108,0.0,0.0,0.0,0.0,0.0,0.0,0.0
word_character_graph,49373,HX-329,0.0,0.0,0.0,0.0,1.0,0.0,0.041666666666666664
word_character_graph,49392,TK-131,0.0,0.0,0.0,0.0,0.0,0.0,0.0
word_character_graph,49395,F-054,0.0,0.0,0.0,0.0,0.0,0.0,0.0
word_character_graph,49401,BLR-011,0.0,0.0,0.0,0.0,0.0,0.0,0.0
word_character_graph,49412,GB-128,0.0,0.0,0.0,0.0,0.0,0.0,0.0
word_character_graph,49460,M-082,0.0,0.0,0.0,0.0,0.0,0.0,0.0
word_character_graph,49478,R-063,0.0,0.0,0.0,0.0,0.0,0.0,0.0
word_character_graph,49492,CV-133,1.0,1.0,1.0,1.0,1.0,1.0,1.0
word_character_graph,49502,TK-006,0.0,0.0,0.0,0.0,0.0,0.0,0.0
word_character_graph,49522,P-367,0.0,0.0,0.0,0.0,0.0,0.0,0.0
word_character_graph,49537,M-071,0.0,0.0,0.0,0.0,1.0,0.0,0.02127659574468085
word_character_graph,49574,EX-238,0.0,0.0,0.0,0.0,0.0,0.0,0.0
word_character_graph,49581,K-121,0.0,0.0,0.0,0.0,0.0,0.0,0.0
word_character_graph,49611,TK-062,0.0,0.0,0.0,0.0,1.0,0.0,0.02127659574468085
word_character_graph,49635,DC-022,0.0,0.0,0.0,0.0,0.0,0.0,0.0
word_character_graph,49655,M-022,0.0,0.0,0.0,0.0,1.0,0.0,0.030303030303030304
word_character_graph,49773,TK-205,0.0,0.0,0.0,0.0,0.0,0.0,0.0
word_character_graph,49796,P-246,0.0,0.0,0.0,0.0,0.0,0.0,0.0
word_character_graph,49878,F-032,0.0,0.0,0.0,0.0,0.0,0.0,0.0
word_character_graph,49911,P-328,0.0,0.0,0.0,0.0,0.0,0.0,0.0
word_character_graph,49938,TK-071,0.0,0.0,0.0,0.0,0.0,0.0,0.0
